ISO-10303-21;
HEADER;
/* Generated by software containing ST-Developer
 * from STEP Tools, Inc. (www.steptools.com) 
 */
/* OPTION: using custom renumber hook */

FILE_DESCRIPTION(
/* description */ (
'CAx-IF Rec.Pracs.---Representation and Presentation of Product Manufa
cturing Information (PMI)---4.0---2014-10-13',
'CAx-IF Rec.Pracs.---3D Tessellated Geometry---0.4---2014-09-14','2;1'),

/* implementation_level */ '2;1');

FILE_NAME(
/* name */ 'OOM-E03-03-exported',
/* time_stamp */ '2026-08-08T06:28:45+03:00',
/* author */ (''),
/* organization */ (''),
/* preprocessor_version */ 'ST-DEVELOPER v18.102',
/* originating_system */ 'SIEMENS PLM Software NX2206.9140',
/* authorisation */ $);

FILE_SCHEMA (('AP242_MANAGED_MODEL_BASED_3D_ENGINEERING_MIM_LF { 1 0 10303 442 3 1 4 }'));
ENDSEC;

DATA;
#10=DEFAULT_MODEL_GEOMETRIC_VIEW('','',#53,#27,'','',#7631,*);
#11=MECHANICAL_DESIGN_AND_DRAUGHTING_RELATIONSHIP('','',#19,#20);
#12=MECHANICAL_DESIGN_AND_DRAUGHTING_RELATIONSHIP('','',#21,#20);
#13=MECHANICAL_DESIGN_AND_DRAUGHTING_RELATIONSHIP('','',#22,#20);
#14=MECHANICAL_DESIGN_AND_DRAUGHTING_RELATIONSHIP('','',#23,#20);
#15=MECHANICAL_DESIGN_AND_DRAUGHTING_RELATIONSHIP('','',#24,#20);
#16=MECHANICAL_DESIGN_AND_DRAUGHTING_RELATIONSHIP('','',#25,#20);
#17=MECHANICAL_DESIGN_AND_DRAUGHTING_RELATIONSHIP('','',#26,#20);
#18=MECHANICAL_DESIGN_AND_DRAUGHTING_RELATIONSHIP('','',#27,#20);
#19=DRAUGHTING_MODEL('Top',(#46,#37),#7626);
#20=DRAUGHTING_MODEL('',(#38),#7626);
#21=DRAUGHTING_MODEL('Front',(#47,#39),#7626);
#22=DRAUGHTING_MODEL('Right',(#48,#40),#7626);
#23=DRAUGHTING_MODEL('Back',(#49,#41),#7626);
#24=DRAUGHTING_MODEL('Bottom',(#50,#42),#7626);
#25=DRAUGHTING_MODEL('Left',(#51,#43),#7626);
#26=DRAUGHTING_MODEL('Isometric',(#52,#44),#7626);
#27=DRAUGHTING_MODEL('Trimetric',(#53,#45),#7626);
#28=REPRESENTATION_MAP(#4374,#71);
#29=REPRESENTATION_MAP(#4374,#71);
#30=REPRESENTATION_MAP(#4374,#71);
#31=REPRESENTATION_MAP(#4374,#71);
#32=REPRESENTATION_MAP(#4374,#71);
#33=REPRESENTATION_MAP(#4374,#71);
#34=REPRESENTATION_MAP(#4374,#71);
#35=REPRESENTATION_MAP(#4374,#71);
#36=REPRESENTATION_MAP(#4374,#71);
#37=MAPPED_ITEM('',#28,#4374);
#38=MAPPED_ITEM('',#29,#4374);
#39=MAPPED_ITEM('',#30,#4374);
#40=MAPPED_ITEM('',#31,#4374);
#41=MAPPED_ITEM('',#32,#4374);
#42=MAPPED_ITEM('',#33,#4374);
#43=MAPPED_ITEM('',#34,#4374);
#44=MAPPED_ITEM('',#35,#4374);
#45=MAPPED_ITEM('',#36,#4374);
#46=CAMERA_MODEL_D3('Top',#4742,#54);
#47=CAMERA_MODEL_D3('Front',#4744,#55);
#48=CAMERA_MODEL_D3('Right',#4746,#56);
#49=CAMERA_MODEL_D3('Back',#4748,#57);
#50=CAMERA_MODEL_D3('Bottom',#4750,#58);
#51=CAMERA_MODEL_D3('Left',#4752,#59);
#52=CAMERA_MODEL_D3('Isometric',#4754,#60);
#53=CAMERA_MODEL_D3('Trimetric',#4756,#61);
#54=VIEW_VOLUME(.PARALLEL.,#7602,55.3630981445313,0.,.F.,0.,.F.,.F.,#62);
#55=VIEW_VOLUME(.PARALLEL.,#7605,36.577564239502,0.,.F.,0.,.F.,.F.,#63);
#56=VIEW_VOLUME(.PARALLEL.,#7608,35.3178405761719,0.,.F.,0.,.F.,.F.,#64);
#57=VIEW_VOLUME(.PARALLEL.,#7611,36.577564239502,0.,.F.,0.,.F.,.F.,#65);
#58=VIEW_VOLUME(.PARALLEL.,#7614,55.3630981445313,0.,.F.,0.,.F.,.F.,#66);
#59=VIEW_VOLUME(.PARALLEL.,#7617,35.3178405761719,0.,.F.,0.,.F.,.F.,#67);
#60=VIEW_VOLUME(.PARALLEL.,#7620,58.1479746086319,0.,.F.,0.,.F.,.F.,#68);
#61=VIEW_VOLUME(.PARALLEL.,#7623,49.5060459451464,0.,.F.,0.,.F.,.F.,#69);
#62=PLANAR_BOX('',27.6071413267546,27.6071413267546,#4743);
#63=PLANAR_BOX('',18.2396220441309,18.2396220441309,#4745);
#64=PLANAR_BOX('',17.6114532751899,17.6114532751899,#4747);
#65=PLANAR_BOX('',18.2396220441309,18.2396220441309,#4749);
#66=PLANAR_BOX('',27.6071413267546,27.6071413267546,#4751);
#67=PLANAR_BOX('',17.6114532751899,17.6114532751899,#4753);
#68=PLANAR_BOX('',28.995836697835,28.995836697835,#4755);
#69=PLANAR_BOX('',24.6864870778816,24.6864870778816,#4757);
#70=SHAPE_REPRESENTATION_RELATIONSHIP('','',#4373,#71);
#71=ADVANCED_BREP_SHAPE_REPRESENTATION('',(#4370,#4371),#7626);
#72=TOROIDAL_SURFACE('',#4564,0.4,0.2);
#73=TOROIDAL_SURFACE('',#4567,0.4,0.2);
#74=TOROIDAL_SURFACE('',#4578,0.4,0.2);
#75=TOROIDAL_SURFACE('',#4582,0.4,0.2);
#76=TOROIDAL_SURFACE('',#4616,0.4,0.2);
#77=TOROIDAL_SURFACE('',#4622,0.4,0.2);
#78=TOROIDAL_SURFACE('',#4650,0.4,0.2);
#79=TOROIDAL_SURFACE('',#4670,0.4,0.2);
#80=TOROIDAL_SURFACE('',#4672,0.4,0.2);
#81=TOROIDAL_SURFACE('',#4684,0.4,0.2);
#82=SPHERICAL_SURFACE('',#4509,0.4);
#83=SPHERICAL_SURFACE('',#4539,0.4);
#84=SPHERICAL_SURFACE('',#4580,0.2);
#85=SPHERICAL_SURFACE('',#4590,0.2);
#86=SPHERICAL_SURFACE('',#4592,0.2);
#87=SPHERICAL_SURFACE('',#4602,0.2);
#88=SPHERICAL_SURFACE('',#4604,0.2);
#89=SPHERICAL_SURFACE('',#4614,0.2);
#90=SPHERICAL_SURFACE('',#4632,0.2);
#91=SPHERICAL_SURFACE('',#4645,0.2);
#92=SPHERICAL_SURFACE('',#4647,0.2);
#93=SPHERICAL_SURFACE('',#4666,0.2);
#94=SPHERICAL_SURFACE('',#4668,0.2);
#95=SPHERICAL_SURFACE('',#4682,0.2);
#96=(
BOUNDED_SURFACE()
B_SPLINE_SURFACE(3,2,((#6932,#6933,#6934),(#6935,#6936,#6937),(#6938,#6939,
#6940),(#6941,#6942,#6943),(#6944,#6945,#6946)),.UNSPECIFIED.,.F.,.F.,.F.)
B_SPLINE_SURFACE_WITH_KNOTS((4,1,4),(3,3),(0.00296726452996041,0.00614006642498849,
0.00931286832001658),(0.,1.),.UNSPECIFIED.)
GEOMETRIC_REPRESENTATION_ITEM()
RATIONAL_B_SPLINE_SURFACE(((1.,0.707106781186546,1.),(1.,0.707106781186546,
1.),(1.,0.70710678118655,1.),(1.,0.707106781186547,1.),(1.,0.707106781186547,
1.)))
REPRESENTATION_ITEM('')
SURFACE()
);
#97=(
BOUNDED_SURFACE()
B_SPLINE_SURFACE(3,2,((#6948,#6949,#6950),(#6951,#6952,#6953),(#6954,#6955,
#6956),(#6957,#6958,#6959)),.UNSPECIFIED.,.F.,.F.,.F.)
B_SPLINE_SURFACE_WITH_KNOTS((4,4),(3,3),(0.00284503000499173,0.00657508433050041),
(0.,1.),.PIECEWISE_BEZIER_KNOTS.)
GEOMETRIC_REPRESENTATION_ITEM()
RATIONAL_B_SPLINE_SURFACE(((1.,0.729563141687248,1.),(1.,0.738974753817963,
1.),(1.,0.752510864218795,1.),(1.,0.772405676610474,1.)))
REPRESENTATION_ITEM('')
SURFACE()
);
#98=(
BOUNDED_SURFACE()
B_SPLINE_SURFACE(3,2,((#7200,#7201,#7202),(#7203,#7204,#7205),(#7206,#7207,
#7208),(#7209,#7210,#7211),(#7212,#7213,#7214)),.UNSPECIFIED.,.F.,.F.,.F.)
B_SPLINE_SURFACE_WITH_KNOTS((4,1,4),(3,3),(0.00296726452996041,0.00614006642498849,
0.00931286832001658),(0.,1.),.UNSPECIFIED.)
GEOMETRIC_REPRESENTATION_ITEM()
RATIONAL_B_SPLINE_SURFACE(((1.,0.707106781186546,1.),(1.,0.707106781186546,
1.),(1.,0.70710678118655,1.),(1.,0.707106781186547,1.),(1.,0.707106781186547,
1.)))
REPRESENTATION_ITEM('')
SURFACE()
);
#99=(
BOUNDED_SURFACE()
B_SPLINE_SURFACE(3,2,((#7216,#7217,#7218),(#7219,#7220,#7221),(#7222,#7223,
#7224),(#7225,#7226,#7227)),.UNSPECIFIED.,.F.,.F.,.F.)
B_SPLINE_SURFACE_WITH_KNOTS((4,4),(3,3),(0.00284503000499173,0.00657508433050041),
(0.,1.),.PIECEWISE_BEZIER_KNOTS.)
GEOMETRIC_REPRESENTATION_ITEM()
RATIONAL_B_SPLINE_SURFACE(((1.,0.729563141687247,1.),(1.,0.738974753820171,
1.),(1.,0.752510864212527,1.),(1.,0.772405676610476,1.)))
REPRESENTATION_ITEM('')
SURFACE()
);
#100=B_SPLINE_SURFACE_WITH_KNOTS('',3,1,((#6773,#6774),(#6775,#6776),(#6777,
#6778),(#6779,#6780),(#6781,#6782)),.SURF_OF_LINEAR_EXTRUSION.,.F.,.F.,
 .F.,(4,1,4),(2,2),(0.,0.5,1.),(0.,1.),.UNSPECIFIED.);
#101=B_SPLINE_SURFACE_WITH_KNOTS('',3,1,((#6806,#6807),(#6808,#6809),(#6810,
#6811),(#6812,#6813)),.SURF_OF_LINEAR_EXTRUSION.,.F.,.F.,.F.,(4,4),(2,2),
(0.,1.),(0.,1.),.PIECEWISE_BEZIER_KNOTS.);
#102=B_SPLINE_SURFACE_WITH_KNOTS('',3,1,((#6843,#6844),(#6845,#6846),(#6847,
#6848),(#6849,#6850)),.SURF_OF_LINEAR_EXTRUSION.,.F.,.F.,.F.,(4,4),(2,2),
(0.,1.00599999831427),(0.,1.),.PIECEWISE_BEZIER_KNOTS.);
#103=B_SPLINE_SURFACE_WITH_KNOTS('',3,1,((#6880,#6881),(#6882,#6883),(#6884,
#6885),(#6886,#6887)),.SURF_OF_LINEAR_EXTRUSION.,.F.,.F.,.F.,(4,4),(2,2),
(0.276308262462364,0.989904359312654),(0.,1.),.PIECEWISE_BEZIER_KNOTS.);
#104=B_SPLINE_SURFACE_WITH_KNOTS('',3,1,((#6903,#6904),(#6905,#6906),(#6907,
#6908),(#6909,#6910),(#6911,#6912)),.SURF_OF_LINEAR_EXTRUSION.,.F.,.F.,
 .F.,(4,1,4),(2,2),(0.208230827461773,0.598776785606017,0.989322743750261),
(0.,1.),.UNSPECIFIED.);
#105=B_SPLINE_SURFACE_WITH_KNOTS('',3,1,((#7041,#7042),(#7043,#7044),(#7045,
#7046),(#7047,#7048),(#7049,#7050)),.SURF_OF_LINEAR_EXTRUSION.,.F.,.F.,
 .F.,(4,1,4),(2,2),(0.,0.5,1.),(0.,1.),.UNSPECIFIED.);
#106=B_SPLINE_SURFACE_WITH_KNOTS('',3,1,((#7074,#7075),(#7076,#7077),(#7078,
#7079),(#7080,#7081)),.SURF_OF_LINEAR_EXTRUSION.,.F.,.F.,.F.,(4,4),(2,2),
(0.,1.),(0.,1.),.PIECEWISE_BEZIER_KNOTS.);
#107=B_SPLINE_SURFACE_WITH_KNOTS('',3,1,((#7111,#7112),(#7113,#7114),(#7115,
#7116),(#7117,#7118)),.SURF_OF_LINEAR_EXTRUSION.,.F.,.F.,.F.,(4,4),(2,2),
(0.,1.00599999831427),(0.,1.),.PIECEWISE_BEZIER_KNOTS.);
#108=B_SPLINE_SURFACE_WITH_KNOTS('',3,1,((#7148,#7149),(#7150,#7151),(#7152,
#7153),(#7154,#7155)),.SURF_OF_LINEAR_EXTRUSION.,.F.,.F.,.F.,(4,4),(2,2),
(0.276308262462364,0.989904359312654),(0.,1.),.PIECEWISE_BEZIER_KNOTS.);
#109=B_SPLINE_SURFACE_WITH_KNOTS('',3,1,((#7171,#7172),(#7173,#7174),(#7175,
#7176),(#7177,#7178),(#7179,#7180)),.SURF_OF_LINEAR_EXTRUSION.,.F.,.F.,
 .F.,(4,1,4),(2,2),(0.208230827461773,0.598776785606017,0.989322743750261),
(0.,1.),.UNSPECIFIED.);
#110=B_SPLINE_SURFACE_WITH_KNOTS('',3,1,((#7482,#7483),(#7484,#7485),(#7486,
#7487),(#7488,#7489),(#7490,#7491)),.SURF_OF_LINEAR_EXTRUSION.,.F.,.F.,
 .F.,(4,1,4),(2,2),(1.5707963267949,2.24153747064749,2.91227861450009),
(0.,1.),.UNSPECIFIED.);
#111=B_SPLINE_SURFACE_WITH_KNOTS('',3,1,((#7494,#7495),(#7496,#7497),(#7498,
#7499),(#7500,#7501),(#7502,#7503)),.SURF_OF_LINEAR_EXTRUSION.,.F.,.F.,
 .F.,(4,1,4),(2,2),(3.37090669267951,4.0416478365321,4.71238898038469),
(0.,1.),.UNSPECIFIED.);
#112=B_SPLINE_SURFACE_WITH_KNOTS('',3,1,((#7569,#7570),(#7571,#7572),(#7573,
#7574),(#7575,#7576),(#7577,#7578)),.SURF_OF_LINEAR_EXTRUSION.,.F.,.F.,
 .F.,(4,1,4),(2,2),(1.5707963267949,2.22844942305434,2.88610251931379),
(0.,1.),.UNSPECIFIED.);
#113=B_SPLINE_SURFACE_WITH_KNOTS('',3,1,((#7585,#7586),(#7587,#7588),(#7589,
#7590),(#7591,#7592),(#7593,#7594)),.SURF_OF_LINEAR_EXTRUSION.,.F.,.F.,
 .F.,(4,1,4),(2,2),(3.39708278786583,4.05473588412526,4.71238898038469),
(0.,1.),.UNSPECIFIED.);
#114=ELLIPSE('',#4494,1.76593393938986,1.5);
#115=ELLIPSE('',#4501,0.200274469199584,0.2);
#116=ELLIPSE('',#4505,0.600097053349294,0.5);
#117=ELLIPSE('',#4523,1.76593393938986,1.5);
#118=ELLIPSE('',#4531,0.200274469199584,0.2);
#119=ELLIPSE('',#4535,0.600097053349294,0.5);
#120=ELLIPSE('',#4589,0.282842712474619,0.2);
#121=ELLIPSE('',#4595,0.282842712474619,0.2);
#122=ELLIPSE('',#4601,0.28284271247462,0.2);
#123=ELLIPSE('',#4607,0.282842712474619,0.2);
#124=ELLIPSE('',#4624,0.282842712474619,0.2);
#125=ELLIPSE('',#4625,0.282842712474619,0.2);
#126=ELLIPSE('',#4627,0.282842712474619,0.2);
#127=ELLIPSE('',#4631,0.282842712474619,0.2);
#128=ELLIPSE('',#4636,0.282842712474619,0.2);
#129=ELLIPSE('',#4690,0.200274469199584,0.2);
#130=ELLIPSE('',#4692,0.200274469199584,0.2);
#131=ELLIPSE('',#4713,2.18927255701209,2.);
#132=ELLIPSE('',#4714,2.18927255701209,2.);
#133=ELLIPSE('',#4719,2.18927255701209,2.);
#134=ELLIPSE('',#4730,1.14936809243135,1.05);
#135=ELLIPSE('',#4731,1.14936809243135,1.05);
#136=ELLIPSE('',#4735,1.14936809243135,1.05);
#137=CYLINDRICAL_SURFACE('',#4450,2.5);
#138=CYLINDRICAL_SURFACE('',#4452,0.5);
#139=CYLINDRICAL_SURFACE('',#4464,2.5);
#140=CYLINDRICAL_SURFACE('',#4466,0.5);
#141=CYLINDRICAL_SURFACE('',#4511,0.4);
#142=CYLINDRICAL_SURFACE('',#4512,1.05);
#143=CYLINDRICAL_SURFACE('',#4513,1.05);
#144=CYLINDRICAL_SURFACE('',#4514,0.5);
#145=CYLINDRICAL_SURFACE('',#4515,0.5);
#146=CYLINDRICAL_SURFACE('',#4516,1.5);
#147=CYLINDRICAL_SURFACE('',#4541,0.4);
#148=CYLINDRICAL_SURFACE('',#4542,1.05);
#149=CYLINDRICAL_SURFACE('',#4543,1.05);
#150=CYLINDRICAL_SURFACE('',#4544,0.5);
#151=CYLINDRICAL_SURFACE('',#4545,0.5);
#152=CYLINDRICAL_SURFACE('',#4546,1.5);
#153=CYLINDRICAL_SURFACE('',#4552,0.2);
#154=CYLINDRICAL_SURFACE('',#4555,0.2);
#155=CYLINDRICAL_SURFACE('',#4558,0.2);
#156=CYLINDRICAL_SURFACE('',#4561,0.2);
#157=CYLINDRICAL_SURFACE('',#4570,0.2);
#158=CYLINDRICAL_SURFACE('',#4572,0.2);
#159=CYLINDRICAL_SURFACE('',#4574,0.2);
#160=CYLINDRICAL_SURFACE('',#4576,0.2);
#161=CYLINDRICAL_SURFACE('',#4584,0.2);
#162=CYLINDRICAL_SURFACE('',#4586,0.2);
#163=CYLINDRICAL_SURFACE('',#4588,0.2);
#164=CYLINDRICAL_SURFACE('',#4594,0.2);
#165=CYLINDRICAL_SURFACE('',#4596,0.2);
#166=CYLINDRICAL_SURFACE('',#4598,0.2);
#167=CYLINDRICAL_SURFACE('',#4600,0.2);
#168=CYLINDRICAL_SURFACE('',#4606,0.2);
#169=CYLINDRICAL_SURFACE('',#4608,0.2);
#170=CYLINDRICAL_SURFACE('',#4610,0.2);
#171=CYLINDRICAL_SURFACE('',#4612,0.2);
#172=CYLINDRICAL_SURFACE('',#4618,0.2);
#173=CYLINDRICAL_SURFACE('',#4620,0.2);
#174=CYLINDRICAL_SURFACE('',#4623,0.2);
#175=CYLINDRICAL_SURFACE('',#4626,0.2);
#176=CYLINDRICAL_SURFACE('',#4628,0.2);
#177=CYLINDRICAL_SURFACE('',#4630,0.2);
#178=CYLINDRICAL_SURFACE('',#4635,0.2);
#179=CYLINDRICAL_SURFACE('',#4637,0.2);
#180=CYLINDRICAL_SURFACE('',#4639,0.2);
#181=CYLINDRICAL_SURFACE('',#4641,0.2);
#182=CYLINDRICAL_SURFACE('',#4643,0.2);
#183=CYLINDRICAL_SURFACE('',#4653,0.2);
#184=CYLINDRICAL_SURFACE('',#4655,0.2);
#185=CYLINDRICAL_SURFACE('',#4657,0.2);
#186=CYLINDRICAL_SURFACE('',#4659,0.2);
#187=CYLINDRICAL_SURFACE('',#4662,0.2);
#188=CYLINDRICAL_SURFACE('',#4664,0.2);
#189=CYLINDRICAL_SURFACE('',#4674,0.2);
#190=CYLINDRICAL_SURFACE('',#4676,0.2);
#191=CYLINDRICAL_SURFACE('',#4678,0.2);
#192=CYLINDRICAL_SURFACE('',#4680,0.2);
#193=CYLINDRICAL_SURFACE('',#4686,0.2);
#194=CYLINDRICAL_SURFACE('',#4687,0.2);
#195=CYLINDRICAL_SURFACE('',#4688,0.2);
#196=CYLINDRICAL_SURFACE('',#4694,0.2);
#197=CYLINDRICAL_SURFACE('',#4695,0.2);
#198=CYLINDRICAL_SURFACE('',#4696,0.2);
#199=CYLINDRICAL_SURFACE('',#4697,0.2);
#200=CYLINDRICAL_SURFACE('',#4698,2.);
#201=CYLINDRICAL_SURFACE('',#4699,2.);
#202=CYLINDRICAL_SURFACE('',#4718,2.);
#203=CYLINDRICAL_SURFACE('',#4720,2.);
#204=CYLINDRICAL_SURFACE('',#4722,2.);
#205=CYLINDRICAL_SURFACE('',#4723,2.);
#206=CYLINDRICAL_SURFACE('',#4734,1.05);
#207=CYLINDRICAL_SURFACE('',#4736,1.05);
#208=CYLINDRICAL_SURFACE('',#4738,1.05);
#209=CYLINDRICAL_SURFACE('',#4739,1.05);
#210=B_SPLINE_CURVE_WITH_KNOTS('',3,(#6056,#6057,#6058,#6059),
 .UNSPECIFIED.,.F.,.F.,(4,4),(1.93947980722443E-18,0.000833472123364951),
 .UNSPECIFIED.);
#211=B_SPLINE_CURVE_WITH_KNOTS('',3,(#6088,#6089,#6090,#6091),
 .UNSPECIFIED.,.F.,.F.,(4,4),(1.93947980722443E-18,0.000833472123364951),
 .UNSPECIFIED.);
#212=B_SPLINE_CURVE_WITH_KNOTS('',3,(#6337,#6338,#6339,#6340),
 .UNSPECIFIED.,.F.,.F.,(4,4),(8.67361737988404E-19,0.000409499075193862),
 .UNSPECIFIED.);
#213=B_SPLINE_CURVE_WITH_KNOTS('',3,(#6354,#6355,#6356,#6357),
 .UNSPECIFIED.,.F.,.F.,(4,4),(0.,0.000409499075193861),.UNSPECIFIED.);
#214=B_SPLINE_CURVE_WITH_KNOTS('',3,(#6492,#6493,#6494,#6495),
 .UNSPECIFIED.,.F.,.F.,(4,4),(0.,0.000624896836644117),.UNSPECIFIED.);
#215=B_SPLINE_CURVE_WITH_KNOTS('',3,(#6516,#6517,#6518,#6519),
 .UNSPECIFIED.,.F.,.F.,(4,4),(0.,0.000624896836644117),.UNSPECIFIED.);
#216=B_SPLINE_CURVE_WITH_KNOTS('',3,(#6611,#6612,#6613,#6614),
 .UNSPECIFIED.,.F.,.F.,(4,4),(0.,0.000409499075193862),.UNSPECIFIED.);
#217=B_SPLINE_CURVE_WITH_KNOTS('',3,(#6680,#6681,#6682,#6683,#6684),
 .UNSPECIFIED.,.F.,.F.,(4,1,4),(0.,0.00316482269737658,0.00632964539475317),
 .UNSPECIFIED.);
#218=B_SPLINE_CURVE_WITH_KNOTS('',3,(#6686,#6687,#6688,#6689,#6690,#6691,
#6692,#6693,#6694,#6695,#6696,#6697,#6698),.UNSPECIFIED.,.F.,.F.,(4,2,1,
3,3,4),(0.,0.434272861392984,1.,1.47965291034506,2.43529978743095,2.5570647768025),
 .UNSPECIFIED.);
#219=B_SPLINE_CURVE_WITH_KNOTS('',3,(#6700,#6701,#6702,#6703),
 .UNSPECIFIED.,.F.,.F.,(4,4),(0.,0.00199685675961869),.UNSPECIFIED.);
#220=B_SPLINE_CURVE_WITH_KNOTS('',3,(#6709,#6710,#6711,#6712),
 .UNSPECIFIED.,.F.,.F.,(4,4),(0.338806770721781,0.410869249708013),
 .UNSPECIFIED.);
#221=B_SPLINE_CURVE_WITH_KNOTS('',3,(#6718,#6719,#6720,#6721),
 .UNSPECIFIED.,.F.,.F.,(4,4),(0.,0.00199685675961869),.UNSPECIFIED.);
#222=B_SPLINE_CURVE_WITH_KNOTS('',3,(#6723,#6724,#6725,#6726,#6727,#6728,
#6729,#6730,#6731,#6732,#6733,#6734,#6735),.UNSPECIFIED.,.F.,.F.,(4,2,1,
3,3,4),(0.,0.434272861392984,1.,1.47965291034506,2.43529978743095,2.5570647768025),
 .UNSPECIFIED.);
#223=B_SPLINE_CURVE_WITH_KNOTS('',3,(#6737,#6738,#6739,#6740),
 .UNSPECIFIED.,.F.,.F.,(4,4),(0.000829719246037821,0.00371959936174485),
 .UNSPECIFIED.);
#224=B_SPLINE_CURVE_WITH_KNOTS('',3,(#6752,#6753,#6754,#6755),
 .UNSPECIFIED.,.F.,.F.,(4,4),(0.136288157890183,0.823095070413151),
 .UNSPECIFIED.);
#225=B_SPLINE_CURVE_WITH_KNOTS('',3,(#6767,#6768,#6769,#6770),
 .UNSPECIFIED.,.F.,.F.,(4,4),(0.,0.81531631591559),.UNSPECIFIED.);
#226=B_SPLINE_CURVE_WITH_KNOTS('',3,(#6786,#6787,#6788,#6789,#6790,#6791,
#6792,#6793,#6794),.UNSPECIFIED.,.F.,.F.,(4,1,1,1,1,1,4),(0.,0.25,0.375,
0.5,0.625,0.75,1.),.UNSPECIFIED.);
#227=B_SPLINE_CURVE_WITH_KNOTS('',3,(#6797,#6798,#6799,#6800),
 .UNSPECIFIED.,.F.,.F.,(4,4),(0.,1.),.UNSPECIFIED.);
#228=B_SPLINE_CURVE_WITH_KNOTS('',3,(#6802,#6803,#6804,#6805),
 .UNSPECIFIED.,.F.,.F.,(4,4),(0.,1.),.UNSPECIFIED.);
#229=B_SPLINE_CURVE_WITH_KNOTS('',3,(#6814,#6815,#6816,#6817),
 .UNSPECIFIED.,.F.,.F.,(4,4),(0.,0.000687514668479701),.UNSPECIFIED.);
#230=B_SPLINE_CURVE_WITH_KNOTS('',3,(#6820,#6821,#6822,#6823),
 .UNSPECIFIED.,.F.,.F.,(4,4),(0.,1.),.UNSPECIFIED.);
#231=B_SPLINE_CURVE_WITH_KNOTS('',3,(#6824,#6825,#6826,#6827),
 .UNSPECIFIED.,.F.,.F.,(4,4),(0.,0.426873276696912),.UNSPECIFIED.);
#232=B_SPLINE_CURVE_WITH_KNOTS('',3,(#6829,#6830,#6831,#6832),
 .UNSPECIFIED.,.F.,.F.,(4,4),(0.426873276696912,0.579036122594104),
 .UNSPECIFIED.);
#233=B_SPLINE_CURVE_WITH_KNOTS('',3,(#6833,#6834,#6835,#6836),
 .UNSPECIFIED.,.F.,.F.,(4,4),(0.,0.00098693384288098),.UNSPECIFIED.);
#234=B_SPLINE_CURVE_WITH_KNOTS('',3,(#6851,#6852,#6853,#6854,#6855,#6856,
#6857,#6858,#6859,#6860,#6861,#6862),.UNSPECIFIED.,.F.,.F.,(4,2,2,2,2,4),
(0.,0.125,0.25,0.5,0.75,1.),.UNSPECIFIED.);
#235=B_SPLINE_CURVE_WITH_KNOTS('',3,(#6888,#6889,#6890,#6891,#6892),
 .UNSPECIFIED.,.F.,.F.,(4,1,4),(0.,0.00294577993963164,0.00589155987926329),
 .UNSPECIFIED.);
#236=B_SPLINE_CURVE_WITH_KNOTS('',3,(#6894,#6895,#6896,#6897),
 .UNSPECIFIED.,.F.,.F.,(4,4),(2.04566856771261E-18,0.00274907069215774),
 .UNSPECIFIED.);
#237=B_SPLINE_CURVE_WITH_KNOTS('',3,(#6899,#6900,#6901,#6902),
 .UNSPECIFIED.,.F.,.F.,(4,4),(0.,1.),.PIECEWISE_BEZIER_KNOTS.);
#238=B_SPLINE_CURVE_WITH_KNOTS('',3,(#6913,#6914,#6915,#6916,#6917,#6918,
#6919),.UNSPECIFIED.,.F.,.F.,(4,1,1,1,4),(0.000233120970040981,0.00226561900767652,
0.00429811704531206,0.0063306150829476,0.00836311312058314),
 .UNSPECIFIED.);
#239=B_SPLINE_CURVE_WITH_KNOTS('',3,(#6921,#6922,#6923,#6924),
 .UNSPECIFIED.,.F.,.F.,(4,4),(0.,0.000460188894718979),.UNSPECIFIED.);
#240=B_SPLINE_CURVE_WITH_KNOTS('',3,(#6926,#6927,#6928,#6929),
 .UNSPECIFIED.,.F.,.F.,(4,4),(1.81745402302524E-18,0.000675540766839586),
 .UNSPECIFIED.);
#241=B_SPLINE_CURVE_WITH_KNOTS('',3,(#6961,#6962,#6963,#6964),
 .UNSPECIFIED.,.F.,.F.,(4,4),(0.,0.000287709264456397),.UNSPECIFIED.);
#242=B_SPLINE_CURVE_WITH_KNOTS('',3,(#6978,#6979,#6980,#6981),
 .UNSPECIFIED.,.F.,.F.,(4,4),(0.338806770721781,0.410869249708013),
 .UNSPECIFIED.);
#243=B_SPLINE_CURVE_WITH_KNOTS('',3,(#6987,#6988,#6989,#6990,#6991),
 .UNSPECIFIED.,.F.,.F.,(4,1,4),(0.,0.00316482269737658,0.00632964539475317),
 .UNSPECIFIED.);
#244=B_SPLINE_CURVE_WITH_KNOTS('',3,(#6998,#6999,#7000,#7001),
 .UNSPECIFIED.,.F.,.F.,(4,4),(0.000829719246037821,0.00371959936174485),
 .UNSPECIFIED.);
#245=B_SPLINE_CURVE_WITH_KNOTS('',3,(#7014,#7015,#7016,#7017),
 .UNSPECIFIED.,.F.,.F.,(4,4),(0.136288157890183,0.823095070413151),
 .UNSPECIFIED.);
#246=B_SPLINE_CURVE_WITH_KNOTS('',3,(#7023,#7024,#7025,#7026),
 .UNSPECIFIED.,.F.,.F.,(4,4),(0.,0.81531631591559),.UNSPECIFIED.);
#247=B_SPLINE_CURVE_WITH_KNOTS('',3,(#7054,#7055,#7056,#7057),
 .UNSPECIFIED.,.F.,.F.,(4,4),(0.,1.),.UNSPECIFIED.);
#248=B_SPLINE_CURVE_WITH_KNOTS('',3,(#7059,#7060,#7061,#7062),
 .UNSPECIFIED.,.F.,.F.,(4,4),(0.,1.),.UNSPECIFIED.);
#249=B_SPLINE_CURVE_WITH_KNOTS('',3,(#7065,#7066,#7067,#7068,#7069,#7070,
#7071,#7072,#7073),.UNSPECIFIED.,.F.,.F.,(4,1,1,1,1,1,4),(0.,0.25,0.375,
0.5,0.625,0.75,1.),.UNSPECIFIED.);
#250=B_SPLINE_CURVE_WITH_KNOTS('',3,(#7082,#7083,#7084,#7085),
 .UNSPECIFIED.,.F.,.F.,(4,4),(0.,0.00098693384288098),.UNSPECIFIED.);
#251=B_SPLINE_CURVE_WITH_KNOTS('',3,(#7086,#7087,#7088,#7089),
 .UNSPECIFIED.,.F.,.F.,(4,4),(0.426873276696912,0.579036122594104),
 .UNSPECIFIED.);
#252=B_SPLINE_CURVE_WITH_KNOTS('',3,(#7091,#7092,#7093,#7094),
 .UNSPECIFIED.,.F.,.F.,(4,4),(0.,0.426873276696912),.UNSPECIFIED.);
#253=B_SPLINE_CURVE_WITH_KNOTS('',3,(#7095,#7096,#7097,#7098),
 .UNSPECIFIED.,.F.,.F.,(4,4),(0.,1.),.UNSPECIFIED.);
#254=B_SPLINE_CURVE_WITH_KNOTS('',3,(#7101,#7102,#7103,#7104),
 .UNSPECIFIED.,.F.,.F.,(4,4),(0.,0.000687514668479701),.UNSPECIFIED.);
#255=B_SPLINE_CURVE_WITH_KNOTS('',3,(#7119,#7120,#7121,#7122,#7123,#7124,
#7125,#7126,#7127,#7128,#7129,#7130),.UNSPECIFIED.,.F.,.F.,(4,2,2,2,2,4),
(0.,0.125,0.25,0.5,0.75,1.),.UNSPECIFIED.);
#256=B_SPLINE_CURVE_WITH_KNOTS('',3,(#7156,#7157,#7158,#7159,#7160),
 .UNSPECIFIED.,.F.,.F.,(4,1,4),(0.,0.00294577993963164,0.00589155987926329),
 .UNSPECIFIED.);
#257=B_SPLINE_CURVE_WITH_KNOTS('',3,(#7162,#7163,#7164,#7165),
 .UNSPECIFIED.,.F.,.F.,(4,4),(0.,1.),.PIECEWISE_BEZIER_KNOTS.);
#258=B_SPLINE_CURVE_WITH_KNOTS('',3,(#7167,#7168,#7169,#7170),
 .UNSPECIFIED.,.F.,.F.,(4,4),(2.04566856771261E-18,0.00274907069215774),
 .UNSPECIFIED.);
#259=B_SPLINE_CURVE_WITH_KNOTS('',3,(#7181,#7182,#7183,#7184,#7185,#7186,
#7187),.UNSPECIFIED.,.F.,.F.,(4,1,1,1,4),(0.000233120970040981,0.00226561900767652,
0.00429811704531206,0.0063306150829476,0.00836311312058314),
 .UNSPECIFIED.);
#260=B_SPLINE_CURVE_WITH_KNOTS('',3,(#7189,#7190,#7191,#7192),
 .UNSPECIFIED.,.F.,.F.,(4,4),(0.,0.000460188894718979),.UNSPECIFIED.);
#261=B_SPLINE_CURVE_WITH_KNOTS('',3,(#7194,#7195,#7196,#7197),
 .UNSPECIFIED.,.F.,.F.,(4,4),(1.81745402302524E-18,0.000675540766839586),
 .UNSPECIFIED.);
#262=B_SPLINE_CURVE_WITH_KNOTS('',3,(#7228,#7229,#7230,#7231),
 .UNSPECIFIED.,.F.,.F.,(4,4),(0.,0.000287709264456397),.UNSPECIFIED.);
#263=B_SPLINE_CURVE_WITH_KNOTS('',3,(#7504,#7505,#7506,#7507,#7508),
 .UNSPECIFIED.,.F.,.F.,(4,1,4),(0.,0.00373138283374996,0.00746276566749991),
 .UNSPECIFIED.);
#264=B_SPLINE_CURVE_WITH_KNOTS('',3,(#7535,#7536,#7537,#7538,#7539),
 .UNSPECIFIED.,.F.,.F.,(4,1,4),(0.,0.00317764341991937,0.00635528683983874),
 .UNSPECIFIED.);
#265=B_SPLINE_CURVE_WITH_KNOTS('',3,(#7540,#7541,#7542,#7543,#7544),
 .UNSPECIFIED.,.F.,.F.,(4,1,4),(0.,0.00317698614545601,0.00635397229091202),
 .UNSPECIFIED.);
#266=B_SPLINE_CURVE_WITH_KNOTS('',3,(#7579,#7580,#7581,#7582,#7583),
 .UNSPECIFIED.,.F.,.F.,(4,1,4),(0.,0.00317764341991945,0.00635528683983891),
 .UNSPECIFIED.);
#267=B_SPLINE_CURVE_WITH_KNOTS('',3,(#7595,#7596,#7597,#7598,#7599),
 .UNSPECIFIED.,.F.,.F.,(4,1,4),(0.,0.00305967274322506,0.00611934548645012),
 .UNSPECIFIED.);
#268=CIRCLE('',#4385,0.5);
#269=CIRCLE('',#4386,0.5);
#270=CIRCLE('',#4387,1.05);
#271=CIRCLE('',#4388,1.05);
#272=CIRCLE('',#4389,0.4);
#273=CIRCLE('',#4390,0.4);
#274=CIRCLE('',#4391,1.05);
#275=CIRCLE('',#4392,1.05);
#276=CIRCLE('',#4393,0.5);
#277=CIRCLE('',#4394,0.5);
#278=CIRCLE('',#4400,2.);
#279=CIRCLE('',#4401,2.);
#280=CIRCLE('',#4402,0.4);
#281=CIRCLE('',#4403,0.4);
#282=CIRCLE('',#4404,2.5);
#283=CIRCLE('',#4405,0.5);
#284=CIRCLE('',#4406,0.5);
#285=CIRCLE('',#4407,2.5);
#286=CIRCLE('',#4408,0.4);
#287=CIRCLE('',#4409,0.2);
#288=CIRCLE('',#4412,2.);
#289=CIRCLE('',#4413,2.);
#290=CIRCLE('',#4435,0.4);
#291=CIRCLE('',#4437,0.5);
#292=CIRCLE('',#4438,2.5);
#293=CIRCLE('',#4445,0.4);
#294=CIRCLE('',#4446,0.4);
#295=CIRCLE('',#4447,0.4);
#296=CIRCLE('',#4455,0.2);
#297=CIRCLE('',#4456,0.2);
#298=CIRCLE('',#4457,0.2);
#299=CIRCLE('',#4458,0.2);
#300=CIRCLE('',#4460,2.5);
#301=CIRCLE('',#4461,0.5);
#302=CIRCLE('',#4475,0.4);
#303=CIRCLE('',#4477,0.4);
#304=CIRCLE('',#4478,0.4);
#305=CIRCLE('',#4481,0.2);
#306=CIRCLE('',#4482,0.2);
#307=CIRCLE('',#4483,0.2);
#308=CIRCLE('',#4484,0.2);
#309=CIRCLE('',#4487,1.5);
#310=CIRCLE('',#4507,0.4);
#311=CIRCLE('',#4508,0.4);
#312=CIRCLE('',#4510,0.4);
#313=CIRCLE('',#4520,1.5);
#314=CIRCLE('',#4537,0.4);
#315=CIRCLE('',#4538,0.4);
#316=CIRCLE('',#4540,0.4);
#317=CIRCLE('',#4553,0.2);
#318=CIRCLE('',#4554,0.2);
#319=CIRCLE('',#4556,0.2);
#320=CIRCLE('',#4557,0.2);
#321=CIRCLE('',#4559,0.2);
#322=CIRCLE('',#4560,0.2);
#323=CIRCLE('',#4562,0.2);
#324=CIRCLE('',#4563,0.2);
#325=CIRCLE('',#4565,0.2);
#326=CIRCLE('',#4566,0.2);
#327=CIRCLE('',#4568,0.2);
#328=CIRCLE('',#4569,0.2);
#329=CIRCLE('',#4571,0.2);
#330=CIRCLE('',#4573,0.2);
#331=CIRCLE('',#4575,0.2);
#332=CIRCLE('',#4577,0.2);
#333=CIRCLE('',#4579,0.2);
#334=CIRCLE('',#4581,0.2);
#335=CIRCLE('',#4583,0.2);
#336=CIRCLE('',#4585,0.2);
#337=CIRCLE('',#4587,0.2);
#338=CIRCLE('',#4591,0.2);
#339=CIRCLE('',#4593,0.2);
#340=CIRCLE('',#4597,0.2);
#341=CIRCLE('',#4599,0.2);
#342=CIRCLE('',#4603,0.2);
#343=CIRCLE('',#4605,0.2);
#344=CIRCLE('',#4609,0.2);
#345=CIRCLE('',#4611,0.2);
#346=CIRCLE('',#4613,0.2);
#347=CIRCLE('',#4615,0.2);
#348=CIRCLE('',#4617,0.2);
#349=CIRCLE('',#4619,0.2);
#350=CIRCLE('',#4621,0.2);
#351=CIRCLE('',#4629,0.2);
#352=CIRCLE('',#4633,0.2);
#353=CIRCLE('',#4634,0.2);
#354=CIRCLE('',#4638,0.2);
#355=CIRCLE('',#4640,0.2);
#356=CIRCLE('',#4642,0.2);
#357=CIRCLE('',#4644,0.2);
#358=CIRCLE('',#4646,0.2);
#359=CIRCLE('',#4648,0.2);
#360=CIRCLE('',#4649,0.2);
#361=CIRCLE('',#4651,0.2);
#362=CIRCLE('',#4652,0.2);
#363=CIRCLE('',#4654,0.2);
#364=CIRCLE('',#4656,0.2);
#365=CIRCLE('',#4658,0.2);
#366=CIRCLE('',#4660,0.2);
#367=CIRCLE('',#4661,0.2);
#368=CIRCLE('',#4663,0.2);
#369=CIRCLE('',#4665,0.2);
#370=CIRCLE('',#4667,0.2);
#371=CIRCLE('',#4669,0.2);
#372=CIRCLE('',#4671,0.2);
#373=CIRCLE('',#4673,0.2);
#374=CIRCLE('',#4675,0.2);
#375=CIRCLE('',#4677,0.2);
#376=CIRCLE('',#4679,0.2);
#377=CIRCLE('',#4681,0.2);
#378=CIRCLE('',#4683,0.2);
#379=CIRCLE('',#4685,0.2);
#380=CIRCLE('',#4701,2.);
#381=CIRCLE('',#4702,2.);
#382=CIRCLE('',#4703,2.);
#383=CIRCLE('',#4704,2.);
#384=CIRCLE('',#4705,1.05);
#385=CIRCLE('',#4706,1.05);
#386=CIRCLE('',#4707,1.05);
#387=CIRCLE('',#4708,1.05);
#388=CIRCLE('',#4712,5.82543017619119);
#389=CIRCLE('',#4715,5.82543017619119);
#390=CIRCLE('',#4721,2.);
#391=CIRCLE('',#4724,5.82543017619119);
#392=CIRCLE('',#4737,1.05);
#393=ORIENTED_EDGE('',*,*,#1647,.F.);
#394=ORIENTED_EDGE('',*,*,#1648,.T.);
#395=ORIENTED_EDGE('',*,*,#1649,.F.);
#396=ORIENTED_EDGE('',*,*,#1650,.T.);
#397=ORIENTED_EDGE('',*,*,#1651,.F.);
#398=ORIENTED_EDGE('',*,*,#1652,.T.);
#399=ORIENTED_EDGE('',*,*,#1653,.T.);
#400=ORIENTED_EDGE('',*,*,#1654,.F.);
#401=ORIENTED_EDGE('',*,*,#1655,.F.);
#402=ORIENTED_EDGE('',*,*,#1656,.T.);
#403=ORIENTED_EDGE('',*,*,#1657,.T.);
#404=ORIENTED_EDGE('',*,*,#1658,.F.);
#405=ORIENTED_EDGE('',*,*,#1659,.T.);
#406=ORIENTED_EDGE('',*,*,#1660,.T.);
#407=ORIENTED_EDGE('',*,*,#1661,.F.);
#408=ORIENTED_EDGE('',*,*,#1662,.F.);
#409=ORIENTED_EDGE('',*,*,#1663,.F.);
#410=ORIENTED_EDGE('',*,*,#1664,.T.);
#411=ORIENTED_EDGE('',*,*,#1665,.T.);
#412=ORIENTED_EDGE('',*,*,#1666,.F.);
#413=ORIENTED_EDGE('',*,*,#1667,.F.);
#414=ORIENTED_EDGE('',*,*,#1668,.F.);
#415=ORIENTED_EDGE('',*,*,#1669,.T.);
#416=ORIENTED_EDGE('',*,*,#1670,.T.);
#417=ORIENTED_EDGE('',*,*,#1671,.F.);
#418=ORIENTED_EDGE('',*,*,#1672,.F.);
#419=ORIENTED_EDGE('',*,*,#1673,.T.);
#420=ORIENTED_EDGE('',*,*,#1668,.T.);
#421=ORIENTED_EDGE('',*,*,#1674,.F.);
#422=ORIENTED_EDGE('',*,*,#1675,.F.);
#423=ORIENTED_EDGE('',*,*,#1676,.T.);
#424=ORIENTED_EDGE('',*,*,#1677,.T.);
#425=ORIENTED_EDGE('',*,*,#1659,.F.);
#426=ORIENTED_EDGE('',*,*,#1678,.F.);
#427=ORIENTED_EDGE('',*,*,#1679,.F.);
#428=ORIENTED_EDGE('',*,*,#1680,.F.);
#429=ORIENTED_EDGE('',*,*,#1681,.F.);
#430=ORIENTED_EDGE('',*,*,#1669,.F.);
#431=ORIENTED_EDGE('',*,*,#1673,.F.);
#432=ORIENTED_EDGE('',*,*,#1682,.F.);
#433=ORIENTED_EDGE('',*,*,#1656,.F.);
#434=ORIENTED_EDGE('',*,*,#1683,.F.);
#435=ORIENTED_EDGE('',*,*,#1676,.F.);
#436=ORIENTED_EDGE('',*,*,#1684,.F.);
#437=ORIENTED_EDGE('',*,*,#1685,.F.);
#438=ORIENTED_EDGE('',*,*,#1686,.F.);
#439=ORIENTED_EDGE('',*,*,#1664,.F.);
#440=ORIENTED_EDGE('',*,*,#1687,.T.);
#441=ORIENTED_EDGE('',*,*,#1688,.F.);
#442=ORIENTED_EDGE('',*,*,#1689,.F.);
#443=ORIENTED_EDGE('',*,*,#1690,.F.);
#444=ORIENTED_EDGE('',*,*,#1691,.F.);
#445=ORIENTED_EDGE('',*,*,#1654,.T.);
#446=ORIENTED_EDGE('',*,*,#1692,.T.);
#447=ORIENTED_EDGE('',*,*,#1693,.F.);
#448=ORIENTED_EDGE('',*,*,#1694,.T.);
#449=ORIENTED_EDGE('',*,*,#1695,.F.);
#450=ORIENTED_EDGE('',*,*,#1696,.T.);
#451=ORIENTED_EDGE('',*,*,#1697,.F.);
#452=ORIENTED_EDGE('',*,*,#1698,.T.);
#453=ORIENTED_EDGE('',*,*,#1699,.T.);
#454=ORIENTED_EDGE('',*,*,#1700,.F.);
#455=ORIENTED_EDGE('',*,*,#1701,.T.);
#456=ORIENTED_EDGE('',*,*,#1702,.F.);
#457=ORIENTED_EDGE('',*,*,#1703,.T.);
#458=ORIENTED_EDGE('',*,*,#1704,.F.);
#459=ORIENTED_EDGE('',*,*,#1705,.T.);
#460=ORIENTED_EDGE('',*,*,#1674,.T.);
#461=ORIENTED_EDGE('',*,*,#1706,.T.);
#462=ORIENTED_EDGE('',*,*,#1658,.T.);
#463=ORIENTED_EDGE('',*,*,#1707,.T.);
#464=ORIENTED_EDGE('',*,*,#1671,.T.);
#465=ORIENTED_EDGE('',*,*,#1667,.T.);
#466=ORIENTED_EDGE('',*,*,#1708,.T.);
#467=ORIENTED_EDGE('',*,*,#1709,.T.);
#468=ORIENTED_EDGE('',*,*,#1710,.T.);
#469=ORIENTED_EDGE('',*,*,#1711,.F.);
#470=ORIENTED_EDGE('',*,*,#1712,.T.);
#471=ORIENTED_EDGE('',*,*,#1713,.F.);
#472=ORIENTED_EDGE('',*,*,#1714,.T.);
#473=ORIENTED_EDGE('',*,*,#1715,.F.);
#474=ORIENTED_EDGE('',*,*,#1716,.F.);
#475=ORIENTED_EDGE('',*,*,#1717,.T.);
#476=ORIENTED_EDGE('',*,*,#1718,.F.);
#477=ORIENTED_EDGE('',*,*,#1719,.T.);
#478=ORIENTED_EDGE('',*,*,#1720,.F.);
#479=ORIENTED_EDGE('',*,*,#1721,.T.);
#480=ORIENTED_EDGE('',*,*,#1722,.F.);
#481=ORIENTED_EDGE('',*,*,#1723,.F.);
#482=ORIENTED_EDGE('',*,*,#1724,.T.);
#483=ORIENTED_EDGE('',*,*,#1666,.T.);
#484=ORIENTED_EDGE('',*,*,#1725,.T.);
#485=ORIENTED_EDGE('',*,*,#1726,.T.);
#486=ORIENTED_EDGE('',*,*,#1661,.T.);
#487=ORIENTED_EDGE('',*,*,#1727,.T.);
#488=ORIENTED_EDGE('',*,*,#1728,.T.);
#489=ORIENTED_EDGE('',*,*,#1705,.F.);
#490=ORIENTED_EDGE('',*,*,#1729,.T.);
#491=ORIENTED_EDGE('',*,*,#1684,.T.);
#492=ORIENTED_EDGE('',*,*,#1675,.T.);
#493=ORIENTED_EDGE('',*,*,#1681,.T.);
#494=ORIENTED_EDGE('',*,*,#1730,.T.);
#495=ORIENTED_EDGE('',*,*,#1708,.F.);
#496=ORIENTED_EDGE('',*,*,#1670,.F.);
#497=ORIENTED_EDGE('',*,*,#1731,.T.);
#498=ORIENTED_EDGE('',*,*,#1687,.F.);
#499=ORIENTED_EDGE('',*,*,#1732,.F.);
#500=ORIENTED_EDGE('',*,*,#1733,.F.);
#501=ORIENTED_EDGE('',*,*,#1734,.F.);
#502=ORIENTED_EDGE('',*,*,#1735,.T.);
#503=ORIENTED_EDGE('',*,*,#1736,.T.);
#504=ORIENTED_EDGE('',*,*,#1737,.F.);
#505=ORIENTED_EDGE('',*,*,#1738,.T.);
#506=ORIENTED_EDGE('',*,*,#1739,.F.);
#507=ORIENTED_EDGE('',*,*,#1740,.F.);
#508=ORIENTED_EDGE('',*,*,#1741,.T.);
#509=ORIENTED_EDGE('',*,*,#1742,.T.);
#510=ORIENTED_EDGE('',*,*,#1743,.T.);
#511=ORIENTED_EDGE('',*,*,#1734,.T.);
#512=ORIENTED_EDGE('',*,*,#1744,.T.);
#513=ORIENTED_EDGE('',*,*,#1745,.T.);
#514=ORIENTED_EDGE('',*,*,#1746,.T.);
#515=ORIENTED_EDGE('',*,*,#1747,.T.);
#516=ORIENTED_EDGE('',*,*,#1748,.F.);
#517=ORIENTED_EDGE('',*,*,#1749,.T.);
#518=ORIENTED_EDGE('',*,*,#1750,.T.);
#519=ORIENTED_EDGE('',*,*,#1751,.T.);
#520=ORIENTED_EDGE('',*,*,#1752,.F.);
#521=ORIENTED_EDGE('',*,*,#1753,.T.);
#522=ORIENTED_EDGE('',*,*,#1754,.T.);
#523=ORIENTED_EDGE('',*,*,#1755,.F.);
#524=ORIENTED_EDGE('',*,*,#1756,.T.);
#525=ORIENTED_EDGE('',*,*,#1757,.F.);
#526=ORIENTED_EDGE('',*,*,#1706,.F.);
#527=ORIENTED_EDGE('',*,*,#1677,.F.);
#528=ORIENTED_EDGE('',*,*,#1683,.T.);
#529=ORIENTED_EDGE('',*,*,#1758,.F.);
#530=ORIENTED_EDGE('',*,*,#1759,.F.);
#531=ORIENTED_EDGE('',*,*,#1760,.T.);
#532=ORIENTED_EDGE('',*,*,#1761,.F.);
#533=ORIENTED_EDGE('',*,*,#1762,.F.);
#534=ORIENTED_EDGE('',*,*,#1763,.F.);
#535=ORIENTED_EDGE('',*,*,#1764,.F.);
#536=ORIENTED_EDGE('',*,*,#1682,.T.);
#537=ORIENTED_EDGE('',*,*,#1672,.T.);
#538=ORIENTED_EDGE('',*,*,#1707,.F.);
#539=ORIENTED_EDGE('',*,*,#1765,.F.);
#540=ORIENTED_EDGE('',*,*,#1766,.F.);
#541=ORIENTED_EDGE('',*,*,#1767,.T.);
#542=ORIENTED_EDGE('',*,*,#1768,.F.);
#543=ORIENTED_EDGE('',*,*,#1769,.F.);
#544=ORIENTED_EDGE('',*,*,#1770,.T.);
#545=ORIENTED_EDGE('',*,*,#1771,.T.);
#546=ORIENTED_EDGE('',*,*,#1772,.T.);
#547=ORIENTED_EDGE('',*,*,#1773,.T.);
#548=ORIENTED_EDGE('',*,*,#1774,.T.);
#549=ORIENTED_EDGE('',*,*,#1775,.T.);
#550=ORIENTED_EDGE('',*,*,#1776,.T.);
#551=ORIENTED_EDGE('',*,*,#1777,.T.);
#552=ORIENTED_EDGE('',*,*,#1778,.F.);
#553=ORIENTED_EDGE('',*,*,#1779,.F.);
#554=ORIENTED_EDGE('',*,*,#1780,.F.);
#555=ORIENTED_EDGE('',*,*,#1781,.F.);
#556=ORIENTED_EDGE('',*,*,#1782,.F.);
#557=ORIENTED_EDGE('',*,*,#1783,.F.);
#558=ORIENTED_EDGE('',*,*,#1784,.F.);
#559=ORIENTED_EDGE('',*,*,#1785,.F.);
#560=ORIENTED_EDGE('',*,*,#1786,.F.);
#561=ORIENTED_EDGE('',*,*,#1787,.F.);
#562=ORIENTED_EDGE('',*,*,#1788,.F.);
#563=ORIENTED_EDGE('',*,*,#1789,.F.);
#564=ORIENTED_EDGE('',*,*,#1790,.F.);
#565=ORIENTED_EDGE('',*,*,#1791,.F.);
#566=ORIENTED_EDGE('',*,*,#1792,.T.);
#567=ORIENTED_EDGE('',*,*,#1737,.T.);
#568=ORIENTED_EDGE('',*,*,#1793,.T.);
#569=ORIENTED_EDGE('',*,*,#1794,.T.);
#570=ORIENTED_EDGE('',*,*,#1795,.F.);
#571=ORIENTED_EDGE('',*,*,#1796,.F.);
#572=ORIENTED_EDGE('',*,*,#1797,.T.);
#573=ORIENTED_EDGE('',*,*,#1798,.T.);
#574=ORIENTED_EDGE('',*,*,#1799,.T.);
#575=ORIENTED_EDGE('',*,*,#1800,.T.);
#576=ORIENTED_EDGE('',*,*,#1793,.F.);
#577=ORIENTED_EDGE('',*,*,#1736,.F.);
#578=ORIENTED_EDGE('',*,*,#1801,.T.);
#579=ORIENTED_EDGE('',*,*,#1800,.F.);
#580=ORIENTED_EDGE('',*,*,#1802,.T.);
#581=ORIENTED_EDGE('',*,*,#1740,.T.);
#582=ORIENTED_EDGE('',*,*,#1803,.T.);
#583=ORIENTED_EDGE('',*,*,#1804,.F.);
#584=ORIENTED_EDGE('',*,*,#1794,.F.);
#585=ORIENTED_EDGE('',*,*,#1805,.F.);
#586=ORIENTED_EDGE('',*,*,#1797,.F.);
#587=ORIENTED_EDGE('',*,*,#1806,.F.);
#588=ORIENTED_EDGE('',*,*,#1807,.F.);
#589=ORIENTED_EDGE('',*,*,#1742,.F.);
#590=ORIENTED_EDGE('',*,*,#1808,.T.);
#591=ORIENTED_EDGE('',*,*,#1798,.F.);
#592=ORIENTED_EDGE('',*,*,#1809,.T.);
#593=ORIENTED_EDGE('',*,*,#1787,.T.);
#594=ORIENTED_EDGE('',*,*,#1810,.T.);
#595=ORIENTED_EDGE('',*,*,#1811,.T.);
#596=ORIENTED_EDGE('',*,*,#1812,.F.);
#597=ORIENTED_EDGE('',*,*,#1790,.T.);
#598=ORIENTED_EDGE('',*,*,#1813,.T.);
#599=ORIENTED_EDGE('',*,*,#1814,.T.);
#600=ORIENTED_EDGE('',*,*,#1810,.F.);
#601=ORIENTED_EDGE('',*,*,#1789,.T.);
#602=ORIENTED_EDGE('',*,*,#1815,.T.);
#603=ORIENTED_EDGE('',*,*,#1816,.T.);
#604=ORIENTED_EDGE('',*,*,#1813,.F.);
#605=ORIENTED_EDGE('',*,*,#1788,.T.);
#606=ORIENTED_EDGE('',*,*,#1812,.T.);
#607=ORIENTED_EDGE('',*,*,#1817,.T.);
#608=ORIENTED_EDGE('',*,*,#1815,.F.);
#609=ORIENTED_EDGE('',*,*,#1811,.F.);
#610=ORIENTED_EDGE('',*,*,#1814,.F.);
#611=ORIENTED_EDGE('',*,*,#1816,.F.);
#612=ORIENTED_EDGE('',*,*,#1817,.F.);
#613=ORIENTED_EDGE('',*,*,#1783,.T.);
#614=ORIENTED_EDGE('',*,*,#1818,.T.);
#615=ORIENTED_EDGE('',*,*,#1819,.T.);
#616=ORIENTED_EDGE('',*,*,#1820,.F.);
#617=ORIENTED_EDGE('',*,*,#1786,.T.);
#618=ORIENTED_EDGE('',*,*,#1821,.T.);
#619=ORIENTED_EDGE('',*,*,#1822,.T.);
#620=ORIENTED_EDGE('',*,*,#1818,.F.);
#621=ORIENTED_EDGE('',*,*,#1785,.T.);
#622=ORIENTED_EDGE('',*,*,#1823,.T.);
#623=ORIENTED_EDGE('',*,*,#1824,.T.);
#624=ORIENTED_EDGE('',*,*,#1821,.F.);
#625=ORIENTED_EDGE('',*,*,#1784,.T.);
#626=ORIENTED_EDGE('',*,*,#1820,.T.);
#627=ORIENTED_EDGE('',*,*,#1825,.T.);
#628=ORIENTED_EDGE('',*,*,#1823,.F.);
#629=ORIENTED_EDGE('',*,*,#1819,.F.);
#630=ORIENTED_EDGE('',*,*,#1822,.F.);
#631=ORIENTED_EDGE('',*,*,#1824,.F.);
#632=ORIENTED_EDGE('',*,*,#1825,.F.);
#633=ORIENTED_EDGE('',*,*,#1779,.T.);
#634=ORIENTED_EDGE('',*,*,#1826,.T.);
#635=ORIENTED_EDGE('',*,*,#1827,.T.);
#636=ORIENTED_EDGE('',*,*,#1828,.F.);
#637=ORIENTED_EDGE('',*,*,#1782,.T.);
#638=ORIENTED_EDGE('',*,*,#1829,.T.);
#639=ORIENTED_EDGE('',*,*,#1830,.T.);
#640=ORIENTED_EDGE('',*,*,#1826,.F.);
#641=ORIENTED_EDGE('',*,*,#1781,.T.);
#642=ORIENTED_EDGE('',*,*,#1831,.T.);
#643=ORIENTED_EDGE('',*,*,#1832,.T.);
#644=ORIENTED_EDGE('',*,*,#1829,.F.);
#645=ORIENTED_EDGE('',*,*,#1780,.T.);
#646=ORIENTED_EDGE('',*,*,#1828,.T.);
#647=ORIENTED_EDGE('',*,*,#1833,.T.);
#648=ORIENTED_EDGE('',*,*,#1831,.F.);
#649=ORIENTED_EDGE('',*,*,#1827,.F.);
#650=ORIENTED_EDGE('',*,*,#1830,.F.);
#651=ORIENTED_EDGE('',*,*,#1832,.F.);
#652=ORIENTED_EDGE('',*,*,#1833,.F.);
#653=ORIENTED_EDGE('',*,*,#1744,.F.);
#654=ORIENTED_EDGE('',*,*,#1739,.T.);
#655=ORIENTED_EDGE('',*,*,#1834,.T.);
#656=ORIENTED_EDGE('',*,*,#1835,.T.);
#657=ORIENTED_EDGE('',*,*,#1752,.T.);
#658=ORIENTED_EDGE('',*,*,#1836,.T.);
#659=ORIENTED_EDGE('',*,*,#1837,.F.);
#660=ORIENTED_EDGE('',*,*,#1838,.F.);
#661=ORIENTED_EDGE('',*,*,#1748,.T.);
#662=ORIENTED_EDGE('',*,*,#1839,.T.);
#663=ORIENTED_EDGE('',*,*,#1840,.T.);
#664=ORIENTED_EDGE('',*,*,#1841,.T.);
#665=ORIENTED_EDGE('',*,*,#1842,.T.);
#666=ORIENTED_EDGE('',*,*,#1843,.T.);
#667=ORIENTED_EDGE('',*,*,#1844,.T.);
#668=ORIENTED_EDGE('',*,*,#1845,.T.);
#669=ORIENTED_EDGE('',*,*,#1846,.T.);
#670=ORIENTED_EDGE('',*,*,#1837,.T.);
#671=ORIENTED_EDGE('',*,*,#1847,.T.);
#672=ORIENTED_EDGE('',*,*,#1834,.F.);
#673=ORIENTED_EDGE('',*,*,#1738,.F.);
#674=ORIENTED_EDGE('',*,*,#1792,.F.);
#675=ORIENTED_EDGE('',*,*,#1848,.F.);
#676=ORIENTED_EDGE('',*,*,#1849,.T.);
#677=ORIENTED_EDGE('',*,*,#1850,.T.);
#678=ORIENTED_EDGE('',*,*,#1851,.T.);
#679=ORIENTED_EDGE('',*,*,#1852,.T.);
#680=ORIENTED_EDGE('',*,*,#1853,.T.);
#681=ORIENTED_EDGE('',*,*,#1854,.T.);
#682=ORIENTED_EDGE('',*,*,#1855,.T.);
#683=ORIENTED_EDGE('',*,*,#1856,.T.);
#684=ORIENTED_EDGE('',*,*,#1857,.T.);
#685=ORIENTED_EDGE('',*,*,#1858,.T.);
#686=ORIENTED_EDGE('',*,*,#1859,.T.);
#687=ORIENTED_EDGE('',*,*,#1860,.T.);
#688=ORIENTED_EDGE('',*,*,#1861,.T.);
#689=ORIENTED_EDGE('',*,*,#1862,.T.);
#690=ORIENTED_EDGE('',*,*,#1863,.T.);
#691=ORIENTED_EDGE('',*,*,#1864,.T.);
#692=ORIENTED_EDGE('',*,*,#1865,.T.);
#693=ORIENTED_EDGE('',*,*,#1866,.T.);
#694=ORIENTED_EDGE('',*,*,#1867,.T.);
#695=ORIENTED_EDGE('',*,*,#1868,.T.);
#696=ORIENTED_EDGE('',*,*,#1869,.T.);
#697=ORIENTED_EDGE('',*,*,#1870,.T.);
#698=ORIENTED_EDGE('',*,*,#1871,.T.);
#699=ORIENTED_EDGE('',*,*,#1872,.T.);
#700=ORIENTED_EDGE('',*,*,#1873,.F.);
#701=ORIENTED_EDGE('',*,*,#1874,.T.);
#702=ORIENTED_EDGE('',*,*,#1875,.T.);
#703=ORIENTED_EDGE('',*,*,#1876,.T.);
#704=ORIENTED_EDGE('',*,*,#1877,.T.);
#705=ORIENTED_EDGE('',*,*,#1878,.T.);
#706=ORIENTED_EDGE('',*,*,#1879,.F.);
#707=ORIENTED_EDGE('',*,*,#1880,.T.);
#708=ORIENTED_EDGE('',*,*,#1881,.T.);
#709=ORIENTED_EDGE('',*,*,#1882,.T.);
#710=ORIENTED_EDGE('',*,*,#1883,.T.);
#711=ORIENTED_EDGE('',*,*,#1884,.T.);
#712=ORIENTED_EDGE('',*,*,#1885,.T.);
#713=ORIENTED_EDGE('',*,*,#1753,.F.);
#714=ORIENTED_EDGE('',*,*,#1838,.T.);
#715=ORIENTED_EDGE('',*,*,#1852,.F.);
#716=ORIENTED_EDGE('',*,*,#1886,.T.);
#717=ORIENTED_EDGE('',*,*,#1850,.F.);
#718=ORIENTED_EDGE('',*,*,#1887,.T.);
#719=ORIENTED_EDGE('',*,*,#1755,.T.);
#720=ORIENTED_EDGE('',*,*,#1888,.T.);
#721=ORIENTED_EDGE('',*,*,#1754,.F.);
#722=ORIENTED_EDGE('',*,*,#1886,.F.);
#723=ORIENTED_EDGE('',*,*,#1851,.F.);
#724=ORIENTED_EDGE('',*,*,#1888,.F.);
#725=ORIENTED_EDGE('',*,*,#1791,.T.);
#726=ORIENTED_EDGE('',*,*,#1805,.T.);
#727=ORIENTED_EDGE('',*,*,#1889,.F.);
#728=ORIENTED_EDGE('',*,*,#1758,.T.);
#729=ORIENTED_EDGE('',*,*,#1655,.T.);
#730=ORIENTED_EDGE('',*,*,#1757,.T.);
#731=ORIENTED_EDGE('',*,*,#1890,.T.);
#732=ORIENTED_EDGE('',*,*,#1848,.T.);
#733=ORIENTED_EDGE('',*,*,#1756,.F.);
#734=ORIENTED_EDGE('',*,*,#1887,.F.);
#735=ORIENTED_EDGE('',*,*,#1849,.F.);
#736=ORIENTED_EDGE('',*,*,#1890,.F.);
#737=ORIENTED_EDGE('',*,*,#1891,.T.);
#738=ORIENTED_EDGE('',*,*,#1892,.T.);
#739=ORIENTED_EDGE('',*,*,#1893,.F.);
#740=ORIENTED_EDGE('',*,*,#1760,.F.);
#741=ORIENTED_EDGE('',*,*,#1894,.F.);
#742=ORIENTED_EDGE('',*,*,#1895,.T.);
#743=ORIENTED_EDGE('',*,*,#1896,.T.);
#744=ORIENTED_EDGE('',*,*,#1897,.T.);
#745=ORIENTED_EDGE('',*,*,#1891,.F.);
#746=ORIENTED_EDGE('',*,*,#1759,.T.);
#747=ORIENTED_EDGE('',*,*,#1889,.T.);
#748=ORIENTED_EDGE('',*,*,#1807,.T.);
#749=ORIENTED_EDGE('',*,*,#1898,.T.);
#750=ORIENTED_EDGE('',*,*,#1763,.T.);
#751=ORIENTED_EDGE('',*,*,#1899,.T.);
#752=ORIENTED_EDGE('',*,*,#1900,.T.);
#753=ORIENTED_EDGE('',*,*,#1649,.T.);
#754=ORIENTED_EDGE('',*,*,#1901,.T.);
#755=ORIENTED_EDGE('',*,*,#1902,.F.);
#756=ORIENTED_EDGE('',*,*,#1903,.T.);
#757=ORIENTED_EDGE('',*,*,#1904,.T.);
#758=ORIENTED_EDGE('',*,*,#1905,.T.);
#759=ORIENTED_EDGE('',*,*,#1906,.T.);
#760=ORIENTED_EDGE('',*,*,#1907,.T.);
#761=ORIENTED_EDGE('',*,*,#1908,.T.);
#762=ORIENTED_EDGE('',*,*,#1909,.T.);
#763=ORIENTED_EDGE('',*,*,#1910,.F.);
#764=ORIENTED_EDGE('',*,*,#1911,.F.);
#765=ORIENTED_EDGE('',*,*,#1912,.F.);
#766=ORIENTED_EDGE('',*,*,#1913,.T.);
#767=ORIENTED_EDGE('',*,*,#1914,.T.);
#768=ORIENTED_EDGE('',*,*,#1915,.T.);
#769=ORIENTED_EDGE('',*,*,#1916,.F.);
#770=ORIENTED_EDGE('',*,*,#1917,.F.);
#771=ORIENTED_EDGE('',*,*,#1733,.T.);
#772=ORIENTED_EDGE('',*,*,#1918,.F.);
#773=ORIENTED_EDGE('',*,*,#1919,.T.);
#774=ORIENTED_EDGE('',*,*,#1920,.T.);
#775=ORIENTED_EDGE('',*,*,#1921,.T.);
#776=ORIENTED_EDGE('',*,*,#1922,.T.);
#777=ORIENTED_EDGE('',*,*,#1923,.T.);
#778=ORIENTED_EDGE('',*,*,#1924,.T.);
#779=ORIENTED_EDGE('',*,*,#1925,.T.);
#780=ORIENTED_EDGE('',*,*,#1926,.F.);
#781=ORIENTED_EDGE('',*,*,#1927,.T.);
#782=ORIENTED_EDGE('',*,*,#1928,.T.);
#783=ORIENTED_EDGE('',*,*,#1929,.F.);
#784=ORIENTED_EDGE('',*,*,#1930,.F.);
#785=ORIENTED_EDGE('',*,*,#1931,.F.);
#786=ORIENTED_EDGE('',*,*,#1932,.T.);
#787=ORIENTED_EDGE('',*,*,#1804,.T.);
#788=ORIENTED_EDGE('',*,*,#1933,.T.);
#789=ORIENTED_EDGE('',*,*,#1934,.T.);
#790=ORIENTED_EDGE('',*,*,#1935,.F.);
#791=ORIENTED_EDGE('',*,*,#1936,.F.);
#792=ORIENTED_EDGE('',*,*,#1937,.F.);
#793=ORIENTED_EDGE('',*,*,#1938,.F.);
#794=ORIENTED_EDGE('',*,*,#1939,.F.);
#795=ORIENTED_EDGE('',*,*,#1940,.T.);
#796=ORIENTED_EDGE('',*,*,#1795,.T.);
#797=ORIENTED_EDGE('',*,*,#1767,.F.);
#798=ORIENTED_EDGE('',*,*,#1941,.F.);
#799=ORIENTED_EDGE('',*,*,#1938,.T.);
#800=ORIENTED_EDGE('',*,*,#1942,.F.);
#801=ORIENTED_EDGE('',*,*,#1943,.F.);
#802=ORIENTED_EDGE('',*,*,#1769,.T.);
#803=ORIENTED_EDGE('',*,*,#1944,.F.);
#804=ORIENTED_EDGE('',*,*,#1936,.T.);
#805=ORIENTED_EDGE('',*,*,#1768,.T.);
#806=ORIENTED_EDGE('',*,*,#1942,.T.);
#807=ORIENTED_EDGE('',*,*,#1937,.T.);
#808=ORIENTED_EDGE('',*,*,#1944,.T.);
#809=ORIENTED_EDGE('',*,*,#1898,.F.);
#810=ORIENTED_EDGE('',*,*,#1806,.T.);
#811=ORIENTED_EDGE('',*,*,#1796,.T.);
#812=ORIENTED_EDGE('',*,*,#1940,.F.);
#813=ORIENTED_EDGE('',*,*,#1945,.F.);
#814=ORIENTED_EDGE('',*,*,#1765,.T.);
#815=ORIENTED_EDGE('',*,*,#1657,.F.);
#816=ORIENTED_EDGE('',*,*,#1764,.T.);
#817=ORIENTED_EDGE('',*,*,#1766,.T.);
#818=ORIENTED_EDGE('',*,*,#1945,.T.);
#819=ORIENTED_EDGE('',*,*,#1939,.T.);
#820=ORIENTED_EDGE('',*,*,#1941,.T.);
#821=ORIENTED_EDGE('',*,*,#1803,.F.);
#822=ORIENTED_EDGE('',*,*,#1778,.T.);
#823=ORIENTED_EDGE('',*,*,#1946,.T.);
#824=ORIENTED_EDGE('',*,*,#1933,.F.);
#825=ORIENTED_EDGE('',*,*,#1776,.F.);
#826=ORIENTED_EDGE('',*,*,#1947,.T.);
#827=ORIENTED_EDGE('',*,*,#1948,.T.);
#828=ORIENTED_EDGE('',*,*,#1949,.T.);
#829=ORIENTED_EDGE('',*,*,#1950,.T.);
#830=ORIENTED_EDGE('',*,*,#1951,.T.);
#831=ORIENTED_EDGE('',*,*,#1952,.T.);
#832=ORIENTED_EDGE('',*,*,#1953,.T.);
#833=ORIENTED_EDGE('',*,*,#1954,.T.);
#834=ORIENTED_EDGE('',*,*,#1955,.T.);
#835=ORIENTED_EDGE('',*,*,#1956,.T.);
#836=ORIENTED_EDGE('',*,*,#1957,.T.);
#837=ORIENTED_EDGE('',*,*,#1958,.T.);
#838=ORIENTED_EDGE('',*,*,#1959,.T.);
#839=ORIENTED_EDGE('',*,*,#1960,.T.);
#840=ORIENTED_EDGE('',*,*,#1961,.T.);
#841=ORIENTED_EDGE('',*,*,#1962,.T.);
#842=ORIENTED_EDGE('',*,*,#1963,.T.);
#843=ORIENTED_EDGE('',*,*,#1964,.T.);
#844=ORIENTED_EDGE('',*,*,#1965,.T.);
#845=ORIENTED_EDGE('',*,*,#1935,.T.);
#846=ORIENTED_EDGE('',*,*,#1966,.T.);
#847=ORIENTED_EDGE('',*,*,#1770,.F.);
#848=ORIENTED_EDGE('',*,*,#1943,.T.);
#849=ORIENTED_EDGE('',*,*,#1774,.F.);
#850=ORIENTED_EDGE('',*,*,#1967,.T.);
#851=ORIENTED_EDGE('',*,*,#1968,.T.);
#852=ORIENTED_EDGE('',*,*,#1969,.F.);
#853=ORIENTED_EDGE('',*,*,#1970,.T.);
#854=ORIENTED_EDGE('',*,*,#1971,.T.);
#855=ORIENTED_EDGE('',*,*,#1972,.T.);
#856=ORIENTED_EDGE('',*,*,#1973,.T.);
#857=ORIENTED_EDGE('',*,*,#1974,.T.);
#858=ORIENTED_EDGE('',*,*,#1975,.T.);
#859=ORIENTED_EDGE('',*,*,#1976,.T.);
#860=ORIENTED_EDGE('',*,*,#1977,.T.);
#861=ORIENTED_EDGE('',*,*,#1978,.T.);
#862=ORIENTED_EDGE('',*,*,#1979,.T.);
#863=ORIENTED_EDGE('',*,*,#1980,.T.);
#864=ORIENTED_EDGE('',*,*,#1981,.F.);
#865=ORIENTED_EDGE('',*,*,#1982,.T.);
#866=ORIENTED_EDGE('',*,*,#1983,.F.);
#867=ORIENTED_EDGE('',*,*,#1984,.T.);
#868=ORIENTED_EDGE('',*,*,#1985,.T.);
#869=ORIENTED_EDGE('',*,*,#1986,.T.);
#870=ORIENTED_EDGE('',*,*,#1987,.T.);
#871=ORIENTED_EDGE('',*,*,#1899,.F.);
#872=ORIENTED_EDGE('',*,*,#1762,.T.);
#873=ORIENTED_EDGE('',*,*,#1988,.T.);
#874=ORIENTED_EDGE('',*,*,#1989,.T.);
#875=ORIENTED_EDGE('',*,*,#1990,.F.);
#876=ORIENTED_EDGE('',*,*,#1991,.F.);
#877=ORIENTED_EDGE('',*,*,#1992,.F.);
#878=ORIENTED_EDGE('',*,*,#1993,.T.);
#879=ORIENTED_EDGE('',*,*,#1647,.T.);
#880=ORIENTED_EDGE('',*,*,#1994,.T.);
#881=ORIENTED_EDGE('',*,*,#1986,.F.);
#882=ORIENTED_EDGE('',*,*,#1761,.T.);
#883=ORIENTED_EDGE('',*,*,#1893,.T.);
#884=ORIENTED_EDGE('',*,*,#1995,.T.);
#885=ORIENTED_EDGE('',*,*,#1896,.F.);
#886=ORIENTED_EDGE('',*,*,#1996,.T.);
#887=ORIENTED_EDGE('',*,*,#1988,.F.);
#888=ORIENTED_EDGE('',*,*,#1997,.T.);
#889=ORIENTED_EDGE('',*,*,#1922,.F.);
#890=ORIENTED_EDGE('',*,*,#1998,.T.);
#891=ORIENTED_EDGE('',*,*,#1999,.T.);
#892=ORIENTED_EDGE('',*,*,#1702,.T.);
#893=ORIENTED_EDGE('',*,*,#2000,.T.);
#894=ORIENTED_EDGE('',*,*,#2001,.T.);
#895=ORIENTED_EDGE('',*,*,#1908,.F.);
#896=ORIENTED_EDGE('',*,*,#2002,.F.);
#897=ORIENTED_EDGE('',*,*,#2003,.F.);
#898=ORIENTED_EDGE('',*,*,#2004,.F.);
#899=ORIENTED_EDGE('',*,*,#1685,.T.);
#900=ORIENTED_EDGE('',*,*,#2005,.T.);
#901=ORIENTED_EDGE('',*,*,#1919,.F.);
#902=ORIENTED_EDGE('',*,*,#2006,.T.);
#903=ORIENTED_EDGE('',*,*,#1723,.T.);
#904=ORIENTED_EDGE('',*,*,#2007,.T.);
#905=ORIENTED_EDGE('',*,*,#2008,.T.);
#906=ORIENTED_EDGE('',*,*,#1697,.T.);
#907=ORIENTED_EDGE('',*,*,#2009,.T.);
#908=ORIENTED_EDGE('',*,*,#1927,.F.);
#909=ORIENTED_EDGE('',*,*,#2010,.T.);
#910=ORIENTED_EDGE('',*,*,#2011,.T.);
#911=ORIENTED_EDGE('',*,*,#2012,.T.);
#912=ORIENTED_EDGE('',*,*,#2013,.T.);
#913=ORIENTED_EDGE('',*,*,#1700,.T.);
#914=ORIENTED_EDGE('',*,*,#1920,.F.);
#915=ORIENTED_EDGE('',*,*,#2005,.F.);
#916=ORIENTED_EDGE('',*,*,#1729,.F.);
#917=ORIENTED_EDGE('',*,*,#1704,.T.);
#918=ORIENTED_EDGE('',*,*,#2014,.T.);
#919=ORIENTED_EDGE('',*,*,#2015,.F.);
#920=ORIENTED_EDGE('',*,*,#1921,.F.);
#921=ORIENTED_EDGE('',*,*,#2015,.T.);
#922=ORIENTED_EDGE('',*,*,#2016,.T.);
#923=ORIENTED_EDGE('',*,*,#1998,.F.);
#924=ORIENTED_EDGE('',*,*,#1695,.T.);
#925=ORIENTED_EDGE('',*,*,#2017,.T.);
#926=ORIENTED_EDGE('',*,*,#2018,.T.);
#927=ORIENTED_EDGE('',*,*,#2019,.T.);
#928=ORIENTED_EDGE('',*,*,#1693,.T.);
#929=ORIENTED_EDGE('',*,*,#2020,.T.);
#930=ORIENTED_EDGE('',*,*,#2021,.F.);
#931=ORIENTED_EDGE('',*,*,#2022,.T.);
#932=ORIENTED_EDGE('',*,*,#2023,.T.);
#933=ORIENTED_EDGE('',*,*,#2024,.T.);
#934=ORIENTED_EDGE('',*,*,#2025,.T.);
#935=ORIENTED_EDGE('',*,*,#2026,.F.);
#936=ORIENTED_EDGE('',*,*,#2027,.T.);
#937=ORIENTED_EDGE('',*,*,#2028,.T.);
#938=ORIENTED_EDGE('',*,*,#2029,.F.);
#939=ORIENTED_EDGE('',*,*,#2030,.F.);
#940=ORIENTED_EDGE('',*,*,#2018,.F.);
#941=ORIENTED_EDGE('',*,*,#2031,.T.);
#942=ORIENTED_EDGE('',*,*,#2024,.F.);
#943=ORIENTED_EDGE('',*,*,#2032,.F.);
#944=ORIENTED_EDGE('',*,*,#2033,.T.);
#945=ORIENTED_EDGE('',*,*,#2026,.T.);
#946=ORIENTED_EDGE('',*,*,#2034,.F.);
#947=ORIENTED_EDGE('',*,*,#2035,.F.);
#948=ORIENTED_EDGE('',*,*,#2007,.F.);
#949=ORIENTED_EDGE('',*,*,#2036,.T.);
#950=ORIENTED_EDGE('',*,*,#2037,.F.);
#951=ORIENTED_EDGE('',*,*,#2038,.T.);
#952=ORIENTED_EDGE('',*,*,#2032,.T.);
#953=ORIENTED_EDGE('',*,*,#2023,.F.);
#954=ORIENTED_EDGE('',*,*,#2039,.F.);
#955=ORIENTED_EDGE('',*,*,#1928,.F.);
#956=ORIENTED_EDGE('',*,*,#2011,.F.);
#957=ORIENTED_EDGE('',*,*,#2028,.F.);
#958=ORIENTED_EDGE('',*,*,#2040,.F.);
#959=ORIENTED_EDGE('',*,*,#2022,.F.);
#960=ORIENTED_EDGE('',*,*,#2041,.F.);
#961=ORIENTED_EDGE('',*,*,#2042,.T.);
#962=ORIENTED_EDGE('',*,*,#2039,.T.);
#963=ORIENTED_EDGE('',*,*,#1931,.T.);
#964=ORIENTED_EDGE('',*,*,#2043,.T.);
#965=ORIENTED_EDGE('',*,*,#2037,.T.);
#966=ORIENTED_EDGE('',*,*,#2042,.F.);
#967=ORIENTED_EDGE('',*,*,#2044,.F.);
#968=ORIENTED_EDGE('',*,*,#2045,.T.);
#969=ORIENTED_EDGE('',*,*,#2027,.F.);
#970=ORIENTED_EDGE('',*,*,#2046,.T.);
#971=ORIENTED_EDGE('',*,*,#1929,.T.);
#972=ORIENTED_EDGE('',*,*,#2040,.T.);
#973=ORIENTED_EDGE('',*,*,#2033,.F.);
#974=ORIENTED_EDGE('',*,*,#2038,.F.);
#975=ORIENTED_EDGE('',*,*,#2043,.F.);
#976=ORIENTED_EDGE('',*,*,#1930,.T.);
#977=ORIENTED_EDGE('',*,*,#2046,.F.);
#978=ORIENTED_EDGE('',*,*,#2047,.T.);
#979=ORIENTED_EDGE('',*,*,#2048,.T.);
#980=ORIENTED_EDGE('',*,*,#2044,.T.);
#981=ORIENTED_EDGE('',*,*,#2041,.T.);
#982=ORIENTED_EDGE('',*,*,#2021,.T.);
#983=ORIENTED_EDGE('',*,*,#2049,.T.);
#984=ORIENTED_EDGE('',*,*,#1652,.F.);
#985=ORIENTED_EDGE('',*,*,#2050,.T.);
#986=ORIENTED_EDGE('',*,*,#2051,.T.);
#987=ORIENTED_EDGE('',*,*,#2052,.T.);
#988=ORIENTED_EDGE('',*,*,#1924,.F.);
#989=ORIENTED_EDGE('',*,*,#2053,.F.);
#990=ORIENTED_EDGE('',*,*,#2054,.T.);
#991=ORIENTED_EDGE('',*,*,#2035,.T.);
#992=ORIENTED_EDGE('',*,*,#2034,.T.);
#993=ORIENTED_EDGE('',*,*,#2030,.T.);
#994=ORIENTED_EDGE('',*,*,#2029,.T.);
#995=ORIENTED_EDGE('',*,*,#2010,.F.);
#996=ORIENTED_EDGE('',*,*,#1926,.T.);
#997=ORIENTED_EDGE('',*,*,#2055,.T.);
#998=ORIENTED_EDGE('',*,*,#2056,.T.);
#999=ORIENTED_EDGE('',*,*,#2053,.T.);
#1000=ORIENTED_EDGE('',*,*,#1925,.F.);
#1001=ORIENTED_EDGE('',*,*,#2052,.F.);
#1002=ORIENTED_EDGE('',*,*,#1923,.F.);
#1003=ORIENTED_EDGE('',*,*,#2001,.F.);
#1004=ORIENTED_EDGE('',*,*,#2057,.F.);
#1005=ORIENTED_EDGE('',*,*,#2050,.F.);
#1006=ORIENTED_EDGE('',*,*,#2055,.F.);
#1007=ORIENTED_EDGE('',*,*,#2051,.F.);
#1008=ORIENTED_EDGE('',*,*,#2058,.F.);
#1009=ORIENTED_EDGE('',*,*,#2012,.F.);
#1010=ORIENTED_EDGE('',*,*,#1699,.F.);
#1011=ORIENTED_EDGE('',*,*,#2059,.T.);
#1012=ORIENTED_EDGE('',*,*,#2058,.T.);
#1013=ORIENTED_EDGE('',*,*,#2057,.T.);
#1014=ORIENTED_EDGE('',*,*,#2060,.F.);
#1015=ORIENTED_EDGE('',*,*,#2060,.T.);
#1016=ORIENTED_EDGE('',*,*,#2000,.F.);
#1017=ORIENTED_EDGE('',*,*,#1701,.F.);
#1018=ORIENTED_EDGE('',*,*,#2013,.F.);
#1019=ORIENTED_EDGE('',*,*,#1698,.F.);
#1020=ORIENTED_EDGE('',*,*,#2008,.F.);
#1021=ORIENTED_EDGE('',*,*,#2054,.F.);
#1022=ORIENTED_EDGE('',*,*,#2056,.F.);
#1023=ORIENTED_EDGE('',*,*,#2059,.F.);
#1024=ORIENTED_EDGE('',*,*,#2036,.F.);
#1025=ORIENTED_EDGE('',*,*,#2009,.F.);
#1026=ORIENTED_EDGE('',*,*,#1696,.F.);
#1027=ORIENTED_EDGE('',*,*,#2019,.F.);
#1028=ORIENTED_EDGE('',*,*,#1694,.F.);
#1029=ORIENTED_EDGE('',*,*,#2025,.F.);
#1030=ORIENTED_EDGE('',*,*,#2031,.F.);
#1031=ORIENTED_EDGE('',*,*,#2017,.F.);
#1032=ORIENTED_EDGE('',*,*,#2049,.F.);
#1033=ORIENTED_EDGE('',*,*,#2020,.F.);
#1034=ORIENTED_EDGE('',*,*,#1692,.F.);
#1035=ORIENTED_EDGE('',*,*,#1653,.F.);
#1036=ORIENTED_EDGE('',*,*,#2014,.F.);
#1037=ORIENTED_EDGE('',*,*,#1703,.F.);
#1038=ORIENTED_EDGE('',*,*,#1999,.F.);
#1039=ORIENTED_EDGE('',*,*,#2016,.F.);
#1040=ORIENTED_EDGE('',*,*,#2061,.F.);
#1041=ORIENTED_EDGE('',*,*,#1679,.T.);
#1042=ORIENTED_EDGE('',*,*,#2062,.T.);
#1043=ORIENTED_EDGE('',*,*,#1728,.F.);
#1044=ORIENTED_EDGE('',*,*,#2063,.F.);
#1045=ORIENTED_EDGE('',*,*,#1916,.T.);
#1046=ORIENTED_EDGE('',*,*,#2064,.F.);
#1047=ORIENTED_EDGE('',*,*,#2065,.F.);
#1048=ORIENTED_EDGE('',*,*,#1717,.F.);
#1049=ORIENTED_EDGE('',*,*,#2066,.F.);
#1050=ORIENTED_EDGE('',*,*,#1913,.F.);
#1051=ORIENTED_EDGE('',*,*,#2067,.F.);
#1052=ORIENTED_EDGE('',*,*,#2068,.F.);
#1053=ORIENTED_EDGE('',*,*,#1712,.F.);
#1054=ORIENTED_EDGE('',*,*,#2069,.F.);
#1055=ORIENTED_EDGE('',*,*,#2070,.F.);
#1056=ORIENTED_EDGE('',*,*,#2071,.F.);
#1057=ORIENTED_EDGE('',*,*,#1714,.F.);
#1058=ORIENTED_EDGE('',*,*,#2072,.F.);
#1059=ORIENTED_EDGE('',*,*,#1915,.F.);
#1060=ORIENTED_EDGE('',*,*,#2073,.T.);
#1061=ORIENTED_EDGE('',*,*,#2074,.F.);
#1062=ORIENTED_EDGE('',*,*,#1710,.F.);
#1063=ORIENTED_EDGE('',*,*,#2075,.T.);
#1064=ORIENTED_EDGE('',*,*,#2061,.T.);
#1065=ORIENTED_EDGE('',*,*,#1914,.F.);
#1066=ORIENTED_EDGE('',*,*,#2070,.T.);
#1067=ORIENTED_EDGE('',*,*,#2076,.F.);
#1068=ORIENTED_EDGE('',*,*,#2073,.F.);
#1069=ORIENTED_EDGE('',*,*,#1719,.F.);
#1070=ORIENTED_EDGE('',*,*,#2077,.F.);
#1071=ORIENTED_EDGE('',*,*,#2078,.F.);
#1072=ORIENTED_EDGE('',*,*,#2079,.F.);
#1073=ORIENTED_EDGE('',*,*,#1721,.F.);
#1074=ORIENTED_EDGE('',*,*,#2080,.F.);
#1075=ORIENTED_EDGE('',*,*,#2081,.F.);
#1076=ORIENTED_EDGE('',*,*,#2082,.F.);
#1077=ORIENTED_EDGE('',*,*,#2083,.F.);
#1078=ORIENTED_EDGE('',*,*,#2084,.T.);
#1079=ORIENTED_EDGE('',*,*,#2085,.F.);
#1080=ORIENTED_EDGE('',*,*,#2086,.F.);
#1081=ORIENTED_EDGE('',*,*,#2087,.T.);
#1082=ORIENTED_EDGE('',*,*,#1688,.T.);
#1083=ORIENTED_EDGE('',*,*,#2088,.F.);
#1084=ORIENTED_EDGE('',*,*,#2089,.F.);
#1085=ORIENTED_EDGE('',*,*,#2090,.F.);
#1086=ORIENTED_EDGE('',*,*,#2091,.F.);
#1087=ORIENTED_EDGE('',*,*,#2092,.F.);
#1088=ORIENTED_EDGE('',*,*,#2093,.F.);
#1089=ORIENTED_EDGE('',*,*,#2078,.T.);
#1090=ORIENTED_EDGE('',*,*,#2094,.F.);
#1091=ORIENTED_EDGE('',*,*,#2064,.T.);
#1092=ORIENTED_EDGE('',*,*,#2095,.F.);
#1093=ORIENTED_EDGE('',*,*,#2096,.F.);
#1094=ORIENTED_EDGE('',*,*,#2089,.T.);
#1095=ORIENTED_EDGE('',*,*,#2097,.F.);
#1096=ORIENTED_EDGE('',*,*,#2098,.T.);
#1097=ORIENTED_EDGE('',*,*,#2081,.T.);
#1098=ORIENTED_EDGE('',*,*,#2099,.F.);
#1099=ORIENTED_EDGE('',*,*,#2100,.T.);
#1100=ORIENTED_EDGE('',*,*,#2101,.T.);
#1101=ORIENTED_EDGE('',*,*,#2082,.T.);
#1102=ORIENTED_EDGE('',*,*,#2098,.F.);
#1103=ORIENTED_EDGE('',*,*,#2102,.F.);
#1104=ORIENTED_EDGE('',*,*,#1907,.F.);
#1105=ORIENTED_EDGE('',*,*,#2103,.T.);
#1106=ORIENTED_EDGE('',*,*,#2092,.T.);
#1107=ORIENTED_EDGE('',*,*,#2002,.T.);
#1108=ORIENTED_EDGE('',*,*,#2083,.T.);
#1109=ORIENTED_EDGE('',*,*,#2101,.F.);
#1110=ORIENTED_EDGE('',*,*,#2104,.F.);
#1111=ORIENTED_EDGE('',*,*,#2105,.T.);
#1112=ORIENTED_EDGE('',*,*,#1904,.F.);
#1113=ORIENTED_EDGE('',*,*,#2106,.T.);
#1114=ORIENTED_EDGE('',*,*,#2107,.T.);
#1115=ORIENTED_EDGE('',*,*,#2104,.T.);
#1116=ORIENTED_EDGE('',*,*,#2100,.F.);
#1117=ORIENTED_EDGE('',*,*,#2108,.F.);
#1118=ORIENTED_EDGE('',*,*,#2093,.T.);
#1119=ORIENTED_EDGE('',*,*,#2103,.F.);
#1120=ORIENTED_EDGE('',*,*,#1906,.F.);
#1121=ORIENTED_EDGE('',*,*,#2109,.F.);
#1122=ORIENTED_EDGE('',*,*,#2097,.T.);
#1123=ORIENTED_EDGE('',*,*,#2109,.T.);
#1124=ORIENTED_EDGE('',*,*,#1905,.F.);
#1125=ORIENTED_EDGE('',*,*,#2108,.T.);
#1126=ORIENTED_EDGE('',*,*,#2102,.T.);
#1127=ORIENTED_EDGE('',*,*,#2107,.F.);
#1128=ORIENTED_EDGE('',*,*,#2110,.T.);
#1129=ORIENTED_EDGE('',*,*,#2111,.T.);
#1130=ORIENTED_EDGE('',*,*,#2086,.T.);
#1131=ORIENTED_EDGE('',*,*,#2112,.F.);
#1132=ORIENTED_EDGE('',*,*,#2084,.F.);
#1133=ORIENTED_EDGE('',*,*,#2105,.F.);
#1134=ORIENTED_EDGE('',*,*,#2113,.F.);
#1135=ORIENTED_EDGE('',*,*,#1911,.T.);
#1136=ORIENTED_EDGE('',*,*,#2114,.F.);
#1137=ORIENTED_EDGE('',*,*,#2115,.F.);
#1138=ORIENTED_EDGE('',*,*,#2116,.T.);
#1139=ORIENTED_EDGE('',*,*,#1909,.F.);
#1140=ORIENTED_EDGE('',*,*,#2003,.T.);
#1141=ORIENTED_EDGE('',*,*,#2091,.T.);
#1142=ORIENTED_EDGE('',*,*,#2090,.T.);
#1143=ORIENTED_EDGE('',*,*,#2096,.T.);
#1144=ORIENTED_EDGE('',*,*,#2095,.T.);
#1145=ORIENTED_EDGE('',*,*,#2117,.F.);
#1146=ORIENTED_EDGE('',*,*,#2118,.F.);
#1147=ORIENTED_EDGE('',*,*,#2114,.T.);
#1148=ORIENTED_EDGE('',*,*,#1910,.T.);
#1149=ORIENTED_EDGE('',*,*,#2116,.F.);
#1150=ORIENTED_EDGE('',*,*,#2119,.F.);
#1151=ORIENTED_EDGE('',*,*,#1912,.T.);
#1152=ORIENTED_EDGE('',*,*,#2113,.T.);
#1153=ORIENTED_EDGE('',*,*,#2120,.T.);
#1154=ORIENTED_EDGE('',*,*,#2067,.T.);
#1155=ORIENTED_EDGE('',*,*,#2118,.T.);
#1156=ORIENTED_EDGE('',*,*,#2121,.F.);
#1157=ORIENTED_EDGE('',*,*,#1715,.T.);
#1158=ORIENTED_EDGE('',*,*,#2071,.T.);
#1159=ORIENTED_EDGE('',*,*,#2122,.T.);
#1160=ORIENTED_EDGE('',*,*,#2115,.T.);
#1161=ORIENTED_EDGE('',*,*,#2122,.F.);
#1162=ORIENTED_EDGE('',*,*,#2123,.T.);
#1163=ORIENTED_EDGE('',*,*,#2120,.F.);
#1164=ORIENTED_EDGE('',*,*,#2123,.F.);
#1165=ORIENTED_EDGE('',*,*,#2072,.T.);
#1166=ORIENTED_EDGE('',*,*,#1713,.T.);
#1167=ORIENTED_EDGE('',*,*,#2068,.T.);
#1168=ORIENTED_EDGE('',*,*,#1716,.T.);
#1169=ORIENTED_EDGE('',*,*,#2121,.T.);
#1170=ORIENTED_EDGE('',*,*,#2119,.T.);
#1171=ORIENTED_EDGE('',*,*,#2117,.T.);
#1172=ORIENTED_EDGE('',*,*,#2066,.T.);
#1173=ORIENTED_EDGE('',*,*,#2094,.T.);
#1174=ORIENTED_EDGE('',*,*,#2077,.T.);
#1175=ORIENTED_EDGE('',*,*,#1718,.T.);
#1176=ORIENTED_EDGE('',*,*,#2065,.T.);
#1177=ORIENTED_EDGE('',*,*,#1720,.T.);
#1178=ORIENTED_EDGE('',*,*,#2079,.T.);
#1179=ORIENTED_EDGE('',*,*,#2099,.T.);
#1180=ORIENTED_EDGE('',*,*,#2080,.T.);
#1181=ORIENTED_EDGE('',*,*,#2112,.T.);
#1182=ORIENTED_EDGE('',*,*,#2088,.T.);
#1183=ORIENTED_EDGE('',*,*,#1722,.T.);
#1184=ORIENTED_EDGE('',*,*,#2085,.T.);
#1185=ORIENTED_EDGE('',*,*,#2074,.T.);
#1186=ORIENTED_EDGE('',*,*,#2076,.T.);
#1187=ORIENTED_EDGE('',*,*,#2069,.T.);
#1188=ORIENTED_EDGE('',*,*,#1711,.T.);
#1189=ORIENTED_EDGE('',*,*,#2006,.F.);
#1190=ORIENTED_EDGE('',*,*,#1918,.T.);
#1191=ORIENTED_EDGE('',*,*,#1732,.T.);
#1192=ORIENTED_EDGE('',*,*,#1663,.T.);
#1193=ORIENTED_EDGE('',*,*,#1724,.F.);
#1194=ORIENTED_EDGE('',*,*,#1731,.F.);
#1195=ORIENTED_EDGE('',*,*,#1917,.T.);
#1196=ORIENTED_EDGE('',*,*,#2063,.T.);
#1197=ORIENTED_EDGE('',*,*,#1727,.F.);
#1198=ORIENTED_EDGE('',*,*,#1660,.F.);
#1199=ORIENTED_EDGE('',*,*,#2075,.F.);
#1200=ORIENTED_EDGE('',*,*,#1709,.F.);
#1201=ORIENTED_EDGE('',*,*,#1730,.F.);
#1202=ORIENTED_EDGE('',*,*,#1680,.T.);
#1203=ORIENTED_EDGE('',*,*,#1726,.F.);
#1204=ORIENTED_EDGE('',*,*,#2062,.F.);
#1205=ORIENTED_EDGE('',*,*,#1678,.T.);
#1206=ORIENTED_EDGE('',*,*,#1662,.T.);
#1207=ORIENTED_EDGE('',*,*,#1725,.F.);
#1208=ORIENTED_EDGE('',*,*,#1665,.F.);
#1209=ORIENTED_EDGE('',*,*,#1686,.T.);
#1210=ORIENTED_EDGE('',*,*,#2004,.T.);
#1211=ORIENTED_EDGE('',*,*,#1871,.F.);
#1212=ORIENTED_EDGE('',*,*,#2124,.T.);
#1213=ORIENTED_EDGE('',*,*,#1865,.F.);
#1214=ORIENTED_EDGE('',*,*,#2125,.T.);
#1215=ORIENTED_EDGE('',*,*,#1867,.F.);
#1216=ORIENTED_EDGE('',*,*,#2126,.T.);
#1217=ORIENTED_EDGE('',*,*,#1861,.F.);
#1218=ORIENTED_EDGE('',*,*,#2127,.T.);
#1219=ORIENTED_EDGE('',*,*,#1859,.F.);
#1220=ORIENTED_EDGE('',*,*,#2128,.T.);
#1221=ORIENTED_EDGE('',*,*,#1853,.F.);
#1222=ORIENTED_EDGE('',*,*,#2129,.T.);
#1223=ORIENTED_EDGE('',*,*,#1863,.F.);
#1224=ORIENTED_EDGE('',*,*,#2130,.T.);
#1225=ORIENTED_EDGE('',*,*,#1857,.F.);
#1226=ORIENTED_EDGE('',*,*,#2131,.T.);
#1227=ORIENTED_EDGE('',*,*,#2132,.F.);
#1228=ORIENTED_EDGE('',*,*,#2125,.F.);
#1229=ORIENTED_EDGE('',*,*,#2133,.T.);
#1230=ORIENTED_EDGE('',*,*,#1881,.F.);
#1231=ORIENTED_EDGE('',*,*,#1749,.F.);
#1232=ORIENTED_EDGE('',*,*,#1846,.F.);
#1233=ORIENTED_EDGE('',*,*,#2134,.F.);
#1234=ORIENTED_EDGE('',*,*,#2135,.F.);
#1235=ORIENTED_EDGE('',*,*,#2134,.T.);
#1236=ORIENTED_EDGE('',*,*,#1845,.F.);
#1237=ORIENTED_EDGE('',*,*,#2136,.F.);
#1238=ORIENTED_EDGE('',*,*,#1870,.F.);
#1239=ORIENTED_EDGE('',*,*,#2133,.F.);
#1240=ORIENTED_EDGE('',*,*,#1868,.F.);
#1241=ORIENTED_EDGE('',*,*,#2137,.T.);
#1242=ORIENTED_EDGE('',*,*,#1882,.F.);
#1243=ORIENTED_EDGE('',*,*,#2132,.T.);
#1244=ORIENTED_EDGE('',*,*,#1880,.F.);
#1245=ORIENTED_EDGE('',*,*,#2138,.F.);
#1246=ORIENTED_EDGE('',*,*,#1872,.F.);
#1247=ORIENTED_EDGE('',*,*,#2135,.T.);
#1248=ORIENTED_EDGE('',*,*,#1869,.F.);
#1249=ORIENTED_EDGE('',*,*,#2139,.F.);
#1250=ORIENTED_EDGE('',*,*,#1750,.F.);
#1251=ORIENTED_EDGE('',*,*,#2136,.T.);
#1252=ORIENTED_EDGE('',*,*,#1844,.F.);
#1253=ORIENTED_EDGE('',*,*,#2140,.F.);
#1254=ORIENTED_EDGE('',*,*,#2124,.F.);
#1255=ORIENTED_EDGE('',*,*,#2137,.F.);
#1256=ORIENTED_EDGE('',*,*,#2127,.F.);
#1257=ORIENTED_EDGE('',*,*,#2141,.T.);
#1258=ORIENTED_EDGE('',*,*,#2138,.T.);
#1259=ORIENTED_EDGE('',*,*,#1879,.T.);
#1260=ORIENTED_EDGE('',*,*,#2142,.F.);
#1261=ORIENTED_EDGE('',*,*,#2139,.T.);
#1262=ORIENTED_EDGE('',*,*,#2140,.T.);
#1263=ORIENTED_EDGE('',*,*,#1843,.F.);
#1264=ORIENTED_EDGE('',*,*,#2143,.F.);
#1265=ORIENTED_EDGE('',*,*,#1866,.F.);
#1266=ORIENTED_EDGE('',*,*,#2141,.F.);
#1267=ORIENTED_EDGE('',*,*,#1864,.F.);
#1268=ORIENTED_EDGE('',*,*,#2144,.F.);
#1269=ORIENTED_EDGE('',*,*,#1883,.F.);
#1270=ORIENTED_EDGE('',*,*,#2142,.T.);
#1271=ORIENTED_EDGE('',*,*,#1878,.F.);
#1272=ORIENTED_EDGE('',*,*,#2145,.F.);
#1273=ORIENTED_EDGE('',*,*,#1751,.F.);
#1274=ORIENTED_EDGE('',*,*,#2126,.F.);
#1275=ORIENTED_EDGE('',*,*,#2143,.T.);
#1276=ORIENTED_EDGE('',*,*,#2146,.F.);
#1277=ORIENTED_EDGE('',*,*,#2144,.T.);
#1278=ORIENTED_EDGE('',*,*,#2131,.F.);
#1279=ORIENTED_EDGE('',*,*,#2147,.F.);
#1280=ORIENTED_EDGE('',*,*,#2145,.T.);
#1281=ORIENTED_EDGE('',*,*,#1877,.F.);
#1282=ORIENTED_EDGE('',*,*,#2148,.F.);
#1283=ORIENTED_EDGE('',*,*,#1836,.F.);
#1284=ORIENTED_EDGE('',*,*,#2146,.T.);
#1285=ORIENTED_EDGE('',*,*,#1842,.F.);
#1286=ORIENTED_EDGE('',*,*,#2149,.F.);
#1287=ORIENTED_EDGE('',*,*,#1862,.F.);
#1288=ORIENTED_EDGE('',*,*,#2147,.T.);
#1289=ORIENTED_EDGE('',*,*,#1860,.F.);
#1290=ORIENTED_EDGE('',*,*,#2150,.F.);
#1291=ORIENTED_EDGE('',*,*,#1884,.F.);
#1292=ORIENTED_EDGE('',*,*,#2148,.T.);
#1293=ORIENTED_EDGE('',*,*,#1876,.F.);
#1294=ORIENTED_EDGE('',*,*,#2151,.T.);
#1295=ORIENTED_EDGE('',*,*,#1847,.F.);
#1296=ORIENTED_EDGE('',*,*,#2130,.F.);
#1297=ORIENTED_EDGE('',*,*,#2149,.T.);
#1298=ORIENTED_EDGE('',*,*,#2152,.F.);
#1299=ORIENTED_EDGE('',*,*,#2150,.T.);
#1300=ORIENTED_EDGE('',*,*,#2129,.F.);
#1301=ORIENTED_EDGE('',*,*,#2153,.F.);
#1302=ORIENTED_EDGE('',*,*,#2151,.F.);
#1303=ORIENTED_EDGE('',*,*,#1875,.F.);
#1304=ORIENTED_EDGE('',*,*,#2154,.T.);
#1305=ORIENTED_EDGE('',*,*,#1835,.F.);
#1306=ORIENTED_EDGE('',*,*,#2152,.T.);
#1307=ORIENTED_EDGE('',*,*,#1841,.F.);
#1308=ORIENTED_EDGE('',*,*,#2155,.F.);
#1309=ORIENTED_EDGE('',*,*,#1858,.F.);
#1310=ORIENTED_EDGE('',*,*,#2153,.T.);
#1311=ORIENTED_EDGE('',*,*,#1856,.F.);
#1312=ORIENTED_EDGE('',*,*,#2156,.F.);
#1313=ORIENTED_EDGE('',*,*,#1885,.F.);
#1314=ORIENTED_EDGE('',*,*,#2154,.F.);
#1315=ORIENTED_EDGE('',*,*,#1874,.F.);
#1316=ORIENTED_EDGE('',*,*,#2157,.F.);
#1317=ORIENTED_EDGE('',*,*,#1745,.F.);
#1318=ORIENTED_EDGE('',*,*,#2128,.F.);
#1319=ORIENTED_EDGE('',*,*,#2155,.T.);
#1320=ORIENTED_EDGE('',*,*,#2158,.F.);
#1321=ORIENTED_EDGE('',*,*,#1873,.T.);
#1322=ORIENTED_EDGE('',*,*,#2156,.T.);
#1323=ORIENTED_EDGE('',*,*,#2159,.F.);
#1324=ORIENTED_EDGE('',*,*,#2157,.T.);
#1325=ORIENTED_EDGE('',*,*,#2158,.T.);
#1326=ORIENTED_EDGE('',*,*,#1840,.F.);
#1327=ORIENTED_EDGE('',*,*,#2160,.F.);
#1328=ORIENTED_EDGE('',*,*,#1854,.F.);
#1329=ORIENTED_EDGE('',*,*,#2159,.T.);
#1330=ORIENTED_EDGE('',*,*,#1855,.F.);
#1331=ORIENTED_EDGE('',*,*,#2161,.F.);
#1332=ORIENTED_EDGE('',*,*,#1746,.F.);
#1333=ORIENTED_EDGE('',*,*,#1839,.F.);
#1334=ORIENTED_EDGE('',*,*,#1747,.F.);
#1335=ORIENTED_EDGE('',*,*,#2161,.T.);
#1336=ORIENTED_EDGE('',*,*,#2160,.T.);
#1337=ORIENTED_EDGE('',*,*,#2162,.T.);
#1338=ORIENTED_EDGE('',*,*,#1976,.F.);
#1339=ORIENTED_EDGE('',*,*,#2163,.F.);
#1340=ORIENTED_EDGE('',*,*,#1777,.F.);
#1341=ORIENTED_EDGE('',*,*,#2163,.T.);
#1342=ORIENTED_EDGE('',*,*,#1975,.F.);
#1343=ORIENTED_EDGE('',*,*,#2164,.F.);
#1344=ORIENTED_EDGE('',*,*,#1946,.F.);
#1345=ORIENTED_EDGE('',*,*,#2162,.F.);
#1346=ORIENTED_EDGE('',*,*,#1949,.F.);
#1347=ORIENTED_EDGE('',*,*,#2165,.T.);
#1348=ORIENTED_EDGE('',*,*,#1977,.F.);
#1349=ORIENTED_EDGE('',*,*,#2164,.T.);
#1350=ORIENTED_EDGE('',*,*,#1974,.F.);
#1351=ORIENTED_EDGE('',*,*,#2166,.F.);
#1352=ORIENTED_EDGE('',*,*,#1934,.F.);
#1353=ORIENTED_EDGE('',*,*,#2167,.T.);
#1354=ORIENTED_EDGE('',*,*,#2165,.F.);
#1355=ORIENTED_EDGE('',*,*,#2168,.T.);
#1356=ORIENTED_EDGE('',*,*,#2166,.T.);
#1357=ORIENTED_EDGE('',*,*,#1985,.F.);
#1358=ORIENTED_EDGE('',*,*,#2169,.F.);
#1359=ORIENTED_EDGE('',*,*,#1966,.F.);
#1360=ORIENTED_EDGE('',*,*,#1775,.F.);
#1361=ORIENTED_EDGE('',*,*,#1973,.F.);
#1362=ORIENTED_EDGE('',*,*,#2170,.F.);
#1363=ORIENTED_EDGE('',*,*,#1947,.F.);
#1364=ORIENTED_EDGE('',*,*,#2168,.F.);
#1365=ORIENTED_EDGE('',*,*,#1948,.F.);
#1366=ORIENTED_EDGE('',*,*,#2171,.T.);
#1367=ORIENTED_EDGE('',*,*,#1951,.F.);
#1368=ORIENTED_EDGE('',*,*,#2167,.F.);
#1369=ORIENTED_EDGE('',*,*,#1950,.F.);
#1370=ORIENTED_EDGE('',*,*,#2172,.T.);
#1371=ORIENTED_EDGE('',*,*,#1978,.F.);
#1372=ORIENTED_EDGE('',*,*,#2169,.T.);
#1373=ORIENTED_EDGE('',*,*,#1984,.F.);
#1374=ORIENTED_EDGE('',*,*,#2173,.T.);
#1375=ORIENTED_EDGE('',*,*,#1771,.F.);
#1376=ORIENTED_EDGE('',*,*,#2171,.F.);
#1377=ORIENTED_EDGE('',*,*,#2170,.T.);
#1378=ORIENTED_EDGE('',*,*,#2174,.T.);
#1379=ORIENTED_EDGE('',*,*,#2175,.T.);
#1380=ORIENTED_EDGE('',*,*,#2172,.F.);
#1381=ORIENTED_EDGE('',*,*,#2176,.T.);
#1382=ORIENTED_EDGE('',*,*,#2173,.F.);
#1383=ORIENTED_EDGE('',*,*,#1983,.T.);
#1384=ORIENTED_EDGE('',*,*,#2177,.T.);
#1385=ORIENTED_EDGE('',*,*,#2178,.T.);
#1386=ORIENTED_EDGE('',*,*,#2174,.F.);
#1387=ORIENTED_EDGE('',*,*,#1972,.F.);
#1388=ORIENTED_EDGE('',*,*,#2179,.T.);
#1389=ORIENTED_EDGE('',*,*,#1952,.F.);
#1390=ORIENTED_EDGE('',*,*,#2176,.F.);
#1391=ORIENTED_EDGE('',*,*,#1953,.F.);
#1392=ORIENTED_EDGE('',*,*,#2180,.T.);
#1393=ORIENTED_EDGE('',*,*,#1954,.F.);
#1394=ORIENTED_EDGE('',*,*,#2175,.F.);
#1395=ORIENTED_EDGE('',*,*,#1957,.F.);
#1396=ORIENTED_EDGE('',*,*,#2181,.T.);
#1397=ORIENTED_EDGE('',*,*,#1979,.F.);
#1398=ORIENTED_EDGE('',*,*,#2182,.F.);
#1399=ORIENTED_EDGE('',*,*,#1980,.F.);
#1400=ORIENTED_EDGE('',*,*,#2183,.T.);
#1401=ORIENTED_EDGE('',*,*,#1961,.F.);
#1402=ORIENTED_EDGE('',*,*,#2177,.F.);
#1403=ORIENTED_EDGE('',*,*,#1982,.F.);
#1404=ORIENTED_EDGE('',*,*,#2184,.T.);
#1405=ORIENTED_EDGE('',*,*,#1962,.F.);
#1406=ORIENTED_EDGE('',*,*,#2178,.F.);
#1407=ORIENTED_EDGE('',*,*,#1965,.F.);
#1408=ORIENTED_EDGE('',*,*,#2185,.T.);
#1409=ORIENTED_EDGE('',*,*,#1772,.F.);
#1410=ORIENTED_EDGE('',*,*,#2180,.F.);
#1411=ORIENTED_EDGE('',*,*,#2179,.F.);
#1412=ORIENTED_EDGE('',*,*,#2186,.T.);
#1413=ORIENTED_EDGE('',*,*,#2183,.F.);
#1414=ORIENTED_EDGE('',*,*,#2181,.F.);
#1415=ORIENTED_EDGE('',*,*,#2187,.T.);
#1416=ORIENTED_EDGE('',*,*,#1981,.T.);
#1417=ORIENTED_EDGE('',*,*,#2182,.T.);
#1418=ORIENTED_EDGE('',*,*,#2188,.T.);
#1419=ORIENTED_EDGE('',*,*,#2184,.F.);
#1420=ORIENTED_EDGE('',*,*,#1773,.F.);
#1421=ORIENTED_EDGE('',*,*,#2185,.F.);
#1422=ORIENTED_EDGE('',*,*,#2189,.T.);
#1423=ORIENTED_EDGE('',*,*,#1967,.F.);
#1424=ORIENTED_EDGE('',*,*,#2186,.F.);
#1425=ORIENTED_EDGE('',*,*,#1971,.F.);
#1426=ORIENTED_EDGE('',*,*,#2190,.T.);
#1427=ORIENTED_EDGE('',*,*,#1955,.F.);
#1428=ORIENTED_EDGE('',*,*,#2187,.F.);
#1429=ORIENTED_EDGE('',*,*,#1956,.F.);
#1430=ORIENTED_EDGE('',*,*,#2191,.T.);
#1431=ORIENTED_EDGE('',*,*,#1958,.F.);
#1432=ORIENTED_EDGE('',*,*,#2188,.F.);
#1433=ORIENTED_EDGE('',*,*,#1960,.F.);
#1434=ORIENTED_EDGE('',*,*,#2192,.T.);
#1435=ORIENTED_EDGE('',*,*,#1963,.F.);
#1436=ORIENTED_EDGE('',*,*,#2189,.F.);
#1437=ORIENTED_EDGE('',*,*,#1964,.F.);
#1438=ORIENTED_EDGE('',*,*,#2193,.T.);
#1439=ORIENTED_EDGE('',*,*,#1968,.F.);
#1440=ORIENTED_EDGE('',*,*,#2191,.F.);
#1441=ORIENTED_EDGE('',*,*,#2190,.F.);
#1442=ORIENTED_EDGE('',*,*,#2194,.F.);
#1443=ORIENTED_EDGE('',*,*,#2193,.F.);
#1444=ORIENTED_EDGE('',*,*,#2192,.F.);
#1445=ORIENTED_EDGE('',*,*,#2195,.T.);
#1446=ORIENTED_EDGE('',*,*,#1969,.T.);
#1447=ORIENTED_EDGE('',*,*,#2194,.T.);
#1448=ORIENTED_EDGE('',*,*,#1970,.F.);
#1449=ORIENTED_EDGE('',*,*,#2195,.F.);
#1450=ORIENTED_EDGE('',*,*,#1959,.F.);
#1451=ORIENTED_EDGE('',*,*,#1900,.F.);
#1452=ORIENTED_EDGE('',*,*,#1987,.F.);
#1453=ORIENTED_EDGE('',*,*,#1994,.F.);
#1454=ORIENTED_EDGE('',*,*,#1650,.F.);
#1455=ORIENTED_EDGE('',*,*,#1897,.F.);
#1456=ORIENTED_EDGE('',*,*,#1997,.F.);
#1457=ORIENTED_EDGE('',*,*,#1995,.F.);
#1458=ORIENTED_EDGE('',*,*,#1892,.F.);
#1459=ORIENTED_EDGE('',*,*,#1902,.T.);
#1460=ORIENTED_EDGE('',*,*,#2196,.T.);
#1461=ORIENTED_EDGE('',*,*,#1992,.T.);
#1462=ORIENTED_EDGE('',*,*,#2197,.F.);
#1463=ORIENTED_EDGE('',*,*,#1689,.T.);
#1464=ORIENTED_EDGE('',*,*,#2087,.F.);
#1465=ORIENTED_EDGE('',*,*,#2111,.F.);
#1466=ORIENTED_EDGE('',*,*,#2198,.T.);
#1467=ORIENTED_EDGE('',*,*,#1990,.T.);
#1468=ORIENTED_EDGE('',*,*,#2199,.T.);
#1469=ORIENTED_EDGE('',*,*,#1894,.T.);
#1470=ORIENTED_EDGE('',*,*,#2200,.T.);
#1471=ORIENTED_EDGE('',*,*,#2047,.F.);
#1472=ORIENTED_EDGE('',*,*,#1651,.T.);
#1473=ORIENTED_EDGE('',*,*,#1691,.T.);
#1474=ORIENTED_EDGE('',*,*,#2201,.T.);
#1475=ORIENTED_EDGE('',*,*,#1991,.T.);
#1476=ORIENTED_EDGE('',*,*,#2201,.F.);
#1477=ORIENTED_EDGE('',*,*,#1690,.T.);
#1478=ORIENTED_EDGE('',*,*,#2197,.T.);
#1479=ORIENTED_EDGE('',*,*,#2198,.F.);
#1480=ORIENTED_EDGE('',*,*,#2110,.F.);
#1481=ORIENTED_EDGE('',*,*,#2106,.F.);
#1482=ORIENTED_EDGE('',*,*,#1903,.F.);
#1483=ORIENTED_EDGE('',*,*,#2200,.F.);
#1484=ORIENTED_EDGE('',*,*,#1932,.F.);
#1485=ORIENTED_EDGE('',*,*,#2045,.F.);
#1486=ORIENTED_EDGE('',*,*,#2048,.F.);
#1487=ORIENTED_EDGE('',*,*,#1989,.F.);
#1488=ORIENTED_EDGE('',*,*,#1996,.F.);
#1489=ORIENTED_EDGE('',*,*,#1895,.F.);
#1490=ORIENTED_EDGE('',*,*,#2199,.F.);
#1491=ORIENTED_EDGE('',*,*,#1901,.F.);
#1492=ORIENTED_EDGE('',*,*,#1648,.F.);
#1493=ORIENTED_EDGE('',*,*,#1993,.F.);
#1494=ORIENTED_EDGE('',*,*,#2196,.F.);
#1495=ORIENTED_EDGE('',*,*,#1799,.F.);
#1496=ORIENTED_EDGE('',*,*,#1808,.F.);
#1497=ORIENTED_EDGE('',*,*,#1741,.F.);
#1498=ORIENTED_EDGE('',*,*,#1802,.F.);
#1499=ORIENTED_EDGE('',*,*,#1743,.F.);
#1500=ORIENTED_EDGE('',*,*,#1809,.F.);
#1501=ORIENTED_EDGE('',*,*,#1801,.F.);
#1502=ORIENTED_EDGE('',*,*,#1735,.F.);
#1503=ORIENTED_EDGE('',*,*,#2202,.F.);
#1504=ORIENTED_EDGE('',*,*,#2203,.T.);
#1505=ORIENTED_EDGE('',*,*,#2204,.F.);
#1506=ORIENTED_EDGE('',*,*,#2205,.T.);
#1507=ORIENTED_EDGE('',*,*,#2206,.F.);
#1508=ORIENTED_EDGE('',*,*,#2207,.T.);
#1509=ORIENTED_EDGE('',*,*,#2208,.F.);
#1510=ORIENTED_EDGE('',*,*,#2209,.T.);
#1511=ORIENTED_EDGE('',*,*,#2210,.F.);
#1512=ORIENTED_EDGE('',*,*,#2211,.T.);
#1513=ORIENTED_EDGE('',*,*,#2212,.F.);
#1514=ORIENTED_EDGE('',*,*,#2213,.T.);
#1515=ORIENTED_EDGE('',*,*,#2214,.F.);
#1516=ORIENTED_EDGE('',*,*,#2215,.T.);
#1517=ORIENTED_EDGE('',*,*,#2216,.F.);
#1518=ORIENTED_EDGE('',*,*,#2217,.T.);
#1519=ORIENTED_EDGE('',*,*,#2218,.F.);
#1520=ORIENTED_EDGE('',*,*,#2219,.T.);
#1521=ORIENTED_EDGE('',*,*,#2208,.T.);
#1522=ORIENTED_EDGE('',*,*,#2220,.T.);
#1523=ORIENTED_EDGE('',*,*,#2221,.F.);
#1524=ORIENTED_EDGE('',*,*,#2222,.F.);
#1525=ORIENTED_EDGE('',*,*,#2223,.F.);
#1526=ORIENTED_EDGE('',*,*,#2224,.T.);
#1527=ORIENTED_EDGE('',*,*,#2225,.F.);
#1528=ORIENTED_EDGE('',*,*,#2226,.F.);
#1529=ORIENTED_EDGE('',*,*,#2227,.F.);
#1530=ORIENTED_EDGE('',*,*,#2228,.T.);
#1531=ORIENTED_EDGE('',*,*,#2202,.T.);
#1532=ORIENTED_EDGE('',*,*,#2229,.T.);
#1533=ORIENTED_EDGE('',*,*,#2230,.F.);
#1534=ORIENTED_EDGE('',*,*,#2221,.T.);
#1535=ORIENTED_EDGE('',*,*,#2231,.F.);
#1536=ORIENTED_EDGE('',*,*,#2232,.T.);
#1537=ORIENTED_EDGE('',*,*,#2233,.F.);
#1538=ORIENTED_EDGE('',*,*,#2234,.T.);
#1539=ORIENTED_EDGE('',*,*,#2235,.F.);
#1540=ORIENTED_EDGE('',*,*,#2225,.T.);
#1541=ORIENTED_EDGE('',*,*,#2236,.F.);
#1542=ORIENTED_EDGE('',*,*,#2237,.T.);
#1543=ORIENTED_EDGE('',*,*,#2234,.F.);
#1544=ORIENTED_EDGE('',*,*,#2238,.T.);
#1545=ORIENTED_EDGE('',*,*,#2204,.T.);
#1546=ORIENTED_EDGE('',*,*,#2239,.T.);
#1547=ORIENTED_EDGE('',*,*,#2232,.F.);
#1548=ORIENTED_EDGE('',*,*,#2240,.T.);
#1549=ORIENTED_EDGE('',*,*,#2206,.T.);
#1550=ORIENTED_EDGE('',*,*,#2241,.T.);
#1551=ORIENTED_EDGE('',*,*,#2242,.F.);
#1552=ORIENTED_EDGE('',*,*,#2239,.F.);
#1553=ORIENTED_EDGE('',*,*,#2203,.F.);
#1554=ORIENTED_EDGE('',*,*,#2228,.F.);
#1555=ORIENTED_EDGE('',*,*,#2243,.F.);
#1556=ORIENTED_EDGE('',*,*,#2229,.F.);
#1557=ORIENTED_EDGE('',*,*,#2209,.F.);
#1558=ORIENTED_EDGE('',*,*,#2219,.F.);
#1559=ORIENTED_EDGE('',*,*,#2238,.F.);
#1560=ORIENTED_EDGE('',*,*,#2233,.T.);
#1561=ORIENTED_EDGE('',*,*,#2241,.F.);
#1562=ORIENTED_EDGE('',*,*,#2205,.F.);
#1563=ORIENTED_EDGE('',*,*,#2240,.F.);
#1564=ORIENTED_EDGE('',*,*,#2231,.T.);
#1565=ORIENTED_EDGE('',*,*,#2220,.F.);
#1566=ORIENTED_EDGE('',*,*,#2207,.F.);
#1567=ORIENTED_EDGE('',*,*,#2235,.T.);
#1568=ORIENTED_EDGE('',*,*,#2237,.F.);
#1569=ORIENTED_EDGE('',*,*,#2244,.T.);
#1570=ORIENTED_EDGE('',*,*,#2226,.T.);
#1571=ORIENTED_EDGE('',*,*,#2236,.T.);
#1572=ORIENTED_EDGE('',*,*,#2242,.T.);
#1573=ORIENTED_EDGE('',*,*,#2227,.T.);
#1574=ORIENTED_EDGE('',*,*,#2244,.F.);
#1575=ORIENTED_EDGE('',*,*,#2230,.T.);
#1576=ORIENTED_EDGE('',*,*,#2224,.F.);
#1577=ORIENTED_EDGE('',*,*,#2245,.T.);
#1578=ORIENTED_EDGE('',*,*,#2222,.T.);
#1579=ORIENTED_EDGE('',*,*,#2223,.T.);
#1580=ORIENTED_EDGE('',*,*,#2243,.T.);
#1581=ORIENTED_EDGE('',*,*,#2218,.T.);
#1582=ORIENTED_EDGE('',*,*,#2245,.F.);
#1583=ORIENTED_EDGE('',*,*,#2246,.T.);
#1584=ORIENTED_EDGE('',*,*,#2247,.T.);
#1585=ORIENTED_EDGE('',*,*,#2248,.T.);
#1586=ORIENTED_EDGE('',*,*,#2249,.F.);
#1587=ORIENTED_EDGE('',*,*,#2213,.F.);
#1588=ORIENTED_EDGE('',*,*,#2250,.F.);
#1589=ORIENTED_EDGE('',*,*,#2251,.T.);
#1590=ORIENTED_EDGE('',*,*,#2252,.F.);
#1591=ORIENTED_EDGE('',*,*,#2211,.F.);
#1592=ORIENTED_EDGE('',*,*,#2253,.F.);
#1593=ORIENTED_EDGE('',*,*,#2254,.T.);
#1594=ORIENTED_EDGE('',*,*,#2255,.T.);
#1595=ORIENTED_EDGE('',*,*,#2256,.T.);
#1596=ORIENTED_EDGE('',*,*,#2257,.F.);
#1597=ORIENTED_EDGE('',*,*,#2258,.T.);
#1598=ORIENTED_EDGE('',*,*,#2256,.F.);
#1599=ORIENTED_EDGE('',*,*,#2259,.T.);
#1600=ORIENTED_EDGE('',*,*,#2260,.F.);
#1601=ORIENTED_EDGE('',*,*,#2261,.T.);
#1602=ORIENTED_EDGE('',*,*,#2262,.F.);
#1603=ORIENTED_EDGE('',*,*,#2263,.T.);
#1604=ORIENTED_EDGE('',*,*,#2248,.F.);
#1605=ORIENTED_EDGE('',*,*,#2264,.T.);
#1606=ORIENTED_EDGE('',*,*,#2265,.F.);
#1607=ORIENTED_EDGE('',*,*,#2217,.F.);
#1608=ORIENTED_EDGE('',*,*,#2266,.F.);
#1609=ORIENTED_EDGE('',*,*,#2260,.T.);
#1610=ORIENTED_EDGE('',*,*,#2267,.F.);
#1611=ORIENTED_EDGE('',*,*,#2262,.T.);
#1612=ORIENTED_EDGE('',*,*,#2268,.F.);
#1613=ORIENTED_EDGE('',*,*,#2215,.F.);
#1614=ORIENTED_EDGE('',*,*,#2269,.F.);
#1615=ORIENTED_EDGE('',*,*,#2270,.T.);
#1616=ORIENTED_EDGE('',*,*,#2253,.T.);
#1617=ORIENTED_EDGE('',*,*,#2210,.T.);
#1618=ORIENTED_EDGE('',*,*,#2265,.T.);
#1619=ORIENTED_EDGE('',*,*,#2271,.T.);
#1620=ORIENTED_EDGE('',*,*,#2250,.T.);
#1621=ORIENTED_EDGE('',*,*,#2212,.T.);
#1622=ORIENTED_EDGE('',*,*,#2252,.T.);
#1623=ORIENTED_EDGE('',*,*,#2266,.T.);
#1624=ORIENTED_EDGE('',*,*,#2216,.T.);
#1625=ORIENTED_EDGE('',*,*,#2268,.T.);
#1626=ORIENTED_EDGE('',*,*,#2261,.F.);
#1627=ORIENTED_EDGE('',*,*,#2269,.T.);
#1628=ORIENTED_EDGE('',*,*,#2214,.T.);
#1629=ORIENTED_EDGE('',*,*,#2249,.T.);
#1630=ORIENTED_EDGE('',*,*,#2263,.F.);
#1631=ORIENTED_EDGE('',*,*,#2259,.F.);
#1632=ORIENTED_EDGE('',*,*,#2255,.F.);
#1633=ORIENTED_EDGE('',*,*,#2272,.F.);
#1634=ORIENTED_EDGE('',*,*,#2267,.T.);
#1635=ORIENTED_EDGE('',*,*,#2264,.F.);
#1636=ORIENTED_EDGE('',*,*,#2272,.T.);
#1637=ORIENTED_EDGE('',*,*,#2254,.F.);
#1638=ORIENTED_EDGE('',*,*,#2270,.F.);
#1639=ORIENTED_EDGE('',*,*,#2258,.F.);
#1640=ORIENTED_EDGE('',*,*,#2247,.F.);
#1641=ORIENTED_EDGE('',*,*,#2273,.F.);
#1642=ORIENTED_EDGE('',*,*,#2257,.T.);
#1643=ORIENTED_EDGE('',*,*,#2251,.F.);
#1644=ORIENTED_EDGE('',*,*,#2273,.T.);
#1645=ORIENTED_EDGE('',*,*,#2246,.F.);
#1646=ORIENTED_EDGE('',*,*,#2271,.F.);
#1647=EDGE_CURVE('',#2274,#2275,#2666,.F.);
#1648=EDGE_CURVE('',#2274,#2276,#2667,.F.);
#1649=EDGE_CURVE('',#2277,#2276,#2668,.F.);
#1650=EDGE_CURVE('',#2277,#2275,#2669,.T.);
#1651=EDGE_CURVE('',#2278,#2279,#2670,.T.);
#1652=EDGE_CURVE('',#2278,#2280,#2671,.T.);
#1653=EDGE_CURVE('',#2280,#2281,#2672,.T.);
#1654=EDGE_CURVE('',#2279,#2281,#2673,.F.);
#1655=EDGE_CURVE('',#2282,#2283,#2674,.T.);
#1656=EDGE_CURVE('',#2282,#2284,#2675,.T.);
#1657=EDGE_CURVE('',#2284,#2285,#2676,.T.);
#1658=EDGE_CURVE('',#2283,#2285,#2677,.T.);
#1659=EDGE_CURVE('',#2286,#2287,#2678,.T.);
#1660=EDGE_CURVE('',#2287,#2288,#2679,.T.);
#1661=EDGE_CURVE('',#2289,#2288,#2680,.T.);
#1662=EDGE_CURVE('',#2286,#2289,#2681,.T.);
#1663=EDGE_CURVE('',#2290,#2291,#2682,.T.);
#1664=EDGE_CURVE('',#2290,#2292,#2683,.T.);
#1665=EDGE_CURVE('',#2292,#2293,#2684,.T.);
#1666=EDGE_CURVE('',#2291,#2293,#2685,.T.);
#1667=EDGE_CURVE('',#2294,#2295,#2686,.T.);
#1668=EDGE_CURVE('',#2296,#2294,#2687,.T.);
#1669=EDGE_CURVE('',#2296,#2297,#2688,.T.);
#1670=EDGE_CURVE('',#2297,#2295,#2689,.T.);
#1671=EDGE_CURVE('',#2298,#2294,#2690,.T.);
#1672=EDGE_CURVE('',#2299,#2298,#2691,.T.);
#1673=EDGE_CURVE('',#2299,#2296,#2692,.T.);
#1674=EDGE_CURVE('',#2300,#2301,#2693,.T.);
#1675=EDGE_CURVE('',#2302,#2300,#2694,.T.);
#1676=EDGE_CURVE('',#2302,#2303,#2695,.T.);
#1677=EDGE_CURVE('',#2303,#2301,#2696,.T.);
#1678=EDGE_CURVE('',#2304,#2286,#2697,.T.);
#1679=EDGE_CURVE('',#2305,#2304,#2698,.T.);
#1680=EDGE_CURVE('',#2306,#2305,#2699,.T.);
#1681=EDGE_CURVE('',#2297,#2306,#2700,.T.);
#1682=EDGE_CURVE('',#2284,#2299,#2701,.T.);
#1683=EDGE_CURVE('',#2303,#2282,#2702,.T.);
#1684=EDGE_CURVE('',#2307,#2302,#2703,.T.);
#1685=EDGE_CURVE('',#2308,#2307,#2704,.T.);
#1686=EDGE_CURVE('',#2292,#2308,#2705,.T.);
#1687=EDGE_CURVE('',#2290,#2287,#2706,.F.);
#1688=EDGE_CURVE('',#2309,#2310,#2707,.F.);
#1689=EDGE_CURVE('',#2311,#2309,#2708,.T.);
#1690=EDGE_CURVE('',#2312,#2311,#2709,.T.);
#1691=EDGE_CURVE('',#2279,#2312,#2710,.T.);
#1692=EDGE_CURVE('',#2281,#2313,#268,.F.);
#1693=EDGE_CURVE('',#2314,#2313,#2711,.T.);
#1694=EDGE_CURVE('',#2314,#2315,#269,.F.);
#1695=EDGE_CURVE('',#2316,#2315,#2712,.T.);
#1696=EDGE_CURVE('',#2316,#2317,#270,.T.);
#1697=EDGE_CURVE('',#2318,#2317,#2713,.T.);
#1698=EDGE_CURVE('',#2318,#2319,#271,.T.);
#1699=EDGE_CURVE('',#2319,#2320,#210,.F.);
#1700=EDGE_CURVE('',#2321,#2320,#2714,.T.);
#1701=EDGE_CURVE('',#2321,#2322,#272,.T.);
#1702=EDGE_CURVE('',#2323,#2322,#2715,.T.);
#1703=EDGE_CURVE('',#2323,#2324,#2716,.F.);
#1704=EDGE_CURVE('',#2325,#2324,#2717,.T.);
#1705=EDGE_CURVE('',#2325,#2300,#2718,.T.);
#1706=EDGE_CURVE('',#2301,#2283,#2719,.T.);
#1707=EDGE_CURVE('',#2285,#2298,#2720,.T.);
#1708=EDGE_CURVE('',#2295,#2326,#2721,.T.);
#1709=EDGE_CURVE('',#2326,#2327,#2722,.T.);
#1710=EDGE_CURVE('',#2327,#2328,#2723,.T.);
#1711=EDGE_CURVE('',#2329,#2328,#2724,.F.);
#1712=EDGE_CURVE('',#2329,#2330,#2725,.T.);
#1713=EDGE_CURVE('',#2331,#2330,#273,.T.);
#1714=EDGE_CURVE('',#2331,#2332,#2726,.T.);
#1715=EDGE_CURVE('',#2333,#2332,#211,.F.);
#1716=EDGE_CURVE('',#2334,#2333,#274,.T.);
#1717=EDGE_CURVE('',#2334,#2335,#2727,.T.);
#1718=EDGE_CURVE('',#2336,#2335,#275,.T.);
#1719=EDGE_CURVE('',#2336,#2337,#2728,.T.);
#1720=EDGE_CURVE('',#2338,#2337,#276,.F.);
#1721=EDGE_CURVE('',#2338,#2339,#2729,.T.);
#1722=EDGE_CURVE('',#2310,#2339,#277,.F.);
#1723=EDGE_CURVE('',#2340,#2341,#2730,.T.);
#1724=EDGE_CURVE('',#2340,#2291,#2731,.T.);
#1725=EDGE_CURVE('',#2293,#2341,#2732,.T.);
#1726=EDGE_CURVE('',#2342,#2289,#2733,.T.);
#1727=EDGE_CURVE('',#2288,#2343,#2734,.T.);
#1728=EDGE_CURVE('',#2343,#2342,#2735,.T.);
#1729=EDGE_CURVE('',#2325,#2307,#2736,.F.);
#1730=EDGE_CURVE('',#2306,#2326,#2737,.T.);
#1731=EDGE_CURVE('',#2344,#2287,#2738,.T.);
#1732=EDGE_CURVE('',#2345,#2290,#2739,.T.);
#1733=EDGE_CURVE('',#2344,#2345,#2740,.T.);
#1734=EDGE_CURVE('',#2346,#2347,#2741,.T.);
#1735=EDGE_CURVE('',#2346,#2348,#2742,.T.);
#1736=EDGE_CURVE('',#2348,#2349,#2743,.T.);
#1737=EDGE_CURVE('',#2350,#2349,#2744,.T.);
#1738=EDGE_CURVE('',#2350,#2351,#2745,.T.);
#1739=EDGE_CURVE('',#2347,#2351,#2746,.T.);
#1740=EDGE_CURVE('',#2352,#2353,#2747,.T.);
#1741=EDGE_CURVE('',#2352,#2354,#278,.T.);
#1742=EDGE_CURVE('',#2354,#2355,#2748,.T.);
#1743=EDGE_CURVE('',#2355,#2346,#279,.T.);
#1744=EDGE_CURVE('',#2347,#2356,#2749,.T.);
#1745=EDGE_CURVE('',#2356,#2357,#2750,.T.);
#1746=EDGE_CURVE('',#2357,#2358,#2751,.F.);
#1747=EDGE_CURVE('',#2358,#2359,#280,.T.);
#1748=EDGE_CURVE('',#2360,#2359,#2752,.T.);
#1749=EDGE_CURVE('',#2360,#2361,#281,.T.);
#1750=EDGE_CURVE('',#2361,#2362,#2753,.T.);
#1751=EDGE_CURVE('',#2362,#2363,#2754,.T.);
#1752=EDGE_CURVE('',#2364,#2363,#2755,.T.);
#1753=EDGE_CURVE('',#2364,#2365,#2756,.T.);
#1754=EDGE_CURVE('',#2365,#2366,#282,.F.);
#1755=EDGE_CURVE('',#2367,#2366,#2757,.T.);
#1756=EDGE_CURVE('',#2367,#2368,#283,.F.);
#1757=EDGE_CURVE('',#2283,#2368,#2758,.T.);
#1758=EDGE_CURVE('',#2369,#2282,#2759,.T.);
#1759=EDGE_CURVE('',#2370,#2369,#2760,.F.);
#1760=EDGE_CURVE('',#2370,#2371,#2761,.T.);
#1761=EDGE_CURVE('',#2372,#2371,#2762,.T.);
#1762=EDGE_CURVE('',#2373,#2372,#2763,.T.);
#1763=EDGE_CURVE('',#2374,#2373,#2764,.T.);
#1764=EDGE_CURVE('',#2284,#2374,#2765,.F.);
#1765=EDGE_CURVE('',#2375,#2285,#2766,.F.);
#1766=EDGE_CURVE('',#2376,#2375,#284,.F.);
#1767=EDGE_CURVE('',#2376,#2377,#2767,.T.);
#1768=EDGE_CURVE('',#2378,#2377,#285,.F.);
#1769=EDGE_CURVE('',#2379,#2378,#2768,.T.);
#1770=EDGE_CURVE('',#2379,#2380,#2769,.T.);
#1771=EDGE_CURVE('',#2380,#2381,#2770,.F.);
#1772=EDGE_CURVE('',#2381,#2382,#2771,.F.);
#1773=EDGE_CURVE('',#2382,#2383,#286,.F.);
#1774=EDGE_CURVE('',#2383,#2384,#2772,.T.);
#1775=EDGE_CURVE('',#2384,#2385,#287,.F.);
#1776=EDGE_CURVE('',#2385,#2386,#2773,.T.);
#1777=EDGE_CURVE('',#2386,#2387,#2774,.F.);
#1778=EDGE_CURVE('',#2353,#2387,#2775,.T.);
#1779=EDGE_CURVE('',#2388,#2389,#2776,.T.);
#1780=EDGE_CURVE('',#2390,#2388,#2777,.T.);
#1781=EDGE_CURVE('',#2391,#2390,#2778,.T.);
#1782=EDGE_CURVE('',#2389,#2391,#2779,.T.);
#1783=EDGE_CURVE('',#2392,#2393,#2780,.T.);
#1784=EDGE_CURVE('',#2394,#2392,#2781,.T.);
#1785=EDGE_CURVE('',#2395,#2394,#2782,.T.);
#1786=EDGE_CURVE('',#2393,#2395,#2783,.T.);
#1787=EDGE_CURVE('',#2396,#2397,#2784,.T.);
#1788=EDGE_CURVE('',#2398,#2396,#2785,.T.);
#1789=EDGE_CURVE('',#2399,#2398,#2786,.T.);
#1790=EDGE_CURVE('',#2397,#2399,#2787,.T.);
#1791=EDGE_CURVE('',#2400,#2401,#2788,.T.);
#1792=EDGE_CURVE('',#2400,#2350,#2789,.T.);
#1793=EDGE_CURVE('',#2349,#2402,#2790,.T.);
#1794=EDGE_CURVE('',#2402,#2403,#2791,.T.);
#1795=EDGE_CURVE('',#2404,#2403,#2792,.T.);
#1796=EDGE_CURVE('',#2405,#2404,#2793,.T.);
#1797=EDGE_CURVE('',#2405,#2401,#2794,.T.);
#1798=EDGE_CURVE('',#2406,#2407,#2795,.T.);
#1799=EDGE_CURVE('',#2407,#2408,#288,.T.);
#1800=EDGE_CURVE('',#2408,#2402,#2796,.T.);
#1801=EDGE_CURVE('',#2348,#2406,#289,.T.);
#1802=EDGE_CURVE('',#2408,#2352,#2797,.T.);
#1803=EDGE_CURVE('',#2353,#2409,#2798,.T.);
#1804=EDGE_CURVE('',#2403,#2409,#2799,.T.);
#1805=EDGE_CURVE('',#2401,#2410,#2800,.T.);
#1806=EDGE_CURVE('',#2411,#2405,#2801,.T.);
#1807=EDGE_CURVE('',#2410,#2411,#2802,.T.);
#1808=EDGE_CURVE('',#2354,#2407,#2803,.F.);
#1809=EDGE_CURVE('',#2406,#2355,#2804,.F.);
#1810=EDGE_CURVE('',#2397,#2412,#2805,.F.);
#1811=EDGE_CURVE('',#2412,#2413,#2806,.F.);
#1812=EDGE_CURVE('',#2396,#2413,#2807,.F.);
#1813=EDGE_CURVE('',#2399,#2414,#2808,.F.);
#1814=EDGE_CURVE('',#2414,#2412,#2809,.F.);
#1815=EDGE_CURVE('',#2398,#2415,#2810,.F.);
#1816=EDGE_CURVE('',#2415,#2414,#2811,.F.);
#1817=EDGE_CURVE('',#2413,#2415,#2812,.F.);
#1818=EDGE_CURVE('',#2393,#2416,#2813,.F.);
#1819=EDGE_CURVE('',#2416,#2417,#2814,.F.);
#1820=EDGE_CURVE('',#2392,#2417,#2815,.F.);
#1821=EDGE_CURVE('',#2395,#2418,#2816,.F.);
#1822=EDGE_CURVE('',#2418,#2416,#2817,.F.);
#1823=EDGE_CURVE('',#2394,#2419,#2818,.F.);
#1824=EDGE_CURVE('',#2419,#2418,#2819,.F.);
#1825=EDGE_CURVE('',#2417,#2419,#2820,.F.);
#1826=EDGE_CURVE('',#2389,#2420,#2821,.F.);
#1827=EDGE_CURVE('',#2420,#2421,#2822,.F.);
#1828=EDGE_CURVE('',#2388,#2421,#2823,.F.);
#1829=EDGE_CURVE('',#2391,#2422,#2824,.F.);
#1830=EDGE_CURVE('',#2422,#2420,#2825,.F.);
#1831=EDGE_CURVE('',#2390,#2423,#2826,.F.);
#1832=EDGE_CURVE('',#2423,#2422,#2827,.F.);
#1833=EDGE_CURVE('',#2421,#2423,#2828,.F.);
#1834=EDGE_CURVE('',#2351,#2424,#2829,.T.);
#1835=EDGE_CURVE('',#2424,#2356,#2830,.T.);
#1836=EDGE_CURVE('',#2363,#2425,#2831,.T.);
#1837=EDGE_CURVE('',#2426,#2425,#2832,.T.);
#1838=EDGE_CURVE('',#2364,#2426,#2833,.T.);
#1839=EDGE_CURVE('',#2359,#2427,#212,.T.);
#1840=EDGE_CURVE('',#2427,#2428,#2834,.T.);
#1841=EDGE_CURVE('',#2428,#2429,#2835,.T.);
#1842=EDGE_CURVE('',#2429,#2430,#2836,.T.);
#1843=EDGE_CURVE('',#2430,#2431,#2837,.T.);
#1844=EDGE_CURVE('',#2431,#2432,#290,.F.);
#1845=EDGE_CURVE('',#2432,#2433,#2838,.T.);
#1846=EDGE_CURVE('',#2433,#2360,#213,.F.);
#1847=EDGE_CURVE('',#2425,#2424,#2839,.T.);
#1848=EDGE_CURVE('',#2434,#2400,#2840,.T.);
#1849=EDGE_CURVE('',#2434,#2435,#291,.F.);
#1850=EDGE_CURVE('',#2435,#2436,#2841,.T.);
#1851=EDGE_CURVE('',#2436,#2437,#292,.F.);
#1852=EDGE_CURVE('',#2437,#2426,#2842,.T.);
#1853=EDGE_CURVE('',#2438,#2439,#2843,.F.);
#1854=EDGE_CURVE('',#2439,#2440,#2844,.F.);
#1855=EDGE_CURVE('',#2440,#2441,#2845,.T.);
#1856=EDGE_CURVE('',#2441,#2438,#2846,.T.);
#1857=EDGE_CURVE('',#2442,#2443,#2847,.F.);
#1858=EDGE_CURVE('',#2443,#2444,#2848,.F.);
#1859=EDGE_CURVE('',#2444,#2445,#2849,.T.);
#1860=EDGE_CURVE('',#2445,#2442,#2850,.T.);
#1861=EDGE_CURVE('',#2446,#2447,#2851,.F.);
#1862=EDGE_CURVE('',#2447,#2448,#2852,.F.);
#1863=EDGE_CURVE('',#2448,#2449,#2853,.T.);
#1864=EDGE_CURVE('',#2449,#2446,#2854,.T.);
#1865=EDGE_CURVE('',#2450,#2451,#2855,.F.);
#1866=EDGE_CURVE('',#2451,#2452,#2856,.F.);
#1867=EDGE_CURVE('',#2452,#2453,#2857,.T.);
#1868=EDGE_CURVE('',#2453,#2450,#2858,.T.);
#1869=EDGE_CURVE('',#2454,#2455,#2859,.F.);
#1870=EDGE_CURVE('',#2455,#2456,#2860,.F.);
#1871=EDGE_CURVE('',#2456,#2457,#2861,.T.);
#1872=EDGE_CURVE('',#2457,#2454,#2862,.T.);
#1873=EDGE_CURVE('',#2458,#2459,#293,.F.);
#1874=EDGE_CURVE('',#2458,#2460,#2863,.F.);
#1875=EDGE_CURVE('',#2460,#2461,#2864,.F.);
#1876=EDGE_CURVE('',#2461,#2462,#2865,.F.);
#1877=EDGE_CURVE('',#2462,#2463,#2866,.F.);
#1878=EDGE_CURVE('',#2463,#2464,#2867,.F.);
#1879=EDGE_CURVE('',#2465,#2464,#294,.F.);
#1880=EDGE_CURVE('',#2465,#2466,#2868,.F.);
#1881=EDGE_CURVE('',#2466,#2467,#295,.T.);
#1882=EDGE_CURVE('',#2467,#2468,#2869,.F.);
#1883=EDGE_CURVE('',#2468,#2469,#2870,.F.);
#1884=EDGE_CURVE('',#2469,#2470,#2871,.F.);
#1885=EDGE_CURVE('',#2470,#2459,#2872,.F.);
#1886=EDGE_CURVE('',#2437,#2365,#2873,.F.);
#1887=EDGE_CURVE('',#2435,#2367,#2874,.F.);
#1888=EDGE_CURVE('',#2366,#2436,#2875,.T.);
#1889=EDGE_CURVE('',#2369,#2410,#2876,.T.);
#1890=EDGE_CURVE('',#2368,#2434,#2877,.T.);
#1891=EDGE_CURVE('',#2370,#2471,#2878,.T.);
#1892=EDGE_CURVE('',#2471,#2472,#2879,.T.);
#1893=EDGE_CURVE('',#2371,#2472,#2880,.T.);
#1894=EDGE_CURVE('',#2473,#2474,#2881,.T.);
#1895=EDGE_CURVE('',#2473,#2475,#296,.T.);
#1896=EDGE_CURVE('',#2475,#2476,#2882,.F.);
#1897=EDGE_CURVE('',#2476,#2471,#297,.T.);
#1898=EDGE_CURVE('',#2411,#2374,#2883,.T.);
#1899=EDGE_CURVE('',#2373,#2477,#2884,.T.);
#1900=EDGE_CURVE('',#2477,#2277,#298,.T.);
#1901=EDGE_CURVE('',#2276,#2478,#299,.T.);
#1902=EDGE_CURVE('',#2479,#2478,#2885,.T.);
#1903=EDGE_CURVE('',#2479,#2480,#2886,.T.);
#1904=EDGE_CURVE('',#2480,#2481,#2887,.T.);
#1905=EDGE_CURVE('',#2481,#2482,#2888,.F.);
#1906=EDGE_CURVE('',#2482,#2483,#2889,.T.);
#1907=EDGE_CURVE('',#2483,#2484,#2890,.F.);
#1908=EDGE_CURVE('',#2484,#2485,#2891,.T.);
#1909=EDGE_CURVE('',#2485,#2486,#2892,.T.);
#1910=EDGE_CURVE('',#2487,#2486,#2893,.T.);
#1911=EDGE_CURVE('',#2488,#2487,#2894,.T.);
#1912=EDGE_CURVE('',#2489,#2488,#214,.T.);
#1913=EDGE_CURVE('',#2489,#2490,#2895,.T.);
#1914=EDGE_CURVE('',#2490,#2491,#2896,.T.);
#1915=EDGE_CURVE('',#2491,#2492,#2897,.T.);
#1916=EDGE_CURVE('',#2493,#2492,#2898,.T.);
#1917=EDGE_CURVE('',#2344,#2493,#2899,.T.);
#1918=EDGE_CURVE('',#2494,#2345,#2900,.T.);
#1919=EDGE_CURVE('',#2494,#2495,#2901,.T.);
#1920=EDGE_CURVE('',#2495,#2496,#2902,.T.);
#1921=EDGE_CURVE('',#2496,#2497,#2903,.T.);
#1922=EDGE_CURVE('',#2497,#2498,#2904,.T.);
#1923=EDGE_CURVE('',#2498,#2499,#215,.T.);
#1924=EDGE_CURVE('',#2499,#2500,#2905,.T.);
#1925=EDGE_CURVE('',#2500,#2501,#2906,.T.);
#1926=EDGE_CURVE('',#2502,#2501,#2907,.T.);
#1927=EDGE_CURVE('',#2502,#2503,#2908,.T.);
#1928=EDGE_CURVE('',#2503,#2504,#2909,.T.);
#1929=EDGE_CURVE('',#2505,#2504,#2910,.T.);
#1930=EDGE_CURVE('',#2506,#2505,#2911,.F.);
#1931=EDGE_CURVE('',#2507,#2506,#2912,.T.);
#1932=EDGE_CURVE('',#2507,#2474,#2913,.F.);
#1933=EDGE_CURVE('',#2409,#2508,#2914,.T.);
#1934=EDGE_CURVE('',#2508,#2509,#2915,.F.);
#1935=EDGE_CURVE('',#2510,#2509,#2916,.T.);
#1936=EDGE_CURVE('',#2511,#2510,#2917,.T.);
#1937=EDGE_CURVE('',#2512,#2511,#300,.F.);
#1938=EDGE_CURVE('',#2513,#2512,#2918,.T.);
#1939=EDGE_CURVE('',#2514,#2513,#301,.F.);
#1940=EDGE_CURVE('',#2514,#2404,#2919,.T.);
#1941=EDGE_CURVE('',#2513,#2376,#2920,.F.);
#1942=EDGE_CURVE('',#2377,#2512,#2921,.T.);
#1943=EDGE_CURVE('',#2379,#2510,#2922,.T.);
#1944=EDGE_CURVE('',#2511,#2378,#2923,.F.);
#1945=EDGE_CURVE('',#2375,#2514,#2924,.T.);
#1946=EDGE_CURVE('',#2387,#2508,#2925,.F.);
#1947=EDGE_CURVE('',#2385,#2515,#2926,.T.);
#1948=EDGE_CURVE('',#2515,#2516,#2927,.T.);
#1949=EDGE_CURVE('',#2516,#2386,#2928,.F.);
#1950=EDGE_CURVE('',#2517,#2518,#2929,.F.);
#1951=EDGE_CURVE('',#2518,#2519,#2930,.F.);
#1952=EDGE_CURVE('',#2519,#2520,#2931,.T.);
#1953=EDGE_CURVE('',#2520,#2517,#2932,.T.);
#1954=EDGE_CURVE('',#2521,#2522,#2933,.F.);
#1955=EDGE_CURVE('',#2522,#2523,#2934,.T.);
#1956=EDGE_CURVE('',#2523,#2524,#2935,.T.);
#1957=EDGE_CURVE('',#2524,#2521,#2936,.F.);
#1958=EDGE_CURVE('',#2525,#2526,#2937,.F.);
#1959=EDGE_CURVE('',#2526,#2527,#2938,.T.);
#1960=EDGE_CURVE('',#2527,#2528,#2939,.T.);
#1961=EDGE_CURVE('',#2528,#2525,#2940,.F.);
#1962=EDGE_CURVE('',#2529,#2530,#2941,.F.);
#1963=EDGE_CURVE('',#2530,#2531,#2942,.F.);
#1964=EDGE_CURVE('',#2531,#2532,#2943,.T.);
#1965=EDGE_CURVE('',#2532,#2529,#2944,.T.);
#1966=EDGE_CURVE('',#2509,#2380,#2945,.F.);
#1967=EDGE_CURVE('',#2383,#2533,#216,.T.);
#1968=EDGE_CURVE('',#2533,#2534,#2946,.F.);
#1969=EDGE_CURVE('',#2535,#2534,#302,.F.);
#1970=EDGE_CURVE('',#2535,#2536,#2947,.F.);
#1971=EDGE_CURVE('',#2536,#2537,#2948,.F.);
#1972=EDGE_CURVE('',#2537,#2538,#2949,.F.);
#1973=EDGE_CURVE('',#2538,#2384,#2950,.F.);
#1974=EDGE_CURVE('',#2539,#2540,#2951,.T.);
#1975=EDGE_CURVE('',#2540,#2541,#2952,.T.);
#1976=EDGE_CURVE('',#2541,#2542,#2953,.T.);
#1977=EDGE_CURVE('',#2542,#2543,#2954,.T.);
#1978=EDGE_CURVE('',#2543,#2544,#2955,.T.);
#1979=EDGE_CURVE('',#2544,#2545,#2956,.T.);
#1980=EDGE_CURVE('',#2545,#2546,#2957,.T.);
#1981=EDGE_CURVE('',#2547,#2546,#303,.T.);
#1982=EDGE_CURVE('',#2547,#2548,#2958,.T.);
#1983=EDGE_CURVE('',#2549,#2548,#304,.T.);
#1984=EDGE_CURVE('',#2549,#2550,#2959,.T.);
#1985=EDGE_CURVE('',#2550,#2539,#2960,.T.);
#1986=EDGE_CURVE('',#2372,#2551,#2961,.T.);
#1987=EDGE_CURVE('',#2551,#2477,#2962,.F.);
#1988=EDGE_CURVE('',#2552,#2553,#2963,.F.);
#1989=EDGE_CURVE('',#2553,#2554,#305,.T.);
#1990=EDGE_CURVE('',#2555,#2554,#2964,.T.);
#1991=EDGE_CURVE('',#2556,#2555,#2965,.T.);
#1992=EDGE_CURVE('',#2557,#2556,#2966,.T.);
#1993=EDGE_CURVE('',#2557,#2274,#306,.T.);
#1994=EDGE_CURVE('',#2275,#2551,#307,.T.);
#1995=EDGE_CURVE('',#2472,#2552,#308,.T.);
#1996=EDGE_CURVE('',#2475,#2553,#2967,.F.);
#1997=EDGE_CURVE('',#2552,#2476,#2968,.F.);
#1998=EDGE_CURVE('',#2497,#2558,#2969,.T.);
#1999=EDGE_CURVE('',#2558,#2323,#309,.F.);
#2000=EDGE_CURVE('',#2322,#2559,#2970,.F.);
#2001=EDGE_CURVE('',#2559,#2498,#217,.T.);
#2002=EDGE_CURVE('',#2560,#2484,#218,.T.);
#2003=EDGE_CURVE('',#2485,#2560,#219,.T.);
#2004=EDGE_CURVE('',#2308,#2341,#2971,.T.);
#2005=EDGE_CURVE('',#2307,#2495,#2972,.F.);
#2006=EDGE_CURVE('',#2494,#2340,#2973,.T.);
#2007=EDGE_CURVE('',#2561,#2562,#220,.T.);
#2008=EDGE_CURVE('',#2562,#2318,#2974,.T.);
#2009=EDGE_CURVE('',#2317,#2561,#2975,.F.);
#2010=EDGE_CURVE('',#2502,#2563,#221,.T.);
#2011=EDGE_CURVE('',#2563,#2503,#222,.T.);
#2012=EDGE_CURVE('',#2320,#2564,#223,.T.);
#2013=EDGE_CURVE('',#2564,#2321,#2976,.T.);
#2014=EDGE_CURVE('',#2324,#2565,#114,.F.);
#2015=EDGE_CURVE('',#2496,#2565,#2977,.T.);
#2016=EDGE_CURVE('',#2565,#2558,#2978,.T.);
#2017=EDGE_CURVE('',#2315,#2566,#2979,.T.);
#2018=EDGE_CURVE('',#2566,#2567,#224,.T.);
#2019=EDGE_CURVE('',#2567,#2316,#2980,.T.);
#2020=EDGE_CURVE('',#2313,#2568,#2981,.F.);
#2021=EDGE_CURVE('',#2569,#2568,#2982,.T.);
#2022=EDGE_CURVE('',#2569,#2570,#2983,.T.);
#2023=EDGE_CURVE('',#2570,#2571,#2984,.T.);
#2024=EDGE_CURVE('',#2571,#2572,#225,.T.);
#2025=EDGE_CURVE('',#2572,#2314,#2985,.F.);
#2026=EDGE_CURVE('',#2573,#2574,#2986,.F.);
#2027=EDGE_CURVE('',#2573,#2575,#226,.F.);
#2028=EDGE_CURVE('',#2575,#2563,#2987,.F.);
#2029=EDGE_CURVE('',#2576,#2563,#227,.F.);
#2030=EDGE_CURVE('',#2574,#2576,#228,.F.);
#2031=EDGE_CURVE('',#2566,#2572,#229,.T.);
#2032=EDGE_CURVE('',#2577,#2571,#2988,.F.);
#2033=EDGE_CURVE('',#2577,#2573,#230,.F.);
#2034=EDGE_CURVE('',#2578,#2574,#231,.F.);
#2035=EDGE_CURVE('',#2562,#2578,#232,.F.);
#2036=EDGE_CURVE('',#2561,#2567,#233,.T.);
#2037=EDGE_CURVE('',#2579,#2580,#2989,.T.);
#2038=EDGE_CURVE('',#2579,#2577,#2990,.T.);
#2039=EDGE_CURVE('',#2580,#2570,#2991,.T.);
#2040=EDGE_CURVE('',#2504,#2575,#234,.T.);
#2041=EDGE_CURVE('',#2581,#2569,#2992,.T.);
#2042=EDGE_CURVE('',#2581,#2580,#2993,.T.);
#2043=EDGE_CURVE('',#2506,#2579,#2994,.T.);
#2044=EDGE_CURVE('',#2582,#2581,#2995,.T.);
#2045=EDGE_CURVE('',#2582,#2507,#115,.F.);
#2046=EDGE_CURVE('',#2573,#2505,#2996,.T.);
#2047=EDGE_CURVE('',#2278,#2583,#2997,.T.);
#2048=EDGE_CURVE('',#2583,#2582,#2998,.T.);
#2049=EDGE_CURVE('',#2568,#2280,#116,.F.);
#2050=EDGE_CURVE('',#2499,#2584,#235,.T.);
#2051=EDGE_CURVE('',#2584,#2585,#236,.T.);
#2052=EDGE_CURVE('',#2585,#2500,#237,.T.);
#2053=EDGE_CURVE('',#2586,#2501,#238,.T.);
#2054=EDGE_CURVE('',#2586,#2562,#239,.T.);
#2055=EDGE_CURVE('',#2585,#2587,#240,.T.);
#2056=EDGE_CURVE('',#2587,#2586,#2999,.T.);
#2057=EDGE_CURVE('',#2584,#2559,#310,.T.);
#2058=EDGE_CURVE('',#2564,#2584,#311,.T.);
#2059=EDGE_CURVE('',#2319,#2587,#241,.T.);
#2060=EDGE_CURVE('',#2564,#2559,#312,.F.);
#2061=EDGE_CURVE('',#2305,#2492,#3000,.F.);
#2062=EDGE_CURVE('',#2304,#2342,#3001,.T.);
#2063=EDGE_CURVE('',#2493,#2343,#3002,.T.);
#2064=EDGE_CURVE('',#2588,#2589,#242,.T.);
#2065=EDGE_CURVE('',#2335,#2588,#3003,.F.);
#2066=EDGE_CURVE('',#2589,#2334,#3004,.T.);
#2067=EDGE_CURVE('',#2590,#2489,#243,.T.);
#2068=EDGE_CURVE('',#2330,#2590,#3005,.F.);
#2069=EDGE_CURVE('',#2591,#2329,#313,.F.);
#2070=EDGE_CURVE('',#2490,#2591,#3006,.T.);
#2071=EDGE_CURVE('',#2332,#2592,#244,.T.);
#2072=EDGE_CURVE('',#2592,#2331,#3007,.T.);
#2073=EDGE_CURVE('',#2491,#2593,#3008,.T.);
#2074=EDGE_CURVE('',#2328,#2593,#117,.F.);
#2075=EDGE_CURVE('',#2327,#2305,#3009,.F.);
#2076=EDGE_CURVE('',#2593,#2591,#3010,.T.);
#2077=EDGE_CURVE('',#2594,#2336,#3011,.T.);
#2078=EDGE_CURVE('',#2595,#2594,#245,.T.);
#2079=EDGE_CURVE('',#2337,#2595,#3012,.T.);
#2080=EDGE_CURVE('',#2596,#2338,#3013,.F.);
#2081=EDGE_CURVE('',#2597,#2596,#246,.T.);
#2082=EDGE_CURVE('',#2598,#2597,#3014,.T.);
#2083=EDGE_CURVE('',#2599,#2598,#3015,.T.);
#2084=EDGE_CURVE('',#2599,#2600,#3016,.T.);
#2085=EDGE_CURVE('',#2339,#2600,#3017,.F.);
#2086=EDGE_CURVE('',#2601,#2602,#3018,.T.);
#2087=EDGE_CURVE('',#2601,#2309,#3019,.T.);
#2088=EDGE_CURVE('',#2602,#2310,#3020,.T.);
#2089=EDGE_CURVE('',#2603,#2604,#3021,.T.);
#2090=EDGE_CURVE('',#2605,#2603,#247,.T.);
#2091=EDGE_CURVE('',#2560,#2605,#248,.T.);
#2092=EDGE_CURVE('',#2606,#2560,#3022,.F.);
#2093=EDGE_CURVE('',#2604,#2606,#249,.F.);
#2094=EDGE_CURVE('',#2588,#2594,#250,.T.);
#2095=EDGE_CURVE('',#2607,#2589,#251,.T.);
#2096=EDGE_CURVE('',#2603,#2607,#252,.T.);
#2097=EDGE_CURVE('',#2608,#2604,#253,.F.);
#2098=EDGE_CURVE('',#2608,#2597,#3023,.F.);
#2099=EDGE_CURVE('',#2595,#2596,#254,.T.);
#2100=EDGE_CURVE('',#2609,#2610,#3024,.T.);
#2101=EDGE_CURVE('',#2610,#2598,#3025,.T.);
#2102=EDGE_CURVE('',#2609,#2608,#3026,.T.);
#2103=EDGE_CURVE('',#2483,#2606,#255,.T.);
#2104=EDGE_CURVE('',#2611,#2610,#3027,.T.);
#2105=EDGE_CURVE('',#2611,#2599,#3028,.T.);
#2106=EDGE_CURVE('',#2480,#2612,#118,.F.);
#2107=EDGE_CURVE('',#2612,#2611,#3029,.T.);
#2108=EDGE_CURVE('',#2481,#2609,#3030,.T.);
#2109=EDGE_CURVE('',#2604,#2482,#3031,.T.);
#2110=EDGE_CURVE('',#2612,#2613,#3032,.F.);
#2111=EDGE_CURVE('',#2613,#2601,#3033,.T.);
#2112=EDGE_CURVE('',#2600,#2602,#119,.F.);
#2113=EDGE_CURVE('',#2488,#2614,#256,.T.);
#2114=EDGE_CURVE('',#2615,#2487,#257,.T.);
#2115=EDGE_CURVE('',#2614,#2615,#258,.T.);
#2116=EDGE_CURVE('',#2616,#2486,#259,.T.);
#2117=EDGE_CURVE('',#2616,#2589,#260,.T.);
#2118=EDGE_CURVE('',#2615,#2617,#261,.T.);
#2119=EDGE_CURVE('',#2617,#2616,#3034,.T.);
#2120=EDGE_CURVE('',#2614,#2590,#314,.T.);
#2121=EDGE_CURVE('',#2333,#2617,#262,.T.);
#2122=EDGE_CURVE('',#2592,#2614,#315,.T.);
#2123=EDGE_CURVE('',#2592,#2590,#316,.F.);
#2124=EDGE_CURVE('',#2456,#2451,#317,.T.);
#2125=EDGE_CURVE('',#2450,#2457,#318,.F.);
#2126=EDGE_CURVE('',#2452,#2447,#319,.T.);
#2127=EDGE_CURVE('',#2446,#2453,#320,.F.);
#2128=EDGE_CURVE('',#2444,#2439,#321,.T.);
#2129=EDGE_CURVE('',#2438,#2445,#322,.F.);
#2130=EDGE_CURVE('',#2448,#2443,#323,.T.);
#2131=EDGE_CURVE('',#2442,#2449,#324,.F.);
#2132=EDGE_CURVE('',#2457,#2466,#325,.T.);
#2133=EDGE_CURVE('',#2450,#2467,#326,.F.);
#2134=EDGE_CURVE('',#2455,#2433,#327,.F.);
#2135=EDGE_CURVE('',#2361,#2455,#328,.T.);
#2136=EDGE_CURVE('',#2456,#2432,#329,.T.);
#2137=EDGE_CURVE('',#2453,#2468,#330,.F.);
#2138=EDGE_CURVE('',#2454,#2465,#331,.T.);
#2139=EDGE_CURVE('',#2362,#2454,#332,.T.);
#2140=EDGE_CURVE('',#2451,#2431,#333,.T.);
#2141=EDGE_CURVE('',#2446,#2468,#334,.F.);
#2142=EDGE_CURVE('',#2362,#2464,#335,.F.);
#2143=EDGE_CURVE('',#2452,#2430,#336,.T.);
#2144=EDGE_CURVE('',#2469,#2449,#337,.T.);
#2145=EDGE_CURVE('',#2363,#2463,#120,.T.);
#2146=EDGE_CURVE('',#2447,#2430,#338,.T.);
#2147=EDGE_CURVE('',#2469,#2442,#339,.T.);
#2148=EDGE_CURVE('',#2425,#2462,#121,.T.);
#2149=EDGE_CURVE('',#2448,#2429,#340,.T.);
#2150=EDGE_CURVE('',#2470,#2445,#341,.T.);
#2151=EDGE_CURVE('',#2461,#2424,#122,.F.);
#2152=EDGE_CURVE('',#2443,#2429,#342,.T.);
#2153=EDGE_CURVE('',#2470,#2438,#343,.T.);
#2154=EDGE_CURVE('',#2460,#2356,#123,.F.);
#2155=EDGE_CURVE('',#2444,#2428,#344,.T.);
#2156=EDGE_CURVE('',#2459,#2441,#345,.T.);
#2157=EDGE_CURVE('',#2357,#2458,#346,.T.);
#2158=EDGE_CURVE('',#2439,#2428,#347,.T.);
#2159=EDGE_CURVE('',#2357,#2441,#348,.F.);
#2160=EDGE_CURVE('',#2440,#2427,#349,.T.);
#2161=EDGE_CURVE('',#2358,#2440,#350,.T.);
#2162=EDGE_CURVE('',#2386,#2542,#124,.F.);
#2163=EDGE_CURVE('',#2387,#2541,#125,.F.);
#2164=EDGE_CURVE('',#2508,#2540,#126,.F.);
#2165=EDGE_CURVE('',#2516,#2543,#351,.F.);
#2166=EDGE_CURVE('',#2509,#2539,#127,.F.);
#2167=EDGE_CURVE('',#2518,#2543,#352,.T.);
#2168=EDGE_CURVE('',#2516,#2518,#353,.T.);
#2169=EDGE_CURVE('',#2380,#2550,#128,.F.);
#2170=EDGE_CURVE('',#2515,#2538,#354,.T.);
#2171=EDGE_CURVE('',#2515,#2519,#355,.F.);
#2172=EDGE_CURVE('',#2517,#2544,#356,.F.);
#2173=EDGE_CURVE('',#2549,#2381,#357,.F.);
#2174=EDGE_CURVE('',#2538,#2519,#358,.T.);
#2175=EDGE_CURVE('',#2521,#2544,#359,.T.);
#2176=EDGE_CURVE('',#2517,#2521,#360,.T.);
#2177=EDGE_CURVE('',#2548,#2529,#361,.T.);
#2178=EDGE_CURVE('',#2529,#2381,#362,.F.);
#2179=EDGE_CURVE('',#2537,#2520,#363,.F.);
#2180=EDGE_CURVE('',#2520,#2522,#364,.F.);
#2181=EDGE_CURVE('',#2524,#2545,#365,.F.);
#2182=EDGE_CURVE('',#2546,#2528,#366,.T.);
#2183=EDGE_CURVE('',#2545,#2525,#367,.F.);
#2184=EDGE_CURVE('',#2547,#2530,#368,.F.);
#2185=EDGE_CURVE('',#2532,#2382,#369,.F.);
#2186=EDGE_CURVE('',#2537,#2522,#370,.T.);
#2187=EDGE_CURVE('',#2524,#2525,#371,.T.);
#2188=EDGE_CURVE('',#2528,#2530,#372,.F.);
#2189=EDGE_CURVE('',#2532,#2533,#373,.F.);
#2190=EDGE_CURVE('',#2536,#2523,#374,.F.);
#2191=EDGE_CURVE('',#2523,#2526,#375,.F.);
#2192=EDGE_CURVE('',#2527,#2531,#376,.F.);
#2193=EDGE_CURVE('',#2531,#2534,#377,.F.);
#2194=EDGE_CURVE('',#2526,#2536,#378,.F.);
#2195=EDGE_CURVE('',#2527,#2535,#379,.T.);
#2196=EDGE_CURVE('',#2478,#2557,#3035,.T.);
#2197=EDGE_CURVE('',#2311,#2556,#3036,.F.);
#2198=EDGE_CURVE('',#2613,#2479,#129,.T.);
#2199=EDGE_CURVE('',#2554,#2473,#3037,.T.);
#2200=EDGE_CURVE('',#2474,#2583,#130,.T.);
#2201=EDGE_CURVE('',#2312,#2555,#3038,.F.);
#2202=EDGE_CURVE('',#2618,#2619,#3039,.T.);
#2203=EDGE_CURVE('',#2618,#2620,#380,.F.);
#2204=EDGE_CURVE('',#2621,#2620,#3040,.T.);
#2205=EDGE_CURVE('',#2621,#2622,#381,.F.);
#2206=EDGE_CURVE('',#2623,#2622,#3041,.T.);
#2207=EDGE_CURVE('',#2623,#2624,#382,.F.);
#2208=EDGE_CURVE('',#2625,#2624,#3042,.T.);
#2209=EDGE_CURVE('',#2625,#2619,#383,.F.);
#2210=EDGE_CURVE('',#2626,#2627,#384,.F.);
#2211=EDGE_CURVE('',#2626,#2628,#3043,.T.);
#2212=EDGE_CURVE('',#2629,#2628,#385,.F.);
#2213=EDGE_CURVE('',#2629,#2630,#3044,.T.);
#2214=EDGE_CURVE('',#2631,#2630,#386,.F.);
#2215=EDGE_CURVE('',#2631,#2632,#3045,.T.);
#2216=EDGE_CURVE('',#2633,#2632,#387,.F.);
#2217=EDGE_CURVE('',#2633,#2627,#3046,.T.);
#2218=EDGE_CURVE('',#2634,#2635,#3047,.T.);
#2219=EDGE_CURVE('',#2634,#2625,#3048,.T.);
#2220=EDGE_CURVE('',#2624,#2636,#3049,.F.);
#2221=EDGE_CURVE('',#2637,#2636,#3050,.T.);
#2222=EDGE_CURVE('',#2635,#2637,#3051,.T.);
#2223=EDGE_CURVE('',#2638,#2639,#3052,.T.);
#2224=EDGE_CURVE('',#2638,#2640,#3053,.T.);
#2225=EDGE_CURVE('',#2641,#2640,#3054,.T.);
#2226=EDGE_CURVE('',#2642,#2641,#3055,.T.);
#2227=EDGE_CURVE('',#2643,#2642,#3056,.T.);
#2228=EDGE_CURVE('',#2643,#2618,#3057,.T.);
#2229=EDGE_CURVE('',#2619,#2639,#3058,.F.);
#2230=EDGE_CURVE('',#2637,#2640,#388,.T.);
#2231=EDGE_CURVE('',#2644,#2636,#131,.F.);
#2232=EDGE_CURVE('',#2644,#2645,#3059,.T.);
#2233=EDGE_CURVE('',#2646,#2645,#132,.F.);
#2234=EDGE_CURVE('',#2646,#2647,#3060,.T.);
#2235=EDGE_CURVE('',#2641,#2647,#389,.T.);
#2236=EDGE_CURVE('',#2648,#2649,#3061,.T.);
#2237=EDGE_CURVE('',#2648,#2647,#3062,.T.);
#2238=EDGE_CURVE('',#2646,#2621,#3063,.T.);
#2239=EDGE_CURVE('',#2620,#2649,#3064,.F.);
#2240=EDGE_CURVE('',#2644,#2623,#3065,.T.);
#2241=EDGE_CURVE('',#2622,#2645,#3066,.F.);
#2242=EDGE_CURVE('',#2649,#2643,#133,.T.);
#2243=EDGE_CURVE('',#2639,#2634,#390,.T.);
#2244=EDGE_CURVE('',#2648,#2642,#391,.F.);
#2245=EDGE_CURVE('',#2638,#2635,#263,.T.);
#2246=EDGE_CURVE('',#2650,#2651,#3067,.T.);
#2247=EDGE_CURVE('',#2651,#2652,#3068,.T.);
#2248=EDGE_CURVE('',#2652,#2653,#3069,.T.);
#2249=EDGE_CURVE('',#2630,#2653,#3070,.T.);
#2250=EDGE_CURVE('',#2650,#2629,#3071,.F.);
#2251=EDGE_CURVE('',#2654,#2655,#3072,.T.);
#2252=EDGE_CURVE('',#2628,#2655,#3073,.T.);
#2253=EDGE_CURVE('',#2656,#2626,#3074,.F.);
#2254=EDGE_CURVE('',#2656,#2657,#3075,.T.);
#2255=EDGE_CURVE('',#2657,#2658,#3076,.T.);
#2256=EDGE_CURVE('',#2658,#2659,#3077,.T.);
#2257=EDGE_CURVE('',#2654,#2659,#3078,.T.);
#2258=EDGE_CURVE('',#2652,#2659,#264,.T.);
#2259=EDGE_CURVE('',#2658,#2660,#265,.T.);
#2260=EDGE_CURVE('',#2661,#2660,#3079,.T.);
#2261=EDGE_CURVE('',#2661,#2662,#134,.F.);
#2262=EDGE_CURVE('',#2663,#2662,#3080,.T.);
#2263=EDGE_CURVE('',#2663,#2653,#135,.F.);
#2264=EDGE_CURVE('',#2664,#2665,#3081,.T.);
#2265=EDGE_CURVE('',#2627,#2665,#3082,.T.);
#2266=EDGE_CURVE('',#2661,#2633,#3083,.F.);
#2267=EDGE_CURVE('',#2664,#2660,#3084,.T.);
#2268=EDGE_CURVE('',#2632,#2662,#3085,.T.);
#2269=EDGE_CURVE('',#2663,#2631,#3086,.F.);
#2270=EDGE_CURVE('',#2665,#2656,#136,.T.);
#2271=EDGE_CURVE('',#2655,#2650,#392,.T.);
#2272=EDGE_CURVE('',#2664,#2657,#266,.T.);
#2273=EDGE_CURVE('',#2654,#2651,#267,.T.);
#2274=VERTEX_POINT('',#5950);
#2275=VERTEX_POINT('',#5951);
#2276=VERTEX_POINT('',#5953);
#2277=VERTEX_POINT('',#5955);
#2278=VERTEX_POINT('',#5959);
#2279=VERTEX_POINT('',#5960);
#2280=VERTEX_POINT('',#5962);
#2281=VERTEX_POINT('',#5964);
#2282=VERTEX_POINT('',#5968);
#2283=VERTEX_POINT('',#5969);
#2284=VERTEX_POINT('',#5971);
#2285=VERTEX_POINT('',#5973);
#2286=VERTEX_POINT('',#5977);
#2287=VERTEX_POINT('',#5978);
#2288=VERTEX_POINT('',#5980);
#2289=VERTEX_POINT('',#5982);
#2290=VERTEX_POINT('',#5986);
#2291=VERTEX_POINT('',#5987);
#2292=VERTEX_POINT('',#5989);
#2293=VERTEX_POINT('',#5991);
#2294=VERTEX_POINT('',#5995);
#2295=VERTEX_POINT('',#5996);
#2296=VERTEX_POINT('',#5998);
#2297=VERTEX_POINT('',#6000);
#2298=VERTEX_POINT('',#6004);
#2299=VERTEX_POINT('',#6006);
#2300=VERTEX_POINT('',#6010);
#2301=VERTEX_POINT('',#6011);
#2302=VERTEX_POINT('',#6013);
#2303=VERTEX_POINT('',#6015);
#2304=VERTEX_POINT('',#6019);
#2305=VERTEX_POINT('',#6021);
#2306=VERTEX_POINT('',#6023);
#2307=VERTEX_POINT('',#6028);
#2308=VERTEX_POINT('',#6030);
#2309=VERTEX_POINT('',#6035);
#2310=VERTEX_POINT('',#6036);
#2311=VERTEX_POINT('',#6038);
#2312=VERTEX_POINT('',#6040);
#2313=VERTEX_POINT('',#6043);
#2314=VERTEX_POINT('',#6045);
#2315=VERTEX_POINT('',#6047);
#2316=VERTEX_POINT('',#6049);
#2317=VERTEX_POINT('',#6051);
#2318=VERTEX_POINT('',#6053);
#2319=VERTEX_POINT('',#6055);
#2320=VERTEX_POINT('',#6060);
#2321=VERTEX_POINT('',#6062);
#2322=VERTEX_POINT('',#6064);
#2323=VERTEX_POINT('',#6066);
#2324=VERTEX_POINT('',#6068);
#2325=VERTEX_POINT('',#6070);
#2326=VERTEX_POINT('',#6075);
#2327=VERTEX_POINT('',#6077);
#2328=VERTEX_POINT('',#6079);
#2329=VERTEX_POINT('',#6081);
#2330=VERTEX_POINT('',#6083);
#2331=VERTEX_POINT('',#6085);
#2332=VERTEX_POINT('',#6087);
#2333=VERTEX_POINT('',#6092);
#2334=VERTEX_POINT('',#6094);
#2335=VERTEX_POINT('',#6096);
#2336=VERTEX_POINT('',#6098);
#2337=VERTEX_POINT('',#6100);
#2338=VERTEX_POINT('',#6102);
#2339=VERTEX_POINT('',#6104);
#2340=VERTEX_POINT('',#6107);
#2341=VERTEX_POINT('',#6108);
#2342=VERTEX_POINT('',#6112);
#2343=VERTEX_POINT('',#6114);
#2344=VERTEX_POINT('',#6122);
#2345=VERTEX_POINT('',#6124);
#2346=VERTEX_POINT('',#6128);
#2347=VERTEX_POINT('',#6129);
#2348=VERTEX_POINT('',#6131);
#2349=VERTEX_POINT('',#6133);
#2350=VERTEX_POINT('',#6135);
#2351=VERTEX_POINT('',#6137);
#2352=VERTEX_POINT('',#6141);
#2353=VERTEX_POINT('',#6142);
#2354=VERTEX_POINT('',#6144);
#2355=VERTEX_POINT('',#6146);
#2356=VERTEX_POINT('',#6149);
#2357=VERTEX_POINT('',#6151);
#2358=VERTEX_POINT('',#6153);
#2359=VERTEX_POINT('',#6155);
#2360=VERTEX_POINT('',#6157);
#2361=VERTEX_POINT('',#6159);
#2362=VERTEX_POINT('',#6161);
#2363=VERTEX_POINT('',#6163);
#2364=VERTEX_POINT('',#6165);
#2365=VERTEX_POINT('',#6167);
#2366=VERTEX_POINT('',#6169);
#2367=VERTEX_POINT('',#6171);
#2368=VERTEX_POINT('',#6173);
#2369=VERTEX_POINT('',#6176);
#2370=VERTEX_POINT('',#6178);
#2371=VERTEX_POINT('',#6180);
#2372=VERTEX_POINT('',#6182);
#2373=VERTEX_POINT('',#6184);
#2374=VERTEX_POINT('',#6186);
#2375=VERTEX_POINT('',#6189);
#2376=VERTEX_POINT('',#6191);
#2377=VERTEX_POINT('',#6193);
#2378=VERTEX_POINT('',#6195);
#2379=VERTEX_POINT('',#6197);
#2380=VERTEX_POINT('',#6199);
#2381=VERTEX_POINT('',#6201);
#2382=VERTEX_POINT('',#6203);
#2383=VERTEX_POINT('',#6205);
#2384=VERTEX_POINT('',#6207);
#2385=VERTEX_POINT('',#6209);
#2386=VERTEX_POINT('',#6211);
#2387=VERTEX_POINT('',#6213);
#2388=VERTEX_POINT('',#6217);
#2389=VERTEX_POINT('',#6218);
#2390=VERTEX_POINT('',#6220);
#2391=VERTEX_POINT('',#6222);
#2392=VERTEX_POINT('',#6225);
#2393=VERTEX_POINT('',#6226);
#2394=VERTEX_POINT('',#6228);
#2395=VERTEX_POINT('',#6230);
#2396=VERTEX_POINT('',#6233);
#2397=VERTEX_POINT('',#6234);
#2398=VERTEX_POINT('',#6236);
#2399=VERTEX_POINT('',#6238);
#2400=VERTEX_POINT('',#6241);
#2401=VERTEX_POINT('',#6242);
#2402=VERTEX_POINT('',#6245);
#2403=VERTEX_POINT('',#6247);
#2404=VERTEX_POINT('',#6249);
#2405=VERTEX_POINT('',#6251);
#2406=VERTEX_POINT('',#6255);
#2407=VERTEX_POINT('',#6256);
#2408=VERTEX_POINT('',#6258);
#2409=VERTEX_POINT('',#6264);
#2410=VERTEX_POINT('',#6268);
#2411=VERTEX_POINT('',#6270);
#2412=VERTEX_POINT('',#6277);
#2413=VERTEX_POINT('',#6279);
#2414=VERTEX_POINT('',#6283);
#2415=VERTEX_POINT('',#6287);
#2416=VERTEX_POINT('',#6294);
#2417=VERTEX_POINT('',#6296);
#2418=VERTEX_POINT('',#6300);
#2419=VERTEX_POINT('',#6304);
#2420=VERTEX_POINT('',#6311);
#2421=VERTEX_POINT('',#6313);
#2422=VERTEX_POINT('',#6317);
#2423=VERTEX_POINT('',#6321);
#2424=VERTEX_POINT('',#6328);
#2425=VERTEX_POINT('',#6332);
#2426=VERTEX_POINT('',#6334);
#2427=VERTEX_POINT('',#6341);
#2428=VERTEX_POINT('',#6343);
#2429=VERTEX_POINT('',#6345);
#2430=VERTEX_POINT('',#6347);
#2431=VERTEX_POINT('',#6349);
#2432=VERTEX_POINT('',#6351);
#2433=VERTEX_POINT('',#6353);
#2434=VERTEX_POINT('',#6361);
#2435=VERTEX_POINT('',#6363);
#2436=VERTEX_POINT('',#6365);
#2437=VERTEX_POINT('',#6367);
#2438=VERTEX_POINT('',#6371);
#2439=VERTEX_POINT('',#6372);
#2440=VERTEX_POINT('',#6374);
#2441=VERTEX_POINT('',#6376);
#2442=VERTEX_POINT('',#6380);
#2443=VERTEX_POINT('',#6381);
#2444=VERTEX_POINT('',#6383);
#2445=VERTEX_POINT('',#6385);
#2446=VERTEX_POINT('',#6389);
#2447=VERTEX_POINT('',#6390);
#2448=VERTEX_POINT('',#6392);
#2449=VERTEX_POINT('',#6394);
#2450=VERTEX_POINT('',#6398);
#2451=VERTEX_POINT('',#6399);
#2452=VERTEX_POINT('',#6401);
#2453=VERTEX_POINT('',#6403);
#2454=VERTEX_POINT('',#6407);
#2455=VERTEX_POINT('',#6408);
#2456=VERTEX_POINT('',#6410);
#2457=VERTEX_POINT('',#6412);
#2458=VERTEX_POINT('',#6416);
#2459=VERTEX_POINT('',#6417);
#2460=VERTEX_POINT('',#6419);
#2461=VERTEX_POINT('',#6421);
#2462=VERTEX_POINT('',#6423);
#2463=VERTEX_POINT('',#6425);
#2464=VERTEX_POINT('',#6427);
#2465=VERTEX_POINT('',#6429);
#2466=VERTEX_POINT('',#6431);
#2467=VERTEX_POINT('',#6433);
#2468=VERTEX_POINT('',#6435);
#2469=VERTEX_POINT('',#6437);
#2470=VERTEX_POINT('',#6439);
#2471=VERTEX_POINT('',#6453);
#2472=VERTEX_POINT('',#6455);
#2473=VERTEX_POINT('',#6459);
#2474=VERTEX_POINT('',#6460);
#2475=VERTEX_POINT('',#6462);
#2476=VERTEX_POINT('',#6464);
#2477=VERTEX_POINT('',#6468);
#2478=VERTEX_POINT('',#6471);
#2479=VERTEX_POINT('',#6473);
#2480=VERTEX_POINT('',#6475);
#2481=VERTEX_POINT('',#6477);
#2482=VERTEX_POINT('',#6479);
#2483=VERTEX_POINT('',#6481);
#2484=VERTEX_POINT('',#6483);
#2485=VERTEX_POINT('',#6485);
#2486=VERTEX_POINT('',#6487);
#2487=VERTEX_POINT('',#6489);
#2488=VERTEX_POINT('',#6491);
#2489=VERTEX_POINT('',#6496);
#2490=VERTEX_POINT('',#6498);
#2491=VERTEX_POINT('',#6500);
#2492=VERTEX_POINT('',#6502);
#2493=VERTEX_POINT('',#6504);
#2494=VERTEX_POINT('',#6507);
#2495=VERTEX_POINT('',#6509);
#2496=VERTEX_POINT('',#6511);
#2497=VERTEX_POINT('',#6513);
#2498=VERTEX_POINT('',#6515);
#2499=VERTEX_POINT('',#6520);
#2500=VERTEX_POINT('',#6522);
#2501=VERTEX_POINT('',#6524);
#2502=VERTEX_POINT('',#6526);
#2503=VERTEX_POINT('',#6528);
#2504=VERTEX_POINT('',#6530);
#2505=VERTEX_POINT('',#6532);
#2506=VERTEX_POINT('',#6534);
#2507=VERTEX_POINT('',#6536);
#2508=VERTEX_POINT('',#6540);
#2509=VERTEX_POINT('',#6542);
#2510=VERTEX_POINT('',#6544);
#2511=VERTEX_POINT('',#6546);
#2512=VERTEX_POINT('',#6548);
#2513=VERTEX_POINT('',#6550);
#2514=VERTEX_POINT('',#6552);
#2515=VERTEX_POINT('',#6568);
#2516=VERTEX_POINT('',#6570);
#2517=VERTEX_POINT('',#6574);
#2518=VERTEX_POINT('',#6575);
#2519=VERTEX_POINT('',#6577);
#2520=VERTEX_POINT('',#6579);
#2521=VERTEX_POINT('',#6583);
#2522=VERTEX_POINT('',#6584);
#2523=VERTEX_POINT('',#6586);
#2524=VERTEX_POINT('',#6588);
#2525=VERTEX_POINT('',#6592);
#2526=VERTEX_POINT('',#6593);
#2527=VERTEX_POINT('',#6595);
#2528=VERTEX_POINT('',#6597);
#2529=VERTEX_POINT('',#6601);
#2530=VERTEX_POINT('',#6602);
#2531=VERTEX_POINT('',#6604);
#2532=VERTEX_POINT('',#6606);
#2533=VERTEX_POINT('',#6615);
#2534=VERTEX_POINT('',#6617);
#2535=VERTEX_POINT('',#6619);
#2536=VERTEX_POINT('',#6621);
#2537=VERTEX_POINT('',#6623);
#2538=VERTEX_POINT('',#6625);
#2539=VERTEX_POINT('',#6629);
#2540=VERTEX_POINT('',#6630);
#2541=VERTEX_POINT('',#6632);
#2542=VERTEX_POINT('',#6634);
#2543=VERTEX_POINT('',#6636);
#2544=VERTEX_POINT('',#6638);
#2545=VERTEX_POINT('',#6640);
#2546=VERTEX_POINT('',#6642);
#2547=VERTEX_POINT('',#6644);
#2548=VERTEX_POINT('',#6646);
#2549=VERTEX_POINT('',#6648);
#2550=VERTEX_POINT('',#6650);
#2551=VERTEX_POINT('',#6654);
#2552=VERTEX_POINT('',#6658);
#2553=VERTEX_POINT('',#6659);
#2554=VERTEX_POINT('',#6661);
#2555=VERTEX_POINT('',#6663);
#2556=VERTEX_POINT('',#6665);
#2557=VERTEX_POINT('',#6667);
#2558=VERTEX_POINT('',#6676);
#2559=VERTEX_POINT('',#6679);
#2560=VERTEX_POINT('',#6699);
#2561=VERTEX_POINT('',#6713);
#2562=VERTEX_POINT('',#6714);
#2563=VERTEX_POINT('',#6722);
#2564=VERTEX_POINT('',#6741);
#2565=VERTEX_POINT('',#6745);
#2566=VERTEX_POINT('',#6751);
#2567=VERTEX_POINT('',#6756);
#2568=VERTEX_POINT('',#6760);
#2569=VERTEX_POINT('',#6762);
#2570=VERTEX_POINT('',#6764);
#2571=VERTEX_POINT('',#6766);
#2572=VERTEX_POINT('',#6771);
#2573=VERTEX_POINT('',#6784);
#2574=VERTEX_POINT('',#6785);
#2575=VERTEX_POINT('',#6795);
#2576=VERTEX_POINT('',#6801);
#2577=VERTEX_POINT('',#6819);
#2578=VERTEX_POINT('',#6828);
#2579=VERTEX_POINT('',#6839);
#2580=VERTEX_POINT('',#6840);
#2581=VERTEX_POINT('',#6865);
#2582=VERTEX_POINT('',#6870);
#2583=VERTEX_POINT('',#6877);
#2584=VERTEX_POINT('',#6893);
#2585=VERTEX_POINT('',#6898);
#2586=VERTEX_POINT('',#6920);
#2587=VERTEX_POINT('',#6930);
#2588=VERTEX_POINT('',#6982);
#2589=VERTEX_POINT('',#6983);
#2590=VERTEX_POINT('',#6992);
#2591=VERTEX_POINT('',#6995);
#2592=VERTEX_POINT('',#7002);
#2593=VERTEX_POINT('',#7006);
#2594=VERTEX_POINT('',#7013);
#2595=VERTEX_POINT('',#7018);
#2596=VERTEX_POINT('',#7022);
#2597=VERTEX_POINT('',#7027);
#2598=VERTEX_POINT('',#7029);
#2599=VERTEX_POINT('',#7031);
#2600=VERTEX_POINT('',#7033);
#2601=VERTEX_POINT('',#7037);
#2602=VERTEX_POINT('',#7038);
#2603=VERTEX_POINT('',#7052);
#2604=VERTEX_POINT('',#7053);
#2605=VERTEX_POINT('',#7058);
#2606=VERTEX_POINT('',#7064);
#2607=VERTEX_POINT('',#7090);
#2608=VERTEX_POINT('',#7099);
#2609=VERTEX_POINT('',#7107);
#2610=VERTEX_POINT('',#7108);
#2611=VERTEX_POINT('',#7133);
#2612=VERTEX_POINT('',#7137);
#2613=VERTEX_POINT('',#7145);
#2614=VERTEX_POINT('',#7161);
#2615=VERTEX_POINT('',#7166);
#2616=VERTEX_POINT('',#7188);
#2617=VERTEX_POINT('',#7198);
#2618=VERTEX_POINT('',#7400);
#2619=VERTEX_POINT('',#7401);
#2620=VERTEX_POINT('',#7403);
#2621=VERTEX_POINT('',#7405);
#2622=VERTEX_POINT('',#7407);
#2623=VERTEX_POINT('',#7409);
#2624=VERTEX_POINT('',#7411);
#2625=VERTEX_POINT('',#7413);
#2626=VERTEX_POINT('',#7416);
#2627=VERTEX_POINT('',#7417);
#2628=VERTEX_POINT('',#7419);
#2629=VERTEX_POINT('',#7421);
#2630=VERTEX_POINT('',#7423);
#2631=VERTEX_POINT('',#7425);
#2632=VERTEX_POINT('',#7427);
#2633=VERTEX_POINT('',#7429);
#2634=VERTEX_POINT('',#7433);
#2635=VERTEX_POINT('',#7434);
#2636=VERTEX_POINT('',#7437);
#2637=VERTEX_POINT('',#7439);
#2638=VERTEX_POINT('',#7443);
#2639=VERTEX_POINT('',#7444);
#2640=VERTEX_POINT('',#7446);
#2641=VERTEX_POINT('',#7448);
#2642=VERTEX_POINT('',#7450);
#2643=VERTEX_POINT('',#7452);
#2644=VERTEX_POINT('',#7458);
#2645=VERTEX_POINT('',#7460);
#2646=VERTEX_POINT('',#7462);
#2647=VERTEX_POINT('',#7464);
#2648=VERTEX_POINT('',#7468);
#2649=VERTEX_POINT('',#7469);
#2650=VERTEX_POINT('',#7512);
#2651=VERTEX_POINT('',#7513);
#2652=VERTEX_POINT('',#7515);
#2653=VERTEX_POINT('',#7517);
#2654=VERTEX_POINT('',#7522);
#2655=VERTEX_POINT('',#7523);
#2656=VERTEX_POINT('',#7526);
#2657=VERTEX_POINT('',#7528);
#2658=VERTEX_POINT('',#7530);
#2659=VERTEX_POINT('',#7532);
#2660=VERTEX_POINT('',#7545);
#2661=VERTEX_POINT('',#7547);
#2662=VERTEX_POINT('',#7549);
#2663=VERTEX_POINT('',#7551);
#2664=VERTEX_POINT('',#7555);
#2665=VERTEX_POINT('',#7556);
#2666=LINE('',#5949,#3087);
#2667=LINE('',#5952,#3088);
#2668=LINE('',#5954,#3089);
#2669=LINE('',#5956,#3090);
#2670=LINE('',#5958,#3091);
#2671=LINE('',#5961,#3092);
#2672=LINE('',#5963,#3093);
#2673=LINE('',#5965,#3094);
#2674=LINE('',#5967,#3095);
#2675=LINE('',#5970,#3096);
#2676=LINE('',#5972,#3097);
#2677=LINE('',#5974,#3098);
#2678=LINE('',#5976,#3099);
#2679=LINE('',#5979,#3100);
#2680=LINE('',#5981,#3101);
#2681=LINE('',#5983,#3102);
#2682=LINE('',#5985,#3103);
#2683=LINE('',#5988,#3104);
#2684=LINE('',#5990,#3105);
#2685=LINE('',#5992,#3106);
#2686=LINE('',#5994,#3107);
#2687=LINE('',#5997,#3108);
#2688=LINE('',#5999,#3109);
#2689=LINE('',#6001,#3110);
#2690=LINE('',#6003,#3111);
#2691=LINE('',#6005,#3112);
#2692=LINE('',#6007,#3113);
#2693=LINE('',#6009,#3114);
#2694=LINE('',#6012,#3115);
#2695=LINE('',#6014,#3116);
#2696=LINE('',#6016,#3117);
#2697=LINE('',#6018,#3118);
#2698=LINE('',#6020,#3119);
#2699=LINE('',#6022,#3120);
#2700=LINE('',#6024,#3121);
#2701=LINE('',#6025,#3122);
#2702=LINE('',#6026,#3123);
#2703=LINE('',#6027,#3124);
#2704=LINE('',#6029,#3125);
#2705=LINE('',#6031,#3126);
#2706=LINE('',#6032,#3127);
#2707=LINE('',#6034,#3128);
#2708=LINE('',#6037,#3129);
#2709=LINE('',#6039,#3130);
#2710=LINE('',#6041,#3131);
#2711=LINE('',#6044,#3132);
#2712=LINE('',#6048,#3133);
#2713=LINE('',#6052,#3134);
#2714=LINE('',#6061,#3135);
#2715=LINE('',#6065,#3136);
#2716=LINE('',#6067,#3137);
#2717=LINE('',#6069,#3138);
#2718=LINE('',#6071,#3139);
#2719=LINE('',#6072,#3140);
#2720=LINE('',#6073,#3141);
#2721=LINE('',#6074,#3142);
#2722=LINE('',#6076,#3143);
#2723=LINE('',#6078,#3144);
#2724=LINE('',#6080,#3145);
#2725=LINE('',#6082,#3146);
#2726=LINE('',#6086,#3147);
#2727=LINE('',#6095,#3148);
#2728=LINE('',#6099,#3149);
#2729=LINE('',#6103,#3150);
#2730=LINE('',#6106,#3151);
#2731=LINE('',#6109,#3152);
#2732=LINE('',#6110,#3153);
#2733=LINE('',#6111,#3154);
#2734=LINE('',#6113,#3155);
#2735=LINE('',#6115,#3156);
#2736=LINE('',#6117,#3157);
#2737=LINE('',#6119,#3158);
#2738=LINE('',#6121,#3159);
#2739=LINE('',#6123,#3160);
#2740=LINE('',#6125,#3161);
#2741=LINE('',#6127,#3162);
#2742=LINE('',#6130,#3163);
#2743=LINE('',#6132,#3164);
#2744=LINE('',#6134,#3165);
#2745=LINE('',#6136,#3166);
#2746=LINE('',#6138,#3167);
#2747=LINE('',#6140,#3168);
#2748=LINE('',#6145,#3169);
#2749=LINE('',#6148,#3170);
#2750=LINE('',#6150,#3171);
#2751=LINE('',#6152,#3172);
#2752=LINE('',#6156,#3173);
#2753=LINE('',#6160,#3174);
#2754=LINE('',#6162,#3175);
#2755=LINE('',#6164,#3176);
#2756=LINE('',#6166,#3177);
#2757=LINE('',#6170,#3178);
#2758=LINE('',#6174,#3179);
#2759=LINE('',#6175,#3180);
#2760=LINE('',#6177,#3181);
#2761=LINE('',#6179,#3182);
#2762=LINE('',#6181,#3183);
#2763=LINE('',#6183,#3184);
#2764=LINE('',#6185,#3185);
#2765=LINE('',#6187,#3186);
#2766=LINE('',#6188,#3187);
#2767=LINE('',#6192,#3188);
#2768=LINE('',#6196,#3189);
#2769=LINE('',#6198,#3190);
#2770=LINE('',#6200,#3191);
#2771=LINE('',#6202,#3192);
#2772=LINE('',#6206,#3193);
#2773=LINE('',#6210,#3194);
#2774=LINE('',#6212,#3195);
#2775=LINE('',#6214,#3196);
#2776=LINE('',#6216,#3197);
#2777=LINE('',#6219,#3198);
#2778=LINE('',#6221,#3199);
#2779=LINE('',#6223,#3200);
#2780=LINE('',#6224,#3201);
#2781=LINE('',#6227,#3202);
#2782=LINE('',#6229,#3203);
#2783=LINE('',#6231,#3204);
#2784=LINE('',#6232,#3205);
#2785=LINE('',#6235,#3206);
#2786=LINE('',#6237,#3207);
#2787=LINE('',#6239,#3208);
#2788=LINE('',#6240,#3209);
#2789=LINE('',#6243,#3210);
#2790=LINE('',#6244,#3211);
#2791=LINE('',#6246,#3212);
#2792=LINE('',#6248,#3213);
#2793=LINE('',#6250,#3214);
#2794=LINE('',#6252,#3215);
#2795=LINE('',#6254,#3216);
#2796=LINE('',#6259,#3217);
#2797=LINE('',#6262,#3218);
#2798=LINE('',#6263,#3219);
#2799=LINE('',#6265,#3220);
#2800=LINE('',#6267,#3221);
#2801=LINE('',#6269,#3222);
#2802=LINE('',#6271,#3223);
#2803=LINE('',#6273,#3224);
#2804=LINE('',#6274,#3225);
#2805=LINE('',#6276,#3226);
#2806=LINE('',#6278,#3227);
#2807=LINE('',#6280,#3228);
#2808=LINE('',#6282,#3229);
#2809=LINE('',#6284,#3230);
#2810=LINE('',#6286,#3231);
#2811=LINE('',#6288,#3232);
#2812=LINE('',#6290,#3233);
#2813=LINE('',#6293,#3234);
#2814=LINE('',#6295,#3235);
#2815=LINE('',#6297,#3236);
#2816=LINE('',#6299,#3237);
#2817=LINE('',#6301,#3238);
#2818=LINE('',#6303,#3239);
#2819=LINE('',#6305,#3240);
#2820=LINE('',#6307,#3241);
#2821=LINE('',#6310,#3242);
#2822=LINE('',#6312,#3243);
#2823=LINE('',#6314,#3244);
#2824=LINE('',#6316,#3245);
#2825=LINE('',#6318,#3246);
#2826=LINE('',#6320,#3247);
#2827=LINE('',#6322,#3248);
#2828=LINE('',#6324,#3249);
#2829=LINE('',#6327,#3250);
#2830=LINE('',#6329,#3251);
#2831=LINE('',#6331,#3252);
#2832=LINE('',#6333,#3253);
#2833=LINE('',#6335,#3254);
#2834=LINE('',#6342,#3255);
#2835=LINE('',#6344,#3256);
#2836=LINE('',#6346,#3257);
#2837=LINE('',#6348,#3258);
#2838=LINE('',#6352,#3259);
#2839=LINE('',#6359,#3260);
#2840=LINE('',#6360,#3261);
#2841=LINE('',#6364,#3262);
#2842=LINE('',#6368,#3263);
#2843=LINE('',#6370,#3264);
#2844=LINE('',#6373,#3265);
#2845=LINE('',#6375,#3266);
#2846=LINE('',#6377,#3267);
#2847=LINE('',#6379,#3268);
#2848=LINE('',#6382,#3269);
#2849=LINE('',#6384,#3270);
#2850=LINE('',#6386,#3271);
#2851=LINE('',#6388,#3272);
#2852=LINE('',#6391,#3273);
#2853=LINE('',#6393,#3274);
#2854=LINE('',#6395,#3275);
#2855=LINE('',#6397,#3276);
#2856=LINE('',#6400,#3277);
#2857=LINE('',#6402,#3278);
#2858=LINE('',#6404,#3279);
#2859=LINE('',#6406,#3280);
#2860=LINE('',#6409,#3281);
#2861=LINE('',#6411,#3282);
#2862=LINE('',#6413,#3283);
#2863=LINE('',#6418,#3284);
#2864=LINE('',#6420,#3285);
#2865=LINE('',#6422,#3286);
#2866=LINE('',#6424,#3287);
#2867=LINE('',#6426,#3288);
#2868=LINE('',#6430,#3289);
#2869=LINE('',#6434,#3290);
#2870=LINE('',#6436,#3291);
#2871=LINE('',#6438,#3292);
#2872=LINE('',#6440,#3293);
#2873=LINE('',#6442,#3294);
#2874=LINE('',#6444,#3295);
#2875=LINE('',#6445,#3296);
#2876=LINE('',#6448,#3297);
#2877=LINE('',#6449,#3298);
#2878=LINE('',#6452,#3299);
#2879=LINE('',#6454,#3300);
#2880=LINE('',#6456,#3301);
#2881=LINE('',#6458,#3302);
#2882=LINE('',#6463,#3303);
#2883=LINE('',#6466,#3304);
#2884=LINE('',#6467,#3305);
#2885=LINE('',#6472,#3306);
#2886=LINE('',#6474,#3307);
#2887=LINE('',#6476,#3308);
#2888=LINE('',#6478,#3309);
#2889=LINE('',#6480,#3310);
#2890=LINE('',#6482,#3311);
#2891=LINE('',#6484,#3312);
#2892=LINE('',#6486,#3313);
#2893=LINE('',#6488,#3314);
#2894=LINE('',#6490,#3315);
#2895=LINE('',#6497,#3316);
#2896=LINE('',#6499,#3317);
#2897=LINE('',#6501,#3318);
#2898=LINE('',#6503,#3319);
#2899=LINE('',#6505,#3320);
#2900=LINE('',#6506,#3321);
#2901=LINE('',#6508,#3322);
#2902=LINE('',#6510,#3323);
#2903=LINE('',#6512,#3324);
#2904=LINE('',#6514,#3325);
#2905=LINE('',#6521,#3326);
#2906=LINE('',#6523,#3327);
#2907=LINE('',#6525,#3328);
#2908=LINE('',#6527,#3329);
#2909=LINE('',#6529,#3330);
#2910=LINE('',#6531,#3331);
#2911=LINE('',#6533,#3332);
#2912=LINE('',#6535,#3333);
#2913=LINE('',#6537,#3334);
#2914=LINE('',#6539,#3335);
#2915=LINE('',#6541,#3336);
#2916=LINE('',#6543,#3337);
#2917=LINE('',#6545,#3338);
#2918=LINE('',#6549,#3339);
#2919=LINE('',#6553,#3340);
#2920=LINE('',#6555,#3341);
#2921=LINE('',#6556,#3342);
#2922=LINE('',#6558,#3343);
#2923=LINE('',#6559,#3344);
#2924=LINE('',#6562,#3345);
#2925=LINE('',#6565,#3346);
#2926=LINE('',#6567,#3347);
#2927=LINE('',#6569,#3348);
#2928=LINE('',#6571,#3349);
#2929=LINE('',#6573,#3350);
#2930=LINE('',#6576,#3351);
#2931=LINE('',#6578,#3352);
#2932=LINE('',#6580,#3353);
#2933=LINE('',#6582,#3354);
#2934=LINE('',#6585,#3355);
#2935=LINE('',#6587,#3356);
#2936=LINE('',#6589,#3357);
#2937=LINE('',#6591,#3358);
#2938=LINE('',#6594,#3359);
#2939=LINE('',#6596,#3360);
#2940=LINE('',#6598,#3361);
#2941=LINE('',#6600,#3362);
#2942=LINE('',#6603,#3363);
#2943=LINE('',#6605,#3364);
#2944=LINE('',#6607,#3365);
#2945=LINE('',#6609,#3366);
#2946=LINE('',#6616,#3367);
#2947=LINE('',#6620,#3368);
#2948=LINE('',#6622,#3369);
#2949=LINE('',#6624,#3370);
#2950=LINE('',#6626,#3371);
#2951=LINE('',#6628,#3372);
#2952=LINE('',#6631,#3373);
#2953=LINE('',#6633,#3374);
#2954=LINE('',#6635,#3375);
#2955=LINE('',#6637,#3376);
#2956=LINE('',#6639,#3377);
#2957=LINE('',#6641,#3378);
#2958=LINE('',#6645,#3379);
#2959=LINE('',#6649,#3380);
#2960=LINE('',#6651,#3381);
#2961=LINE('',#6653,#3382);
#2962=LINE('',#6655,#3383);
#2963=LINE('',#6657,#3384);
#2964=LINE('',#6662,#3385);
#2965=LINE('',#6664,#3386);
#2966=LINE('',#6666,#3387);
#2967=LINE('',#6672,#3388);
#2968=LINE('',#6673,#3389);
#2969=LINE('',#6675,#3390);
#2970=LINE('',#6678,#3391);
#2971=LINE('',#6705,#3392);
#2972=LINE('',#6706,#3393);
#2973=LINE('',#6707,#3394);
#2974=LINE('',#6715,#3395);
#2975=LINE('',#6716,#3396);
#2976=LINE('',#6742,#3397);
#2977=LINE('',#6746,#3398);
#2978=LINE('',#6748,#3399);
#2979=LINE('',#6750,#3400);
#2980=LINE('',#6757,#3401);
#2981=LINE('',#6759,#3402);
#2982=LINE('',#6761,#3403);
#2983=LINE('',#6763,#3404);
#2984=LINE('',#6765,#3405);
#2985=LINE('',#6772,#3406);
#2986=LINE('',#6783,#3407);
#2987=LINE('',#6796,#3408);
#2988=LINE('',#6818,#3409);
#2989=LINE('',#6838,#3410);
#2990=LINE('',#6841,#3411);
#2991=LINE('',#6842,#3412);
#2992=LINE('',#6864,#3413);
#2993=LINE('',#6866,#3414);
#2994=LINE('',#6868,#3415);
#2995=LINE('',#6869,#3416);
#2996=LINE('',#6873,#3417);
#2997=LINE('',#6876,#3418);
#2998=LINE('',#6878,#3419);
#2999=LINE('',#6931,#3420);
#3000=LINE('',#6974,#3421);
#3001=LINE('',#6975,#3422);
#3002=LINE('',#6976,#3423);
#3003=LINE('',#6984,#3424);
#3004=LINE('',#6985,#3425);
#3005=LINE('',#6993,#3426);
#3006=LINE('',#6996,#3427);
#3007=LINE('',#7003,#3428);
#3008=LINE('',#7005,#3429);
#3009=LINE('',#7008,#3430);
#3010=LINE('',#7010,#3431);
#3011=LINE('',#7012,#3432);
#3012=LINE('',#7019,#3433);
#3013=LINE('',#7021,#3434);
#3014=LINE('',#7028,#3435);
#3015=LINE('',#7030,#3436);
#3016=LINE('',#7032,#3437);
#3017=LINE('',#7034,#3438);
#3018=LINE('',#7036,#3439);
#3019=LINE('',#7039,#3440);
#3020=LINE('',#7040,#3441);
#3021=LINE('',#7051,#3442);
#3022=LINE('',#7063,#3443);
#3023=LINE('',#7100,#3444);
#3024=LINE('',#7106,#3445);
#3025=LINE('',#7109,#3446);
#3026=LINE('',#7110,#3447);
#3027=LINE('',#7132,#3448);
#3028=LINE('',#7134,#3449);
#3029=LINE('',#7138,#3450);
#3030=LINE('',#7139,#3451);
#3031=LINE('',#7141,#3452);
#3032=LINE('',#7144,#3453);
#3033=LINE('',#7146,#3454);
#3034=LINE('',#7199,#3455);
#3035=LINE('',#7384,#3456);
#3036=LINE('',#7385,#3457);
#3037=LINE('',#7388,#3458);
#3038=LINE('',#7390,#3459);
#3039=LINE('',#7399,#3460);
#3040=LINE('',#7404,#3461);
#3041=LINE('',#7408,#3462);
#3042=LINE('',#7412,#3463);
#3043=LINE('',#7418,#3464);
#3044=LINE('',#7422,#3465);
#3045=LINE('',#7426,#3466);
#3046=LINE('',#7430,#3467);
#3047=LINE('',#7432,#3468);
#3048=LINE('',#7435,#3469);
#3049=LINE('',#7436,#3470);
#3050=LINE('',#7438,#3471);
#3051=LINE('',#7440,#3472);
#3052=LINE('',#7442,#3473);
#3053=LINE('',#7445,#3474);
#3054=LINE('',#7447,#3475);
#3055=LINE('',#7449,#3476);
#3056=LINE('',#7451,#3477);
#3057=LINE('',#7453,#3478);
#3058=LINE('',#7454,#3479);
#3059=LINE('',#7459,#3480);
#3060=LINE('',#7463,#3481);
#3061=LINE('',#7467,#3482);
#3062=LINE('',#7470,#3483);
#3063=LINE('',#7471,#3484);
#3064=LINE('',#7472,#3485);
#3065=LINE('',#7474,#3486);
#3066=LINE('',#7475,#3487);
#3067=LINE('',#7511,#3488);
#3068=LINE('',#7514,#3489);
#3069=LINE('',#7516,#3490);
#3070=LINE('',#7518,#3491);
#3071=LINE('',#7519,#3492);
#3072=LINE('',#7521,#3493);
#3073=LINE('',#7524,#3494);
#3074=LINE('',#7525,#3495);
#3075=LINE('',#7527,#3496);
#3076=LINE('',#7529,#3497);
#3077=LINE('',#7531,#3498);
#3078=LINE('',#7533,#3499);
#3079=LINE('',#7546,#3500);
#3080=LINE('',#7550,#3501);
#3081=LINE('',#7554,#3502);
#3082=LINE('',#7557,#3503);
#3083=LINE('',#7558,#3504);
#3084=LINE('',#7559,#3505);
#3085=LINE('',#7561,#3506);
#3086=LINE('',#7562,#3507);
#3087=VECTOR('',#4762,1000.);
#3088=VECTOR('',#4763,1000.);
#3089=VECTOR('',#4764,1000.);
#3090=VECTOR('',#4765,1000.);
#3091=VECTOR('',#4768,1000.);
#3092=VECTOR('',#4769,1000.);
#3093=VECTOR('',#4770,1000.);
#3094=VECTOR('',#4771,1000.);
#3095=VECTOR('',#4774,1000.);
#3096=VECTOR('',#4775,1000.);
#3097=VECTOR('',#4776,1000.);
#3098=VECTOR('',#4777,1000.);
#3099=VECTOR('',#4780,1000.);
#3100=VECTOR('',#4781,1000.);
#3101=VECTOR('',#4782,1000.);
#3102=VECTOR('',#4783,1000.);
#3103=VECTOR('',#4786,1000.);
#3104=VECTOR('',#4787,1000.);
#3105=VECTOR('',#4788,1000.);
#3106=VECTOR('',#4789,1000.);
#3107=VECTOR('',#4792,1000.);
#3108=VECTOR('',#4793,1000.);
#3109=VECTOR('',#4794,1000.);
#3110=VECTOR('',#4795,1000.);
#3111=VECTOR('',#4798,1000.);
#3112=VECTOR('',#4799,1000.);
#3113=VECTOR('',#4800,1000.);
#3114=VECTOR('',#4803,1000.);
#3115=VECTOR('',#4804,1000.);
#3116=VECTOR('',#4805,1000.);
#3117=VECTOR('',#4806,1000.);
#3118=VECTOR('',#4809,1000.);
#3119=VECTOR('',#4810,1000.);
#3120=VECTOR('',#4811,1000.);
#3121=VECTOR('',#4812,1000.);
#3122=VECTOR('',#4813,1000.);
#3123=VECTOR('',#4814,1000.);
#3124=VECTOR('',#4815,1000.);
#3125=VECTOR('',#4816,1000.);
#3126=VECTOR('',#4817,1000.);
#3127=VECTOR('',#4818,1000.);
#3128=VECTOR('',#4821,1000.);
#3129=VECTOR('',#4822,1000.);
#3130=VECTOR('',#4823,1000.);
#3131=VECTOR('',#4824,1000.);
#3132=VECTOR('',#4827,1000.);
#3133=VECTOR('',#4830,1000.);
#3134=VECTOR('',#4833,1000.);
#3135=VECTOR('',#4836,1000.);
#3136=VECTOR('',#4839,1000.);
#3137=VECTOR('',#4840,1000.);
#3138=VECTOR('',#4841,1000.);
#3139=VECTOR('',#4842,1000.);
#3140=VECTOR('',#4843,1000.);
#3141=VECTOR('',#4844,1000.);
#3142=VECTOR('',#4845,1000.);
#3143=VECTOR('',#4846,1000.);
#3144=VECTOR('',#4847,1000.);
#3145=VECTOR('',#4848,1000.);
#3146=VECTOR('',#4849,1000.);
#3147=VECTOR('',#4852,1000.);
#3148=VECTOR('',#4855,1000.);
#3149=VECTOR('',#4858,1000.);
#3150=VECTOR('',#4861,1000.);
#3151=VECTOR('',#4864,1000.);
#3152=VECTOR('',#4865,1000.);
#3153=VECTOR('',#4866,1000.);
#3154=VECTOR('',#4867,1000.);
#3155=VECTOR('',#4868,1000.);
#3156=VECTOR('',#4869,1000.);
#3157=VECTOR('',#4872,1000.);
#3158=VECTOR('',#4875,1000.);
#3159=VECTOR('',#4878,1000.);
#3160=VECTOR('',#4879,1000.);
#3161=VECTOR('',#4880,1000.);
#3162=VECTOR('',#4883,1000.);
#3163=VECTOR('',#4884,1000.);
#3164=VECTOR('',#4885,1000.);
#3165=VECTOR('',#4886,1000.);
#3166=VECTOR('',#4887,1000.);
#3167=VECTOR('',#4888,1000.);
#3168=VECTOR('',#4891,1000.);
#3169=VECTOR('',#4894,1000.);
#3170=VECTOR('',#4897,1000.);
#3171=VECTOR('',#4898,1000.);
#3172=VECTOR('',#4899,1000.);
#3173=VECTOR('',#4902,1000.);
#3174=VECTOR('',#4905,1000.);
#3175=VECTOR('',#4906,1000.);
#3176=VECTOR('',#4907,1000.);
#3177=VECTOR('',#4908,1000.);
#3178=VECTOR('',#4911,1000.);
#3179=VECTOR('',#4914,1000.);
#3180=VECTOR('',#4915,1000.);
#3181=VECTOR('',#4916,1000.);
#3182=VECTOR('',#4917,1000.);
#3183=VECTOR('',#4918,1000.);
#3184=VECTOR('',#4919,1000.);
#3185=VECTOR('',#4920,1000.);
#3186=VECTOR('',#4921,1000.);
#3187=VECTOR('',#4922,1000.);
#3188=VECTOR('',#4925,1000.);
#3189=VECTOR('',#4928,1000.);
#3190=VECTOR('',#4929,1000.);
#3191=VECTOR('',#4930,1000.);
#3192=VECTOR('',#4931,1000.);
#3193=VECTOR('',#4934,1000.);
#3194=VECTOR('',#4937,1000.);
#3195=VECTOR('',#4938,1000.);
#3196=VECTOR('',#4939,1000.);
#3197=VECTOR('',#4942,1000.);
#3198=VECTOR('',#4943,1000.);
#3199=VECTOR('',#4944,1000.);
#3200=VECTOR('',#4945,1000.);
#3201=VECTOR('',#4946,1000.);
#3202=VECTOR('',#4947,1000.);
#3203=VECTOR('',#4948,1000.);
#3204=VECTOR('',#4949,1000.);
#3205=VECTOR('',#4950,1000.);
#3206=VECTOR('',#4951,1000.);
#3207=VECTOR('',#4952,1000.);
#3208=VECTOR('',#4953,1000.);
#3209=VECTOR('',#4954,1000.);
#3210=VECTOR('',#4955,1000.);
#3211=VECTOR('',#4956,1000.);
#3212=VECTOR('',#4957,1000.);
#3213=VECTOR('',#4958,1000.);
#3214=VECTOR('',#4959,1000.);
#3215=VECTOR('',#4960,1000.);
#3216=VECTOR('',#4963,1000.);
#3217=VECTOR('',#4966,1000.);
#3218=VECTOR('',#4971,1000.);
#3219=VECTOR('',#4972,1000.);
#3220=VECTOR('',#4973,1000.);
#3221=VECTOR('',#4976,1000.);
#3222=VECTOR('',#4977,1000.);
#3223=VECTOR('',#4978,1000.);
#3224=VECTOR('',#4981,1000.);
#3225=VECTOR('',#4982,1000.);
#3226=VECTOR('',#4985,1000.);
#3227=VECTOR('',#4986,1000.);
#3228=VECTOR('',#4987,1000.);
#3229=VECTOR('',#4990,1000.);
#3230=VECTOR('',#4991,1000.);
#3231=VECTOR('',#4994,1000.);
#3232=VECTOR('',#4995,1000.);
#3233=VECTOR('',#4998,1000.);
#3234=VECTOR('',#5003,1000.);
#3235=VECTOR('',#5004,1000.);
#3236=VECTOR('',#5005,1000.);
#3237=VECTOR('',#5008,1000.);
#3238=VECTOR('',#5009,1000.);
#3239=VECTOR('',#5012,1000.);
#3240=VECTOR('',#5013,1000.);
#3241=VECTOR('',#5016,1000.);
#3242=VECTOR('',#5021,1000.);
#3243=VECTOR('',#5022,1000.);
#3244=VECTOR('',#5023,1000.);
#3245=VECTOR('',#5026,1000.);
#3246=VECTOR('',#5027,1000.);
#3247=VECTOR('',#5030,1000.);
#3248=VECTOR('',#5031,1000.);
#3249=VECTOR('',#5034,1000.);
#3250=VECTOR('',#5039,1000.);
#3251=VECTOR('',#5040,1000.);
#3252=VECTOR('',#5043,1000.);
#3253=VECTOR('',#5044,1000.);
#3254=VECTOR('',#5045,1000.);
#3255=VECTOR('',#5048,1000.);
#3256=VECTOR('',#5049,1000.);
#3257=VECTOR('',#5050,1000.);
#3258=VECTOR('',#5051,1000.);
#3259=VECTOR('',#5054,1000.);
#3260=VECTOR('',#5057,1000.);
#3261=VECTOR('',#5058,1000.);
#3262=VECTOR('',#5061,1000.);
#3263=VECTOR('',#5064,1000.);
#3264=VECTOR('',#5067,1000.);
#3265=VECTOR('',#5068,1000.);
#3266=VECTOR('',#5069,1000.);
#3267=VECTOR('',#5070,1000.);
#3268=VECTOR('',#5073,1000.);
#3269=VECTOR('',#5074,1000.);
#3270=VECTOR('',#5075,1000.);
#3271=VECTOR('',#5076,1000.);
#3272=VECTOR('',#5079,1000.);
#3273=VECTOR('',#5080,1000.);
#3274=VECTOR('',#5081,1000.);
#3275=VECTOR('',#5082,1000.);
#3276=VECTOR('',#5085,1000.);
#3277=VECTOR('',#5086,1000.);
#3278=VECTOR('',#5087,1000.);
#3279=VECTOR('',#5088,1000.);
#3280=VECTOR('',#5091,1000.);
#3281=VECTOR('',#5092,1000.);
#3282=VECTOR('',#5093,1000.);
#3283=VECTOR('',#5094,1000.);
#3284=VECTOR('',#5099,1000.);
#3285=VECTOR('',#5100,1000.);
#3286=VECTOR('',#5101,1000.);
#3287=VECTOR('',#5102,1000.);
#3288=VECTOR('',#5103,1000.);
#3289=VECTOR('',#5106,1000.);
#3290=VECTOR('',#5109,1000.);
#3291=VECTOR('',#5110,1000.);
#3292=VECTOR('',#5111,1000.);
#3293=VECTOR('',#5112,1000.);
#3294=VECTOR('',#5115,1000.);
#3295=VECTOR('',#5118,1000.);
#3296=VECTOR('',#5119,1000.);
#3297=VECTOR('',#5124,1000.);
#3298=VECTOR('',#5125,1000.);
#3299=VECTOR('',#5130,1000.);
#3300=VECTOR('',#5131,1000.);
#3301=VECTOR('',#5132,1000.);
#3302=VECTOR('',#5135,1000.);
#3303=VECTOR('',#5138,1000.);
#3304=VECTOR('',#5141,1000.);
#3305=VECTOR('',#5142,1000.);
#3306=VECTOR('',#5147,1000.);
#3307=VECTOR('',#5148,1000.);
#3308=VECTOR('',#5149,1000.);
#3309=VECTOR('',#5150,1000.);
#3310=VECTOR('',#5151,1000.);
#3311=VECTOR('',#5152,1000.);
#3312=VECTOR('',#5153,1000.);
#3313=VECTOR('',#5154,1000.);
#3314=VECTOR('',#5155,1000.);
#3315=VECTOR('',#5156,1000.);
#3316=VECTOR('',#5157,1000.);
#3317=VECTOR('',#5158,1000.);
#3318=VECTOR('',#5159,1000.);
#3319=VECTOR('',#5160,1000.);
#3320=VECTOR('',#5161,1000.);
#3321=VECTOR('',#5162,1000.);
#3322=VECTOR('',#5163,1000.);
#3323=VECTOR('',#5164,1000.);
#3324=VECTOR('',#5165,1000.);
#3325=VECTOR('',#5166,1000.);
#3326=VECTOR('',#5167,1000.);
#3327=VECTOR('',#5168,1000.);
#3328=VECTOR('',#5169,1000.);
#3329=VECTOR('',#5170,1000.);
#3330=VECTOR('',#5171,1000.);
#3331=VECTOR('',#5172,1000.);
#3332=VECTOR('',#5173,1000.);
#3333=VECTOR('',#5174,1000.);
#3334=VECTOR('',#5175,1000.);
#3335=VECTOR('',#5178,1000.);
#3336=VECTOR('',#5179,1000.);
#3337=VECTOR('',#5180,1000.);
#3338=VECTOR('',#5181,1000.);
#3339=VECTOR('',#5184,1000.);
#3340=VECTOR('',#5187,1000.);
#3341=VECTOR('',#5190,1000.);
#3342=VECTOR('',#5191,1000.);
#3343=VECTOR('',#5194,1000.);
#3344=VECTOR('',#5195,1000.);
#3345=VECTOR('',#5200,1000.);
#3346=VECTOR('',#5205,1000.);
#3347=VECTOR('',#5208,1000.);
#3348=VECTOR('',#5209,1000.);
#3349=VECTOR('',#5210,1000.);
#3350=VECTOR('',#5213,1000.);
#3351=VECTOR('',#5214,1000.);
#3352=VECTOR('',#5215,1000.);
#3353=VECTOR('',#5216,1000.);
#3354=VECTOR('',#5219,1000.);
#3355=VECTOR('',#5220,1000.);
#3356=VECTOR('',#5221,1000.);
#3357=VECTOR('',#5222,1000.);
#3358=VECTOR('',#5225,1000.);
#3359=VECTOR('',#5226,1000.);
#3360=VECTOR('',#5227,1000.);
#3361=VECTOR('',#5228,1000.);
#3362=VECTOR('',#5231,1000.);
#3363=VECTOR('',#5232,1000.);
#3364=VECTOR('',#5233,1000.);
#3365=VECTOR('',#5234,1000.);
#3366=VECTOR('',#5237,1000.);
#3367=VECTOR('',#5240,1000.);
#3368=VECTOR('',#5243,1000.);
#3369=VECTOR('',#5244,1000.);
#3370=VECTOR('',#5245,1000.);
#3371=VECTOR('',#5246,1000.);
#3372=VECTOR('',#5249,1000.);
#3373=VECTOR('',#5250,1000.);
#3374=VECTOR('',#5251,1000.);
#3375=VECTOR('',#5252,1000.);
#3376=VECTOR('',#5253,1000.);
#3377=VECTOR('',#5254,1000.);
#3378=VECTOR('',#5255,1000.);
#3379=VECTOR('',#5258,1000.);
#3380=VECTOR('',#5261,1000.);
#3381=VECTOR('',#5262,1000.);
#3382=VECTOR('',#5265,1000.);
#3383=VECTOR('',#5266,1000.);
#3384=VECTOR('',#5269,1000.);
#3385=VECTOR('',#5272,1000.);
#3386=VECTOR('',#5273,1000.);
#3387=VECTOR('',#5274,1000.);
#3388=VECTOR('',#5283,1000.);
#3389=VECTOR('',#5284,1000.);
#3390=VECTOR('',#5287,1000.);
#3391=VECTOR('',#5290,1000.);
#3392=VECTOR('',#5295,1000.);
#3393=VECTOR('',#5296,1000.);
#3394=VECTOR('',#5297,1000.);
#3395=VECTOR('',#5300,1000.);
#3396=VECTOR('',#5301,1000.);
#3397=VECTOR('',#5306,1000.);
#3398=VECTOR('',#5311,1000.);
#3399=VECTOR('',#5314,1000.);
#3400=VECTOR('',#5317,1000.);
#3401=VECTOR('',#5318,1000.);
#3402=VECTOR('',#5321,1000.);
#3403=VECTOR('',#5322,1000.);
#3404=VECTOR('',#5323,1000.);
#3405=VECTOR('',#5324,1000.);
#3406=VECTOR('',#5325,1000.);
#3407=VECTOR('',#5326,1000.);
#3408=VECTOR('',#5327,1000.);
#3409=VECTOR('',#5328,1000.);
#3410=VECTOR('',#5331,1000.);
#3411=VECTOR('',#5332,1000.);
#3412=VECTOR('',#5333,1000.);
#3413=VECTOR('',#5336,1000.);
#3414=VECTOR('',#5337,1000.);
#3415=VECTOR('',#5340,1000.);
#3416=VECTOR('',#5341,1000.);
#3417=VECTOR('',#5346,1000.);
#3418=VECTOR('',#5351,1000.);
#3419=VECTOR('',#5352,1000.);
#3420=VECTOR('',#5357,1000.);
#3421=VECTOR('',#5380,1000.);
#3422=VECTOR('',#5381,1000.);
#3423=VECTOR('',#5382,1000.);
#3424=VECTOR('',#5385,1000.);
#3425=VECTOR('',#5386,1000.);
#3426=VECTOR('',#5389,1000.);
#3427=VECTOR('',#5392,1000.);
#3428=VECTOR('',#5395,1000.);
#3429=VECTOR('',#5398,1000.);
#3430=VECTOR('',#5401,1000.);
#3431=VECTOR('',#5404,1000.);
#3432=VECTOR('',#5407,1000.);
#3433=VECTOR('',#5408,1000.);
#3434=VECTOR('',#5411,1000.);
#3435=VECTOR('',#5412,1000.);
#3436=VECTOR('',#5413,1000.);
#3437=VECTOR('',#5414,1000.);
#3438=VECTOR('',#5415,1000.);
#3439=VECTOR('',#5418,1000.);
#3440=VECTOR('',#5419,1000.);
#3441=VECTOR('',#5420,1000.);
#3442=VECTOR('',#5421,1000.);
#3443=VECTOR('',#5422,1000.);
#3444=VECTOR('',#5423,1000.);
#3445=VECTOR('',#5426,1000.);
#3446=VECTOR('',#5427,1000.);
#3447=VECTOR('',#5428,1000.);
#3448=VECTOR('',#5431,1000.);
#3449=VECTOR('',#5432,1000.);
#3450=VECTOR('',#5437,1000.);
#3451=VECTOR('',#5438,1000.);
#3452=VECTOR('',#5441,1000.);
#3453=VECTOR('',#5446,1000.);
#3454=VECTOR('',#5447,1000.);
#3455=VECTOR('',#5452,1000.);
#3456=VECTOR('',#5759,1000.);
#3457=VECTOR('',#5760,1000.);
#3458=VECTOR('',#5765,1000.);
#3459=VECTOR('',#5768,1000.);
#3460=VECTOR('',#5785,1000.);
#3461=VECTOR('',#5788,1000.);
#3462=VECTOR('',#5791,1000.);
#3463=VECTOR('',#5794,1000.);
#3464=VECTOR('',#5799,1000.);
#3465=VECTOR('',#5802,1000.);
#3466=VECTOR('',#5805,1000.);
#3467=VECTOR('',#5808,1000.);
#3468=VECTOR('',#5811,1000.);
#3469=VECTOR('',#5812,1000.);
#3470=VECTOR('',#5813,1000.);
#3471=VECTOR('',#5814,1000.);
#3472=VECTOR('',#5815,1000.);
#3473=VECTOR('',#5818,1000.);
#3474=VECTOR('',#5819,1000.);
#3475=VECTOR('',#5820,1000.);
#3476=VECTOR('',#5821,1000.);
#3477=VECTOR('',#5822,1000.);
#3478=VECTOR('',#5823,1000.);
#3479=VECTOR('',#5824,1000.);
#3480=VECTOR('',#5831,1000.);
#3481=VECTOR('',#5834,1000.);
#3482=VECTOR('',#5839,1000.);
#3483=VECTOR('',#5840,1000.);
#3484=VECTOR('',#5841,1000.);
#3485=VECTOR('',#5842,1000.);
#3486=VECTOR('',#5845,1000.);
#3487=VECTOR('',#5846,1000.);
#3488=VECTOR('',#5867,1000.);
#3489=VECTOR('',#5868,1000.);
#3490=VECTOR('',#5869,1000.);
#3491=VECTOR('',#5870,1000.);
#3492=VECTOR('',#5871,1000.);
#3493=VECTOR('',#5874,1000.);
#3494=VECTOR('',#5875,1000.);
#3495=VECTOR('',#5876,1000.);
#3496=VECTOR('',#5877,1000.);
#3497=VECTOR('',#5878,1000.);
#3498=VECTOR('',#5879,1000.);
#3499=VECTOR('',#5880,1000.);
#3500=VECTOR('',#5883,1000.);
#3501=VECTOR('',#5886,1000.);
#3502=VECTOR('',#5891,1000.);
#3503=VECTOR('',#5892,1000.);
#3504=VECTOR('',#5893,1000.);
#3505=VECTOR('',#5894,1000.);
#3506=VECTOR('',#5897,1000.);
#3507=VECTOR('',#5898,1000.);
#3508=EDGE_LOOP('',(#393,#394,#395,#396));
#3509=EDGE_LOOP('',(#397,#398,#399,#400));
#3510=EDGE_LOOP('',(#401,#402,#403,#404));
#3511=EDGE_LOOP('',(#405,#406,#407,#408));
#3512=EDGE_LOOP('',(#409,#410,#411,#412));
#3513=EDGE_LOOP('',(#413,#414,#415,#416));
#3514=EDGE_LOOP('',(#417,#418,#419,#420));
#3515=EDGE_LOOP('',(#421,#422,#423,#424));
#3516=EDGE_LOOP('',(#425,#426,#427,#428,#429,#430,#431,#432,#433,#434,#435,
#436,#437,#438,#439,#440));
#3517=EDGE_LOOP('',(#441,#442,#443,#444,#445,#446,#447,#448,#449,#450,#451,
#452,#453,#454,#455,#456,#457,#458,#459,#460,#461,#462,#463,#464,#465,#466,
#467,#468,#469,#470,#471,#472,#473,#474,#475,#476,#477,#478,#479,#480));
#3518=EDGE_LOOP('',(#481,#482,#483,#484));
#3519=EDGE_LOOP('',(#485,#486,#487,#488));
#3520=EDGE_LOOP('',(#489,#490,#491,#492));
#3521=EDGE_LOOP('',(#493,#494,#495,#496));
#3522=EDGE_LOOP('',(#497,#498,#499,#500));
#3523=EDGE_LOOP('',(#501,#502,#503,#504,#505,#506));
#3524=EDGE_LOOP('',(#507,#508,#509,#510,#511,#512,#513,#514,#515,#516,#517,
#518,#519,#520,#521,#522,#523,#524,#525,#526,#527,#528,#529,#530,#531,#532,
#533,#534,#535,#536,#537,#538,#539,#540,#541,#542,#543,#544,#545,#546,#547,
#548,#549,#550,#551,#552));
#3525=EDGE_LOOP('',(#553,#554,#555,#556));
#3526=EDGE_LOOP('',(#557,#558,#559,#560));
#3527=EDGE_LOOP('',(#561,#562,#563,#564));
#3528=EDGE_LOOP('',(#565,#566,#567,#568,#569,#570,#571,#572));
#3529=EDGE_LOOP('',(#573,#574,#575,#576,#577,#578));
#3530=EDGE_LOOP('',(#579,#580,#581,#582,#583,#584));
#3531=EDGE_LOOP('',(#585,#586,#587,#588));
#3532=EDGE_LOOP('',(#589,#590,#591,#592));
#3533=EDGE_LOOP('',(#593,#594,#595,#596));
#3534=EDGE_LOOP('',(#597,#598,#599,#600));
#3535=EDGE_LOOP('',(#601,#602,#603,#604));
#3536=EDGE_LOOP('',(#605,#606,#607,#608));
#3537=EDGE_LOOP('',(#609,#610,#611,#612));
#3538=EDGE_LOOP('',(#613,#614,#615,#616));
#3539=EDGE_LOOP('',(#617,#618,#619,#620));
#3540=EDGE_LOOP('',(#621,#622,#623,#624));
#3541=EDGE_LOOP('',(#625,#626,#627,#628));
#3542=EDGE_LOOP('',(#629,#630,#631,#632));
#3543=EDGE_LOOP('',(#633,#634,#635,#636));
#3544=EDGE_LOOP('',(#637,#638,#639,#640));
#3545=EDGE_LOOP('',(#641,#642,#643,#644));
#3546=EDGE_LOOP('',(#645,#646,#647,#648));
#3547=EDGE_LOOP('',(#649,#650,#651,#652));
#3548=EDGE_LOOP('',(#653,#654,#655,#656));
#3549=EDGE_LOOP('',(#657,#658,#659,#660));
#3550=EDGE_LOOP('',(#661,#662,#663,#664,#665,#666,#667,#668,#669));
#3551=EDGE_LOOP('',(#670,#671,#672,#673,#674,#675,#676,#677,#678,#679));
#3552=EDGE_LOOP('',(#680,#681,#682,#683));
#3553=EDGE_LOOP('',(#684,#685,#686,#687));
#3554=EDGE_LOOP('',(#688,#689,#690,#691));
#3555=EDGE_LOOP('',(#692,#693,#694,#695));
#3556=EDGE_LOOP('',(#696,#697,#698,#699));
#3557=EDGE_LOOP('',(#700,#701,#702,#703,#704,#705,#706,#707,#708,#709,#710,
#711,#712));
#3558=EDGE_LOOP('',(#713,#714,#715,#716));
#3559=EDGE_LOOP('',(#717,#718,#719,#720));
#3560=EDGE_LOOP('',(#721,#722,#723,#724));
#3561=EDGE_LOOP('',(#725,#726,#727,#728,#729,#730,#731,#732));
#3562=EDGE_LOOP('',(#733,#734,#735,#736));
#3563=EDGE_LOOP('',(#737,#738,#739,#740));
#3564=EDGE_LOOP('',(#741,#742,#743,#744,#745,#746,#747,#748,#749,#750,#751,
#752,#753,#754,#755,#756,#757,#758,#759,#760,#761,#762,#763,#764,#765,#766,
#767,#768,#769,#770,#771,#772,#773,#774,#775,#776,#777,#778,#779,#780,#781,
#782,#783,#784,#785,#786));
#3565=EDGE_LOOP('',(#787,#788,#789,#790,#791,#792,#793,#794,#795,#796));
#3566=EDGE_LOOP('',(#797,#798,#799,#800));
#3567=EDGE_LOOP('',(#801,#802,#803,#804));
#3568=EDGE_LOOP('',(#805,#806,#807,#808));
#3569=EDGE_LOOP('',(#809,#810,#811,#812,#813,#814,#815,#816));
#3570=EDGE_LOOP('',(#817,#818,#819,#820));
#3571=EDGE_LOOP('',(#821,#822,#823,#824));
#3572=EDGE_LOOP('',(#825,#826,#827,#828));
#3573=EDGE_LOOP('',(#829,#830,#831,#832));
#3574=EDGE_LOOP('',(#833,#834,#835,#836));
#3575=EDGE_LOOP('',(#837,#838,#839,#840));
#3576=EDGE_LOOP('',(#841,#842,#843,#844));
#3577=EDGE_LOOP('',(#845,#846,#847,#848));
#3578=EDGE_LOOP('',(#849,#850,#851,#852,#853,#854,#855,#856));
#3579=EDGE_LOOP('',(#857,#858,#859,#860,#861,#862,#863,#864,#865,#866,#867,
#868));
#3580=EDGE_LOOP('',(#869,#870,#871,#872));
#3581=EDGE_LOOP('',(#873,#874,#875,#876,#877,#878,#879,#880,#881,#882,#883,
#884));
#3582=EDGE_LOOP('',(#885,#886,#887,#888));
#3583=EDGE_LOOP('',(#889,#890,#891,#892,#893,#894));
#3584=EDGE_LOOP('',(#895,#896,#897));
#3585=EDGE_LOOP('',(#898,#899,#900,#901,#902,#903));
#3586=EDGE_LOOP('',(#904,#905,#906,#907));
#3587=EDGE_LOOP('',(#908,#909,#910));
#3588=EDGE_LOOP('',(#911,#912,#913));
#3589=EDGE_LOOP('',(#914,#915,#916,#917,#918,#919));
#3590=EDGE_LOOP('',(#920,#921,#922,#923));
#3591=EDGE_LOOP('',(#924,#925,#926,#927));
#3592=EDGE_LOOP('',(#928,#929,#930,#931,#932,#933,#934));
#3593=EDGE_LOOP('',(#935,#936,#937,#938,#939));
#3594=EDGE_LOOP('',(#940,#941,#942,#943,#944,#945,#946,#947,#948,#949));
#3595=EDGE_LOOP('',(#950,#951,#952,#953,#954));
#3596=EDGE_LOOP('',(#955,#956,#957,#958));
#3597=EDGE_LOOP('',(#959,#960,#961,#962));
#3598=EDGE_LOOP('',(#963,#964,#965,#966,#967,#968));
#3599=EDGE_LOOP('',(#969,#970,#971,#972));
#3600=EDGE_LOOP('',(#973,#974,#975,#976,#977));
#3601=EDGE_LOOP('',(#978,#979,#980,#981,#982,#983,#984));
#3602=EDGE_LOOP('',(#985,#986,#987,#988));
#3603=EDGE_LOOP('',(#989,#990,#991,#992,#993,#994,#995,#996));
#3604=EDGE_LOOP('',(#997,#998,#999,#1000,#1001));
#3605=EDGE_LOOP('',(#1002,#1003,#1004,#1005));
#3606=EDGE_LOOP('',(#1006,#1007,#1008,#1009,#1010,#1011));
#3607=EDGE_LOOP('',(#1012,#1013,#1014));
#3608=EDGE_LOOP('',(#1015,#1016,#1017,#1018));
#3609=EDGE_LOOP('',(#1019,#1020,#1021,#1022,#1023));
#3610=EDGE_LOOP('',(#1024,#1025,#1026,#1027));
#3611=EDGE_LOOP('',(#1028,#1029,#1030,#1031));
#3612=EDGE_LOOP('',(#1032,#1033,#1034,#1035));
#3613=EDGE_LOOP('',(#1036,#1037,#1038,#1039));
#3614=EDGE_LOOP('',(#1040,#1041,#1042,#1043,#1044,#1045));
#3615=EDGE_LOOP('',(#1046,#1047,#1048,#1049));
#3616=EDGE_LOOP('',(#1050,#1051,#1052,#1053,#1054,#1055));
#3617=EDGE_LOOP('',(#1056,#1057,#1058));
#3618=EDGE_LOOP('',(#1059,#1060,#1061,#1062,#1063,#1064));
#3619=EDGE_LOOP('',(#1065,#1066,#1067,#1068));
#3620=EDGE_LOOP('',(#1069,#1070,#1071,#1072));
#3621=EDGE_LOOP('',(#1073,#1074,#1075,#1076,#1077,#1078,#1079));
#3622=EDGE_LOOP('',(#1080,#1081,#1082,#1083));
#3623=EDGE_LOOP('',(#1084,#1085,#1086,#1087,#1088));
#3624=EDGE_LOOP('',(#1089,#1090,#1091,#1092,#1093,#1094,#1095,#1096,#1097,
#1098));
#3625=EDGE_LOOP('',(#1099,#1100,#1101,#1102,#1103));
#3626=EDGE_LOOP('',(#1104,#1105,#1106,#1107));
#3627=EDGE_LOOP('',(#1108,#1109,#1110,#1111));
#3628=EDGE_LOOP('',(#1112,#1113,#1114,#1115,#1116,#1117));
#3629=EDGE_LOOP('',(#1118,#1119,#1120,#1121));
#3630=EDGE_LOOP('',(#1122,#1123,#1124,#1125,#1126));
#3631=EDGE_LOOP('',(#1127,#1128,#1129,#1130,#1131,#1132,#1133));
#3632=EDGE_LOOP('',(#1134,#1135,#1136,#1137));
#3633=EDGE_LOOP('',(#1138,#1139,#1140,#1141,#1142,#1143,#1144,#1145));
#3634=EDGE_LOOP('',(#1146,#1147,#1148,#1149,#1150));
#3635=EDGE_LOOP('',(#1151,#1152,#1153,#1154));
#3636=EDGE_LOOP('',(#1155,#1156,#1157,#1158,#1159,#1160));
#3637=EDGE_LOOP('',(#1161,#1162,#1163));
#3638=EDGE_LOOP('',(#1164,#1165,#1166,#1167));
#3639=EDGE_LOOP('',(#1168,#1169,#1170,#1171,#1172));
#3640=EDGE_LOOP('',(#1173,#1174,#1175,#1176));
#3641=EDGE_LOOP('',(#1177,#1178,#1179,#1180));
#3642=EDGE_LOOP('',(#1181,#1182,#1183,#1184));
#3643=EDGE_LOOP('',(#1185,#1186,#1187,#1188));
#3644=EDGE_LOOP('',(#1189,#1190,#1191,#1192,#1193));
#3645=EDGE_LOOP('',(#1194,#1195,#1196,#1197,#1198));
#3646=EDGE_LOOP('',(#1199,#1200,#1201,#1202));
#3647=EDGE_LOOP('',(#1203,#1204,#1205,#1206));
#3648=EDGE_LOOP('',(#1207,#1208,#1209,#1210));
#3649=EDGE_LOOP('',(#1211,#1212,#1213,#1214));
#3650=EDGE_LOOP('',(#1215,#1216,#1217,#1218));
#3651=EDGE_LOOP('',(#1219,#1220,#1221,#1222));
#3652=EDGE_LOOP('',(#1223,#1224,#1225,#1226));
#3653=EDGE_LOOP('',(#1227,#1228,#1229,#1230));
#3654=EDGE_LOOP('',(#1231,#1232,#1233,#1234));
#3655=EDGE_LOOP('',(#1235,#1236,#1237,#1238));
#3656=EDGE_LOOP('',(#1239,#1240,#1241,#1242));
#3657=EDGE_LOOP('',(#1243,#1244,#1245,#1246));
#3658=EDGE_LOOP('',(#1247,#1248,#1249,#1250));
#3659=EDGE_LOOP('',(#1251,#1252,#1253,#1254));
#3660=EDGE_LOOP('',(#1255,#1256,#1257));
#3661=EDGE_LOOP('',(#1258,#1259,#1260,#1261));
#3662=EDGE_LOOP('',(#1262,#1263,#1264,#1265));
#3663=EDGE_LOOP('',(#1266,#1267,#1268,#1269));
#3664=EDGE_LOOP('',(#1270,#1271,#1272,#1273));
#3665=EDGE_LOOP('',(#1274,#1275,#1276));
#3666=EDGE_LOOP('',(#1277,#1278,#1279));
#3667=EDGE_LOOP('',(#1280,#1281,#1282,#1283));
#3668=EDGE_LOOP('',(#1284,#1285,#1286,#1287));
#3669=EDGE_LOOP('',(#1288,#1289,#1290,#1291));
#3670=EDGE_LOOP('',(#1292,#1293,#1294,#1295));
#3671=EDGE_LOOP('',(#1296,#1297,#1298));
#3672=EDGE_LOOP('',(#1299,#1300,#1301));
#3673=EDGE_LOOP('',(#1302,#1303,#1304,#1305));
#3674=EDGE_LOOP('',(#1306,#1307,#1308,#1309));
#3675=EDGE_LOOP('',(#1310,#1311,#1312,#1313));
#3676=EDGE_LOOP('',(#1314,#1315,#1316,#1317));
#3677=EDGE_LOOP('',(#1318,#1319,#1320));
#3678=EDGE_LOOP('',(#1321,#1322,#1323,#1324));
#3679=EDGE_LOOP('',(#1325,#1326,#1327,#1328));
#3680=EDGE_LOOP('',(#1329,#1330,#1331,#1332));
#3681=EDGE_LOOP('',(#1333,#1334,#1335,#1336));
#3682=EDGE_LOOP('',(#1337,#1338,#1339,#1340));
#3683=EDGE_LOOP('',(#1341,#1342,#1343,#1344));
#3684=EDGE_LOOP('',(#1345,#1346,#1347,#1348));
#3685=EDGE_LOOP('',(#1349,#1350,#1351,#1352));
#3686=EDGE_LOOP('',(#1353,#1354,#1355));
#3687=EDGE_LOOP('',(#1356,#1357,#1358,#1359));
#3688=EDGE_LOOP('',(#1360,#1361,#1362,#1363));
#3689=EDGE_LOOP('',(#1364,#1365,#1366,#1367));
#3690=EDGE_LOOP('',(#1368,#1369,#1370,#1371));
#3691=EDGE_LOOP('',(#1372,#1373,#1374,#1375));
#3692=EDGE_LOOP('',(#1376,#1377,#1378));
#3693=EDGE_LOOP('',(#1379,#1380,#1381));
#3694=EDGE_LOOP('',(#1382,#1383,#1384,#1385));
#3695=EDGE_LOOP('',(#1386,#1387,#1388,#1389));
#3696=EDGE_LOOP('',(#1390,#1391,#1392,#1393));
#3697=EDGE_LOOP('',(#1394,#1395,#1396,#1397));
#3698=EDGE_LOOP('',(#1398,#1399,#1400,#1401));
#3699=EDGE_LOOP('',(#1402,#1403,#1404,#1405));
#3700=EDGE_LOOP('',(#1406,#1407,#1408,#1409));
#3701=EDGE_LOOP('',(#1410,#1411,#1412));
#3702=EDGE_LOOP('',(#1413,#1414,#1415));
#3703=EDGE_LOOP('',(#1416,#1417,#1418,#1419));
#3704=EDGE_LOOP('',(#1420,#1421,#1422,#1423));
#3705=EDGE_LOOP('',(#1424,#1425,#1426,#1427));
#3706=EDGE_LOOP('',(#1428,#1429,#1430,#1431));
#3707=EDGE_LOOP('',(#1432,#1433,#1434,#1435));
#3708=EDGE_LOOP('',(#1436,#1437,#1438,#1439));
#3709=EDGE_LOOP('',(#1440,#1441,#1442));
#3710=EDGE_LOOP('',(#1443,#1444,#1445,#1446));
#3711=EDGE_LOOP('',(#1447,#1448,#1449,#1450));
#3712=EDGE_LOOP('',(#1451,#1452,#1453,#1454));
#3713=EDGE_LOOP('',(#1455,#1456,#1457,#1458));
#3714=EDGE_LOOP('',(#1459,#1460,#1461,#1462,#1463,#1464,#1465,#1466));
#3715=EDGE_LOOP('',(#1467,#1468,#1469,#1470,#1471,#1472,#1473,#1474));
#3716=EDGE_LOOP('',(#1475,#1476,#1477,#1478));
#3717=EDGE_LOOP('',(#1479,#1480,#1481,#1482));
#3718=EDGE_LOOP('',(#1483,#1484,#1485,#1486));
#3719=EDGE_LOOP('',(#1487,#1488,#1489,#1490));
#3720=EDGE_LOOP('',(#1491,#1492,#1493,#1494));
#3721=EDGE_LOOP('',(#1495,#1496,#1497,#1498));
#3722=EDGE_LOOP('',(#1499,#1500,#1501,#1502));
#3723=EDGE_LOOP('',(#1503,#1504,#1505,#1506,#1507,#1508,#1509,#1510));
#3724=EDGE_LOOP('',(#1511,#1512,#1513,#1514,#1515,#1516,#1517,#1518));
#3725=EDGE_LOOP('',(#1519,#1520,#1521,#1522,#1523,#1524));
#3726=EDGE_LOOP('',(#1525,#1526,#1527,#1528,#1529,#1530,#1531,#1532));
#3727=EDGE_LOOP('',(#1533,#1534,#1535,#1536,#1537,#1538,#1539,#1540));
#3728=EDGE_LOOP('',(#1541,#1542,#1543,#1544,#1545,#1546));
#3729=EDGE_LOOP('',(#1547,#1548,#1549,#1550));
#3730=EDGE_LOOP('',(#1551,#1552,#1553,#1554));
#3731=EDGE_LOOP('',(#1555,#1556,#1557,#1558));
#3732=EDGE_LOOP('',(#1559,#1560,#1561,#1562));
#3733=EDGE_LOOP('',(#1563,#1564,#1565,#1566));
#3734=EDGE_LOOP('',(#1567,#1568,#1569,#1570));
#3735=EDGE_LOOP('',(#1571,#1572,#1573,#1574));
#3736=EDGE_LOOP('',(#1575,#1576,#1577,#1578));
#3737=EDGE_LOOP('',(#1579,#1580,#1581,#1582));
#3738=EDGE_LOOP('',(#1583,#1584,#1585,#1586,#1587,#1588));
#3739=EDGE_LOOP('',(#1589,#1590,#1591,#1592,#1593,#1594,#1595,#1596));
#3740=EDGE_LOOP('',(#1597,#1598,#1599,#1600,#1601,#1602,#1603,#1604));
#3741=EDGE_LOOP('',(#1605,#1606,#1607,#1608,#1609,#1610));
#3742=EDGE_LOOP('',(#1611,#1612,#1613,#1614));
#3743=EDGE_LOOP('',(#1615,#1616,#1617,#1618));
#3744=EDGE_LOOP('',(#1619,#1620,#1621,#1622));
#3745=EDGE_LOOP('',(#1623,#1624,#1625,#1626));
#3746=EDGE_LOOP('',(#1627,#1628,#1629,#1630));
#3747=EDGE_LOOP('',(#1631,#1632,#1633,#1634));
#3748=EDGE_LOOP('',(#1635,#1636,#1637,#1638));
#3749=EDGE_LOOP('',(#1639,#1640,#1641,#1642));
#3750=EDGE_LOOP('',(#1643,#1644,#1645,#1646));
#3751=FACE_BOUND('',#3508,.T.);
#3752=FACE_BOUND('',#3509,.T.);
#3753=FACE_BOUND('',#3510,.T.);
#3754=FACE_BOUND('',#3511,.T.);
#3755=FACE_BOUND('',#3512,.T.);
#3756=FACE_BOUND('',#3513,.T.);
#3757=FACE_BOUND('',#3514,.T.);
#3758=FACE_BOUND('',#3515,.T.);
#3759=FACE_BOUND('',#3516,.T.);
#3760=FACE_BOUND('',#3517,.T.);
#3761=FACE_BOUND('',#3518,.T.);
#3762=FACE_BOUND('',#3519,.T.);
#3763=FACE_BOUND('',#3520,.T.);
#3764=FACE_BOUND('',#3521,.T.);
#3765=FACE_BOUND('',#3522,.T.);
#3766=FACE_BOUND('',#3523,.T.);
#3767=FACE_BOUND('',#3524,.T.);
#3768=FACE_BOUND('',#3525,.T.);
#3769=FACE_BOUND('',#3526,.T.);
#3770=FACE_BOUND('',#3527,.T.);
#3771=FACE_BOUND('',#3528,.T.);
#3772=FACE_BOUND('',#3529,.T.);
#3773=FACE_BOUND('',#3530,.T.);
#3774=FACE_BOUND('',#3531,.T.);
#3775=FACE_BOUND('',#3532,.T.);
#3776=FACE_BOUND('',#3533,.T.);
#3777=FACE_BOUND('',#3534,.T.);
#3778=FACE_BOUND('',#3535,.T.);
#3779=FACE_BOUND('',#3536,.T.);
#3780=FACE_BOUND('',#3537,.T.);
#3781=FACE_BOUND('',#3538,.T.);
#3782=FACE_BOUND('',#3539,.T.);
#3783=FACE_BOUND('',#3540,.T.);
#3784=FACE_BOUND('',#3541,.T.);
#3785=FACE_BOUND('',#3542,.T.);
#3786=FACE_BOUND('',#3543,.T.);
#3787=FACE_BOUND('',#3544,.T.);
#3788=FACE_BOUND('',#3545,.T.);
#3789=FACE_BOUND('',#3546,.T.);
#3790=FACE_BOUND('',#3547,.T.);
#3791=FACE_BOUND('',#3548,.T.);
#3792=FACE_BOUND('',#3549,.T.);
#3793=FACE_BOUND('',#3550,.T.);
#3794=FACE_BOUND('',#3551,.T.);
#3795=FACE_BOUND('',#3552,.T.);
#3796=FACE_BOUND('',#3553,.T.);
#3797=FACE_BOUND('',#3554,.T.);
#3798=FACE_BOUND('',#3555,.T.);
#3799=FACE_BOUND('',#3556,.T.);
#3800=FACE_BOUND('',#3557,.T.);
#3801=FACE_BOUND('',#3558,.T.);
#3802=FACE_BOUND('',#3559,.T.);
#3803=FACE_BOUND('',#3560,.T.);
#3804=FACE_BOUND('',#3561,.T.);
#3805=FACE_BOUND('',#3562,.T.);
#3806=FACE_BOUND('',#3563,.T.);
#3807=FACE_BOUND('',#3564,.T.);
#3808=FACE_BOUND('',#3565,.T.);
#3809=FACE_BOUND('',#3566,.T.);
#3810=FACE_BOUND('',#3567,.T.);
#3811=FACE_BOUND('',#3568,.T.);
#3812=FACE_BOUND('',#3569,.T.);
#3813=FACE_BOUND('',#3570,.T.);
#3814=FACE_BOUND('',#3571,.T.);
#3815=FACE_BOUND('',#3572,.T.);
#3816=FACE_BOUND('',#3573,.T.);
#3817=FACE_BOUND('',#3574,.T.);
#3818=FACE_BOUND('',#3575,.T.);
#3819=FACE_BOUND('',#3576,.T.);
#3820=FACE_BOUND('',#3577,.T.);
#3821=FACE_BOUND('',#3578,.T.);
#3822=FACE_BOUND('',#3579,.T.);
#3823=FACE_BOUND('',#3580,.T.);
#3824=FACE_BOUND('',#3581,.T.);
#3825=FACE_BOUND('',#3582,.T.);
#3826=FACE_BOUND('',#3583,.T.);
#3827=FACE_BOUND('',#3584,.T.);
#3828=FACE_BOUND('',#3585,.T.);
#3829=FACE_BOUND('',#3586,.T.);
#3830=FACE_BOUND('',#3587,.T.);
#3831=FACE_BOUND('',#3588,.T.);
#3832=FACE_BOUND('',#3589,.T.);
#3833=FACE_BOUND('',#3590,.T.);
#3834=FACE_BOUND('',#3591,.T.);
#3835=FACE_BOUND('',#3592,.T.);
#3836=FACE_BOUND('',#3593,.T.);
#3837=FACE_BOUND('',#3594,.T.);
#3838=FACE_BOUND('',#3595,.T.);
#3839=FACE_BOUND('',#3596,.T.);
#3840=FACE_BOUND('',#3597,.T.);
#3841=FACE_BOUND('',#3598,.T.);
#3842=FACE_BOUND('',#3599,.T.);
#3843=FACE_BOUND('',#3600,.T.);
#3844=FACE_BOUND('',#3601,.T.);
#3845=FACE_BOUND('',#3602,.T.);
#3846=FACE_BOUND('',#3603,.T.);
#3847=FACE_BOUND('',#3604,.T.);
#3848=FACE_BOUND('',#3605,.T.);
#3849=FACE_BOUND('',#3606,.T.);
#3850=FACE_BOUND('',#3607,.T.);
#3851=FACE_BOUND('',#3608,.T.);
#3852=FACE_BOUND('',#3609,.T.);
#3853=FACE_BOUND('',#3610,.T.);
#3854=FACE_BOUND('',#3611,.T.);
#3855=FACE_BOUND('',#3612,.T.);
#3856=FACE_BOUND('',#3613,.T.);
#3857=FACE_BOUND('',#3614,.T.);
#3858=FACE_BOUND('',#3615,.T.);
#3859=FACE_BOUND('',#3616,.T.);
#3860=FACE_BOUND('',#3617,.T.);
#3861=FACE_BOUND('',#3618,.T.);
#3862=FACE_BOUND('',#3619,.T.);
#3863=FACE_BOUND('',#3620,.T.);
#3864=FACE_BOUND('',#3621,.T.);
#3865=FACE_BOUND('',#3622,.T.);
#3866=FACE_BOUND('',#3623,.T.);
#3867=FACE_BOUND('',#3624,.T.);
#3868=FACE_BOUND('',#3625,.T.);
#3869=FACE_BOUND('',#3626,.T.);
#3870=FACE_BOUND('',#3627,.T.);
#3871=FACE_BOUND('',#3628,.T.);
#3872=FACE_BOUND('',#3629,.T.);
#3873=FACE_BOUND('',#3630,.T.);
#3874=FACE_BOUND('',#3631,.T.);
#3875=FACE_BOUND('',#3632,.T.);
#3876=FACE_BOUND('',#3633,.T.);
#3877=FACE_BOUND('',#3634,.T.);
#3878=FACE_BOUND('',#3635,.T.);
#3879=FACE_BOUND('',#3636,.T.);
#3880=FACE_BOUND('',#3637,.T.);
#3881=FACE_BOUND('',#3638,.T.);
#3882=FACE_BOUND('',#3639,.T.);
#3883=FACE_BOUND('',#3640,.T.);
#3884=FACE_BOUND('',#3641,.T.);
#3885=FACE_BOUND('',#3642,.T.);
#3886=FACE_BOUND('',#3643,.T.);
#3887=FACE_BOUND('',#3644,.T.);
#3888=FACE_BOUND('',#3645,.T.);
#3889=FACE_BOUND('',#3646,.T.);
#3890=FACE_BOUND('',#3647,.T.);
#3891=FACE_BOUND('',#3648,.T.);
#3892=FACE_BOUND('',#3649,.T.);
#3893=FACE_BOUND('',#3650,.T.);
#3894=FACE_BOUND('',#3651,.T.);
#3895=FACE_BOUND('',#3652,.T.);
#3896=FACE_BOUND('',#3653,.T.);
#3897=FACE_BOUND('',#3654,.T.);
#3898=FACE_BOUND('',#3655,.T.);
#3899=FACE_BOUND('',#3656,.T.);
#3900=FACE_BOUND('',#3657,.T.);
#3901=FACE_BOUND('',#3658,.T.);
#3902=FACE_BOUND('',#3659,.T.);
#3903=FACE_BOUND('',#3660,.T.);
#3904=FACE_BOUND('',#3661,.T.);
#3905=FACE_BOUND('',#3662,.T.);
#3906=FACE_BOUND('',#3663,.T.);
#3907=FACE_BOUND('',#3664,.T.);
#3908=FACE_BOUND('',#3665,.T.);
#3909=FACE_BOUND('',#3666,.T.);
#3910=FACE_BOUND('',#3667,.T.);
#3911=FACE_BOUND('',#3668,.T.);
#3912=FACE_BOUND('',#3669,.T.);
#3913=FACE_BOUND('',#3670,.T.);
#3914=FACE_BOUND('',#3671,.T.);
#3915=FACE_BOUND('',#3672,.T.);
#3916=FACE_BOUND('',#3673,.T.);
#3917=FACE_BOUND('',#3674,.T.);
#3918=FACE_BOUND('',#3675,.T.);
#3919=FACE_BOUND('',#3676,.T.);
#3920=FACE_BOUND('',#3677,.T.);
#3921=FACE_BOUND('',#3678,.T.);
#3922=FACE_BOUND('',#3679,.T.);
#3923=FACE_BOUND('',#3680,.T.);
#3924=FACE_BOUND('',#3681,.T.);
#3925=FACE_BOUND('',#3682,.T.);
#3926=FACE_BOUND('',#3683,.T.);
#3927=FACE_BOUND('',#3684,.T.);
#3928=FACE_BOUND('',#3685,.T.);
#3929=FACE_BOUND('',#3686,.T.);
#3930=FACE_BOUND('',#3687,.T.);
#3931=FACE_BOUND('',#3688,.T.);
#3932=FACE_BOUND('',#3689,.T.);
#3933=FACE_BOUND('',#3690,.T.);
#3934=FACE_BOUND('',#3691,.T.);
#3935=FACE_BOUND('',#3692,.T.);
#3936=FACE_BOUND('',#3693,.T.);
#3937=FACE_BOUND('',#3694,.T.);
#3938=FACE_BOUND('',#3695,.T.);
#3939=FACE_BOUND('',#3696,.T.);
#3940=FACE_BOUND('',#3697,.T.);
#3941=FACE_BOUND('',#3698,.T.);
#3942=FACE_BOUND('',#3699,.T.);
#3943=FACE_BOUND('',#3700,.T.);
#3944=FACE_BOUND('',#3701,.T.);
#3945=FACE_BOUND('',#3702,.T.);
#3946=FACE_BOUND('',#3703,.T.);
#3947=FACE_BOUND('',#3704,.T.);
#3948=FACE_BOUND('',#3705,.T.);
#3949=FACE_BOUND('',#3706,.T.);
#3950=FACE_BOUND('',#3707,.T.);
#3951=FACE_BOUND('',#3708,.T.);
#3952=FACE_BOUND('',#3709,.T.);
#3953=FACE_BOUND('',#3710,.T.);
#3954=FACE_BOUND('',#3711,.T.);
#3955=FACE_BOUND('',#3712,.T.);
#3956=FACE_BOUND('',#3713,.T.);
#3957=FACE_BOUND('',#3714,.T.);
#3958=FACE_BOUND('',#3715,.T.);
#3959=FACE_BOUND('',#3716,.T.);
#3960=FACE_BOUND('',#3717,.T.);
#3961=FACE_BOUND('',#3718,.T.);
#3962=FACE_BOUND('',#3719,.T.);
#3963=FACE_BOUND('',#3720,.T.);
#3964=FACE_BOUND('',#3721,.T.);
#3965=FACE_BOUND('',#3722,.T.);
#3966=FACE_BOUND('',#3723,.T.);
#3967=FACE_BOUND('',#3724,.T.);
#3968=FACE_BOUND('',#3725,.T.);
#3969=FACE_BOUND('',#3726,.T.);
#3970=FACE_BOUND('',#3727,.T.);
#3971=FACE_BOUND('',#3728,.T.);
#3972=FACE_BOUND('',#3729,.T.);
#3973=FACE_BOUND('',#3730,.T.);
#3974=FACE_BOUND('',#3731,.T.);
#3975=FACE_BOUND('',#3732,.T.);
#3976=FACE_BOUND('',#3733,.T.);
#3977=FACE_BOUND('',#3734,.T.);
#3978=FACE_BOUND('',#3735,.T.);
#3979=FACE_BOUND('',#3736,.T.);
#3980=FACE_BOUND('',#3737,.T.);
#3981=FACE_BOUND('',#3738,.T.);
#3982=FACE_BOUND('',#3739,.T.);
#3983=FACE_BOUND('',#3740,.T.);
#3984=FACE_BOUND('',#3741,.T.);
#3985=FACE_BOUND('',#3742,.T.);
#3986=FACE_BOUND('',#3743,.T.);
#3987=FACE_BOUND('',#3744,.T.);
#3988=FACE_BOUND('',#3745,.T.);
#3989=FACE_BOUND('',#3746,.T.);
#3990=FACE_BOUND('',#3747,.T.);
#3991=FACE_BOUND('',#3748,.T.);
#3992=FACE_BOUND('',#3749,.T.);
#3993=FACE_BOUND('',#3750,.T.);
#3994=PLANE('',#4375);
#3995=PLANE('',#4376);
#3996=PLANE('',#4377);
#3997=PLANE('',#4378);
#3998=PLANE('',#4379);
#3999=PLANE('',#4380);
#4000=PLANE('',#4381);
#4001=PLANE('',#4382);
#4002=PLANE('',#4383);
#4003=PLANE('',#4384);
#4004=PLANE('',#4395);
#4005=PLANE('',#4396);
#4006=PLANE('',#4397);
#4007=PLANE('',#4398);
#4008=PLANE('',#4399);
#4009=PLANE('',#4410);
#4010=PLANE('',#4411);
#4011=PLANE('',#4414);
#4012=PLANE('',#4415);
#4013=PLANE('',#4416);
#4014=PLANE('',#4417);
#4015=PLANE('',#4418);
#4016=PLANE('',#4419);
#4017=PLANE('',#4420);
#4018=PLANE('',#4421);
#4019=PLANE('',#4422);
#4020=PLANE('',#4423);
#4021=PLANE('',#4424);
#4022=PLANE('',#4425);
#4023=PLANE('',#4426);
#4024=PLANE('',#4427);
#4025=PLANE('',#4428);
#4026=PLANE('',#4429);
#4027=PLANE('',#4430);
#4028=PLANE('',#4431);
#4029=PLANE('',#4432);
#4030=PLANE('',#4433);
#4031=PLANE('',#4434);
#4032=PLANE('',#4436);
#4033=PLANE('',#4439);
#4034=PLANE('',#4440);
#4035=PLANE('',#4441);
#4036=PLANE('',#4442);
#4037=PLANE('',#4443);
#4038=PLANE('',#4444);
#4039=PLANE('',#4448);
#4040=PLANE('',#4449);
#4041=PLANE('',#4451);
#4042=PLANE('',#4453);
#4043=PLANE('',#4454);
#4044=PLANE('',#4459);
#4045=PLANE('',#4462);
#4046=PLANE('',#4463);
#4047=PLANE('',#4465);
#4048=PLANE('',#4467);
#4049=PLANE('',#4468);
#4050=PLANE('',#4469);
#4051=PLANE('',#4470);
#4052=PLANE('',#4471);
#4053=PLANE('',#4472);
#4054=PLANE('',#4473);
#4055=PLANE('',#4474);
#4056=PLANE('',#4476);
#4057=PLANE('',#4479);
#4058=PLANE('',#4480);
#4059=PLANE('',#4485);
#4060=PLANE('',#4486);
#4061=PLANE('',#4488);
#4062=PLANE('',#4489);
#4063=PLANE('',#4490);
#4064=PLANE('',#4491);
#4065=PLANE('',#4492);
#4066=PLANE('',#4493);
#4067=PLANE('',#4495);
#4068=PLANE('',#4496);
#4069=PLANE('',#4497);
#4070=PLANE('',#4498);
#4071=PLANE('',#4499);
#4072=PLANE('',#4500);
#4073=PLANE('',#4502);
#4074=PLANE('',#4503);
#4075=PLANE('',#4504);
#4076=PLANE('',#4506);
#4077=PLANE('',#4517);
#4078=PLANE('',#4518);
#4079=PLANE('',#4519);
#4080=PLANE('',#4521);
#4081=PLANE('',#4522);
#4082=PLANE('',#4524);
#4083=PLANE('',#4525);
#4084=PLANE('',#4526);
#4085=PLANE('',#4527);
#4086=PLANE('',#4528);
#4087=PLANE('',#4529);
#4088=PLANE('',#4530);
#4089=PLANE('',#4532);
#4090=PLANE('',#4533);
#4091=PLANE('',#4534);
#4092=PLANE('',#4536);
#4093=PLANE('',#4547);
#4094=PLANE('',#4548);
#4095=PLANE('',#4549);
#4096=PLANE('',#4550);
#4097=PLANE('',#4551);
#4098=PLANE('',#4689);
#4099=PLANE('',#4691);
#4100=PLANE('',#4693);
#4101=PLANE('',#4700);
#4102=PLANE('',#4709);
#4103=PLANE('',#4710);
#4104=PLANE('',#4711);
#4105=PLANE('',#4716);
#4106=PLANE('',#4717);
#4107=PLANE('',#4725);
#4108=PLANE('',#4726);
#4109=PLANE('',#4727);
#4110=PLANE('',#4728);
#4111=PLANE('',#4729);
#4112=PLANE('',#4732);
#4113=PLANE('',#4733);
#4114=PLANE('',#4740);
#4115=PLANE('',#4741);
#4116=ADVANCED_FACE('',(#3751),#3994,.T.);
#4117=ADVANCED_FACE('',(#3752),#3995,.F.);
#4118=ADVANCED_FACE('',(#3753),#3996,.T.);
#4119=ADVANCED_FACE('',(#3754),#3997,.T.);
#4120=ADVANCED_FACE('',(#3755),#3998,.T.);
#4121=ADVANCED_FACE('',(#3756),#3999,.T.);
#4122=ADVANCED_FACE('',(#3757),#4000,.T.);
#4123=ADVANCED_FACE('',(#3758),#4001,.T.);
#4124=ADVANCED_FACE('',(#3759),#4002,.F.);
#4125=ADVANCED_FACE('',(#3760,#3761,#3762),#4003,.T.);
#4126=ADVANCED_FACE('',(#3763),#4004,.T.);
#4127=ADVANCED_FACE('',(#3764),#4005,.T.);
#4128=ADVANCED_FACE('',(#3765),#4006,.F.);
#4129=ADVANCED_FACE('',(#3766),#4007,.T.);
#4130=ADVANCED_FACE('',(#3767),#4008,.T.);
#4131=ADVANCED_FACE('',(#3768,#3769,#3770,#3771),#4009,.T.);
#4132=ADVANCED_FACE('',(#3772),#4010,.T.);
#4133=ADVANCED_FACE('',(#3773),#4011,.T.);
#4134=ADVANCED_FACE('',(#3774),#4012,.T.);
#4135=ADVANCED_FACE('',(#3775),#4013,.F.);
#4136=ADVANCED_FACE('',(#3776),#4014,.F.);
#4137=ADVANCED_FACE('',(#3777),#4015,.F.);
#4138=ADVANCED_FACE('',(#3778),#4016,.F.);
#4139=ADVANCED_FACE('',(#3779),#4017,.F.);
#4140=ADVANCED_FACE('',(#3780),#4018,.T.);
#4141=ADVANCED_FACE('',(#3781),#4019,.F.);
#4142=ADVANCED_FACE('',(#3782),#4020,.F.);
#4143=ADVANCED_FACE('',(#3783),#4021,.F.);
#4144=ADVANCED_FACE('',(#3784),#4022,.F.);
#4145=ADVANCED_FACE('',(#3785),#4023,.T.);
#4146=ADVANCED_FACE('',(#3786),#4024,.F.);
#4147=ADVANCED_FACE('',(#3787),#4025,.F.);
#4148=ADVANCED_FACE('',(#3788),#4026,.F.);
#4149=ADVANCED_FACE('',(#3789),#4027,.F.);
#4150=ADVANCED_FACE('',(#3790),#4028,.T.);
#4151=ADVANCED_FACE('',(#3791),#4029,.F.);
#4152=ADVANCED_FACE('',(#3792),#4030,.F.);
#4153=ADVANCED_FACE('',(#3793),#4031,.T.);
#4154=ADVANCED_FACE('',(#3794),#4032,.F.);
#4155=ADVANCED_FACE('',(#3795),#4033,.F.);
#4156=ADVANCED_FACE('',(#3796),#4034,.F.);
#4157=ADVANCED_FACE('',(#3797),#4035,.F.);
#4158=ADVANCED_FACE('',(#3798),#4036,.F.);
#4159=ADVANCED_FACE('',(#3799),#4037,.F.);
#4160=ADVANCED_FACE('',(#3800),#4038,.F.);
#4161=ADVANCED_FACE('',(#3801),#4039,.F.);
#4162=ADVANCED_FACE('',(#3802),#4040,.F.);
#4163=ADVANCED_FACE('',(#3803),#137,.T.);
#4164=ADVANCED_FACE('',(#3804),#4041,.T.);
#4165=ADVANCED_FACE('',(#3805),#138,.T.);
#4166=ADVANCED_FACE('',(#3806),#4042,.F.);
#4167=ADVANCED_FACE('',(#3807),#4043,.T.);
#4168=ADVANCED_FACE('',(#3808),#4044,.T.);
#4169=ADVANCED_FACE('',(#3809),#4045,.T.);
#4170=ADVANCED_FACE('',(#3810),#4046,.T.);
#4171=ADVANCED_FACE('',(#3811),#139,.T.);
#4172=ADVANCED_FACE('',(#3812),#4047,.T.);
#4173=ADVANCED_FACE('',(#3813),#140,.T.);
#4174=ADVANCED_FACE('',(#3814),#4048,.T.);
#4175=ADVANCED_FACE('',(#3815),#4049,.T.);
#4176=ADVANCED_FACE('',(#3816),#4050,.T.);
#4177=ADVANCED_FACE('',(#3817),#4051,.T.);
#4178=ADVANCED_FACE('',(#3818),#4052,.T.);
#4179=ADVANCED_FACE('',(#3819),#4053,.T.);
#4180=ADVANCED_FACE('',(#3820),#4054,.T.);
#4181=ADVANCED_FACE('',(#3821),#4055,.F.);
#4182=ADVANCED_FACE('',(#3822),#4056,.T.);
#4183=ADVANCED_FACE('',(#3823),#4057,.T.);
#4184=ADVANCED_FACE('',(#3824),#4058,.T.);
#4185=ADVANCED_FACE('',(#3825),#4059,.T.);
#4186=ADVANCED_FACE('',(#3826),#4060,.F.);
#4187=ADVANCED_FACE('',(#3827),#4061,.F.);
#4188=ADVANCED_FACE('',(#3828),#4062,.F.);
#4189=ADVANCED_FACE('',(#3829),#4063,.F.);
#4190=ADVANCED_FACE('',(#3830),#4064,.F.);
#4191=ADVANCED_FACE('',(#3831),#4065,.F.);
#4192=ADVANCED_FACE('',(#3832),#4066,.F.);
#4193=ADVANCED_FACE('',(#3833),#4067,.F.);
#4194=ADVANCED_FACE('',(#3834),#4068,.F.);
#4195=ADVANCED_FACE('',(#3835),#4069,.F.);
#4196=ADVANCED_FACE('',(#3836),#100,.F.);
#4197=ADVANCED_FACE('',(#3837),#101,.F.);
#4198=ADVANCED_FACE('',(#3838),#4070,.F.);
#4199=ADVANCED_FACE('',(#3839),#102,.F.);
#4200=ADVANCED_FACE('',(#3840),#4071,.T.);
#4201=ADVANCED_FACE('',(#3841),#4072,.T.);
#4202=ADVANCED_FACE('',(#3842),#4073,.T.);
#4203=ADVANCED_FACE('',(#3843),#4074,.T.);
#4204=ADVANCED_FACE('',(#3844),#4075,.F.);
#4205=ADVANCED_FACE('',(#3845),#103,.F.);
#4206=ADVANCED_FACE('',(#3846),#104,.T.);
#4207=ADVANCED_FACE('',(#3847),#4076,.F.);
#4208=ADVANCED_FACE('',(#3848),#96,.F.);
#4209=ADVANCED_FACE('',(#3849),#97,.F.);
#4210=ADVANCED_FACE('',(#3850),#82,.F.);
#4211=ADVANCED_FACE('',(#3851),#141,.F.);
#4212=ADVANCED_FACE('',(#3852),#142,.F.);
#4213=ADVANCED_FACE('',(#3853),#143,.F.);
#4214=ADVANCED_FACE('',(#3854),#144,.T.);
#4215=ADVANCED_FACE('',(#3855),#145,.T.);
#4216=ADVANCED_FACE('',(#3856),#146,.T.);
#4217=ADVANCED_FACE('',(#3857),#4077,.F.);
#4218=ADVANCED_FACE('',(#3858),#4078,.F.);
#4219=ADVANCED_FACE('',(#3859),#4079,.F.);
#4220=ADVANCED_FACE('',(#3860),#4080,.F.);
#4221=ADVANCED_FACE('',(#3861),#4081,.F.);
#4222=ADVANCED_FACE('',(#3862),#4082,.F.);
#4223=ADVANCED_FACE('',(#3863),#4083,.F.);
#4224=ADVANCED_FACE('',(#3864),#4084,.F.);
#4225=ADVANCED_FACE('',(#3865),#4085,.F.);
#4226=ADVANCED_FACE('',(#3866),#105,.T.);
#4227=ADVANCED_FACE('',(#3867),#106,.T.);
#4228=ADVANCED_FACE('',(#3868),#4086,.F.);
#4229=ADVANCED_FACE('',(#3869),#107,.T.);
#4230=ADVANCED_FACE('',(#3870),#4087,.T.);
#4231=ADVANCED_FACE('',(#3871),#4088,.T.);
#4232=ADVANCED_FACE('',(#3872),#4089,.T.);
#4233=ADVANCED_FACE('',(#3873),#4090,.T.);
#4234=ADVANCED_FACE('',(#3874),#4091,.F.);
#4235=ADVANCED_FACE('',(#3875),#108,.T.);
#4236=ADVANCED_FACE('',(#3876),#109,.F.);
#4237=ADVANCED_FACE('',(#3877),#4092,.F.);
#4238=ADVANCED_FACE('',(#3878),#98,.F.);
#4239=ADVANCED_FACE('',(#3879),#99,.F.);
#4240=ADVANCED_FACE('',(#3880),#83,.F.);
#4241=ADVANCED_FACE('',(#3881),#147,.F.);
#4242=ADVANCED_FACE('',(#3882),#148,.F.);
#4243=ADVANCED_FACE('',(#3883),#149,.F.);
#4244=ADVANCED_FACE('',(#3884),#150,.T.);
#4245=ADVANCED_FACE('',(#3885),#151,.T.);
#4246=ADVANCED_FACE('',(#3886),#152,.T.);
#4247=ADVANCED_FACE('',(#3887),#4093,.T.);
#4248=ADVANCED_FACE('',(#3888),#4094,.T.);
#4249=ADVANCED_FACE('',(#3889),#4095,.T.);
#4250=ADVANCED_FACE('',(#3890),#4096,.T.);
#4251=ADVANCED_FACE('',(#3891),#4097,.T.);
#4252=ADVANCED_FACE('',(#3892),#153,.F.);
#4253=ADVANCED_FACE('',(#3893),#154,.T.);
#4254=ADVANCED_FACE('',(#3894),#155,.T.);
#4255=ADVANCED_FACE('',(#3895),#156,.T.);
#4256=ADVANCED_FACE('',(#3896),#72,.T.);
#4257=ADVANCED_FACE('',(#3897),#73,.F.);
#4258=ADVANCED_FACE('',(#3898),#157,.T.);
#4259=ADVANCED_FACE('',(#3899),#158,.T.);
#4260=ADVANCED_FACE('',(#3900),#159,.T.);
#4261=ADVANCED_FACE('',(#3901),#160,.F.);
#4262=ADVANCED_FACE('',(#3902),#74,.T.);
#4263=ADVANCED_FACE('',(#3903),#84,.T.);
#4264=ADVANCED_FACE('',(#3904),#75,.T.);
#4265=ADVANCED_FACE('',(#3905),#161,.T.);
#4266=ADVANCED_FACE('',(#3906),#162,.T.);
#4267=ADVANCED_FACE('',(#3907),#163,.T.);
#4268=ADVANCED_FACE('',(#3908),#85,.T.);
#4269=ADVANCED_FACE('',(#3909),#86,.T.);
#4270=ADVANCED_FACE('',(#3910),#164,.T.);
#4271=ADVANCED_FACE('',(#3911),#165,.T.);
#4272=ADVANCED_FACE('',(#3912),#166,.T.);
#4273=ADVANCED_FACE('',(#3913),#167,.T.);
#4274=ADVANCED_FACE('',(#3914),#87,.T.);
#4275=ADVANCED_FACE('',(#3915),#88,.T.);
#4276=ADVANCED_FACE('',(#3916),#168,.T.);
#4277=ADVANCED_FACE('',(#3917),#169,.T.);
#4278=ADVANCED_FACE('',(#3918),#170,.T.);
#4279=ADVANCED_FACE('',(#3919),#171,.T.);
#4280=ADVANCED_FACE('',(#3920),#89,.T.);
#4281=ADVANCED_FACE('',(#3921),#76,.T.);
#4282=ADVANCED_FACE('',(#3922),#172,.T.);
#4283=ADVANCED_FACE('',(#3923),#173,.F.);
#4284=ADVANCED_FACE('',(#3924),#77,.F.);
#4285=ADVANCED_FACE('',(#3925),#174,.T.);
#4286=ADVANCED_FACE('',(#3926),#175,.T.);
#4287=ADVANCED_FACE('',(#3927),#176,.T.);
#4288=ADVANCED_FACE('',(#3928),#177,.T.);
#4289=ADVANCED_FACE('',(#3929),#90,.T.);
#4290=ADVANCED_FACE('',(#3930),#178,.T.);
#4291=ADVANCED_FACE('',(#3931),#179,.T.);
#4292=ADVANCED_FACE('',(#3932),#180,.T.);
#4293=ADVANCED_FACE('',(#3933),#181,.T.);
#4294=ADVANCED_FACE('',(#3934),#182,.T.);
#4295=ADVANCED_FACE('',(#3935),#91,.T.);
#4296=ADVANCED_FACE('',(#3936),#92,.T.);
#4297=ADVANCED_FACE('',(#3937),#78,.T.);
#4298=ADVANCED_FACE('',(#3938),#183,.T.);
#4299=ADVANCED_FACE('',(#3939),#184,.T.);
#4300=ADVANCED_FACE('',(#3940),#185,.T.);
#4301=ADVANCED_FACE('',(#3941),#186,.T.);
#4302=ADVANCED_FACE('',(#3942),#187,.T.);
#4303=ADVANCED_FACE('',(#3943),#188,.F.);
#4304=ADVANCED_FACE('',(#3944),#93,.T.);
#4305=ADVANCED_FACE('',(#3945),#94,.T.);
#4306=ADVANCED_FACE('',(#3946),#79,.T.);
#4307=ADVANCED_FACE('',(#3947),#80,.F.);
#4308=ADVANCED_FACE('',(#3948),#189,.T.);
#4309=ADVANCED_FACE('',(#3949),#190,.T.);
#4310=ADVANCED_FACE('',(#3950),#191,.F.);
#4311=ADVANCED_FACE('',(#3951),#192,.T.);
#4312=ADVANCED_FACE('',(#3952),#95,.T.);
#4313=ADVANCED_FACE('',(#3953),#81,.T.);
#4314=ADVANCED_FACE('',(#3954),#193,.T.);
#4315=ADVANCED_FACE('',(#3955),#194,.T.);
#4316=ADVANCED_FACE('',(#3956),#195,.T.);
#4317=ADVANCED_FACE('',(#3957),#4098,.F.);
#4318=ADVANCED_FACE('',(#3958),#4099,.F.);
#4319=ADVANCED_FACE('',(#3959),#4100,.F.);
#4320=ADVANCED_FACE('',(#3960),#196,.F.);
#4321=ADVANCED_FACE('',(#3961),#197,.F.);
#4322=ADVANCED_FACE('',(#3962),#198,.T.);
#4323=ADVANCED_FACE('',(#3963),#199,.T.);
#4324=ADVANCED_FACE('',(#3964),#200,.T.);
#4325=ADVANCED_FACE('',(#3965),#201,.T.);
#4326=ADVANCED_FACE('',(#3966,#3967),#4101,.F.);
#4327=ADVANCED_FACE('',(#3968),#4102,.F.);
#4328=ADVANCED_FACE('',(#3969),#4103,.F.);
#4329=ADVANCED_FACE('',(#3970),#4104,.T.);
#4330=ADVANCED_FACE('',(#3971),#4105,.F.);
#4331=ADVANCED_FACE('',(#3972),#4106,.F.);
#4332=ADVANCED_FACE('',(#3973),#202,.T.);
#4333=ADVANCED_FACE('',(#3974),#203,.T.);
#4334=ADVANCED_FACE('',(#3975),#204,.T.);
#4335=ADVANCED_FACE('',(#3976),#205,.T.);
#4336=ADVANCED_FACE('',(#3977),#110,.F.);
#4337=ADVANCED_FACE('',(#3978),#4107,.T.);
#4338=ADVANCED_FACE('',(#3979),#111,.F.);
#4339=ADVANCED_FACE('',(#3980),#4108,.T.);
#4340=ADVANCED_FACE('',(#3981),#4109,.T.);
#4341=ADVANCED_FACE('',(#3982),#4110,.T.);
#4342=ADVANCED_FACE('',(#3983),#4111,.F.);
#4343=ADVANCED_FACE('',(#3984),#4112,.T.);
#4344=ADVANCED_FACE('',(#3985),#4113,.T.);
#4345=ADVANCED_FACE('',(#3986),#206,.F.);
#4346=ADVANCED_FACE('',(#3987),#207,.F.);
#4347=ADVANCED_FACE('',(#3988),#208,.F.);
#4348=ADVANCED_FACE('',(#3989),#209,.F.);
#4349=ADVANCED_FACE('',(#3990),#112,.T.);
#4350=ADVANCED_FACE('',(#3991),#4114,.F.);
#4351=ADVANCED_FACE('',(#3992),#113,.T.);
#4352=ADVANCED_FACE('',(#3993),#4115,.F.);
#4353=CLOSED_SHELL('',(#4116,#4117,#4118,#4119,#4120,#4121,#4122,#4123,
#4124,#4125,#4126,#4127,#4128,#4129,#4130,#4131,#4132,#4133,#4134,#4135,
#4136,#4137,#4138,#4139,#4140,#4141,#4142,#4143,#4144,#4145,#4146,#4147,
#4148,#4149,#4150,#4151,#4152,#4153,#4154,#4155,#4156,#4157,#4158,#4159,
#4160,#4161,#4162,#4163,#4164,#4165,#4166,#4167,#4168,#4169,#4170,#4171,
#4172,#4173,#4174,#4175,#4176,#4177,#4178,#4179,#4180,#4181,#4182,#4183,
#4184,#4185,#4186,#4187,#4188,#4189,#4190,#4191,#4192,#4193,#4194,#4195,
#4196,#4197,#4198,#4199,#4200,#4201,#4202,#4203,#4204,#4205,#4206,#4207,
#4208,#4209,#4210,#4211,#4212,#4213,#4214,#4215,#4216,#4217,#4218,#4219,
#4220,#4221,#4222,#4223,#4224,#4225,#4226,#4227,#4228,#4229,#4230,#4231,
#4232,#4233,#4234,#4235,#4236,#4237,#4238,#4239,#4240,#4241,#4242,#4243,
#4244,#4245,#4246,#4247,#4248,#4249,#4250,#4251,#4252,#4253,#4254,#4255,
#4256,#4257,#4258,#4259,#4260,#4261,#4262,#4263,#4264,#4265,#4266,#4267,
#4268,#4269,#4270,#4271,#4272,#4273,#4274,#4275,#4276,#4277,#4278,#4279,
#4280,#4281,#4282,#4283,#4284,#4285,#4286,#4287,#4288,#4289,#4290,#4291,
#4292,#4293,#4294,#4295,#4296,#4297,#4298,#4299,#4300,#4301,#4302,#4303,
#4304,#4305,#4306,#4307,#4308,#4309,#4310,#4311,#4312,#4313,#4314,#4315,
#4316,#4317,#4318,#4319,#4320,#4321,#4322,#4323,#4324,#4325));
#4354=CLOSED_SHELL('',(#4326,#4327,#4328,#4329,#4330,#4331,#4332,#4333,
#4334,#4335,#4336,#4337,#4338,#4339,#4340,#4341,#4342,#4343,#4344,#4345,
#4346,#4347,#4348,#4349,#4350,#4351,#4352));
#4355=STYLED_ITEM('',(#4357),#4370);
#4356=STYLED_ITEM('',(#4358),#4371);
#4357=PRESENTATION_STYLE_ASSIGNMENT((#4359));
#4358=PRESENTATION_STYLE_ASSIGNMENT((#4360));
#4359=SURFACE_STYLE_USAGE(.BOTH.,#4361);
#4360=SURFACE_STYLE_USAGE(.BOTH.,#4362);
#4361=SURFACE_SIDE_STYLE('',(#4363));
#4362=SURFACE_SIDE_STYLE('',(#4364));
#4363=SURFACE_STYLE_FILL_AREA(#4365);
#4364=SURFACE_STYLE_FILL_AREA(#4366);
#4365=FILL_AREA_STYLE('',(#4367));
#4366=FILL_AREA_STYLE('',(#4368));
#4367=FILL_AREA_STYLE_COLOUR('',#4369);
#4368=FILL_AREA_STYLE_COLOUR('',#4369);
#4369=COLOUR_RGB('',0.611764705882353,0.658823529411765,0.670588235294118);
#4370=MANIFOLD_SOLID_BREP('Body (0)',#4353);
#4371=MANIFOLD_SOLID_BREP('Body (1)',#4354);
#4372=SHAPE_DEFINITION_REPRESENTATION(#7631,#4373);
#4373=SHAPE_REPRESENTATION('OOM-E03-03-exported',(#4374),#7626);
#4374=AXIS2_PLACEMENT_3D('',#5947,#4758,#4759);
#4375=AXIS2_PLACEMENT_3D('',#5948,#4760,#4761);
#4376=AXIS2_PLACEMENT_3D('',#5957,#4766,#4767);
#4377=AXIS2_PLACEMENT_3D('',#5966,#4772,#4773);
#4378=AXIS2_PLACEMENT_3D('',#5975,#4778,#4779);
#4379=AXIS2_PLACEMENT_3D('',#5984,#4784,#4785);
#4380=AXIS2_PLACEMENT_3D('',#5993,#4790,#4791);
#4381=AXIS2_PLACEMENT_3D('',#6002,#4796,#4797);
#4382=AXIS2_PLACEMENT_3D('',#6008,#4801,#4802);
#4383=AXIS2_PLACEMENT_3D('',#6017,#4807,#4808);
#4384=AXIS2_PLACEMENT_3D('',#6033,#4819,#4820);
#4385=AXIS2_PLACEMENT_3D('',#6042,#4825,#4826);
#4386=AXIS2_PLACEMENT_3D('',#6046,#4828,#4829);
#4387=AXIS2_PLACEMENT_3D('',#6050,#4831,#4832);
#4388=AXIS2_PLACEMENT_3D('',#6054,#4834,#4835);
#4389=AXIS2_PLACEMENT_3D('',#6063,#4837,#4838);
#4390=AXIS2_PLACEMENT_3D('',#6084,#4850,#4851);
#4391=AXIS2_PLACEMENT_3D('',#6093,#4853,#4854);
#4392=AXIS2_PLACEMENT_3D('',#6097,#4856,#4857);
#4393=AXIS2_PLACEMENT_3D('',#6101,#4859,#4860);
#4394=AXIS2_PLACEMENT_3D('',#6105,#4862,#4863);
#4395=AXIS2_PLACEMENT_3D('',#6116,#4870,#4871);
#4396=AXIS2_PLACEMENT_3D('',#6118,#4873,#4874);
#4397=AXIS2_PLACEMENT_3D('',#6120,#4876,#4877);
#4398=AXIS2_PLACEMENT_3D('',#6126,#4881,#4882);
#4399=AXIS2_PLACEMENT_3D('',#6139,#4889,#4890);
#4400=AXIS2_PLACEMENT_3D('',#6143,#4892,#4893);
#4401=AXIS2_PLACEMENT_3D('',#6147,#4895,#4896);
#4402=AXIS2_PLACEMENT_3D('',#6154,#4900,#4901);
#4403=AXIS2_PLACEMENT_3D('',#6158,#4903,#4904);
#4404=AXIS2_PLACEMENT_3D('',#6168,#4909,#4910);
#4405=AXIS2_PLACEMENT_3D('',#6172,#4912,#4913);
#4406=AXIS2_PLACEMENT_3D('',#6190,#4923,#4924);
#4407=AXIS2_PLACEMENT_3D('',#6194,#4926,#4927);
#4408=AXIS2_PLACEMENT_3D('',#6204,#4932,#4933);
#4409=AXIS2_PLACEMENT_3D('',#6208,#4935,#4936);
#4410=AXIS2_PLACEMENT_3D('',#6215,#4940,#4941);
#4411=AXIS2_PLACEMENT_3D('',#6253,#4961,#4962);
#4412=AXIS2_PLACEMENT_3D('',#6257,#4964,#4965);
#4413=AXIS2_PLACEMENT_3D('',#6260,#4967,#4968);
#4414=AXIS2_PLACEMENT_3D('',#6261,#4969,#4970);
#4415=AXIS2_PLACEMENT_3D('',#6266,#4974,#4975);
#4416=AXIS2_PLACEMENT_3D('',#6272,#4979,#4980);
#4417=AXIS2_PLACEMENT_3D('',#6275,#4983,#4984);
#4418=AXIS2_PLACEMENT_3D('',#6281,#4988,#4989);
#4419=AXIS2_PLACEMENT_3D('',#6285,#4992,#4993);
#4420=AXIS2_PLACEMENT_3D('',#6289,#4996,#4997);
#4421=AXIS2_PLACEMENT_3D('',#6291,#4999,#5000);
#4422=AXIS2_PLACEMENT_3D('',#6292,#5001,#5002);
#4423=AXIS2_PLACEMENT_3D('',#6298,#5006,#5007);
#4424=AXIS2_PLACEMENT_3D('',#6302,#5010,#5011);
#4425=AXIS2_PLACEMENT_3D('',#6306,#5014,#5015);
#4426=AXIS2_PLACEMENT_3D('',#6308,#5017,#5018);
#4427=AXIS2_PLACEMENT_3D('',#6309,#5019,#5020);
#4428=AXIS2_PLACEMENT_3D('',#6315,#5024,#5025);
#4429=AXIS2_PLACEMENT_3D('',#6319,#5028,#5029);
#4430=AXIS2_PLACEMENT_3D('',#6323,#5032,#5033);
#4431=AXIS2_PLACEMENT_3D('',#6325,#5035,#5036);
#4432=AXIS2_PLACEMENT_3D('',#6326,#5037,#5038);
#4433=AXIS2_PLACEMENT_3D('',#6330,#5041,#5042);
#4434=AXIS2_PLACEMENT_3D('',#6336,#5046,#5047);
#4435=AXIS2_PLACEMENT_3D('',#6350,#5052,#5053);
#4436=AXIS2_PLACEMENT_3D('',#6358,#5055,#5056);
#4437=AXIS2_PLACEMENT_3D('',#6362,#5059,#5060);
#4438=AXIS2_PLACEMENT_3D('',#6366,#5062,#5063);
#4439=AXIS2_PLACEMENT_3D('',#6369,#5065,#5066);
#4440=AXIS2_PLACEMENT_3D('',#6378,#5071,#5072);
#4441=AXIS2_PLACEMENT_3D('',#6387,#5077,#5078);
#4442=AXIS2_PLACEMENT_3D('',#6396,#5083,#5084);
#4443=AXIS2_PLACEMENT_3D('',#6405,#5089,#5090);
#4444=AXIS2_PLACEMENT_3D('',#6414,#5095,#5096);
#4445=AXIS2_PLACEMENT_3D('',#6415,#5097,#5098);
#4446=AXIS2_PLACEMENT_3D('',#6428,#5104,#5105);
#4447=AXIS2_PLACEMENT_3D('',#6432,#5107,#5108);
#4448=AXIS2_PLACEMENT_3D('',#6441,#5113,#5114);
#4449=AXIS2_PLACEMENT_3D('',#6443,#5116,#5117);
#4450=AXIS2_PLACEMENT_3D('',#6446,#5120,#5121);
#4451=AXIS2_PLACEMENT_3D('',#6447,#5122,#5123);
#4452=AXIS2_PLACEMENT_3D('',#6450,#5126,#5127);
#4453=AXIS2_PLACEMENT_3D('',#6451,#5128,#5129);
#4454=AXIS2_PLACEMENT_3D('',#6457,#5133,#5134);
#4455=AXIS2_PLACEMENT_3D('',#6461,#5136,#5137);
#4456=AXIS2_PLACEMENT_3D('',#6465,#5139,#5140);
#4457=AXIS2_PLACEMENT_3D('',#6469,#5143,#5144);
#4458=AXIS2_PLACEMENT_3D('',#6470,#5145,#5146);
#4459=AXIS2_PLACEMENT_3D('',#6538,#5176,#5177);
#4460=AXIS2_PLACEMENT_3D('',#6547,#5182,#5183);
#4461=AXIS2_PLACEMENT_3D('',#6551,#5185,#5186);
#4462=AXIS2_PLACEMENT_3D('',#6554,#5188,#5189);
#4463=AXIS2_PLACEMENT_3D('',#6557,#5192,#5193);
#4464=AXIS2_PLACEMENT_3D('',#6560,#5196,#5197);
#4465=AXIS2_PLACEMENT_3D('',#6561,#5198,#5199);
#4466=AXIS2_PLACEMENT_3D('',#6563,#5201,#5202);
#4467=AXIS2_PLACEMENT_3D('',#6564,#5203,#5204);
#4468=AXIS2_PLACEMENT_3D('',#6566,#5206,#5207);
#4469=AXIS2_PLACEMENT_3D('',#6572,#5211,#5212);
#4470=AXIS2_PLACEMENT_3D('',#6581,#5217,#5218);
#4471=AXIS2_PLACEMENT_3D('',#6590,#5223,#5224);
#4472=AXIS2_PLACEMENT_3D('',#6599,#5229,#5230);
#4473=AXIS2_PLACEMENT_3D('',#6608,#5235,#5236);
#4474=AXIS2_PLACEMENT_3D('',#6610,#5238,#5239);
#4475=AXIS2_PLACEMENT_3D('',#6618,#5241,#5242);
#4476=AXIS2_PLACEMENT_3D('',#6627,#5247,#5248);
#4477=AXIS2_PLACEMENT_3D('',#6643,#5256,#5257);
#4478=AXIS2_PLACEMENT_3D('',#6647,#5259,#5260);
#4479=AXIS2_PLACEMENT_3D('',#6652,#5263,#5264);
#4480=AXIS2_PLACEMENT_3D('',#6656,#5267,#5268);
#4481=AXIS2_PLACEMENT_3D('',#6660,#5270,#5271);
#4482=AXIS2_PLACEMENT_3D('',#6668,#5275,#5276);
#4483=AXIS2_PLACEMENT_3D('',#6669,#5277,#5278);
#4484=AXIS2_PLACEMENT_3D('',#6670,#5279,#5280);
#4485=AXIS2_PLACEMENT_3D('',#6671,#5281,#5282);
#4486=AXIS2_PLACEMENT_3D('',#6674,#5285,#5286);
#4487=AXIS2_PLACEMENT_3D('',#6677,#5288,#5289);
#4488=AXIS2_PLACEMENT_3D('',#6685,#5291,#5292);
#4489=AXIS2_PLACEMENT_3D('',#6704,#5293,#5294);
#4490=AXIS2_PLACEMENT_3D('',#6708,#5298,#5299);
#4491=AXIS2_PLACEMENT_3D('',#6717,#5302,#5303);
#4492=AXIS2_PLACEMENT_3D('',#6736,#5304,#5305);
#4493=AXIS2_PLACEMENT_3D('',#6743,#5307,#5308);
#4494=AXIS2_PLACEMENT_3D('',#6744,#5309,#5310);
#4495=AXIS2_PLACEMENT_3D('',#6747,#5312,#5313);
#4496=AXIS2_PLACEMENT_3D('',#6749,#5315,#5316);
#4497=AXIS2_PLACEMENT_3D('',#6758,#5319,#5320);
#4498=AXIS2_PLACEMENT_3D('',#6837,#5329,#5330);
#4499=AXIS2_PLACEMENT_3D('',#6863,#5334,#5335);
#4500=AXIS2_PLACEMENT_3D('',#6867,#5338,#5339);
#4501=AXIS2_PLACEMENT_3D('',#6871,#5342,#5343);
#4502=AXIS2_PLACEMENT_3D('',#6872,#5344,#5345);
#4503=AXIS2_PLACEMENT_3D('',#6874,#5347,#5348);
#4504=AXIS2_PLACEMENT_3D('',#6875,#5349,#5350);
#4505=AXIS2_PLACEMENT_3D('',#6879,#5353,#5354);
#4506=AXIS2_PLACEMENT_3D('',#6925,#5355,#5356);
#4507=AXIS2_PLACEMENT_3D('',#6947,#5358,#5359);
#4508=AXIS2_PLACEMENT_3D('',#6960,#5360,#5361);
#4509=AXIS2_PLACEMENT_3D('',#6965,#5362,#5363);
#4510=AXIS2_PLACEMENT_3D('',#6966,#5364,#5365);
#4511=AXIS2_PLACEMENT_3D('',#6967,#5366,#5367);
#4512=AXIS2_PLACEMENT_3D('',#6968,#5368,#5369);
#4513=AXIS2_PLACEMENT_3D('',#6969,#5370,#5371);
#4514=AXIS2_PLACEMENT_3D('',#6970,#5372,#5373);
#4515=AXIS2_PLACEMENT_3D('',#6971,#5374,#5375);
#4516=AXIS2_PLACEMENT_3D('',#6972,#5376,#5377);
#4517=AXIS2_PLACEMENT_3D('',#6973,#5378,#5379);
#4518=AXIS2_PLACEMENT_3D('',#6977,#5383,#5384);
#4519=AXIS2_PLACEMENT_3D('',#6986,#5387,#5388);
#4520=AXIS2_PLACEMENT_3D('',#6994,#5390,#5391);
#4521=AXIS2_PLACEMENT_3D('',#6997,#5393,#5394);
#4522=AXIS2_PLACEMENT_3D('',#7004,#5396,#5397);
#4523=AXIS2_PLACEMENT_3D('',#7007,#5399,#5400);
#4524=AXIS2_PLACEMENT_3D('',#7009,#5402,#5403);
#4525=AXIS2_PLACEMENT_3D('',#7011,#5405,#5406);
#4526=AXIS2_PLACEMENT_3D('',#7020,#5409,#5410);
#4527=AXIS2_PLACEMENT_3D('',#7035,#5416,#5417);
#4528=AXIS2_PLACEMENT_3D('',#7105,#5424,#5425);
#4529=AXIS2_PLACEMENT_3D('',#7131,#5429,#5430);
#4530=AXIS2_PLACEMENT_3D('',#7135,#5433,#5434);
#4531=AXIS2_PLACEMENT_3D('',#7136,#5435,#5436);
#4532=AXIS2_PLACEMENT_3D('',#7140,#5439,#5440);
#4533=AXIS2_PLACEMENT_3D('',#7142,#5442,#5443);
#4534=AXIS2_PLACEMENT_3D('',#7143,#5444,#5445);
#4535=AXIS2_PLACEMENT_3D('',#7147,#5448,#5449);
#4536=AXIS2_PLACEMENT_3D('',#7193,#5450,#5451);
#4537=AXIS2_PLACEMENT_3D('',#7215,#5453,#5454);
#4538=AXIS2_PLACEMENT_3D('',#7232,#5455,#5456);
#4539=AXIS2_PLACEMENT_3D('',#7233,#5457,#5458);
#4540=AXIS2_PLACEMENT_3D('',#7234,#5459,#5460);
#4541=AXIS2_PLACEMENT_3D('',#7235,#5461,#5462);
#4542=AXIS2_PLACEMENT_3D('',#7236,#5463,#5464);
#4543=AXIS2_PLACEMENT_3D('',#7237,#5465,#5466);
#4544=AXIS2_PLACEMENT_3D('',#7238,#5467,#5468);
#4545=AXIS2_PLACEMENT_3D('',#7239,#5469,#5470);
#4546=AXIS2_PLACEMENT_3D('',#7240,#5471,#5472);
#4547=AXIS2_PLACEMENT_3D('',#7241,#5473,#5474);
#4548=AXIS2_PLACEMENT_3D('',#7242,#5475,#5476);
#4549=AXIS2_PLACEMENT_3D('',#7243,#5477,#5478);
#4550=AXIS2_PLACEMENT_3D('',#7244,#5479,#5480);
#4551=AXIS2_PLACEMENT_3D('',#7245,#5481,#5482);
#4552=AXIS2_PLACEMENT_3D('',#7246,#5483,#5484);
#4553=AXIS2_PLACEMENT_3D('',#7247,#5485,#5486);
#4554=AXIS2_PLACEMENT_3D('',#7248,#5487,#5488);
#4555=AXIS2_PLACEMENT_3D('',#7249,#5489,#5490);
#4556=AXIS2_PLACEMENT_3D('',#7250,#5491,#5492);
#4557=AXIS2_PLACEMENT_3D('',#7251,#5493,#5494);
#4558=AXIS2_PLACEMENT_3D('',#7252,#5495,#5496);
#4559=AXIS2_PLACEMENT_3D('',#7253,#5497,#5498);
#4560=AXIS2_PLACEMENT_3D('',#7254,#5499,#5500);
#4561=AXIS2_PLACEMENT_3D('',#7255,#5501,#5502);
#4562=AXIS2_PLACEMENT_3D('',#7256,#5503,#5504);
#4563=AXIS2_PLACEMENT_3D('',#7257,#5505,#5506);
#4564=AXIS2_PLACEMENT_3D('',#7258,#5507,#5508);
#4565=AXIS2_PLACEMENT_3D('',#7259,#5509,#5510);
#4566=AXIS2_PLACEMENT_3D('',#7260,#5511,#5512);
#4567=AXIS2_PLACEMENT_3D('',#7261,#5513,#5514);
#4568=AXIS2_PLACEMENT_3D('',#7262,#5515,#5516);
#4569=AXIS2_PLACEMENT_3D('',#7263,#5517,#5518);
#4570=AXIS2_PLACEMENT_3D('',#7264,#5519,#5520);
#4571=AXIS2_PLACEMENT_3D('',#7265,#5521,#5522);
#4572=AXIS2_PLACEMENT_3D('',#7266,#5523,#5524);
#4573=AXIS2_PLACEMENT_3D('',#7267,#5525,#5526);
#4574=AXIS2_PLACEMENT_3D('',#7268,#5527,#5528);
#4575=AXIS2_PLACEMENT_3D('',#7269,#5529,#5530);
#4576=AXIS2_PLACEMENT_3D('',#7270,#5531,#5532);
#4577=AXIS2_PLACEMENT_3D('',#7271,#5533,#5534);
#4578=AXIS2_PLACEMENT_3D('',#7272,#5535,#5536);
#4579=AXIS2_PLACEMENT_3D('',#7273,#5537,#5538);
#4580=AXIS2_PLACEMENT_3D('',#7274,#5539,#5540);
#4581=AXIS2_PLACEMENT_3D('',#7275,#5541,#5542);
#4582=AXIS2_PLACEMENT_3D('',#7276,#5543,#5544);
#4583=AXIS2_PLACEMENT_3D('',#7277,#5545,#5546);
#4584=AXIS2_PLACEMENT_3D('',#7278,#5547,#5548);
#4585=AXIS2_PLACEMENT_3D('',#7279,#5549,#5550);
#4586=AXIS2_PLACEMENT_3D('',#7280,#5551,#5552);
#4587=AXIS2_PLACEMENT_3D('',#7281,#5553,#5554);
#4588=AXIS2_PLACEMENT_3D('',#7282,#5555,#5556);
#4589=AXIS2_PLACEMENT_3D('',#7283,#5557,#5558);
#4590=AXIS2_PLACEMENT_3D('',#7284,#5559,#5560);
#4591=AXIS2_PLACEMENT_3D('',#7285,#5561,#5562);
#4592=AXIS2_PLACEMENT_3D('',#7286,#5563,#5564);
#4593=AXIS2_PLACEMENT_3D('',#7287,#5565,#5566);
#4594=AXIS2_PLACEMENT_3D('',#7288,#5567,#5568);
#4595=AXIS2_PLACEMENT_3D('',#7289,#5569,#5570);
#4596=AXIS2_PLACEMENT_3D('',#7290,#5571,#5572);
#4597=AXIS2_PLACEMENT_3D('',#7291,#5573,#5574);
#4598=AXIS2_PLACEMENT_3D('',#7292,#5575,#5576);
#4599=AXIS2_PLACEMENT_3D('',#7293,#5577,#5578);
#4600=AXIS2_PLACEMENT_3D('',#7294,#5579,#5580);
#4601=AXIS2_PLACEMENT_3D('',#7295,#5581,#5582);
#4602=AXIS2_PLACEMENT_3D('',#7296,#5583,#5584);
#4603=AXIS2_PLACEMENT_3D('',#7297,#5585,#5586);
#4604=AXIS2_PLACEMENT_3D('',#7298,#5587,#5588);
#4605=AXIS2_PLACEMENT_3D('',#7299,#5589,#5590);
#4606=AXIS2_PLACEMENT_3D('',#7300,#5591,#5592);
#4607=AXIS2_PLACEMENT_3D('',#7301,#5593,#5594);
#4608=AXIS2_PLACEMENT_3D('',#7302,#5595,#5596);
#4609=AXIS2_PLACEMENT_3D('',#7303,#5597,#5598);
#4610=AXIS2_PLACEMENT_3D('',#7304,#5599,#5600);
#4611=AXIS2_PLACEMENT_3D('',#7305,#5601,#5602);
#4612=AXIS2_PLACEMENT_3D('',#7306,#5603,#5604);
#4613=AXIS2_PLACEMENT_3D('',#7307,#5605,#5606);
#4614=AXIS2_PLACEMENT_3D('',#7308,#5607,#5608);
#4615=AXIS2_PLACEMENT_3D('',#7309,#5609,#5610);
#4616=AXIS2_PLACEMENT_3D('',#7310,#5611,#5612);
#4617=AXIS2_PLACEMENT_3D('',#7311,#5613,#5614);
#4618=AXIS2_PLACEMENT_3D('',#7312,#5615,#5616);
#4619=AXIS2_PLACEMENT_3D('',#7313,#5617,#5618);
#4620=AXIS2_PLACEMENT_3D('',#7314,#5619,#5620);
#4621=AXIS2_PLACEMENT_3D('',#7315,#5621,#5622);
#4622=AXIS2_PLACEMENT_3D('',#7316,#5623,#5624);
#4623=AXIS2_PLACEMENT_3D('',#7317,#5625,#5626);
#4624=AXIS2_PLACEMENT_3D('',#7318,#5627,#5628);
#4625=AXIS2_PLACEMENT_3D('',#7319,#5629,#5630);
#4626=AXIS2_PLACEMENT_3D('',#7320,#5631,#5632);
#4627=AXIS2_PLACEMENT_3D('',#7321,#5633,#5634);
#4628=AXIS2_PLACEMENT_3D('',#7322,#5635,#5636);
#4629=AXIS2_PLACEMENT_3D('',#7323,#5637,#5638);
#4630=AXIS2_PLACEMENT_3D('',#7324,#5639,#5640);
#4631=AXIS2_PLACEMENT_3D('',#7325,#5641,#5642);
#4632=AXIS2_PLACEMENT_3D('',#7326,#5643,#5644);
#4633=AXIS2_PLACEMENT_3D('',#7327,#5645,#5646);
#4634=AXIS2_PLACEMENT_3D('',#7328,#5647,#5648);
#4635=AXIS2_PLACEMENT_3D('',#7329,#5649,#5650);
#4636=AXIS2_PLACEMENT_3D('',#7330,#5651,#5652);
#4637=AXIS2_PLACEMENT_3D('',#7331,#5653,#5654);
#4638=AXIS2_PLACEMENT_3D('',#7332,#5655,#5656);
#4639=AXIS2_PLACEMENT_3D('',#7333,#5657,#5658);
#4640=AXIS2_PLACEMENT_3D('',#7334,#5659,#5660);
#4641=AXIS2_PLACEMENT_3D('',#7335,#5661,#5662);
#4642=AXIS2_PLACEMENT_3D('',#7336,#5663,#5664);
#4643=AXIS2_PLACEMENT_3D('',#7337,#5665,#5666);
#4644=AXIS2_PLACEMENT_3D('',#7338,#5667,#5668);
#4645=AXIS2_PLACEMENT_3D('',#7339,#5669,#5670);
#4646=AXIS2_PLACEMENT_3D('',#7340,#5671,#5672);
#4647=AXIS2_PLACEMENT_3D('',#7341,#5673,#5674);
#4648=AXIS2_PLACEMENT_3D('',#7342,#5675,#5676);
#4649=AXIS2_PLACEMENT_3D('',#7343,#5677,#5678);
#4650=AXIS2_PLACEMENT_3D('',#7344,#5679,#5680);
#4651=AXIS2_PLACEMENT_3D('',#7345,#5681,#5682);
#4652=AXIS2_PLACEMENT_3D('',#7346,#5683,#5684);
#4653=AXIS2_PLACEMENT_3D('',#7347,#5685,#5686);
#4654=AXIS2_PLACEMENT_3D('',#7348,#5687,#5688);
#4655=AXIS2_PLACEMENT_3D('',#7349,#5689,#5690);
#4656=AXIS2_PLACEMENT_3D('',#7350,#5691,#5692);
#4657=AXIS2_PLACEMENT_3D('',#7351,#5693,#5694);
#4658=AXIS2_PLACEMENT_3D('',#7352,#5695,#5696);
#4659=AXIS2_PLACEMENT_3D('',#7353,#5697,#5698);
#4660=AXIS2_PLACEMENT_3D('',#7354,#5699,#5700);
#4661=AXIS2_PLACEMENT_3D('',#7355,#5701,#5702);
#4662=AXIS2_PLACEMENT_3D('',#7356,#5703,#5704);
#4663=AXIS2_PLACEMENT_3D('',#7357,#5705,#5706);
#4664=AXIS2_PLACEMENT_3D('',#7358,#5707,#5708);
#4665=AXIS2_PLACEMENT_3D('',#7359,#5709,#5710);
#4666=AXIS2_PLACEMENT_3D('',#7360,#5711,#5712);
#4667=AXIS2_PLACEMENT_3D('',#7361,#5713,#5714);
#4668=AXIS2_PLACEMENT_3D('',#7362,#5715,#5716);
#4669=AXIS2_PLACEMENT_3D('',#7363,#5717,#5718);
#4670=AXIS2_PLACEMENT_3D('',#7364,#5719,#5720);
#4671=AXIS2_PLACEMENT_3D('',#7365,#5721,#5722);
#4672=AXIS2_PLACEMENT_3D('',#7366,#5723,#5724);
#4673=AXIS2_PLACEMENT_3D('',#7367,#5725,#5726);
#4674=AXIS2_PLACEMENT_3D('',#7368,#5727,#5728);
#4675=AXIS2_PLACEMENT_3D('',#7369,#5729,#5730);
#4676=AXIS2_PLACEMENT_3D('',#7370,#5731,#5732);
#4677=AXIS2_PLACEMENT_3D('',#7371,#5733,#5734);
#4678=AXIS2_PLACEMENT_3D('',#7372,#5735,#5736);
#4679=AXIS2_PLACEMENT_3D('',#7373,#5737,#5738);
#4680=AXIS2_PLACEMENT_3D('',#7374,#5739,#5740);
#4681=AXIS2_PLACEMENT_3D('',#7375,#5741,#5742);
#4682=AXIS2_PLACEMENT_3D('',#7376,#5743,#5744);
#4683=AXIS2_PLACEMENT_3D('',#7377,#5745,#5746);
#4684=AXIS2_PLACEMENT_3D('',#7378,#5747,#5748);
#4685=AXIS2_PLACEMENT_3D('',#7379,#5749,#5750);
#4686=AXIS2_PLACEMENT_3D('',#7380,#5751,#5752);
#4687=AXIS2_PLACEMENT_3D('',#7381,#5753,#5754);
#4688=AXIS2_PLACEMENT_3D('',#7382,#5755,#5756);
#4689=AXIS2_PLACEMENT_3D('',#7383,#5757,#5758);
#4690=AXIS2_PLACEMENT_3D('',#7386,#5761,#5762);
#4691=AXIS2_PLACEMENT_3D('',#7387,#5763,#5764);
#4692=AXIS2_PLACEMENT_3D('',#7389,#5766,#5767);
#4693=AXIS2_PLACEMENT_3D('',#7391,#5769,#5770);
#4694=AXIS2_PLACEMENT_3D('',#7392,#5771,#5772);
#4695=AXIS2_PLACEMENT_3D('',#7393,#5773,#5774);
#4696=AXIS2_PLACEMENT_3D('',#7394,#5775,#5776);
#4697=AXIS2_PLACEMENT_3D('',#7395,#5777,#5778);
#4698=AXIS2_PLACEMENT_3D('',#7396,#5779,#5780);
#4699=AXIS2_PLACEMENT_3D('',#7397,#5781,#5782);
#4700=AXIS2_PLACEMENT_3D('',#7398,#5783,#5784);
#4701=AXIS2_PLACEMENT_3D('',#7402,#5786,#5787);
#4702=AXIS2_PLACEMENT_3D('',#7406,#5789,#5790);
#4703=AXIS2_PLACEMENT_3D('',#7410,#5792,#5793);
#4704=AXIS2_PLACEMENT_3D('',#7414,#5795,#5796);
#4705=AXIS2_PLACEMENT_3D('',#7415,#5797,#5798);
#4706=AXIS2_PLACEMENT_3D('',#7420,#5800,#5801);
#4707=AXIS2_PLACEMENT_3D('',#7424,#5803,#5804);
#4708=AXIS2_PLACEMENT_3D('',#7428,#5806,#5807);
#4709=AXIS2_PLACEMENT_3D('',#7431,#5809,#5810);
#4710=AXIS2_PLACEMENT_3D('',#7441,#5816,#5817);
#4711=AXIS2_PLACEMENT_3D('',#7455,#5825,#5826);
#4712=AXIS2_PLACEMENT_3D('',#7456,#5827,#5828);
#4713=AXIS2_PLACEMENT_3D('',#7457,#5829,#5830);
#4714=AXIS2_PLACEMENT_3D('',#7461,#5832,#5833);
#4715=AXIS2_PLACEMENT_3D('',#7465,#5835,#5836);
#4716=AXIS2_PLACEMENT_3D('',#7466,#5837,#5838);
#4717=AXIS2_PLACEMENT_3D('',#7473,#5843,#5844);
#4718=AXIS2_PLACEMENT_3D('',#7476,#5847,#5848);
#4719=AXIS2_PLACEMENT_3D('',#7477,#5849,#5850);
#4720=AXIS2_PLACEMENT_3D('',#7478,#5851,#5852);
#4721=AXIS2_PLACEMENT_3D('',#7479,#5853,#5854);
#4722=AXIS2_PLACEMENT_3D('',#7480,#5855,#5856);
#4723=AXIS2_PLACEMENT_3D('',#7481,#5857,#5858);
#4724=AXIS2_PLACEMENT_3D('',#7492,#5859,#5860);
#4725=AXIS2_PLACEMENT_3D('',#7493,#5861,#5862);
#4726=AXIS2_PLACEMENT_3D('',#7509,#5863,#5864);
#4727=AXIS2_PLACEMENT_3D('',#7510,#5865,#5866);
#4728=AXIS2_PLACEMENT_3D('',#7520,#5872,#5873);
#4729=AXIS2_PLACEMENT_3D('',#7534,#5881,#5882);
#4730=AXIS2_PLACEMENT_3D('',#7548,#5884,#5885);
#4731=AXIS2_PLACEMENT_3D('',#7552,#5887,#5888);
#4732=AXIS2_PLACEMENT_3D('',#7553,#5889,#5890);
#4733=AXIS2_PLACEMENT_3D('',#7560,#5895,#5896);
#4734=AXIS2_PLACEMENT_3D('',#7563,#5899,#5900);
#4735=AXIS2_PLACEMENT_3D('',#7564,#5901,#5902);
#4736=AXIS2_PLACEMENT_3D('',#7565,#5903,#5904);
#4737=AXIS2_PLACEMENT_3D('',#7566,#5905,#5906);
#4738=AXIS2_PLACEMENT_3D('',#7567,#5907,#5908);
#4739=AXIS2_PLACEMENT_3D('',#7568,#5909,#5910);
#4740=AXIS2_PLACEMENT_3D('',#7584,#5911,#5912);
#4741=AXIS2_PLACEMENT_3D('',#7600,#5913,#5914);
#4742=AXIS2_PLACEMENT_3D('',#7601,#5915,#5916);
#4743=AXIS2_PLACEMENT_3D('',#7603,#5917,#5918);
#4744=AXIS2_PLACEMENT_3D('',#7604,#5919,#5920);
#4745=AXIS2_PLACEMENT_3D('',#7606,#5921,#5922);
#4746=AXIS2_PLACEMENT_3D('',#7607,#5923,#5924);
#4747=AXIS2_PLACEMENT_3D('',#7609,#5925,#5926);
#4748=AXIS2_PLACEMENT_3D('',#7610,#5927,#5928);
#4749=AXIS2_PLACEMENT_3D('',#7612,#5929,#5930);
#4750=AXIS2_PLACEMENT_3D('',#7613,#5931,#5932);
#4751=AXIS2_PLACEMENT_3D('',#7615,#5933,#5934);
#4752=AXIS2_PLACEMENT_3D('',#7616,#5935,#5936);
#4753=AXIS2_PLACEMENT_3D('',#7618,#5937,#5938);
#4754=AXIS2_PLACEMENT_3D('',#7619,#5939,#5940);
#4755=AXIS2_PLACEMENT_3D('',#7621,#5941,#5942);
#4756=AXIS2_PLACEMENT_3D('',#7622,#5943,#5944);
#4757=AXIS2_PLACEMENT_3D('',#7624,#5945,#5946);
#4758=DIRECTION('',(0.,0.,1.));
#4759=DIRECTION('',(1.,0.,0.));
#4760=DIRECTION('',(0.,1.,0.));
#4761=DIRECTION('',(0.,0.,1.));
#4762=DIRECTION('',(-1.,0.,0.));
#4763=DIRECTION('',(0.,0.,-1.));
#4764=DIRECTION('',(1.,0.,0.));
#4765=DIRECTION('',(0.,0.,-1.));
#4766=DIRECTION('',(-0.857167300702113,-0.515038074910053,0.));
#4767=DIRECTION('',(0.515038074910053,-0.857167300702113,0.));
#4768=DIRECTION('',(0.,0.,1.));
#4769=DIRECTION('',(-0.447668650696838,0.745045750246292,0.494469017455302));
#4770=DIRECTION('',(0.,0.,1.));
#4771=DIRECTION('',(0.515038074910053,-0.857167300702113,0.));
#4772=DIRECTION('',(-1.01207635399237E-15,-1.,0.));
#4773=DIRECTION('',(1.,-1.01207635399237E-15,0.));
#4774=DIRECTION('',(0.,0.,1.));
#4775=DIRECTION('',(1.,-1.01207635399237E-15,0.));
#4776=DIRECTION('',(0.,0.,1.));
#4777=DIRECTION('',(1.,-1.01207635399237E-15,0.));
#4778=DIRECTION('',(0.,1.,0.));
#4779=DIRECTION('',(0.,0.,1.));
#4780=DIRECTION('',(-1.,0.,0.));
#4781=DIRECTION('',(0.,0.,1.));
#4782=DIRECTION('',(-1.,0.,0.));
#4783=DIRECTION('',(0.,0.,1.));
#4784=DIRECTION('',(0.,1.,0.));
#4785=DIRECTION('',(0.,0.,1.));
#4786=DIRECTION('',(0.,0.,1.));
#4787=DIRECTION('',(-1.,0.,0.));
#4788=DIRECTION('',(0.,0.,1.));
#4789=DIRECTION('',(-1.,0.,0.));
#4790=DIRECTION('',(1.0545360956016E-15,1.,0.));
#4791=DIRECTION('',(-1.,1.0545360956016E-15,0.));
#4792=DIRECTION('',(-1.,1.0545360956016E-15,0.));
#4793=DIRECTION('',(0.,0.,1.));
#4794=DIRECTION('',(-1.,1.0545360956016E-15,0.));
#4795=DIRECTION('',(0.,0.,1.));
#4796=DIRECTION('',(1.,-1.03388810646882E-15,0.));
#4797=DIRECTION('',(1.03388810646882E-15,1.,0.));
#4798=DIRECTION('',(1.03388810646882E-15,1.,0.));
#4799=DIRECTION('',(0.,0.,1.));
#4800=DIRECTION('',(-1.00080200537123E-15,1.,0.));
#4801=DIRECTION('',(-1.,1.00080200537123E-15,0.));
#4802=DIRECTION('',(-1.00080200537123E-15,-1.,0.));
#4803=DIRECTION('',(-1.00080200537123E-15,-1.,0.));
#4804=DIRECTION('',(0.,0.,1.));
#4805=DIRECTION('',(-1.00080200537123E-15,-1.,0.));
#4806=DIRECTION('',(0.,0.,1.));
#4807=DIRECTION('',(0.,0.,1.));
#4808=DIRECTION('',(1.,0.,0.));
#4809=DIRECTION('',(0.,-1.,0.));
#4810=DIRECTION('',(-1.,0.,0.));
#4811=DIRECTION('',(-1.,0.,0.));
#4812=DIRECTION('',(3.74156043838135E-15,1.,0.));
#4813=DIRECTION('',(1.,-1.01207635399237E-15,0.));
#4814=DIRECTION('',(1.,-1.01207635399237E-15,0.));
#4815=DIRECTION('',(-0.519449301602621,-0.854501271540628,0.));
#4816=DIRECTION('',(-1.,0.,0.));
#4817=DIRECTION('',(0.,1.,0.));
#4818=DIRECTION('',(-1.,0.,0.));
#4819=DIRECTION('',(0.,0.,1.));
#4820=DIRECTION('',(1.,0.,0.));
#4821=DIRECTION('',(-0.515038074910053,-0.857167300702113,0.));
#4822=DIRECTION('',(0.0523359562429426,0.998629534754574,0.));
#4823=DIRECTION('',(1.,2.31296463463574E-15,0.));
#4824=DIRECTION('',(0.0523359562429426,-0.998629534754574,0.));
#4825=DIRECTION('',(0.,0.,-1.));
#4826=DIRECTION('',(-1.,0.,0.));
#4827=DIRECTION('',(1.,-2.19224885678589E-15,0.));
#4828=DIRECTION('',(0.,0.,-1.));
#4829=DIRECTION('',(-1.,0.,0.));
#4830=DIRECTION('',(0.190808995376548,0.981627183447663,0.));
#4831=DIRECTION('',(0.,0.,-1.));
#4832=DIRECTION('',(-1.,0.,0.));
#4833=DIRECTION('',(0.906307787036651,0.422618261740697,0.));
#4834=DIRECTION('',(0.,0.,-1.));
#4835=DIRECTION('',(-1.,0.,0.));
#4836=DIRECTION('',(0.906307787036651,0.422618261740697,0.));
#4837=DIRECTION('',(0.,0.,-1.));
#4838=DIRECTION('',(-1.,0.,0.));
#4839=DIRECTION('',(1.,-2.25870506389289E-15,0.));
#4840=DIRECTION('',(0.,1.,0.));
#4841=DIRECTION('',(-0.849408897208383,0.527735279608288,0.));
#4842=DIRECTION('',(-0.519449301602621,-0.854501271540628,0.));
#4843=DIRECTION('',(1.,-1.01207635399237E-15,0.));
#4844=DIRECTION('',(1.,-1.01207635399237E-15,0.));
#4845=DIRECTION('',(3.74156043838135E-15,1.,0.));
#4846=DIRECTION('',(-1.,0.,0.));
#4847=DIRECTION('',(0.849408897208383,0.527735279608288,0.));
#4848=DIRECTION('',(0.,1.,0.));
#4849=DIRECTION('',(-1.,-2.25870506389289E-15,0.));
#4850=DIRECTION('',(0.,0.,1.));
#4851=DIRECTION('',(1.,0.,0.));
#4852=DIRECTION('',(-0.906307787036651,0.422618261740697,0.));
#4853=DIRECTION('',(0.,0.,1.));
#4854=DIRECTION('',(1.,0.,0.));
#4855=DIRECTION('',(-0.906307787036651,0.422618261740697,0.));
#4856=DIRECTION('',(0.,0.,1.));
#4857=DIRECTION('',(1.,0.,0.));
#4858=DIRECTION('',(-0.190808995376548,0.981627183447663,0.));
#4859=DIRECTION('',(0.,0.,1.));
#4860=DIRECTION('',(1.,0.,0.));
#4861=DIRECTION('',(-1.,-2.19224885678589E-15,0.));
#4862=DIRECTION('',(0.,0.,1.));
#4863=DIRECTION('',(1.,0.,0.));
#4864=DIRECTION('',(-1.,0.,0.));
#4865=DIRECTION('',(0.,-1.,0.));
#4866=DIRECTION('',(0.,1.,0.));
#4867=DIRECTION('',(0.,-1.,0.));
#4868=DIRECTION('',(0.,1.,0.));
#4869=DIRECTION('',(1.,0.,0.));
#4870=DIRECTION('',(-0.854501271540627,0.519449301602621,0.));
#4871=DIRECTION('',(-0.519449301602621,-0.854501271540628,0.));
#4872=DIRECTION('',(0.,0.,1.));
#4873=DIRECTION('',(1.,-3.74156043838135E-15,0.));
#4874=DIRECTION('',(3.74156043838135E-15,1.,0.));
#4875=DIRECTION('',(0.,0.,1.));
#4876=DIRECTION('',(0.,1.,0.));
#4877=DIRECTION('',(0.,0.,1.));
#4878=DIRECTION('',(0.,0.,1.));
#4879=DIRECTION('',(0.,0.,1.));
#4880=DIRECTION('',(-1.,0.,0.));
#4881=DIRECTION('',(-1.,0.,0.));
#4882=DIRECTION('',(0.,0.,1.));
#4883=DIRECTION('',(0.,0.,1.));
#4884=DIRECTION('',(0.,-1.,0.));
#4885=DIRECTION('',(0.,0.,1.));
#4886=DIRECTION('',(0.,-1.,0.));
#4887=DIRECTION('',(0.,-3.36814359860181E-15,-1.));
#4888=DIRECTION('',(0.,-1.,0.));
#4889=DIRECTION('',(0.,1.,0.));
#4890=DIRECTION('',(0.,0.,1.));
#4891=DIRECTION('',(0.,0.,1.));
#4892=DIRECTION('',(0.,1.,0.));
#4893=DIRECTION('',(0.,0.,1.));
#4894=DIRECTION('',(-1.,9.75781955236956E-16,0.));
#4895=DIRECTION('',(0.,1.,0.));
#4896=DIRECTION('',(0.,0.,1.));
#4897=DIRECTION('',(-1.,0.,0.));
#4898=DIRECTION('',(0.,1.14784090164829E-15,1.));
#4899=DIRECTION('',(-1.,0.,0.));
#4900=DIRECTION('',(0.,-1.,1.14784090164829E-15));
#4901=DIRECTION('',(0.,-1.14784090164829E-15,-1.));
#4902=DIRECTION('',(0.,0.,-1.));
#4903=DIRECTION('',(0.,-1.,1.14784090164829E-15));
#4904=DIRECTION('',(0.,-1.14784090164829E-15,-1.));
#4905=DIRECTION('',(-1.,0.,0.));
#4906=DIRECTION('',(0.,1.14784090164829E-15,1.));
#4907=DIRECTION('',(-1.,0.,0.));
#4908=DIRECTION('',(0.,0.,1.));
#4909=DIRECTION('',(0.,-1.,0.));
#4910=DIRECTION('',(0.,0.,-1.));
#4911=DIRECTION('',(-1.,0.,0.));
#4912=DIRECTION('',(0.,-1.,0.));
#4913=DIRECTION('',(0.,0.,-1.));
#4914=DIRECTION('',(0.,0.,1.));
#4915=DIRECTION('',(0.,0.,1.));
#4916=DIRECTION('',(-1.,0.,0.));
#4917=DIRECTION('',(0.,0.,-1.));
#4918=DIRECTION('',(-1.,0.,0.));
#4919=DIRECTION('',(0.,0.,-1.));
#4920=DIRECTION('',(1.,0.,0.));
#4921=DIRECTION('',(0.,0.,1.));
#4922=DIRECTION('',(0.,0.,1.));
#4923=DIRECTION('',(0.,1.,0.));
#4924=DIRECTION('',(0.,0.,1.));
#4925=DIRECTION('',(1.,0.,0.));
#4926=DIRECTION('',(0.,1.,0.));
#4927=DIRECTION('',(0.,0.,1.));
#4928=DIRECTION('',(0.,0.,1.));
#4929=DIRECTION('',(1.,0.,0.));
#4930=DIRECTION('',(0.,0.,1.));
#4931=DIRECTION('',(1.,0.,0.));
#4932=DIRECTION('',(0.,1.,0.));
#4933=DIRECTION('',(0.,0.,1.));
#4934=DIRECTION('',(0.,0.,-1.));
#4935=DIRECTION('',(0.,1.,0.));
#4936=DIRECTION('',(0.,0.,1.));
#4937=DIRECTION('',(1.,0.,0.));
#4938=DIRECTION('',(0.,0.,1.));
#4939=DIRECTION('',(1.,0.,0.));
#4940=DIRECTION('',(0.,0.,1.));
#4941=DIRECTION('',(1.,0.,0.));
#4942=DIRECTION('',(0.,-1.,0.));
#4943=DIRECTION('',(-1.,0.,0.));
#4944=DIRECTION('',(0.,1.,0.));
#4945=DIRECTION('',(1.,0.,0.));
#4946=DIRECTION('',(0.,-1.,0.));
#4947=DIRECTION('',(-1.,0.,0.));
#4948=DIRECTION('',(0.,1.,0.));
#4949=DIRECTION('',(1.,0.,0.));
#4950=DIRECTION('',(0.,-1.,0.));
#4951=DIRECTION('',(-1.,0.,0.));
#4952=DIRECTION('',(0.,1.,0.));
#4953=DIRECTION('',(1.,0.,0.));
#4954=DIRECTION('',(0.,1.,0.));
#4955=DIRECTION('',(-1.,0.,0.));
#4956=DIRECTION('',(1.,-1.08420217248551E-15,0.));
#4957=DIRECTION('',(9.91270557701032E-16,1.,0.));
#4958=DIRECTION('',(1.,0.,0.));
#4959=DIRECTION('',(0.,-1.,0.));
#4960=DIRECTION('',(-1.,0.,0.));
#4961=DIRECTION('',(-1.08420217248551E-15,-1.,0.));
#4962=DIRECTION('',(1.,-1.08420217248551E-15,0.));
#4963=DIRECTION('',(1.,0.,0.));
#4964=DIRECTION('',(-1.08420217248551E-15,-1.,0.));
#4965=DIRECTION('',(1.,-1.08420217248551E-15,0.));
#4966=DIRECTION('',(0.,0.,1.));
#4967=DIRECTION('',(-1.08420217248551E-15,-1.,0.));
#4968=DIRECTION('',(1.,-1.08420217248551E-15,0.));
#4969=DIRECTION('',(1.,-9.91270557701032E-16,0.));
#4970=DIRECTION('',(9.91270557701032E-16,1.,0.));
#4971=DIRECTION('',(9.91270557701032E-16,1.,0.));
#4972=DIRECTION('',(-9.91270557701032E-16,-1.,0.));
#4973=DIRECTION('',(0.,0.,-1.));
#4974=DIRECTION('',(0.,1.,0.));
#4975=DIRECTION('',(0.,0.,1.));
#4976=DIRECTION('',(0.,0.,-1.));
#4977=DIRECTION('',(0.,0.,1.));
#4978=DIRECTION('',(1.,0.,0.));
#4979=DIRECTION('',(0.,0.,1.));
#4980=DIRECTION('',(1.,0.,0.));
#4981=DIRECTION('',(9.91270557701032E-16,1.,0.));
#4982=DIRECTION('',(0.,-1.,0.));
#4983=DIRECTION('',(-1.,0.,0.));
#4984=DIRECTION('',(0.,0.,1.));
#4985=DIRECTION('',(0.,0.,1.));
#4986=DIRECTION('',(0.,-1.,0.));
#4987=DIRECTION('',(0.,0.,1.));
#4988=DIRECTION('',(0.,-1.,0.));
#4989=DIRECTION('',(0.,0.,-1.));
#4990=DIRECTION('',(0.,0.,1.));
#4991=DIRECTION('',(1.,0.,0.));
#4992=DIRECTION('',(1.,0.,0.));
#4993=DIRECTION('',(0.,0.,-1.));
#4994=DIRECTION('',(0.,0.,1.));
#4995=DIRECTION('',(0.,1.,0.));
#4996=DIRECTION('',(0.,1.,0.));
#4997=DIRECTION('',(0.,0.,1.));
#4998=DIRECTION('',(-1.,0.,0.));
#4999=DIRECTION('',(0.,0.,1.));
#5000=DIRECTION('',(1.,0.,0.));
#5001=DIRECTION('',(-1.,0.,0.));
#5002=DIRECTION('',(0.,0.,1.));
#5003=DIRECTION('',(0.,0.,1.));
#5004=DIRECTION('',(0.,-1.,0.));
#5005=DIRECTION('',(0.,0.,1.));
#5006=DIRECTION('',(0.,-1.,0.));
#5007=DIRECTION('',(0.,0.,-1.));
#5008=DIRECTION('',(0.,0.,1.));
#5009=DIRECTION('',(1.,0.,0.));
#5010=DIRECTION('',(1.,0.,0.));
#5011=DIRECTION('',(0.,0.,-1.));
#5012=DIRECTION('',(0.,0.,1.));
#5013=DIRECTION('',(0.,1.,0.));
#5014=DIRECTION('',(0.,1.,0.));
#5015=DIRECTION('',(0.,0.,1.));
#5016=DIRECTION('',(-1.,0.,0.));
#5017=DIRECTION('',(0.,0.,1.));
#5018=DIRECTION('',(1.,0.,0.));
#5019=DIRECTION('',(-1.,0.,0.));
#5020=DIRECTION('',(0.,0.,1.));
#5021=DIRECTION('',(0.,0.,1.));
#5022=DIRECTION('',(0.,-1.,0.));
#5023=DIRECTION('',(0.,0.,1.));
#5024=DIRECTION('',(0.,-1.,0.));
#5025=DIRECTION('',(0.,0.,-1.));
#5026=DIRECTION('',(0.,0.,1.));
#5027=DIRECTION('',(1.,0.,0.));
#5028=DIRECTION('',(1.,0.,0.));
#5029=DIRECTION('',(0.,0.,-1.));
#5030=DIRECTION('',(0.,0.,1.));
#5031=DIRECTION('',(0.,1.,0.));
#5032=DIRECTION('',(0.,1.,0.));
#5033=DIRECTION('',(0.,0.,1.));
#5034=DIRECTION('',(-1.,0.,0.));
#5035=DIRECTION('',(0.,0.,1.));
#5036=DIRECTION('',(1.,0.,0.));
#5037=DIRECTION('',(0.,0.,1.));
#5038=DIRECTION('',(1.,0.,0.));
#5039=DIRECTION('',(-1.,0.,0.));
#5040=DIRECTION('',(0.,1.,0.));
#5041=DIRECTION('',(0.,-2.72773366644008E-15,-1.));
#5042=DIRECTION('',(0.,1.,-2.72773366644008E-15));
#5043=DIRECTION('',(0.,-1.,2.72773366644008E-15));
#5044=DIRECTION('',(-1.,0.,0.));
#5045=DIRECTION('',(0.,-1.,2.72773366644008E-15));
#5046=DIRECTION('',(1.,0.,0.));
#5047=DIRECTION('',(0.,0.,-1.));
#5048=DIRECTION('',(0.,1.,0.));
#5049=DIRECTION('',(0.,0.,1.));
#5050=DIRECTION('',(0.,-0.707106781186546,0.707106781186549));
#5051=DIRECTION('',(0.,-0.581397693285012,-0.81361951933497));
#5052=DIRECTION('',(1.,0.,0.));
#5053=DIRECTION('',(0.,0.,-1.));
#5054=DIRECTION('',(0.,-1.,2.17778780369267E-15));
#5055=DIRECTION('',(0.,1.,-3.36814359860181E-15));
#5056=DIRECTION('',(0.,3.36814359860181E-15,1.));
#5057=DIRECTION('',(0.,-3.36814359860181E-15,-1.));
#5058=DIRECTION('',(0.,0.,-1.));
#5059=DIRECTION('',(0.,1.,0.));
#5060=DIRECTION('',(0.,0.,1.));
#5061=DIRECTION('',(-1.,0.,0.));
#5062=DIRECTION('',(0.,1.,0.));
#5063=DIRECTION('',(0.,0.,1.));
#5064=DIRECTION('',(0.,0.,-1.));
#5065=DIRECTION('',(0.,0.,1.));
#5066=DIRECTION('',(1.,0.,0.));
#5067=DIRECTION('',(-1.,0.,0.));
#5068=DIRECTION('',(0.,1.,0.));
#5069=DIRECTION('',(-1.,0.,0.));
#5070=DIRECTION('',(0.,1.,0.));
#5071=DIRECTION('',(0.,-1.,0.));
#5072=DIRECTION('',(0.,0.,-1.));
#5073=DIRECTION('',(-1.,0.,0.));
#5074=DIRECTION('',(0.,0.,1.));
#5075=DIRECTION('',(-1.,0.,0.));
#5076=DIRECTION('',(0.,0.,1.));
#5077=DIRECTION('',(0.,-0.707106781186549,-0.707106781186546));
#5078=DIRECTION('',(0.,0.707106781186546,-0.707106781186549));
#5079=DIRECTION('',(-1.,0.,0.));
#5080=DIRECTION('',(0.,-0.707106781186546,0.707106781186549));
#5081=DIRECTION('',(-1.,0.,0.));
#5082=DIRECTION('',(0.,-0.707106781186546,0.707106781186549));
#5083=DIRECTION('',(0.,0.81361951933497,-0.581397693285011));
#5084=DIRECTION('',(0.,0.581397693285012,0.81361951933497));
#5085=DIRECTION('',(-1.,0.,0.));
#5086=DIRECTION('',(0.,-0.581397693285012,-0.81361951933497));
#5087=DIRECTION('',(-1.,0.,0.));
#5088=DIRECTION('',(0.,-0.581397693285012,-0.81361951933497));
#5089=DIRECTION('',(0.,-2.17778780369267E-15,-1.));
#5090=DIRECTION('',(0.,1.,-2.17778780369267E-15));
#5091=DIRECTION('',(-1.,0.,0.));
#5092=DIRECTION('',(0.,-1.,2.17778780369267E-15));
#5093=DIRECTION('',(-1.,0.,0.));
#5094=DIRECTION('',(0.,-1.,2.17778780369267E-15));
#5095=DIRECTION('',(1.,0.,0.));
#5096=DIRECTION('',(0.,0.,-1.));
#5097=DIRECTION('',(1.,0.,0.));
#5098=DIRECTION('',(0.,0.,-1.));
#5099=DIRECTION('',(0.,1.14784090164829E-15,1.));
#5100=DIRECTION('',(0.,1.,0.));
#5101=DIRECTION('',(0.,-3.36814359860181E-15,-1.));
#5102=DIRECTION('',(0.,-1.,2.72773366644008E-15));
#5103=DIRECTION('',(0.,1.14784090164829E-15,1.));
#5104=DIRECTION('',(1.,0.,0.));
#5105=DIRECTION('',(0.,0.,-1.));
#5106=DIRECTION('',(0.,-1.,2.17778780369267E-15));
#5107=DIRECTION('',(1.,0.,0.));
#5108=DIRECTION('',(0.,0.,-1.));
#5109=DIRECTION('',(0.,-0.581397693285012,-0.81361951933497));
#5110=DIRECTION('',(0.,-0.707106781186546,0.707106781186549));
#5111=DIRECTION('',(0.,0.,1.));
#5112=DIRECTION('',(0.,1.,0.));
#5113=DIRECTION('',(1.,0.,0.));
#5114=DIRECTION('',(0.,0.,-1.));
#5115=DIRECTION('',(0.,-1.,0.));
#5116=DIRECTION('',(0.,0.,-1.));
#5117=DIRECTION('',(-1.,0.,0.));
#5118=DIRECTION('',(0.,-1.,0.));
#5119=DIRECTION('',(0.,-1.,0.));
#5120=DIRECTION('',(0.,-1.,0.));
#5121=DIRECTION('',(0.,0.,-1.));
#5122=DIRECTION('',(1.,0.,0.));
#5123=DIRECTION('',(0.,0.,-1.));
#5124=DIRECTION('',(0.,-1.,0.));
#5125=DIRECTION('',(0.,-1.,0.));
#5126=DIRECTION('',(0.,1.,0.));
#5127=DIRECTION('',(0.,0.,1.));
#5128=DIRECTION('',(1.,0.,0.));
#5129=DIRECTION('',(0.,0.,-1.));
#5130=DIRECTION('',(0.,1.,0.));
#5131=DIRECTION('',(0.,0.,-1.));
#5132=DIRECTION('',(0.,1.,0.));
#5133=DIRECTION('',(0.,0.,1.));
#5134=DIRECTION('',(1.,0.,0.));
#5135=DIRECTION('',(0.0523359562429426,-0.998629534754574,0.));
#5136=DIRECTION('',(0.,0.,1.));
#5137=DIRECTION('',(1.,0.,0.));
#5138=DIRECTION('',(1.,0.,0.));
#5139=DIRECTION('',(0.,0.,1.));
#5140=DIRECTION('',(1.,0.,0.));
#5141=DIRECTION('',(0.,1.,0.));
#5142=DIRECTION('',(0.,1.,0.));
#5143=DIRECTION('',(0.,0.,1.));
#5144=DIRECTION('',(1.,0.,0.));
#5145=DIRECTION('',(0.,0.,1.));
#5146=DIRECTION('',(1.,0.,0.));
#5147=DIRECTION('',(0.0523359562429426,0.998629534754574,0.));
#5148=DIRECTION('',(1.,0.,0.));
#5149=DIRECTION('',(-0.0523359562429426,-0.998629534754574,0.));
#5150=DIRECTION('',(-1.,0.,0.));
#5151=DIRECTION('',(0.849408897208383,0.527735279608288,0.));
#5152=DIRECTION('',(0.,-1.,0.));
#5153=DIRECTION('',(1.,2.25870506389289E-15,0.));
#5154=DIRECTION('',(0.,1.,0.));
#5155=DIRECTION('',(-1.,-2.25514051876985E-15,0.));
#5156=DIRECTION('',(0.,1.,0.));
#5157=DIRECTION('',(1.,2.25870506389289E-15,0.));
#5158=DIRECTION('',(0.,-1.,0.));
#5159=DIRECTION('',(-0.849408897208383,-0.527735279608288,0.));
#5160=DIRECTION('',(1.,0.,0.));
#5161=DIRECTION('',(0.,1.,0.));
#5162=DIRECTION('',(0.,-1.,0.));
#5163=DIRECTION('',(-1.,0.,0.));
#5164=DIRECTION('',(-0.849408897208383,0.527735279608288,0.));
#5165=DIRECTION('',(0.,1.,0.));
#5166=DIRECTION('',(1.,-2.25870506389289E-15,0.));
#5167=DIRECTION('',(0.,1.,0.));
#5168=DIRECTION('',(1.,-2.25514051876985E-15,0.));
#5169=DIRECTION('',(0.,1.,0.));
#5170=DIRECTION('',(1.,-2.25870506389289E-15,0.));
#5171=DIRECTION('',(0.,-1.,0.));
#5172=DIRECTION('',(-0.849408897208383,0.527735279608288,0.));
#5173=DIRECTION('',(1.,0.,0.));
#5174=DIRECTION('',(0.0523359562429426,-0.998629534754574,0.));
#5175=DIRECTION('',(-1.,0.,0.));
#5176=DIRECTION('',(0.,-1.,0.));
#5177=DIRECTION('',(0.,0.,-1.));
#5178=DIRECTION('',(1.,0.,0.));
#5179=DIRECTION('',(0.,0.,-1.));
#5180=DIRECTION('',(1.,0.,0.));
#5181=DIRECTION('',(0.,0.,-1.));
#5182=DIRECTION('',(0.,-1.,0.));
#5183=DIRECTION('',(0.,0.,-1.));
#5184=DIRECTION('',(1.,0.,0.));
#5185=DIRECTION('',(0.,-1.,0.));
#5186=DIRECTION('',(0.,0.,-1.));
#5187=DIRECTION('',(0.,0.,-1.));
#5188=DIRECTION('',(0.,0.,1.));
#5189=DIRECTION('',(1.,0.,0.));
#5190=DIRECTION('',(0.,-1.,0.));
#5191=DIRECTION('',(0.,-1.,0.));
#5192=DIRECTION('',(1.,0.,0.));
#5193=DIRECTION('',(0.,0.,-1.));
#5194=DIRECTION('',(0.,-1.,2.72773366644008E-15));
#5195=DIRECTION('',(0.,-1.,0.));
#5196=DIRECTION('',(0.,-1.,0.));
#5197=DIRECTION('',(0.,0.,-1.));
#5198=DIRECTION('',(-1.,0.,0.));
#5199=DIRECTION('',(0.,0.,1.));
#5200=DIRECTION('',(0.,-1.,0.));
#5201=DIRECTION('',(0.,-1.,0.));
#5202=DIRECTION('',(0.,0.,-1.));
#5203=DIRECTION('',(0.,0.,-1.));
#5204=DIRECTION('',(-1.,0.,0.));
#5205=DIRECTION('',(0.,1.,0.));
#5206=DIRECTION('',(0.,0.,-1.));
#5207=DIRECTION('',(-1.,0.,0.));
#5208=DIRECTION('',(0.,1.,0.));
#5209=DIRECTION('',(1.,0.,0.));
#5210=DIRECTION('',(0.,1.,0.));
#5211=DIRECTION('',(0.,1.,0.));
#5212=DIRECTION('',(0.,0.,1.));
#5213=DIRECTION('',(0.,0.,1.));
#5214=DIRECTION('',(1.,0.,0.));
#5215=DIRECTION('',(0.,0.,1.));
#5216=DIRECTION('',(1.,0.,0.));
#5217=DIRECTION('',(0.,0.707106781186549,0.707106781186546));
#5218=DIRECTION('',(0.,-0.707106781186546,0.707106781186549));
#5219=DIRECTION('',(1.,0.,0.));
#5220=DIRECTION('',(0.,-0.707106781186546,0.707106781186549));
#5221=DIRECTION('',(1.,0.,0.));
#5222=DIRECTION('',(0.,-0.707106781186546,0.707106781186549));
#5223=DIRECTION('',(0.,-0.81361951933497,0.581397693285011));
#5224=DIRECTION('',(0.,-0.581397693285012,-0.81361951933497));
#5225=DIRECTION('',(1.,0.,0.));
#5226=DIRECTION('',(0.,-0.581397693285012,-0.81361951933497));
#5227=DIRECTION('',(1.,0.,0.));
#5228=DIRECTION('',(0.,-0.581397693285012,-0.81361951933497));
#5229=DIRECTION('',(0.,2.17778780369267E-15,1.));
#5230=DIRECTION('',(0.,-1.,2.17778780369267E-15));
#5231=DIRECTION('',(0.,-1.,2.17778780369267E-15));
#5232=DIRECTION('',(1.,0.,0.));
#5233=DIRECTION('',(0.,-1.,2.17778780369267E-15));
#5234=DIRECTION('',(1.,0.,0.));
#5235=DIRECTION('',(0.,2.72773366644008E-15,1.));
#5236=DIRECTION('',(0.,-1.,2.72773366644008E-15));
#5237=DIRECTION('',(0.,-1.,2.72773366644008E-15));
#5238=DIRECTION('',(1.,0.,0.));
#5239=DIRECTION('',(0.,0.,-1.));
#5240=DIRECTION('',(0.,-1.,2.17778780369267E-15));
#5241=DIRECTION('',(1.,0.,0.));
#5242=DIRECTION('',(0.,0.,-1.));
#5243=DIRECTION('',(0.,-0.581397693285012,-0.81361951933497));
#5244=DIRECTION('',(0.,-0.707106781186546,0.707106781186549));
#5245=DIRECTION('',(0.,0.,1.));
#5246=DIRECTION('',(0.,1.,0.));
#5247=DIRECTION('',(1.,0.,0.));
#5248=DIRECTION('',(0.,0.,-1.));
#5249=DIRECTION('',(0.,0.,-1.));
#5250=DIRECTION('',(0.,1.,0.));
#5251=DIRECTION('',(0.,0.,1.));
#5252=DIRECTION('',(0.,1.,0.));
#5253=DIRECTION('',(0.,0.,1.));
#5254=DIRECTION('',(0.,-0.707106781186546,0.707106781186549));
#5255=DIRECTION('',(0.,-0.581397693285012,-0.81361951933497));
#5256=DIRECTION('',(1.,0.,0.));
#5257=DIRECTION('',(0.,0.,-1.));
#5258=DIRECTION('',(0.,-1.,2.17778780369267E-15));
#5259=DIRECTION('',(1.,0.,0.));
#5260=DIRECTION('',(0.,0.,-1.));
#5261=DIRECTION('',(0.,0.,1.));
#5262=DIRECTION('',(0.,-1.,2.72773366644008E-15));
#5263=DIRECTION('',(1.,0.,0.));
#5264=DIRECTION('',(0.,0.,-1.));
#5265=DIRECTION('',(0.,1.,0.));
#5266=DIRECTION('',(0.,0.,-1.));
#5267=DIRECTION('',(0.,0.,-1.));
#5268=DIRECTION('',(-1.,0.,0.));
#5269=DIRECTION('',(-1.,0.,0.));
#5270=DIRECTION('',(0.,0.,-1.));
#5271=DIRECTION('',(-1.,0.,0.));
#5272=DIRECTION('',(-0.0523359562429426,0.998629534754574,0.));
#5273=DIRECTION('',(-1.,-2.31296463463574E-15,0.));
#5274=DIRECTION('',(-0.0523359562429426,-0.998629534754574,0.));
#5275=DIRECTION('',(0.,0.,-1.));
#5276=DIRECTION('',(-1.,0.,0.));
#5277=DIRECTION('',(0.,0.,-1.));
#5278=DIRECTION('',(-1.,0.,0.));
#5279=DIRECTION('',(0.,0.,-1.));
#5280=DIRECTION('',(-1.,0.,0.));
#5281=DIRECTION('',(0.,1.,0.));
#5282=DIRECTION('',(0.,0.,1.));
#5283=DIRECTION('',(0.,0.,1.));
#5284=DIRECTION('',(0.,0.,-1.));
#5285=DIRECTION('',(-2.25870506389289E-15,-1.,0.));
#5286=DIRECTION('',(1.,-2.25870506389289E-15,0.));
#5287=DIRECTION('',(0.,0.,1.));
#5288=DIRECTION('',(-2.25870506389289E-15,-1.,0.));
#5289=DIRECTION('',(1.,-2.25870506389289E-15,0.));
#5290=DIRECTION('',(0.,0.,1.));
#5291=DIRECTION('',(2.25870506389289E-15,-1.,0.));
#5292=DIRECTION('',(-1.,-2.25870506389289E-15,0.));
#5293=DIRECTION('',(0.,1.,0.));
#5294=DIRECTION('',(0.,0.,1.));
#5295=DIRECTION('',(0.,0.,1.));
#5296=DIRECTION('',(0.,0.,1.));
#5297=DIRECTION('',(0.,0.,1.));
#5298=DIRECTION('',(0.422618261740697,-0.906307787036651,0.));
#5299=DIRECTION('',(0.906307787036651,0.422618261740697,0.));
#5300=DIRECTION('',(0.,0.,1.));
#5301=DIRECTION('',(0.,0.,1.));
#5302=DIRECTION('',(-2.25870506389289E-15,-1.,0.));
#5303=DIRECTION('',(1.,-2.25870506389289E-15,0.));
#5304=DIRECTION('',(0.422618261740697,-0.906307787036651,0.));
#5305=DIRECTION('',(0.906307787036651,0.422618261740697,0.));
#5306=DIRECTION('',(0.,0.,1.));
#5307=DIRECTION('',(0.527735279608288,0.849408897208383,0.));
#5308=DIRECTION('',(-0.849408897208383,0.527735279608288,0.));
#5309=DIRECTION('',(0.527735279608288,0.849408897208383,0.));
#5310=DIRECTION('',(-0.849408897208383,0.527735279608288,0.));
#5311=DIRECTION('',(0.,0.,1.));
#5312=DIRECTION('',(1.,0.,0.));
#5313=DIRECTION('',(0.,0.,-1.));
#5314=DIRECTION('',(0.,1.,0.));
#5315=DIRECTION('',(0.981627183447663,-0.190808995376548,0.));
#5316=DIRECTION('',(0.190808995376548,0.981627183447663,0.));
#5317=DIRECTION('',(0.,0.,-1.));
#5318=DIRECTION('',(0.,0.,1.));
#5319=DIRECTION('',(-2.19224885678589E-15,-1.,0.));
#5320=DIRECTION('',(1.,-2.19224885678589E-15,0.));
#5321=DIRECTION('',(0.,0.,1.));
#5322=DIRECTION('',(1.,-2.09989456995732E-15,-1.39364972476291E-15));
#5323=DIRECTION('',(0.,0.,1.));
#5324=DIRECTION('',(-1.,2.19224885678589E-15,1.01101228234033E-15));
#5325=DIRECTION('',(0.,0.,-1.));
#5326=DIRECTION('',(0.,-1.,0.));
#5327=DIRECTION('',(0.,-1.,0.));
#5328=DIRECTION('',(0.,-1.,0.));
#5329=DIRECTION('',(1.01101228234033E-15,0.,1.));
#5330=DIRECTION('',(1.,0.,-1.01101228234033E-15));
#5331=DIRECTION('',(-0.0523359562429426,0.998629534754574,5.18626718568068E-17));
#5332=DIRECTION('',(-1.,0.,9.90956802548161E-16));
#5333=DIRECTION('',(-0.515038074910053,0.857167300702113,5.10380483903426E-16));
#5334=DIRECTION('',(-0.857167300702113,-0.515038074910053,0.));
#5335=DIRECTION('',(0.515038074910053,-0.857167300702113,0.));
#5336=DIRECTION('',(-0.447668650696838,0.745045750246292,0.494469017455302));
#5337=DIRECTION('',(0.,0.,1.));
#5338=DIRECTION('',(-0.998629534754574,-0.0523359562429426,0.));
#5339=DIRECTION('',(0.0523359562429426,-0.998629534754574,0.));
#5340=DIRECTION('',(0.,0.,1.));
#5341=DIRECTION('',(-0.0436245159526832,0.832405351829149,0.552447492395509));
#5342=DIRECTION('',(-0.998629534754574,-0.0523359562429426,0.));
#5343=DIRECTION('',(-0.0523359562429426,0.998629534754574,0.));
#5344=DIRECTION('',(0.527735279608288,0.849408897208383,0.));
#5345=DIRECTION('',(-0.849408897208383,0.527735279608288,0.));
#5346=DIRECTION('',(0.,0.,-1.));
#5347=DIRECTION('',(0.,1.,0.));
#5348=DIRECTION('',(0.,0.,1.));
#5349=DIRECTION('',(0.,-0.552973924871636,0.833198558815399));
#5350=DIRECTION('',(0.,-0.833198558815399,-0.552973924871636));
#5351=DIRECTION('',(0.0436245159526832,-0.832405351829149,-0.552447492395509));
#5352=DIRECTION('',(-1.,0.,0.));
#5353=DIRECTION('',(0.,-0.552973924871636,0.833198558815399));
#5354=DIRECTION('',(0.,0.833198558815399,0.552973924871636));
#5355=DIRECTION('',(-2.25514051876985E-15,-1.,0.));
#5356=DIRECTION('',(1.,-2.25514051876985E-15,0.));
#5357=DIRECTION('',(0.,0.,-1.));
#5358=DIRECTION('',(-0.889363920594847,1.96257812416312E-12,-0.457199974567106));
#5359=DIRECTION('',(-0.457199974567106,0.,0.889363920594847));
#5360=DIRECTION('',(0.821518763320497,0.383080490654369,0.422322458782824));
#5361=DIRECTION('',(0.457199974568855,0.,-0.889363920593948));
#5362=DIRECTION('',(0.457199974568858,6.50521303491302E-15,-0.889363920593947));
#5363=DIRECTION('',(-0.889363920593947,0.,-0.457199974568858));
#5364=DIRECTION('',(1.60340056062035E-14,-6.95364148475625E-29,1.));
#5365=DIRECTION('',(1.,0.,-1.60340056062035E-14));
#5366=DIRECTION('',(0.,0.,-1.));
#5367=DIRECTION('',(-1.,0.,0.));
#5368=DIRECTION('',(0.,0.,1.));
#5369=DIRECTION('',(1.,0.,0.));
#5370=DIRECTION('',(0.,0.,-1.));
#5371=DIRECTION('',(-1.,0.,0.));
#5372=DIRECTION('',(0.,0.,-1.));
#5373=DIRECTION('',(-1.,0.,0.));
#5374=DIRECTION('',(0.,0.,1.));
#5375=DIRECTION('',(1.,0.,0.));
#5376=DIRECTION('',(0.,1.,0.));
#5377=DIRECTION('',(0.,0.,1.));
#5378=DIRECTION('',(0.,1.,0.));
#5379=DIRECTION('',(0.,0.,1.));
#5380=DIRECTION('',(0.,0.,1.));
#5381=DIRECTION('',(0.,0.,1.));
#5382=DIRECTION('',(0.,0.,1.));
#5383=DIRECTION('',(-0.422618261740697,-0.906307787036651,0.));
#5384=DIRECTION('',(-0.906307787036651,0.422618261740697,0.));
#5385=DIRECTION('',(0.,0.,1.));
#5386=DIRECTION('',(0.,0.,1.));
#5387=DIRECTION('',(2.25870506389289E-15,-1.,0.));
#5388=DIRECTION('',(-1.,-2.25870506389289E-15,0.));
#5389=DIRECTION('',(0.,0.,1.));
#5390=DIRECTION('',(-2.25870506389289E-15,1.,0.));
#5391=DIRECTION('',(-1.,-2.25870506389289E-15,0.));
#5392=DIRECTION('',(0.,0.,1.));
#5393=DIRECTION('',(-0.422618261740697,-0.906307787036651,0.));
#5394=DIRECTION('',(-0.906307787036651,0.422618261740697,0.));
#5395=DIRECTION('',(0.,0.,1.));
#5396=DIRECTION('',(-0.527735279608288,0.849408897208383,0.));
#5397=DIRECTION('',(0.849408897208383,0.527735279608288,0.));
#5398=DIRECTION('',(0.,0.,1.));
#5399=DIRECTION('',(0.527735279608288,-0.849408897208383,0.));
#5400=DIRECTION('',(0.849408897208383,0.527735279608288,0.));
#5401=DIRECTION('',(0.,0.,1.));
#5402=DIRECTION('',(-1.,0.,0.));
#5403=DIRECTION('',(0.,0.,-1.));
#5404=DIRECTION('',(0.,1.,0.));
#5405=DIRECTION('',(-0.981627183447663,-0.190808995376548,0.));
#5406=DIRECTION('',(-0.190808995376548,0.981627183447663,0.));
#5407=DIRECTION('',(0.,0.,1.));
#5408=DIRECTION('',(0.,0.,-1.));
#5409=DIRECTION('',(2.19224885678589E-15,-1.,0.));
#5410=DIRECTION('',(-1.,-2.19224885678589E-15,0.));
#5411=DIRECTION('',(0.,0.,-1.));
#5412=DIRECTION('',(1.,2.19224885678589E-15,1.01101228234033E-15));
#5413=DIRECTION('',(0.,0.,1.));
#5414=DIRECTION('',(-1.,-2.09989456995732E-15,-1.39364972476291E-15));
#5415=DIRECTION('',(0.,0.,1.));
#5416=DIRECTION('',(0.857167300702113,-0.515038074910053,0.));
#5417=DIRECTION('',(-0.515038074910053,-0.857167300702113,0.));
#5418=DIRECTION('',(0.447668650696838,0.745045750246292,0.494469017455302));
#5419=DIRECTION('',(0.,0.,1.));
#5420=DIRECTION('',(0.,0.,1.));
#5421=DIRECTION('',(0.,-1.,0.));
#5422=DIRECTION('',(0.,-1.,0.));
#5423=DIRECTION('',(0.,-1.,0.));
#5424=DIRECTION('',(-1.01101228234033E-15,0.,1.));
#5425=DIRECTION('',(-1.,0.,-1.01101228234033E-15));
#5426=DIRECTION('',(0.0523359562429426,0.998629534754574,5.18626718568068E-17));
#5427=DIRECTION('',(0.515038074910053,0.857167300702113,5.10380483903426E-16));
#5428=DIRECTION('',(1.,0.,9.90956802548161E-16));
#5429=DIRECTION('',(0.857167300702113,-0.515038074910053,0.));
#5430=DIRECTION('',(-0.515038074910053,-0.857167300702113,0.));
#5431=DIRECTION('',(0.,0.,1.));
#5432=DIRECTION('',(0.447668650696838,0.745045750246292,0.494469017455302));
#5433=DIRECTION('',(0.998629534754574,-0.0523359562429426,0.));
#5434=DIRECTION('',(-0.0523359562429426,-0.998629534754574,0.));
#5435=DIRECTION('',(0.998629534754574,-0.0523359562429426,0.));
#5436=DIRECTION('',(0.0523359562429426,0.998629534754574,0.));
#5437=DIRECTION('',(0.0436245159526832,0.832405351829149,0.552447492395509));
#5438=DIRECTION('',(0.,0.,1.));
#5439=DIRECTION('',(-0.527735279608288,0.849408897208383,0.));
#5440=DIRECTION('',(0.849408897208383,0.527735279608288,0.));
#5441=DIRECTION('',(0.,0.,-1.));
#5442=DIRECTION('',(0.,1.,0.));
#5443=DIRECTION('',(0.,0.,1.));
#5444=DIRECTION('',(0.,-0.552973924871636,0.833198558815399));
#5445=DIRECTION('',(0.,-0.833198558815399,-0.552973924871636));
#5446=DIRECTION('',(1.,0.,0.));
#5447=DIRECTION('',(0.0436245159526832,0.832405351829149,0.552447492395509));
#5448=DIRECTION('',(0.,0.552973924871636,-0.833198558815399));
#5449=DIRECTION('',(0.,0.833198558815399,0.552973924871636));
#5450=DIRECTION('',(2.25514051876985E-15,-1.,0.));
#5451=DIRECTION('',(-1.,-2.25514051876985E-15,0.));
#5452=DIRECTION('',(0.,0.,-1.));
#5453=DIRECTION('',(-0.889363920594847,-1.96257812416312E-12,0.457199974567106));
#5454=DIRECTION('',(0.457199974567106,0.,0.889363920594847));
#5455=DIRECTION('',(0.821518763320497,-0.383080490654369,-0.422322458782824));
#5456=DIRECTION('',(-0.457199974568855,0.,-0.889363920593948));
#5457=DIRECTION('',(-0.457199974568858,6.50521303491302E-15,-0.889363920593947));
#5458=DIRECTION('',(0.889363920593947,0.,-0.457199974568858));
#5459=DIRECTION('',(1.60340056062035E-14,6.95364148475625E-29,-1.));
#5460=DIRECTION('',(-1.,0.,-1.60340056062035E-14));
#5461=DIRECTION('',(0.,0.,-1.));
#5462=DIRECTION('',(1.,0.,0.));
#5463=DIRECTION('',(0.,0.,1.));
#5464=DIRECTION('',(-1.,0.,0.));
#5465=DIRECTION('',(0.,0.,-1.));
#5466=DIRECTION('',(1.,0.,0.));
#5467=DIRECTION('',(0.,0.,-1.));
#5468=DIRECTION('',(1.,0.,0.));
#5469=DIRECTION('',(0.,0.,1.));
#5470=DIRECTION('',(-1.,0.,0.));
#5471=DIRECTION('',(0.,1.,0.));
#5472=DIRECTION('',(0.,0.,1.));
#5473=DIRECTION('',(-1.,0.,0.));
#5474=DIRECTION('',(0.,0.,1.));
#5475=DIRECTION('',(1.,0.,0.));
#5476=DIRECTION('',(0.,0.,-1.));
#5477=DIRECTION('',(0.,1.,0.));
#5478=DIRECTION('',(0.,0.,1.));
#5479=DIRECTION('',(-1.,0.,0.));
#5480=DIRECTION('',(0.,0.,1.));
#5481=DIRECTION('',(1.,0.,0.));
#5482=DIRECTION('',(0.,0.,-1.));
#5483=DIRECTION('',(1.,0.,0.));
#5484=DIRECTION('',(0.,0.,-1.));
#5485=DIRECTION('',(1.,0.,0.));
#5486=DIRECTION('',(0.,0.,-1.));
#5487=DIRECTION('',(1.,0.,0.));
#5488=DIRECTION('',(0.,0.,-1.));
#5489=DIRECTION('',(-1.,0.,0.));
#5490=DIRECTION('',(0.,0.,1.));
#5491=DIRECTION('',(-1.,0.,0.));
#5492=DIRECTION('',(0.,0.,1.));
#5493=DIRECTION('',(-1.,0.,0.));
#5494=DIRECTION('',(0.,0.,1.));
#5495=DIRECTION('',(-1.,0.,0.));
#5496=DIRECTION('',(0.,0.,1.));
#5497=DIRECTION('',(-1.,0.,0.));
#5498=DIRECTION('',(0.,0.,1.));
#5499=DIRECTION('',(-1.,0.,0.));
#5500=DIRECTION('',(0.,0.,1.));
#5501=DIRECTION('',(-1.,0.,0.));
#5502=DIRECTION('',(0.,0.,1.));
#5503=DIRECTION('',(-1.,0.,0.));
#5504=DIRECTION('',(0.,0.,1.));
#5505=DIRECTION('',(-1.,0.,0.));
#5506=DIRECTION('',(0.,0.,1.));
#5507=DIRECTION('',(1.,0.,0.));
#5508=DIRECTION('',(0.,0.,-1.));
#5509=DIRECTION('',(0.,-1.,0.));
#5510=DIRECTION('',(0.,0.,-1.));
#5511=DIRECTION('',(0.,0.581397693285008,0.813619519334972));
#5512=DIRECTION('',(0.,-0.813619519334972,0.581397693285008));
#5513=DIRECTION('',(0.,-1.,1.14784090164829E-15));
#5514=DIRECTION('',(0.,-1.14784090164829E-15,-1.));
#5515=DIRECTION('',(0.,-1.,1.14784090164829E-15));
#5516=DIRECTION('',(0.,-1.14784090164829E-15,-1.));
#5517=DIRECTION('',(1.,0.,0.));
#5518=DIRECTION('',(0.,0.,-1.));
#5519=DIRECTION('',(0.,1.,-2.17778780369267E-15));
#5520=DIRECTION('',(0.,2.17778780369267E-15,1.));
#5521=DIRECTION('',(0.,1.,0.));
#5522=DIRECTION('',(0.,0.,1.));
#5523=DIRECTION('',(0.,-0.581397693285012,-0.81361951933497));
#5524=DIRECTION('',(0.,0.81361951933497,-0.581397693285011));
#5525=DIRECTION('',(0.,0.581397693285014,0.813619519334968));
#5526=DIRECTION('',(0.,-0.813619519334968,0.581397693285014));
#5527=DIRECTION('',(0.,-1.,2.17778780369267E-15));
#5528=DIRECTION('',(0.,-2.17778780369267E-15,-1.));
#5529=DIRECTION('',(0.,-1.,0.));
#5530=DIRECTION('',(0.,0.,-1.));
#5531=DIRECTION('',(1.,0.,0.));
#5532=DIRECTION('',(0.,0.,-1.));
#5533=DIRECTION('',(1.,0.,0.));
#5534=DIRECTION('',(0.,0.,-1.));
#5535=DIRECTION('',(1.,0.,0.));
#5536=DIRECTION('',(0.,0.,-1.));
#5537=DIRECTION('',(-6.80707723798059E-15,0.581397693285014,0.813619519334968));
#5538=DIRECTION('',(0.,-0.813619519334968,0.581397693285014));
#5539=DIRECTION('',(1.,0.,0.));
#5540=DIRECTION('',(0.,0.,-1.));
#5541=DIRECTION('',(0.,0.707106781186545,-0.70710678118655));
#5542=DIRECTION('',(0.,0.70710678118655,0.707106781186545));
#5543=DIRECTION('',(1.,0.,0.));
#5544=DIRECTION('',(0.,0.,-1.));
#5545=DIRECTION('',(0.,-2.168404344971E-15,-1.));
#5546=DIRECTION('',(0.,1.,-2.168404344971E-15));
#5547=DIRECTION('',(0.,0.581397693285012,0.81361951933497));
#5548=DIRECTION('',(0.,-0.81361951933497,0.581397693285011));
#5549=DIRECTION('',(3.52851220175836E-15,0.581397693285013,0.813619519334969));
#5550=DIRECTION('',(0.,-0.813619519334969,0.581397693285013));
#5551=DIRECTION('',(0.,-0.707106781186546,0.707106781186549));
#5552=DIRECTION('',(0.,-0.707106781186549,-0.707106781186546));
#5553=DIRECTION('',(0.,0.707106781186545,-0.70710678118655));
#5554=DIRECTION('',(0.,0.70710678118655,0.707106781186545));
#5555=DIRECTION('',(0.,1.14784090164829E-15,1.));
#5556=DIRECTION('',(0.,-1.,1.14784090164829E-15));
#5557=DIRECTION('',(0.,-0.707106781186546,0.707106781186549));
#5558=DIRECTION('',(0.,-0.707106781186549,-0.707106781186546));
#5559=DIRECTION('',(1.,0.,0.));
#5560=DIRECTION('',(0.,0.,-1.));
#5561=DIRECTION('',(1.53329341668339E-15,0.707106781186546,-0.707106781186549));
#5562=DIRECTION('',(0.,0.707106781186549,0.707106781186546));
#5563=DIRECTION('',(1.,0.,0.));
#5564=DIRECTION('',(0.,0.,-1.));
#5565=DIRECTION('',(0.,0.,-1.));
#5566=DIRECTION('',(-1.,0.,0.));
#5567=DIRECTION('',(0.,-1.,2.72773366644008E-15));
#5568=DIRECTION('',(0.,-2.72773366644008E-15,-1.));
#5569=DIRECTION('',(0.,-0.70710678118655,-0.707106781186545));
#5570=DIRECTION('',(0.,-0.707106781186545,0.70710678118655));
#5571=DIRECTION('',(0.,0.707106781186546,-0.707106781186549));
#5572=DIRECTION('',(0.,0.707106781186549,0.707106781186546));
#5573=DIRECTION('',(0.,0.707106781186545,-0.70710678118655));
#5574=DIRECTION('',(0.,0.70710678118655,0.707106781186545));
#5575=DIRECTION('',(0.,0.,1.));
#5576=DIRECTION('',(1.,0.,0.));
#5577=DIRECTION('',(0.,0.,-1.));
#5578=DIRECTION('',(-1.,0.,0.));
#5579=DIRECTION('',(0.,-3.36814359860181E-15,-1.));
#5580=DIRECTION('',(0.,1.,-3.36814359860181E-15));
#5581=DIRECTION('',(0.,0.707106781186546,-0.707106781186549));
#5582=DIRECTION('',(0.,0.707106781186549,0.707106781186546));
#5583=DIRECTION('',(1.,0.,0.));
#5584=DIRECTION('',(0.,0.,-1.));
#5585=DIRECTION('',(0.,0.,-1.));
#5586=DIRECTION('',(-1.,0.,0.));
#5587=DIRECTION('',(1.,0.,0.));
#5588=DIRECTION('',(0.,0.,-1.));
#5589=DIRECTION('',(0.,-1.,0.));
#5590=DIRECTION('',(0.,0.,-1.));
#5591=DIRECTION('',(0.,1.,0.));
#5592=DIRECTION('',(0.,0.,1.));
#5593=DIRECTION('',(0.,0.707106781186548,0.707106781186547));
#5594=DIRECTION('',(0.,-0.707106781186547,0.707106781186548));
#5595=DIRECTION('',(0.,0.,-1.));
#5596=DIRECTION('',(-1.,0.,0.));
#5597=DIRECTION('',(0.,0.,-1.));
#5598=DIRECTION('',(-1.,0.,0.));
#5599=DIRECTION('',(0.,1.,0.));
#5600=DIRECTION('',(0.,0.,1.));
#5601=DIRECTION('',(0.,-1.,0.));
#5602=DIRECTION('',(0.,0.,-1.));
#5603=DIRECTION('',(0.,1.14784090164829E-15,1.));
#5604=DIRECTION('',(0.,-1.,1.14784090164829E-15));
#5605=DIRECTION('',(0.,0.,1.));
#5606=DIRECTION('',(1.,0.,0.));
#5607=DIRECTION('',(1.,0.,0.));
#5608=DIRECTION('',(0.,0.,-1.));
#5609=DIRECTION('',(0.,-1.,0.));
#5610=DIRECTION('',(0.,0.,-1.));
#5611=DIRECTION('',(1.,0.,0.));
#5612=DIRECTION('',(0.,0.,-1.));
#5613=DIRECTION('',(1.,0.,0.));
#5614=DIRECTION('',(0.,0.,-1.));
#5615=DIRECTION('',(0.,-1.,0.));
#5616=DIRECTION('',(0.,0.,-1.));
#5617=DIRECTION('',(0.,-1.,1.14784090164829E-15));
#5618=DIRECTION('',(0.,-1.14784090164829E-15,-1.));
#5619=DIRECTION('',(1.,0.,0.));
#5620=DIRECTION('',(0.,0.,-1.));
#5621=DIRECTION('',(-1.,0.,0.));
#5622=DIRECTION('',(0.,0.,1.));
#5623=DIRECTION('',(0.,-1.,1.14784090164829E-15));
#5624=DIRECTION('',(0.,-1.14784090164829E-15,-1.));
#5625=DIRECTION('',(0.,0.,1.));
#5626=DIRECTION('',(1.,0.,0.));
#5627=DIRECTION('',(0.,0.707106781186547,0.707106781186547));
#5628=DIRECTION('',(0.,-0.707106781186547,0.707106781186547));
#5629=DIRECTION('',(0.,0.707106781186547,0.707106781186547));
#5630=DIRECTION('',(0.,-0.707106781186547,0.707106781186547));
#5631=DIRECTION('',(0.,1.,0.));
#5632=DIRECTION('',(0.,0.,1.));
#5633=DIRECTION('',(0.,0.707106781186547,-0.707106781186547));
#5634=DIRECTION('',(0.,0.707106781186547,0.707106781186547));
#5635=DIRECTION('',(0.,1.,0.));
#5636=DIRECTION('',(0.,0.,1.));
#5637=DIRECTION('',(0.,1.,0.));
#5638=DIRECTION('',(0.,0.,1.));
#5639=DIRECTION('',(0.,0.,-1.));
#5640=DIRECTION('',(-1.,0.,0.));
#5641=DIRECTION('',(0.,-0.707106781186548,-0.707106781186546));
#5642=DIRECTION('',(0.,-0.707106781186547,0.707106781186548));
#5643=DIRECTION('',(0.,0.,-1.));
#5644=DIRECTION('',(-1.,0.,0.));
#5645=DIRECTION('',(0.,0.,-1.));
#5646=DIRECTION('',(-1.,0.,0.));
#5647=DIRECTION('',(1.,0.,0.));
#5648=DIRECTION('',(0.,0.,-1.));
#5649=DIRECTION('',(0.,-1.,2.72773366644008E-15));
#5650=DIRECTION('',(0.,-2.72773366644008E-15,-1.));
#5651=DIRECTION('',(0.,-0.707106781186547,0.707106781186548));
#5652=DIRECTION('',(0.,-0.707106781186548,-0.707106781186546));
#5653=DIRECTION('',(0.,-1.,0.));
#5654=DIRECTION('',(0.,0.,-1.));
#5655=DIRECTION('',(0.,1.,0.));
#5656=DIRECTION('',(0.,0.,1.));
#5657=DIRECTION('',(1.,0.,0.));
#5658=DIRECTION('',(0.,0.,-1.));
#5659=DIRECTION('',(-1.,0.,0.));
#5660=DIRECTION('',(0.,0.,1.));
#5661=DIRECTION('',(0.,0.,1.));
#5662=DIRECTION('',(1.,0.,0.));
#5663=DIRECTION('',(0.,0.,1.));
#5664=DIRECTION('',(1.,0.,0.));
#5665=DIRECTION('',(0.,0.,1.));
#5666=DIRECTION('',(1.,0.,0.));
#5667=DIRECTION('',(0.,0.,-1.));
#5668=DIRECTION('',(-1.,0.,0.));
#5669=DIRECTION('',(0.,0.,-1.));
#5670=DIRECTION('',(-1.,0.,0.));
#5671=DIRECTION('',(0.,0.,-1.));
#5672=DIRECTION('',(-1.,0.,0.));
#5673=DIRECTION('',(1.,0.,0.));
#5674=DIRECTION('',(0.,0.,-1.));
#5675=DIRECTION('',(0.,0.707106781186545,-0.70710678118655));
#5676=DIRECTION('',(0.,0.70710678118655,0.707106781186545));
#5677=DIRECTION('',(1.,0.,0.));
#5678=DIRECTION('',(0.,0.,-1.));
#5679=DIRECTION('',(1.,0.,0.));
#5680=DIRECTION('',(0.,0.,-1.));
#5681=DIRECTION('',(0.,-1.,0.));
#5682=DIRECTION('',(0.,0.,-1.));
#5683=DIRECTION('',(1.,0.,0.));
#5684=DIRECTION('',(0.,0.,-1.));
#5685=DIRECTION('',(0.,0.,-1.));
#5686=DIRECTION('',(-1.,0.,0.));
#5687=DIRECTION('',(0.,0.,1.));
#5688=DIRECTION('',(1.,0.,0.));
#5689=DIRECTION('',(1.,0.,0.));
#5690=DIRECTION('',(0.,0.,-1.));
#5691=DIRECTION('',(-1.,0.,0.));
#5692=DIRECTION('',(0.,0.,1.));
#5693=DIRECTION('',(0.,-0.707106781186546,0.707106781186549));
#5694=DIRECTION('',(0.,-0.707106781186549,-0.707106781186546));
#5695=DIRECTION('',(0.,-0.707106781186553,0.707106781186542));
#5696=DIRECTION('',(0.,-0.707106781186542,-0.707106781186553));
#5697=DIRECTION('',(0.,-0.581397693285012,-0.81361951933497));
#5698=DIRECTION('',(0.,0.81361951933497,-0.581397693285011));
#5699=DIRECTION('',(0.,-0.581397693285013,-0.813619519334969));
#5700=DIRECTION('',(0.,0.813619519334969,-0.581397693285013));
#5701=DIRECTION('',(-1.51430893534304E-15,0.581397693285013,0.813619519334969));
#5702=DIRECTION('',(0.,-0.813619519334969,0.581397693285013));
#5703=DIRECTION('',(0.,-1.,2.17778780369267E-15));
#5704=DIRECTION('',(0.,-2.17778780369267E-15,-1.));
#5705=DIRECTION('',(0.,1.,0.));
#5706=DIRECTION('',(0.,0.,1.));
#5707=DIRECTION('',(-1.,0.,0.));
#5708=DIRECTION('',(0.,0.,1.));
#5709=DIRECTION('',(1.,0.,0.));
#5710=DIRECTION('',(0.,0.,-1.));
#5711=DIRECTION('',(-1.,0.,0.));
#5712=DIRECTION('',(0.,0.,1.));
#5713=DIRECTION('',(0.,0.707106781186545,-0.70710678118655));
#5714=DIRECTION('',(0.,0.70710678118655,0.707106781186545));
#5715=DIRECTION('',(1.,8.67361737988409E-15,-6.50521303491307E-15));
#5716=DIRECTION('',(-8.67361737988409E-15,1.,0.));
#5717=DIRECTION('',(1.,0.,0.));
#5718=DIRECTION('',(0.,0.,-1.));
#5719=DIRECTION('',(1.,0.,0.));
#5720=DIRECTION('',(0.,0.,-1.));
#5721=DIRECTION('',(1.,0.,0.));
#5722=DIRECTION('',(0.,0.,-1.));
#5723=DIRECTION('',(0.,1.,0.));
#5724=DIRECTION('',(0.,0.,1.));
#5725=DIRECTION('',(0.,1.,0.));
#5726=DIRECTION('',(0.,0.,1.));
#5727=DIRECTION('',(0.,0.707106781186546,-0.707106781186549));
#5728=DIRECTION('',(0.,0.707106781186549,0.707106781186546));
#5729=DIRECTION('',(0.,-0.707106781186546,0.707106781186549));
#5730=DIRECTION('',(0.,-0.707106781186549,-0.707106781186546));
#5731=DIRECTION('',(1.,0.,0.));
#5732=DIRECTION('',(0.,0.,-1.));
#5733=DIRECTION('',(-1.,0.,0.));
#5734=DIRECTION('',(0.,0.,1.));
#5735=DIRECTION('',(-1.,0.,0.));
#5736=DIRECTION('',(0.,0.,1.));
#5737=DIRECTION('',(1.,0.,0.));
#5738=DIRECTION('',(0.,0.,-1.));
#5739=DIRECTION('',(0.,1.,-2.17778780369267E-15));
#5740=DIRECTION('',(0.,2.17778780369267E-15,1.));
#5741=DIRECTION('',(0.,1.,0.));
#5742=DIRECTION('',(0.,0.,1.));
#5743=DIRECTION('',(-1.,0.,-2.16840434497102E-15));
#5744=DIRECTION('',(-2.16840434497102E-15,0.,1.));
#5745=DIRECTION('',(0.,0.581397693285014,0.813619519334968));
#5746=DIRECTION('',(0.,-0.813619519334968,0.581397693285014));
#5747=DIRECTION('',(1.,0.,0.));
#5748=DIRECTION('',(0.,0.,-1.));
#5749=DIRECTION('',(1.76425610087918E-15,-0.581397693285013,-0.813619519334969));
#5750=DIRECTION('',(0.,0.813619519334969,-0.581397693285013));
#5751=DIRECTION('',(0.,0.581397693285012,0.81361951933497));
#5752=DIRECTION('',(0.,-0.81361951933497,0.581397693285011));
#5753=DIRECTION('',(0.,0.,-1.));
#5754=DIRECTION('',(-1.,0.,0.));
#5755=DIRECTION('',(0.,0.,1.));
#5756=DIRECTION('',(1.,0.,0.));
#5757=DIRECTION('',(0.998629534754574,-0.0523359562429426,0.));
#5758=DIRECTION('',(0.0523359562429426,0.998629534754574,0.));
#5759=DIRECTION('',(0.,0.,-1.));
#5760=DIRECTION('',(0.,0.,1.));
#5761=DIRECTION('',(0.998629534754574,-0.0523359562429426,0.));
#5762=DIRECTION('',(0.0523359562429426,0.998629534754574,0.));
#5763=DIRECTION('',(-0.998629534754574,-0.0523359562429426,0.));
#5764=DIRECTION('',(0.0523359562429426,-0.998629534754574,0.));
#5765=DIRECTION('',(0.,0.,1.));
#5766=DIRECTION('',(-0.998629534754574,-0.0523359562429426,0.));
#5767=DIRECTION('',(-0.0523359562429426,0.998629534754574,0.));
#5768=DIRECTION('',(0.,0.,1.));
#5769=DIRECTION('',(2.31296463463574E-15,-1.,0.));
#5770=DIRECTION('',(1.,2.31296463463574E-15,0.));
#5771=DIRECTION('',(1.,0.,0.));
#5772=DIRECTION('',(0.,0.,-1.));
#5773=DIRECTION('',(-1.,0.,0.));
#5774=DIRECTION('',(0.,0.,1.));
#5775=DIRECTION('',(0.,0.,-1.));
#5776=DIRECTION('',(-1.,0.,0.));
#5777=DIRECTION('',(0.,0.,1.));
#5778=DIRECTION('',(1.,0.,0.));
#5779=DIRECTION('',(-9.91270557701032E-16,-1.,0.));
#5780=DIRECTION('',(1.,-9.91270557701032E-16,0.));
#5781=DIRECTION('',(0.,1.,0.));
#5782=DIRECTION('',(0.,0.,1.));
#5783=DIRECTION('',(0.,1.,0.));
#5784=DIRECTION('',(0.,0.,1.));
#5785=DIRECTION('',(1.,0.,0.));
#5786=DIRECTION('',(0.,1.,0.));
#5787=DIRECTION('',(0.,0.,1.));
#5788=DIRECTION('',(0.,0.,1.));
#5789=DIRECTION('',(0.,1.,0.));
#5790=DIRECTION('',(0.,0.,1.));
#5791=DIRECTION('',(-1.,0.,0.));
#5792=DIRECTION('',(0.,1.,0.));
#5793=DIRECTION('',(0.,0.,1.));
#5794=DIRECTION('',(0.,0.,-1.));
#5795=DIRECTION('',(0.,1.,0.));
#5796=DIRECTION('',(0.,0.,1.));
#5797=DIRECTION('',(0.,1.,0.));
#5798=DIRECTION('',(0.,0.,1.));
#5799=DIRECTION('',(1.,0.,0.));
#5800=DIRECTION('',(0.,1.,0.));
#5801=DIRECTION('',(0.,0.,1.));
#5802=DIRECTION('',(0.,0.,-1.));
#5803=DIRECTION('',(0.,1.,0.));
#5804=DIRECTION('',(0.,0.,1.));
#5805=DIRECTION('',(-1.,0.,0.));
#5806=DIRECTION('',(0.,1.,0.));
#5807=DIRECTION('',(0.,0.,1.));
#5808=DIRECTION('',(0.,0.,1.));
#5809=DIRECTION('',(-1.,0.,0.));
#5810=DIRECTION('',(0.,0.,1.));
#5811=DIRECTION('',(0.,0.,-1.));
#5812=DIRECTION('',(0.,-1.,0.));
#5813=DIRECTION('',(0.,-1.,0.));
#5814=DIRECTION('',(0.,-0.4067366430758,-0.913545457642601));
#5815=DIRECTION('',(0.,1.,0.));
#5816=DIRECTION('',(0.,0.,-1.));
#5817=DIRECTION('',(-1.,0.,0.));
#5818=DIRECTION('',(1.,0.,0.));
#5819=DIRECTION('',(0.,1.,0.));
#5820=DIRECTION('',(1.,0.,0.));
#5821=DIRECTION('',(0.,1.,0.));
#5822=DIRECTION('',(1.,0.,0.));
#5823=DIRECTION('',(0.,-1.,0.));
#5824=DIRECTION('',(0.,-1.,0.));
#5825=DIRECTION('',(0.,0.913545457642601,-0.4067366430758));
#5826=DIRECTION('',(0.,0.4067366430758,0.913545457642601));
#5827=DIRECTION('',(0.,-0.913545457642601,0.4067366430758));
#5828=DIRECTION('',(-1.,5.55111512312578E-17,1.94289029309402E-16));
#5829=DIRECTION('',(0.,0.913545457642601,-0.4067366430758));
#5830=DIRECTION('',(0.,-0.4067366430758,-0.913545457642601));
#5831=DIRECTION('',(-1.,0.,0.));
#5832=DIRECTION('',(0.,0.913545457642601,-0.4067366430758));
#5833=DIRECTION('',(0.,-0.4067366430758,-0.913545457642601));
#5834=DIRECTION('',(0.,0.4067366430758,0.913545457642601));
#5835=DIRECTION('',(0.,-0.913545457642601,0.4067366430758));
#5836=DIRECTION('',(1.,-5.55111512312578E-17,-5.55111512312578E-17));
#5837=DIRECTION('',(1.,0.,0.));
#5838=DIRECTION('',(0.,0.,-1.));
#5839=DIRECTION('',(0.,0.406736643075799,0.913545457642601));
#5840=DIRECTION('',(0.,1.,0.));
#5841=DIRECTION('',(0.,-1.,0.));
#5842=DIRECTION('',(0.,-1.,0.));
#5843=DIRECTION('',(0.,0.,1.));
#5844=DIRECTION('',(1.,0.,0.));
#5845=DIRECTION('',(0.,-1.,0.));
#5846=DIRECTION('',(0.,-1.,0.));
#5847=DIRECTION('',(0.,-1.,0.));
#5848=DIRECTION('',(0.,0.,-1.));
#5849=DIRECTION('',(0.,0.913545457642601,-0.4067366430758));
#5850=DIRECTION('',(0.,-0.4067366430758,-0.913545457642601));
#5851=DIRECTION('',(0.,-1.,0.));
#5852=DIRECTION('',(0.,0.,-1.));
#5853=DIRECTION('',(0.,1.,0.));
#5854=DIRECTION('',(0.,0.,1.));
#5855=DIRECTION('',(0.,-1.,0.));
#5856=DIRECTION('',(0.,0.,-1.));
#5857=DIRECTION('',(0.,-1.,0.));
#5858=DIRECTION('',(0.,0.,-1.));
#5859=DIRECTION('',(0.,-0.913545457642601,0.4067366430758));
#5860=DIRECTION('',(1.,-5.55111512312578E-17,-5.55111512312578E-17));
#5861=DIRECTION('',(0.,0.913545457642601,-0.4067366430758));
#5862=DIRECTION('',(0.,0.4067366430758,0.913545457642601));
#5863=DIRECTION('',(0.,1.,0.));
#5864=DIRECTION('',(-1.,0.,0.));
#5865=DIRECTION('',(-1.,0.,0.));
#5866=DIRECTION('',(0.,0.,1.));
#5867=DIRECTION('',(0.,0.,-1.));
#5868=DIRECTION('',(0.,1.,0.));
#5869=DIRECTION('',(0.,-0.4067366430758,-0.913545457642601));
#5870=DIRECTION('',(0.,1.,0.));
#5871=DIRECTION('',(0.,1.,0.));
#5872=DIRECTION('',(0.,0.,-1.));
#5873=DIRECTION('',(-1.,0.,0.));
#5874=DIRECTION('',(1.,0.,0.));
#5875=DIRECTION('',(0.,1.,0.));
#5876=DIRECTION('',(0.,1.,0.));
#5877=DIRECTION('',(1.,0.,0.));
#5878=DIRECTION('',(0.,1.,0.));
#5879=DIRECTION('',(1.,0.,0.));
#5880=DIRECTION('',(0.,1.,0.));
#5881=DIRECTION('',(0.,0.913545457642601,-0.4067366430758));
#5882=DIRECTION('',(0.,0.4067366430758,0.913545457642601));
#5883=DIRECTION('',(0.,0.4067366430758,0.913545457642601));
#5884=DIRECTION('',(0.,0.913545457642601,-0.4067366430758));
#5885=DIRECTION('',(0.,-0.4067366430758,-0.913545457642601));
#5886=DIRECTION('',(-1.,0.,0.));
#5887=DIRECTION('',(0.,0.913545457642601,-0.4067366430758));
#5888=DIRECTION('',(0.,-0.4067366430758,-0.913545457642601));
#5889=DIRECTION('',(1.,0.,0.));
#5890=DIRECTION('',(0.,0.,-1.));
#5891=DIRECTION('',(0.,0.4067366430758,0.913545457642601));
#5892=DIRECTION('',(0.,1.,0.));
#5893=DIRECTION('',(0.,1.,0.));
#5894=DIRECTION('',(0.,1.,0.));
#5895=DIRECTION('',(0.,0.,1.));
#5896=DIRECTION('',(1.,0.,0.));
#5897=DIRECTION('',(0.,1.,0.));
#5898=DIRECTION('',(0.,1.,0.));
#5899=DIRECTION('',(0.,-1.,0.));
#5900=DIRECTION('',(0.,0.,-1.));
#5901=DIRECTION('',(0.,0.913545457642601,-0.4067366430758));
#5902=DIRECTION('',(0.,-0.4067366430758,-0.913545457642601));
#5903=DIRECTION('',(0.,-1.,0.));
#5904=DIRECTION('',(0.,0.,-1.));
#5905=DIRECTION('',(0.,1.,0.));
#5906=DIRECTION('',(0.,0.,1.));
#5907=DIRECTION('',(0.,-1.,0.));
#5908=DIRECTION('',(0.,0.,-1.));
#5909=DIRECTION('',(0.,-1.,0.));
#5910=DIRECTION('',(0.,0.,-1.));
#5911=DIRECTION('',(0.,0.913545457642601,-0.4067366430758));
#5912=DIRECTION('',(0.,0.4067366430758,0.913545457642601));
#5913=DIRECTION('',(0.,1.,0.));
#5914=DIRECTION('',(-1.,0.,0.));
#5915=DIRECTION('',(0.,0.,-1.));
#5916=DIRECTION('',(-1.,0.,0.));
#5917=DIRECTION('',(0.,0.,1.));
#5918=DIRECTION('',(1.,0.,0.));
#5919=DIRECTION('',(0.,1.,0.));
#5920=DIRECTION('',(-1.,0.,0.));
#5921=DIRECTION('',(0.,0.,1.));
#5922=DIRECTION('',(1.,0.,0.));
#5923=DIRECTION('',(-1.,0.,0.));
#5924=DIRECTION('',(0.,-1.,0.));
#5925=DIRECTION('',(0.,0.,1.));
#5926=DIRECTION('',(1.,0.,0.));
#5927=DIRECTION('',(0.,-1.,0.));
#5928=DIRECTION('',(1.,0.,0.));
#5929=DIRECTION('',(0.,0.,1.));
#5930=DIRECTION('',(1.,0.,0.));
#5931=DIRECTION('',(0.,0.,1.));
#5932=DIRECTION('',(-1.,0.,0.));
#5933=DIRECTION('',(0.,0.,1.));
#5934=DIRECTION('',(1.,0.,0.));
#5935=DIRECTION('',(1.,0.,0.));
#5936=DIRECTION('',(0.,1.,0.));
#5937=DIRECTION('',(0.,0.,1.));
#5938=DIRECTION('',(1.,0.,0.));
#5939=DIRECTION('',(-0.577350269189626,0.577350269189626,-0.577350269189626));
#5940=DIRECTION('',(-0.707106778466457,-0.707106783906637,-5.44017972337052E-9));
#5941=DIRECTION('',(0.,0.,1.));
#5942=DIRECTION('',(1.,0.,0.));
#5943=DIRECTION('',(-0.718873086818576,0.585048618558824,-0.375419230954334));
#5944=DIRECTION('',(-0.631219057945758,-0.77560460344564,-2.43715684855594E-8));
#5945=DIRECTION('',(0.,0.,1.));
#5946=DIRECTION('',(1.,0.,0.));
#5947=CARTESIAN_POINT('',(0.,0.,0.));
#5948=CARTESIAN_POINT('',(0.,6.6,0.));
#5949=CARTESIAN_POINT('',(14.6,6.6,-7.2));
#5950=CARTESIAN_POINT('',(2.05140659039595,6.6,-7.2));
#5951=CARTESIAN_POINT('',(14.4,6.6,-7.2));
#5952=CARTESIAN_POINT('',(2.05140659039595,6.6,-6.));
#5953=CARTESIAN_POINT('',(2.05140659039595,6.6,-6.));
#5954=CARTESIAN_POINT('',(-1.19403806942157E-15,6.6,-6.));
#5955=CARTESIAN_POINT('',(14.4,6.6,-6.));
#5956=CARTESIAN_POINT('',(14.4,6.6,0.));
#5957=CARTESIAN_POINT('',(-3.15407452420415,9.88641434467662,-6.2));
#5958=CARTESIAN_POINT('',(-1.92680329545732,7.84389201939415,-13.5));
#5959=CARTESIAN_POINT('',(-1.92680329545732,7.84389201939415,-1.94113306782857));
#5960=CARTESIAN_POINT('',(-1.92680329545732,7.84389201939415,0.));
#5961=CARTESIAN_POINT('',(-6.89433386448036,16.1112512233682,3.54571519778161));
#5962=CARTESIAN_POINT('',(-3.00837726294698,9.64393338213165,-0.746488733950445));
#5963=CARTESIAN_POINT('',(-3.00837726294698,9.64393338213165,-6.2));
#5964=CARTESIAN_POINT('',(-3.00837726294698,9.64393338213165,0.));
#5965=CARTESIAN_POINT('',(-3.15407452420415,9.88641434467662,0.));
#5966=CARTESIAN_POINT('',(-13.7121944931035,-13.1870738663715,-1.2));
#5967=CARTESIAN_POINT('',(-1.7,-13.1870738663715,-6.48870738663714));
#5968=CARTESIAN_POINT('',(-1.7,-13.1870738663715,-1.2));
#5969=CARTESIAN_POINT('',(-1.7,-13.1870738663715,0.));
#5970=CARTESIAN_POINT('',(-13.7121944931035,-13.1870738663715,-1.2));
#5971=CARTESIAN_POINT('',(1.7,-13.1870738663715,-1.2));
#5972=CARTESIAN_POINT('',(1.7,-13.1870738663715,-6.48870738663714));
#5973=CARTESIAN_POINT('',(1.7,-13.1870738663715,0.));
#5974=CARTESIAN_POINT('',(-13.7121944931035,-13.1870738663715,0.));
#5975=CARTESIAN_POINT('',(-2.60238684512572,-1.53134617181152,-1.2));
#5976=CARTESIAN_POINT('',(-2.60238684512572,-1.53134617181152,-1.2));
#5977=CARTESIAN_POINT('',(7.60238684512573,-1.53134617181152,-1.2));
#5978=CARTESIAN_POINT('',(2.60238684512572,-1.53134617181152,-1.2));
#5979=CARTESIAN_POINT('',(2.60238684512572,-1.53134617181152,-1.2));
#5980=CARTESIAN_POINT('',(2.60238684512572,-1.53134617181152,0.));
#5981=CARTESIAN_POINT('',(0.,-1.53134617181152,0.));
#5982=CARTESIAN_POINT('',(7.60238684512573,-1.53134617181152,0.));
#5983=CARTESIAN_POINT('',(7.60238684512573,-1.53134617181152,-1.2));
#5984=CARTESIAN_POINT('',(-2.60238684512572,-1.53134617181152,-1.2));
#5985=CARTESIAN_POINT('',(-2.60238684512572,-1.53134617181152,-1.2));
#5986=CARTESIAN_POINT('',(-2.60238684512572,-1.53134617181152,-1.2));
#5987=CARTESIAN_POINT('',(-2.60238684512572,-1.53134617181152,0.));
#5988=CARTESIAN_POINT('',(-2.60238684512572,-1.53134617181152,-1.2));
#5989=CARTESIAN_POINT('',(-7.60238684512573,-1.53134617181152,-1.2));
#5990=CARTESIAN_POINT('',(-7.60238684512573,-1.53134617181152,-1.2));
#5991=CARTESIAN_POINT('',(-7.60238684512573,-1.53134617181152,0.));
#5992=CARTESIAN_POINT('',(0.,-1.53134617181152,0.));
#5993=CARTESIAN_POINT('',(13.7121944931035,-4.63134617181152,-1.2));
#5994=CARTESIAN_POINT('',(13.7121944931035,-4.63134617181152,0.));
#5995=CARTESIAN_POINT('',(13.7121944931035,-4.63134617181152,0.));
#5996=CARTESIAN_POINT('',(8.77716149647429,-4.63134617181152,0.));
#5997=CARTESIAN_POINT('',(13.7121944931035,-4.63134617181152,-1.2));
#5998=CARTESIAN_POINT('',(13.7121944931035,-4.63134617181152,-1.2));
#5999=CARTESIAN_POINT('',(13.7121944931035,-4.63134617181152,-1.2));
#6000=CARTESIAN_POINT('',(8.77716149647429,-4.63134617181152,-1.2));
#6001=CARTESIAN_POINT('',(8.77716149647429,-4.63134617181152,-1.2));
#6002=CARTESIAN_POINT('',(13.7121944931035,-7.98707386637153,-1.2));
#6003=CARTESIAN_POINT('',(13.7121944931035,-7.98707386637153,0.));
#6004=CARTESIAN_POINT('',(13.7121944931035,-13.1870738663715,0.));
#6005=CARTESIAN_POINT('',(13.7121944931035,-13.1870738663715,-1.2));
#6006=CARTESIAN_POINT('',(13.7121944931035,-13.1870738663715,-1.2));
#6007=CARTESIAN_POINT('',(13.7121944931035,-13.1870738663715,-1.2));
#6008=CARTESIAN_POINT('',(-13.7121944931035,-7.98707386637153,-1.2));
#6009=CARTESIAN_POINT('',(-13.7121944931035,-7.98707386637153,0.));
#6010=CARTESIAN_POINT('',(-13.7121944931035,-7.98707386637153,0.));
#6011=CARTESIAN_POINT('',(-13.7121944931035,-13.1870738663715,0.));
#6012=CARTESIAN_POINT('',(-13.7121944931035,-7.98707386637153,-1.2));
#6013=CARTESIAN_POINT('',(-13.7121944931035,-7.98707386637153,-1.2));
#6014=CARTESIAN_POINT('',(-13.7121944931035,-7.98707386637153,-1.2));
#6015=CARTESIAN_POINT('',(-13.7121944931035,-13.1870738663715,-1.2));
#6016=CARTESIAN_POINT('',(-13.7121944931035,-13.1870738663715,-1.2));
#6017=CARTESIAN_POINT('',(0.,0.,-1.2));
#6018=CARTESIAN_POINT('',(7.60238684512573,0.468653828188477,-1.2));
#6019=CARTESIAN_POINT('',(7.60238684512573,0.468653828188477,-1.2));
#6020=CARTESIAN_POINT('',(8.77716149647431,0.468653828188477,-1.2));
#6021=CARTESIAN_POINT('',(8.57197763004139,0.468653828188477,-1.2));
#6022=CARTESIAN_POINT('',(8.77716149647431,0.468653828188477,-1.2));
#6023=CARTESIAN_POINT('',(8.77716149647431,0.468653828188476,-1.2));
#6024=CARTESIAN_POINT('',(8.77716149647429,-4.63134617181152,-1.2));
#6025=CARTESIAN_POINT('',(-13.7121944931035,-13.1870738663715,-1.2));
#6026=CARTESIAN_POINT('',(-13.7121944931035,-13.1870738663715,-1.2));
#6027=CARTESIAN_POINT('',(-8.5719776300414,0.46865382818848,-1.2));
#6028=CARTESIAN_POINT('',(-8.5719776300414,0.468653828188477,-1.2));
#6029=CARTESIAN_POINT('',(-7.60238684512573,0.468653828188477,-1.2));
#6030=CARTESIAN_POINT('',(-7.60238684512573,0.468653828188477,-1.2));
#6031=CARTESIAN_POINT('',(-7.60238684512573,-1.53134617181152,-1.2));
#6032=CARTESIAN_POINT('',(-2.60238684512572,-1.53134617181152,-1.2));
#6033=CARTESIAN_POINT('',(0.,0.,0.));
#6034=CARTESIAN_POINT('',(3.15407452420415,9.88641434467662,0.));
#6035=CARTESIAN_POINT('',(1.92680329545732,7.84389201939414,0.));
#6036=CARTESIAN_POINT('',(3.00837726294698,9.64393338213165,0.));
#6037=CARTESIAN_POINT('',(1.5,-0.299999999999996,0.));
#6038=CARTESIAN_POINT('',(1.5,-0.299999999999996,0.));
#6039=CARTESIAN_POINT('',(0.,-0.3,0.));
#6040=CARTESIAN_POINT('',(-1.5,-0.299999999999996,0.));
#6041=CARTESIAN_POINT('',(-1.92680329545732,7.84389201939414,0.));
#6042=CARTESIAN_POINT('',(-3.43696091329804,9.38641434467662,0.));
#6043=CARTESIAN_POINT('',(-3.43696091329804,9.88641434467662,0.));
#6044=CARTESIAN_POINT('',(-6.31926896936423,9.88641434467663,0.));
#6045=CARTESIAN_POINT('',(-5.90710077645548,9.88641434467663,0.));
#6046=CARTESIAN_POINT('',(-5.90710077645548,9.38641434467663,0.));
#6047=CARTESIAN_POINT('',(-6.39791436817931,9.4818188423649,0.));
#6048=CARTESIAN_POINT('',(-6.89631868197635,6.9177509282435,0.));
#6049=CARTESIAN_POINT('',(-6.79423554088269,7.44292316171972,0.));
#6050=CARTESIAN_POINT('',(-7.82494408350274,7.6432726068651,0.));
#6051=CARTESIAN_POINT('',(-7.38119490867501,6.69164943047661,0.));
#6052=CARTESIAN_POINT('',(-11.0173639939237,4.99607593967871,0.));
#6053=CARTESIAN_POINT('',(-7.48240848806791,6.64445276329642,0.));
#6054=CARTESIAN_POINT('',(-7.92615766290894,7.59607593967871,0.));
#6055=CARTESIAN_POINT('',(-7.6907403134639,6.57280731825993,0.));
#6056=CARTESIAN_POINT('',(-8.43606438803923,6.1997557138951,0.));
#6057=CARTESIAN_POINT('',(-8.18417948241425,6.31721157436259,0.));
#6058=CARTESIAN_POINT('',(-7.93645485939982,6.44301553155454,0.));
#6059=CARTESIAN_POINT('',(-7.69074031346443,6.57280731826094,0.));
#6060=CARTESIAN_POINT('',(-8.43606438803923,6.1997557138951,0.));
#6061=CARTESIAN_POINT('',(-11.0173639939237,4.99607593967871,0.));
#6062=CARTESIAN_POINT('',(-10.9369945542846,5.03355282486405,0.));
#6063=CARTESIAN_POINT('',(-11.1060418589809,5.39607593967871,0.));
#6064=CARTESIAN_POINT('',(-11.1060418589809,4.99607593967871,0.));
#6065=CARTESIAN_POINT('',(-14.8574480839354,4.99607593967872,0.));
#6066=CARTESIAN_POINT('',(-12.8574480839354,4.99607593967872,0.));
#6067=CARTESIAN_POINT('',(-12.8574480839354,0.,0.));
#6068=CARTESIAN_POINT('',(-12.8574480839354,3.13120416839759,0.));
#6069=CARTESIAN_POINT('',(-8.5719776300414,0.468653828188479,0.));
#6070=CARTESIAN_POINT('',(-8.5719776300414,0.468653828188477,0.));
#6071=CARTESIAN_POINT('',(-8.5719776300414,0.46865382818848,0.));
#6072=CARTESIAN_POINT('',(-13.7121944931035,-13.1870738663715,0.));
#6073=CARTESIAN_POINT('',(-13.7121944931035,-13.1870738663715,0.));
#6074=CARTESIAN_POINT('',(8.77716149647429,-4.63134617181152,0.));
#6075=CARTESIAN_POINT('',(8.77716149647431,0.468653828188476,0.));
#6076=CARTESIAN_POINT('',(8.77716149647431,0.468653828188477,0.));
#6077=CARTESIAN_POINT('',(8.5719776300414,0.468653828188477,0.));
#6078=CARTESIAN_POINT('',(8.5719776300414,0.468653828188479,0.));
#6079=CARTESIAN_POINT('',(12.8574480839354,3.13120416839759,0.));
#6080=CARTESIAN_POINT('',(12.8574480839354,0.,0.));
#6081=CARTESIAN_POINT('',(12.8574480839354,4.99607593967872,0.));
#6082=CARTESIAN_POINT('',(14.8574480839354,4.99607593967872,0.));
#6083=CARTESIAN_POINT('',(11.1060418589809,4.99607593967871,0.));
#6084=CARTESIAN_POINT('',(11.1060418589809,5.39607593967871,0.));
#6085=CARTESIAN_POINT('',(10.9369945542846,5.03355282486405,0.));
#6086=CARTESIAN_POINT('',(11.0173639939237,4.99607593967871,0.));
#6087=CARTESIAN_POINT('',(8.43606438803923,6.1997557138951,0.));
#6088=CARTESIAN_POINT('',(8.43606438803923,6.1997557138951,0.));
#6089=CARTESIAN_POINT('',(8.18417948241425,6.31721157436259,0.));
#6090=CARTESIAN_POINT('',(7.93645485939982,6.44301553155454,0.));
#6091=CARTESIAN_POINT('',(7.69074031346443,6.57280731826094,0.));
#6092=CARTESIAN_POINT('',(7.6907403134639,6.57280731825993,0.));
#6093=CARTESIAN_POINT('',(7.92615766290894,7.59607593967871,0.));
#6094=CARTESIAN_POINT('',(7.48240848806791,6.64445276329642,0.));
#6095=CARTESIAN_POINT('',(11.0173639939237,4.99607593967871,0.));
#6096=CARTESIAN_POINT('',(7.38119490867501,6.69164943047661,0.));
#6097=CARTESIAN_POINT('',(7.82494408350274,7.6432726068651,0.));
#6098=CARTESIAN_POINT('',(6.79423554088269,7.44292316171972,0.));
#6099=CARTESIAN_POINT('',(6.89631868197635,6.9177509282435,0.));
#6100=CARTESIAN_POINT('',(6.39791436817931,9.4818188423649,0.));
#6101=CARTESIAN_POINT('',(5.90710077645548,9.38641434467663,0.));
#6102=CARTESIAN_POINT('',(5.90710077645548,9.88641434467663,0.));
#6103=CARTESIAN_POINT('',(6.31926896936423,9.88641434467663,0.));
#6104=CARTESIAN_POINT('',(3.43696091329804,9.88641434467662,0.));
#6105=CARTESIAN_POINT('',(3.43696091329804,9.38641434467662,0.));
#6106=CARTESIAN_POINT('',(-7.60238684512573,0.468653828188477,0.));
#6107=CARTESIAN_POINT('',(-2.60238684512572,0.468653828188477,0.));
#6108=CARTESIAN_POINT('',(-7.60238684512573,0.468653828188477,0.));
#6109=CARTESIAN_POINT('',(-2.60238684512572,0.468653828188477,0.));
#6110=CARTESIAN_POINT('',(-7.60238684512573,-1.53134617181152,0.));
#6111=CARTESIAN_POINT('',(7.60238684512573,0.468653828188477,0.));
#6112=CARTESIAN_POINT('',(7.60238684512573,0.468653828188477,0.));
#6113=CARTESIAN_POINT('',(2.60238684512572,-1.53134617181152,0.));
#6114=CARTESIAN_POINT('',(2.60238684512572,0.468653828188477,0.));
#6115=CARTESIAN_POINT('',(7.60238684512573,0.468653828188477,0.));
#6116=CARTESIAN_POINT('',(-8.5719776300414,0.46865382818848,-1.2));
#6117=CARTESIAN_POINT('',(-8.5719776300414,0.468653828188477,-6.2));
#6118=CARTESIAN_POINT('',(8.77716149647429,-4.63134617181152,-1.2));
#6119=CARTESIAN_POINT('',(8.77716149647431,0.468653828188476,-1.2));
#6120=CARTESIAN_POINT('',(2.60238684512572,-1.53134617181152,0.));
#6121=CARTESIAN_POINT('',(2.60238684512572,-1.53134617181152,-1.2));
#6122=CARTESIAN_POINT('',(2.60238684512572,-1.53134617181152,-6.));
#6123=CARTESIAN_POINT('',(-2.60238684512572,-1.53134617181152,-1.2));
#6124=CARTESIAN_POINT('',(-2.60238684512572,-1.53134617181152,-6.));
#6125=CARTESIAN_POINT('',(-1.19403806942157E-15,-1.53134617181152,-6.));
#6126=CARTESIAN_POINT('',(-16.,-14.5,-8.4));
#6127=CARTESIAN_POINT('',(-16.,-13.1870738663715,-8.4));
#6128=CARTESIAN_POINT('',(-16.,-13.1870738663715,-6.4));
#6129=CARTESIAN_POINT('',(-16.,-13.1870738663715,-6.10901502838241));
#6130=CARTESIAN_POINT('',(-16.,-21.5,-6.4));
#6131=CARTESIAN_POINT('',(-16.,-21.5,-6.4));
#6132=CARTESIAN_POINT('',(-16.,-21.5,-8.4));
#6133=CARTESIAN_POINT('',(-16.,-21.5,-4.5));
#6134=CARTESIAN_POINT('',(-16.,-14.5,-4.5));
#6135=CARTESIAN_POINT('',(-16.,-14.3,-4.5));
#6136=CARTESIAN_POINT('',(-16.,-14.3,-8.4));
#6137=CARTESIAN_POINT('',(-16.,-14.3,-6.10901502838241));
#6138=CARTESIAN_POINT('',(-16.,-14.3,-6.10901502838241));
#6139=CARTESIAN_POINT('',(-2.8421709430404E-14,-13.1870738663715,-8.4));
#6140=CARTESIAN_POINT('',(16.,-13.1870738663715,-8.4));
#6141=CARTESIAN_POINT('',(16.,-13.1870738663715,-6.4));
#6142=CARTESIAN_POINT('',(16.,-13.1870738663715,-6.10901502838241));
#6143=CARTESIAN_POINT('',(14.,-13.1870738663715,-6.4));
#6144=CARTESIAN_POINT('',(14.,-13.1870738663715,-8.4));
#6145=CARTESIAN_POINT('',(16.,-13.1870738663715,-8.4));
#6146=CARTESIAN_POINT('',(-14.,-13.1870738663715,-8.4));
#6147=CARTESIAN_POINT('',(-14.,-13.1870738663715,-6.4));
#6148=CARTESIAN_POINT('',(-15.846079206807,-13.1870738663715,-6.10901502838241));
#6149=CARTESIAN_POINT('',(-17.646079206807,-13.1870738663715,-6.10901502838241));
#6150=CARTESIAN_POINT('',(-17.646079206807,-13.1870738663715,-3.49999999999999));
#6151=CARTESIAN_POINT('',(-17.646079206807,-13.1870738663715,-5.41867412147962));
#6152=CARTESIAN_POINT('',(-15.846079206807,-13.1870738663715,-5.41867412147962));
#6153=CARTESIAN_POINT('',(-16.046079206807,-13.1870738663715,-5.41867412147962));
#6154=CARTESIAN_POINT('',(-16.046079206807,-13.1870738663715,-5.01867412147962));
#6155=CARTESIAN_POINT('',(-15.846079206807,-13.1870738663715,-4.67226395996585));
#6156=CARTESIAN_POINT('',(-15.846079206807,-13.1870738663715,0.));
#6157=CARTESIAN_POINT('',(-15.846079206807,-13.1870738663715,-4.04641016151377));
#6158=CARTESIAN_POINT('',(-16.046079206807,-13.1870738663715,-3.69999999999999));
#6159=CARTESIAN_POINT('',(-16.046079206807,-13.1870738663715,-3.29999999999999));
#6160=CARTESIAN_POINT('',(-17.846079206807,-13.1870738663715,-3.29999999999999));
#6161=CARTESIAN_POINT('',(-17.646079206807,-13.1870738663715,-3.29999999999999));
#6162=CARTESIAN_POINT('',(-17.646079206807,-13.1870738663715,-3.49999999999999));
#6163=CARTESIAN_POINT('',(-17.646079206807,-13.1870738663715,-1.98870738663714));
#6164=CARTESIAN_POINT('',(-15.846079206807,-13.1870738663715,-1.98870738663714));
#6165=CARTESIAN_POINT('',(-16.446079206807,-13.1870738663715,-1.98870738663714));
#6166=CARTESIAN_POINT('',(-16.446079206807,-13.1870738663715,-6.48870738663714));
#6167=CARTESIAN_POINT('',(-16.446079206807,-13.1870738663715,-1.13870738663714));
#6168=CARTESIAN_POINT('',(-13.946079206807,-13.1870738663715,-1.13870738663714));
#6169=CARTESIAN_POINT('',(-13.946079206807,-13.1870738663715,1.36129261336286));
#6170=CARTESIAN_POINT('',(13.453920793193,-13.1870738663715,1.36129261336286));
#6171=CARTESIAN_POINT('',(-2.2,-13.1870738663715,1.36129261336286));
#6172=CARTESIAN_POINT('',(-2.2,-13.1870738663715,0.861292613362858));
#6173=CARTESIAN_POINT('',(-1.7,-13.1870738663715,0.861292613362858));
#6174=CARTESIAN_POINT('',(-1.7,-13.1870738663715,-6.48870738663714));
#6175=CARTESIAN_POINT('',(-1.7,-13.1870738663715,-6.48870738663714));
#6176=CARTESIAN_POINT('',(-1.7,-13.1870738663715,-6.));
#6177=CARTESIAN_POINT('',(13.453920793193,-13.1870738663715,-6.));
#6178=CARTESIAN_POINT('',(-14.6,-13.1870738663715,-6.));
#6179=CARTESIAN_POINT('',(-14.6,-13.1870738663715,-8.4));
#6180=CARTESIAN_POINT('',(-14.6,-13.1870738663715,-7.2));
#6181=CARTESIAN_POINT('',(-2.8421709430404E-14,-13.1870738663715,-7.2));
#6182=CARTESIAN_POINT('',(14.6,-13.1870738663715,-7.2));
#6183=CARTESIAN_POINT('',(14.6,-13.1870738663715,-8.4));
#6184=CARTESIAN_POINT('',(14.6,-13.1870738663715,-6.));
#6185=CARTESIAN_POINT('',(-13.453920793193,-13.1870738663715,-6.));
#6186=CARTESIAN_POINT('',(1.7,-13.1870738663715,-6.));
#6187=CARTESIAN_POINT('',(1.7,-13.1870738663715,-6.48870738663714));
#6188=CARTESIAN_POINT('',(1.7,-13.1870738663715,-6.48870738663714));
#6189=CARTESIAN_POINT('',(1.7,-13.1870738663715,0.861292613362858));
#6190=CARTESIAN_POINT('',(2.2,-13.1870738663715,0.861292613362858));
#6191=CARTESIAN_POINT('',(2.2,-13.1870738663715,1.36129261336286));
#6192=CARTESIAN_POINT('',(-13.453920793193,-13.1870738663715,1.36129261336286));
#6193=CARTESIAN_POINT('',(13.946079206807,-13.1870738663715,1.36129261336286));
#6194=CARTESIAN_POINT('',(13.946079206807,-13.1870738663715,-1.13870738663714));
#6195=CARTESIAN_POINT('',(16.446079206807,-13.1870738663715,-1.13870738663714));
#6196=CARTESIAN_POINT('',(16.446079206807,-13.1870738663715,-6.48870738663714));
#6197=CARTESIAN_POINT('',(16.446079206807,-13.1870738663715,-1.98870738663714));
#6198=CARTESIAN_POINT('',(15.846079206807,-13.1870738663715,-1.98870738663714));
#6199=CARTESIAN_POINT('',(17.646079206807,-13.1870738663715,-1.98870738663714));
#6200=CARTESIAN_POINT('',(17.646079206807,-13.1870738663715,-6.48870738663714));
#6201=CARTESIAN_POINT('',(17.646079206807,-13.1870738663715,-3.29999999999999));
#6202=CARTESIAN_POINT('',(15.846079206807,-13.1870738663715,-3.29999999999999));
#6203=CARTESIAN_POINT('',(16.046079206807,-13.1870738663715,-3.29999999999999));
#6204=CARTESIAN_POINT('',(16.046079206807,-13.1870738663715,-3.69999999999999));
#6205=CARTESIAN_POINT('',(15.846079206807,-13.1870738663715,-4.04641016151377));
#6206=CARTESIAN_POINT('',(15.846079206807,-13.1870738663715,-6.48870738663714));
#6207=CARTESIAN_POINT('',(15.846079206807,-13.1870738663715,-5.01867412147962));
#6208=CARTESIAN_POINT('',(16.046079206807,-13.1870738663715,-5.01867412147962));
#6209=CARTESIAN_POINT('',(16.046079206807,-13.1870738663715,-5.21867412147962));
#6210=CARTESIAN_POINT('',(15.846079206807,-13.1870738663715,-5.21867412147962));
#6211=CARTESIAN_POINT('',(17.646079206807,-13.1870738663715,-5.21867412147962));
#6212=CARTESIAN_POINT('',(17.646079206807,-13.1870738663715,-6.48870738663714));
#6213=CARTESIAN_POINT('',(17.646079206807,-13.1870738663715,-6.10901502838241));
#6214=CARTESIAN_POINT('',(15.846079206807,-13.1870738663715,-6.10901502838241));
#6215=CARTESIAN_POINT('',(0.,0.,-4.5));
#6216=CARTESIAN_POINT('',(6.09999999999999,-15.5,-4.5));
#6217=CARTESIAN_POINT('',(6.09999999999999,-15.5,-4.5));
#6218=CARTESIAN_POINT('',(6.09999999999999,-20.5,-4.5));
#6219=CARTESIAN_POINT('',(15.5,-15.5,-4.5));
#6220=CARTESIAN_POINT('',(15.5,-15.5,-4.5));
#6221=CARTESIAN_POINT('',(15.5,-20.5,-4.5));
#6222=CARTESIAN_POINT('',(15.5,-20.5,-4.5));
#6223=CARTESIAN_POINT('',(6.09999999999999,-20.5,-4.5));
#6224=CARTESIAN_POINT('',(-4.40000000000001,-15.5,-4.5));
#6225=CARTESIAN_POINT('',(-4.40000000000001,-15.5,-4.5));
#6226=CARTESIAN_POINT('',(-4.40000000000001,-20.5,-4.5));
#6227=CARTESIAN_POINT('',(4.99999999999999,-15.5,-4.5));
#6228=CARTESIAN_POINT('',(4.99999999999999,-15.5,-4.5));
#6229=CARTESIAN_POINT('',(4.99999999999999,-20.5,-4.5));
#6230=CARTESIAN_POINT('',(4.99999999999999,-20.5,-4.5));
#6231=CARTESIAN_POINT('',(-4.40000000000001,-20.5,-4.5));
#6232=CARTESIAN_POINT('',(-14.9,-15.5,-4.5));
#6233=CARTESIAN_POINT('',(-14.9,-15.5,-4.5));
#6234=CARTESIAN_POINT('',(-14.9,-20.5,-4.5));
#6235=CARTESIAN_POINT('',(-5.50000000000001,-15.5,-4.5));
#6236=CARTESIAN_POINT('',(-5.50000000000001,-15.5,-4.5));
#6237=CARTESIAN_POINT('',(-5.50000000000001,-20.5,-4.5));
#6238=CARTESIAN_POINT('',(-5.50000000000001,-20.5,-4.5));
#6239=CARTESIAN_POINT('',(-14.9,-20.5,-4.5));
#6240=CARTESIAN_POINT('',(-1.7,0.,-4.5));
#6241=CARTESIAN_POINT('',(-1.7,-14.3,-4.5));
#6242=CARTESIAN_POINT('',(-1.7,-13.4,-4.5));
#6243=CARTESIAN_POINT('',(0.,-14.3,-4.5));
#6244=CARTESIAN_POINT('',(2.1316282072803E-14,-21.5,-4.5));
#6245=CARTESIAN_POINT('',(16.,-21.5,-4.5));
#6246=CARTESIAN_POINT('',(16.,-21.5,-4.5));
#6247=CARTESIAN_POINT('',(16.,-14.3,-4.5));
#6248=CARTESIAN_POINT('',(0.,-14.3,-4.5));
#6249=CARTESIAN_POINT('',(1.7,-14.3,-4.5));
#6250=CARTESIAN_POINT('',(1.7,0.,-4.5));
#6251=CARTESIAN_POINT('',(1.7,-13.4,-4.5));
#6252=CARTESIAN_POINT('',(-2.8421709430404E-14,-13.4,-4.5));
#6253=CARTESIAN_POINT('',(2.1316282072803E-14,-21.5,-8.4));
#6254=CARTESIAN_POINT('',(-16.,-21.5,-8.4));
#6255=CARTESIAN_POINT('',(-14.,-21.5,-8.4));
#6256=CARTESIAN_POINT('',(14.,-21.5,-8.4));
#6257=CARTESIAN_POINT('',(14.,-21.5,-6.4));
#6258=CARTESIAN_POINT('',(16.,-21.5,-6.4));
#6259=CARTESIAN_POINT('',(16.,-21.5,-8.4));
#6260=CARTESIAN_POINT('',(-14.,-21.5,-6.4));
#6261=CARTESIAN_POINT('',(16.,-21.5,-8.4));
#6262=CARTESIAN_POINT('',(16.,-13.1870738663715,-6.4));
#6263=CARTESIAN_POINT('',(16.,-14.3,-6.10901502838241));
#6264=CARTESIAN_POINT('',(16.,-14.3,-6.10901502838241));
#6265=CARTESIAN_POINT('',(16.,-14.3,-8.4));
#6266=CARTESIAN_POINT('',(-2.8421709430404E-14,-13.4,-8.4));
#6267=CARTESIAN_POINT('',(-1.7,-13.4,-8.4));
#6268=CARTESIAN_POINT('',(-1.7,-13.4,-6.));
#6269=CARTESIAN_POINT('',(1.7,-13.4,-8.4));
#6270=CARTESIAN_POINT('',(1.7,-13.4,-6.));
#6271=CARTESIAN_POINT('',(-2.8421709430404E-14,-13.4,-6.));
#6272=CARTESIAN_POINT('',(0.,0.,-8.4));
#6273=CARTESIAN_POINT('',(14.,-21.5,-8.4));
#6274=CARTESIAN_POINT('',(-14.,-13.1870738663715,-8.4));
#6275=CARTESIAN_POINT('',(-14.9,-15.5,-7.4));
#6276=CARTESIAN_POINT('',(-14.9,-20.5,-7.4));
#6277=CARTESIAN_POINT('',(-14.9,-20.5,-7.4));
#6278=CARTESIAN_POINT('',(-14.9,-15.5,-7.4));
#6279=CARTESIAN_POINT('',(-14.9,-15.5,-7.4));
#6280=CARTESIAN_POINT('',(-14.9,-15.5,-7.4));
#6281=CARTESIAN_POINT('',(-14.9,-20.5,-7.4));
#6282=CARTESIAN_POINT('',(-5.50000000000001,-20.5,-7.4));
#6283=CARTESIAN_POINT('',(-5.50000000000001,-20.5,-7.4));
#6284=CARTESIAN_POINT('',(-14.9,-20.5,-7.4));
#6285=CARTESIAN_POINT('',(-5.50000000000001,-20.5,-7.4));
#6286=CARTESIAN_POINT('',(-5.50000000000001,-15.5,-7.4));
#6287=CARTESIAN_POINT('',(-5.50000000000001,-15.5,-7.4));
#6288=CARTESIAN_POINT('',(-5.50000000000001,-20.5,-7.4));
#6289=CARTESIAN_POINT('',(-5.50000000000001,-15.5,-7.4));
#6290=CARTESIAN_POINT('',(-5.50000000000001,-15.5,-7.4));
#6291=CARTESIAN_POINT('',(0.,0.,-7.4));
#6292=CARTESIAN_POINT('',(-4.40000000000001,-15.5,-7.4));
#6293=CARTESIAN_POINT('',(-4.40000000000001,-20.5,-7.4));
#6294=CARTESIAN_POINT('',(-4.40000000000001,-20.5,-7.4));
#6295=CARTESIAN_POINT('',(-4.40000000000001,-15.5,-7.4));
#6296=CARTESIAN_POINT('',(-4.40000000000001,-15.5,-7.4));
#6297=CARTESIAN_POINT('',(-4.40000000000001,-15.5,-7.4));
#6298=CARTESIAN_POINT('',(-4.40000000000001,-20.5,-7.4));
#6299=CARTESIAN_POINT('',(4.99999999999999,-20.5,-7.4));
#6300=CARTESIAN_POINT('',(4.99999999999999,-20.5,-7.4));
#6301=CARTESIAN_POINT('',(-4.40000000000001,-20.5,-7.4));
#6302=CARTESIAN_POINT('',(4.99999999999999,-20.5,-7.4));
#6303=CARTESIAN_POINT('',(4.99999999999999,-15.5,-7.4));
#6304=CARTESIAN_POINT('',(4.99999999999999,-15.5,-7.4));
#6305=CARTESIAN_POINT('',(4.99999999999999,-20.5,-7.4));
#6306=CARTESIAN_POINT('',(4.99999999999999,-15.5,-7.4));
#6307=CARTESIAN_POINT('',(4.99999999999999,-15.5,-7.4));
#6308=CARTESIAN_POINT('',(0.,0.,-7.4));
#6309=CARTESIAN_POINT('',(6.09999999999999,-15.5,-7.4));
#6310=CARTESIAN_POINT('',(6.09999999999999,-20.5,-7.4));
#6311=CARTESIAN_POINT('',(6.09999999999999,-20.5,-7.4));
#6312=CARTESIAN_POINT('',(6.09999999999999,-15.5,-7.4));
#6313=CARTESIAN_POINT('',(6.09999999999999,-15.5,-7.4));
#6314=CARTESIAN_POINT('',(6.09999999999999,-15.5,-7.4));
#6315=CARTESIAN_POINT('',(6.09999999999999,-20.5,-7.4));
#6316=CARTESIAN_POINT('',(15.5,-20.5,-7.4));
#6317=CARTESIAN_POINT('',(15.5,-20.5,-7.4));
#6318=CARTESIAN_POINT('',(6.09999999999999,-20.5,-7.4));
#6319=CARTESIAN_POINT('',(15.5,-20.5,-7.4));
#6320=CARTESIAN_POINT('',(15.5,-15.5,-7.4));
#6321=CARTESIAN_POINT('',(15.5,-15.5,-7.4));
#6322=CARTESIAN_POINT('',(15.5,-20.5,-7.4));
#6323=CARTESIAN_POINT('',(15.5,-15.5,-7.4));
#6324=CARTESIAN_POINT('',(15.5,-15.5,-7.4));
#6325=CARTESIAN_POINT('',(0.,0.,-7.4));
#6326=CARTESIAN_POINT('',(-15.846079206807,-14.3,-6.10901502838241));
#6327=CARTESIAN_POINT('',(-15.846079206807,-14.3,-6.10901502838241));
#6328=CARTESIAN_POINT('',(-17.646079206807,-14.3,-6.10901502838241));
#6329=CARTESIAN_POINT('',(-17.646079206807,-14.3,-6.10901502838241));
#6330=CARTESIAN_POINT('',(-15.846079206807,-13.1870738663715,-1.98870738663714));
#6331=CARTESIAN_POINT('',(-17.646079206807,-13.1870738663715,-1.98870738663714));
#6332=CARTESIAN_POINT('',(-17.646079206807,-14.3,-1.98870738663714));
#6333=CARTESIAN_POINT('',(-15.846079206807,-14.3,-1.98870738663714));
#6334=CARTESIAN_POINT('',(-16.446079206807,-14.3,-1.98870738663714));
#6335=CARTESIAN_POINT('',(-16.446079206807,-13.1870738663715,-1.98870738663714));
#6336=CARTESIAN_POINT('',(-15.846079206807,0.,0.));
#6337=CARTESIAN_POINT('',(-15.846079206807,-13.1870738663715,-4.67226395996585));
#6338=CARTESIAN_POINT('',(-15.846079206807,-13.1870738663715,-4.81092635696288));
#6339=CARTESIAN_POINT('',(-15.846079206807,-13.0835925175164,-4.92215305733339));
#6340=CARTESIAN_POINT('',(-15.846079206807,-12.9870738663715,-5.01867412147962));
#6341=CARTESIAN_POINT('',(-15.846079206807,-12.9870738663715,-5.01867412147962));
#6342=CARTESIAN_POINT('',(-15.846079206807,-8.20000000000001,-5.01867412147962));
#6343=CARTESIAN_POINT('',(-15.846079206807,-8.20000000000001,-5.01867412147962));
#6344=CARTESIAN_POINT('',(-15.846079206807,-8.20000000000001,-4.45151683395424));
#6345=CARTESIAN_POINT('',(-15.846079206807,-8.20000000000001,-4.45151683395424));
#6346=CARTESIAN_POINT('',(-15.846079206807,-9.61965899283301,-3.03185784112123));
#6347=CARTESIAN_POINT('',(-15.846079206807,-9.61965899283301,-3.03185784112123));
#6348=CARTESIAN_POINT('',(-15.846079206807,-9.97745097892667,-3.53255907731401));
#6349=CARTESIAN_POINT('',(-15.846079206807,-9.97745097892667,-3.532559077314));
#6350=CARTESIAN_POINT('',(-15.846079206807,-10.3028987866607,-3.3));
#6351=CARTESIAN_POINT('',(-15.846079206807,-10.3028987866607,-3.7));
#6352=CARTESIAN_POINT('',(-15.846079206807,-13.1870738663715,-3.69999999999999));
#6353=CARTESIAN_POINT('',(-15.846079206807,-12.9870738663715,-3.69999999999999));
#6354=CARTESIAN_POINT('',(-15.846079206807,-13.1870738663715,-4.04641016151377));
#6355=CARTESIAN_POINT('',(-15.846079206807,-13.1870738663715,-3.90774776451674));
#6356=CARTESIAN_POINT('',(-15.846079206807,-13.0835925175163,-3.79652106414628));
#6357=CARTESIAN_POINT('',(-15.846079206807,-12.9870738663715,-3.69999999999999));
#6358=CARTESIAN_POINT('',(-15.846079206807,-14.3,-1.98870738663714));
#6359=CARTESIAN_POINT('',(-17.646079206807,-14.3,-1.98870738663714));
#6360=CARTESIAN_POINT('',(-1.7,-14.3,1.36129261336286));
#6361=CARTESIAN_POINT('',(-1.7,-14.3,0.861292613362858));
#6362=CARTESIAN_POINT('',(-2.2,-14.3,0.861292613362858));
#6363=CARTESIAN_POINT('',(-2.2,-14.3,1.36129261336286));
#6364=CARTESIAN_POINT('',(13.453920793193,-14.3,1.36129261336286));
#6365=CARTESIAN_POINT('',(-13.946079206807,-14.3,1.36129261336286));
#6366=CARTESIAN_POINT('',(-13.946079206807,-14.3,-1.13870738663714));
#6367=CARTESIAN_POINT('',(-16.446079206807,-14.3,-1.13870738663714));
#6368=CARTESIAN_POINT('',(-16.446079206807,-14.3,1.36129261336286));
#6369=CARTESIAN_POINT('',(-15.846079206807,-13.1870738663715,-5.21867412147962));
#6370=CARTESIAN_POINT('',(-15.846079206807,-8.20000000000001,-5.21867412147962));
#6371=CARTESIAN_POINT('',(-17.646079206807,-8.20000000000001,-5.21867412147962));
#6372=CARTESIAN_POINT('',(-16.046079206807,-8.20000000000001,-5.21867412147962));
#6373=CARTESIAN_POINT('',(-16.046079206807,-13.1870738663715,-5.21867412147962));
#6374=CARTESIAN_POINT('',(-16.046079206807,-12.9870738663715,-5.21867412147962));
#6375=CARTESIAN_POINT('',(-17.846079206807,-12.9870738663715,-5.21867412147962));
#6376=CARTESIAN_POINT('',(-17.646079206807,-12.9870738663715,-5.21867412147962));
#6377=CARTESIAN_POINT('',(-17.646079206807,-13.1870738663715,-5.21867412147962));
#6378=CARTESIAN_POINT('',(-15.846079206807,-8.00000000000001,-5.21867412147962));
#6379=CARTESIAN_POINT('',(-15.846079206807,-8.00000000000001,-4.45151683395424));
#6380=CARTESIAN_POINT('',(-17.646079206807,-8.00000000000001,-4.45151683395424));
#6381=CARTESIAN_POINT('',(-16.046079206807,-8.00000000000001,-4.45151683395424));
#6382=CARTESIAN_POINT('',(-16.046079206807,-8.00000000000001,-5.01867412147962));
#6383=CARTESIAN_POINT('',(-16.046079206807,-8.00000000000001,-5.01867412147962));
#6384=CARTESIAN_POINT('',(-15.846079206807,-8.00000000000001,-5.01867412147962));
#6385=CARTESIAN_POINT('',(-17.646079206807,-8.00000000000001,-5.01867412147962));
#6386=CARTESIAN_POINT('',(-17.646079206807,-8.00000000000001,-5.21867412147962));
#6387=CARTESIAN_POINT('',(-15.846079206807,-8.00000000000001,-4.36867412147962));
#6388=CARTESIAN_POINT('',(-15.846079206807,-9.4782376365957,-2.89043648488393));
#6389=CARTESIAN_POINT('',(-17.646079206807,-9.4782376365957,-2.89043648488393));
#6390=CARTESIAN_POINT('',(-16.046079206807,-9.4782376365957,-2.89043648488393));
#6391=CARTESIAN_POINT('',(-16.046079206807,-8.0585786437627,-4.31009547771693));
#6392=CARTESIAN_POINT('',(-16.046079206807,-8.0585786437627,-4.31009547771693));
#6393=CARTESIAN_POINT('',(-15.846079206807,-8.0585786437627,-4.31009547771693));
#6394=CARTESIAN_POINT('',(-17.646079206807,-8.0585786437627,-4.31009547771693));
#6395=CARTESIAN_POINT('',(-17.646079206807,-8.00000000000001,-4.36867412147962));
#6396=CARTESIAN_POINT('',(-15.846079206807,-9.64514677827617,-2.72352734320345));
#6397=CARTESIAN_POINT('',(-15.846079206807,-10.1401748827937,-3.416279538657));
#6398=CARTESIAN_POINT('',(-17.646079206807,-10.1401748827937,-3.416279538657));
#6399=CARTESIAN_POINT('',(-16.046079206807,-10.1401748827937,-3.416279538657));
#6400=CARTESIAN_POINT('',(-16.046079206807,-9.78238289670001,-2.91557830246424));
#6401=CARTESIAN_POINT('',(-16.046079206807,-9.7823828967,-2.91557830246423));
#6402=CARTESIAN_POINT('',(-15.846079206807,-9.7823828967,-2.91557830246423));
#6403=CARTESIAN_POINT('',(-17.646079206807,-9.7823828967,-2.91557830246423));
#6404=CARTESIAN_POINT('',(-17.646079206807,-9.64514677827617,-2.72352734320345));
#6405=CARTESIAN_POINT('',(-15.846079206807,-10.2,-3.5));
#6406=CARTESIAN_POINT('',(-15.846079206807,-12.9870738663715,-3.49999999999999));
#6407=CARTESIAN_POINT('',(-17.646079206807,-12.9870738663715,-3.49999999999999));
#6408=CARTESIAN_POINT('',(-16.046079206807,-12.9870738663715,-3.49999999999999));
#6409=CARTESIAN_POINT('',(-16.046079206807,-10.3028987866607,-3.5));
#6410=CARTESIAN_POINT('',(-16.046079206807,-10.3028987866607,-3.5));
#6411=CARTESIAN_POINT('',(-17.846079206807,-10.3028987866607,-3.5));
#6412=CARTESIAN_POINT('',(-17.646079206807,-10.3028987866607,-3.5));
#6413=CARTESIAN_POINT('',(-17.646079206807,-10.2,-3.5));
#6414=CARTESIAN_POINT('',(-17.846079206807,0.,0.));
#6415=CARTESIAN_POINT('',(-17.846079206807,-12.9870738663715,-5.41867412147962));
#6416=CARTESIAN_POINT('',(-17.846079206807,-13.3870738663715,-5.41867412147962));
#6417=CARTESIAN_POINT('',(-17.846079206807,-12.9870738663715,-5.01867412147962));
#6418=CARTESIAN_POINT('',(-17.846079206807,-13.3870738663715,1.53662309372081E-14));
#6419=CARTESIAN_POINT('',(-17.846079206807,-13.3870738663715,-5.90901502838241));
#6420=CARTESIAN_POINT('',(-17.846079206807,0.,-5.90901502838241));
#6421=CARTESIAN_POINT('',(-17.846079206807,-14.1,-5.90901502838241));
#6422=CARTESIAN_POINT('',(-17.846079206807,-14.1,4.74908247402856E-14));
#6423=CARTESIAN_POINT('',(-17.846079206807,-14.1,-2.18870738663714));
#6424=CARTESIAN_POINT('',(-17.846079206807,-5.97021082451633E-15,-2.18870738663718));
#6425=CARTESIAN_POINT('',(-17.846079206807,-13.3870738663715,-2.18870738663714));
#6426=CARTESIAN_POINT('',(-17.846079206807,-13.3870738663715,1.53662309372081E-14));
#6427=CARTESIAN_POINT('',(-17.846079206807,-13.3870738663715,-3.29999999999999));
#6428=CARTESIAN_POINT('',(-17.846079206807,-12.9870738663715,-3.29999999999999));
#6429=CARTESIAN_POINT('',(-17.846079206807,-12.9870738663715,-3.69999999999999));
#6430=CARTESIAN_POINT('',(-17.846079206807,-8.05781487366292E-15,-3.70000000000002));
#6431=CARTESIAN_POINT('',(-17.846079206807,-10.3028987866607,-3.7));
#6432=CARTESIAN_POINT('',(-17.846079206807,-10.3028987866607,-3.3));
#6433=CARTESIAN_POINT('',(-17.846079206807,-9.97745097892667,-3.532559077314));
#6434=CARTESIAN_POINT('',(-17.846079206807,-4.93381087187472,3.52561140907375));
#6435=CARTESIAN_POINT('',(-17.846079206807,-9.61965899283301,-3.03185784112123));
#6436=CARTESIAN_POINT('',(-17.846079206807,-6.32575841697714,-6.32575841697712));
#6437=CARTESIAN_POINT('',(-17.846079206807,-8.20000000000001,-4.45151683395424));
#6438=CARTESIAN_POINT('',(-17.846079206807,-8.20000000000001,0.));
#6439=CARTESIAN_POINT('',(-17.846079206807,-8.20000000000001,-5.01867412147962));
#6440=CARTESIAN_POINT('',(-17.846079206807,0.,-5.01867412147962));
#6441=CARTESIAN_POINT('',(-16.446079206807,0.,0.));
#6442=CARTESIAN_POINT('',(-16.446079206807,0.,-1.13870738663714));
#6443=CARTESIAN_POINT('',(13.453920793193,-13.1870738663715,1.36129261336286));
#6444=CARTESIAN_POINT('',(-2.2,-13.1870738663715,1.36129261336286));
#6445=CARTESIAN_POINT('',(-13.946079206807,-13.1870738663715,1.36129261336286));
#6446=CARTESIAN_POINT('',(-13.946079206807,-13.1870738663715,-1.13870738663714));
#6447=CARTESIAN_POINT('',(-1.7,-12.,14.95));
#6448=CARTESIAN_POINT('',(-1.7,-12.,-6.));
#6449=CARTESIAN_POINT('',(-1.7,-14.3,0.861292613362858));
#6450=CARTESIAN_POINT('',(-2.2,-12.,0.861292613362858));
#6451=CARTESIAN_POINT('',(-14.6,-15.2,-6.));
#6452=CARTESIAN_POINT('',(-14.6,-15.2,-6.));
#6453=CARTESIAN_POINT('',(-14.6,6.4,-6.));
#6454=CARTESIAN_POINT('',(-14.6,6.4,-7.2));
#6455=CARTESIAN_POINT('',(-14.6,6.4,-7.2));
#6456=CARTESIAN_POINT('',(-14.6,-15.2,-7.2));
#6457=CARTESIAN_POINT('',(-1.19403806942157E-15,-15.2,-6.));
#6458=CARTESIAN_POINT('',(-0.717154370182206,-15.2375844679444,-6.));
#6459=CARTESIAN_POINT('',(-1.85168068344504,6.41046719124859,-6.));
#6460=CARTESIAN_POINT('',(-1.64103926027916,2.39118940372278,-6.));
#6461=CARTESIAN_POINT('',(-2.05140659039595,6.4,-6.));
#6462=CARTESIAN_POINT('',(-2.05140659039595,6.6,-6.));
#6463=CARTESIAN_POINT('',(-1.19403806942157E-15,6.6,-6.));
#6464=CARTESIAN_POINT('',(-14.4,6.6,-6.));
#6465=CARTESIAN_POINT('',(-14.4,6.4,-6.));
#6466=CARTESIAN_POINT('',(1.7,-15.8,-6.));
#6467=CARTESIAN_POINT('',(14.6,-15.2,-6.));
#6468=CARTESIAN_POINT('',(14.6,6.4,-6.));
#6469=CARTESIAN_POINT('',(14.4,6.4,-6.));
#6470=CARTESIAN_POINT('',(2.05140659039595,6.4,-6.));
#6471=CARTESIAN_POINT('',(1.85168068344504,6.41046719124859,-6.));
#6472=CARTESIAN_POINT('',(0.717154370182206,-15.2375844679444,-6.));
#6473=CARTESIAN_POINT('',(1.64103926027916,2.39118940372278,-6.));
#6474=CARTESIAN_POINT('',(-1.19403806942157E-15,2.39118940372277,-6.));
#6475=CARTESIAN_POINT('',(2.14172543327812,2.39118940372277,-6.));
#6476=CARTESIAN_POINT('',(1.99931476737729,-0.326167978121468,-6.));
#6477=CARTESIAN_POINT('',(2.09337739245477,1.46865382818848,-6.));
#6478=CARTESIAN_POINT('',(2.60238684512572,1.46865382818848,-6.));
#6479=CARTESIAN_POINT('',(8.28662414201347,1.46865382818848,-6.));
#6480=CARTESIAN_POINT('',(8.04424235043311,1.31806272539686,-6.));
#6481=CARTESIAN_POINT('',(13.1704116124303,4.50293679216313,-6.00000000338532));
#6482=CARTESIAN_POINT('',(13.1704116123798,4.15585043412053,-6.));
#6483=CARTESIAN_POINT('',(13.1704116123798,4.99607593967872,-6.00000000000001));
#6484=CARTESIAN_POINT('',(-4.68110170651391E-14,4.99607593967869,-6.));
#6485=CARTESIAN_POINT('',(13.1980879669485,4.99607593967872,-6.00000000084612));
#6486=CARTESIAN_POINT('',(13.1980879669351,4.55087330270661,-6.));
#6487=CARTESIAN_POINT('',(13.1980879669351,6.54607593967872,-6.));
#6488=CARTESIAN_POINT('',(16.0173639939237,6.54607593967873,-6.));
#6489=CARTESIAN_POINT('',(13.6981468919881,6.54607593967872,-6.));
#6490=CARTESIAN_POINT('',(13.6981468919881,-1.28466773926342,-6.));
#6491=CARTESIAN_POINT('',(13.6981468919881,5.39607593967872,-6.));
#6492=CARTESIAN_POINT('',(14.0981895509408,4.99607593967872,-6.));
#6493=CARTESIAN_POINT('',(13.8868916483277,4.99607593967872,-6.));
#6494=CARTESIAN_POINT('',(13.6981468919881,5.18477741173944,-6.));
#6495=CARTESIAN_POINT('',(13.6981468919881,5.39607593967872,-6.));
#6496=CARTESIAN_POINT('',(14.0981895509408,4.99607593967872,-6.));
#6497=CARTESIAN_POINT('',(-4.68110170651391E-14,4.99607593967869,-6.));
#6498=CARTESIAN_POINT('',(14.3574480839354,4.99607593967872,-6.));
#6499=CARTESIAN_POINT('',(14.3574480839354,-15.2,-6.));
#6500=CARTESIAN_POINT('',(14.3574480839354,4.06314980967126,-6.));
#6501=CARTESIAN_POINT('',(-4.63634386592478,-7.7376379362829,-6.));
#6502=CARTESIAN_POINT('',(8.5719776300414,0.468653828188479,-6.));
#6503=CARTESIAN_POINT('',(2.60238684512572,0.468653828188477,-6.));
#6504=CARTESIAN_POINT('',(2.60238684512572,0.468653828188477,-6.));
#6505=CARTESIAN_POINT('',(2.60238684512572,-15.2,-6.));
#6506=CARTESIAN_POINT('',(-2.60238684512572,-15.2,-6.));
#6507=CARTESIAN_POINT('',(-2.60238684512572,0.468653828188477,-6.00000000169266));
#6508=CARTESIAN_POINT('',(-2.60238684512572,0.468653828188477,-6.));
#6509=CARTESIAN_POINT('',(-8.5719776300414,0.468653828188479,-6.));
#6510=CARTESIAN_POINT('',(4.63634386592478,-7.7376379362829,-6.));
#6511=CARTESIAN_POINT('',(-14.3574480839354,4.06314980967126,-6.));
#6512=CARTESIAN_POINT('',(-14.3574480839354,-15.2,-6.));
#6513=CARTESIAN_POINT('',(-14.3574480839354,4.99607593967872,-6.));
#6514=CARTESIAN_POINT('',(4.4422940926296E-14,4.99607593967869,-6.));
#6515=CARTESIAN_POINT('',(-14.0981895509408,4.99607593967872,-6.));
#6516=CARTESIAN_POINT('',(-14.0981895509408,4.99607593967872,-6.));
#6517=CARTESIAN_POINT('',(-13.8868916483277,4.99607593967872,-6.));
#6518=CARTESIAN_POINT('',(-13.6981468919881,5.18477741173944,-6.));
#6519=CARTESIAN_POINT('',(-13.6981468919881,5.39607593967872,-6.));
#6520=CARTESIAN_POINT('',(-13.6981468919881,5.39607593967872,-6.));
#6521=CARTESIAN_POINT('',(-13.6981468919881,-1.28466773926342,-6.));
#6522=CARTESIAN_POINT('',(-13.6981468919881,6.54607593967872,-6.));
#6523=CARTESIAN_POINT('',(-16.0173639939237,6.54607593967873,-6.));
#6524=CARTESIAN_POINT('',(-13.1980879669351,6.54607593967872,-6.));
#6525=CARTESIAN_POINT('',(-13.1980879669351,4.55087330270661,-6.));
#6526=CARTESIAN_POINT('',(-13.1980879669485,4.99607593967872,-6.00000000084612));
#6527=CARTESIAN_POINT('',(4.4422940926296E-14,4.99607593967869,-6.));
#6528=CARTESIAN_POINT('',(-13.1704116123798,4.99607593967872,-6.00000000000001));
#6529=CARTESIAN_POINT('',(-13.1704116123798,4.15585043412053,-6.));
#6530=CARTESIAN_POINT('',(-13.1704116124303,4.50293679216313,-6.00000000338532));
#6531=CARTESIAN_POINT('',(-8.04424235043311,1.31806272539686,-6.));
#6532=CARTESIAN_POINT('',(-8.28662414201347,1.46865382818848,-6.));
#6533=CARTESIAN_POINT('',(-2.60238684512572,1.46865382818848,-6.));
#6534=CARTESIAN_POINT('',(-2.09337739245477,1.46865382818848,-6.));
#6535=CARTESIAN_POINT('',(-1.99931476737729,-0.326167978121468,-6.));
#6536=CARTESIAN_POINT('',(-2.14172543327812,2.39118940372278,-6.));
#6537=CARTESIAN_POINT('',(-1.19403806942157E-15,2.39118940372277,-6.));
#6538=CARTESIAN_POINT('',(-13.453920793193,-14.3,1.36129261336286));
#6539=CARTESIAN_POINT('',(15.846079206807,-14.3,-6.10901502838241));
#6540=CARTESIAN_POINT('',(17.646079206807,-14.3,-6.10901502838241));
#6541=CARTESIAN_POINT('',(17.646079206807,-14.3,1.36129261336286));
#6542=CARTESIAN_POINT('',(17.646079206807,-14.3,-1.98870738663714));
#6543=CARTESIAN_POINT('',(15.846079206807,-14.3,-1.98870738663714));
#6544=CARTESIAN_POINT('',(16.446079206807,-14.3,-1.98870738663714));
#6545=CARTESIAN_POINT('',(16.446079206807,-14.3,1.36129261336286));
#6546=CARTESIAN_POINT('',(16.446079206807,-14.3,-1.13870738663714));
#6547=CARTESIAN_POINT('',(13.946079206807,-14.3,-1.13870738663714));
#6548=CARTESIAN_POINT('',(13.946079206807,-14.3,1.36129261336286));
#6549=CARTESIAN_POINT('',(-13.453920793193,-14.3,1.36129261336286));
#6550=CARTESIAN_POINT('',(2.2,-14.3,1.36129261336286));
#6551=CARTESIAN_POINT('',(2.2,-14.3,0.861292613362858));
#6552=CARTESIAN_POINT('',(1.7,-14.3,0.861292613362858));
#6553=CARTESIAN_POINT('',(1.7,-14.3,1.36129261336286));
#6554=CARTESIAN_POINT('',(-13.453920793193,-13.1870738663715,1.36129261336286));
#6555=CARTESIAN_POINT('',(2.2,-13.1870738663715,1.36129261336286));
#6556=CARTESIAN_POINT('',(13.946079206807,-13.1870738663715,1.36129261336286));
#6557=CARTESIAN_POINT('',(16.446079206807,0.,0.));
#6558=CARTESIAN_POINT('',(16.446079206807,-5.42466409122831E-15,-1.98870738663718));
#6559=CARTESIAN_POINT('',(16.446079206807,0.,-1.13870738663714));
#6560=CARTESIAN_POINT('',(13.946079206807,0.,-1.13870738663714));
#6561=CARTESIAN_POINT('',(1.7,-15.8,14.95));
#6562=CARTESIAN_POINT('',(1.7,-15.8,0.861292613362858));
#6563=CARTESIAN_POINT('',(2.2,-13.1870738663715,0.861292613362858));
#6564=CARTESIAN_POINT('',(15.846079206807,-14.3,-6.10901502838241));
#6565=CARTESIAN_POINT('',(17.646079206807,-14.3,-6.10901502838241));
#6566=CARTESIAN_POINT('',(15.846079206807,-13.1870738663715,-5.21867412147962));
#6567=CARTESIAN_POINT('',(16.046079206807,-8.00000000000001,-5.21867412147962));
#6568=CARTESIAN_POINT('',(16.046079206807,-8.20000000000001,-5.21867412147962));
#6569=CARTESIAN_POINT('',(15.846079206807,-8.20000000000001,-5.21867412147962));
#6570=CARTESIAN_POINT('',(17.646079206807,-8.20000000000001,-5.21867412147962));
#6571=CARTESIAN_POINT('',(17.646079206807,-13.1870738663715,-5.21867412147962));
#6572=CARTESIAN_POINT('',(15.846079206807,-8.00000000000001,-5.21867412147962));
#6573=CARTESIAN_POINT('',(17.646079206807,-8.00000000000001,-5.21867412147962));
#6574=CARTESIAN_POINT('',(17.646079206807,-8.00000000000001,-4.45151683395424));
#6575=CARTESIAN_POINT('',(17.646079206807,-8.00000000000001,-5.01867412147962));
#6576=CARTESIAN_POINT('',(15.846079206807,-8.00000000000001,-5.01867412147962));
#6577=CARTESIAN_POINT('',(16.046079206807,-8.00000000000001,-5.01867412147962));
#6578=CARTESIAN_POINT('',(16.046079206807,-8.00000000000001,-4.36867412147962));
#6579=CARTESIAN_POINT('',(16.046079206807,-8.00000000000001,-4.45151683395424));
#6580=CARTESIAN_POINT('',(15.846079206807,-8.00000000000001,-4.45151683395424));
#6581=CARTESIAN_POINT('',(15.846079206807,-8.00000000000001,-4.36867412147962));
#6582=CARTESIAN_POINT('',(15.846079206807,-8.0585786437627,-4.31009547771693));
#6583=CARTESIAN_POINT('',(17.646079206807,-8.0585786437627,-4.31009547771693));
#6584=CARTESIAN_POINT('',(16.046079206807,-8.0585786437627,-4.31009547771693));
#6585=CARTESIAN_POINT('',(16.046079206807,-9.64514677827617,-2.72352734320345));
#6586=CARTESIAN_POINT('',(16.046079206807,-9.4782376365957,-2.89043648488393));
#6587=CARTESIAN_POINT('',(15.846079206807,-9.4782376365957,-2.89043648488393));
#6588=CARTESIAN_POINT('',(17.646079206807,-9.4782376365957,-2.89043648488393));
#6589=CARTESIAN_POINT('',(17.646079206807,-8.00000000000001,-4.36867412147962));
#6590=CARTESIAN_POINT('',(15.846079206807,-9.64514677827617,-2.72352734320345));
#6591=CARTESIAN_POINT('',(15.846079206807,-9.7823828967,-2.91557830246423));
#6592=CARTESIAN_POINT('',(17.646079206807,-9.7823828967,-2.91557830246423));
#6593=CARTESIAN_POINT('',(16.046079206807,-9.7823828967,-2.91557830246423));
#6594=CARTESIAN_POINT('',(16.046079206807,-10.2,-3.5));
#6595=CARTESIAN_POINT('',(16.046079206807,-10.1401748827937,-3.416279538657));
#6596=CARTESIAN_POINT('',(17.846079206807,-10.1401748827937,-3.416279538657));
#6597=CARTESIAN_POINT('',(17.646079206807,-10.1401748827937,-3.416279538657));
#6598=CARTESIAN_POINT('',(17.646079206807,-9.64514677827617,-2.72352734320345));
#6599=CARTESIAN_POINT('',(15.846079206807,-10.2,-3.5));
#6600=CARTESIAN_POINT('',(17.646079206807,-10.2,-3.5));
#6601=CARTESIAN_POINT('',(17.646079206807,-12.9870738663715,-3.49999999999999));
#6602=CARTESIAN_POINT('',(17.646079206807,-10.3028987866607,-3.5));
#6603=CARTESIAN_POINT('',(15.846079206807,-10.3028987866607,-3.5));
#6604=CARTESIAN_POINT('',(16.046079206807,-10.3028987866607,-3.5));
#6605=CARTESIAN_POINT('',(16.046079206807,-13.1870738663715,-3.49999999999999));
#6606=CARTESIAN_POINT('',(16.046079206807,-12.9870738663715,-3.49999999999999));
#6607=CARTESIAN_POINT('',(17.846079206807,-12.9870738663715,-3.49999999999999));
#6608=CARTESIAN_POINT('',(15.846079206807,-13.1870738663715,-1.98870738663714));
#6609=CARTESIAN_POINT('',(17.646079206807,-13.1870738663715,-1.98870738663714));
#6610=CARTESIAN_POINT('',(15.846079206807,0.,0.));
#6611=CARTESIAN_POINT('',(15.846079206807,-13.1870738663715,-4.04641016151377));
#6612=CARTESIAN_POINT('',(15.846079206807,-13.1870738663715,-3.90774776451674));
#6613=CARTESIAN_POINT('',(15.846079206807,-13.0835925175163,-3.79652106414628));
#6614=CARTESIAN_POINT('',(15.846079206807,-12.9870738663715,-3.69999999999999));
#6615=CARTESIAN_POINT('',(15.846079206807,-12.9870738663715,-3.69999999999999));
#6616=CARTESIAN_POINT('',(15.846079206807,-10.2,-3.7));
#6617=CARTESIAN_POINT('',(15.846079206807,-10.3028987866607,-3.7));
#6618=CARTESIAN_POINT('',(15.846079206807,-10.3028987866607,-3.3));
#6619=CARTESIAN_POINT('',(15.846079206807,-9.97745097892667,-3.532559077314));
#6620=CARTESIAN_POINT('',(15.846079206807,-9.48242287440918,-2.83980688186045));
#6621=CARTESIAN_POINT('',(15.846079206807,-9.61965899283301,-3.03185784112123));
#6622=CARTESIAN_POINT('',(15.846079206807,-8.14142135623732,-4.51009547771693));
#6623=CARTESIAN_POINT('',(15.846079206807,-8.20000000000001,-4.45151683395424));
#6624=CARTESIAN_POINT('',(15.846079206807,-8.20000000000001,-5.21867412147962));
#6625=CARTESIAN_POINT('',(15.846079206807,-8.20000000000001,-5.01867412147962));
#6626=CARTESIAN_POINT('',(15.846079206807,-13.1870738663715,-5.01867412147962));
#6627=CARTESIAN_POINT('',(17.846079206807,0.,0.));
#6628=CARTESIAN_POINT('',(17.846079206807,-14.1,0.));
#6629=CARTESIAN_POINT('',(17.846079206807,-14.1,-2.18870738663714));
#6630=CARTESIAN_POINT('',(17.846079206807,-14.1,-5.90901502838241));
#6631=CARTESIAN_POINT('',(17.846079206807,0.,-5.90901502838241));
#6632=CARTESIAN_POINT('',(17.846079206807,-13.3870738663715,-5.90901502838241));
#6633=CARTESIAN_POINT('',(17.846079206807,-13.3870738663715,0.));
#6634=CARTESIAN_POINT('',(17.846079206807,-13.3870738663715,-5.01867412147962));
#6635=CARTESIAN_POINT('',(17.846079206807,0.,-5.01867412147962));
#6636=CARTESIAN_POINT('',(17.846079206807,-8.20000000000001,-5.01867412147962));
#6637=CARTESIAN_POINT('',(17.846079206807,-8.20000000000001,0.));
#6638=CARTESIAN_POINT('',(17.846079206807,-8.20000000000001,-4.45151683395424));
#6639=CARTESIAN_POINT('',(17.846079206807,-6.32575841697714,-6.32575841697712));
#6640=CARTESIAN_POINT('',(17.846079206807,-9.61965899283301,-3.03185784112124));
#6641=CARTESIAN_POINT('',(17.846079206807,-4.93381087187471,3.52561140907375));
#6642=CARTESIAN_POINT('',(17.846079206807,-9.97745097892667,-3.53255907731401));
#6643=CARTESIAN_POINT('',(17.846079206807,-10.3028987866607,-3.3));
#6644=CARTESIAN_POINT('',(17.846079206807,-10.3028987866607,-3.7));
#6645=CARTESIAN_POINT('',(17.846079206807,-8.05781487366292E-15,-3.70000000000002));
#6646=CARTESIAN_POINT('',(17.846079206807,-12.9870738663715,-3.69999999999999));
#6647=CARTESIAN_POINT('',(17.846079206807,-12.9870738663715,-3.29999999999999));
#6648=CARTESIAN_POINT('',(17.846079206807,-13.3870738663715,-3.29999999999999));
#6649=CARTESIAN_POINT('',(17.846079206807,-13.3870738663715,0.));
#6650=CARTESIAN_POINT('',(17.846079206807,-13.3870738663715,-2.18870738663714));
#6651=CARTESIAN_POINT('',(17.846079206807,-5.97021082451633E-15,-2.18870738663718));
#6652=CARTESIAN_POINT('',(14.6,-15.2,-6.));
#6653=CARTESIAN_POINT('',(14.6,-15.2,-7.2));
#6654=CARTESIAN_POINT('',(14.6,6.4,-7.2));
#6655=CARTESIAN_POINT('',(14.6,6.4,-6.));
#6656=CARTESIAN_POINT('',(14.6,-15.2,-7.2));
#6657=CARTESIAN_POINT('',(14.6,6.6,-7.2));
#6658=CARTESIAN_POINT('',(-14.4,6.6,-7.2));
#6659=CARTESIAN_POINT('',(-2.05140659039595,6.6,-7.2));
#6660=CARTESIAN_POINT('',(-2.05140659039595,6.4,-7.2));
#6661=CARTESIAN_POINT('',(-1.85168068344504,6.41046719124859,-7.2));
#6662=CARTESIAN_POINT('',(-0.677164206370606,-16.0006422497982,-7.2));
#6663=CARTESIAN_POINT('',(-1.5,-0.299999999999996,-7.2));
#6664=CARTESIAN_POINT('',(14.6,-0.299999999999967,-7.2));
#6665=CARTESIAN_POINT('',(1.5,-0.299999999999996,-7.2));
#6666=CARTESIAN_POINT('',(0.757144533993807,-14.4745266860905,-7.2));
#6667=CARTESIAN_POINT('',(1.85168068344504,6.41046719124859,-7.2));
#6668=CARTESIAN_POINT('',(2.05140659039595,6.4,-7.2));
#6669=CARTESIAN_POINT('',(14.4,6.4,-7.2));
#6670=CARTESIAN_POINT('',(-14.4,6.4,-7.2));
#6671=CARTESIAN_POINT('',(0.,6.6,0.));
#6672=CARTESIAN_POINT('',(-2.05140659039595,6.6,-7.2));
#6673=CARTESIAN_POINT('',(-14.4,6.6,-6.));
#6674=CARTESIAN_POINT('',(-14.8574480839354,4.99607593967872,-6.2));
#6675=CARTESIAN_POINT('',(-14.3574480839354,4.99607593967872,-6.2));
#6676=CARTESIAN_POINT('',(-14.3574480839354,4.99607593967872,-1.5));
#6677=CARTESIAN_POINT('',(-12.8574480839354,4.99607593967872,-1.5));
#6678=CARTESIAN_POINT('',(-11.1060418589809,4.99607593967871,-1.24213168558592));
#6679=CARTESIAN_POINT('',(-11.1060418589809,4.99607593967871,-0.836987478699083));
#6680=CARTESIAN_POINT('',(-11.1060418589809,4.99607593967871,-0.836987478699083));
#6681=CARTESIAN_POINT('',(-12.0492693717175,4.99607593967871,-1.32187739254585));
#6682=CARTESIAN_POINT('',(-13.6904888251495,4.99607593967872,-2.79760210815215));
#6683=CARTESIAN_POINT('',(-14.083076275513,4.99607593967872,-4.9426493940025));
#6684=CARTESIAN_POINT('',(-14.0981895509408,4.99607593967872,-6.));
#6685=CARTESIAN_POINT('',(14.8574480839354,4.99607593967872,-6.2));
#6686=CARTESIAN_POINT('',(12.8743809848233,4.99607593967872,-4.0304825903849));
#6687=CARTESIAN_POINT('',(12.9613654966828,4.99607593967872,-4.30281782465918));
#6688=CARTESIAN_POINT('',(13.0278794041189,4.99607593967872,-4.58680449046503));
#6689=CARTESIAN_POINT('',(13.1353427149085,4.99607593967872,-5.24239405670617));
#6690=CARTESIAN_POINT('',(13.1896390582814,4.99607593967872,-5.93835831453787));
#6691=CARTESIAN_POINT('',(13.1630169391759,4.99607593967872,-6.64913344063516));
#6692=CARTESIAN_POINT('',(13.150801882153,4.99607593967872,-6.97525919573752));
#6693=CARTESIAN_POINT('',(13.1264649484129,4.99607593967872,-7.62502291587557));
#6694=CARTESIAN_POINT('',(13.1021280146728,4.99607593967872,-8.27478663601362));
#6695=CARTESIAN_POINT('',(13.0777910809327,4.99607593967872,-8.92455035615167));
#6696=CARTESIAN_POINT('',(13.0746901588774,4.99607593967872,-9.00734084537284));
#6697=CARTESIAN_POINT('',(13.0715892368221,4.99607593967872,-9.09013133459402));
#6698=CARTESIAN_POINT('',(13.0684883147669,4.99607593967872,-9.17292182381519));
#6699=CARTESIAN_POINT('',(12.8743809848233,4.99607593967872,-4.03048259038491));
#6700=CARTESIAN_POINT('',(13.1980879669485,4.99607593967872,-6.00000000084612));
#6701=CARTESIAN_POINT('',(13.1874857594731,4.99607593967872,-5.32877224069028));
#6702=CARTESIAN_POINT('',(13.1004479324043,4.99607593967872,-4.66138509984797));
#6703=CARTESIAN_POINT('',(12.8743809848233,4.99607593967872,-4.03048259038498));
#6704=CARTESIAN_POINT('',(-7.60238684512573,0.468653828188477,-6.2));
#6705=CARTESIAN_POINT('',(-7.60238684512573,0.468653828188477,-1.2));
#6706=CARTESIAN_POINT('',(-8.5719776300414,0.468653828188477,-6.2));
#6707=CARTESIAN_POINT('',(-2.60238684512572,0.468653828188477,-1.2));
#6708=CARTESIAN_POINT('',(-11.0173639939237,4.99607593967871,-6.2));
#6709=CARTESIAN_POINT('',(-7.38119483104637,6.69164946667544,-0.704424601395856));
#6710=CARTESIAN_POINT('',(-7.4150692465647,6.67585356730372,-0.709081115261606));
#6711=CARTESIAN_POINT('',(-7.44883678663129,6.66010750477361,-0.713822710153301));
#6712=CARTESIAN_POINT('',(-7.48249745124614,6.64441127908512,-0.718649386070941));
#6713=CARTESIAN_POINT('',(-7.38128634080699,6.69184593546255,-0.704424668070159));
#6714=CARTESIAN_POINT('',(-7.48259642564934,6.644623540473,-0.718649016684276));
#6715=CARTESIAN_POINT('',(-7.48240848808121,6.64445276329022,-0.360086684916066));
#6716=CARTESIAN_POINT('',(-7.381194908675,6.69164943047661,-0.644387913791454));
#6717=CARTESIAN_POINT('',(-14.8574480839354,4.99607593967872,-6.2));
#6718=CARTESIAN_POINT('',(-13.1980879669485,4.99607593967872,-6.00000000084612));
#6719=CARTESIAN_POINT('',(-13.1874857594731,4.99607593967872,-5.32877224069028));
#6720=CARTESIAN_POINT('',(-13.1004479324043,4.99607593967872,-4.66138509984797));
#6721=CARTESIAN_POINT('',(-12.8743809848233,4.99607593967872,-4.03048259038498));
#6722=CARTESIAN_POINT('',(-12.8743809848233,4.99607593967872,-4.03048259038491));
#6723=CARTESIAN_POINT('',(-12.8743809848233,4.99607593967872,-4.0304825903849));
#6724=CARTESIAN_POINT('',(-12.9613654966828,4.99607593967872,-4.30281782465918));
#6725=CARTESIAN_POINT('',(-13.0278794041189,4.99607593967872,-4.58680449046503));
#6726=CARTESIAN_POINT('',(-13.1353427149085,4.99607593967872,-5.24239405670617));
#6727=CARTESIAN_POINT('',(-13.1896390582814,4.99607593967872,-5.93835831453787));
#6728=CARTESIAN_POINT('',(-13.1630169391759,4.99607593967872,-6.64913344063516));
#6729=CARTESIAN_POINT('',(-13.150801882153,4.99607593967872,-6.97525919573752));
#6730=CARTESIAN_POINT('',(-13.1264649484129,4.99607593967872,-7.62502291587557));
#6731=CARTESIAN_POINT('',(-13.1021280146728,4.99607593967872,-8.27478663601362));
#6732=CARTESIAN_POINT('',(-13.0777910809327,4.99607593967872,-8.92455035615167));
#6733=CARTESIAN_POINT('',(-13.0746901588774,4.99607593967872,-9.00734084537284));
#6734=CARTESIAN_POINT('',(-13.0715892368221,4.99607593967872,-9.09013133459402));
#6735=CARTESIAN_POINT('',(-13.0684883147669,4.99607593967872,-9.17292182381519));
#6736=CARTESIAN_POINT('',(-11.0173639939237,4.99607593967871,-6.2));
#6737=CARTESIAN_POINT('',(-8.43606438804039,6.19975571389457,6.37846980094947E-12));
#6738=CARTESIAN_POINT('',(-9.29439897156135,5.79950772433946,-0.176496061677627));
#6739=CARTESIAN_POINT('',(-10.1429529767938,5.40382049334147,-0.428790360928966));
#6740=CARTESIAN_POINT('',(-10.9369945542846,5.03355282486405,-0.836987478699085));
#6741=CARTESIAN_POINT('',(-10.9369945542846,5.03355282486405,-0.836987478699085));
#6742=CARTESIAN_POINT('',(-10.9369945542846,5.03355282486405,-1.73472347597681E-15));
#6743=CARTESIAN_POINT('',(-8.5719776300414,0.468653828188479,-6.2));
#6744=CARTESIAN_POINT('',(-12.8574480839354,3.13120416839759,-1.5));
#6745=CARTESIAN_POINT('',(-14.3574480839354,4.06314980967126,-1.5));
#6746=CARTESIAN_POINT('',(-14.3574480839354,4.06314980967126,-6.2));
#6747=CARTESIAN_POINT('',(-14.3574480839354,4.37379835676249,-6.2));
#6748=CARTESIAN_POINT('',(-14.3574480839354,4.37379835676249,-1.5));
#6749=CARTESIAN_POINT('',(-6.89631868197635,6.9177509282435,-6.2));
#6750=CARTESIAN_POINT('',(-6.39791436817931,9.4818188423649,-6.2));
#6751=CARTESIAN_POINT('',(-6.39795154365207,9.48182008645119,-0.596064765897092));
#6752=CARTESIAN_POINT('',(-6.39791401170719,9.48182067625498,-0.596537895613138));
#6753=CARTESIAN_POINT('',(-6.53002125553766,8.80218782446821,-0.609221031217307));
#6754=CARTESIAN_POINT('',(-6.66212849936812,8.12255497268143,-0.621904166821477));
#6755=CARTESIAN_POINT('',(-6.79423574319859,7.44292212089465,-0.634587302425646));
#6756=CARTESIAN_POINT('',(-6.7942839288412,7.44291917228282,-0.633985298805061));
#6757=CARTESIAN_POINT('',(-6.79423554088269,7.44292316171972,0.));
#6758=CARTESIAN_POINT('',(-6.31926896936423,9.88641434467663,-6.2));
#6759=CARTESIAN_POINT('',(-3.43696091329804,9.88641434467662,-6.2));
#6760=CARTESIAN_POINT('',(-3.43696091329804,9.88641434467663,-0.585559927549499));
#6761=CARTESIAN_POINT('',(-3.85,9.88641434467663,-0.585559927549499));
#6762=CARTESIAN_POINT('',(-3.73739122281182,9.88641434467662,-0.585559927549499));
#6763=CARTESIAN_POINT('',(-3.73739122281182,9.88641434467663,20.5));
#6764=CARTESIAN_POINT('',(-3.73739122281182,9.88641434467663,-0.499999999999997));
#6765=CARTESIAN_POINT('',(-6.31926896936422,9.88641434467663,-0.499999999999994));
#6766=CARTESIAN_POINT('',(-3.80920568285021,9.88641434467662,-0.499999999999996));
#6767=CARTESIAN_POINT('',(-3.80920568285021,9.88641434467663,-0.5));
#6768=CARTESIAN_POINT('',(-4.58414139203807,9.88641434467663,-0.5));
#6769=CARTESIAN_POINT('',(-5.28343977972057,9.88641434467663,-0.519717864641064));
#6770=CARTESIAN_POINT('',(-5.90710084589772,9.88641434467663,-0.559153593923191));
#6771=CARTESIAN_POINT('',(-5.90710707800171,9.88641434467663,-0.559056157396444));
#6772=CARTESIAN_POINT('',(-5.90710077645548,9.88641434467663,-6.2));
#6773=CARTESIAN_POINT('',(-8.28662414201347,6.29824556715467,-0.8540868403628));
#6774=CARTESIAN_POINT('',(-8.28662414201347,1.43984910608729,-0.8540868403628));
#6775=CARTESIAN_POINT('',(-9.20300243994672,6.29824556715467,-1.03262915267981));
#6776=CARTESIAN_POINT('',(-9.20300243994672,1.43984910608729,-1.03262915267981));
#6777=CARTESIAN_POINT('',(-11.0258563569248,6.29824556715467,-1.51816277075614));
#6778=CARTESIAN_POINT('',(-11.0258563569248,1.43984910608729,-1.51816277075614));
#6779=CARTESIAN_POINT('',(-12.5118769553895,6.29824556715467,-3.01881456767082));
#6780=CARTESIAN_POINT('',(-12.5118769553895,1.43984910608729,-3.01881456767082));
#6781=CARTESIAN_POINT('',(-12.8743809848233,6.29824556715467,-4.03048259038491));
#6782=CARTESIAN_POINT('',(-12.8743809848233,1.43984910608729,-4.03048259038491));
#6783=CARTESIAN_POINT('',(-8.28662414202171,15.5,-0.854086840364406));
#6784=CARTESIAN_POINT('',(-8.28662414201347,1.46865382818848,-0.8540868403628));
#6785=CARTESIAN_POINT('',(-8.28662414202171,6.26944084504964,-0.854086840364406));
#6786=CARTESIAN_POINT('',(-12.8743809848233,4.31901382344189,-4.03048259038491));
#6787=CARTESIAN_POINT('',(-12.6925948145056,4.2060706040609,-3.52315786969318));
#6788=CARTESIAN_POINT('',(-12.2629461900604,3.93913116217366,-2.82335356078475));
#6789=CARTESIAN_POINT('',(-11.6028597849114,3.52902139674521,-2.19731874086255));
#6790=CARTESIAN_POINT('',(-10.9104878919128,3.09885275153161,-1.73623091393729));
#6791=CARTESIAN_POINT('',(-10.4050768112161,2.78484231572713,-1.48941149618263));
#6792=CARTESIAN_POINT('',(-9.54844089980374,2.25261691319429,-1.14664073377732));
#6793=CARTESIAN_POINT('',(-8.82187518638727,1.80120374671604,-0.958372329606842));
#6794=CARTESIAN_POINT('',(-8.28662414201347,1.46865382818848,-0.8540868403628));
#6795=CARTESIAN_POINT('',(-12.8743809848233,4.31901382344189,-4.0304825903849));
#6796=CARTESIAN_POINT('',(-12.8743809848233,15.5,-4.03048259038491));
#6797=CARTESIAN_POINT('',(-12.8743809848233,4.99607593967871,-4.03048259038491));
#6798=CARTESIAN_POINT('',(-12.5228306399124,4.99607593967871,-3.04938386197636));
#6799=CARTESIAN_POINT('',(-11.8242174027917,4.99607593967871,-2.29883244841723));
#6800=CARTESIAN_POINT('',(-11.0173639939262,4.99607593967871,-1.8163991385744));
#6801=CARTESIAN_POINT('',(-11.0173639939237,4.99607593967871,-1.81639913857288));
#6802=CARTESIAN_POINT('',(-11.0173639939237,4.99607593967871,-1.81639913857288));
#6803=CARTESIAN_POINT('',(-10.3504337239598,5.30707063201823,-1.41762858863487));
#6804=CARTESIAN_POINT('',(-9.44018710665643,5.73152560047649,-1.07884096164123));
#6805=CARTESIAN_POINT('',(-8.28662414201347,6.26944084505348,-0.8540868403628));
#6806=CARTESIAN_POINT('',(-3.80920568285021,9.88641434467663,-0.5));
#6807=CARTESIAN_POINT('',(-3.80920568285021,1.46865382818848,-0.5));
#6808=CARTESIAN_POINT('',(-5.3110125635309,9.88641434467663,-0.5));
#6809=CARTESIAN_POINT('',(-5.3110125635309,1.46865382818848,-0.5));
#6810=CARTESIAN_POINT('',(-6.80760608650315,9.88641434467663,-0.565922766436307));
#6811=CARTESIAN_POINT('',(-6.80760608650315,1.46865382818848,-0.565922766436307));
#6812=CARTESIAN_POINT('',(-8.28662414202171,9.88641434467663,-0.854086840364406));
#6813=CARTESIAN_POINT('',(-8.28662414202171,1.46865382818848,-0.854086840364406));
#6814=CARTESIAN_POINT('',(-6.3979173403494,9.48180355060353,-0.595585486080671));
#6815=CARTESIAN_POINT('',(-6.35357107042512,9.70998328660457,-0.591783608323685));
#6816=CARTESIAN_POINT('',(-6.13910380638285,9.88640856136272,-0.57379698410104));
#6817=CARTESIAN_POINT('',(-5.90711324066612,9.88641434452127,-0.558958716428295));
#6818=CARTESIAN_POINT('',(-3.80920568285021,15.5,-0.499999999999996));
#6819=CARTESIAN_POINT('',(-3.80920568285021,1.46865382818848,-0.499999999999996));
#6820=CARTESIAN_POINT('',(-8.28662414202171,1.46865382818848,-0.854086840364406));
#6821=CARTESIAN_POINT('',(-7.07504394054907,1.46865382818848,-0.618028946788135));
#6822=CARTESIAN_POINT('',(-5.58257112082523,1.46865382818848,-0.5));
#6823=CARTESIAN_POINT('',(-3.80920568285021,1.46865382818848,-0.5));
#6824=CARTESIAN_POINT('',(-8.28662414202171,6.26944084504964,-0.854086840364406));
#6825=CARTESIAN_POINT('',(-8.08947406743837,6.36168959489251,-0.815675160091007));
#6826=CARTESIAN_POINT('',(-7.89201170591333,6.45393834473538,-0.781212339694054));
#6827=CARTESIAN_POINT('',(-7.69426633690265,6.54618709457825,-0.750328141248966));
#6828=CARTESIAN_POINT('',(-7.69411356729502,6.54597827745098,-0.750383190209761));
#6829=CARTESIAN_POINT('',(-7.69426633690265,6.54618709457825,-0.750328141248965));
#6830=CARTESIAN_POINT('',(-7.62377820903368,6.57906999700579,-0.739319188978583));
#6831=CARTESIAN_POINT('',(-7.55325412136768,6.61195289943333,-0.728764947362902));
#6832=CARTESIAN_POINT('',(-7.48269540005255,6.64483580186087,-0.718648647297612));
#6833=CARTESIAN_POINT('',(-7.38119768924871,6.69164813387875,-0.704399977131283));
#6834=CARTESIAN_POINT('',(-7.08109644871516,6.83158657301958,-0.663161894993887));
#6835=CARTESIAN_POINT('',(-6.85791327767398,7.11537020453514,-0.640075447018775));
#6836=CARTESIAN_POINT('',(-6.79424019257513,7.44289923231977,-0.63337361984692));
#6837=CARTESIAN_POINT('',(-2.09337739245477,15.5,-0.499999999999998));
#6838=CARTESIAN_POINT('',(-1.94374328609627,-1.38653500838404,-0.499999999999998));
#6839=CARTESIAN_POINT('',(-2.09337739245477,1.46865382818848,-0.499999999999998));
#6840=CARTESIAN_POINT('',(-2.41959365311114,7.69323088753239,-0.499999999999998));
#6841=CARTESIAN_POINT('',(-2.60238684512572,1.46865382818848,-0.499999999999997));
#6842=CARTESIAN_POINT('',(2.18574495735838,0.028660328851303,-0.500000000000002));
#6843=CARTESIAN_POINT('',(-12.8743809848233,4.99607593967872,-4.0304825903849));
#6844=CARTESIAN_POINT('',(-12.8743809848233,4.31495145063481,-4.0304825903849));
#6845=CARTESIAN_POINT('',(-13.0758819915943,4.99607593967872,-4.66135149695679));
#6846=CARTESIAN_POINT('',(-13.0758819915943,4.31495145063481,-4.66135149695679));
#6847=CARTESIAN_POINT('',(-13.161362799789,4.99607593967872,-5.33450028380163));
#6848=CARTESIAN_POINT('',(-13.161362799789,4.31495145063482,-5.33450028380163));
#6849=CARTESIAN_POINT('',(-13.170584544002,4.99607593967872,-6.01212301080589));
#6850=CARTESIAN_POINT('',(-13.170584544002,4.31495145063482,-6.01212301080589));
#6851=CARTESIAN_POINT('',(-13.1704116124303,4.50293679216313,-6.00000000338532));
#6852=CARTESIAN_POINT('',(-13.1647262056342,4.49940446544142,-5.61902824687516));
#6853=CARTESIAN_POINT('',(-13.1353427149085,4.48114858803667,-5.24239405670617));
#6854=CARTESIAN_POINT('',(-13.013752892272,4.40560518455046,-4.50062443788574));
#6855=CARTESIAN_POINT('',(-12.9192796263946,4.34690921898288,-4.13095824803372));
#6856=CARTESIAN_POINT('',(-12.5306790327297,4.10547279934127,-3.09812707176163));
#6857=CARTESIAN_POINT('',(-12.1146548662977,3.84699819362739,-2.49195047264492));
#6858=CARTESIAN_POINT('',(-11.1016586740679,3.21762660297715,-1.55964219427252));
#6859=CARTESIAN_POINT('',(-10.5149669041541,2.85311671114895,-1.22215784382286));
#6860=CARTESIAN_POINT('',(-9.30965469856253,2.10425974023226,-0.712595820353219));
#6861=CARTESIAN_POINT('',(-8.67920331093217,1.71256212507423,-0.534563307194432));
#6862=CARTESIAN_POINT('',(-8.04424235043311,1.31806272539686,-0.401643388208463));
#6863=CARTESIAN_POINT('',(-2.35538694580837,7.58637298193912,20.5));
#6864=CARTESIAN_POINT('',(-7.36074968466407,15.9166954899385,3.4165932179334));
#6865=CARTESIAN_POINT('',(-2.41959365311114,7.69323088753239,-2.04112325207667));
#6866=CARTESIAN_POINT('',(-2.41959365311114,7.69323088753239,20.5));
#6867=CARTESIAN_POINT('',(-1.99931476737729,-0.326167978121468,20.5));
#6868=CARTESIAN_POINT('',(-2.09337739245477,1.46865382818848,0.));
#6869=CARTESIAN_POINT('',(-2.67082994604064,12.4871049338385,1.14045611898594));
#6870=CARTESIAN_POINT('',(-2.13592940619733,2.28059461874845,-5.63336028823692));
#6871=CARTESIAN_POINT('',(-2.14172543327812,2.39118940372278,-5.8));
#6872=CARTESIAN_POINT('',(-8.04424235043311,1.31806272539686,-0.401643388208463));
#6873=CARTESIAN_POINT('',(-8.28662414201347,1.46865382818848,0.));
#6874=CARTESIAN_POINT('',(-2.60238684512572,1.46865382818848,0.));
#6875=CARTESIAN_POINT('',(-3.85,10.2756534589376,-0.327231251330366));
#6876=CARTESIAN_POINT('',(-2.05766400782508,10.3408631591369,-0.283953135355043));
#6877=CARTESIAN_POINT('',(-1.63524323319837,2.28059461874845,-5.63336028823692));
#6878=CARTESIAN_POINT('',(-3.85,2.28059461874845,-5.63336028823692));
#6879=CARTESIAN_POINT('',(-3.43696091329804,9.38641434467662,-0.917397950443963));
#6880=CARTESIAN_POINT('',(-8.49763677678874,5.39607593967872,-0.386297235793639));
#6881=CARTESIAN_POINT('',(-8.49763677678874,6.54607593967872,-0.386297235793639));
#6882=CARTESIAN_POINT('',(-11.8981278906104,5.39607593967872,-1.07845742884311));
#6883=CARTESIAN_POINT('',(-11.8981278906104,6.54607593967873,-1.07845742884311));
#6884=CARTESIAN_POINT('',(-13.6499326203981,5.39607593967872,-2.76922409679284));
#6885=CARTESIAN_POINT('',(-13.6499326203981,6.54607593967872,-2.76922409679284));
#6886=CARTESIAN_POINT('',(-13.6981468921842,5.39607593967872,-6.00000001314073));
#6887=CARTESIAN_POINT('',(-13.6981468921842,6.54607593967872,-6.00000001314073));
#6888=CARTESIAN_POINT('',(-13.6981468919881,5.39607593967872,-6.));
#6889=CARTESIAN_POINT('',(-13.6834668988439,5.39607593967872,-5.01631266956228));
#6890=CARTESIAN_POINT('',(-13.3309841030675,5.39607593967872,-3.01696066286707));
#6891=CARTESIAN_POINT('',(-11.8008577408925,5.39607593967872,-1.64393476644237));
#6892=CARTESIAN_POINT('',(-10.9231618691533,5.39607593967871,-1.19273304693666));
#6893=CARTESIAN_POINT('',(-10.9231618691533,5.39607593967871,-1.19273304693667));
#6894=CARTESIAN_POINT('',(-10.9231618691533,5.39607593967872,-1.19273304693667));
#6895=CARTESIAN_POINT('',(-10.1740384766204,5.76653374308015,-0.807627256061944));
#6896=CARTESIAN_POINT('',(-9.37258667453256,6.15518800048463,-0.568371137346526));
#6897=CARTESIAN_POINT('',(-8.55830460201538,6.54607593967872,-0.398788493536008));
#6898=CARTESIAN_POINT('',(-8.55830460201538,6.54607593967873,-0.398788493536007));
#6899=CARTESIAN_POINT('',(-3.80920568285021,6.54607593967873,0.));
#6900=CARTESIAN_POINT('',(-10.3521506602756,6.54607593967873,4.44089209850063E-16));
#6901=CARTESIAN_POINT('',(-13.6991701410792,6.54607593967873,-1.54937618937559));
#6902=CARTESIAN_POINT('',(-13.6991701410792,6.54607593967873,-6.13804900906162));
#6903=CARTESIAN_POINT('',(-7.41188389337101,4.99607593967871,-0.710410269430883));
#6904=CARTESIAN_POINT('',(-7.41188389337101,6.65472836103396,-0.710410269430883));
#6905=CARTESIAN_POINT('',(-9.38889066987696,4.99607593967871,-0.980013411985035));
#6906=CARTESIAN_POINT('',(-9.38889066987696,6.65472836103396,-0.980013411985035));
#6907=CARTESIAN_POINT('',(-12.2366450005251,4.99607593967871,-2.06141548504334));
#6908=CARTESIAN_POINT('',(-12.2366450005251,6.65472836103396,-2.06141548504334));
#6909=CARTESIAN_POINT('',(-13.1717225335441,4.99607593967871,-4.33079942627785));
#6910=CARTESIAN_POINT('',(-13.1717225335441,6.65472836103396,-4.33079942627785));
#6911=CARTESIAN_POINT('',(-13.1980879669485,4.99607593967871,-6.00000000084611));
#6912=CARTESIAN_POINT('',(-13.1980879669485,6.65472836103396,-6.00000000084611));
#6913=CARTESIAN_POINT('',(-7.92615766291267,6.5460759396787,-0.7886493439081));
#6914=CARTESIAN_POINT('',(-8.60107328728953,6.54607593967871,-0.902544729514713));
#6915=CARTESIAN_POINT('',(-9.91357772911198,6.54607593967871,-1.21079761659817));
#6916=CARTESIAN_POINT('',(-11.7964240946965,6.54607593967872,-2.1580956253477));
#6917=CARTESIAN_POINT('',(-13.0134745352062,6.54607593967872,-3.92275438941825));
#6918=CARTESIAN_POINT('',(-13.1871530292724,6.54607593967872,-5.30770703309732));
#6919=CARTESIAN_POINT('',(-13.1980879669351,6.54607593967872,-6.00000000000025));
#6920=CARTESIAN_POINT('',(-7.92615766291288,6.5460759396787,-0.788649343908134));
#6921=CARTESIAN_POINT('',(-7.92615766290895,6.54607593967871,-0.788649343903494));
#6922=CARTESIAN_POINT('',(-7.77273885169763,6.54607593967871,-0.762759152550577));
#6923=CARTESIAN_POINT('',(-7.62230623725898,6.5792173714852,-0.739831232122344));
#6924=CARTESIAN_POINT('',(-7.48240848805461,6.64445276330261,-0.720173369832131));
#6925=CARTESIAN_POINT('',(-16.0173639939237,6.54607593967873,-14.5));
#6926=CARTESIAN_POINT('',(-8.55830460201538,6.54607593967872,-0.398788493536008));
#6927=CARTESIAN_POINT('',(-8.33643335763153,6.54607593967872,-0.352581517504148));
#6928=CARTESIAN_POINT('',(-8.11816512667592,6.54607593967871,-0.284231676937193));
#6929=CARTESIAN_POINT('',(-7.92615766290959,6.54607593967871,-0.163219869602803));
#6930=CARTESIAN_POINT('',(-7.92615766290959,6.54607593967871,-0.163219869602797));
#6931=CARTESIAN_POINT('',(-7.92615766290895,6.54607593967871,-0.751168695149238));
#6932=CARTESIAN_POINT('',(-13.6986765376686,5.39607593967872,-6.04197381420435));
#6933=CARTESIAN_POINT('',(-13.6986765376686,4.99607593967872,-6.04197381420435));
#6934=CARTESIAN_POINT('',(-14.0986552270509,4.99607593967872,-6.03784488698757));
#6935=CARTESIAN_POINT('',(-13.6882149066112,5.39607593967872,-5.02853151807512));
#6936=CARTESIAN_POINT('',(-13.6882149149564,4.99607593967872,-5.02853151798925));
#6937=CARTESIAN_POINT('',(-14.0877378036119,4.99607593967872,-4.98024800747623));
#6938=CARTESIAN_POINT('',(-13.3228513839405,5.39607593967872,-3.00781541675708));
#6939=CARTESIAN_POINT('',(-13.3228513777331,4.99607593968457,-3.00781542077472));
#6940=CARTESIAN_POINT('',(-13.7061612093506,4.99607593967872,-2.81126158614919));
#6941=CARTESIAN_POINT('',(-11.8122599571492,5.39607593967871,-1.64979636354775));
#6942=CARTESIAN_POINT('',(-11.812259961219,4.99607593966701,-1.64979635559835));
#6943=CARTESIAN_POINT('',(-12.0489350923571,4.99607593967871,-1.32170553545427));
#6944=CARTESIAN_POINT('',(-10.9231618691532,5.39607593967871,-1.19273304693663));
#6945=CARTESIAN_POINT('',(-10.9231618691533,4.99607593967871,-1.19273304693663));
#6946=CARTESIAN_POINT('',(-11.1060418589808,4.99607593967871,-0.836987478699042));
#6947=CARTESIAN_POINT('',(-11.1060418589802,5.39607593967871,-0.836987478698726));
#6948=CARTESIAN_POINT('',(-7.67797441329732,6.55325887468778,0.135780195875494));
#6949=CARTESIAN_POINT('',(-7.63085132374633,6.57523273222133,-0.235568950695099));
#6950=CARTESIAN_POINT('',(-7.78595028662538,6.91578198950245,-0.259530163551927));
#6951=CARTESIAN_POINT('',(-8.79399317044834,6.03285078158364,-0.0366333507486016));
#6952=CARTESIAN_POINT('',(-8.71405389779004,6.07012707660888,-0.392603026245536));
#6953=CARTESIAN_POINT('',(-8.87597351600712,6.395373896396,-0.427927670106963));
#6954=CARTESIAN_POINT('',(-9.91728498689245,5.50905120523292,-0.312780048952842));
#6955=CARTESIAN_POINT('',(-9.79888521683576,5.56426192435251,-0.638551677243807));
#6956=CARTESIAN_POINT('',(-9.96163007076031,5.87157431984338,-0.698433352972459));
#6957=CARTESIAN_POINT('',(-10.9369945542846,5.03355282486406,-0.83698747869908));
#6958=CARTESIAN_POINT('',(-10.8111029689815,5.09225703518816,-1.13512634047779));
#6959=CARTESIAN_POINT('',(-10.9231618691533,5.39607593967872,-1.19273304693666));
#6960=CARTESIAN_POINT('',(-11.1060418589809,5.39607593967871,-0.836987478699085));
#6961=CARTESIAN_POINT('',(-7.6907403134639,6.57280731825993,0.));
#6962=CARTESIAN_POINT('',(-7.76655399290897,6.55536531418295,-0.0568441985221908));
#6963=CARTESIAN_POINT('',(-7.84459290914435,6.54607593967869,-0.111814064462099));
#6964=CARTESIAN_POINT('',(-7.92615766290915,6.54607593967871,-0.163219869602519));
#6965=CARTESIAN_POINT('',(-11.1060418589809,5.39607593967871,-0.836987478699086));
#6966=CARTESIAN_POINT('',(-11.1060418589809,5.39607593967871,-0.836987478699083));
#6967=CARTESIAN_POINT('',(-11.1060418589809,5.39607593967871,-6.2));
#6968=CARTESIAN_POINT('',(-7.92615766290894,7.59607593967871,-14.5));
#6969=CARTESIAN_POINT('',(-7.82494408350274,7.6432726068651,-6.2));
#6970=CARTESIAN_POINT('',(-5.90710077645548,9.38641434467663,-6.2));
#6971=CARTESIAN_POINT('',(-3.43696091329804,9.38641434467662,-6.2));
#6972=CARTESIAN_POINT('',(-12.8574480839354,4.37379835676249,-1.5));
#6973=CARTESIAN_POINT('',(7.60238684512573,0.468653828188477,-6.2));
#6974=CARTESIAN_POINT('',(8.5719776300414,0.468653828188477,-6.2));
#6975=CARTESIAN_POINT('',(7.60238684512573,0.468653828188477,-1.2));
#6976=CARTESIAN_POINT('',(2.60238684512572,0.468653828188477,-1.2));
#6977=CARTESIAN_POINT('',(11.0173639939237,4.99607593967871,-6.2));
#6978=CARTESIAN_POINT('',(7.38119483104637,6.69164946667544,-0.704424601395856));
#6979=CARTESIAN_POINT('',(7.4150692465647,6.67585356730372,-0.709081115261606));
#6980=CARTESIAN_POINT('',(7.44883678663129,6.66010750477361,-0.713822710153301));
#6981=CARTESIAN_POINT('',(7.48249745124614,6.64441127908512,-0.718649386070941));
#6982=CARTESIAN_POINT('',(7.38128634080699,6.69184593546255,-0.704424668070159));
#6983=CARTESIAN_POINT('',(7.48259642564934,6.644623540473,-0.718649016684276));
#6984=CARTESIAN_POINT('',(7.381194908675,6.69164943047661,-0.644387913791454));
#6985=CARTESIAN_POINT('',(7.48240848808121,6.64445276329022,-0.360086684916066));
#6986=CARTESIAN_POINT('',(14.8574480839354,4.99607593967872,-6.2));
#6987=CARTESIAN_POINT('',(11.1060418589809,4.99607593967871,-0.836987478699083));
#6988=CARTESIAN_POINT('',(12.0492693717175,4.99607593967871,-1.32187739254585));
#6989=CARTESIAN_POINT('',(13.6904888251495,4.99607593967872,-2.79760210815215));
#6990=CARTESIAN_POINT('',(14.083076275513,4.99607593967872,-4.9426493940025));
#6991=CARTESIAN_POINT('',(14.0981895509408,4.99607593967872,-6.));
#6992=CARTESIAN_POINT('',(11.1060418589809,4.99607593967871,-0.836987478699083));
#6993=CARTESIAN_POINT('',(11.1060418589809,4.99607593967871,-1.24213168558592));
#6994=CARTESIAN_POINT('',(12.8574480839354,4.99607593967872,-1.5));
#6995=CARTESIAN_POINT('',(14.3574480839354,4.99607593967872,-1.5));
#6996=CARTESIAN_POINT('',(14.3574480839354,4.99607593967872,-6.2));
#6997=CARTESIAN_POINT('',(11.0173639939237,4.99607593967871,-6.2));
#6998=CARTESIAN_POINT('',(8.43606438804039,6.19975571389457,6.37846980094947E-12));
#6999=CARTESIAN_POINT('',(9.29439897156135,5.79950772433946,-0.176496061677627));
#7000=CARTESIAN_POINT('',(10.1429529767938,5.40382049334147,-0.428790360928966));
#7001=CARTESIAN_POINT('',(10.9369945542846,5.03355282486405,-0.836987478699085));
#7002=CARTESIAN_POINT('',(10.9369945542846,5.03355282486405,-0.836987478699085));
#7003=CARTESIAN_POINT('',(10.9369945542846,5.03355282486405,-1.73472347597681E-15));
#7004=CARTESIAN_POINT('',(8.5719776300414,0.468653828188479,-6.2));
#7005=CARTESIAN_POINT('',(14.3574480839354,4.06314980967126,-6.2));
#7006=CARTESIAN_POINT('',(14.3574480839354,4.06314980967126,-1.5));
#7007=CARTESIAN_POINT('',(12.8574480839354,3.13120416839759,-1.5));
#7008=CARTESIAN_POINT('',(8.5719776300414,0.468653828188477,-6.2));
#7009=CARTESIAN_POINT('',(14.3574480839354,4.37379835676249,-6.2));
#7010=CARTESIAN_POINT('',(14.3574480839354,4.37379835676249,-1.5));
#7011=CARTESIAN_POINT('',(6.89631868197635,6.9177509282435,-6.2));
#7012=CARTESIAN_POINT('',(6.79423554088269,7.44292316171972,0.));
#7013=CARTESIAN_POINT('',(6.7942839288412,7.44291917228282,-0.633985298805061));
#7014=CARTESIAN_POINT('',(6.39791401170719,9.48182067625498,-0.596537895613138));
#7015=CARTESIAN_POINT('',(6.53002125553766,8.80218782446821,-0.609221031217307));
#7016=CARTESIAN_POINT('',(6.66212849936812,8.12255497268143,-0.621904166821477));
#7017=CARTESIAN_POINT('',(6.79423574319859,7.44292212089465,-0.634587302425646));
#7018=CARTESIAN_POINT('',(6.39795154365207,9.48182008645119,-0.596064765897092));
#7019=CARTESIAN_POINT('',(6.39791436817931,9.4818188423649,-6.2));
#7020=CARTESIAN_POINT('',(6.31926896936423,9.88641434467663,-6.2));
#7021=CARTESIAN_POINT('',(5.90710077645548,9.88641434467663,-6.2));
#7022=CARTESIAN_POINT('',(5.90710707800171,9.88641434467663,-0.559056157396444));
#7023=CARTESIAN_POINT('',(3.80920568285021,9.88641434467663,-0.5));
#7024=CARTESIAN_POINT('',(4.58414139203807,9.88641434467663,-0.5));
#7025=CARTESIAN_POINT('',(5.28343977972057,9.88641434467663,-0.519717864641064));
#7026=CARTESIAN_POINT('',(5.90710084589772,9.88641434467663,-0.559153593923191));
#7027=CARTESIAN_POINT('',(3.80920568285021,9.88641434467662,-0.499999999999996));
#7028=CARTESIAN_POINT('',(6.31926896936422,9.88641434467663,-0.499999999999994));
#7029=CARTESIAN_POINT('',(3.73739122281182,9.88641434467663,-0.499999999999997));
#7030=CARTESIAN_POINT('',(3.73739122281182,9.88641434467663,20.5));
#7031=CARTESIAN_POINT('',(3.73739122281182,9.88641434467662,-0.585559927549499));
#7032=CARTESIAN_POINT('',(3.85,9.88641434467663,-0.585559927549499));
#7033=CARTESIAN_POINT('',(3.43696091329804,9.88641434467663,-0.585559927549499));
#7034=CARTESIAN_POINT('',(3.43696091329804,9.88641434467662,-6.2));
#7035=CARTESIAN_POINT('',(3.15407452420415,9.88641434467662,-6.2));
#7036=CARTESIAN_POINT('',(6.89433386448036,16.1112512233682,3.54571519778161));
#7037=CARTESIAN_POINT('',(1.92680329545732,7.84389201939415,-1.94113306782857));
#7038=CARTESIAN_POINT('',(3.00837726294698,9.64393338213165,-0.746488733950445));
#7039=CARTESIAN_POINT('',(1.92680329545732,7.84389201939414,-13.5));
#7040=CARTESIAN_POINT('',(3.00837726294698,9.64393338213165,-6.2));
#7041=CARTESIAN_POINT('',(8.28662414201347,6.29824556715467,-0.8540868403628));
#7042=CARTESIAN_POINT('',(8.28662414201347,1.43984910608729,-0.8540868403628));
#7043=CARTESIAN_POINT('',(9.20300243994672,6.29824556715467,-1.03262915267981));
#7044=CARTESIAN_POINT('',(9.20300243994672,1.43984910608729,-1.03262915267981));
#7045=CARTESIAN_POINT('',(11.0258563569248,6.29824556715467,-1.51816277075614));
#7046=CARTESIAN_POINT('',(11.0258563569248,1.43984910608729,-1.51816277075614));
#7047=CARTESIAN_POINT('',(12.5118769553895,6.29824556715467,-3.01881456767082));
#7048=CARTESIAN_POINT('',(12.5118769553895,1.43984910608729,-3.01881456767082));
#7049=CARTESIAN_POINT('',(12.8743809848233,6.29824556715467,-4.03048259038491));
#7050=CARTESIAN_POINT('',(12.8743809848233,1.43984910608729,-4.03048259038491));
#7051=CARTESIAN_POINT('',(8.28662414202171,15.5,-0.854086840364406));
#7052=CARTESIAN_POINT('',(8.28662414202171,6.26944084504964,-0.854086840364406));
#7053=CARTESIAN_POINT('',(8.28662414201347,1.46865382818848,-0.8540868403628));
#7054=CARTESIAN_POINT('',(11.0173639939237,4.99607593967871,-1.81639913857288));
#7055=CARTESIAN_POINT('',(10.3504337239598,5.30707063201823,-1.41762858863487));
#7056=CARTESIAN_POINT('',(9.44018710665643,5.73152560047649,-1.07884096164123));
#7057=CARTESIAN_POINT('',(8.28662414201347,6.26944084505348,-0.8540868403628));
#7058=CARTESIAN_POINT('',(11.0173639939237,4.99607593967871,-1.81639913857288));
#7059=CARTESIAN_POINT('',(12.8743809848233,4.99607593967871,-4.03048259038491));
#7060=CARTESIAN_POINT('',(12.5228306399124,4.99607593967871,-3.04938386197636));
#7061=CARTESIAN_POINT('',(11.8242174027917,4.99607593967871,-2.29883244841723));
#7062=CARTESIAN_POINT('',(11.0173639939262,4.99607593967871,-1.8163991385744));
#7063=CARTESIAN_POINT('',(12.8743809848233,15.5,-4.03048259038491));
#7064=CARTESIAN_POINT('',(12.8743809848233,4.31901382344189,-4.0304825903849));
#7065=CARTESIAN_POINT('',(12.8743809848233,4.31901382344189,-4.03048259038491));
#7066=CARTESIAN_POINT('',(12.6925948145056,4.2060706040609,-3.52315786969318));
#7067=CARTESIAN_POINT('',(12.2629461900604,3.93913116217366,-2.82335356078475));
#7068=CARTESIAN_POINT('',(11.6028597849114,3.52902139674521,-2.19731874086255));
#7069=CARTESIAN_POINT('',(10.9104878919128,3.09885275153161,-1.73623091393729));
#7070=CARTESIAN_POINT('',(10.4050768112161,2.78484231572713,-1.48941149618263));
#7071=CARTESIAN_POINT('',(9.54844089980374,2.25261691319429,-1.14664073377732));
#7072=CARTESIAN_POINT('',(8.82187518638727,1.80120374671604,-0.958372329606842));
#7073=CARTESIAN_POINT('',(8.28662414201347,1.46865382818848,-0.8540868403628));
#7074=CARTESIAN_POINT('',(3.80920568285021,9.88641434467663,-0.5));
#7075=CARTESIAN_POINT('',(3.80920568285021,1.46865382818848,-0.5));
#7076=CARTESIAN_POINT('',(5.3110125635309,9.88641434467663,-0.5));
#7077=CARTESIAN_POINT('',(5.3110125635309,1.46865382818848,-0.5));
#7078=CARTESIAN_POINT('',(6.80760608650315,9.88641434467663,-0.565922766436307));
#7079=CARTESIAN_POINT('',(6.80760608650315,1.46865382818848,-0.565922766436307));
#7080=CARTESIAN_POINT('',(8.28662414202171,9.88641434467663,-0.854086840364406));
#7081=CARTESIAN_POINT('',(8.28662414202171,1.46865382818848,-0.854086840364406));
#7082=CARTESIAN_POINT('',(7.38119768924871,6.69164813387875,-0.704399977131283));
#7083=CARTESIAN_POINT('',(7.08109644871516,6.83158657301958,-0.663161894993887));
#7084=CARTESIAN_POINT('',(6.85791327767398,7.11537020453514,-0.640075447018775));
#7085=CARTESIAN_POINT('',(6.79424019257513,7.44289923231977,-0.63337361984692));
#7086=CARTESIAN_POINT('',(7.69426633690265,6.54618709457825,-0.750328141248965));
#7087=CARTESIAN_POINT('',(7.62377820903368,6.57906999700579,-0.739319188978583));
#7088=CARTESIAN_POINT('',(7.55325412136768,6.61195289943333,-0.728764947362902));
#7089=CARTESIAN_POINT('',(7.48269540005255,6.64483580186087,-0.718648647297612));
#7090=CARTESIAN_POINT('',(7.69411356729502,6.54597827745098,-0.750383190209761));
#7091=CARTESIAN_POINT('',(8.28662414202171,6.26944084504964,-0.854086840364406));
#7092=CARTESIAN_POINT('',(8.08947406743837,6.36168959489251,-0.815675160091007));
#7093=CARTESIAN_POINT('',(7.89201170591333,6.45393834473538,-0.781212339694054));
#7094=CARTESIAN_POINT('',(7.69426633690265,6.54618709457825,-0.750328141248966));
#7095=CARTESIAN_POINT('',(8.28662414202171,1.46865382818848,-0.854086840364406));
#7096=CARTESIAN_POINT('',(7.07504394054907,1.46865382818848,-0.618028946788135));
#7097=CARTESIAN_POINT('',(5.58257112082523,1.46865382818848,-0.5));
#7098=CARTESIAN_POINT('',(3.80920568285021,1.46865382818848,-0.5));
#7099=CARTESIAN_POINT('',(3.80920568285021,1.46865382818848,-0.499999999999996));
#7100=CARTESIAN_POINT('',(3.80920568285021,15.5,-0.499999999999996));
#7101=CARTESIAN_POINT('',(6.3979173403494,9.48180355060353,-0.595585486080671));
#7102=CARTESIAN_POINT('',(6.35357107042512,9.70998328660457,-0.591783608323685));
#7103=CARTESIAN_POINT('',(6.13910380638285,9.88640856136272,-0.57379698410104));
#7104=CARTESIAN_POINT('',(5.90711324066612,9.88641434452127,-0.558958716428295));
#7105=CARTESIAN_POINT('',(2.09337739245477,15.5,-0.499999999999998));
#7106=CARTESIAN_POINT('',(1.94374328609627,-1.38653500838404,-0.499999999999998));
#7107=CARTESIAN_POINT('',(2.09337739245477,1.46865382818848,-0.499999999999998));
#7108=CARTESIAN_POINT('',(2.41959365311114,7.69323088753239,-0.499999999999998));
#7109=CARTESIAN_POINT('',(-2.18574495735838,0.028660328851303,-0.500000000000002));
#7110=CARTESIAN_POINT('',(2.60238684512572,1.46865382818848,-0.499999999999997));
#7111=CARTESIAN_POINT('',(12.8743809848233,4.99607593967872,-4.0304825903849));
#7112=CARTESIAN_POINT('',(12.8743809848233,4.31495145063481,-4.0304825903849));
#7113=CARTESIAN_POINT('',(13.0758819915943,4.99607593967872,-4.66135149695679));
#7114=CARTESIAN_POINT('',(13.0758819915943,4.31495145063481,-4.66135149695679));
#7115=CARTESIAN_POINT('',(13.161362799789,4.99607593967872,-5.33450028380163));
#7116=CARTESIAN_POINT('',(13.161362799789,4.31495145063482,-5.33450028380163));
#7117=CARTESIAN_POINT('',(13.170584544002,4.99607593967872,-6.01212301080589));
#7118=CARTESIAN_POINT('',(13.170584544002,4.31495145063482,-6.01212301080589));
#7119=CARTESIAN_POINT('',(13.1704116124303,4.50293679216313,-6.00000000338532));
#7120=CARTESIAN_POINT('',(13.1647262056342,4.49940446544142,-5.61902824687516));
#7121=CARTESIAN_POINT('',(13.1353427149085,4.48114858803667,-5.24239405670617));
#7122=CARTESIAN_POINT('',(13.013752892272,4.40560518455046,-4.50062443788574));
#7123=CARTESIAN_POINT('',(12.9192796263946,4.34690921898288,-4.13095824803372));
#7124=CARTESIAN_POINT('',(12.5306790327297,4.10547279934127,-3.09812707176163));
#7125=CARTESIAN_POINT('',(12.1146548662977,3.84699819362739,-2.49195047264492));
#7126=CARTESIAN_POINT('',(11.1016586740679,3.21762660297715,-1.55964219427252));
#7127=CARTESIAN_POINT('',(10.5149669041541,2.85311671114895,-1.22215784382286));
#7128=CARTESIAN_POINT('',(9.30965469856253,2.10425974023226,-0.712595820353219));
#7129=CARTESIAN_POINT('',(8.67920331093217,1.71256212507423,-0.534563307194432));
#7130=CARTESIAN_POINT('',(8.04424235043311,1.31806272539686,-0.401643388208463));
#7131=CARTESIAN_POINT('',(2.35538694580837,7.58637298193912,20.5));
#7132=CARTESIAN_POINT('',(2.41959365311114,7.69323088753239,20.5));
#7133=CARTESIAN_POINT('',(2.41959365311114,7.69323088753239,-2.04112325207667));
#7134=CARTESIAN_POINT('',(7.36074968466407,15.9166954899385,3.4165932179334));
#7135=CARTESIAN_POINT('',(1.99931476737729,-0.326167978121468,20.5));
#7136=CARTESIAN_POINT('',(2.14172543327812,2.39118940372277,-5.8));
#7137=CARTESIAN_POINT('',(2.13592940619733,2.28059461874845,-5.63336028823692));
#7138=CARTESIAN_POINT('',(2.67082994604064,12.4871049338385,1.14045611898594));
#7139=CARTESIAN_POINT('',(2.09337739245477,1.46865382818848,0.));
#7140=CARTESIAN_POINT('',(8.04424235043311,1.31806272539686,-0.401643388208463));
#7141=CARTESIAN_POINT('',(8.28662414201347,1.46865382818848,0.));
#7142=CARTESIAN_POINT('',(2.60238684512572,1.46865382818848,0.));
#7143=CARTESIAN_POINT('',(3.85,10.2756534589376,-0.327231251330366));
#7144=CARTESIAN_POINT('',(3.85,2.28059461874845,-5.63336028823692));
#7145=CARTESIAN_POINT('',(1.63524323319837,2.28059461874845,-5.63336028823692));
#7146=CARTESIAN_POINT('',(2.05766400782508,10.3408631591369,-0.283953135355043));
#7147=CARTESIAN_POINT('',(3.43696091329804,9.38641434467662,-0.917397950443963));
#7148=CARTESIAN_POINT('',(8.49763677678874,5.39607593967872,-0.386297235793639));
#7149=CARTESIAN_POINT('',(8.49763677678874,6.54607593967872,-0.386297235793639));
#7150=CARTESIAN_POINT('',(11.8981278906104,5.39607593967872,-1.07845742884311));
#7151=CARTESIAN_POINT('',(11.8981278906104,6.54607593967873,-1.07845742884311));
#7152=CARTESIAN_POINT('',(13.6499326203981,5.39607593967872,-2.76922409679284));
#7153=CARTESIAN_POINT('',(13.6499326203981,6.54607593967872,-2.76922409679284));
#7154=CARTESIAN_POINT('',(13.6981468921842,5.39607593967872,-6.00000001314073));
#7155=CARTESIAN_POINT('',(13.6981468921842,6.54607593967872,-6.00000001314073));
#7156=CARTESIAN_POINT('',(13.6981468919881,5.39607593967872,-6.));
#7157=CARTESIAN_POINT('',(13.6834668988439,5.39607593967872,-5.01631266956228));
#7158=CARTESIAN_POINT('',(13.3309841030675,5.39607593967872,-3.01696066286707));
#7159=CARTESIAN_POINT('',(11.8008577408925,5.39607593967872,-1.64393476644237));
#7160=CARTESIAN_POINT('',(10.9231618691533,5.39607593967871,-1.19273304693666));
#7161=CARTESIAN_POINT('',(10.9231618691533,5.39607593967871,-1.19273304693667));
#7162=CARTESIAN_POINT('',(3.80920568285021,6.54607593967873,0.));
#7163=CARTESIAN_POINT('',(10.3521506602756,6.54607593967873,4.44089209850063E-16));
#7164=CARTESIAN_POINT('',(13.6991701410792,6.54607593967873,-1.54937618937559));
#7165=CARTESIAN_POINT('',(13.6991701410792,6.54607593967873,-6.13804900906162));
#7166=CARTESIAN_POINT('',(8.55830460201538,6.54607593967873,-0.398788493536007));
#7167=CARTESIAN_POINT('',(10.9231618691533,5.39607593967872,-1.19273304693667));
#7168=CARTESIAN_POINT('',(10.1740384766204,5.76653374308015,-0.807627256061944));
#7169=CARTESIAN_POINT('',(9.37258667453256,6.15518800048463,-0.568371137346526));
#7170=CARTESIAN_POINT('',(8.55830460201538,6.54607593967872,-0.398788493536008));
#7171=CARTESIAN_POINT('',(7.41188389337101,4.99607593967871,-0.710410269430883));
#7172=CARTESIAN_POINT('',(7.41188389337101,6.65472836103396,-0.710410269430883));
#7173=CARTESIAN_POINT('',(9.38889066987696,4.99607593967871,-0.980013411985035));
#7174=CARTESIAN_POINT('',(9.38889066987696,6.65472836103396,-0.980013411985035));
#7175=CARTESIAN_POINT('',(12.2366450005251,4.99607593967871,-2.06141548504334));
#7176=CARTESIAN_POINT('',(12.2366450005251,6.65472836103396,-2.06141548504334));
#7177=CARTESIAN_POINT('',(13.1717225335441,4.99607593967871,-4.33079942627785));
#7178=CARTESIAN_POINT('',(13.1717225335441,6.65472836103396,-4.33079942627785));
#7179=CARTESIAN_POINT('',(13.1980879669485,4.99607593967871,-6.00000000084611));
#7180=CARTESIAN_POINT('',(13.1980879669485,6.65472836103396,-6.00000000084611));
#7181=CARTESIAN_POINT('',(7.92615766291267,6.5460759396787,-0.7886493439081));
#7182=CARTESIAN_POINT('',(8.60107328728953,6.54607593967871,-0.902544729514713));
#7183=CARTESIAN_POINT('',(9.91357772911198,6.54607593967871,-1.21079761659817));
#7184=CARTESIAN_POINT('',(11.7964240946965,6.54607593967872,-2.1580956253477));
#7185=CARTESIAN_POINT('',(13.0134745352062,6.54607593967872,-3.92275438941825));
#7186=CARTESIAN_POINT('',(13.1871530292724,6.54607593967872,-5.30770703309732));
#7187=CARTESIAN_POINT('',(13.1980879669351,6.54607593967872,-6.00000000000025));
#7188=CARTESIAN_POINT('',(7.92615766291288,6.5460759396787,-0.788649343908134));
#7189=CARTESIAN_POINT('',(7.92615766290895,6.54607593967871,-0.788649343903494));
#7190=CARTESIAN_POINT('',(7.77273885169763,6.54607593967871,-0.762759152550577));
#7191=CARTESIAN_POINT('',(7.62230623725898,6.5792173714852,-0.739831232122344));
#7192=CARTESIAN_POINT('',(7.48240848805461,6.64445276330261,-0.720173369832131));
#7193=CARTESIAN_POINT('',(16.0173639939237,6.54607593967873,-14.5));
#7194=CARTESIAN_POINT('',(8.55830460201538,6.54607593967872,-0.398788493536008));
#7195=CARTESIAN_POINT('',(8.33643335763153,6.54607593967872,-0.352581517504148));
#7196=CARTESIAN_POINT('',(8.11816512667592,6.54607593967871,-0.284231676937193));
#7197=CARTESIAN_POINT('',(7.92615766290959,6.54607593967871,-0.163219869602803));
#7198=CARTESIAN_POINT('',(7.92615766290959,6.54607593967871,-0.163219869602797));
#7199=CARTESIAN_POINT('',(7.92615766290895,6.54607593967871,-0.751168695149238));
#7200=CARTESIAN_POINT('',(14.0986552270509,4.99607593967872,-6.03784488698757));
#7201=CARTESIAN_POINT('',(13.6986765376686,4.99607593967872,-6.04197381420435));
#7202=CARTESIAN_POINT('',(13.6986765376686,5.39607593967872,-6.04197381420435));
#7203=CARTESIAN_POINT('',(14.0877378036119,4.99607593967872,-4.98024800747623));
#7204=CARTESIAN_POINT('',(13.6882149149564,4.99607593967872,-5.02853151798925));
#7205=CARTESIAN_POINT('',(13.6882149066112,5.39607593967872,-5.02853151807512));
#7206=CARTESIAN_POINT('',(13.7061612093506,4.99607593967872,-2.81126158614919));
#7207=CARTESIAN_POINT('',(13.3228513777331,4.99607593968457,-3.00781542077472));
#7208=CARTESIAN_POINT('',(13.3228513839405,5.39607593967872,-3.00781541675708));
#7209=CARTESIAN_POINT('',(12.0489350923571,4.99607593967871,-1.32170553545427));
#7210=CARTESIAN_POINT('',(11.812259961219,4.99607593966701,-1.64979635559835));
#7211=CARTESIAN_POINT('',(11.8122599571492,5.39607593967871,-1.64979636354775));
#7212=CARTESIAN_POINT('',(11.1060418589808,4.99607593967871,-0.836987478699042));
#7213=CARTESIAN_POINT('',(10.9231618691533,4.99607593967871,-1.19273304693663));
#7214=CARTESIAN_POINT('',(10.9231618691532,5.39607593967871,-1.19273304693663));
#7215=CARTESIAN_POINT('',(11.1060418589802,5.39607593967871,-0.836987478698726));
#7216=CARTESIAN_POINT('',(7.78595028662537,6.91578198950245,-0.259530163551928));
#7217=CARTESIAN_POINT('',(7.63085132374632,6.57523273222133,-0.2355689506951));
#7218=CARTESIAN_POINT('',(7.67797441329732,6.55325887468778,0.135780195875493));
#7219=CARTESIAN_POINT('',(8.87597351601492,6.39537389639654,-0.42792767010817));
#7220=CARTESIAN_POINT('',(8.71405389779537,6.07012707661409,-0.392603026241946));
#7221=CARTESIAN_POINT('',(8.79399317045548,6.03285078158031,-0.0366333507483658));
#7222=CARTESIAN_POINT('',(9.96163007074715,5.8715743198493,-0.698433352965687));
#7223=CARTESIAN_POINT('',(9.7988852168187,5.56426192435952,-0.638551677237686));
#7224=CARTESIAN_POINT('',(9.91728498687604,5.50905120524057,-0.31278004894383));
#7225=CARTESIAN_POINT('',(10.9231618691533,5.39607593967871,-1.19273304693667));
#7226=CARTESIAN_POINT('',(10.8111029689815,5.09225703518816,-1.13512634047779));
#7227=CARTESIAN_POINT('',(10.9369945542846,5.03355282486405,-0.836987478699084));
#7228=CARTESIAN_POINT('',(7.6907403134639,6.57280731825993,0.));
#7229=CARTESIAN_POINT('',(7.76655399290897,6.55536531418295,-0.0568441985221908));
#7230=CARTESIAN_POINT('',(7.84459290914435,6.54607593967869,-0.111814064462099));
#7231=CARTESIAN_POINT('',(7.92615766290915,6.54607593967871,-0.163219869602519));
#7232=CARTESIAN_POINT('',(11.1060418589809,5.39607593967871,-0.836987478699085));
#7233=CARTESIAN_POINT('',(11.1060418589809,5.39607593967871,-0.836987478699086));
#7234=CARTESIAN_POINT('',(11.1060418589809,5.39607593967871,-0.836987478699083));
#7235=CARTESIAN_POINT('',(11.1060418589809,5.39607593967871,-6.2));
#7236=CARTESIAN_POINT('',(7.92615766290894,7.59607593967871,-14.5));
#7237=CARTESIAN_POINT('',(7.82494408350274,7.6432726068651,-6.2));
#7238=CARTESIAN_POINT('',(5.90710077645548,9.38641434467663,-6.2));
#7239=CARTESIAN_POINT('',(3.43696091329804,9.38641434467662,-6.2));
#7240=CARTESIAN_POINT('',(12.8574480839354,4.37379835676249,-1.5));
#7241=CARTESIAN_POINT('',(-2.60238684512572,0.468653828188477,-1.2));
#7242=CARTESIAN_POINT('',(2.60238684512572,-1.53134617181152,-1.2));
#7243=CARTESIAN_POINT('',(8.77716149647431,0.468653828188477,-1.2));
#7244=CARTESIAN_POINT('',(7.60238684512573,0.468653828188477,-1.2));
#7245=CARTESIAN_POINT('',(-7.60238684512573,-1.53134617181152,-1.2));
#7246=CARTESIAN_POINT('',(-15.846079206807,-10.3028987866607,-3.3));
#7247=CARTESIAN_POINT('',(-16.046079206807,-10.3028987866607,-3.3));
#7248=CARTESIAN_POINT('',(-17.646079206807,-10.3028987866607,-3.3));
#7249=CARTESIAN_POINT('',(-15.846079206807,-9.61965899283301,-3.03185784112123));
#7250=CARTESIAN_POINT('',(-16.046079206807,-9.61965899283301,-3.03185784112123));
#7251=CARTESIAN_POINT('',(-17.646079206807,-9.61965899283301,-3.03185784112123));
#7252=CARTESIAN_POINT('',(-15.846079206807,-8.20000000000001,-5.01867412147962));
#7253=CARTESIAN_POINT('',(-16.046079206807,-8.20000000000001,-5.01867412147962));
#7254=CARTESIAN_POINT('',(-17.646079206807,-8.20000000000001,-5.01867412147962));
#7255=CARTESIAN_POINT('',(-15.846079206807,-8.20000000000001,-4.45151683395424));
#7256=CARTESIAN_POINT('',(-16.046079206807,-8.20000000000001,-4.45151683395424));
#7257=CARTESIAN_POINT('',(-17.646079206807,-8.20000000000001,-4.45151683395424));
#7258=CARTESIAN_POINT('',(-17.646079206807,-10.3028987866607,-3.3));
#7259=CARTESIAN_POINT('',(-17.646079206807,-10.3028987866607,-3.7));
#7260=CARTESIAN_POINT('',(-17.646079206807,-9.97745097892667,-3.532559077314));
#7261=CARTESIAN_POINT('',(-16.046079206807,-12.9870738663715,-3.69999999999999));
#7262=CARTESIAN_POINT('',(-16.046079206807,-12.9870738663715,-3.69999999999999));
#7263=CARTESIAN_POINT('',(-16.046079206807,-12.9870738663715,-3.29999999999999));
#7264=CARTESIAN_POINT('',(-16.046079206807,-8.05781487366292E-15,-3.70000000000002));
#7265=CARTESIAN_POINT('',(-16.046079206807,-10.3028987866607,-3.7));
#7266=CARTESIAN_POINT('',(-17.646079206807,-9.48242287440918,-2.83980688186045));
#7267=CARTESIAN_POINT('',(-17.646079206807,-9.61965899283301,-3.03185784112123));
#7268=CARTESIAN_POINT('',(-17.646079206807,-10.2,-3.7));
#7269=CARTESIAN_POINT('',(-17.646079206807,-12.9870738663715,-3.69999999999999));
#7270=CARTESIAN_POINT('',(-15.846079206807,-12.9870738663715,-3.29999999999999));
#7271=CARTESIAN_POINT('',(-17.646079206807,-12.9870738663715,-3.29999999999999));
#7272=CARTESIAN_POINT('',(-16.046079206807,-10.3028987866607,-3.3));
#7273=CARTESIAN_POINT('',(-16.046079206807,-9.97745097892667,-3.532559077314));
#7274=CARTESIAN_POINT('',(-17.646079206807,-9.61965899283301,-3.03185784112123));
#7275=CARTESIAN_POINT('',(-17.646079206807,-9.61965899283301,-3.03185784112123));
#7276=CARTESIAN_POINT('',(-17.646079206807,-12.9870738663715,-3.29999999999999));
#7277=CARTESIAN_POINT('',(-17.646079206807,-13.3870738663715,-3.29999999999999));
#7278=CARTESIAN_POINT('',(-16.046079206807,-4.93381087187472,3.52561140907375));
#7279=CARTESIAN_POINT('',(-16.046079206807,-9.61965899283301,-3.03185784112123));
#7280=CARTESIAN_POINT('',(-17.646079206807,-8.14142135623732,-4.51009547771693));
#7281=CARTESIAN_POINT('',(-17.646079206807,-8.20000000000001,-4.45151683395424));
#7282=CARTESIAN_POINT('',(-17.646079206807,-13.3870738663715,-3.49999999999999));
#7283=CARTESIAN_POINT('',(-17.646079206807,-13.3870738663715,-2.18870738663714));
#7284=CARTESIAN_POINT('',(-16.046079206807,-9.61965899283301,-3.03185784112123));
#7285=CARTESIAN_POINT('',(-16.046079206807,-9.61965899283301,-3.03185784112123));
#7286=CARTESIAN_POINT('',(-17.646079206807,-8.20000000000001,-4.45151683395424));
#7287=CARTESIAN_POINT('',(-17.646079206807,-8.20000000000001,-4.45151683395424));
#7288=CARTESIAN_POINT('',(-17.646079206807,-13.1870738663715,-2.18870738663714));
#7289=CARTESIAN_POINT('',(-17.646079206807,-14.1,-2.18870738663714));
#7290=CARTESIAN_POINT('',(-16.046079206807,-6.32575841697714,-6.32575841697712));
#7291=CARTESIAN_POINT('',(-16.046079206807,-8.20000000000001,-4.45151683395424));
#7292=CARTESIAN_POINT('',(-17.646079206807,-8.20000000000001,-5.21867412147962));
#7293=CARTESIAN_POINT('',(-17.646079206807,-8.20000000000001,-5.01867412147962));
#7294=CARTESIAN_POINT('',(-17.646079206807,-14.1,-1.98870738663714));
#7295=CARTESIAN_POINT('',(-17.646079206807,-14.1,-5.90901502838241));
#7296=CARTESIAN_POINT('',(-16.046079206807,-8.20000000000001,-4.45151683395424));
#7297=CARTESIAN_POINT('',(-16.046079206807,-8.20000000000001,-4.45151683395424));
#7298=CARTESIAN_POINT('',(-17.646079206807,-8.20000000000001,-5.01867412147962));
#7299=CARTESIAN_POINT('',(-17.646079206807,-8.20000000000001,-5.01867412147962));
#7300=CARTESIAN_POINT('',(-17.646079206807,-14.3,-5.90901502838241));
#7301=CARTESIAN_POINT('',(-17.646079206807,-13.3870738663715,-5.90901502838241));
#7302=CARTESIAN_POINT('',(-16.046079206807,-8.20000000000001,0.));
#7303=CARTESIAN_POINT('',(-16.046079206807,-8.20000000000001,-5.01867412147962));
#7304=CARTESIAN_POINT('',(-17.646079206807,-13.1870738663715,-5.01867412147962));
#7305=CARTESIAN_POINT('',(-17.646079206807,-12.9870738663715,-5.01867412147962));
#7306=CARTESIAN_POINT('',(-17.646079206807,-13.3870738663715,-3.49999999999999));
#7307=CARTESIAN_POINT('',(-17.646079206807,-13.3870738663715,-5.41867412147962));
#7308=CARTESIAN_POINT('',(-16.046079206807,-8.20000000000001,-5.01867412147962));
#7309=CARTESIAN_POINT('',(-16.046079206807,-8.20000000000001,-5.01867412147962));
#7310=CARTESIAN_POINT('',(-17.646079206807,-12.9870738663715,-5.41867412147962));
#7311=CARTESIAN_POINT('',(-17.646079206807,-12.9870738663715,-5.41867412147962));
#7312=CARTESIAN_POINT('',(-16.046079206807,0.,-5.01867412147962));
#7313=CARTESIAN_POINT('',(-16.046079206807,-12.9870738663715,-5.01867412147962));
#7314=CARTESIAN_POINT('',(-15.846079206807,-12.9870738663715,-5.41867412147962));
#7315=CARTESIAN_POINT('',(-16.046079206807,-12.9870738663715,-5.41867412147962));
#7316=CARTESIAN_POINT('',(-16.046079206807,-12.9870738663715,-5.01867412147962));
#7317=CARTESIAN_POINT('',(17.646079206807,-13.3870738663715,0.));
#7318=CARTESIAN_POINT('',(17.646079206807,-13.3870738663715,-5.01867412147962));
#7319=CARTESIAN_POINT('',(17.646079206807,-13.3870738663715,-5.90901502838241));
#7320=CARTESIAN_POINT('',(17.646079206807,0.,-5.90901502838241));
#7321=CARTESIAN_POINT('',(17.646079206807,-14.1,-5.90901502838241));
#7322=CARTESIAN_POINT('',(17.646079206807,0.,-5.01867412147962));
#7323=CARTESIAN_POINT('',(17.646079206807,-8.20000000000001,-5.01867412147962));
#7324=CARTESIAN_POINT('',(17.646079206807,-14.1,0.));
#7325=CARTESIAN_POINT('',(17.646079206807,-14.1,-2.18870738663714));
#7326=CARTESIAN_POINT('',(17.646079206807,-8.20000000000001,-5.01867412147962));
#7327=CARTESIAN_POINT('',(17.646079206807,-8.20000000000001,-5.01867412147962));
#7328=CARTESIAN_POINT('',(17.646079206807,-8.20000000000001,-5.01867412147962));
#7329=CARTESIAN_POINT('',(17.646079206807,-5.97021082451633E-15,-2.18870738663718));
#7330=CARTESIAN_POINT('',(17.646079206807,-13.3870738663715,-2.18870738663714));
#7331=CARTESIAN_POINT('',(16.046079206807,-13.1870738663715,-5.01867412147962));
#7332=CARTESIAN_POINT('',(16.046079206807,-8.20000000000001,-5.01867412147962));
#7333=CARTESIAN_POINT('',(15.846079206807,-8.20000000000001,-5.01867412147962));
#7334=CARTESIAN_POINT('',(16.046079206807,-8.20000000000001,-5.01867412147962));
#7335=CARTESIAN_POINT('',(17.646079206807,-8.20000000000001,0.));
#7336=CARTESIAN_POINT('',(17.646079206807,-8.20000000000001,-4.45151683395424));
#7337=CARTESIAN_POINT('',(17.646079206807,-13.3870738663715,0.));
#7338=CARTESIAN_POINT('',(17.646079206807,-13.3870738663715,-3.29999999999999));
#7339=CARTESIAN_POINT('',(16.046079206807,-8.20000000000001,-5.01867412147962));
#7340=CARTESIAN_POINT('',(16.046079206807,-8.20000000000001,-5.01867412147962));
#7341=CARTESIAN_POINT('',(17.646079206807,-8.20000000000001,-4.45151683395424));
#7342=CARTESIAN_POINT('',(17.646079206807,-8.20000000000001,-4.45151683395424));
#7343=CARTESIAN_POINT('',(17.646079206807,-8.20000000000001,-4.45151683395424));
#7344=CARTESIAN_POINT('',(17.646079206807,-12.9870738663715,-3.29999999999999));
#7345=CARTESIAN_POINT('',(17.646079206807,-12.9870738663715,-3.69999999999999));
#7346=CARTESIAN_POINT('',(17.646079206807,-12.9870738663715,-3.29999999999999));
#7347=CARTESIAN_POINT('',(16.046079206807,-8.20000000000001,-5.21867412147962));
#7348=CARTESIAN_POINT('',(16.046079206807,-8.20000000000001,-4.45151683395424));
#7349=CARTESIAN_POINT('',(15.846079206807,-8.20000000000001,-4.45151683395424));
#7350=CARTESIAN_POINT('',(16.046079206807,-8.20000000000001,-4.45151683395424));
#7351=CARTESIAN_POINT('',(17.646079206807,-6.32575841697714,-6.32575841697712));
#7352=CARTESIAN_POINT('',(17.646079206807,-9.61965899283301,-3.03185784112124));
#7353=CARTESIAN_POINT('',(17.646079206807,-4.93381087187472,3.52561140907375));
#7354=CARTESIAN_POINT('',(17.646079206807,-9.97745097892667,-3.53255907731401));
#7355=CARTESIAN_POINT('',(17.646079206807,-9.61965899283301,-3.03185784112123));
#7356=CARTESIAN_POINT('',(17.646079206807,-8.05781487366292E-15,-3.70000000000002));
#7357=CARTESIAN_POINT('',(17.646079206807,-10.3028987866607,-3.7));
#7358=CARTESIAN_POINT('',(15.846079206807,-12.9870738663715,-3.29999999999999));
#7359=CARTESIAN_POINT('',(16.046079206807,-12.9870738663715,-3.29999999999999));
#7360=CARTESIAN_POINT('',(16.046079206807,-8.20000000000001,-4.45151683395424));
#7361=CARTESIAN_POINT('',(16.046079206807,-8.20000000000001,-4.45151683395424));
#7362=CARTESIAN_POINT('',(17.646079206807,-9.61965899283301,-3.03185784112123));
#7363=CARTESIAN_POINT('',(17.646079206807,-9.61965899283301,-3.03185784112123));
#7364=CARTESIAN_POINT('',(17.646079206807,-10.3028987866607,-3.3));
#7365=CARTESIAN_POINT('',(17.646079206807,-10.3028987866607,-3.3));
#7366=CARTESIAN_POINT('',(16.046079206807,-12.9870738663715,-3.69999999999999));
#7367=CARTESIAN_POINT('',(16.046079206807,-12.9870738663715,-3.69999999999999));
#7368=CARTESIAN_POINT('',(16.046079206807,-8.14142135623732,-4.51009547771693));
#7369=CARTESIAN_POINT('',(16.046079206807,-9.61965899283301,-3.03185784112123));
#7370=CARTESIAN_POINT('',(15.846079206807,-9.61965899283301,-3.03185784112123));
#7371=CARTESIAN_POINT('',(16.046079206807,-9.61965899283301,-3.03185784112123));
#7372=CARTESIAN_POINT('',(15.846079206807,-10.3028987866607,-3.3));
#7373=CARTESIAN_POINT('',(16.046079206807,-10.3028987866607,-3.3));
#7374=CARTESIAN_POINT('',(16.046079206807,-10.2,-3.7));
#7375=CARTESIAN_POINT('',(16.046079206807,-10.3028987866607,-3.7));
#7376=CARTESIAN_POINT('',(16.046079206807,-9.61965899283301,-3.03185784112123));
#7377=CARTESIAN_POINT('',(16.046079206807,-9.61965899283301,-3.03185784112123));
#7378=CARTESIAN_POINT('',(16.046079206807,-10.3028987866607,-3.3));
#7379=CARTESIAN_POINT('',(16.046079206807,-9.97745097892667,-3.532559077314));
#7380=CARTESIAN_POINT('',(16.046079206807,-9.48242287440918,-2.83980688186045));
#7381=CARTESIAN_POINT('',(14.4,6.4,0.));
#7382=CARTESIAN_POINT('',(-14.4,6.4,-6.));
#7383=CARTESIAN_POINT('',(1.5,-0.299999999999996,-13.5));
#7384=CARTESIAN_POINT('',(1.85168068344504,6.41046719124859,-7.2));
#7385=CARTESIAN_POINT('',(1.5,-0.299999999999996,-13.5));
#7386=CARTESIAN_POINT('',(1.64103926027916,2.39118940372277,-5.8));
#7387=CARTESIAN_POINT('',(-1.92680329545732,7.84389201939414,-13.5));
#7388=CARTESIAN_POINT('',(-1.85168068344504,6.41046719124859,-6.));
#7389=CARTESIAN_POINT('',(-1.64103926027916,2.39118940372278,-5.8));
#7390=CARTESIAN_POINT('',(-1.5,-0.299999999999996,-13.5));
#7391=CARTESIAN_POINT('',(0.,-0.3,-13.5));
#7392=CARTESIAN_POINT('',(-1.19403806942157E-15,2.39118940372277,-5.8));
#7393=CARTESIAN_POINT('',(-3.85,2.39118940372278,-5.8));
#7394=CARTESIAN_POINT('',(-2.05140659039595,6.4,-13.5));
#7395=CARTESIAN_POINT('',(2.05140659039595,6.4,-13.5));
#7396=CARTESIAN_POINT('',(14.,-21.5,-6.4));
#7397=CARTESIAN_POINT('',(-14.,-14.5,-6.4));
#7398=CARTESIAN_POINT('',(0.,-13.1870738663715,0.));
#7399=CARTESIAN_POINT('',(-2.2,-13.1870738663715,1.36129261336286));
#7400=CARTESIAN_POINT('',(-13.846079206807,-13.1870738663715,1.36129261336286));
#7401=CARTESIAN_POINT('',(13.846079206807,-13.1870738663715,1.36129261336286));
#7402=CARTESIAN_POINT('',(-13.846079206807,-13.1870738663715,-0.638707386637142));
#7403=CARTESIAN_POINT('',(-15.846079206807,-13.1870738663715,-0.638707386637142));
#7404=CARTESIAN_POINT('',(-15.846079206807,-13.1870738663715,-8.4));
#7405=CARTESIAN_POINT('',(-15.846079206807,-13.1870738663715,-6.4));
#7406=CARTESIAN_POINT('',(-13.846079206807,-13.1870738663715,-6.4));
#7407=CARTESIAN_POINT('',(-13.846079206807,-13.1870738663715,-8.4));
#7408=CARTESIAN_POINT('',(15.846079206807,-13.1870738663715,-8.4));
#7409=CARTESIAN_POINT('',(13.846079206807,-13.1870738663715,-8.4));
#7410=CARTESIAN_POINT('',(13.846079206807,-13.1870738663715,-6.4));
#7411=CARTESIAN_POINT('',(15.846079206807,-13.1870738663715,-6.4));
#7412=CARTESIAN_POINT('',(15.846079206807,-13.1870738663715,1.36129261336286));
#7413=CARTESIAN_POINT('',(15.846079206807,-13.1870738663715,-0.638707386637142));
#7414=CARTESIAN_POINT('',(13.846079206807,-13.1870738663715,-0.638707386637142));
#7415=CARTESIAN_POINT('',(-13.846079206807,-13.1870738663715,-0.638707386637142));
#7416=CARTESIAN_POINT('',(-13.846079206807,-13.1870738663715,0.411292613362858));
#7417=CARTESIAN_POINT('',(-14.896079206807,-13.1870738663715,-0.638707386637142));
#7418=CARTESIAN_POINT('',(-2.2,-13.1870738663715,0.411292613362858));
#7419=CARTESIAN_POINT('',(13.846079206807,-13.1870738663715,0.411292613362858));
#7420=CARTESIAN_POINT('',(13.846079206807,-13.1870738663715,-0.638707386637142));
#7421=CARTESIAN_POINT('',(14.896079206807,-13.1870738663715,-0.638707386637142));
#7422=CARTESIAN_POINT('',(14.896079206807,-13.1870738663715,1.36129261336286));
#7423=CARTESIAN_POINT('',(14.896079206807,-13.1870738663715,-6.4));
#7424=CARTESIAN_POINT('',(13.846079206807,-13.1870738663715,-6.4));
#7425=CARTESIAN_POINT('',(13.846079206807,-13.1870738663715,-7.45));
#7426=CARTESIAN_POINT('',(15.846079206807,-13.1870738663715,-7.45));
#7427=CARTESIAN_POINT('',(-13.846079206807,-13.1870738663715,-7.45));
#7428=CARTESIAN_POINT('',(-13.846079206807,-13.1870738663715,-6.4));
#7429=CARTESIAN_POINT('',(-14.896079206807,-13.1870738663715,-6.4));
#7430=CARTESIAN_POINT('',(-14.896079206807,-13.1870738663715,-8.4));
#7431=CARTESIAN_POINT('',(15.846079206807,12.9629261336285,1.36129261336286));
#7432=CARTESIAN_POINT('',(15.846079206807,8.26292613362847,1.36129261336286));
#7433=CARTESIAN_POINT('',(15.846079206807,8.26292613362847,-0.638707386637142));
#7434=CARTESIAN_POINT('',(15.846079206807,8.26292613362847,-2.75080765178921));
#7435=CARTESIAN_POINT('',(15.846079206807,12.9629261336285,-0.638707386637142));
#7436=CARTESIAN_POINT('',(15.846079206807,12.9629261336285,-6.4));
#7437=CARTESIAN_POINT('',(15.846079206807,9.50737602708607,-6.4));
#7438=CARTESIAN_POINT('',(15.846079206807,12.9629261336285,1.36129261336286));
#7439=CARTESIAN_POINT('',(15.846079206807,11.1321011387179,-2.75080765178921));
#7440=CARTESIAN_POINT('',(15.846079206807,10.1321011387179,-2.75080765178921));
#7441=CARTESIAN_POINT('',(-2.2,12.9629261336285,1.36129261336286));
#7442=CARTESIAN_POINT('',(-2.2,8.26292613362847,1.36129261336286));
#7443=CARTESIAN_POINT('',(10.1731439401872,8.26292613362847,1.36129261336286));
#7444=CARTESIAN_POINT('',(13.846079206807,8.26292613362847,1.36129261336286));
#7445=CARTESIAN_POINT('',(10.1731439401872,11.9629261336285,1.36129261336286));
#7446=CARTESIAN_POINT('',(10.1731439401872,12.9629261336285,1.36129261336286));
#7447=CARTESIAN_POINT('',(-15.846079206807,12.9629261336285,1.36129261336286));
#7448=CARTESIAN_POINT('',(-10.1731439401871,12.9629261336285,1.36129261336286));
#7449=CARTESIAN_POINT('',(-10.1731439401871,11.9629261336285,1.36129261336286));
#7450=CARTESIAN_POINT('',(-10.1731439401871,11.9629261336285,1.36129261336286));
#7451=CARTESIAN_POINT('',(-13.846079206807,11.9629261336285,1.36129261336286));
#7452=CARTESIAN_POINT('',(-13.846079206807,11.9629261336285,1.36129261336286));
#7453=CARTESIAN_POINT('',(-13.846079206807,12.9629261336285,1.36129261336286));
#7454=CARTESIAN_POINT('',(13.846079206807,12.9629261336285,1.36129261336286));
#7455=CARTESIAN_POINT('',(1.77635683940025E-15,12.9629261336285,1.36129261336286));
#7456=CARTESIAN_POINT('',(10.1731439401872,10.593510219292,-3.96050266291075));
#7457=CARTESIAN_POINT('',(13.846079206807,9.50737602708607,-6.4));
#7458=CARTESIAN_POINT('',(13.846079206807,8.616918656469,-8.4));
#7459=CARTESIAN_POINT('',(15.846079206807,8.616918656469,-8.4));
#7460=CARTESIAN_POINT('',(-13.846079206807,8.616918656469,-8.4));
#7461=CARTESIAN_POINT('',(-13.846079206807,9.50737602708607,-6.4));
#7462=CARTESIAN_POINT('',(-15.846079206807,9.50737602708607,-6.4));
#7463=CARTESIAN_POINT('',(-15.846079206807,9.33589908583281,-6.78514351593144));
#7464=CARTESIAN_POINT('',(-15.846079206807,11.1321011387178,-2.75080765178946));
#7465=CARTESIAN_POINT('',(-10.1731439401871,10.5935102192919,-3.96050266291089));
#7466=CARTESIAN_POINT('',(-15.846079206807,12.9629261336285,-8.4));
#7467=CARTESIAN_POINT('',(-15.846079206807,10.1321011387178,-2.75080765178946));
#7468=CARTESIAN_POINT('',(-15.846079206807,10.1321011387178,-2.75080765178946));
#7469=CARTESIAN_POINT('',(-15.846079206807,11.0724687630114,-0.638707386637142));
#7470=CARTESIAN_POINT('',(-15.846079206807,10.1321011387178,-2.75080765178946));
#7471=CARTESIAN_POINT('',(-15.846079206807,12.9629261336285,-6.4));
#7472=CARTESIAN_POINT('',(-15.846079206807,12.9629261336285,-0.638707386637142));
#7473=CARTESIAN_POINT('',(15.846079206807,12.9629261336285,-8.4));
#7474=CARTESIAN_POINT('',(13.846079206807,12.9629261336285,-8.4));
#7475=CARTESIAN_POINT('',(-13.846079206807,12.9629261336285,-8.4));
#7476=CARTESIAN_POINT('',(-13.846079206807,12.9629261336285,-0.638707386637142));
#7477=CARTESIAN_POINT('',(-13.846079206807,11.0724687630114,-0.638707386637143));
#7478=CARTESIAN_POINT('',(13.846079206807,12.9629261336285,-0.638707386637142));
#7479=CARTESIAN_POINT('',(13.846079206807,8.26292613362847,-0.638707386637142));
#7480=CARTESIAN_POINT('',(-13.846079206807,12.9629261336285,-6.4));
#7481=CARTESIAN_POINT('',(13.846079206807,12.9629261336285,-6.4));
#7482=CARTESIAN_POINT('',(-10.1731439401871,11.9629261336284,1.36129261336271));
#7483=CARTESIAN_POINT('',(-10.1731439401871,12.9629261336285,1.36129261336271));
#7484=CARTESIAN_POINT('',(-11.4755958401244,11.9629261336284,1.36129261336271));
#7485=CARTESIAN_POINT('',(-11.4755958401244,12.9629261336285,1.36129261336271));
#7486=CARTESIAN_POINT('',(-14.0752675489834,11.5937802007483,0.532177273176889));
#7487=CARTESIAN_POINT('',(-14.0752675489834,12.5937802007484,0.532177273176889));
#7488=CARTESIAN_POINT('',(-15.5500194217558,10.6479884192856,-1.5921058484448));
#7489=CARTESIAN_POINT('',(-15.5500194217558,11.6479884192857,-1.5921058484448));
#7490=CARTESIAN_POINT('',(-15.846079206807,10.1321011387178,-2.75080765178946));
#7491=CARTESIAN_POINT('',(-15.846079206807,11.1321011387179,-2.75080765178946));
#7492=CARTESIAN_POINT('',(-10.1731439401871,9.59351021929193,-3.96050266291089));
#7493=CARTESIAN_POINT('',(-13.846079206807,11.0724687630114,-0.638707386637143));
#7494=CARTESIAN_POINT('',(15.846079206807,6.40390113871793,-2.75080765178921));
#7495=CARTESIAN_POINT('',(15.846079206807,11.1321011387179,-2.75080765178921));
#7496=CARTESIAN_POINT('',(15.5500194217558,6.91978841928569,-1.59210584844458));
#7497=CARTESIAN_POINT('',(15.5500194217558,11.6479884192857,-1.59210584844458));
#7498=CARTESIAN_POINT('',(14.0752675489834,7.8655802007484,0.532177273177047));
#7499=CARTESIAN_POINT('',(14.0752675489834,12.5937802007484,0.532177273177047));
#7500=CARTESIAN_POINT('',(11.4755958401245,8.23472613362847,1.36129261336285));
#7501=CARTESIAN_POINT('',(11.4755958401245,12.9629261336285,1.36129261336285));
#7502=CARTESIAN_POINT('',(10.1731439401872,8.23472613362847,1.36129261336286));
#7503=CARTESIAN_POINT('',(10.1731439401872,12.9629261336285,1.36129261336286));
#7504=CARTESIAN_POINT('',(10.1731439401872,8.26292613362847,1.36129261336286));
#7505=CARTESIAN_POINT('',(11.4415001300408,8.26292613362847,1.36129261336286));
#7506=CARTESIAN_POINT('',(13.9321448883321,8.26292613362849,0.615981810460492));
#7507=CARTESIAN_POINT('',(15.5312129944698,8.26292613362841,-1.5185023321584));
#7508=CARTESIAN_POINT('',(15.8460792068069,8.26292613362841,-2.75080765178907));
#7509=CARTESIAN_POINT('',(0.,8.26292613362847,-3.51935369331857));
#7510=CARTESIAN_POINT('',(14.896079206807,12.9629261336285,1.36129261336286));
#7511=CARTESIAN_POINT('',(14.896079206807,7.31292613362847,1.36129261336286));
#7512=CARTESIAN_POINT('',(14.896079206807,7.31292613362847,-0.638707386637142));
#7513=CARTESIAN_POINT('',(14.896079206807,7.31292613362847,-2.87673669819895));
#7514=CARTESIAN_POINT('',(14.896079206807,7.31292613362847,-2.87673669819895));
#7515=CARTESIAN_POINT('',(14.896079206807,10.036129450362,-2.87673669819895));
#7516=CARTESIAN_POINT('',(14.896079206807,12.095057948868,1.74769242428487));
#7517=CARTESIAN_POINT('',(14.896079206807,8.46747156250533,-6.4));
#7518=CARTESIAN_POINT('',(14.896079206807,12.9629261336285,-6.4));
#7519=CARTESIAN_POINT('',(14.896079206807,12.9629261336285,-0.638707386637142));
#7520=CARTESIAN_POINT('',(-2.2,12.9629261336285,0.411292613362858));
#7521=CARTESIAN_POINT('',(-2.2,7.31292613362847,0.411292613362858));
#7522=CARTESIAN_POINT('',(10.1731439401872,7.31292613362847,0.411292613362858));
#7523=CARTESIAN_POINT('',(13.846079206807,7.31292613362847,0.411292613362858));
#7524=CARTESIAN_POINT('',(13.846079206807,12.9629261336285,0.411292613362858));
#7525=CARTESIAN_POINT('',(-13.846079206807,12.9629261336285,0.411292613362858));
#7526=CARTESIAN_POINT('',(-13.846079206807,10.5000544180046,0.411292613362858));
#7527=CARTESIAN_POINT('',(-2.2,10.5000544180046,0.411292613362858));
#7528=CARTESIAN_POINT('',(-10.1731439401871,10.5000544180046,0.411292613362711));
#7529=CARTESIAN_POINT('',(-10.1731439401871,11.9629261336284,0.411292613362711));
#7530=CARTESIAN_POINT('',(-10.1731439401871,11.5000544180046,0.411292613362711));
#7531=CARTESIAN_POINT('',(-2.2,11.5000544180046,0.411292613362858));
#7532=CARTESIAN_POINT('',(10.1731439401872,11.5000544180046,0.411292613362858));
#7533=CARTESIAN_POINT('',(10.1731439401872,12.9629261336285,0.411292613362858));
#7534=CARTESIAN_POINT('',(1.77635683940025E-15,12.095057948868,1.74769242428487));
#7535=CARTESIAN_POINT('',(14.896079206807,10.036129450362,-2.87673669819895));
#7536=CARTESIAN_POINT('',(14.6245015212471,10.4590288544079,-1.92688908504973));
#7537=CARTESIAN_POINT('',(13.3634253673311,11.2097280511004,-0.240791083138037));
#7538=CARTESIAN_POINT('',(11.2472447407486,11.5000544180046,0.411292613362855));
#7539=CARTESIAN_POINT('',(10.1731439401872,11.5000544180046,0.411292613362855));
#7540=CARTESIAN_POINT('',(-10.1731439401871,11.5000544180046,0.411292613362711));
#7541=CARTESIAN_POINT('',(-11.2473389030425,11.5000544180046,0.411292613362712));
#7542=CARTESIAN_POINT('',(-13.3575098001743,11.2115209000541,-0.236764278457863));
#7543=CARTESIAN_POINT('',(-14.6244800181367,10.4590623389431,-1.92681387755241));
#7544=CARTESIAN_POINT('',(-14.896079206807,10.0361294503619,-2.87673669819924));
#7545=CARTESIAN_POINT('',(-14.896079206807,10.0361294503619,-2.87673669819924));
#7546=CARTESIAN_POINT('',(-14.896079206807,8.46803090107234,-6.39874370500943));
#7547=CARTESIAN_POINT('',(-14.896079206807,8.46747156250533,-6.4));
#7548=CARTESIAN_POINT('',(-13.846079206807,8.46747156250533,-6.4));
#7549=CARTESIAN_POINT('',(-13.846079206807,7.99998144293137,-7.45));
#7550=CARTESIAN_POINT('',(15.846079206807,7.99998144293137,-7.45));
#7551=CARTESIAN_POINT('',(13.846079206807,7.99998144293137,-7.45));
#7552=CARTESIAN_POINT('',(13.846079206807,8.46747156250533,-6.4));
#7553=CARTESIAN_POINT('',(-14.896079206807,12.9629261336285,-8.4));
#7554=CARTESIAN_POINT('',(-14.896079206807,7.63346559789291,-6.02717129227073));
#7555=CARTESIAN_POINT('',(-14.896079206807,9.03612945036189,-2.87673669819924));
#7556=CARTESIAN_POINT('',(-14.896079206807,10.0325642984307,-0.638707386637142));
#7557=CARTESIAN_POINT('',(-14.896079206807,12.9629261336285,-0.638707386637142));
#7558=CARTESIAN_POINT('',(-14.896079206807,12.9629261336285,-6.4));
#7559=CARTESIAN_POINT('',(-14.896079206807,9.03612945036189,-2.87673669819924));
#7560=CARTESIAN_POINT('',(15.846079206807,12.9629261336285,-7.45));
#7561=CARTESIAN_POINT('',(-13.846079206807,12.9629261336285,-7.45));
#7562=CARTESIAN_POINT('',(13.846079206807,12.9629261336285,-7.45));
#7563=CARTESIAN_POINT('',(-13.846079206807,12.9629261336285,-0.638707386637142));
#7564=CARTESIAN_POINT('',(-13.846079206807,10.0325642984307,-0.638707386637142));
#7565=CARTESIAN_POINT('',(13.846079206807,12.9629261336285,-0.638707386637142));
#7566=CARTESIAN_POINT('',(13.846079206807,7.31292613362847,-0.638707386637142));
#7567=CARTESIAN_POINT('',(-13.846079206807,12.9629261336285,-6.4));
#7568=CARTESIAN_POINT('',(13.846079206807,12.9629261336285,-6.4));
#7569=CARTESIAN_POINT('',(-10.1731439401871,10.4922142602764,0.411292613362711));
#7570=CARTESIAN_POINT('',(-10.1731439401871,11.8145875304193,0.411292613362711));
#7571=CARTESIAN_POINT('',(-11.2599292713747,10.4922142602764,0.411292613362712));
#7572=CARTESIAN_POINT('',(-11.2599292713747,11.8145875304193,0.411292613362712));
#7573=CARTESIAN_POINT('',(-13.4250430269784,10.1378615556635,-0.273258841284307));
#7574=CARTESIAN_POINT('',(-13.4250430269784,11.4602348258063,-0.273258841284307));
#7575=CARTESIAN_POINT('',(-14.6352312969542,9.22415370075109,-1.96441665961484));
#7576=CARTESIAN_POINT('',(-14.6352312969542,10.5465269708939,-1.96441665961484));
#7577=CARTESIAN_POINT('',(-14.896079206807,8.72159633794718,-2.87673669819924));
#7578=CARTESIAN_POINT('',(-14.896079206807,10.04396960809,-2.87673669819924));
#7579=CARTESIAN_POINT('',(-14.896079206807,9.03612945036189,-2.87673669819924));
#7580=CARTESIAN_POINT('',(-14.6245015212471,9.45902885440779,-1.92688908504998));
#7581=CARTESIAN_POINT('',(-13.3634253673311,10.2097280511003,-0.240791083138212));
#7582=CARTESIAN_POINT('',(-11.2472447407486,10.5000544180046,0.411292613362712));
#7583=CARTESIAN_POINT('',(-10.1731439401871,10.5000544180046,0.411292613362711));
#7584=CARTESIAN_POINT('',(-13.846079206807,10.2046005782509,-0.252307575715133));
#7585=CARTESIAN_POINT('',(14.896079206807,5.51534528386491,-2.87673669819895));
#7586=CARTESIAN_POINT('',(14.896079206807,10.0630923777964,-2.87673669819895));
#7587=CARTESIAN_POINT('',(14.6352312969542,6.01790264666881,-1.96441665961458));
#7588=CARTESIAN_POINT('',(14.6352312969542,10.5656497406003,-1.96441665961458));
#7589=CARTESIAN_POINT('',(13.4250430269784,6.93161050158117,-0.273258841284118));
#7590=CARTESIAN_POINT('',(13.4250430269784,11.4793575955126,-0.273258841284118));
#7591=CARTESIAN_POINT('',(11.2599292713747,7.28596320619409,0.411292613362857));
#7592=CARTESIAN_POINT('',(11.2599292713747,11.8337103001256,0.411292613362857));
#7593=CARTESIAN_POINT('',(10.1731439401872,7.28596320619409,0.411292613362855));
#7594=CARTESIAN_POINT('',(10.1731439401872,11.8337103001256,0.411292613362855));
#7595=CARTESIAN_POINT('',(10.1731439401872,7.31292613362847,0.411292613362858));
#7596=CARTESIAN_POINT('',(11.2109145408224,7.31292613362847,0.411292613362858));
#7597=CARTESIAN_POINT('',(13.2527992468677,7.31292613362814,-0.173928593812111));
#7598=CARTESIAN_POINT('',(14.6098514837353,7.31292613362837,-1.87565032758558));
#7599=CARTESIAN_POINT('',(14.8960792068069,7.31292613362837,-2.87673669819877));
#7600=CARTESIAN_POINT('',(0.,7.31292613362847,-3.51935369331857));
#7601=CARTESIAN_POINT('',(0.,-4.26853704452515,55.3630981445313));
#7602=CARTESIAN_POINT('',(0.,0.,0.));
#7603=CARTESIAN_POINT('',(-13.8035706633773,-13.8035706633773,55.3630981445313));
#7604=CARTESIAN_POINT('',(0.,-36.577564239502,-3.27304434776306));
#7605=CARTESIAN_POINT('',(0.,0.,0.));
#7606=CARTESIAN_POINT('',(-9.11981102206545,-9.11981102206545,36.577564239502));
#7607=CARTESIAN_POINT('',(35.3178405761719,-4.26853704452515,-3.27304434776306));
#7608=CARTESIAN_POINT('',(0.,0.,0.));
#7609=CARTESIAN_POINT('',(-8.80572663759494,-8.80572663759494,35.3178405761719));
#7610=CARTESIAN_POINT('',(0.,36.577564239502,-3.27304434776306));
#7611=CARTESIAN_POINT('',(0.,0.,0.));
#7612=CARTESIAN_POINT('',(-9.11981102206545,-9.11981102206545,36.577564239502));
#7613=CARTESIAN_POINT('',(0.,-4.26853704452515,-55.3630981445313));
#7614=CARTESIAN_POINT('',(0.,0.,0.));
#7615=CARTESIAN_POINT('',(-13.8035706633773,-13.8035706633773,55.3630981445313));
#7616=CARTESIAN_POINT('',(-35.3178405761719,-4.26853704452515,-3.27304434776306));
#7617=CARTESIAN_POINT('',(0.,0.,0.));
#7618=CARTESIAN_POINT('',(-8.80572663759494,-8.80572663759494,35.3178405761719));
#7619=CARTESIAN_POINT('',(33.0297392606735,-38.0519667267799,29.6335402131081));
#7620=CARTESIAN_POINT('',(0.,0.,0.));
#7621=CARTESIAN_POINT('',(-14.4979183489175,-14.4979183489175,58.1479746086319));
#7622=CARTESIAN_POINT('',(34.4611317184257,-32.9278142796381,14.5663652403231));
#7623=CARTESIAN_POINT('',(0.,0.,0.));
#7624=CARTESIAN_POINT('',(-12.3432435389408,-12.3432435389408,49.5060459451464));
#7625=MECHANICAL_DESIGN_GEOMETRIC_PRESENTATION_REPRESENTATION('',(#4355,
#4356),#7626);
#7626=(
GEOMETRIC_REPRESENTATION_CONTEXT(3)
GLOBAL_UNCERTAINTY_ASSIGNED_CONTEXT((#7627))
GLOBAL_UNIT_ASSIGNED_CONTEXT((#7630,#7629,#7628))
REPRESENTATION_CONTEXT('OOM-E03-03-exported','TOP_LEVEL_ASSEMBLY_PART')
);
#7627=UNCERTAINTY_MEASURE_WITH_UNIT(LENGTH_MEASURE(0.005),#7630,
'DISTANCE_ACCURACY_VALUE','Maximum Tolerance applied to model');
#7628=(
NAMED_UNIT(*)
SI_UNIT($,.STERADIAN.)
SOLID_ANGLE_UNIT()
);
#7629=(
NAMED_UNIT(*)
PLANE_ANGLE_UNIT()
SI_UNIT($,.RADIAN.)
);
#7630=(
LENGTH_UNIT()
NAMED_UNIT(*)
SI_UNIT(.MILLI.,.METRE.)
);
#7631=PRODUCT_DEFINITION_SHAPE('','',#7632);
#7632=PRODUCT_DEFINITION('','',#7634,#7633);
#7633=PRODUCT_DEFINITION_CONTEXT('',#7640,'design');
#7634=PRODUCT_DEFINITION_FORMATION_WITH_SPECIFIED_SOURCE('','',#7636,
 .NOT_KNOWN.);
#7635=PRODUCT_RELATED_PRODUCT_CATEGORY('','',(#7636));
#7636=PRODUCT('OOM-E03-03-exported','OOM-E03-03-exported',
'OOM-E03-03-exported',(#7638));
#7637=PRODUCT_CATEGORY('','');
#7638=PRODUCT_CONTEXT('',#7640,'mechanical');
#7639=APPLICATION_PROTOCOL_DEFINITION('international standard',
'ap242_managed_model_based_3d_engineering',2020,#7640);
#7640=APPLICATION_CONTEXT('managed model based 3d engineering');
ENDSEC;
END-ISO-10303-21;
