ISO-10303-21;
HEADER;
/* Generated by software containing ST-Developer
 * from STEP Tools, Inc. (www.steptools.com) 
 */

FILE_DESCRIPTION(
/* description */ (''),
/* implementation_level */ '2;1');

FILE_NAME(
/* name */ 'OOM-M01- Submission.step',
/* time_stamp */ '2026-08-09T02:48:07+03:00',
/* author */ (''),
/* organization */ (''),
/* preprocessor_version */ 'ST-DEVELOPER v20.1',
/* originating_system */ 'Autodesk Translation Framework v15.8.0.0',
/* authorisation */ '');

FILE_SCHEMA (('AUTOMOTIVE_DESIGN { 1 0 10303 214 3 1 1 }'));
ENDSEC;

DATA;
#10=MECHANICAL_DESIGN_GEOMETRIC_PRESENTATION_REPRESENTATION('',(#13),#5409);
#11=SHAPE_REPRESENTATION_RELATIONSHIP('SRR','None',#5416,#12);
#12=ADVANCED_BREP_SHAPE_REPRESENTATION('',(#14),#5408);
#13=STYLED_ITEM('',(#5425),#14);
#14=MANIFOLD_SOLID_BREP('Body1',#2810);
#15=(
BOUNDED_SURFACE()
B_SPLINE_SURFACE(2,2,((#4645,#4646,#4647),(#4648,#4649,#4650),(#4651,#4652,
#4653)),.UNSPECIFIED.,.F.,.F.,.F.)
B_SPLINE_SURFACE_WITH_KNOTS((3,3),(3,3),(-1.5707963267949,0.),(1.95210102511112,
2.35738506379026),.UNSPECIFIED.)
GEOMETRIC_REPRESENTATION_ITEM()
RATIONAL_B_SPLINE_SURFACE(((1.,0.979538269676936,1.),(0.707106781186545,
0.692638152920296,0.707106781186545),(1.,0.979538269676936,1.)))
REPRESENTATION_ITEM('')
SURFACE()
);
#16=(
BOUNDED_SURFACE()
B_SPLINE_SURFACE(2,2,((#5102,#5103,#5104),(#5105,#5106,#5107),(#5108,#5109,
#5110)),.UNSPECIFIED.,.F.,.F.,.F.)
B_SPLINE_SURFACE_WITH_KNOTS((3,3),(3,3),(0.,1.5707963267949),(2.09683735306609,
2.35738506379026),.UNSPECIFIED.)
GEOMETRIC_REPRESENTATION_ITEM()
RATIONAL_B_SPLINE_SURFACE(((1.,0.991526355528202,1.),(0.707106781186536,
0.701115009719164,0.707106781186536),(1.,0.991526355528202,1.)))
REPRESENTATION_ITEM('')
SURFACE()
);
#17=(
BOUNDED_SURFACE()
B_SPLINE_SURFACE(2,2,((#5141,#5142,#5143),(#5144,#5145,#5146),(#5147,#5148,
#5149)),.UNSPECIFIED.,.F.,.F.,.F.)
B_SPLINE_SURFACE_WITH_KNOTS((3,3),(3,3),(0.,1.57079632679489),(1.95210102511096,
2.0968373530661),.UNSPECIFIED.)
GEOMETRIC_REPRESENTATION_ITEM()
RATIONAL_B_SPLINE_SURFACE(((1.,0.997382567044782,1.),(0.70710678118655,
0.705255976594615,0.70710678118655),(1.,0.997382567044782,1.)))
REPRESENTATION_ITEM('')
SURFACE()
);
#18=(
BOUNDED_SURFACE()
B_SPLINE_SURFACE(2,2,((#5268,#5269,#5270,#5271,#5272,#5273,#5274,#5275,
#5276),(#5277,#5278,#5279,#5280,#5281,#5282,#5283,#5284,#5285),(#5286,#5287,
#5288,#5289,#5290,#5291,#5292,#5293,#5294)),.UNSPECIFIED.,.F.,.T.,.F.)
B_SPLINE_SURFACE_WITH_KNOTS((3,3),(3,2,2,2,3),(0.,1.57079632679489),(-3.14159265358979,
-1.5707963267949,0.,1.5707963267949,3.14159265358979),.UNSPECIFIED.)
GEOMETRIC_REPRESENTATION_ITEM()
RATIONAL_B_SPLINE_SURFACE(((1.,0.707106781186548,1.,0.707106781186548,1.,
0.707106781186548,1.,0.707106781186548,1.),(0.70710678118656,0.500000000000009,
0.70710678118656,0.500000000000009,0.70710678118656,0.500000000000009,0.70710678118656,
0.500000000000009,0.70710678118656),(1.,0.707106781186548,1.,0.707106781186548,
1.,0.707106781186548,1.,0.707106781186548,1.)))
REPRESENTATION_ITEM('')
SURFACE()
);
#19=ELLIPSE('',#2844,0.311816058020958,0.3);
#20=ELLIPSE('',#2853,0.300006611756498,0.3);
#21=ELLIPSE('',#2877,0.300150602398713,0.3);
#22=ELLIPSE('',#2883,0.300136621045798,0.3);
#23=ELLIPSE('',#2901,0.500039900771753,0.5);
#24=ELLIPSE('',#2952,0.717499614065861,0.5);
#25=ELLIPSE('',#2958,0.688753768055987,0.5);
#26=ELLIPSE('',#2981,0.687319274511311,0.5);
#27=ELLIPSE('',#2987,0.696675769068403,0.5);
#28=ELLIPSE('',#2988,0.500623204682511,0.5);
#29=ELLIPSE('',#3011,0.70477114765894,0.5);
#30=ELLIPSE('',#3057,0.507080512834967,0.5);
#31=ELLIPSE('',#3083,0.500642171163271,0.5);
#32=B_SPLINE_CURVE_WITH_KNOTS('',3,(#4118,#4119,#4120,#4121,#4122,#4123,
#4124,#4125,#4126,#4127),.UNSPECIFIED.,.F.,.F.,(4,2,2,2,4),(1.33298483402672,
1.44408126185989,1.55516691517585,1.66624181807051,1.77730868798127),
 .UNSPECIFIED.);
#33=B_SPLINE_CURVE_WITH_KNOTS('',3,(#4128,#4129,#4130,#4131,#4132,#4133,
#4134,#4135,#4136,#4137,#4138,#4139,#4140,#4141),.UNSPECIFIED.,.F.,.F.,
(4,2,2,2,2,2,4),(-1.25916695412038,-1.25787079699344,-1.08239766970234,
-0.923655822641911,-0.796724157822112,-0.706427450575454,-0.628935398493486),
 .UNSPECIFIED.);
#34=B_SPLINE_CURVE_WITH_KNOTS('',3,(#4144,#4145,#4146,#4147,#4148,#4149,
#4150,#4151,#4152,#4153,#4154,#4155,#4156,#4157),.UNSPECIFIED.,.F.,.F.,
(4,2,2,2,2,2,4),(-0.000840600938952586,0.,0.0608110275259809,0.12159371402663,
0.239153789355671,0.356134602986675,0.472830200344155),.UNSPECIFIED.);
#35=B_SPLINE_CURVE_WITH_KNOTS('',3,(#4164,#4165,#4166,#4167,#4168,#4169,
#4170,#4171,#4172,#4173,#4174),.UNSPECIFIED.,.F.,.F.,(4,2,3,2,4),(5.8119346197994,
6.01441266527338,6.49058932531337,6.96676598535337,7.16924403082734),
 .UNSPECIFIED.);
#36=B_SPLINE_CURVE_WITH_KNOTS('',3,(#4178,#4179,#4180,#4181,#4182,#4183,
#4184,#4185,#4186,#4187,#4188,#4189,#4190,#4191),.UNSPECIFIED.,.F.,.F.,
(4,2,2,2,2,2,4),(-0.946286298506001,-0.945441122102342,-0.884700935261269,
-0.823986617648261,-0.706457597958485,-0.589458548446268,-0.472720561050386),
 .UNSPECIFIED.);
#37=B_SPLINE_CURVE_WITH_KNOTS('',3,(#4229,#4230,#4231,#4232,#4233,#4234,
#4235,#4236,#4237,#4238),.UNSPECIFIED.,.F.,.F.,(4,2,2,2,4),(0.480777966579405,
0.610680320222484,0.740582673865563,0.853054101301615,0.965525528737667),
 .UNSPECIFIED.);
#38=B_SPLINE_CURVE_WITH_KNOTS('',3,(#4343,#4344,#4345,#4346,#4347,#4348,
#4349,#4350,#4351,#4352,#4353,#4354,#4355,#4356),.UNSPECIFIED.,.F.,.F.,
(4,2,2,2,2,2,4),(-0.804074479353665,-0.803030396510595,-0.691144416547019,
-0.57969016453922,-0.379566644352498,-0.1877812092041,0.),.UNSPECIFIED.);
#39=B_SPLINE_CURVE_WITH_KNOTS('',3,(#4383,#4384,#4385,#4386,#4387,#4388,
#4389,#4390),.UNSPECIFIED.,.F.,.F.,(4,2,2,4),(1.15122974990226,1.59160363141434,
2.03197751292641,2.17053999129003),.UNSPECIFIED.);
#40=B_SPLINE_CURVE_WITH_KNOTS('',3,(#4396,#4397,#4398,#4399,#4400,#4401),
 .UNSPECIFIED.,.F.,.F.,(4,2,4),(2.05330922826199,2.30023548635892,2.30123548698413),
 .UNSPECIFIED.);
#41=B_SPLINE_CURVE_WITH_KNOTS('',3,(#4405,#4406,#4407,#4408,#4409,#4410,
#4411,#4412),.UNSPECIFIED.,.F.,.F.,(4,2,2,4),(2.56004983459716,2.768642432157,
3.11798666581689,3.46733089947677),.UNSPECIFIED.);
#42=B_SPLINE_CURVE_WITH_KNOTS('',3,(#4418,#4419,#4420,#4421,#4422,#4423),
 .UNSPECIFIED.,.F.,.F.,(4,2,4),(-0.00100000226024149,0.,0.274366199974747),
 .UNSPECIFIED.);
#43=B_SPLINE_CURVE_WITH_KNOTS('',3,(#4429,#4430,#4431,#4432,#4433,#4434,
#4435,#4436,#4437,#4438),.UNSPECIFIED.,.F.,.F.,(4,2,2,2,4),(0.,0.399468397887054,
0.798936795774108,1.12776655232582,1.37141049392277),.UNSPECIFIED.);
#44=B_SPLINE_CURVE_WITH_KNOTS('',3,(#4440,#4441,#4442,#4443),
 .UNSPECIFIED.,.F.,.F.,(4,4),(0.731932432018124,0.785837924311161),
 .UNSPECIFIED.);
#45=B_SPLINE_CURVE_WITH_KNOTS('',3,(#4461,#4462,#4463,#4464,#4465,#4466),
 .UNSPECIFIED.,.F.,.F.,(4,2,4),(0.,0.293907047832271,0.31680588257703),
 .UNSPECIFIED.);
#46=B_SPLINE_CURVE_WITH_KNOTS('',3,(#4468,#4469,#4470,#4471,#4472,#4473,
#4474,#4475,#4476,#4477,#4478,#4479),.UNSPECIFIED.,.F.,.F.,(4,2,2,2,2,4),
(0.257939674819912,0.354892424908545,0.537017575893354,0.719142726878163,
1.02428699231412,1.32943125775008),.UNSPECIFIED.);
#47=B_SPLINE_CURVE_WITH_KNOTS('',3,(#4505,#4506,#4507,#4508,#4509,#4510,
#4511,#4512,#4513,#4514),.UNSPECIFIED.,.F.,.F.,(4,2,2,2,4),(5.60825128171359,
6.17783986710757,6.46263415980456,6.74742845250155,6.87146147838532),
 .UNSPECIFIED.);
#48=B_SPLINE_CURVE_WITH_KNOTS('',3,(#4520,#4521,#4522,#4523),
 .UNSPECIFIED.,.F.,.F.,(4,4),(3.21530494923161,3.49779142867044),
 .UNSPECIFIED.);
#49=B_SPLINE_CURVE_WITH_KNOTS('',3,(#4555,#4556,#4557,#4558,#4559,#4560,
#4561,#4562,#4563,#4564,#4565,#4566,#4567,#4568,#4569,#4570,#4571,#4572,
#4573,#4574,#4575,#4576,#4577,#4578,#4579,#4580,#4581,#4582,#4583,#4584,
#4585),.UNSPECIFIED.,.F.,.F.,(4,3,3,3,3,3,3,3,3,3,4),(0.,0.158186265507805,
0.316365238993267,0.474610663358936,0.632833081694256,0.791035600020206,
0.949221320198903,1.10746500182184,1.26566621756522,1.42390645086903,1.57079705812369),
 .UNSPECIFIED.);
#50=B_SPLINE_CURVE_WITH_KNOTS('',3,(#4590,#4591,#4592,#4593,#4594,#4595,
#4596,#4597,#4598,#4599,#4600,#4601,#4602,#4603,#4604,#4605,#4606,#4607,
#4608,#4609,#4610,#4611,#4612,#4613,#4614,#4615,#4616,#4617,#4618,#4619,
#4620),.UNSPECIFIED.,.F.,.F.,(4,3,3,3,3,3,3,3,3,3,4),(0.,0.158186191839754,
0.316365091660888,0.47461044233233,0.632832786984949,0.791035231638349,
0.949220878153249,1.10746448608677,1.26566562816104,1.4239057877783,1.57079632686133),
 .UNSPECIFIED.);
#51=B_SPLINE_CURVE_WITH_KNOTS('',3,(#4624,#4625,#4626,#4627,#4628,#4629,
#4630,#4631,#4632,#4633,#4634,#4635,#4636,#4637),.UNSPECIFIED.,.F.,.F.,
(4,2,2,2,2,2,4),(0.,0.0923448018595719,0.206050565491404,0.389213053691803,
0.709152317113484,1.12677029225295,1.12852999819742),.UNSPECIFIED.);
#52=B_SPLINE_CURVE_WITH_KNOTS('',3,(#4705,#4706,#4707,#4708,#4709,#4710,
#4711,#4712,#4713,#4714,#4715,#4716),.UNSPECIFIED.,.F.,.F.,(4,2,2,2,2,4),
(0.,0.195276181169392,0.390579280265984,0.585932595552672,0.785800958524355,
0.787978016622964),.UNSPECIFIED.);
#53=B_SPLINE_CURVE_WITH_KNOTS('',3,(#4719,#4720,#4721,#4722,#4723,#4724,
#4725,#4726,#4727,#4728,#4729,#4730,#4731,#4732),.UNSPECIFIED.,.F.,.F.,
(4,2,2,2,2,2,4),(-0.00111365836605203,0.,0.104168657396393,0.208270355919354,
0.405660117005574,0.599816550113766,0.792273452624149),.UNSPECIFIED.);
#54=B_SPLINE_CURVE_WITH_KNOTS('',3,(#4736,#4737,#4738,#4739,#4740,#4741,
#4742,#4743,#4744,#4745,#4746,#4747,#4748,#4749),.UNSPECIFIED.,.F.,.F.,
(4,2,2,2,2,2,4),(-0.00120234019293705,0.,0.101380443043975,0.202710982415561,
0.398588111310232,0.593580568895245,0.788145004001636),.UNSPECIFIED.);
#55=B_SPLINE_CURVE_WITH_KNOTS('',3,(#4763,#4764,#4765,#4766,#4767,#4768,
#4769,#4770,#4771,#4772,#4773,#4774,#4775,#4776),.UNSPECIFIED.,.F.,.F.,
(4,2,2,2,2,2,4),(-1.99589940787148,-1.99435370518127,-1.74264146954264,
-1.51117523649826,-1.29800587266217,-1.13790592985871,-0.99717685262999),
 .UNSPECIFIED.);
#56=B_SPLINE_CURVE_WITH_KNOTS('',3,(#4777,#4778,#4779,#4780,#4781,#4782,
#4783,#4784,#4785,#4786,#4787,#4788,#4789,#4790),.UNSPECIFIED.,.F.,.F.,
(4,2,2,2,2,2,4),(-1.07462194170909,-0.945263457464792,-0.79504418344698,
-0.584942376284193,-0.310185646811481,0.,0.00175486075730133),
 .UNSPECIFIED.);
#57=B_SPLINE_CURVE_WITH_KNOTS('',3,(#4795,#4796,#4797,#4798,#4799,#4800,
#4801,#4802,#4803,#4804,#4805,#4806,#4807,#4808),.UNSPECIFIED.,.F.,.F.,
(4,2,2,2,2,2,4),(-0.787201867943961,-0.592429536142451,-0.397325670132463,
-0.201601130288273,-0.100806597269281,0.,0.00133929840909725),
 .UNSPECIFIED.);
#58=B_SPLINE_CURVE_WITH_KNOTS('',3,(#4826,#4827,#4828,#4829,#4830,#4831,
#4832,#4833,#4834,#4835,#4836,#4837,#4838,#4839),.UNSPECIFIED.,.F.,.F.,
(4,2,2,2,2,2,4),(0.,0.136800139489879,0.293870306795332,0.506419452051739,
0.732193723621033,0.973094292042551,0.974569987810741),.UNSPECIFIED.);
#59=B_SPLINE_CURVE_WITH_KNOTS('',3,(#4845,#4846,#4847,#4848,#4849,#4850,
#4851,#4852,#4853,#4854,#4855,#4856,#4857,#4858),.UNSPECIFIED.,.F.,.F.,
(4,2,2,2,2,2,4),(-0.00116461464007631,0.,0.145387432252217,0.288301042775,
0.497999538656027,0.680879839726879,0.852149309435611),.UNSPECIFIED.);
#60=B_SPLINE_CURVE_WITH_KNOTS('',3,(#4876,#4877,#4878,#4879,#4880,#4881,
#4882,#4883,#4884,#4885,#4886,#4887,#4888,#4889),.UNSPECIFIED.,.F.,.F.,
(4,2,2,2,2,2,4),(0.,0.194455532700212,0.38937859482479,0.585268400886753,
0.686698495399932,0.788183256124252,0.78937340833587),.UNSPECIFIED.);
#61=B_SPLINE_CURVE_WITH_KNOTS('',3,(#4901,#4902,#4903,#4904,#4905,#4906,
#4907,#4908,#4909,#4910,#4911,#4912,#4913,#4914),.UNSPECIFIED.,.F.,.F.,
(4,2,2,2,2,2,4),(-0.00130868195646384,0.,0.188251055250254,0.369806186548885,
0.584608754803173,0.756121296695266,0.910499933855349),.UNSPECIFIED.);
#62=B_SPLINE_CURVE_WITH_KNOTS('',3,(#4981,#4982,#4983,#4984,#4985,#4986,
#4987,#4988,#4989,#4990,#4991,#4992,#4993,#4994,#4995,#4996,#4997,#4998),
 .UNSPECIFIED.,.F.,.F.,(4,2,2,2,2,2,2,2,4),(2.77689984570187,2.78251454449753,
2.80780927788737,2.84719366465309,2.96743792356062,3.22728607038921,3.88676948255515,
4.80740471604362,5.7870527888638),.UNSPECIFIED.);
#63=B_SPLINE_CURVE_WITH_KNOTS('',3,(#5002,#5003,#5004,#5005,#5006,#5007,
#5008,#5009,#5010,#5011,#5012,#5013,#5014,#5015,#5016,#5017),
 .UNSPECIFIED.,.F.,.F.,(4,2,2,2,2,2,2,4),(0.742229591643738,0.802897771117737,
0.884875118797015,1.03059976345978,1.28368338779683,1.63196685339588,1.98653994263031,
2.29525248142571),.UNSPECIFIED.);
#64=B_SPLINE_CURVE_WITH_KNOTS('',3,(#5022,#5023,#5024,#5025,#5026,#5027,
#5028,#5029),.UNSPECIFIED.,.F.,.F.,(4,2,2,4),(-3.90777867949684,-3.88984060660375,
-3.87190253371066,-3.82339464510625),.UNSPECIFIED.);
#65=B_SPLINE_CURVE_WITH_KNOTS('',3,(#5031,#5032,#5033,#5034,#5035,#5036,
#5037,#5038),.UNSPECIFIED.,.F.,.F.,(4,2,2,4),(3.26331875845168,3.29320930630065,
3.32309985414962,3.33431249548336),.UNSPECIFIED.);
#66=B_SPLINE_CURVE_WITH_KNOTS('',3,(#5042,#5043,#5044,#5045,#5046,#5047,
#5048,#5049,#5050,#5051,#5052,#5053,#5054,#5055,#5056,#5057,#5058,#5059),
 .UNSPECIFIED.,.F.,.F.,(4,2,2,2,2,2,2,2,4),(5.92571347844265,6.29224574515777,
7.10486744695703,7.91748914875629,8.73011085055555,9.54273255235481,10.3553542541541,
11.1679759559533,11.5345082226693),.UNSPECIFIED.);
#67=B_SPLINE_CURVE_WITH_KNOTS('',3,(#5063,#5064,#5065,#5066,#5067,#5068,
#5069,#5070,#5071,#5072,#5073,#5074,#5075,#5076),.UNSPECIFIED.,.F.,.F.,
(4,2,2,2,2,2,4),(-0.00147187139771351,0.,0.231998242979517,0.44726521851905,
0.659939405005268,0.825169558089479,0.972679330925016),.UNSPECIFIED.);
#68=B_SPLINE_CURVE_WITH_KNOTS('',3,(#5083,#5084,#5085,#5086,#5087,#5088,
#5089,#5090,#5091,#5092,#5093,#5094,#5095,#5096),.UNSPECIFIED.,.F.,.F.,
(4,2,2,2,2,2,4),(-1.9178097750162,-1.9163752089179,-1.69501891706984,-1.48822740578187,
-1.27548408331554,-1.10824489096627,-0.958187607231853),.UNSPECIFIED.);
#69=B_SPLINE_CURVE_WITH_KNOTS('',3,(#5162,#5163,#5164,#5165,#5166,#5167,
#5168,#5169,#5170,#5171,#5172,#5173),.UNSPECIFIED.,.F.,.F.,(4,2,2,2,2,4),
(1.0089002955053,1.34923447988563,1.68956866426596,1.87854381189067,1.97303138570302,
2.06751895951537),.UNSPECIFIED.);
#70=TOROIDAL_SURFACE('',#2835,2.95,0.3);
#71=TOROIDAL_SURFACE('',#2838,3.3,0.3);
#72=TOROIDAL_SURFACE('',#2854,3.65000000005741,0.3);
#73=TOROIDAL_SURFACE('',#2862,3.3,0.3);
#74=TOROIDAL_SURFACE('',#2868,3.3,0.3);
#75=TOROIDAL_SURFACE('',#2879,3.59999999999633,0.3);
#76=TOROIDAL_SURFACE('',#2902,1.5,0.5);
#77=TOROIDAL_SURFACE('',#2906,14.75,0.5);
#78=TOROIDAL_SURFACE('',#2913,1.,0.5);
#79=TOROIDAL_SURFACE('',#2917,1.,0.5);
#80=TOROIDAL_SURFACE('',#2925,13.25,0.5);
#81=TOROIDAL_SURFACE('',#2931,13.25,0.5);
#82=TOROIDAL_SURFACE('',#2934,1.,0.5);
#83=TOROIDAL_SURFACE('',#2936,13.25,0.5);
#84=TOROIDAL_SURFACE('',#2939,1.,0.5);
#85=TOROIDAL_SURFACE('',#2945,13.25,0.5);
#86=TOROIDAL_SURFACE('',#2953,11.9,0.5);
#87=TOROIDAL_SURFACE('',#2964,12.4999999999996,0.5);
#88=TOROIDAL_SURFACE('',#2970,4.5,0.5);
#89=TOROIDAL_SURFACE('',#2976,1.59999999999999,0.5);
#90=TOROIDAL_SURFACE('',#2982,2.9,0.5);
#91=TOROIDAL_SURFACE('',#2989,2.75,0.5);
#92=TOROIDAL_SURFACE('',#2992,2.9,0.5);
#93=TOROIDAL_SURFACE('',#2998,3.39999999999633,0.5);
#94=TOROIDAL_SURFACE('',#3004,10.,0.5);
#95=TOROIDAL_SURFACE('',#3007,3.45000000005741,0.5);
#96=TOROIDAL_SURFACE('',#3016,11.9,0.5);
#97=TOROIDAL_SURFACE('',#3019,3.1,0.5);
#98=TOROIDAL_SURFACE('',#3025,2.90000000000289,0.5);
#99=TOROIDAL_SURFACE('',#3048,10.,0.5);
#100=TOROIDAL_SURFACE('',#3053,1.9,0.5);
#101=TOROIDAL_SURFACE('',#3063,12.4999999999996,0.5);
#102=TOROIDAL_SURFACE('',#3068,4.5,0.5);
#103=TOROIDAL_SURFACE('',#3073,1.59999999999999,0.5);
#104=TOROIDAL_SURFACE('',#3087,9.75,0.5);
#105=TOROIDAL_SURFACE('',#3097,8.5,0.5);
#106=TOROIDAL_SURFACE('',#3132,4.5,0.75);
#107=CYLINDRICAL_SURFACE('',#2831,3.);
#108=CYLINDRICAL_SURFACE('',#2837,0.3);
#109=CYLINDRICAL_SURFACE('',#2843,0.3);
#110=CYLINDRICAL_SURFACE('',#2845,3.25);
#111=CYLINDRICAL_SURFACE('',#2848,3.6);
#112=CYLINDRICAL_SURFACE('',#2851,0.3);
#113=CYLINDRICAL_SURFACE('',#2857,0.3);
#114=CYLINDRICAL_SURFACE('',#2859,3.95000000005741);
#115=CYLINDRICAL_SURFACE('',#2865,3.);
#116=CYLINDRICAL_SURFACE('',#2872,3.);
#117=CYLINDRICAL_SURFACE('',#2876,0.3);
#118=CYLINDRICAL_SURFACE('',#2882,0.3);
#119=CYLINDRICAL_SURFACE('',#2885,3.89999999999633);
#120=CYLINDRICAL_SURFACE('',#2888,1.75);
#121=CYLINDRICAL_SURFACE('',#2891,1.75);
#122=CYLINDRICAL_SURFACE('',#2894,1.75);
#123=CYLINDRICAL_SURFACE('',#2897,0.5);
#124=CYLINDRICAL_SURFACE('',#2899,0.5);
#125=CYLINDRICAL_SURFACE('',#2909,0.5);
#126=CYLINDRICAL_SURFACE('',#2911,0.5);
#127=CYLINDRICAL_SURFACE('',#2915,0.5);
#128=CYLINDRICAL_SURFACE('',#2919,2.);
#129=CYLINDRICAL_SURFACE('',#2923,0.5);
#130=CYLINDRICAL_SURFACE('',#2940,0.5);
#131=CYLINDRICAL_SURFACE('',#2941,13.75);
#132=CYLINDRICAL_SURFACE('',#2951,0.5);
#133=CYLINDRICAL_SURFACE('',#2956,0.5);
#134=CYLINDRICAL_SURFACE('',#2962,0.5);
#135=CYLINDRICAL_SURFACE('',#2968,0.5);
#136=CYLINDRICAL_SURFACE('',#2974,0.5);
#137=CYLINDRICAL_SURFACE('',#2980,0.5);
#138=CYLINDRICAL_SURFACE('',#2985,0.5);
#139=CYLINDRICAL_SURFACE('',#2986,0.5);
#140=CYLINDRICAL_SURFACE('',#2991,0.5);
#141=CYLINDRICAL_SURFACE('',#2996,0.5);
#142=CYLINDRICAL_SURFACE('',#3001,0.5);
#143=CYLINDRICAL_SURFACE('',#3002,0.5);
#144=CYLINDRICAL_SURFACE('',#3010,0.5);
#145=CYLINDRICAL_SURFACE('',#3012,0.5);
#146=CYLINDRICAL_SURFACE('',#3013,0.5);
#147=CYLINDRICAL_SURFACE('',#3014,0.5);
#148=CYLINDRICAL_SURFACE('',#3021,0.5);
#149=CYLINDRICAL_SURFACE('',#3022,0.5);
#150=CYLINDRICAL_SURFACE('',#3023,0.5);
#151=CYLINDRICAL_SURFACE('',#3028,0.5);
#152=CYLINDRICAL_SURFACE('',#3029,1.);
#153=CYLINDRICAL_SURFACE('',#3033,11.9999999999996);
#154=CYLINDRICAL_SURFACE('',#3036,4.);
#155=CYLINDRICAL_SURFACE('',#3039,2.09999999999999);
#156=CYLINDRICAL_SURFACE('',#3051,10.5);
#157=CYLINDRICAL_SURFACE('',#3052,0.5);
#158=CYLINDRICAL_SURFACE('',#3056,0.5);
#159=CYLINDRICAL_SURFACE('',#3061,0.5);
#160=CYLINDRICAL_SURFACE('',#3066,0.5);
#161=CYLINDRICAL_SURFACE('',#3071,0.5);
#162=CYLINDRICAL_SURFACE('',#3076,0.5);
#163=CYLINDRICAL_SURFACE('',#3078,0.5);
#164=CYLINDRICAL_SURFACE('',#3080,2.4);
#165=CYLINDRICAL_SURFACE('',#3082,0.5);
#166=CYLINDRICAL_SURFACE('',#3084,0.5);
#167=CYLINDRICAL_SURFACE('',#3092,10.25);
#168=CYLINDRICAL_SURFACE('',#3102,9.);
#169=CYLINDRICAL_SURFACE('',#3108,1.5);
#170=CYLINDRICAL_SURFACE('',#3111,1.5);
#171=CYLINDRICAL_SURFACE('',#3114,1.5);
#172=CYLINDRICAL_SURFACE('',#3117,1.5);
#173=CYLINDRICAL_SURFACE('',#3129,0.75);
#174=CYLINDRICAL_SURFACE('',#3137,5.25);
#175=CYLINDRICAL_SURFACE('',#3140,4.1);
#176=CYLINDRICAL_SURFACE('',#3144,12.4);
#177=CYLINDRICAL_SURFACE('',#3146,2.39999999990118);
#178=CYLINDRICAL_SURFACE('',#3150,15.25);
#179=CYLINDRICAL_SURFACE('',#3153,3.);
#180=CYLINDRICAL_SURFACE('',#3160,3.);
#181=CYLINDRICAL_SURFACE('',#3163,2.4);
#182=CYLINDRICAL_SURFACE('',#3169,2.4);
#183=CYLINDRICAL_SURFACE('',#3172,3.);
#184=CYLINDRICAL_SURFACE('',#3175,2.45);
#185=CYLINDRICAL_SURFACE('',#3179,2.40000000000289);
#186=FACE_BOUND('',#378,.T.);
#187=FACE_BOUND('',#400,.T.);
#188=FACE_BOUND('',#432,.T.);
#189=FACE_BOUND('',#433,.T.);
#190=FACE_BOUND('',#478,.T.);
#191=FACE_BOUND('',#479,.T.);
#192=FACE_BOUND('',#480,.T.);
#193=FACE_BOUND('',#481,.T.);
#194=FACE_BOUND('',#507,.T.);
#195=FACE_BOUND('',#511,.T.);
#196=FACE_BOUND('',#522,.T.);
#197=FACE_BOUND('',#524,.T.);
#198=FACE_BOUND('',#526,.T.);
#199=FACE_BOUND('',#533,.T.);
#200=FACE_BOUND('',#539,.T.);
#201=FACE_BOUND('',#546,.T.);
#202=FACE_BOUND('',#552,.T.);
#203=FACE_BOUND('',#562,.T.);
#204=FACE_OUTER_BOUND('',#377,.T.);
#205=FACE_OUTER_BOUND('',#379,.T.);
#206=FACE_OUTER_BOUND('',#380,.T.);
#207=FACE_OUTER_BOUND('',#381,.T.);
#208=FACE_OUTER_BOUND('',#382,.T.);
#209=FACE_OUTER_BOUND('',#383,.T.);
#210=FACE_OUTER_BOUND('',#384,.T.);
#211=FACE_OUTER_BOUND('',#385,.T.);
#212=FACE_OUTER_BOUND('',#386,.T.);
#213=FACE_OUTER_BOUND('',#387,.T.);
#214=FACE_OUTER_BOUND('',#388,.T.);
#215=FACE_OUTER_BOUND('',#389,.T.);
#216=FACE_OUTER_BOUND('',#390,.T.);
#217=FACE_OUTER_BOUND('',#391,.T.);
#218=FACE_OUTER_BOUND('',#392,.T.);
#219=FACE_OUTER_BOUND('',#393,.T.);
#220=FACE_OUTER_BOUND('',#394,.T.);
#221=FACE_OUTER_BOUND('',#395,.T.);
#222=FACE_OUTER_BOUND('',#396,.T.);
#223=FACE_OUTER_BOUND('',#397,.T.);
#224=FACE_OUTER_BOUND('',#398,.T.);
#225=FACE_OUTER_BOUND('',#399,.T.);
#226=FACE_OUTER_BOUND('',#401,.T.);
#227=FACE_OUTER_BOUND('',#402,.T.);
#228=FACE_OUTER_BOUND('',#403,.T.);
#229=FACE_OUTER_BOUND('',#404,.T.);
#230=FACE_OUTER_BOUND('',#405,.T.);
#231=FACE_OUTER_BOUND('',#406,.T.);
#232=FACE_OUTER_BOUND('',#407,.T.);
#233=FACE_OUTER_BOUND('',#408,.T.);
#234=FACE_OUTER_BOUND('',#409,.T.);
#235=FACE_OUTER_BOUND('',#410,.T.);
#236=FACE_OUTER_BOUND('',#411,.T.);
#237=FACE_OUTER_BOUND('',#412,.T.);
#238=FACE_OUTER_BOUND('',#413,.T.);
#239=FACE_OUTER_BOUND('',#414,.T.);
#240=FACE_OUTER_BOUND('',#415,.T.);
#241=FACE_OUTER_BOUND('',#416,.T.);
#242=FACE_OUTER_BOUND('',#417,.T.);
#243=FACE_OUTER_BOUND('',#418,.T.);
#244=FACE_OUTER_BOUND('',#419,.T.);
#245=FACE_OUTER_BOUND('',#420,.T.);
#246=FACE_OUTER_BOUND('',#421,.T.);
#247=FACE_OUTER_BOUND('',#422,.T.);
#248=FACE_OUTER_BOUND('',#423,.T.);
#249=FACE_OUTER_BOUND('',#424,.T.);
#250=FACE_OUTER_BOUND('',#425,.T.);
#251=FACE_OUTER_BOUND('',#426,.T.);
#252=FACE_OUTER_BOUND('',#427,.T.);
#253=FACE_OUTER_BOUND('',#428,.T.);
#254=FACE_OUTER_BOUND('',#429,.T.);
#255=FACE_OUTER_BOUND('',#430,.T.);
#256=FACE_OUTER_BOUND('',#431,.T.);
#257=FACE_OUTER_BOUND('',#434,.T.);
#258=FACE_OUTER_BOUND('',#435,.T.);
#259=FACE_OUTER_BOUND('',#436,.T.);
#260=FACE_OUTER_BOUND('',#437,.T.);
#261=FACE_OUTER_BOUND('',#438,.T.);
#262=FACE_OUTER_BOUND('',#439,.T.);
#263=FACE_OUTER_BOUND('',#440,.T.);
#264=FACE_OUTER_BOUND('',#441,.T.);
#265=FACE_OUTER_BOUND('',#442,.T.);
#266=FACE_OUTER_BOUND('',#443,.T.);
#267=FACE_OUTER_BOUND('',#444,.T.);
#268=FACE_OUTER_BOUND('',#445,.T.);
#269=FACE_OUTER_BOUND('',#446,.T.);
#270=FACE_OUTER_BOUND('',#447,.T.);
#271=FACE_OUTER_BOUND('',#448,.T.);
#272=FACE_OUTER_BOUND('',#449,.T.);
#273=FACE_OUTER_BOUND('',#450,.T.);
#274=FACE_OUTER_BOUND('',#451,.T.);
#275=FACE_OUTER_BOUND('',#452,.T.);
#276=FACE_OUTER_BOUND('',#453,.T.);
#277=FACE_OUTER_BOUND('',#454,.T.);
#278=FACE_OUTER_BOUND('',#455,.T.);
#279=FACE_OUTER_BOUND('',#456,.T.);
#280=FACE_OUTER_BOUND('',#457,.T.);
#281=FACE_OUTER_BOUND('',#458,.T.);
#282=FACE_OUTER_BOUND('',#459,.T.);
#283=FACE_OUTER_BOUND('',#460,.T.);
#284=FACE_OUTER_BOUND('',#461,.T.);
#285=FACE_OUTER_BOUND('',#462,.T.);
#286=FACE_OUTER_BOUND('',#463,.T.);
#287=FACE_OUTER_BOUND('',#464,.T.);
#288=FACE_OUTER_BOUND('',#465,.T.);
#289=FACE_OUTER_BOUND('',#466,.T.);
#290=FACE_OUTER_BOUND('',#467,.T.);
#291=FACE_OUTER_BOUND('',#468,.T.);
#292=FACE_OUTER_BOUND('',#469,.T.);
#293=FACE_OUTER_BOUND('',#470,.T.);
#294=FACE_OUTER_BOUND('',#471,.T.);
#295=FACE_OUTER_BOUND('',#472,.T.);
#296=FACE_OUTER_BOUND('',#473,.T.);
#297=FACE_OUTER_BOUND('',#474,.T.);
#298=FACE_OUTER_BOUND('',#475,.T.);
#299=FACE_OUTER_BOUND('',#476,.T.);
#300=FACE_OUTER_BOUND('',#477,.T.);
#301=FACE_OUTER_BOUND('',#482,.T.);
#302=FACE_OUTER_BOUND('',#483,.T.);
#303=FACE_OUTER_BOUND('',#484,.T.);
#304=FACE_OUTER_BOUND('',#485,.T.);
#305=FACE_OUTER_BOUND('',#486,.T.);
#306=FACE_OUTER_BOUND('',#487,.T.);
#307=FACE_OUTER_BOUND('',#488,.T.);
#308=FACE_OUTER_BOUND('',#489,.T.);
#309=FACE_OUTER_BOUND('',#490,.T.);
#310=FACE_OUTER_BOUND('',#491,.T.);
#311=FACE_OUTER_BOUND('',#492,.T.);
#312=FACE_OUTER_BOUND('',#493,.T.);
#313=FACE_OUTER_BOUND('',#494,.T.);
#314=FACE_OUTER_BOUND('',#495,.T.);
#315=FACE_OUTER_BOUND('',#496,.T.);
#316=FACE_OUTER_BOUND('',#497,.T.);
#317=FACE_OUTER_BOUND('',#498,.T.);
#318=FACE_OUTER_BOUND('',#499,.T.);
#319=FACE_OUTER_BOUND('',#500,.T.);
#320=FACE_OUTER_BOUND('',#501,.T.);
#321=FACE_OUTER_BOUND('',#502,.T.);
#322=FACE_OUTER_BOUND('',#503,.T.);
#323=FACE_OUTER_BOUND('',#504,.T.);
#324=FACE_OUTER_BOUND('',#505,.T.);
#325=FACE_OUTER_BOUND('',#506,.T.);
#326=FACE_OUTER_BOUND('',#508,.T.);
#327=FACE_OUTER_BOUND('',#509,.T.);
#328=FACE_OUTER_BOUND('',#510,.T.);
#329=FACE_OUTER_BOUND('',#512,.T.);
#330=FACE_OUTER_BOUND('',#513,.T.);
#331=FACE_OUTER_BOUND('',#514,.T.);
#332=FACE_OUTER_BOUND('',#515,.T.);
#333=FACE_OUTER_BOUND('',#516,.T.);
#334=FACE_OUTER_BOUND('',#517,.T.);
#335=FACE_OUTER_BOUND('',#518,.T.);
#336=FACE_OUTER_BOUND('',#519,.T.);
#337=FACE_OUTER_BOUND('',#520,.T.);
#338=FACE_OUTER_BOUND('',#521,.T.);
#339=FACE_OUTER_BOUND('',#523,.T.);
#340=FACE_OUTER_BOUND('',#525,.T.);
#341=FACE_OUTER_BOUND('',#527,.T.);
#342=FACE_OUTER_BOUND('',#528,.T.);
#343=FACE_OUTER_BOUND('',#529,.T.);
#344=FACE_OUTER_BOUND('',#530,.T.);
#345=FACE_OUTER_BOUND('',#531,.T.);
#346=FACE_OUTER_BOUND('',#532,.T.);
#347=FACE_OUTER_BOUND('',#534,.T.);
#348=FACE_OUTER_BOUND('',#535,.T.);
#349=FACE_OUTER_BOUND('',#536,.T.);
#350=FACE_OUTER_BOUND('',#537,.T.);
#351=FACE_OUTER_BOUND('',#538,.T.);
#352=FACE_OUTER_BOUND('',#540,.T.);
#353=FACE_OUTER_BOUND('',#541,.T.);
#354=FACE_OUTER_BOUND('',#542,.T.);
#355=FACE_OUTER_BOUND('',#543,.T.);
#356=FACE_OUTER_BOUND('',#544,.T.);
#357=FACE_OUTER_BOUND('',#545,.T.);
#358=FACE_OUTER_BOUND('',#547,.T.);
#359=FACE_OUTER_BOUND('',#548,.T.);
#360=FACE_OUTER_BOUND('',#549,.T.);
#361=FACE_OUTER_BOUND('',#550,.T.);
#362=FACE_OUTER_BOUND('',#551,.T.);
#363=FACE_OUTER_BOUND('',#553,.T.);
#364=FACE_OUTER_BOUND('',#554,.T.);
#365=FACE_OUTER_BOUND('',#555,.T.);
#366=FACE_OUTER_BOUND('',#556,.T.);
#367=FACE_OUTER_BOUND('',#557,.T.);
#368=FACE_OUTER_BOUND('',#558,.T.);
#369=FACE_OUTER_BOUND('',#559,.T.);
#370=FACE_OUTER_BOUND('',#560,.T.);
#371=FACE_OUTER_BOUND('',#561,.T.);
#372=FACE_OUTER_BOUND('',#563,.T.);
#373=FACE_OUTER_BOUND('',#564,.T.);
#374=FACE_OUTER_BOUND('',#565,.T.);
#375=FACE_OUTER_BOUND('',#566,.T.);
#376=FACE_OUTER_BOUND('',#567,.T.);
#377=EDGE_LOOP('',(#1766,#1767,#1768,#1769,#1770,#1771,#1772,#1773,#1774,
#1775,#1776));
#378=EDGE_LOOP('',(#1777));
#379=EDGE_LOOP('',(#1778,#1779,#1780,#1781,#1782));
#380=EDGE_LOOP('',(#1783,#1784,#1785,#1786));
#381=EDGE_LOOP('',(#1787,#1788,#1789,#1790));
#382=EDGE_LOOP('',(#1791,#1792,#1793,#1794,#1795,#1796,#1797,#1798,#1799,
#1800,#1801));
#383=EDGE_LOOP('',(#1802,#1803,#1804,#1805));
#384=EDGE_LOOP('',(#1806,#1807,#1808,#1809));
#385=EDGE_LOOP('',(#1810,#1811,#1812,#1813));
#386=EDGE_LOOP('',(#1814,#1815,#1816,#1817,#1818));
#387=EDGE_LOOP('',(#1819,#1820,#1821,#1822));
#388=EDGE_LOOP('',(#1823,#1824,#1825,#1826));
#389=EDGE_LOOP('',(#1827,#1828,#1829,#1830));
#390=EDGE_LOOP('',(#1831,#1832,#1833,#1834));
#391=EDGE_LOOP('',(#1835,#1836,#1837,#1838));
#392=EDGE_LOOP('',(#1839,#1840,#1841,#1842));
#393=EDGE_LOOP('',(#1843,#1844,#1845,#1846));
#394=EDGE_LOOP('',(#1847,#1848,#1849,#1850));
#395=EDGE_LOOP('',(#1851,#1852,#1853,#1854));
#396=EDGE_LOOP('',(#1855,#1856,#1857));
#397=EDGE_LOOP('',(#1858,#1859,#1860,#1861));
#398=EDGE_LOOP('',(#1862,#1863,#1864,#1865));
#399=EDGE_LOOP('',(#1866,#1867,#1868,#1869,#1870));
#400=EDGE_LOOP('',(#1871));
#401=EDGE_LOOP('',(#1872,#1873,#1874,#1875));
#402=EDGE_LOOP('',(#1876,#1877,#1878,#1879));
#403=EDGE_LOOP('',(#1880,#1881,#1882,#1883));
#404=EDGE_LOOP('',(#1884,#1885,#1886,#1887,#1888,#1889));
#405=EDGE_LOOP('',(#1890,#1891,#1892,#1893));
#406=EDGE_LOOP('',(#1894,#1895,#1896,#1897));
#407=EDGE_LOOP('',(#1898,#1899,#1900,#1901));
#408=EDGE_LOOP('',(#1902,#1903,#1904,#1905));
#409=EDGE_LOOP('',(#1906,#1907,#1908,#1909));
#410=EDGE_LOOP('',(#1910,#1911,#1912,#1913));
#411=EDGE_LOOP('',(#1914,#1915,#1916,#1917));
#412=EDGE_LOOP('',(#1918,#1919,#1920,#1921));
#413=EDGE_LOOP('',(#1922,#1923,#1924,#1925));
#414=EDGE_LOOP('',(#1926,#1927,#1928,#1929));
#415=EDGE_LOOP('',(#1930,#1931,#1932,#1933));
#416=EDGE_LOOP('',(#1934,#1935,#1936));
#417=EDGE_LOOP('',(#1937,#1938,#1939,#1940));
#418=EDGE_LOOP('',(#1941,#1942,#1943));
#419=EDGE_LOOP('',(#1944,#1945,#1946,#1947,#1948,#1949));
#420=EDGE_LOOP('',(#1950,#1951,#1952,#1953,#1954,#1955,#1956));
#421=EDGE_LOOP('',(#1957,#1958,#1959,#1960,#1961,#1962,#1963,#1964,#1965,
#1966,#1967));
#422=EDGE_LOOP('',(#1968,#1969,#1970,#1971));
#423=EDGE_LOOP('',(#1972,#1973,#1974,#1975,#1976));
#424=EDGE_LOOP('',(#1977,#1978,#1979,#1980));
#425=EDGE_LOOP('',(#1981,#1982,#1983));
#426=EDGE_LOOP('',(#1984,#1985,#1986,#1987));
#427=EDGE_LOOP('',(#1988,#1989,#1990));
#428=EDGE_LOOP('',(#1991,#1992,#1993,#1994));
#429=EDGE_LOOP('',(#1995,#1996,#1997,#1998,#1999,#2000,#2001,#2002,#2003,
#2004,#2005,#2006,#2007,#2008,#2009));
#430=EDGE_LOOP('',(#2010,#2011,#2012,#2013,#2014));
#431=EDGE_LOOP('',(#2015));
#432=EDGE_LOOP('',(#2016));
#433=EDGE_LOOP('',(#2017,#2018));
#434=EDGE_LOOP('',(#2019,#2020,#2021,#2022));
#435=EDGE_LOOP('',(#2023,#2024,#2025,#2026));
#436=EDGE_LOOP('',(#2027,#2028,#2029,#2030));
#437=EDGE_LOOP('',(#2031,#2032,#2033,#2034));
#438=EDGE_LOOP('',(#2035,#2036,#2037,#2038));
#439=EDGE_LOOP('',(#2039,#2040,#2041,#2042));
#440=EDGE_LOOP('',(#2043,#2044,#2045,#2046));
#441=EDGE_LOOP('',(#2047,#2048,#2049,#2050));
#442=EDGE_LOOP('',(#2051,#2052,#2053,#2054));
#443=EDGE_LOOP('',(#2055,#2056,#2057,#2058));
#444=EDGE_LOOP('',(#2059,#2060,#2061,#2062));
#445=EDGE_LOOP('',(#2063,#2064,#2065,#2066));
#446=EDGE_LOOP('',(#2067,#2068,#2069,#2070));
#447=EDGE_LOOP('',(#2071,#2072,#2073,#2074));
#448=EDGE_LOOP('',(#2075,#2076,#2077,#2078));
#449=EDGE_LOOP('',(#2079,#2080,#2081,#2082));
#450=EDGE_LOOP('',(#2083,#2084,#2085,#2086));
#451=EDGE_LOOP('',(#2087,#2088,#2089,#2090));
#452=EDGE_LOOP('',(#2091,#2092,#2093,#2094));
#453=EDGE_LOOP('',(#2095,#2096,#2097,#2098));
#454=EDGE_LOOP('',(#2099,#2100,#2101,#2102));
#455=EDGE_LOOP('',(#2103,#2104,#2105,#2106));
#456=EDGE_LOOP('',(#2107,#2108,#2109,#2110));
#457=EDGE_LOOP('',(#2111,#2112,#2113,#2114));
#458=EDGE_LOOP('',(#2115,#2116,#2117,#2118));
#459=EDGE_LOOP('',(#2119,#2120,#2121,#2122));
#460=EDGE_LOOP('',(#2123,#2124,#2125,#2126));
#461=EDGE_LOOP('',(#2127,#2128,#2129,#2130));
#462=EDGE_LOOP('',(#2131,#2132,#2133,#2134));
#463=EDGE_LOOP('',(#2135,#2136,#2137,#2138));
#464=EDGE_LOOP('',(#2139,#2140,#2141,#2142));
#465=EDGE_LOOP('',(#2143,#2144,#2145,#2146));
#466=EDGE_LOOP('',(#2147,#2148,#2149,#2150));
#467=EDGE_LOOP('',(#2151,#2152,#2153,#2154));
#468=EDGE_LOOP('',(#2155,#2156,#2157,#2158,#2159));
#469=EDGE_LOOP('',(#2160,#2161,#2162,#2163));
#470=EDGE_LOOP('',(#2164,#2165,#2166,#2167));
#471=EDGE_LOOP('',(#2168,#2169,#2170,#2171));
#472=EDGE_LOOP('',(#2172,#2173,#2174,#2175));
#473=EDGE_LOOP('',(#2176,#2177,#2178,#2179));
#474=EDGE_LOOP('',(#2180,#2181,#2182,#2183));
#475=EDGE_LOOP('',(#2184,#2185,#2186,#2187,#2188));
#476=EDGE_LOOP('',(#2189,#2190,#2191,#2192,#2193,#2194));
#477=EDGE_LOOP('',(#2195,#2196,#2197,#2198,#2199,#2200,#2201,#2202,#2203,
#2204,#2205,#2206,#2207,#2208,#2209,#2210,#2211,#2212,#2213,#2214,#2215,
#2216,#2217,#2218,#2219,#2220,#2221,#2222,#2223,#2224,#2225,#2226,#2227,
#2228));
#478=EDGE_LOOP('',(#2229));
#479=EDGE_LOOP('',(#2230));
#480=EDGE_LOOP('',(#2231));
#481=EDGE_LOOP('',(#2232));
#482=EDGE_LOOP('',(#2233,#2234,#2235,#2236));
#483=EDGE_LOOP('',(#2237,#2238,#2239,#2240,#2241,#2242,#2243,#2244,#2245,
#2246));
#484=EDGE_LOOP('',(#2247,#2248,#2249,#2250,#2251,#2252));
#485=EDGE_LOOP('',(#2253,#2254,#2255,#2256));
#486=EDGE_LOOP('',(#2257,#2258,#2259,#2260));
#487=EDGE_LOOP('',(#2261,#2262,#2263,#2264));
#488=EDGE_LOOP('',(#2265,#2266,#2267,#2268));
#489=EDGE_LOOP('',(#2269,#2270,#2271,#2272));
#490=EDGE_LOOP('',(#2273,#2274,#2275,#2276));
#491=EDGE_LOOP('',(#2277,#2278,#2279,#2280));
#492=EDGE_LOOP('',(#2281,#2282,#2283,#2284));
#493=EDGE_LOOP('',(#2285,#2286,#2287,#2288));
#494=EDGE_LOOP('',(#2289,#2290,#2291,#2292));
#495=EDGE_LOOP('',(#2293,#2294,#2295,#2296));
#496=EDGE_LOOP('',(#2297,#2298,#2299));
#497=EDGE_LOOP('',(#2300,#2301,#2302,#2303));
#498=EDGE_LOOP('',(#2304,#2305,#2306,#2307));
#499=EDGE_LOOP('',(#2308,#2309,#2310,#2311,#2312,#2313,#2314));
#500=EDGE_LOOP('',(#2315,#2316,#2317,#2318));
#501=EDGE_LOOP('',(#2319,#2320,#2321,#2322,#2323));
#502=EDGE_LOOP('',(#2324,#2325,#2326,#2327,#2328,#2329,#2330,#2331,#2332,
#2333,#2334,#2335));
#503=EDGE_LOOP('',(#2336,#2337,#2338,#2339,#2340));
#504=EDGE_LOOP('',(#2341,#2342,#2343,#2344,#2345));
#505=EDGE_LOOP('',(#2346,#2347,#2348,#2349,#2350,#2351,#2352,#2353));
#506=EDGE_LOOP('',(#2354));
#507=EDGE_LOOP('',(#2355));
#508=EDGE_LOOP('',(#2356,#2357,#2358,#2359,#2360));
#509=EDGE_LOOP('',(#2361,#2362,#2363,#2364,#2365));
#510=EDGE_LOOP('',(#2366));
#511=EDGE_LOOP('',(#2367,#2368,#2369,#2370,#2371,#2372,#2373,#2374));
#512=EDGE_LOOP('',(#2375,#2376,#2377,#2378));
#513=EDGE_LOOP('',(#2379,#2380,#2381,#2382));
#514=EDGE_LOOP('',(#2383,#2384,#2385,#2386));
#515=EDGE_LOOP('',(#2387,#2388,#2389,#2390));
#516=EDGE_LOOP('',(#2391,#2392,#2393,#2394));
#517=EDGE_LOOP('',(#2395,#2396,#2397,#2398));
#518=EDGE_LOOP('',(#2399,#2400,#2401,#2402));
#519=EDGE_LOOP('',(#2403,#2404,#2405,#2406));
#520=EDGE_LOOP('',(#2407,#2408,#2409,#2410,#2411,#2412,#2413,#2414,#2415,
#2416,#2417,#2418,#2419,#2420,#2421,#2422,#2423));
#521=EDGE_LOOP('',(#2424));
#522=EDGE_LOOP('',(#2425));
#523=EDGE_LOOP('',(#2426));
#524=EDGE_LOOP('',(#2427));
#525=EDGE_LOOP('',(#2428));
#526=EDGE_LOOP('',(#2429));
#527=EDGE_LOOP('',(#2430,#2431,#2432,#2433,#2434));
#528=EDGE_LOOP('',(#2435,#2436,#2437,#2438,#2439));
#529=EDGE_LOOP('',(#2440));
#530=EDGE_LOOP('',(#2441,#2442,#2443,#2444,#2445));
#531=EDGE_LOOP('',(#2446,#2447,#2448,#2449,#2450));
#532=EDGE_LOOP('',(#2451));
#533=EDGE_LOOP('',(#2452));
#534=EDGE_LOOP('',(#2453,#2454,#2455,#2456));
#535=EDGE_LOOP('',(#2457,#2458,#2459,#2460));
#536=EDGE_LOOP('',(#2461,#2462,#2463,#2464,#2465,#2466,#2467,#2468));
#537=EDGE_LOOP('',(#2469,#2470,#2471,#2472));
#538=EDGE_LOOP('',(#2473));
#539=EDGE_LOOP('',(#2474));
#540=EDGE_LOOP('',(#2475,#2476,#2477,#2478,#2479,#2480));
#541=EDGE_LOOP('',(#2481,#2482,#2483,#2484,#2485));
#542=EDGE_LOOP('',(#2486,#2487,#2488,#2489,#2490,#2491,#2492,#2493));
#543=EDGE_LOOP('',(#2494,#2495,#2496,#2497,#2498,#2499));
#544=EDGE_LOOP('',(#2500,#2501,#2502,#2503));
#545=EDGE_LOOP('',(#2504));
#546=EDGE_LOOP('',(#2505));
#547=EDGE_LOOP('',(#2506,#2507,#2508,#2509));
#548=EDGE_LOOP('',(#2510,#2511,#2512,#2513));
#549=EDGE_LOOP('',(#2514,#2515,#2516,#2517,#2518));
#550=EDGE_LOOP('',(#2519,#2520,#2521,#2522));
#551=EDGE_LOOP('',(#2523));
#552=EDGE_LOOP('',(#2524));
#553=EDGE_LOOP('',(#2525,#2526,#2527,#2528));
#554=EDGE_LOOP('',(#2529,#2530,#2531,#2532));
#555=EDGE_LOOP('',(#2533,#2534,#2535,#2536));
#556=EDGE_LOOP('',(#2537,#2538,#2539,#2540));
#557=EDGE_LOOP('',(#2541,#2542,#2543,#2544));
#558=EDGE_LOOP('',(#2545,#2546,#2547,#2548));
#559=EDGE_LOOP('',(#2549,#2550,#2551,#2552));
#560=EDGE_LOOP('',(#2553,#2554,#2555,#2556));
#561=EDGE_LOOP('',(#2557));
#562=EDGE_LOOP('',(#2558));
#563=EDGE_LOOP('',(#2559,#2560,#2561,#2562));
#564=EDGE_LOOP('',(#2563));
#565=EDGE_LOOP('',(#2564,#2565,#2566,#2567));
#566=EDGE_LOOP('',(#2568,#2569,#2570,#2571,#2572,#2573,#2574,#2575,#2576));
#567=EDGE_LOOP('',(#2577,#2578,#2579,#2580,#2581,#2582,#2583));
#568=LINE('',#4086,#751);
#569=LINE('',#4090,#752);
#570=LINE('',#4092,#753);
#571=LINE('',#4096,#754);
#572=LINE('',#4100,#755);
#573=LINE('',#4103,#756);
#574=LINE('',#4111,#757);
#575=LINE('',#4158,#758);
#576=LINE('',#4195,#759);
#577=LINE('',#4198,#760);
#578=LINE('',#4201,#761);
#579=LINE('',#4204,#762);
#580=LINE('',#4207,#763);
#581=LINE('',#4208,#764);
#582=LINE('',#4211,#765);
#583=LINE('',#4215,#766);
#584=LINE('',#4216,#767);
#585=LINE('',#4222,#768);
#586=LINE('',#4239,#769);
#587=LINE('',#4242,#770);
#588=LINE('',#4244,#771);
#589=LINE('',#4245,#772);
#590=LINE('',#4248,#773);
#591=LINE('',#4252,#774);
#592=LINE('',#4253,#775);
#593=LINE('',#4260,#776);
#594=LINE('',#4263,#777);
#595=LINE('',#4272,#778);
#596=LINE('',#4277,#779);
#597=LINE('',#4279,#780);
#598=LINE('',#4281,#781);
#599=LINE('',#4284,#782);
#600=LINE('',#4289,#783);
#601=LINE('',#4298,#784);
#602=LINE('',#4301,#785);
#603=LINE('',#4303,#786);
#604=LINE('',#4305,#787);
#605=LINE('',#4307,#788);
#606=LINE('',#4308,#789);
#607=LINE('',#4311,#790);
#608=LINE('',#4315,#791);
#609=LINE('',#4316,#792);
#610=LINE('',#4321,#793);
#611=LINE('',#4327,#794);
#612=LINE('',#4333,#795);
#613=LINE('',#4338,#796);
#614=LINE('',#4342,#797);
#615=LINE('',#4360,#798);
#616=LINE('',#4364,#799);
#617=LINE('',#4377,#800);
#618=LINE('',#4380,#801);
#619=LINE('',#4392,#802);
#620=LINE('',#4415,#803);
#621=LINE('',#4427,#804);
#622=LINE('',#4446,#805);
#623=LINE('',#4449,#806);
#624=LINE('',#4451,#807);
#625=LINE('',#4453,#808);
#626=LINE('',#4455,#809);
#627=LINE('',#4456,#810);
#628=LINE('',#4459,#811);
#629=LINE('',#4481,#812);
#630=LINE('',#4483,#813);
#631=LINE('',#4485,#814);
#632=LINE('',#4487,#815);
#633=LINE('',#4488,#816);
#634=LINE('',#4491,#817);
#635=LINE('',#4530,#818);
#636=LINE('',#4531,#819);
#637=LINE('',#4536,#820);
#638=LINE('',#4549,#821);
#639=LINE('',#4553,#822);
#640=LINE('',#4586,#823);
#641=LINE('',#4642,#824);
#642=LINE('',#4663,#825);
#643=LINE('',#4664,#826);
#644=LINE('',#4675,#827);
#645=LINE('',#4676,#828);
#646=LINE('',#4687,#829);
#647=LINE('',#4688,#830);
#648=LINE('',#4696,#831);
#649=LINE('',#4698,#832);
#650=LINE('',#4735,#833);
#651=LINE('',#4753,#834);
#652=LINE('',#4757,#835);
#653=LINE('',#4793,#836);
#654=LINE('',#4809,#837);
#655=LINE('',#4818,#838);
#656=LINE('',#4825,#839);
#657=LINE('',#4844,#840);
#658=LINE('',#4868,#841);
#659=LINE('',#4871,#842);
#660=LINE('',#4872,#843);
#661=LINE('',#4875,#844);
#662=LINE('',#4892,#845);
#663=LINE('',#4895,#846);
#664=LINE('',#4918,#847);
#665=LINE('',#4919,#848);
#666=LINE('',#4921,#849);
#667=LINE('',#4922,#850);
#668=LINE('',#4925,#851);
#669=LINE('',#4928,#852);
#670=LINE('',#4933,#853);
#671=LINE('',#4936,#854);
#672=LINE('',#4942,#855);
#673=LINE('',#4943,#856);
#674=LINE('',#4946,#857);
#675=LINE('',#4950,#858);
#676=LINE('',#4951,#859);
#677=LINE('',#4954,#860);
#678=LINE('',#4958,#861);
#679=LINE('',#4959,#862);
#680=LINE('',#4962,#863);
#681=LINE('',#4966,#864);
#682=LINE('',#4967,#865);
#683=LINE('',#5021,#866);
#684=LINE('',#5039,#867);
#685=LINE('',#5061,#868);
#686=LINE('',#5077,#869);
#687=LINE('',#5098,#870);
#688=LINE('',#5100,#871);
#689=LINE('',#5118,#872);
#690=LINE('',#5126,#873);
#691=LINE('',#5134,#874);
#692=LINE('',#5140,#875);
#693=LINE('',#5153,#876);
#694=LINE('',#5155,#877);
#695=LINE('',#5160,#878);
#696=LINE('',#5175,#879);
#697=LINE('',#5178,#880);
#698=LINE('',#5179,#881);
#699=LINE('',#5181,#882);
#700=LINE('',#5182,#883);
#701=LINE('',#5183,#884);
#702=LINE('',#5185,#885);
#703=LINE('',#5186,#886);
#704=LINE('',#5198,#887);
#705=LINE('',#5213,#888);
#706=LINE('',#5217,#889);
#707=LINE('',#5221,#890);
#708=LINE('',#5225,#891);
#709=LINE('',#5229,#892);
#710=LINE('',#5235,#893);
#711=LINE('',#5236,#894);
#712=LINE('',#5239,#895);
#713=LINE('',#5240,#896);
#714=LINE('',#5244,#897);
#715=LINE('',#5247,#898);
#716=LINE('',#5248,#899);
#717=LINE('',#5253,#900);
#718=LINE('',#5254,#901);
#719=LINE('',#5256,#902);
#720=LINE('',#5260,#903);
#721=LINE('',#5262,#904);
#722=LINE('',#5304,#905);
#723=LINE('',#5316,#906);
#724=LINE('',#5322,#907);
#725=LINE('',#5328,#908);
#726=LINE('',#5331,#909);
#727=LINE('',#5336,#910);
#728=LINE('',#5337,#911);
#729=LINE('',#5345,#912);
#730=LINE('',#5346,#913);
#731=LINE('',#5347,#914);
#732=LINE('',#5350,#915);
#733=LINE('',#5355,#916);
#734=LINE('',#5356,#917);
#735=LINE('',#5359,#918);
#736=LINE('',#5360,#919);
#737=LINE('',#5364,#920);
#738=LINE('',#5367,#921);
#739=LINE('',#5372,#922);
#740=LINE('',#5375,#923);
#741=LINE('',#5377,#924);
#742=LINE('',#5379,#925);
#743=LINE('',#5383,#926);
#744=LINE('',#5385,#927);
#745=LINE('',#5386,#928);
#746=LINE('',#5390,#929);
#747=LINE('',#5393,#930);
#748=LINE('',#5398,#931);
#749=LINE('',#5402,#932);
#750=LINE('',#5403,#933);
#751=VECTOR('',#3187,1.);
#752=VECTOR('',#3190,1.);
#753=VECTOR('',#3191,1.);
#754=VECTOR('',#3194,1.);
#755=VECTOR('',#3197,1.);
#756=VECTOR('',#3200,1.);
#757=VECTOR('',#3207,3.);
#758=VECTOR('',#3218,1.);
#759=VECTOR('',#3231,1.);
#760=VECTOR('',#3234,1.);
#761=VECTOR('',#3237,1.);
#762=VECTOR('',#3240,1.);
#763=VECTOR('',#3243,1.);
#764=VECTOR('',#3244,1.);
#765=VECTOR('',#3247,1.);
#766=VECTOR('',#3252,1.);
#767=VECTOR('',#3253,1.);
#768=VECTOR('',#3260,1.);
#769=VECTOR('',#3269,1.);
#770=VECTOR('',#3272,1.);
#771=VECTOR('',#3273,1.);
#772=VECTOR('',#3274,1.);
#773=VECTOR('',#3277,1.);
#774=VECTOR('',#3282,1.);
#775=VECTOR('',#3283,1.);
#776=VECTOR('',#3292,3.);
#777=VECTOR('',#3297,1.);
#778=VECTOR('',#3308,3.);
#779=VECTOR('',#3313,1.);
#780=VECTOR('',#3314,1.);
#781=VECTOR('',#3315,1.);
#782=VECTOR('',#3318,1.);
#783=VECTOR('',#3323,1.);
#784=VECTOR('',#3336,1.);
#785=VECTOR('',#3339,1.);
#786=VECTOR('',#3340,1.);
#787=VECTOR('',#3341,1.);
#788=VECTOR('',#3342,1.);
#789=VECTOR('',#3343,1.);
#790=VECTOR('',#3346,1.);
#791=VECTOR('',#3351,1.);
#792=VECTOR('',#3352,1.);
#793=VECTOR('',#3357,1.75);
#794=VECTOR('',#3364,1.75);
#795=VECTOR('',#3371,1.75);
#796=VECTOR('',#3376,1.);
#797=VECTOR('',#3379,1.);
#798=VECTOR('',#3382,1.);
#799=VECTOR('',#3385,1.);
#800=VECTOR('',#3404,1.);
#801=VECTOR('',#3407,1.);
#802=VECTOR('',#3410,1.);
#803=VECTOR('',#3421,1.);
#804=VECTOR('',#3428,1.);
#805=VECTOR('',#3431,1.);
#806=VECTOR('',#3434,1.);
#807=VECTOR('',#3435,1.);
#808=VECTOR('',#3436,1.);
#809=VECTOR('',#3437,1.);
#810=VECTOR('',#3438,1.);
#811=VECTOR('',#3441,1.);
#812=VECTOR('',#3442,1.);
#813=VECTOR('',#3443,1.);
#814=VECTOR('',#3444,1.);
#815=VECTOR('',#3445,1.);
#816=VECTOR('',#3446,1.);
#817=VECTOR('',#3449,1.);
#818=VECTOR('',#3484,1.);
#819=VECTOR('',#3485,1.);
#820=VECTOR('',#3490,13.75);
#821=VECTOR('',#3507,1.);
#822=VECTOR('',#3510,1.);
#823=VECTOR('',#3511,1.);
#824=VECTOR('',#3522,1.);
#825=VECTOR('',#3537,1.);
#826=VECTOR('',#3538,1.);
#827=VECTOR('',#3551,1.);
#828=VECTOR('',#3552,1.);
#829=VECTOR('',#3565,1.);
#830=VECTOR('',#3566,1.);
#831=VECTOR('',#3577,1.);
#832=VECTOR('',#3578,1.);
#833=VECTOR('',#3589,1.);
#834=VECTOR('',#3592,1.);
#835=VECTOR('',#3595,1.);
#836=VECTOR('',#3604,1.);
#837=VECTOR('',#3605,1.);
#838=VECTOR('',#3618,1.);
#839=VECTOR('',#3627,1.);
#840=VECTOR('',#3632,1.);
#841=VECTOR('',#3647,1.);
#842=VECTOR('',#3652,1.);
#843=VECTOR('',#3653,1.);
#844=VECTOR('',#3656,1.);
#845=VECTOR('',#3659,1.);
#846=VECTOR('',#3662,1.);
#847=VECTOR('',#3675,1.);
#848=VECTOR('',#3676,1.);
#849=VECTOR('',#3679,1.);
#850=VECTOR('',#3680,1.);
#851=VECTOR('',#3683,1.);
#852=VECTOR('',#3686,1.);
#853=VECTOR('',#3695,1.);
#854=VECTOR('',#3698,1.);
#855=VECTOR('',#3705,1.);
#856=VECTOR('',#3706,1.);
#857=VECTOR('',#3709,1.);
#858=VECTOR('',#3714,1.);
#859=VECTOR('',#3715,1.);
#860=VECTOR('',#3718,1.);
#861=VECTOR('',#3723,1.);
#862=VECTOR('',#3724,1.);
#863=VECTOR('',#3727,1.);
#864=VECTOR('',#3732,1.);
#865=VECTOR('',#3733,1.);
#866=VECTOR('',#3754,1.);
#867=VECTOR('',#3755,1.);
#868=VECTOR('',#3758,1.);
#869=VECTOR('',#3759,1.);
#870=VECTOR('',#3768,1.);
#871=VECTOR('',#3769,1.);
#872=VECTOR('',#3782,1.);
#873=VECTOR('',#3793,1.);
#874=VECTOR('',#3804,1.);
#875=VECTOR('',#3813,1.);
#876=VECTOR('',#3820,1.);
#877=VECTOR('',#3823,1.);
#878=VECTOR('',#3828,1.);
#879=VECTOR('',#3829,1.);
#880=VECTOR('',#3834,1.);
#881=VECTOR('',#3835,1.);
#882=VECTOR('',#3838,1.);
#883=VECTOR('',#3839,1.);
#884=VECTOR('',#3840,1.);
#885=VECTOR('',#3841,1.);
#886=VECTOR('',#3842,1.);
#887=VECTOR('',#3857,10.25);
#888=VECTOR('',#3878,9.);
#889=VECTOR('',#3881,1.);
#890=VECTOR('',#3884,1.);
#891=VECTOR('',#3887,1.);
#892=VECTOR('',#3890,1.);
#893=VECTOR('',#3897,1.);
#894=VECTOR('',#3898,1.);
#895=VECTOR('',#3901,1.);
#896=VECTOR('',#3902,1.);
#897=VECTOR('',#3907,1.);
#898=VECTOR('',#3910,1.);
#899=VECTOR('',#3911,1.);
#900=VECTOR('',#3916,1.);
#901=VECTOR('',#3917,1.);
#902=VECTOR('',#3920,1.);
#903=VECTOR('',#3925,1.);
#904=VECTOR('',#3928,1.);
#905=VECTOR('',#3949,0.75);
#906=VECTOR('',#3966,5.25);
#907=VECTOR('',#3973,4.1);
#908=VECTOR('',#3982,1.);
#909=VECTOR('',#3985,1.);
#910=VECTOR('',#3990,1.);
#911=VECTOR('',#3991,1.);
#912=VECTOR('',#4002,1.);
#913=VECTOR('',#4003,1.);
#914=VECTOR('',#4004,1.);
#915=VECTOR('',#4007,3.);
#916=VECTOR('',#4014,1.);
#917=VECTOR('',#4015,1.);
#918=VECTOR('',#4018,1.);
#919=VECTOR('',#4019,1.);
#920=VECTOR('',#4024,1.);
#921=VECTOR('',#4027,3.);
#922=VECTOR('',#4034,1.);
#923=VECTOR('',#4037,1.);
#924=VECTOR('',#4040,1.);
#925=VECTOR('',#4043,1.);
#926=VECTOR('',#4048,1.);
#927=VECTOR('',#4049,1.);
#928=VECTOR('',#4050,1.);
#929=VECTOR('',#4057,1.);
#930=VECTOR('',#4060,3.);
#931=VECTOR('',#4067,2.45);
#932=VECTOR('',#4074,1.);
#933=VECTOR('',#4075,1.);
#934=CIRCLE('',#2825,3.3);
#935=CIRCLE('',#2826,2.95);
#936=CIRCLE('',#2827,3.65000000005741);
#937=CIRCLE('',#2828,10.5);
#938=CIRCLE('',#2829,2.4);
#939=CIRCLE('',#2830,3.3);
#940=CIRCLE('',#2832,3.);
#941=CIRCLE('',#2833,3.);
#942=CIRCLE('',#2834,3.);
#943=CIRCLE('',#2836,3.25);
#944=CIRCLE('',#2839,0.3);
#945=CIRCLE('',#2840,3.6);
#946=CIRCLE('',#2841,3.3);
#947=CIRCLE('',#2842,3.6);
#948=CIRCLE('',#2846,3.25);
#949=CIRCLE('',#2849,3.6);
#950=CIRCLE('',#2852,0.300000000000002);
#951=CIRCLE('',#2855,0.300000000000001);
#952=CIRCLE('',#2856,3.95000000005741);
#953=CIRCLE('',#2860,3.95000000005741);
#954=CIRCLE('',#2863,0.3);
#955=CIRCLE('',#2864,3.);
#956=CIRCLE('',#2866,3.);
#957=CIRCLE('',#2869,3.3);
#958=CIRCLE('',#2870,0.3);
#959=CIRCLE('',#2871,3.);
#960=CIRCLE('',#2873,3.);
#961=CIRCLE('',#2875,3.59999999999633);
#962=CIRCLE('',#2878,0.299999999999995);
#963=CIRCLE('',#2880,0.3);
#964=CIRCLE('',#2881,3.89999999999633);
#965=CIRCLE('',#2886,3.89999999999633);
#966=CIRCLE('',#2889,1.75);
#967=CIRCLE('',#2890,1.75);
#968=CIRCLE('',#2892,1.75);
#969=CIRCLE('',#2893,1.75);
#970=CIRCLE('',#2895,1.75);
#971=CIRCLE('',#2896,1.75);
#972=CIRCLE('',#2898,0.500000000000002);
#973=CIRCLE('',#2900,0.499999999999995);
#974=CIRCLE('',#2903,0.5);
#975=CIRCLE('',#2904,1.5);
#976=CIRCLE('',#2905,2.);
#977=CIRCLE('',#2907,14.75);
#978=CIRCLE('',#2908,15.25);
#979=CIRCLE('',#2910,0.5);
#980=CIRCLE('',#2912,0.499999999999998);
#981=CIRCLE('',#2914,0.5);
#982=CIRCLE('',#2916,0.5);
#983=CIRCLE('',#2918,0.5);
#984=CIRCLE('',#2920,2.);
#985=CIRCLE('',#2924,0.5);
#986=CIRCLE('',#2926,0.5);
#987=CIRCLE('',#2927,13.75);
#988=CIRCLE('',#2928,13.75);
#989=CIRCLE('',#2929,0.499999999999994);
#990=CIRCLE('',#2930,13.25);
#991=CIRCLE('',#2932,13.75);
#992=CIRCLE('',#2933,0.500000000000001);
#993=CIRCLE('',#2935,0.5);
#994=CIRCLE('',#2937,0.5);
#995=CIRCLE('',#2938,13.75);
#996=CIRCLE('',#2942,13.75);
#997=CIRCLE('',#2943,13.75);
#998=CIRCLE('',#2944,13.75);
#999=CIRCLE('',#2946,13.25);
#1000=CIRCLE('',#2947,0.5);
#1001=CIRCLE('',#2949,5.25);
#1002=CIRCLE('',#2950,2.39999999990118);
#1003=CIRCLE('',#2954,12.4);
#1004=CIRCLE('',#2955,11.9);
#1005=CIRCLE('',#2957,0.5);
#1006=CIRCLE('',#2959,0.5);
#1007=CIRCLE('',#2960,1.);
#1008=CIRCLE('',#2961,0.500000000000001);
#1009=CIRCLE('',#2963,0.5);
#1010=CIRCLE('',#2965,0.5);
#1011=CIRCLE('',#2966,11.9999999999996);
#1012=CIRCLE('',#2967,12.4999999999996);
#1013=CIRCLE('',#2969,0.5);
#1014=CIRCLE('',#2971,0.5);
#1015=CIRCLE('',#2972,4.);
#1016=CIRCLE('',#2973,4.5);
#1017=CIRCLE('',#2975,0.5);
#1018=CIRCLE('',#2977,0.5);
#1019=CIRCLE('',#2978,2.09999999999999);
#1020=CIRCLE('',#2979,1.59999999999999);
#1021=CIRCLE('',#2983,2.4);
#1022=CIRCLE('',#2984,2.9);
#1023=CIRCLE('',#2990,2.75);
#1024=CIRCLE('',#2993,2.4);
#1025=CIRCLE('',#2994,0.499999999999999);
#1026=CIRCLE('',#2995,2.9);
#1027=CIRCLE('',#2997,0.500000000000005);
#1028=CIRCLE('',#2999,0.500000000000001);
#1029=CIRCLE('',#3000,3.39999999999633);
#1030=CIRCLE('',#3003,0.499999999999994);
#1031=CIRCLE('',#3005,10.5);
#1032=CIRCLE('',#3006,10.);
#1033=CIRCLE('',#3008,0.499999999999999);
#1034=CIRCLE('',#3009,3.45000000005742);
#1035=CIRCLE('',#3015,0.5);
#1036=CIRCLE('',#3017,12.4);
#1037=CIRCLE('',#3018,11.9);
#1038=CIRCLE('',#3020,3.1);
#1039=CIRCLE('',#3024,0.499999999999998);
#1040=CIRCLE('',#3026,2.90000000000289);
#1041=CIRCLE('',#3027,2.40000000000289);
#1042=CIRCLE('',#3030,1.);
#1043=CIRCLE('',#3031,1.);
#1044=CIRCLE('',#3034,11.9999999999996);
#1045=CIRCLE('',#3037,4.);
#1046=CIRCLE('',#3040,2.09999999999999);
#1047=CIRCLE('',#3044,3.);
#1048=CIRCLE('',#3045,3.);
#1049=CIRCLE('',#3046,3.);
#1050=CIRCLE('',#3047,2.45);
#1051=CIRCLE('',#3049,10.25);
#1052=CIRCLE('',#3050,10.5);
#1053=CIRCLE('',#3054,2.4);
#1054=CIRCLE('',#3055,1.9);
#1055=CIRCLE('',#3058,0.5);
#1056=CIRCLE('',#3059,0.499999999999999);
#1057=CIRCLE('',#3060,0.500000000000001);
#1058=CIRCLE('',#3062,0.499999999999997);
#1059=CIRCLE('',#3064,0.499999999999995);
#1060=CIRCLE('',#3065,12.4999999999996);
#1061=CIRCLE('',#3067,0.500000000000001);
#1062=CIRCLE('',#3069,0.5);
#1063=CIRCLE('',#3070,4.5);
#1064=CIRCLE('',#3072,0.5);
#1065=CIRCLE('',#3074,0.499999999999997);
#1066=CIRCLE('',#3075,1.59999999999999);
#1067=CIRCLE('',#3077,0.5);
#1068=CIRCLE('',#3088,9.75);
#1069=CIRCLE('',#3089,0.5);
#1070=CIRCLE('',#3090,10.25);
#1071=CIRCLE('',#3091,10.25);
#1072=CIRCLE('',#3093,10.25);
#1073=CIRCLE('',#3094,10.25);
#1074=CIRCLE('',#3096,9.);
#1075=CIRCLE('',#3098,8.5);
#1076=CIRCLE('',#3099,0.5);
#1077=CIRCLE('',#3100,9.);
#1078=CIRCLE('',#3101,9.);
#1079=CIRCLE('',#3104,1.5);
#1080=CIRCLE('',#3105,1.5);
#1081=CIRCLE('',#3106,1.5);
#1082=CIRCLE('',#3107,1.5);
#1083=CIRCLE('',#3109,1.5);
#1084=CIRCLE('',#3112,1.5);
#1085=CIRCLE('',#3115,1.5);
#1086=CIRCLE('',#3118,1.5);
#1087=CIRCLE('',#3121,15.25);
#1088=CIRCLE('',#3125,0.125);
#1089=CIRCLE('',#3126,0.625);
#1090=CIRCLE('',#3127,0.75);
#1091=CIRCLE('',#3128,0.75);
#1092=CIRCLE('',#3130,0.75);
#1093=CIRCLE('',#3133,4.5);
#1094=CIRCLE('',#3134,0.75);
#1095=CIRCLE('',#3135,5.25);
#1096=CIRCLE('',#3136,5.25);
#1097=CIRCLE('',#3139,4.1);
#1098=CIRCLE('',#3141,4.1);
#1099=CIRCLE('',#3143,12.4);
#1100=CIRCLE('',#3145,12.4);
#1101=CIRCLE('',#3147,2.39999999998923);
#1102=CIRCLE('',#3154,3.);
#1103=CIRCLE('',#3159,2.40000000000289);
#1104=CIRCLE('',#3161,3.);
#1105=CIRCLE('',#3164,2.4);
#1106=CIRCLE('',#3170,2.4);
#1107=CIRCLE('',#3173,3.);
#1108=CIRCLE('',#3176,2.45);
#1109=VERTEX_POINT('',#4082);
#1110=VERTEX_POINT('',#4083);
#1111=VERTEX_POINT('',#4085);
#1112=VERTEX_POINT('',#4087);
#1113=VERTEX_POINT('',#4089);
#1114=VERTEX_POINT('',#4091);
#1115=VERTEX_POINT('',#4093);
#1116=VERTEX_POINT('',#4095);
#1117=VERTEX_POINT('',#4097);
#1118=VERTEX_POINT('',#4099);
#1119=VERTEX_POINT('',#4101);
#1120=VERTEX_POINT('',#4104);
#1121=VERTEX_POINT('',#4107);
#1122=VERTEX_POINT('',#4108);
#1123=VERTEX_POINT('',#4110);
#1124=VERTEX_POINT('',#4115);
#1125=VERTEX_POINT('',#4116);
#1126=VERTEX_POINT('',#4143);
#1127=VERTEX_POINT('',#4160);
#1128=VERTEX_POINT('',#4163);
#1129=VERTEX_POINT('',#4175);
#1130=VERTEX_POINT('',#4177);
#1131=VERTEX_POINT('',#4194);
#1132=VERTEX_POINT('',#4196);
#1133=VERTEX_POINT('',#4200);
#1134=VERTEX_POINT('',#4202);
#1135=VERTEX_POINT('',#4206);
#1136=VERTEX_POINT('',#4210);
#1137=VERTEX_POINT('',#4214);
#1138=VERTEX_POINT('',#4218);
#1139=VERTEX_POINT('',#4220);
#1140=VERTEX_POINT('',#4224);
#1141=VERTEX_POINT('',#4228);
#1142=VERTEX_POINT('',#4241);
#1143=VERTEX_POINT('',#4243);
#1144=VERTEX_POINT('',#4247);
#1145=VERTEX_POINT('',#4251);
#1146=VERTEX_POINT('',#4255);
#1147=VERTEX_POINT('',#4259);
#1148=VERTEX_POINT('',#4265);
#1149=VERTEX_POINT('',#4267);
#1150=VERTEX_POINT('',#4271);
#1151=VERTEX_POINT('',#4275);
#1152=VERTEX_POINT('',#4276);
#1153=VERTEX_POINT('',#4278);
#1154=VERTEX_POINT('',#4280);
#1155=VERTEX_POINT('',#4282);
#1156=VERTEX_POINT('',#4286);
#1157=VERTEX_POINT('',#4288);
#1158=VERTEX_POINT('',#4292);
#1159=VERTEX_POINT('',#4296);
#1160=VERTEX_POINT('',#4300);
#1161=VERTEX_POINT('',#4302);
#1162=VERTEX_POINT('',#4304);
#1163=VERTEX_POINT('',#4306);
#1164=VERTEX_POINT('',#4310);
#1165=VERTEX_POINT('',#4314);
#1166=VERTEX_POINT('',#4318);
#1167=VERTEX_POINT('',#4320);
#1168=VERTEX_POINT('',#4324);
#1169=VERTEX_POINT('',#4326);
#1170=VERTEX_POINT('',#4330);
#1171=VERTEX_POINT('',#4332);
#1172=VERTEX_POINT('',#4336);
#1173=VERTEX_POINT('',#4337);
#1174=VERTEX_POINT('',#4339);
#1175=VERTEX_POINT('',#4341);
#1176=VERTEX_POINT('',#4358);
#1177=VERTEX_POINT('',#4359);
#1178=VERTEX_POINT('',#4361);
#1179=VERTEX_POINT('',#4363);
#1180=VERTEX_POINT('',#4367);
#1181=VERTEX_POINT('',#4368);
#1182=VERTEX_POINT('',#4376);
#1183=VERTEX_POINT('',#4378);
#1184=VERTEX_POINT('',#4382);
#1185=VERTEX_POINT('',#4391);
#1186=VERTEX_POINT('',#4395);
#1187=VERTEX_POINT('',#4404);
#1188=VERTEX_POINT('',#4413);
#1189=VERTEX_POINT('',#4417);
#1190=VERTEX_POINT('',#4426);
#1191=VERTEX_POINT('',#4428);
#1192=VERTEX_POINT('',#4439);
#1193=VERTEX_POINT('',#4444);
#1194=VERTEX_POINT('',#4448);
#1195=VERTEX_POINT('',#4450);
#1196=VERTEX_POINT('',#4452);
#1197=VERTEX_POINT('',#4454);
#1198=VERTEX_POINT('',#4458);
#1199=VERTEX_POINT('',#4460);
#1200=VERTEX_POINT('',#4467);
#1201=VERTEX_POINT('',#4480);
#1202=VERTEX_POINT('',#4482);
#1203=VERTEX_POINT('',#4484);
#1204=VERTEX_POINT('',#4486);
#1205=VERTEX_POINT('',#4490);
#1206=VERTEX_POINT('',#4494);
#1207=VERTEX_POINT('',#4496);
#1208=VERTEX_POINT('',#4498);
#1209=VERTEX_POINT('',#4500);
#1210=VERTEX_POINT('',#4504);
#1211=VERTEX_POINT('',#4515);
#1212=VERTEX_POINT('',#4519);
#1213=VERTEX_POINT('',#4533);
#1214=VERTEX_POINT('',#4534);
#1215=VERTEX_POINT('',#4540);
#1216=VERTEX_POINT('',#4544);
#1217=VERTEX_POINT('',#4546);
#1218=VERTEX_POINT('',#4547);
#1219=VERTEX_POINT('',#4551);
#1220=VERTEX_POINT('',#4552);
#1221=VERTEX_POINT('',#4554);
#1222=VERTEX_POINT('',#4589);
#1223=VERTEX_POINT('',#4621);
#1224=VERTEX_POINT('',#4623);
#1225=VERTEX_POINT('',#4640);
#1226=VERTEX_POINT('',#4641);
#1227=VERTEX_POINT('',#4654);
#1228=VERTEX_POINT('',#4655);
#1229=VERTEX_POINT('',#4660);
#1230=VERTEX_POINT('',#4661);
#1231=VERTEX_POINT('',#4666);
#1232=VERTEX_POINT('',#4667);
#1233=VERTEX_POINT('',#4672);
#1234=VERTEX_POINT('',#4673);
#1235=VERTEX_POINT('',#4678);
#1236=VERTEX_POINT('',#4679);
#1237=VERTEX_POINT('',#4684);
#1238=VERTEX_POINT('',#4685);
#1239=VERTEX_POINT('',#4690);
#1240=VERTEX_POINT('',#4691);
#1241=VERTEX_POINT('',#4697);
#1242=VERTEX_POINT('',#4701);
#1243=VERTEX_POINT('',#4702);
#1244=VERTEX_POINT('',#4704);
#1245=VERTEX_POINT('',#4717);
#1246=VERTEX_POINT('',#4734);
#1247=VERTEX_POINT('',#4751);
#1248=VERTEX_POINT('',#4752);
#1249=VERTEX_POINT('',#4754);
#1250=VERTEX_POINT('',#4756);
#1251=VERTEX_POINT('',#4760);
#1252=VERTEX_POINT('',#4761);
#1253=VERTEX_POINT('',#4792);
#1254=VERTEX_POINT('',#4794);
#1255=VERTEX_POINT('',#4812);
#1256=VERTEX_POINT('',#4816);
#1257=VERTEX_POINT('',#4820);
#1258=VERTEX_POINT('',#4824);
#1259=VERTEX_POINT('',#4841);
#1260=VERTEX_POINT('',#4843);
#1261=VERTEX_POINT('',#4863);
#1262=VERTEX_POINT('',#4867);
#1263=VERTEX_POINT('',#4874);
#1264=VERTEX_POINT('',#4891);
#1265=VERTEX_POINT('',#4893);
#1266=VERTEX_POINT('',#4897);
#1267=VERTEX_POINT('',#4899);
#1268=VERTEX_POINT('',#4924);
#1269=VERTEX_POINT('',#4926);
#1270=VERTEX_POINT('',#4935);
#1271=VERTEX_POINT('',#4937);
#1272=VERTEX_POINT('',#4941);
#1273=VERTEX_POINT('',#4945);
#1274=VERTEX_POINT('',#4949);
#1275=VERTEX_POINT('',#4953);
#1276=VERTEX_POINT('',#4957);
#1277=VERTEX_POINT('',#4961);
#1278=VERTEX_POINT('',#4965);
#1279=VERTEX_POINT('',#4970);
#1280=VERTEX_POINT('',#4972);
#1281=VERTEX_POINT('',#4974);
#1282=VERTEX_POINT('',#4976);
#1283=VERTEX_POINT('',#4979);
#1284=VERTEX_POINT('',#4980);
#1285=VERTEX_POINT('',#4999);
#1286=VERTEX_POINT('',#5001);
#1287=VERTEX_POINT('',#5020);
#1288=VERTEX_POINT('',#5030);
#1289=VERTEX_POINT('',#5041);
#1290=VERTEX_POINT('',#5060);
#1291=VERTEX_POINT('',#5062);
#1292=VERTEX_POINT('',#5079);
#1293=VERTEX_POINT('',#5081);
#1294=VERTEX_POINT('',#5099);
#1295=VERTEX_POINT('',#5112);
#1296=VERTEX_POINT('',#5116);
#1297=VERTEX_POINT('',#5120);
#1298=VERTEX_POINT('',#5124);
#1299=VERTEX_POINT('',#5128);
#1300=VERTEX_POINT('',#5132);
#1301=VERTEX_POINT('',#5136);
#1302=VERTEX_POINT('',#5158);
#1303=VERTEX_POINT('',#5159);
#1304=VERTEX_POINT('',#5161);
#1305=VERTEX_POINT('',#5174);
#1306=VERTEX_POINT('',#5184);
#1307=VERTEX_POINT('',#5189);
#1308=VERTEX_POINT('',#5191);
#1309=VERTEX_POINT('',#5193);
#1310=VERTEX_POINT('',#5197);
#1311=VERTEX_POINT('',#5202);
#1312=VERTEX_POINT('',#5205);
#1313=VERTEX_POINT('',#5207);
#1314=VERTEX_POINT('',#5209);
#1315=VERTEX_POINT('',#5215);
#1316=VERTEX_POINT('',#5216);
#1317=VERTEX_POINT('',#5218);
#1318=VERTEX_POINT('',#5220);
#1319=VERTEX_POINT('',#5222);
#1320=VERTEX_POINT('',#5224);
#1321=VERTEX_POINT('',#5226);
#1322=VERTEX_POINT('',#5228);
#1323=VERTEX_POINT('',#5232);
#1324=VERTEX_POINT('',#5233);
#1325=VERTEX_POINT('',#5238);
#1326=VERTEX_POINT('',#5242);
#1327=VERTEX_POINT('',#5246);
#1328=VERTEX_POINT('',#5250);
#1329=VERTEX_POINT('',#5251);
#1330=VERTEX_POINT('',#5258);
#1331=VERTEX_POINT('',#5295);
#1332=VERTEX_POINT('',#5297);
#1333=VERTEX_POINT('',#5299);
#1334=VERTEX_POINT('',#5303);
#1335=VERTEX_POINT('',#5308);
#1336=VERTEX_POINT('',#5310);
#1337=VERTEX_POINT('',#5312);
#1338=VERTEX_POINT('',#5318);
#1339=VERTEX_POINT('',#5321);
#1340=VERTEX_POINT('',#5327);
#1341=VERTEX_POINT('',#5329);
#1342=VERTEX_POINT('',#5333);
#1343=VERTEX_POINT('',#5334);
#1344=VERTEX_POINT('',#5343);
#1345=VERTEX_POINT('',#5344);
#1346=VERTEX_POINT('',#5349);
#1347=VERTEX_POINT('',#5354);
#1348=VERTEX_POINT('',#5358);
#1349=VERTEX_POINT('',#5362);
#1350=VERTEX_POINT('',#5366);
#1351=VERTEX_POINT('',#5371);
#1352=VERTEX_POINT('',#5373);
#1353=VERTEX_POINT('',#5382);
#1354=VERTEX_POINT('',#5384);
#1355=VERTEX_POINT('',#5392);
#1356=VERTEX_POINT('',#5397);
#1357=EDGE_CURVE('',#1109,#1110,#934,.T.);
#1358=EDGE_CURVE('',#1111,#1109,#568,.T.);
#1359=EDGE_CURVE('',#1112,#1111,#935,.T.);
#1360=EDGE_CURVE('',#1112,#1113,#569,.T.);
#1361=EDGE_CURVE('',#1114,#1113,#570,.T.);
#1362=EDGE_CURVE('',#1115,#1114,#936,.T.);
#1363=EDGE_CURVE('',#1116,#1115,#571,.T.);
#1364=EDGE_CURVE('',#1116,#1117,#937,.T.);
#1365=EDGE_CURVE('',#1117,#1118,#572,.T.);
#1366=EDGE_CURVE('',#1118,#1119,#938,.T.);
#1367=EDGE_CURVE('',#1119,#1110,#573,.T.);
#1368=EDGE_CURVE('',#1120,#1120,#939,.T.);
#1369=EDGE_CURVE('',#1121,#1122,#940,.T.);
#1370=EDGE_CURVE('',#1121,#1123,#574,.T.);
#1371=EDGE_CURVE('',#1123,#1123,#941,.T.);
#1372=EDGE_CURVE('',#1122,#1121,#942,.T.);
#1373=EDGE_CURVE('',#1124,#1125,#943,.T.);
#1374=EDGE_CURVE('',#1125,#1112,#32,.F.);
#1375=EDGE_CURVE('',#1111,#1124,#33,.T.);
#1376=EDGE_CURVE('',#1109,#1126,#34,.T.);
#1377=EDGE_CURVE('',#1126,#1124,#575,.T.);
#1378=EDGE_CURVE('',#1122,#1127,#944,.T.);
#1379=EDGE_CURVE('',#1127,#1126,#945,.T.);
#1380=EDGE_CURVE('',#1128,#1110,#35,.T.);
#1381=EDGE_CURVE('',#1128,#1129,#946,.T.);
#1382=EDGE_CURVE('',#1129,#1130,#36,.T.);
#1383=EDGE_CURVE('',#1130,#1127,#947,.T.);
#1384=EDGE_CURVE('',#1129,#1131,#576,.T.);
#1385=EDGE_CURVE('',#1131,#1132,#19,.F.);
#1386=EDGE_CURVE('',#1132,#1130,#577,.T.);
#1387=EDGE_CURVE('',#1133,#1124,#578,.T.);
#1388=EDGE_CURVE('',#1134,#1133,#948,.T.);
#1389=EDGE_CURVE('',#1134,#1125,#579,.T.);
#1390=EDGE_CURVE('',#1135,#1126,#580,.T.);
#1391=EDGE_CURVE('',#1133,#1135,#581,.T.);
#1392=EDGE_CURVE('',#1136,#1130,#582,.T.);
#1393=EDGE_CURVE('',#1135,#1136,#949,.T.);
#1394=EDGE_CURVE('',#1137,#1132,#583,.T.);
#1395=EDGE_CURVE('',#1136,#1137,#584,.T.);
#1396=EDGE_CURVE('',#1138,#1114,#950,.T.);
#1397=EDGE_CURVE('',#1113,#1139,#20,.F.);
#1398=EDGE_CURVE('',#1139,#1138,#585,.T.);
#1399=EDGE_CURVE('',#1140,#1115,#951,.T.);
#1400=EDGE_CURVE('',#1138,#1140,#952,.T.);
#1401=EDGE_CURVE('',#1141,#1116,#37,.F.);
#1402=EDGE_CURVE('',#1140,#1141,#586,.T.);
#1403=EDGE_CURVE('',#1142,#1140,#587,.T.);
#1404=EDGE_CURVE('',#1143,#1142,#588,.T.);
#1405=EDGE_CURVE('',#1143,#1141,#589,.T.);
#1406=EDGE_CURVE('',#1144,#1138,#590,.T.);
#1407=EDGE_CURVE('',#1142,#1144,#953,.T.);
#1408=EDGE_CURVE('',#1145,#1139,#591,.T.);
#1409=EDGE_CURVE('',#1144,#1145,#592,.T.);
#1410=EDGE_CURVE('',#1120,#1146,#954,.T.);
#1411=EDGE_CURVE('',#1146,#1146,#955,.T.);
#1412=EDGE_CURVE('',#1146,#1147,#593,.T.);
#1413=EDGE_CURVE('',#1147,#1147,#956,.T.);
#1414=EDGE_CURVE('',#1128,#1131,#594,.T.);
#1415=EDGE_CURVE('',#1148,#1148,#957,.T.);
#1416=EDGE_CURVE('',#1148,#1149,#958,.T.);
#1417=EDGE_CURVE('',#1149,#1149,#959,.T.);
#1418=EDGE_CURVE('',#1149,#1150,#595,.T.);
#1419=EDGE_CURVE('',#1150,#1150,#960,.T.);
#1420=EDGE_CURVE('',#1151,#1152,#596,.T.);
#1421=EDGE_CURVE('',#1152,#1153,#597,.T.);
#1422=EDGE_CURVE('',#1154,#1153,#598,.T.);
#1423=EDGE_CURVE('',#1155,#1154,#961,.T.);
#1424=EDGE_CURVE('',#1151,#1155,#599,.T.);
#1425=EDGE_CURVE('',#1156,#1153,#21,.T.);
#1426=EDGE_CURVE('',#1156,#1157,#600,.T.);
#1427=EDGE_CURVE('',#1157,#1154,#962,.T.);
#1428=EDGE_CURVE('',#1158,#1155,#963,.T.);
#1429=EDGE_CURVE('',#1157,#1158,#964,.T.);
#1430=EDGE_CURVE('',#1159,#1151,#22,.F.);
#1431=EDGE_CURVE('',#1158,#1159,#601,.T.);
#1432=EDGE_CURVE('',#1160,#1158,#602,.T.);
#1433=EDGE_CURVE('',#1161,#1160,#603,.T.);
#1434=EDGE_CURVE('',#1161,#1162,#604,.T.);
#1435=EDGE_CURVE('',#1162,#1163,#605,.T.);
#1436=EDGE_CURVE('',#1163,#1159,#606,.T.);
#1437=EDGE_CURVE('',#1164,#1157,#607,.T.);
#1438=EDGE_CURVE('',#1160,#1164,#965,.T.);
#1439=EDGE_CURVE('',#1165,#1156,#608,.T.);
#1440=EDGE_CURVE('',#1164,#1165,#609,.T.);
#1441=EDGE_CURVE('',#1166,#1166,#966,.T.);
#1442=EDGE_CURVE('',#1166,#1167,#610,.T.);
#1443=EDGE_CURVE('',#1167,#1167,#967,.T.);
#1444=EDGE_CURVE('',#1168,#1168,#968,.T.);
#1445=EDGE_CURVE('',#1168,#1169,#611,.T.);
#1446=EDGE_CURVE('',#1169,#1169,#969,.T.);
#1447=EDGE_CURVE('',#1170,#1170,#970,.T.);
#1448=EDGE_CURVE('',#1170,#1171,#612,.T.);
#1449=EDGE_CURVE('',#1171,#1171,#971,.T.);
#1450=EDGE_CURVE('',#1172,#1173,#613,.T.);
#1451=EDGE_CURVE('',#1173,#1174,#972,.T.);
#1452=EDGE_CURVE('',#1174,#1175,#614,.T.);
#1453=EDGE_CURVE('',#1175,#1172,#38,.T.);
#1454=EDGE_CURVE('',#1176,#1177,#615,.T.);
#1455=EDGE_CURVE('',#1177,#1178,#973,.T.);
#1456=EDGE_CURVE('',#1178,#1179,#616,.T.);
#1457=EDGE_CURVE('',#1179,#1176,#23,.T.);
#1458=EDGE_CURVE('',#1180,#1181,#974,.T.);
#1459=EDGE_CURVE('',#1181,#1178,#975,.T.);
#1460=EDGE_CURVE('',#1177,#1180,#976,.T.);
#1461=EDGE_CURVE('',#1175,#1181,#977,.T.);
#1462=EDGE_CURVE('',#1180,#1172,#978,.T.);
#1463=EDGE_CURVE('',#1179,#1182,#617,.T.);
#1464=EDGE_CURVE('',#1182,#1183,#979,.T.);
#1465=EDGE_CURVE('',#1183,#1176,#618,.T.);
#1466=EDGE_CURVE('',#1184,#1174,#39,.F.);
#1467=EDGE_CURVE('',#1173,#1185,#619,.T.);
#1468=EDGE_CURVE('',#1185,#1184,#980,.T.);
#1469=EDGE_CURVE('',#1186,#1184,#40,.F.);
#1470=EDGE_CURVE('',#1185,#1186,#981,.T.);
#1471=EDGE_CURVE('',#1187,#1182,#41,.T.);
#1472=EDGE_CURVE('',#1187,#1188,#982,.T.);
#1473=EDGE_CURVE('',#1188,#1183,#620,.T.);
#1474=EDGE_CURVE('',#1189,#1187,#42,.T.);
#1475=EDGE_CURVE('',#1189,#1188,#983,.T.);
#1476=EDGE_CURVE('',#1190,#1177,#621,.T.);
#1477=EDGE_CURVE('',#1190,#1191,#43,.T.);
#1478=EDGE_CURVE('',#1191,#1192,#44,.T.);
#1479=EDGE_CURVE('',#1192,#1193,#984,.F.);
#1480=EDGE_CURVE('',#1193,#1180,#622,.T.);
#1481=EDGE_CURVE('',#1194,#1176,#623,.T.);
#1482=EDGE_CURVE('',#1195,#1194,#624,.T.);
#1483=EDGE_CURVE('',#1196,#1195,#625,.T.);
#1484=EDGE_CURVE('',#1196,#1197,#626,.T.);
#1485=EDGE_CURVE('',#1190,#1197,#627,.T.);
#1486=EDGE_CURVE('',#1198,#1188,#628,.T.);
#1487=EDGE_CURVE('',#1198,#1199,#45,.T.);
#1488=EDGE_CURVE('',#1199,#1200,#46,.T.);
#1489=EDGE_CURVE('',#1200,#1201,#629,.T.);
#1490=EDGE_CURVE('',#1202,#1201,#630,.T.);
#1491=EDGE_CURVE('',#1203,#1202,#631,.T.);
#1492=EDGE_CURVE('',#1203,#1204,#632,.T.);
#1493=EDGE_CURVE('',#1204,#1194,#633,.T.);
#1494=EDGE_CURVE('',#1189,#1205,#634,.T.);
#1495=EDGE_CURVE('',#1198,#1205,#985,.T.);
#1496=EDGE_CURVE('',#1200,#1206,#986,.T.);
#1497=EDGE_CURVE('',#1206,#1207,#987,.T.);
#1498=EDGE_CURVE('',#1207,#1208,#988,.T.);
#1499=EDGE_CURVE('',#1208,#1209,#989,.T.);
#1500=EDGE_CURVE('',#1209,#1200,#990,.T.);
#1501=EDGE_CURVE('',#1210,#1209,#47,.F.);
#1502=EDGE_CURVE('',#1208,#1211,#991,.T.);
#1503=EDGE_CURVE('',#1211,#1210,#992,.T.);
#1504=EDGE_CURVE('',#1212,#1210,#48,.F.);
#1505=EDGE_CURVE('',#1211,#1212,#993,.T.);
#1506=EDGE_CURVE('',#1199,#1205,#994,.T.);
#1507=EDGE_CURVE('',#1205,#1206,#995,.T.);
#1508=EDGE_CURVE('',#1185,#1212,#635,.T.);
#1509=EDGE_CURVE('',#1211,#1186,#636,.T.);
#1510=EDGE_CURVE('',#1213,#1214,#996,.T.);
#1511=EDGE_CURVE('',#1213,#1207,#637,.T.);
#1512=EDGE_CURVE('',#1174,#1182,#997,.T.);
#1513=EDGE_CURVE('',#1214,#1213,#998,.T.);
#1514=EDGE_CURVE('',#1215,#1215,#999,.T.);
#1515=EDGE_CURVE('',#1215,#1214,#1000,.T.);
#1516=EDGE_CURVE('',#1216,#1216,#1001,.T.);
#1517=EDGE_CURVE('',#1217,#1218,#1002,.T.);
#1518=EDGE_CURVE('',#1218,#1217,#638,.T.);
#1519=EDGE_CURVE('',#1219,#1220,#639,.T.);
#1520=EDGE_CURVE('',#1220,#1221,#49,.T.);
#1521=EDGE_CURVE('',#1221,#1203,#640,.T.);
#1522=EDGE_CURVE('',#1203,#1219,#24,.T.);
#1523=EDGE_CURVE('',#1222,#1202,#50,.T.);
#1524=EDGE_CURVE('',#1202,#1223,#1003,.T.);
#1525=EDGE_CURVE('',#1223,#1224,#51,.T.);
#1526=EDGE_CURVE('',#1224,#1222,#1004,.T.);
#1527=EDGE_CURVE('',#1225,#1226,#641,.T.);
#1528=EDGE_CURVE('',#1226,#1196,#1005,.T.);
#1529=EDGE_CURVE('',#1195,#1225,#25,.T.);
#1530=EDGE_CURVE('',#1227,#1228,#1006,.T.);
#1531=EDGE_CURVE('',#1228,#1196,#1007,.T.);
#1532=EDGE_CURVE('',#1226,#1227,#1008,.T.);
#1533=EDGE_CURVE('',#1229,#1230,#1009,.T.);
#1534=EDGE_CURVE('',#1230,#1228,#642,.T.);
#1535=EDGE_CURVE('',#1227,#1229,#643,.T.);
#1536=EDGE_CURVE('',#1231,#1232,#1010,.T.);
#1537=EDGE_CURVE('',#1232,#1230,#1011,.T.);
#1538=EDGE_CURVE('',#1229,#1231,#1012,.T.);
#1539=EDGE_CURVE('',#1233,#1234,#1013,.T.);
#1540=EDGE_CURVE('',#1234,#1232,#644,.T.);
#1541=EDGE_CURVE('',#1231,#1233,#645,.T.);
#1542=EDGE_CURVE('',#1235,#1236,#1014,.T.);
#1543=EDGE_CURVE('',#1236,#1234,#1015,.T.);
#1544=EDGE_CURVE('',#1233,#1235,#1016,.T.);
#1545=EDGE_CURVE('',#1237,#1238,#1017,.T.);
#1546=EDGE_CURVE('',#1238,#1236,#646,.T.);
#1547=EDGE_CURVE('',#1235,#1237,#647,.T.);
#1548=EDGE_CURVE('',#1239,#1240,#1018,.T.);
#1549=EDGE_CURVE('',#1240,#1238,#1019,.T.);
#1550=EDGE_CURVE('',#1237,#1239,#1020,.T.);
#1551=EDGE_CURVE('',#1137,#1240,#648,.T.);
#1552=EDGE_CURVE('',#1239,#1241,#649,.T.);
#1553=EDGE_CURVE('',#1241,#1137,#26,.T.);
#1554=EDGE_CURVE('',#1242,#1243,#1021,.T.);
#1555=EDGE_CURVE('',#1243,#1244,#52,.T.);
#1556=EDGE_CURVE('',#1244,#1245,#1022,.T.);
#1557=EDGE_CURVE('',#1245,#1242,#53,.T.);
#1558=EDGE_CURVE('',#1241,#1246,#650,.T.);
#1559=EDGE_CURVE('',#1246,#1136,#54,.T.);
#1560=EDGE_CURVE('',#1247,#1248,#651,.T.);
#1561=EDGE_CURVE('',#1248,#1249,#27,.T.);
#1562=EDGE_CURVE('',#1249,#1250,#652,.T.);
#1563=EDGE_CURVE('',#1250,#1247,#28,.T.);
#1564=EDGE_CURVE('',#1251,#1252,#1023,.T.);
#1565=EDGE_CURVE('',#1252,#1134,#55,.T.);
#1566=EDGE_CURVE('',#1133,#1251,#56,.T.);
#1567=EDGE_CURVE('',#1248,#1253,#653,.T.);
#1568=EDGE_CURVE('',#1253,#1254,#57,.T.);
#1569=EDGE_CURVE('',#1254,#1249,#654,.T.);
#1570=EDGE_CURVE('',#1253,#1161,#1024,.T.);
#1571=EDGE_CURVE('',#1161,#1255,#1025,.T.);
#1572=EDGE_CURVE('',#1255,#1254,#1026,.T.);
#1573=EDGE_CURVE('',#1160,#1256,#1027,.T.);
#1574=EDGE_CURVE('',#1256,#1255,#655,.T.);
#1575=EDGE_CURVE('',#1164,#1257,#1028,.T.);
#1576=EDGE_CURVE('',#1257,#1256,#1029,.T.);
#1577=EDGE_CURVE('',#1258,#1257,#656,.T.);
#1578=EDGE_CURVE('',#1165,#1258,#58,.T.);
#1579=EDGE_CURVE('',#1142,#1259,#1030,.T.);
#1580=EDGE_CURVE('',#1259,#1260,#657,.T.);
#1581=EDGE_CURVE('',#1260,#1143,#59,.T.);
#1582=EDGE_CURVE('',#1165,#1143,#1031,.T.);
#1583=EDGE_CURVE('',#1260,#1258,#1032,.T.);
#1584=EDGE_CURVE('',#1144,#1261,#1033,.T.);
#1585=EDGE_CURVE('',#1261,#1259,#1034,.T.);
#1586=EDGE_CURVE('',#1262,#1261,#658,.T.);
#1587=EDGE_CURVE('',#1145,#1262,#29,.T.);
#1588=EDGE_CURVE('',#1252,#1262,#659,.T.);
#1589=EDGE_CURVE('',#1145,#1134,#660,.T.);
#1590=EDGE_CURVE('',#1263,#1251,#661,.T.);
#1591=EDGE_CURVE('',#1135,#1263,#60,.T.);
#1592=EDGE_CURVE('',#1250,#1264,#662,.T.);
#1593=EDGE_CURVE('',#1264,#1265,#1035,.T.);
#1594=EDGE_CURVE('',#1265,#1247,#663,.T.);
#1595=EDGE_CURVE('',#1266,#1265,#1036,.T.);
#1596=EDGE_CURVE('',#1264,#1267,#1037,.T.);
#1597=EDGE_CURVE('',#1267,#1266,#61,.T.);
#1598=EDGE_CURVE('',#1246,#1263,#1038,.T.);
#1599=EDGE_CURVE('',#1243,#1266,#664,.T.);
#1600=EDGE_CURVE('',#1267,#1244,#665,.T.);
#1601=EDGE_CURVE('',#1223,#1242,#666,.T.);
#1602=EDGE_CURVE('',#1245,#1224,#667,.T.);
#1603=EDGE_CURVE('',#1195,#1268,#668,.T.);
#1604=EDGE_CURVE('',#1268,#1269,#1039,.T.);
#1605=EDGE_CURVE('',#1269,#1225,#669,.T.);
#1606=EDGE_CURVE('',#1220,#1269,#1040,.T.);
#1607=EDGE_CURVE('',#1268,#1221,#1041,.T.);
#1608=EDGE_CURVE('',#1222,#1219,#670,.T.);
#1609=EDGE_CURVE('',#1228,#1270,#671,.T.);
#1610=EDGE_CURVE('',#1271,#1270,#1042,.T.);
#1611=EDGE_CURVE('',#1197,#1271,#1043,.T.);
#1612=EDGE_CURVE('',#1230,#1272,#672,.T.);
#1613=EDGE_CURVE('',#1270,#1272,#673,.T.);
#1614=EDGE_CURVE('',#1232,#1273,#674,.T.);
#1615=EDGE_CURVE('',#1272,#1273,#1044,.T.);
#1616=EDGE_CURVE('',#1234,#1274,#675,.T.);
#1617=EDGE_CURVE('',#1273,#1274,#676,.T.);
#1618=EDGE_CURVE('',#1236,#1275,#677,.T.);
#1619=EDGE_CURVE('',#1274,#1275,#1045,.T.);
#1620=EDGE_CURVE('',#1238,#1276,#678,.T.);
#1621=EDGE_CURVE('',#1275,#1276,#679,.T.);
#1622=EDGE_CURVE('',#1240,#1277,#680,.T.);
#1623=EDGE_CURVE('',#1276,#1277,#1046,.T.);
#1624=EDGE_CURVE('',#1132,#1278,#681,.T.);
#1625=EDGE_CURVE('',#1277,#1278,#682,.T.);
#1626=EDGE_CURVE('',#1279,#1279,#1047,.T.);
#1627=EDGE_CURVE('',#1280,#1280,#1048,.T.);
#1628=EDGE_CURVE('',#1281,#1281,#1049,.T.);
#1629=EDGE_CURVE('',#1282,#1282,#1050,.T.);
#1630=EDGE_CURVE('',#1283,#1284,#62,.T.);
#1631=EDGE_CURVE('',#1283,#1285,#1051,.T.);
#1632=EDGE_CURVE('',#1285,#1286,#63,.T.);
#1633=EDGE_CURVE('',#1286,#1284,#1052,.T.);
#1634=EDGE_CURVE('',#1156,#1287,#683,.T.);
#1635=EDGE_CURVE('',#1284,#1287,#64,.F.);
#1636=EDGE_CURVE('',#1288,#1286,#65,.T.);
#1637=EDGE_CURVE('',#1117,#1288,#684,.T.);
#1638=EDGE_CURVE('',#1289,#1285,#66,.T.);
#1639=EDGE_CURVE('',#1289,#1290,#685,.T.);
#1640=EDGE_CURVE('',#1290,#1291,#67,.T.);
#1641=EDGE_CURVE('',#1291,#1288,#686,.T.);
#1642=EDGE_CURVE('',#1292,#1291,#1053,.T.);
#1643=EDGE_CURVE('',#1290,#1293,#1054,.T.);
#1644=EDGE_CURVE('',#1293,#1292,#68,.T.);
#1645=EDGE_CURVE('',#1278,#1292,#687,.T.);
#1646=EDGE_CURVE('',#1293,#1294,#688,.T.);
#1647=EDGE_CURVE('',#1294,#1278,#30,.T.);
#1648=EDGE_CURVE('',#1192,#1271,#1055,.T.);
#1649=EDGE_CURVE('',#1270,#1295,#1056,.T.);
#1650=EDGE_CURVE('',#1295,#1192,#1057,.T.);
#1651=EDGE_CURVE('',#1272,#1296,#1058,.T.);
#1652=EDGE_CURVE('',#1296,#1295,#689,.T.);
#1653=EDGE_CURVE('',#1273,#1297,#1059,.T.);
#1654=EDGE_CURVE('',#1297,#1296,#1060,.T.);
#1655=EDGE_CURVE('',#1274,#1298,#1061,.T.);
#1656=EDGE_CURVE('',#1298,#1297,#690,.T.);
#1657=EDGE_CURVE('',#1275,#1299,#1062,.T.);
#1658=EDGE_CURVE('',#1299,#1298,#1063,.T.);
#1659=EDGE_CURVE('',#1276,#1300,#1064,.T.);
#1660=EDGE_CURVE('',#1300,#1299,#691,.T.);
#1661=EDGE_CURVE('',#1277,#1301,#1065,.T.);
#1662=EDGE_CURVE('',#1301,#1300,#1066,.T.);
#1663=EDGE_CURVE('',#1294,#1301,#692,.T.);
#1664=EDGE_CURVE('',#1191,#1197,#1067,.T.);
#1665=EDGE_CURVE('',#1118,#1291,#693,.T.);
#1666=EDGE_CURVE('',#1119,#1292,#694,.T.);
#1667=EDGE_CURVE('',#1302,#1303,#695,.T.);
#1668=EDGE_CURVE('',#1303,#1304,#69,.F.);
#1669=EDGE_CURVE('',#1304,#1305,#696,.T.);
#1670=EDGE_CURVE('',#1305,#1302,#31,.T.);
#1671=EDGE_CURVE('',#1283,#1305,#697,.T.);
#1672=EDGE_CURVE('',#1287,#1302,#698,.T.);
#1673=EDGE_CURVE('',#1303,#1172,#699,.T.);
#1674=EDGE_CURVE('',#1152,#1302,#700,.T.);
#1675=EDGE_CURVE('',#1247,#1152,#701,.T.);
#1676=EDGE_CURVE('',#1265,#1306,#702,.T.);
#1677=EDGE_CURVE('',#1306,#1209,#703,.T.);
#1678=EDGE_CURVE('',#1307,#1307,#1068,.T.);
#1679=EDGE_CURVE('',#1307,#1308,#1069,.T.);
#1680=EDGE_CURVE('',#1308,#1309,#1070,.T.);
#1681=EDGE_CURVE('',#1309,#1308,#1071,.T.);
#1682=EDGE_CURVE('',#1309,#1310,#704,.T.);
#1683=EDGE_CURVE('',#1289,#1310,#1072,.T.);
#1684=EDGE_CURVE('',#1310,#1283,#1073,.T.);
#1685=EDGE_CURVE('',#1311,#1311,#1074,.T.);
#1686=EDGE_CURVE('',#1312,#1312,#1075,.T.);
#1687=EDGE_CURVE('',#1312,#1313,#1076,.T.);
#1688=EDGE_CURVE('',#1313,#1314,#1077,.T.);
#1689=EDGE_CURVE('',#1314,#1313,#1078,.T.);
#1690=EDGE_CURVE('',#1314,#1311,#705,.T.);
#1691=EDGE_CURVE('',#1315,#1316,#706,.T.);
#1692=EDGE_CURVE('',#1317,#1316,#1079,.T.);
#1693=EDGE_CURVE('',#1317,#1318,#707,.T.);
#1694=EDGE_CURVE('',#1319,#1318,#1080,.T.);
#1695=EDGE_CURVE('',#1319,#1320,#708,.T.);
#1696=EDGE_CURVE('',#1321,#1320,#1081,.T.);
#1697=EDGE_CURVE('',#1321,#1322,#709,.T.);
#1698=EDGE_CURVE('',#1315,#1322,#1082,.T.);
#1699=EDGE_CURVE('',#1323,#1324,#1083,.T.);
#1700=EDGE_CURVE('',#1323,#1315,#710,.T.);
#1701=EDGE_CURVE('',#1322,#1324,#711,.T.);
#1702=EDGE_CURVE('',#1325,#1321,#712,.T.);
#1703=EDGE_CURVE('',#1324,#1325,#713,.T.);
#1704=EDGE_CURVE('',#1325,#1326,#1084,.T.);
#1705=EDGE_CURVE('',#1320,#1326,#714,.T.);
#1706=EDGE_CURVE('',#1327,#1319,#715,.T.);
#1707=EDGE_CURVE('',#1326,#1327,#716,.T.);
#1708=EDGE_CURVE('',#1328,#1329,#1085,.T.);
#1709=EDGE_CURVE('',#1328,#1317,#717,.T.);
#1710=EDGE_CURVE('',#1316,#1329,#718,.T.);
#1711=EDGE_CURVE('',#1329,#1323,#719,.T.);
#1712=EDGE_CURVE('',#1327,#1330,#1086,.T.);
#1713=EDGE_CURVE('',#1318,#1330,#720,.T.);
#1714=EDGE_CURVE('',#1330,#1328,#721,.T.);
#1715=EDGE_CURVE('',#1304,#1193,#1087,.T.);
#1716=EDGE_CURVE('',#1331,#1331,#1088,.T.);
#1717=EDGE_CURVE('',#1331,#1332,#1089,.T.);
#1718=EDGE_CURVE('',#1332,#1333,#1090,.T.);
#1719=EDGE_CURVE('',#1333,#1332,#1091,.T.);
#1720=EDGE_CURVE('',#1333,#1334,#722,.T.);
#1721=EDGE_CURVE('',#1334,#1334,#1092,.T.);
#1722=EDGE_CURVE('',#1335,#1335,#1093,.T.);
#1723=EDGE_CURVE('',#1335,#1336,#1094,.T.);
#1724=EDGE_CURVE('',#1336,#1337,#1095,.T.);
#1725=EDGE_CURVE('',#1337,#1336,#1096,.T.);
#1726=EDGE_CURVE('',#1337,#1216,#723,.T.);
#1727=EDGE_CURVE('',#1338,#1338,#1097,.T.);
#1728=EDGE_CURVE('',#1338,#1339,#724,.T.);
#1729=EDGE_CURVE('',#1339,#1339,#1098,.T.);
#1730=EDGE_CURVE('',#1201,#1306,#1099,.T.);
#1731=EDGE_CURVE('',#1266,#1340,#725,.T.);
#1732=EDGE_CURVE('',#1340,#1341,#1100,.T.);
#1733=EDGE_CURVE('',#1341,#1223,#726,.T.);
#1734=EDGE_CURVE('',#1342,#1343,#1101,.T.);
#1735=EDGE_CURVE('',#1343,#1218,#727,.T.);
#1736=EDGE_CURVE('',#1342,#1217,#728,.T.);
#1737=EDGE_CURVE('',#1344,#1345,#729,.T.);
#1738=EDGE_CURVE('',#1345,#1342,#730,.T.);
#1739=EDGE_CURVE('',#1344,#1343,#731,.T.);
#1740=EDGE_CURVE('',#1279,#1346,#732,.T.);
#1741=EDGE_CURVE('',#1346,#1346,#1102,.T.);
#1742=EDGE_CURVE('',#1194,#1347,#733,.T.);
#1743=EDGE_CURVE('',#1268,#1347,#734,.T.);
#1744=EDGE_CURVE('',#1221,#1348,#735,.T.);
#1745=EDGE_CURVE('',#1348,#1204,#736,.T.);
#1746=EDGE_CURVE('',#1347,#1349,#1103,.T.);
#1747=EDGE_CURVE('',#1349,#1348,#737,.T.);
#1748=EDGE_CURVE('',#1280,#1350,#738,.T.);
#1749=EDGE_CURVE('',#1350,#1350,#1104,.T.);
#1750=EDGE_CURVE('',#1242,#1351,#739,.T.);
#1751=EDGE_CURVE('',#1351,#1352,#1105,.T.);
#1752=EDGE_CURVE('',#1243,#1352,#740,.T.);
#1753=EDGE_CURVE('',#1341,#1351,#741,.T.);
#1754=EDGE_CURVE('',#1352,#1340,#742,.T.);
#1755=EDGE_CURVE('',#1353,#1248,#743,.T.);
#1756=EDGE_CURVE('',#1353,#1354,#744,.T.);
#1757=EDGE_CURVE('',#1253,#1354,#745,.T.);
#1758=EDGE_CURVE('',#1354,#1162,#1106,.T.);
#1759=EDGE_CURVE('',#1163,#1353,#746,.T.);
#1760=EDGE_CURVE('',#1281,#1355,#747,.T.);
#1761=EDGE_CURVE('',#1355,#1355,#1107,.T.);
#1762=EDGE_CURVE('',#1282,#1356,#748,.T.);
#1763=EDGE_CURVE('',#1356,#1356,#1108,.T.);
#1764=EDGE_CURVE('',#1348,#1345,#749,.T.);
#1765=EDGE_CURVE('',#1349,#1344,#750,.T.);
#1766=ORIENTED_EDGE('',*,*,#1357,.F.);
#1767=ORIENTED_EDGE('',*,*,#1358,.F.);
#1768=ORIENTED_EDGE('',*,*,#1359,.F.);
#1769=ORIENTED_EDGE('',*,*,#1360,.T.);
#1770=ORIENTED_EDGE('',*,*,#1361,.F.);
#1771=ORIENTED_EDGE('',*,*,#1362,.F.);
#1772=ORIENTED_EDGE('',*,*,#1363,.F.);
#1773=ORIENTED_EDGE('',*,*,#1364,.T.);
#1774=ORIENTED_EDGE('',*,*,#1365,.T.);
#1775=ORIENTED_EDGE('',*,*,#1366,.T.);
#1776=ORIENTED_EDGE('',*,*,#1367,.T.);
#1777=ORIENTED_EDGE('',*,*,#1368,.F.);
#1778=ORIENTED_EDGE('',*,*,#1369,.F.);
#1779=ORIENTED_EDGE('',*,*,#1370,.T.);
#1780=ORIENTED_EDGE('',*,*,#1371,.T.);
#1781=ORIENTED_EDGE('',*,*,#1370,.F.);
#1782=ORIENTED_EDGE('',*,*,#1372,.F.);
#1783=ORIENTED_EDGE('',*,*,#1373,.T.);
#1784=ORIENTED_EDGE('',*,*,#1374,.T.);
#1785=ORIENTED_EDGE('',*,*,#1359,.T.);
#1786=ORIENTED_EDGE('',*,*,#1375,.T.);
#1787=ORIENTED_EDGE('',*,*,#1358,.T.);
#1788=ORIENTED_EDGE('',*,*,#1376,.T.);
#1789=ORIENTED_EDGE('',*,*,#1377,.T.);
#1790=ORIENTED_EDGE('',*,*,#1375,.F.);
#1791=ORIENTED_EDGE('',*,*,#1369,.T.);
#1792=ORIENTED_EDGE('',*,*,#1378,.T.);
#1793=ORIENTED_EDGE('',*,*,#1379,.T.);
#1794=ORIENTED_EDGE('',*,*,#1376,.F.);
#1795=ORIENTED_EDGE('',*,*,#1357,.T.);
#1796=ORIENTED_EDGE('',*,*,#1380,.F.);
#1797=ORIENTED_EDGE('',*,*,#1381,.T.);
#1798=ORIENTED_EDGE('',*,*,#1382,.T.);
#1799=ORIENTED_EDGE('',*,*,#1383,.T.);
#1800=ORIENTED_EDGE('',*,*,#1378,.F.);
#1801=ORIENTED_EDGE('',*,*,#1372,.T.);
#1802=ORIENTED_EDGE('',*,*,#1384,.T.);
#1803=ORIENTED_EDGE('',*,*,#1385,.T.);
#1804=ORIENTED_EDGE('',*,*,#1386,.T.);
#1805=ORIENTED_EDGE('',*,*,#1382,.F.);
#1806=ORIENTED_EDGE('',*,*,#1373,.F.);
#1807=ORIENTED_EDGE('',*,*,#1387,.F.);
#1808=ORIENTED_EDGE('',*,*,#1388,.F.);
#1809=ORIENTED_EDGE('',*,*,#1389,.T.);
#1810=ORIENTED_EDGE('',*,*,#1377,.F.);
#1811=ORIENTED_EDGE('',*,*,#1390,.F.);
#1812=ORIENTED_EDGE('',*,*,#1391,.F.);
#1813=ORIENTED_EDGE('',*,*,#1387,.T.);
#1814=ORIENTED_EDGE('',*,*,#1383,.F.);
#1815=ORIENTED_EDGE('',*,*,#1392,.F.);
#1816=ORIENTED_EDGE('',*,*,#1393,.F.);
#1817=ORIENTED_EDGE('',*,*,#1390,.T.);
#1818=ORIENTED_EDGE('',*,*,#1379,.F.);
#1819=ORIENTED_EDGE('',*,*,#1386,.F.);
#1820=ORIENTED_EDGE('',*,*,#1394,.F.);
#1821=ORIENTED_EDGE('',*,*,#1395,.F.);
#1822=ORIENTED_EDGE('',*,*,#1392,.T.);
#1823=ORIENTED_EDGE('',*,*,#1396,.T.);
#1824=ORIENTED_EDGE('',*,*,#1361,.T.);
#1825=ORIENTED_EDGE('',*,*,#1397,.T.);
#1826=ORIENTED_EDGE('',*,*,#1398,.T.);
#1827=ORIENTED_EDGE('',*,*,#1399,.T.);
#1828=ORIENTED_EDGE('',*,*,#1362,.T.);
#1829=ORIENTED_EDGE('',*,*,#1396,.F.);
#1830=ORIENTED_EDGE('',*,*,#1400,.T.);
#1831=ORIENTED_EDGE('',*,*,#1401,.T.);
#1832=ORIENTED_EDGE('',*,*,#1363,.T.);
#1833=ORIENTED_EDGE('',*,*,#1399,.F.);
#1834=ORIENTED_EDGE('',*,*,#1402,.T.);
#1835=ORIENTED_EDGE('',*,*,#1402,.F.);
#1836=ORIENTED_EDGE('',*,*,#1403,.F.);
#1837=ORIENTED_EDGE('',*,*,#1404,.F.);
#1838=ORIENTED_EDGE('',*,*,#1405,.T.);
#1839=ORIENTED_EDGE('',*,*,#1400,.F.);
#1840=ORIENTED_EDGE('',*,*,#1406,.F.);
#1841=ORIENTED_EDGE('',*,*,#1407,.F.);
#1842=ORIENTED_EDGE('',*,*,#1403,.T.);
#1843=ORIENTED_EDGE('',*,*,#1398,.F.);
#1844=ORIENTED_EDGE('',*,*,#1408,.F.);
#1845=ORIENTED_EDGE('',*,*,#1409,.F.);
#1846=ORIENTED_EDGE('',*,*,#1406,.T.);
#1847=ORIENTED_EDGE('',*,*,#1368,.T.);
#1848=ORIENTED_EDGE('',*,*,#1410,.T.);
#1849=ORIENTED_EDGE('',*,*,#1411,.T.);
#1850=ORIENTED_EDGE('',*,*,#1410,.F.);
#1851=ORIENTED_EDGE('',*,*,#1411,.F.);
#1852=ORIENTED_EDGE('',*,*,#1412,.T.);
#1853=ORIENTED_EDGE('',*,*,#1413,.T.);
#1854=ORIENTED_EDGE('',*,*,#1412,.F.);
#1855=ORIENTED_EDGE('',*,*,#1381,.F.);
#1856=ORIENTED_EDGE('',*,*,#1414,.T.);
#1857=ORIENTED_EDGE('',*,*,#1384,.F.);
#1858=ORIENTED_EDGE('',*,*,#1415,.T.);
#1859=ORIENTED_EDGE('',*,*,#1416,.T.);
#1860=ORIENTED_EDGE('',*,*,#1417,.T.);
#1861=ORIENTED_EDGE('',*,*,#1416,.F.);
#1862=ORIENTED_EDGE('',*,*,#1417,.F.);
#1863=ORIENTED_EDGE('',*,*,#1418,.T.);
#1864=ORIENTED_EDGE('',*,*,#1419,.T.);
#1865=ORIENTED_EDGE('',*,*,#1418,.F.);
#1866=ORIENTED_EDGE('',*,*,#1420,.T.);
#1867=ORIENTED_EDGE('',*,*,#1421,.T.);
#1868=ORIENTED_EDGE('',*,*,#1422,.F.);
#1869=ORIENTED_EDGE('',*,*,#1423,.F.);
#1870=ORIENTED_EDGE('',*,*,#1424,.F.);
#1871=ORIENTED_EDGE('',*,*,#1415,.F.);
#1872=ORIENTED_EDGE('',*,*,#1425,.F.);
#1873=ORIENTED_EDGE('',*,*,#1426,.T.);
#1874=ORIENTED_EDGE('',*,*,#1427,.T.);
#1875=ORIENTED_EDGE('',*,*,#1422,.T.);
#1876=ORIENTED_EDGE('',*,*,#1428,.T.);
#1877=ORIENTED_EDGE('',*,*,#1423,.T.);
#1878=ORIENTED_EDGE('',*,*,#1427,.F.);
#1879=ORIENTED_EDGE('',*,*,#1429,.T.);
#1880=ORIENTED_EDGE('',*,*,#1430,.T.);
#1881=ORIENTED_EDGE('',*,*,#1424,.T.);
#1882=ORIENTED_EDGE('',*,*,#1428,.F.);
#1883=ORIENTED_EDGE('',*,*,#1431,.T.);
#1884=ORIENTED_EDGE('',*,*,#1431,.F.);
#1885=ORIENTED_EDGE('',*,*,#1432,.F.);
#1886=ORIENTED_EDGE('',*,*,#1433,.F.);
#1887=ORIENTED_EDGE('',*,*,#1434,.T.);
#1888=ORIENTED_EDGE('',*,*,#1435,.T.);
#1889=ORIENTED_EDGE('',*,*,#1436,.T.);
#1890=ORIENTED_EDGE('',*,*,#1429,.F.);
#1891=ORIENTED_EDGE('',*,*,#1437,.F.);
#1892=ORIENTED_EDGE('',*,*,#1438,.F.);
#1893=ORIENTED_EDGE('',*,*,#1432,.T.);
#1894=ORIENTED_EDGE('',*,*,#1426,.F.);
#1895=ORIENTED_EDGE('',*,*,#1439,.F.);
#1896=ORIENTED_EDGE('',*,*,#1440,.F.);
#1897=ORIENTED_EDGE('',*,*,#1437,.T.);
#1898=ORIENTED_EDGE('',*,*,#1441,.F.);
#1899=ORIENTED_EDGE('',*,*,#1442,.T.);
#1900=ORIENTED_EDGE('',*,*,#1443,.F.);
#1901=ORIENTED_EDGE('',*,*,#1442,.F.);
#1902=ORIENTED_EDGE('',*,*,#1444,.F.);
#1903=ORIENTED_EDGE('',*,*,#1445,.T.);
#1904=ORIENTED_EDGE('',*,*,#1446,.F.);
#1905=ORIENTED_EDGE('',*,*,#1445,.F.);
#1906=ORIENTED_EDGE('',*,*,#1447,.F.);
#1907=ORIENTED_EDGE('',*,*,#1448,.T.);
#1908=ORIENTED_EDGE('',*,*,#1449,.F.);
#1909=ORIENTED_EDGE('',*,*,#1448,.F.);
#1910=ORIENTED_EDGE('',*,*,#1450,.T.);
#1911=ORIENTED_EDGE('',*,*,#1451,.T.);
#1912=ORIENTED_EDGE('',*,*,#1452,.T.);
#1913=ORIENTED_EDGE('',*,*,#1453,.T.);
#1914=ORIENTED_EDGE('',*,*,#1454,.T.);
#1915=ORIENTED_EDGE('',*,*,#1455,.T.);
#1916=ORIENTED_EDGE('',*,*,#1456,.T.);
#1917=ORIENTED_EDGE('',*,*,#1457,.T.);
#1918=ORIENTED_EDGE('',*,*,#1458,.T.);
#1919=ORIENTED_EDGE('',*,*,#1459,.T.);
#1920=ORIENTED_EDGE('',*,*,#1455,.F.);
#1921=ORIENTED_EDGE('',*,*,#1460,.T.);
#1922=ORIENTED_EDGE('',*,*,#1461,.T.);
#1923=ORIENTED_EDGE('',*,*,#1458,.F.);
#1924=ORIENTED_EDGE('',*,*,#1462,.T.);
#1925=ORIENTED_EDGE('',*,*,#1453,.F.);
#1926=ORIENTED_EDGE('',*,*,#1463,.T.);
#1927=ORIENTED_EDGE('',*,*,#1464,.T.);
#1928=ORIENTED_EDGE('',*,*,#1465,.T.);
#1929=ORIENTED_EDGE('',*,*,#1457,.F.);
#1930=ORIENTED_EDGE('',*,*,#1466,.T.);
#1931=ORIENTED_EDGE('',*,*,#1451,.F.);
#1932=ORIENTED_EDGE('',*,*,#1467,.T.);
#1933=ORIENTED_EDGE('',*,*,#1468,.T.);
#1934=ORIENTED_EDGE('',*,*,#1469,.T.);
#1935=ORIENTED_EDGE('',*,*,#1468,.F.);
#1936=ORIENTED_EDGE('',*,*,#1470,.T.);
#1937=ORIENTED_EDGE('',*,*,#1471,.F.);
#1938=ORIENTED_EDGE('',*,*,#1472,.T.);
#1939=ORIENTED_EDGE('',*,*,#1473,.T.);
#1940=ORIENTED_EDGE('',*,*,#1464,.F.);
#1941=ORIENTED_EDGE('',*,*,#1474,.F.);
#1942=ORIENTED_EDGE('',*,*,#1475,.T.);
#1943=ORIENTED_EDGE('',*,*,#1472,.F.);
#1944=ORIENTED_EDGE('',*,*,#1460,.F.);
#1945=ORIENTED_EDGE('',*,*,#1476,.F.);
#1946=ORIENTED_EDGE('',*,*,#1477,.T.);
#1947=ORIENTED_EDGE('',*,*,#1478,.T.);
#1948=ORIENTED_EDGE('',*,*,#1479,.T.);
#1949=ORIENTED_EDGE('',*,*,#1480,.T.);
#1950=ORIENTED_EDGE('',*,*,#1454,.F.);
#1951=ORIENTED_EDGE('',*,*,#1481,.F.);
#1952=ORIENTED_EDGE('',*,*,#1482,.F.);
#1953=ORIENTED_EDGE('',*,*,#1483,.F.);
#1954=ORIENTED_EDGE('',*,*,#1484,.T.);
#1955=ORIENTED_EDGE('',*,*,#1485,.F.);
#1956=ORIENTED_EDGE('',*,*,#1476,.T.);
#1957=ORIENTED_EDGE('',*,*,#1465,.F.);
#1958=ORIENTED_EDGE('',*,*,#1473,.F.);
#1959=ORIENTED_EDGE('',*,*,#1486,.F.);
#1960=ORIENTED_EDGE('',*,*,#1487,.T.);
#1961=ORIENTED_EDGE('',*,*,#1488,.T.);
#1962=ORIENTED_EDGE('',*,*,#1489,.T.);
#1963=ORIENTED_EDGE('',*,*,#1490,.F.);
#1964=ORIENTED_EDGE('',*,*,#1491,.F.);
#1965=ORIENTED_EDGE('',*,*,#1492,.T.);
#1966=ORIENTED_EDGE('',*,*,#1493,.T.);
#1967=ORIENTED_EDGE('',*,*,#1481,.T.);
#1968=ORIENTED_EDGE('',*,*,#1475,.F.);
#1969=ORIENTED_EDGE('',*,*,#1494,.T.);
#1970=ORIENTED_EDGE('',*,*,#1495,.F.);
#1971=ORIENTED_EDGE('',*,*,#1486,.T.);
#1972=ORIENTED_EDGE('',*,*,#1496,.T.);
#1973=ORIENTED_EDGE('',*,*,#1497,.T.);
#1974=ORIENTED_EDGE('',*,*,#1498,.T.);
#1975=ORIENTED_EDGE('',*,*,#1499,.T.);
#1976=ORIENTED_EDGE('',*,*,#1500,.T.);
#1977=ORIENTED_EDGE('',*,*,#1501,.T.);
#1978=ORIENTED_EDGE('',*,*,#1499,.F.);
#1979=ORIENTED_EDGE('',*,*,#1502,.T.);
#1980=ORIENTED_EDGE('',*,*,#1503,.T.);
#1981=ORIENTED_EDGE('',*,*,#1504,.T.);
#1982=ORIENTED_EDGE('',*,*,#1503,.F.);
#1983=ORIENTED_EDGE('',*,*,#1505,.T.);
#1984=ORIENTED_EDGE('',*,*,#1488,.F.);
#1985=ORIENTED_EDGE('',*,*,#1506,.T.);
#1986=ORIENTED_EDGE('',*,*,#1507,.T.);
#1987=ORIENTED_EDGE('',*,*,#1496,.F.);
#1988=ORIENTED_EDGE('',*,*,#1487,.F.);
#1989=ORIENTED_EDGE('',*,*,#1495,.T.);
#1990=ORIENTED_EDGE('',*,*,#1506,.F.);
#1991=ORIENTED_EDGE('',*,*,#1470,.F.);
#1992=ORIENTED_EDGE('',*,*,#1508,.T.);
#1993=ORIENTED_EDGE('',*,*,#1505,.F.);
#1994=ORIENTED_EDGE('',*,*,#1509,.T.);
#1995=ORIENTED_EDGE('',*,*,#1510,.F.);
#1996=ORIENTED_EDGE('',*,*,#1511,.T.);
#1997=ORIENTED_EDGE('',*,*,#1497,.F.);
#1998=ORIENTED_EDGE('',*,*,#1507,.F.);
#1999=ORIENTED_EDGE('',*,*,#1494,.F.);
#2000=ORIENTED_EDGE('',*,*,#1474,.T.);
#2001=ORIENTED_EDGE('',*,*,#1471,.T.);
#2002=ORIENTED_EDGE('',*,*,#1512,.F.);
#2003=ORIENTED_EDGE('',*,*,#1466,.F.);
#2004=ORIENTED_EDGE('',*,*,#1469,.F.);
#2005=ORIENTED_EDGE('',*,*,#1509,.F.);
#2006=ORIENTED_EDGE('',*,*,#1502,.F.);
#2007=ORIENTED_EDGE('',*,*,#1498,.F.);
#2008=ORIENTED_EDGE('',*,*,#1511,.F.);
#2009=ORIENTED_EDGE('',*,*,#1513,.F.);
#2010=ORIENTED_EDGE('',*,*,#1514,.T.);
#2011=ORIENTED_EDGE('',*,*,#1515,.T.);
#2012=ORIENTED_EDGE('',*,*,#1513,.T.);
#2013=ORIENTED_EDGE('',*,*,#1510,.T.);
#2014=ORIENTED_EDGE('',*,*,#1515,.F.);
#2015=ORIENTED_EDGE('',*,*,#1514,.F.);
#2016=ORIENTED_EDGE('',*,*,#1516,.T.);
#2017=ORIENTED_EDGE('',*,*,#1517,.T.);
#2018=ORIENTED_EDGE('',*,*,#1518,.T.);
#2019=ORIENTED_EDGE('',*,*,#1519,.T.);
#2020=ORIENTED_EDGE('',*,*,#1520,.T.);
#2021=ORIENTED_EDGE('',*,*,#1521,.T.);
#2022=ORIENTED_EDGE('',*,*,#1522,.T.);
#2023=ORIENTED_EDGE('',*,*,#1523,.T.);
#2024=ORIENTED_EDGE('',*,*,#1524,.T.);
#2025=ORIENTED_EDGE('',*,*,#1525,.T.);
#2026=ORIENTED_EDGE('',*,*,#1526,.T.);
#2027=ORIENTED_EDGE('',*,*,#1527,.T.);
#2028=ORIENTED_EDGE('',*,*,#1528,.T.);
#2029=ORIENTED_EDGE('',*,*,#1483,.T.);
#2030=ORIENTED_EDGE('',*,*,#1529,.T.);
#2031=ORIENTED_EDGE('',*,*,#1530,.T.);
#2032=ORIENTED_EDGE('',*,*,#1531,.T.);
#2033=ORIENTED_EDGE('',*,*,#1528,.F.);
#2034=ORIENTED_EDGE('',*,*,#1532,.T.);
#2035=ORIENTED_EDGE('',*,*,#1533,.T.);
#2036=ORIENTED_EDGE('',*,*,#1534,.T.);
#2037=ORIENTED_EDGE('',*,*,#1530,.F.);
#2038=ORIENTED_EDGE('',*,*,#1535,.T.);
#2039=ORIENTED_EDGE('',*,*,#1536,.T.);
#2040=ORIENTED_EDGE('',*,*,#1537,.T.);
#2041=ORIENTED_EDGE('',*,*,#1533,.F.);
#2042=ORIENTED_EDGE('',*,*,#1538,.T.);
#2043=ORIENTED_EDGE('',*,*,#1539,.T.);
#2044=ORIENTED_EDGE('',*,*,#1540,.T.);
#2045=ORIENTED_EDGE('',*,*,#1536,.F.);
#2046=ORIENTED_EDGE('',*,*,#1541,.T.);
#2047=ORIENTED_EDGE('',*,*,#1542,.T.);
#2048=ORIENTED_EDGE('',*,*,#1543,.T.);
#2049=ORIENTED_EDGE('',*,*,#1539,.F.);
#2050=ORIENTED_EDGE('',*,*,#1544,.T.);
#2051=ORIENTED_EDGE('',*,*,#1545,.T.);
#2052=ORIENTED_EDGE('',*,*,#1546,.T.);
#2053=ORIENTED_EDGE('',*,*,#1542,.F.);
#2054=ORIENTED_EDGE('',*,*,#1547,.T.);
#2055=ORIENTED_EDGE('',*,*,#1548,.T.);
#2056=ORIENTED_EDGE('',*,*,#1549,.T.);
#2057=ORIENTED_EDGE('',*,*,#1545,.F.);
#2058=ORIENTED_EDGE('',*,*,#1550,.T.);
#2059=ORIENTED_EDGE('',*,*,#1551,.T.);
#2060=ORIENTED_EDGE('',*,*,#1548,.F.);
#2061=ORIENTED_EDGE('',*,*,#1552,.T.);
#2062=ORIENTED_EDGE('',*,*,#1553,.T.);
#2063=ORIENTED_EDGE('',*,*,#1554,.T.);
#2064=ORIENTED_EDGE('',*,*,#1555,.T.);
#2065=ORIENTED_EDGE('',*,*,#1556,.T.);
#2066=ORIENTED_EDGE('',*,*,#1557,.T.);
#2067=ORIENTED_EDGE('',*,*,#1558,.T.);
#2068=ORIENTED_EDGE('',*,*,#1559,.T.);
#2069=ORIENTED_EDGE('',*,*,#1395,.T.);
#2070=ORIENTED_EDGE('',*,*,#1553,.F.);
#2071=ORIENTED_EDGE('',*,*,#1560,.T.);
#2072=ORIENTED_EDGE('',*,*,#1561,.T.);
#2073=ORIENTED_EDGE('',*,*,#1562,.T.);
#2074=ORIENTED_EDGE('',*,*,#1563,.T.);
#2075=ORIENTED_EDGE('',*,*,#1564,.T.);
#2076=ORIENTED_EDGE('',*,*,#1565,.T.);
#2077=ORIENTED_EDGE('',*,*,#1388,.T.);
#2078=ORIENTED_EDGE('',*,*,#1566,.T.);
#2079=ORIENTED_EDGE('',*,*,#1567,.T.);
#2080=ORIENTED_EDGE('',*,*,#1568,.T.);
#2081=ORIENTED_EDGE('',*,*,#1569,.T.);
#2082=ORIENTED_EDGE('',*,*,#1561,.F.);
#2083=ORIENTED_EDGE('',*,*,#1570,.T.);
#2084=ORIENTED_EDGE('',*,*,#1571,.T.);
#2085=ORIENTED_EDGE('',*,*,#1572,.T.);
#2086=ORIENTED_EDGE('',*,*,#1568,.F.);
#2087=ORIENTED_EDGE('',*,*,#1573,.T.);
#2088=ORIENTED_EDGE('',*,*,#1574,.T.);
#2089=ORIENTED_EDGE('',*,*,#1571,.F.);
#2090=ORIENTED_EDGE('',*,*,#1433,.T.);
#2091=ORIENTED_EDGE('',*,*,#1575,.T.);
#2092=ORIENTED_EDGE('',*,*,#1576,.T.);
#2093=ORIENTED_EDGE('',*,*,#1573,.F.);
#2094=ORIENTED_EDGE('',*,*,#1438,.T.);
#2095=ORIENTED_EDGE('',*,*,#1577,.T.);
#2096=ORIENTED_EDGE('',*,*,#1575,.F.);
#2097=ORIENTED_EDGE('',*,*,#1440,.T.);
#2098=ORIENTED_EDGE('',*,*,#1578,.T.);
#2099=ORIENTED_EDGE('',*,*,#1404,.T.);
#2100=ORIENTED_EDGE('',*,*,#1579,.T.);
#2101=ORIENTED_EDGE('',*,*,#1580,.T.);
#2102=ORIENTED_EDGE('',*,*,#1581,.T.);
#2103=ORIENTED_EDGE('',*,*,#1582,.T.);
#2104=ORIENTED_EDGE('',*,*,#1581,.F.);
#2105=ORIENTED_EDGE('',*,*,#1583,.T.);
#2106=ORIENTED_EDGE('',*,*,#1578,.F.);
#2107=ORIENTED_EDGE('',*,*,#1584,.T.);
#2108=ORIENTED_EDGE('',*,*,#1585,.T.);
#2109=ORIENTED_EDGE('',*,*,#1579,.F.);
#2110=ORIENTED_EDGE('',*,*,#1407,.T.);
#2111=ORIENTED_EDGE('',*,*,#1586,.T.);
#2112=ORIENTED_EDGE('',*,*,#1584,.F.);
#2113=ORIENTED_EDGE('',*,*,#1409,.T.);
#2114=ORIENTED_EDGE('',*,*,#1587,.T.);
#2115=ORIENTED_EDGE('',*,*,#1588,.T.);
#2116=ORIENTED_EDGE('',*,*,#1587,.F.);
#2117=ORIENTED_EDGE('',*,*,#1589,.T.);
#2118=ORIENTED_EDGE('',*,*,#1565,.F.);
#2119=ORIENTED_EDGE('',*,*,#1590,.T.);
#2120=ORIENTED_EDGE('',*,*,#1566,.F.);
#2121=ORIENTED_EDGE('',*,*,#1391,.T.);
#2122=ORIENTED_EDGE('',*,*,#1591,.T.);
#2123=ORIENTED_EDGE('',*,*,#1592,.T.);
#2124=ORIENTED_EDGE('',*,*,#1593,.T.);
#2125=ORIENTED_EDGE('',*,*,#1594,.T.);
#2126=ORIENTED_EDGE('',*,*,#1563,.F.);
#2127=ORIENTED_EDGE('',*,*,#1595,.T.);
#2128=ORIENTED_EDGE('',*,*,#1593,.F.);
#2129=ORIENTED_EDGE('',*,*,#1596,.T.);
#2130=ORIENTED_EDGE('',*,*,#1597,.T.);
#2131=ORIENTED_EDGE('',*,*,#1598,.T.);
#2132=ORIENTED_EDGE('',*,*,#1591,.F.);
#2133=ORIENTED_EDGE('',*,*,#1393,.T.);
#2134=ORIENTED_EDGE('',*,*,#1559,.F.);
#2135=ORIENTED_EDGE('',*,*,#1599,.T.);
#2136=ORIENTED_EDGE('',*,*,#1597,.F.);
#2137=ORIENTED_EDGE('',*,*,#1600,.T.);
#2138=ORIENTED_EDGE('',*,*,#1555,.F.);
#2139=ORIENTED_EDGE('',*,*,#1601,.T.);
#2140=ORIENTED_EDGE('',*,*,#1557,.F.);
#2141=ORIENTED_EDGE('',*,*,#1602,.T.);
#2142=ORIENTED_EDGE('',*,*,#1525,.F.);
#2143=ORIENTED_EDGE('',*,*,#1603,.T.);
#2144=ORIENTED_EDGE('',*,*,#1604,.T.);
#2145=ORIENTED_EDGE('',*,*,#1605,.T.);
#2146=ORIENTED_EDGE('',*,*,#1529,.F.);
#2147=ORIENTED_EDGE('',*,*,#1520,.F.);
#2148=ORIENTED_EDGE('',*,*,#1606,.T.);
#2149=ORIENTED_EDGE('',*,*,#1604,.F.);
#2150=ORIENTED_EDGE('',*,*,#1607,.T.);
#2151=ORIENTED_EDGE('',*,*,#1491,.T.);
#2152=ORIENTED_EDGE('',*,*,#1523,.F.);
#2153=ORIENTED_EDGE('',*,*,#1608,.T.);
#2154=ORIENTED_EDGE('',*,*,#1522,.F.);
#2155=ORIENTED_EDGE('',*,*,#1531,.F.);
#2156=ORIENTED_EDGE('',*,*,#1609,.T.);
#2157=ORIENTED_EDGE('',*,*,#1610,.F.);
#2158=ORIENTED_EDGE('',*,*,#1611,.F.);
#2159=ORIENTED_EDGE('',*,*,#1484,.F.);
#2160=ORIENTED_EDGE('',*,*,#1534,.F.);
#2161=ORIENTED_EDGE('',*,*,#1612,.T.);
#2162=ORIENTED_EDGE('',*,*,#1613,.F.);
#2163=ORIENTED_EDGE('',*,*,#1609,.F.);
#2164=ORIENTED_EDGE('',*,*,#1537,.F.);
#2165=ORIENTED_EDGE('',*,*,#1614,.T.);
#2166=ORIENTED_EDGE('',*,*,#1615,.F.);
#2167=ORIENTED_EDGE('',*,*,#1612,.F.);
#2168=ORIENTED_EDGE('',*,*,#1540,.F.);
#2169=ORIENTED_EDGE('',*,*,#1616,.T.);
#2170=ORIENTED_EDGE('',*,*,#1617,.F.);
#2171=ORIENTED_EDGE('',*,*,#1614,.F.);
#2172=ORIENTED_EDGE('',*,*,#1543,.F.);
#2173=ORIENTED_EDGE('',*,*,#1618,.T.);
#2174=ORIENTED_EDGE('',*,*,#1619,.F.);
#2175=ORIENTED_EDGE('',*,*,#1616,.F.);
#2176=ORIENTED_EDGE('',*,*,#1546,.F.);
#2177=ORIENTED_EDGE('',*,*,#1620,.T.);
#2178=ORIENTED_EDGE('',*,*,#1621,.F.);
#2179=ORIENTED_EDGE('',*,*,#1618,.F.);
#2180=ORIENTED_EDGE('',*,*,#1549,.F.);
#2181=ORIENTED_EDGE('',*,*,#1622,.T.);
#2182=ORIENTED_EDGE('',*,*,#1623,.F.);
#2183=ORIENTED_EDGE('',*,*,#1620,.F.);
#2184=ORIENTED_EDGE('',*,*,#1551,.F.);
#2185=ORIENTED_EDGE('',*,*,#1394,.T.);
#2186=ORIENTED_EDGE('',*,*,#1624,.T.);
#2187=ORIENTED_EDGE('',*,*,#1625,.F.);
#2188=ORIENTED_EDGE('',*,*,#1622,.F.);
#2189=ORIENTED_EDGE('',*,*,#1589,.F.);
#2190=ORIENTED_EDGE('',*,*,#1408,.T.);
#2191=ORIENTED_EDGE('',*,*,#1397,.F.);
#2192=ORIENTED_EDGE('',*,*,#1360,.F.);
#2193=ORIENTED_EDGE('',*,*,#1374,.F.);
#2194=ORIENTED_EDGE('',*,*,#1389,.F.);
#2195=ORIENTED_EDGE('',*,*,#1580,.F.);
#2196=ORIENTED_EDGE('',*,*,#1585,.F.);
#2197=ORIENTED_EDGE('',*,*,#1586,.F.);
#2198=ORIENTED_EDGE('',*,*,#1588,.F.);
#2199=ORIENTED_EDGE('',*,*,#1564,.F.);
#2200=ORIENTED_EDGE('',*,*,#1590,.F.);
#2201=ORIENTED_EDGE('',*,*,#1598,.F.);
#2202=ORIENTED_EDGE('',*,*,#1558,.F.);
#2203=ORIENTED_EDGE('',*,*,#1552,.F.);
#2204=ORIENTED_EDGE('',*,*,#1550,.F.);
#2205=ORIENTED_EDGE('',*,*,#1547,.F.);
#2206=ORIENTED_EDGE('',*,*,#1544,.F.);
#2207=ORIENTED_EDGE('',*,*,#1541,.F.);
#2208=ORIENTED_EDGE('',*,*,#1538,.F.);
#2209=ORIENTED_EDGE('',*,*,#1535,.F.);
#2210=ORIENTED_EDGE('',*,*,#1532,.F.);
#2211=ORIENTED_EDGE('',*,*,#1527,.F.);
#2212=ORIENTED_EDGE('',*,*,#1605,.F.);
#2213=ORIENTED_EDGE('',*,*,#1606,.F.);
#2214=ORIENTED_EDGE('',*,*,#1519,.F.);
#2215=ORIENTED_EDGE('',*,*,#1608,.F.);
#2216=ORIENTED_EDGE('',*,*,#1526,.F.);
#2217=ORIENTED_EDGE('',*,*,#1602,.F.);
#2218=ORIENTED_EDGE('',*,*,#1556,.F.);
#2219=ORIENTED_EDGE('',*,*,#1600,.F.);
#2220=ORIENTED_EDGE('',*,*,#1596,.F.);
#2221=ORIENTED_EDGE('',*,*,#1592,.F.);
#2222=ORIENTED_EDGE('',*,*,#1562,.F.);
#2223=ORIENTED_EDGE('',*,*,#1569,.F.);
#2224=ORIENTED_EDGE('',*,*,#1572,.F.);
#2225=ORIENTED_EDGE('',*,*,#1574,.F.);
#2226=ORIENTED_EDGE('',*,*,#1576,.F.);
#2227=ORIENTED_EDGE('',*,*,#1577,.F.);
#2228=ORIENTED_EDGE('',*,*,#1583,.F.);
#2229=ORIENTED_EDGE('',*,*,#1626,.T.);
#2230=ORIENTED_EDGE('',*,*,#1627,.T.);
#2231=ORIENTED_EDGE('',*,*,#1628,.T.);
#2232=ORIENTED_EDGE('',*,*,#1629,.T.);
#2233=ORIENTED_EDGE('',*,*,#1630,.F.);
#2234=ORIENTED_EDGE('',*,*,#1631,.T.);
#2235=ORIENTED_EDGE('',*,*,#1632,.T.);
#2236=ORIENTED_EDGE('',*,*,#1633,.T.);
#2237=ORIENTED_EDGE('',*,*,#1582,.F.);
#2238=ORIENTED_EDGE('',*,*,#1439,.T.);
#2239=ORIENTED_EDGE('',*,*,#1634,.T.);
#2240=ORIENTED_EDGE('',*,*,#1635,.F.);
#2241=ORIENTED_EDGE('',*,*,#1633,.F.);
#2242=ORIENTED_EDGE('',*,*,#1636,.F.);
#2243=ORIENTED_EDGE('',*,*,#1637,.F.);
#2244=ORIENTED_EDGE('',*,*,#1364,.F.);
#2245=ORIENTED_EDGE('',*,*,#1401,.F.);
#2246=ORIENTED_EDGE('',*,*,#1405,.F.);
#2247=ORIENTED_EDGE('',*,*,#1632,.F.);
#2248=ORIENTED_EDGE('',*,*,#1638,.F.);
#2249=ORIENTED_EDGE('',*,*,#1639,.T.);
#2250=ORIENTED_EDGE('',*,*,#1640,.T.);
#2251=ORIENTED_EDGE('',*,*,#1641,.T.);
#2252=ORIENTED_EDGE('',*,*,#1636,.T.);
#2253=ORIENTED_EDGE('',*,*,#1642,.T.);
#2254=ORIENTED_EDGE('',*,*,#1640,.F.);
#2255=ORIENTED_EDGE('',*,*,#1643,.T.);
#2256=ORIENTED_EDGE('',*,*,#1644,.T.);
#2257=ORIENTED_EDGE('',*,*,#1645,.T.);
#2258=ORIENTED_EDGE('',*,*,#1644,.F.);
#2259=ORIENTED_EDGE('',*,*,#1646,.T.);
#2260=ORIENTED_EDGE('',*,*,#1647,.T.);
#2261=ORIENTED_EDGE('',*,*,#1648,.T.);
#2262=ORIENTED_EDGE('',*,*,#1610,.T.);
#2263=ORIENTED_EDGE('',*,*,#1649,.T.);
#2264=ORIENTED_EDGE('',*,*,#1650,.T.);
#2265=ORIENTED_EDGE('',*,*,#1651,.T.);
#2266=ORIENTED_EDGE('',*,*,#1652,.T.);
#2267=ORIENTED_EDGE('',*,*,#1649,.F.);
#2268=ORIENTED_EDGE('',*,*,#1613,.T.);
#2269=ORIENTED_EDGE('',*,*,#1653,.T.);
#2270=ORIENTED_EDGE('',*,*,#1654,.T.);
#2271=ORIENTED_EDGE('',*,*,#1651,.F.);
#2272=ORIENTED_EDGE('',*,*,#1615,.T.);
#2273=ORIENTED_EDGE('',*,*,#1655,.T.);
#2274=ORIENTED_EDGE('',*,*,#1656,.T.);
#2275=ORIENTED_EDGE('',*,*,#1653,.F.);
#2276=ORIENTED_EDGE('',*,*,#1617,.T.);
#2277=ORIENTED_EDGE('',*,*,#1657,.T.);
#2278=ORIENTED_EDGE('',*,*,#1658,.T.);
#2279=ORIENTED_EDGE('',*,*,#1655,.F.);
#2280=ORIENTED_EDGE('',*,*,#1619,.T.);
#2281=ORIENTED_EDGE('',*,*,#1659,.T.);
#2282=ORIENTED_EDGE('',*,*,#1660,.T.);
#2283=ORIENTED_EDGE('',*,*,#1657,.F.);
#2284=ORIENTED_EDGE('',*,*,#1621,.T.);
#2285=ORIENTED_EDGE('',*,*,#1661,.T.);
#2286=ORIENTED_EDGE('',*,*,#1662,.T.);
#2287=ORIENTED_EDGE('',*,*,#1659,.F.);
#2288=ORIENTED_EDGE('',*,*,#1623,.T.);
#2289=ORIENTED_EDGE('',*,*,#1663,.T.);
#2290=ORIENTED_EDGE('',*,*,#1661,.F.);
#2291=ORIENTED_EDGE('',*,*,#1625,.T.);
#2292=ORIENTED_EDGE('',*,*,#1647,.F.);
#2293=ORIENTED_EDGE('',*,*,#1478,.F.);
#2294=ORIENTED_EDGE('',*,*,#1664,.T.);
#2295=ORIENTED_EDGE('',*,*,#1611,.T.);
#2296=ORIENTED_EDGE('',*,*,#1648,.F.);
#2297=ORIENTED_EDGE('',*,*,#1477,.F.);
#2298=ORIENTED_EDGE('',*,*,#1485,.T.);
#2299=ORIENTED_EDGE('',*,*,#1664,.F.);
#2300=ORIENTED_EDGE('',*,*,#1641,.F.);
#2301=ORIENTED_EDGE('',*,*,#1665,.F.);
#2302=ORIENTED_EDGE('',*,*,#1365,.F.);
#2303=ORIENTED_EDGE('',*,*,#1637,.T.);
#2304=ORIENTED_EDGE('',*,*,#1642,.F.);
#2305=ORIENTED_EDGE('',*,*,#1666,.F.);
#2306=ORIENTED_EDGE('',*,*,#1366,.F.);
#2307=ORIENTED_EDGE('',*,*,#1665,.T.);
#2308=ORIENTED_EDGE('',*,*,#1645,.F.);
#2309=ORIENTED_EDGE('',*,*,#1624,.F.);
#2310=ORIENTED_EDGE('',*,*,#1385,.F.);
#2311=ORIENTED_EDGE('',*,*,#1414,.F.);
#2312=ORIENTED_EDGE('',*,*,#1380,.T.);
#2313=ORIENTED_EDGE('',*,*,#1367,.F.);
#2314=ORIENTED_EDGE('',*,*,#1666,.T.);
#2315=ORIENTED_EDGE('',*,*,#1667,.T.);
#2316=ORIENTED_EDGE('',*,*,#1668,.T.);
#2317=ORIENTED_EDGE('',*,*,#1669,.T.);
#2318=ORIENTED_EDGE('',*,*,#1670,.T.);
#2319=ORIENTED_EDGE('',*,*,#1671,.F.);
#2320=ORIENTED_EDGE('',*,*,#1630,.T.);
#2321=ORIENTED_EDGE('',*,*,#1635,.T.);
#2322=ORIENTED_EDGE('',*,*,#1672,.T.);
#2323=ORIENTED_EDGE('',*,*,#1670,.F.);
#2324=ORIENTED_EDGE('',*,*,#1450,.F.);
#2325=ORIENTED_EDGE('',*,*,#1673,.F.);
#2326=ORIENTED_EDGE('',*,*,#1667,.F.);
#2327=ORIENTED_EDGE('',*,*,#1674,.F.);
#2328=ORIENTED_EDGE('',*,*,#1675,.F.);
#2329=ORIENTED_EDGE('',*,*,#1594,.F.);
#2330=ORIENTED_EDGE('',*,*,#1676,.T.);
#2331=ORIENTED_EDGE('',*,*,#1677,.T.);
#2332=ORIENTED_EDGE('',*,*,#1501,.F.);
#2333=ORIENTED_EDGE('',*,*,#1504,.F.);
#2334=ORIENTED_EDGE('',*,*,#1508,.F.);
#2335=ORIENTED_EDGE('',*,*,#1467,.F.);
#2336=ORIENTED_EDGE('',*,*,#1672,.F.);
#2337=ORIENTED_EDGE('',*,*,#1634,.F.);
#2338=ORIENTED_EDGE('',*,*,#1425,.T.);
#2339=ORIENTED_EDGE('',*,*,#1421,.F.);
#2340=ORIENTED_EDGE('',*,*,#1674,.T.);
#2341=ORIENTED_EDGE('',*,*,#1678,.T.);
#2342=ORIENTED_EDGE('',*,*,#1679,.T.);
#2343=ORIENTED_EDGE('',*,*,#1680,.T.);
#2344=ORIENTED_EDGE('',*,*,#1681,.T.);
#2345=ORIENTED_EDGE('',*,*,#1679,.F.);
#2346=ORIENTED_EDGE('',*,*,#1681,.F.);
#2347=ORIENTED_EDGE('',*,*,#1682,.T.);
#2348=ORIENTED_EDGE('',*,*,#1683,.F.);
#2349=ORIENTED_EDGE('',*,*,#1638,.T.);
#2350=ORIENTED_EDGE('',*,*,#1631,.F.);
#2351=ORIENTED_EDGE('',*,*,#1684,.F.);
#2352=ORIENTED_EDGE('',*,*,#1682,.F.);
#2353=ORIENTED_EDGE('',*,*,#1680,.F.);
#2354=ORIENTED_EDGE('',*,*,#1678,.F.);
#2355=ORIENTED_EDGE('',*,*,#1685,.T.);
#2356=ORIENTED_EDGE('',*,*,#1686,.T.);
#2357=ORIENTED_EDGE('',*,*,#1687,.T.);
#2358=ORIENTED_EDGE('',*,*,#1688,.T.);
#2359=ORIENTED_EDGE('',*,*,#1689,.T.);
#2360=ORIENTED_EDGE('',*,*,#1687,.F.);
#2361=ORIENTED_EDGE('',*,*,#1689,.F.);
#2362=ORIENTED_EDGE('',*,*,#1690,.T.);
#2363=ORIENTED_EDGE('',*,*,#1685,.F.);
#2364=ORIENTED_EDGE('',*,*,#1690,.F.);
#2365=ORIENTED_EDGE('',*,*,#1688,.F.);
#2366=ORIENTED_EDGE('',*,*,#1686,.F.);
#2367=ORIENTED_EDGE('',*,*,#1691,.T.);
#2368=ORIENTED_EDGE('',*,*,#1692,.F.);
#2369=ORIENTED_EDGE('',*,*,#1693,.T.);
#2370=ORIENTED_EDGE('',*,*,#1694,.F.);
#2371=ORIENTED_EDGE('',*,*,#1695,.T.);
#2372=ORIENTED_EDGE('',*,*,#1696,.F.);
#2373=ORIENTED_EDGE('',*,*,#1697,.T.);
#2374=ORIENTED_EDGE('',*,*,#1698,.F.);
#2375=ORIENTED_EDGE('',*,*,#1699,.F.);
#2376=ORIENTED_EDGE('',*,*,#1700,.T.);
#2377=ORIENTED_EDGE('',*,*,#1698,.T.);
#2378=ORIENTED_EDGE('',*,*,#1701,.T.);
#2379=ORIENTED_EDGE('',*,*,#1701,.F.);
#2380=ORIENTED_EDGE('',*,*,#1697,.F.);
#2381=ORIENTED_EDGE('',*,*,#1702,.F.);
#2382=ORIENTED_EDGE('',*,*,#1703,.F.);
#2383=ORIENTED_EDGE('',*,*,#1704,.F.);
#2384=ORIENTED_EDGE('',*,*,#1702,.T.);
#2385=ORIENTED_EDGE('',*,*,#1696,.T.);
#2386=ORIENTED_EDGE('',*,*,#1705,.T.);
#2387=ORIENTED_EDGE('',*,*,#1705,.F.);
#2388=ORIENTED_EDGE('',*,*,#1695,.F.);
#2389=ORIENTED_EDGE('',*,*,#1706,.F.);
#2390=ORIENTED_EDGE('',*,*,#1707,.F.);
#2391=ORIENTED_EDGE('',*,*,#1708,.F.);
#2392=ORIENTED_EDGE('',*,*,#1709,.T.);
#2393=ORIENTED_EDGE('',*,*,#1692,.T.);
#2394=ORIENTED_EDGE('',*,*,#1710,.T.);
#2395=ORIENTED_EDGE('',*,*,#1700,.F.);
#2396=ORIENTED_EDGE('',*,*,#1711,.F.);
#2397=ORIENTED_EDGE('',*,*,#1710,.F.);
#2398=ORIENTED_EDGE('',*,*,#1691,.F.);
#2399=ORIENTED_EDGE('',*,*,#1712,.F.);
#2400=ORIENTED_EDGE('',*,*,#1706,.T.);
#2401=ORIENTED_EDGE('',*,*,#1694,.T.);
#2402=ORIENTED_EDGE('',*,*,#1713,.T.);
#2403=ORIENTED_EDGE('',*,*,#1709,.F.);
#2404=ORIENTED_EDGE('',*,*,#1714,.F.);
#2405=ORIENTED_EDGE('',*,*,#1713,.F.);
#2406=ORIENTED_EDGE('',*,*,#1693,.F.);
#2407=ORIENTED_EDGE('',*,*,#1671,.T.);
#2408=ORIENTED_EDGE('',*,*,#1669,.F.);
#2409=ORIENTED_EDGE('',*,*,#1715,.T.);
#2410=ORIENTED_EDGE('',*,*,#1479,.F.);
#2411=ORIENTED_EDGE('',*,*,#1650,.F.);
#2412=ORIENTED_EDGE('',*,*,#1652,.F.);
#2413=ORIENTED_EDGE('',*,*,#1654,.F.);
#2414=ORIENTED_EDGE('',*,*,#1656,.F.);
#2415=ORIENTED_EDGE('',*,*,#1658,.F.);
#2416=ORIENTED_EDGE('',*,*,#1660,.F.);
#2417=ORIENTED_EDGE('',*,*,#1662,.F.);
#2418=ORIENTED_EDGE('',*,*,#1663,.F.);
#2419=ORIENTED_EDGE('',*,*,#1646,.F.);
#2420=ORIENTED_EDGE('',*,*,#1643,.F.);
#2421=ORIENTED_EDGE('',*,*,#1639,.F.);
#2422=ORIENTED_EDGE('',*,*,#1683,.T.);
#2423=ORIENTED_EDGE('',*,*,#1684,.T.);
#2424=ORIENTED_EDGE('',*,*,#1371,.F.);
#2425=ORIENTED_EDGE('',*,*,#1443,.T.);
#2426=ORIENTED_EDGE('',*,*,#1413,.F.);
#2427=ORIENTED_EDGE('',*,*,#1446,.T.);
#2428=ORIENTED_EDGE('',*,*,#1419,.F.);
#2429=ORIENTED_EDGE('',*,*,#1449,.T.);
#2430=ORIENTED_EDGE('',*,*,#1716,.T.);
#2431=ORIENTED_EDGE('',*,*,#1717,.T.);
#2432=ORIENTED_EDGE('',*,*,#1718,.T.);
#2433=ORIENTED_EDGE('',*,*,#1719,.T.);
#2434=ORIENTED_EDGE('',*,*,#1717,.F.);
#2435=ORIENTED_EDGE('',*,*,#1719,.F.);
#2436=ORIENTED_EDGE('',*,*,#1720,.T.);
#2437=ORIENTED_EDGE('',*,*,#1721,.F.);
#2438=ORIENTED_EDGE('',*,*,#1720,.F.);
#2439=ORIENTED_EDGE('',*,*,#1718,.F.);
#2440=ORIENTED_EDGE('',*,*,#1716,.F.);
#2441=ORIENTED_EDGE('',*,*,#1722,.T.);
#2442=ORIENTED_EDGE('',*,*,#1723,.T.);
#2443=ORIENTED_EDGE('',*,*,#1724,.T.);
#2444=ORIENTED_EDGE('',*,*,#1725,.T.);
#2445=ORIENTED_EDGE('',*,*,#1723,.F.);
#2446=ORIENTED_EDGE('',*,*,#1725,.F.);
#2447=ORIENTED_EDGE('',*,*,#1726,.T.);
#2448=ORIENTED_EDGE('',*,*,#1516,.F.);
#2449=ORIENTED_EDGE('',*,*,#1726,.F.);
#2450=ORIENTED_EDGE('',*,*,#1724,.F.);
#2451=ORIENTED_EDGE('',*,*,#1722,.F.);
#2452=ORIENTED_EDGE('',*,*,#1727,.T.);
#2453=ORIENTED_EDGE('',*,*,#1727,.F.);
#2454=ORIENTED_EDGE('',*,*,#1728,.T.);
#2455=ORIENTED_EDGE('',*,*,#1729,.F.);
#2456=ORIENTED_EDGE('',*,*,#1728,.F.);
#2457=ORIENTED_EDGE('',*,*,#1500,.F.);
#2458=ORIENTED_EDGE('',*,*,#1677,.F.);
#2459=ORIENTED_EDGE('',*,*,#1730,.F.);
#2460=ORIENTED_EDGE('',*,*,#1489,.F.);
#2461=ORIENTED_EDGE('',*,*,#1524,.F.);
#2462=ORIENTED_EDGE('',*,*,#1490,.T.);
#2463=ORIENTED_EDGE('',*,*,#1730,.T.);
#2464=ORIENTED_EDGE('',*,*,#1676,.F.);
#2465=ORIENTED_EDGE('',*,*,#1595,.F.);
#2466=ORIENTED_EDGE('',*,*,#1731,.T.);
#2467=ORIENTED_EDGE('',*,*,#1732,.T.);
#2468=ORIENTED_EDGE('',*,*,#1733,.T.);
#2469=ORIENTED_EDGE('',*,*,#1734,.T.);
#2470=ORIENTED_EDGE('',*,*,#1735,.T.);
#2471=ORIENTED_EDGE('',*,*,#1517,.F.);
#2472=ORIENTED_EDGE('',*,*,#1736,.F.);
#2473=ORIENTED_EDGE('',*,*,#1729,.T.);
#2474=ORIENTED_EDGE('',*,*,#1721,.T.);
#2475=ORIENTED_EDGE('',*,*,#1452,.F.);
#2476=ORIENTED_EDGE('',*,*,#1512,.T.);
#2477=ORIENTED_EDGE('',*,*,#1463,.F.);
#2478=ORIENTED_EDGE('',*,*,#1456,.F.);
#2479=ORIENTED_EDGE('',*,*,#1459,.F.);
#2480=ORIENTED_EDGE('',*,*,#1461,.F.);
#2481=ORIENTED_EDGE('',*,*,#1462,.F.);
#2482=ORIENTED_EDGE('',*,*,#1480,.F.);
#2483=ORIENTED_EDGE('',*,*,#1715,.F.);
#2484=ORIENTED_EDGE('',*,*,#1668,.F.);
#2485=ORIENTED_EDGE('',*,*,#1673,.T.);
#2486=ORIENTED_EDGE('',*,*,#1699,.T.);
#2487=ORIENTED_EDGE('',*,*,#1703,.T.);
#2488=ORIENTED_EDGE('',*,*,#1704,.T.);
#2489=ORIENTED_EDGE('',*,*,#1707,.T.);
#2490=ORIENTED_EDGE('',*,*,#1712,.T.);
#2491=ORIENTED_EDGE('',*,*,#1714,.T.);
#2492=ORIENTED_EDGE('',*,*,#1708,.T.);
#2493=ORIENTED_EDGE('',*,*,#1711,.T.);
#2494=ORIENTED_EDGE('',*,*,#1737,.T.);
#2495=ORIENTED_EDGE('',*,*,#1738,.T.);
#2496=ORIENTED_EDGE('',*,*,#1736,.T.);
#2497=ORIENTED_EDGE('',*,*,#1518,.F.);
#2498=ORIENTED_EDGE('',*,*,#1735,.F.);
#2499=ORIENTED_EDGE('',*,*,#1739,.F.);
#2500=ORIENTED_EDGE('',*,*,#1626,.F.);
#2501=ORIENTED_EDGE('',*,*,#1740,.T.);
#2502=ORIENTED_EDGE('',*,*,#1741,.T.);
#2503=ORIENTED_EDGE('',*,*,#1740,.F.);
#2504=ORIENTED_EDGE('',*,*,#1741,.F.);
#2505=ORIENTED_EDGE('',*,*,#1441,.T.);
#2506=ORIENTED_EDGE('',*,*,#1603,.F.);
#2507=ORIENTED_EDGE('',*,*,#1482,.T.);
#2508=ORIENTED_EDGE('',*,*,#1742,.T.);
#2509=ORIENTED_EDGE('',*,*,#1743,.F.);
#2510=ORIENTED_EDGE('',*,*,#1521,.F.);
#2511=ORIENTED_EDGE('',*,*,#1744,.T.);
#2512=ORIENTED_EDGE('',*,*,#1745,.T.);
#2513=ORIENTED_EDGE('',*,*,#1492,.F.);
#2514=ORIENTED_EDGE('',*,*,#1746,.F.);
#2515=ORIENTED_EDGE('',*,*,#1742,.F.);
#2516=ORIENTED_EDGE('',*,*,#1493,.F.);
#2517=ORIENTED_EDGE('',*,*,#1745,.F.);
#2518=ORIENTED_EDGE('',*,*,#1747,.F.);
#2519=ORIENTED_EDGE('',*,*,#1627,.F.);
#2520=ORIENTED_EDGE('',*,*,#1748,.T.);
#2521=ORIENTED_EDGE('',*,*,#1749,.T.);
#2522=ORIENTED_EDGE('',*,*,#1748,.F.);
#2523=ORIENTED_EDGE('',*,*,#1749,.F.);
#2524=ORIENTED_EDGE('',*,*,#1444,.T.);
#2525=ORIENTED_EDGE('',*,*,#1554,.F.);
#2526=ORIENTED_EDGE('',*,*,#1750,.T.);
#2527=ORIENTED_EDGE('',*,*,#1751,.T.);
#2528=ORIENTED_EDGE('',*,*,#1752,.F.);
#2529=ORIENTED_EDGE('',*,*,#1601,.F.);
#2530=ORIENTED_EDGE('',*,*,#1733,.F.);
#2531=ORIENTED_EDGE('',*,*,#1753,.T.);
#2532=ORIENTED_EDGE('',*,*,#1750,.F.);
#2533=ORIENTED_EDGE('',*,*,#1599,.F.);
#2534=ORIENTED_EDGE('',*,*,#1752,.T.);
#2535=ORIENTED_EDGE('',*,*,#1754,.T.);
#2536=ORIENTED_EDGE('',*,*,#1731,.F.);
#2537=ORIENTED_EDGE('',*,*,#1754,.F.);
#2538=ORIENTED_EDGE('',*,*,#1751,.F.);
#2539=ORIENTED_EDGE('',*,*,#1753,.F.);
#2540=ORIENTED_EDGE('',*,*,#1732,.F.);
#2541=ORIENTED_EDGE('',*,*,#1567,.F.);
#2542=ORIENTED_EDGE('',*,*,#1755,.F.);
#2543=ORIENTED_EDGE('',*,*,#1756,.T.);
#2544=ORIENTED_EDGE('',*,*,#1757,.F.);
#2545=ORIENTED_EDGE('',*,*,#1570,.F.);
#2546=ORIENTED_EDGE('',*,*,#1757,.T.);
#2547=ORIENTED_EDGE('',*,*,#1758,.T.);
#2548=ORIENTED_EDGE('',*,*,#1434,.F.);
#2549=ORIENTED_EDGE('',*,*,#1758,.F.);
#2550=ORIENTED_EDGE('',*,*,#1756,.F.);
#2551=ORIENTED_EDGE('',*,*,#1759,.F.);
#2552=ORIENTED_EDGE('',*,*,#1435,.F.);
#2553=ORIENTED_EDGE('',*,*,#1628,.F.);
#2554=ORIENTED_EDGE('',*,*,#1760,.T.);
#2555=ORIENTED_EDGE('',*,*,#1761,.T.);
#2556=ORIENTED_EDGE('',*,*,#1760,.F.);
#2557=ORIENTED_EDGE('',*,*,#1761,.F.);
#2558=ORIENTED_EDGE('',*,*,#1447,.T.);
#2559=ORIENTED_EDGE('',*,*,#1629,.F.);
#2560=ORIENTED_EDGE('',*,*,#1762,.T.);
#2561=ORIENTED_EDGE('',*,*,#1763,.T.);
#2562=ORIENTED_EDGE('',*,*,#1762,.F.);
#2563=ORIENTED_EDGE('',*,*,#1763,.F.);
#2564=ORIENTED_EDGE('',*,*,#1747,.T.);
#2565=ORIENTED_EDGE('',*,*,#1764,.T.);
#2566=ORIENTED_EDGE('',*,*,#1737,.F.);
#2567=ORIENTED_EDGE('',*,*,#1765,.F.);
#2568=ORIENTED_EDGE('',*,*,#1607,.F.);
#2569=ORIENTED_EDGE('',*,*,#1743,.T.);
#2570=ORIENTED_EDGE('',*,*,#1746,.T.);
#2571=ORIENTED_EDGE('',*,*,#1765,.T.);
#2572=ORIENTED_EDGE('',*,*,#1739,.T.);
#2573=ORIENTED_EDGE('',*,*,#1734,.F.);
#2574=ORIENTED_EDGE('',*,*,#1738,.F.);
#2575=ORIENTED_EDGE('',*,*,#1764,.F.);
#2576=ORIENTED_EDGE('',*,*,#1744,.F.);
#2577=ORIENTED_EDGE('',*,*,#1560,.F.);
#2578=ORIENTED_EDGE('',*,*,#1675,.T.);
#2579=ORIENTED_EDGE('',*,*,#1420,.F.);
#2580=ORIENTED_EDGE('',*,*,#1430,.F.);
#2581=ORIENTED_EDGE('',*,*,#1436,.F.);
#2582=ORIENTED_EDGE('',*,*,#1759,.T.);
#2583=ORIENTED_EDGE('',*,*,#1755,.T.);
#2584=PLANE('',#2824);
#2585=PLANE('',#2847);
#2586=PLANE('',#2850);
#2587=PLANE('',#2858);
#2588=PLANE('',#2861);
#2589=PLANE('',#2867);
#2590=PLANE('',#2874);
#2591=PLANE('',#2884);
#2592=PLANE('',#2887);
#2593=PLANE('',#2921);
#2594=PLANE('',#2922);
#2595=PLANE('',#2948);
#2596=PLANE('',#3032);
#2597=PLANE('',#3035);
#2598=PLANE('',#3038);
#2599=PLANE('',#3041);
#2600=PLANE('',#3042);
#2601=PLANE('',#3043);
#2602=PLANE('',#3079);
#2603=PLANE('',#3081);
#2604=PLANE('',#3085);
#2605=PLANE('',#3086);
#2606=PLANE('',#3095);
#2607=PLANE('',#3103);
#2608=PLANE('',#3110);
#2609=PLANE('',#3113);
#2610=PLANE('',#3116);
#2611=PLANE('',#3119);
#2612=PLANE('',#3120);
#2613=PLANE('',#3122);
#2614=PLANE('',#3123);
#2615=PLANE('',#3124);
#2616=PLANE('',#3131);
#2617=PLANE('',#3138);
#2618=PLANE('',#3142);
#2619=PLANE('',#3148);
#2620=PLANE('',#3149);
#2621=PLANE('',#3151);
#2622=PLANE('',#3152);
#2623=PLANE('',#3155);
#2624=PLANE('',#3156);
#2625=PLANE('',#3157);
#2626=PLANE('',#3158);
#2627=PLANE('',#3162);
#2628=PLANE('',#3165);
#2629=PLANE('',#3166);
#2630=PLANE('',#3167);
#2631=PLANE('',#3168);
#2632=PLANE('',#3171);
#2633=PLANE('',#3174);
#2634=PLANE('',#3177);
#2635=PLANE('',#3178);
#2636=PLANE('',#3180);
#2637=ADVANCED_FACE('',(#204,#186),#2584,.T.);
#2638=ADVANCED_FACE('',(#205),#107,.F.);
#2639=ADVANCED_FACE('',(#206),#70,.T.);
#2640=ADVANCED_FACE('',(#207),#108,.T.);
#2641=ADVANCED_FACE('',(#208),#71,.T.);
#2642=ADVANCED_FACE('',(#209),#109,.T.);
#2643=ADVANCED_FACE('',(#210),#110,.T.);
#2644=ADVANCED_FACE('',(#211),#2585,.T.);
#2645=ADVANCED_FACE('',(#212),#111,.T.);
#2646=ADVANCED_FACE('',(#213),#2586,.T.);
#2647=ADVANCED_FACE('',(#214),#112,.T.);
#2648=ADVANCED_FACE('',(#215),#72,.T.);
#2649=ADVANCED_FACE('',(#216),#113,.T.);
#2650=ADVANCED_FACE('',(#217),#2587,.T.);
#2651=ADVANCED_FACE('',(#218),#114,.T.);
#2652=ADVANCED_FACE('',(#219),#2588,.T.);
#2653=ADVANCED_FACE('',(#220),#73,.T.);
#2654=ADVANCED_FACE('',(#221),#115,.F.);
#2655=ADVANCED_FACE('',(#222),#2589,.T.);
#2656=ADVANCED_FACE('',(#223),#74,.T.);
#2657=ADVANCED_FACE('',(#224),#116,.F.);
#2658=ADVANCED_FACE('',(#225,#187),#2590,.T.);
#2659=ADVANCED_FACE('',(#226),#117,.T.);
#2660=ADVANCED_FACE('',(#227),#75,.T.);
#2661=ADVANCED_FACE('',(#228),#118,.T.);
#2662=ADVANCED_FACE('',(#229),#2591,.T.);
#2663=ADVANCED_FACE('',(#230),#119,.T.);
#2664=ADVANCED_FACE('',(#231),#2592,.T.);
#2665=ADVANCED_FACE('',(#232),#120,.F.);
#2666=ADVANCED_FACE('',(#233),#121,.F.);
#2667=ADVANCED_FACE('',(#234),#122,.F.);
#2668=ADVANCED_FACE('',(#235),#123,.T.);
#2669=ADVANCED_FACE('',(#236),#124,.T.);
#2670=ADVANCED_FACE('',(#237),#76,.T.);
#2671=ADVANCED_FACE('',(#238),#77,.T.);
#2672=ADVANCED_FACE('',(#239),#125,.T.);
#2673=ADVANCED_FACE('',(#240),#126,.T.);
#2674=ADVANCED_FACE('',(#241),#78,.T.);
#2675=ADVANCED_FACE('',(#242),#127,.T.);
#2676=ADVANCED_FACE('',(#243),#79,.T.);
#2677=ADVANCED_FACE('',(#244),#128,.T.);
#2678=ADVANCED_FACE('',(#245),#2593,.T.);
#2679=ADVANCED_FACE('',(#246),#2594,.T.);
#2680=ADVANCED_FACE('',(#247),#129,.F.);
#2681=ADVANCED_FACE('',(#248),#80,.T.);
#2682=ADVANCED_FACE('',(#249),#81,.T.);
#2683=ADVANCED_FACE('',(#250),#82,.T.);
#2684=ADVANCED_FACE('',(#251),#83,.T.);
#2685=ADVANCED_FACE('',(#252),#84,.T.);
#2686=ADVANCED_FACE('',(#253),#130,.F.);
#2687=ADVANCED_FACE('',(#254),#131,.T.);
#2688=ADVANCED_FACE('',(#255),#85,.T.);
#2689=ADVANCED_FACE('',(#256,#188,#189),#2595,.T.);
#2690=ADVANCED_FACE('',(#257),#132,.T.);
#2691=ADVANCED_FACE('',(#258),#86,.T.);
#2692=ADVANCED_FACE('',(#259),#133,.T.);
#2693=ADVANCED_FACE('',(#260),#15,.F.);
#2694=ADVANCED_FACE('',(#261),#134,.T.);
#2695=ADVANCED_FACE('',(#262),#87,.T.);
#2696=ADVANCED_FACE('',(#263),#135,.T.);
#2697=ADVANCED_FACE('',(#264),#88,.T.);
#2698=ADVANCED_FACE('',(#265),#136,.T.);
#2699=ADVANCED_FACE('',(#266),#89,.T.);
#2700=ADVANCED_FACE('',(#267),#137,.T.);
#2701=ADVANCED_FACE('',(#268),#90,.T.);
#2702=ADVANCED_FACE('',(#269),#138,.T.);
#2703=ADVANCED_FACE('',(#270),#139,.T.);
#2704=ADVANCED_FACE('',(#271),#91,.T.);
#2705=ADVANCED_FACE('',(#272),#140,.T.);
#2706=ADVANCED_FACE('',(#273),#92,.T.);
#2707=ADVANCED_FACE('',(#274),#141,.T.);
#2708=ADVANCED_FACE('',(#275),#93,.T.);
#2709=ADVANCED_FACE('',(#276),#142,.T.);
#2710=ADVANCED_FACE('',(#277),#143,.T.);
#2711=ADVANCED_FACE('',(#278),#94,.T.);
#2712=ADVANCED_FACE('',(#279),#95,.T.);
#2713=ADVANCED_FACE('',(#280),#144,.T.);
#2714=ADVANCED_FACE('',(#281),#145,.T.);
#2715=ADVANCED_FACE('',(#282),#146,.T.);
#2716=ADVANCED_FACE('',(#283),#147,.T.);
#2717=ADVANCED_FACE('',(#284),#96,.T.);
#2718=ADVANCED_FACE('',(#285),#97,.T.);
#2719=ADVANCED_FACE('',(#286),#148,.T.);
#2720=ADVANCED_FACE('',(#287),#149,.T.);
#2721=ADVANCED_FACE('',(#288),#150,.T.);
#2722=ADVANCED_FACE('',(#289),#98,.T.);
#2723=ADVANCED_FACE('',(#290),#151,.T.);
#2724=ADVANCED_FACE('',(#291),#152,.T.);
#2725=ADVANCED_FACE('',(#292),#2596,.T.);
#2726=ADVANCED_FACE('',(#293),#153,.F.);
#2727=ADVANCED_FACE('',(#294),#2597,.T.);
#2728=ADVANCED_FACE('',(#295),#154,.F.);
#2729=ADVANCED_FACE('',(#296),#2598,.T.);
#2730=ADVANCED_FACE('',(#297),#155,.T.);
#2731=ADVANCED_FACE('',(#298),#2599,.T.);
#2732=ADVANCED_FACE('',(#299),#2600,.T.);
#2733=ADVANCED_FACE('',(#300,#190,#191,#192,#193),#2601,.F.);
#2734=ADVANCED_FACE('',(#301),#99,.T.);
#2735=ADVANCED_FACE('',(#302),#156,.T.);
#2736=ADVANCED_FACE('',(#303),#157,.T.);
#2737=ADVANCED_FACE('',(#304),#100,.T.);
#2738=ADVANCED_FACE('',(#305),#158,.T.);
#2739=ADVANCED_FACE('',(#306),#16,.F.);
#2740=ADVANCED_FACE('',(#307),#159,.T.);
#2741=ADVANCED_FACE('',(#308),#101,.T.);
#2742=ADVANCED_FACE('',(#309),#160,.T.);
#2743=ADVANCED_FACE('',(#310),#102,.T.);
#2744=ADVANCED_FACE('',(#311),#161,.T.);
#2745=ADVANCED_FACE('',(#312),#103,.T.);
#2746=ADVANCED_FACE('',(#313),#162,.T.);
#2747=ADVANCED_FACE('',(#314),#17,.F.);
#2748=ADVANCED_FACE('',(#315),#163,.T.);
#2749=ADVANCED_FACE('',(#316),#2602,.T.);
#2750=ADVANCED_FACE('',(#317),#164,.T.);
#2751=ADVANCED_FACE('',(#318),#2603,.T.);
#2752=ADVANCED_FACE('',(#319),#165,.T.);
#2753=ADVANCED_FACE('',(#320),#166,.T.);
#2754=ADVANCED_FACE('',(#321),#2604,.T.);
#2755=ADVANCED_FACE('',(#322),#2605,.T.);
#2756=ADVANCED_FACE('',(#323),#104,.T.);
#2757=ADVANCED_FACE('',(#324),#167,.T.);
#2758=ADVANCED_FACE('',(#325,#194),#2606,.T.);
#2759=ADVANCED_FACE('',(#326),#105,.T.);
#2760=ADVANCED_FACE('',(#327),#168,.T.);
#2761=ADVANCED_FACE('',(#328,#195),#2607,.T.);
#2762=ADVANCED_FACE('',(#329),#169,.F.);
#2763=ADVANCED_FACE('',(#330),#2608,.T.);
#2764=ADVANCED_FACE('',(#331),#170,.F.);
#2765=ADVANCED_FACE('',(#332),#2609,.T.);
#2766=ADVANCED_FACE('',(#333),#171,.F.);
#2767=ADVANCED_FACE('',(#334),#2610,.T.);
#2768=ADVANCED_FACE('',(#335),#172,.F.);
#2769=ADVANCED_FACE('',(#336),#2611,.T.);
#2770=ADVANCED_FACE('',(#337),#2612,.T.);
#2771=ADVANCED_FACE('',(#338,#196),#2613,.T.);
#2772=ADVANCED_FACE('',(#339,#197),#2614,.T.);
#2773=ADVANCED_FACE('',(#340,#198),#2615,.T.);
#2774=ADVANCED_FACE('',(#341),#18,.F.);
#2775=ADVANCED_FACE('',(#342),#173,.T.);
#2776=ADVANCED_FACE('',(#343),#2616,.T.);
#2777=ADVANCED_FACE('',(#344),#106,.T.);
#2778=ADVANCED_FACE('',(#345),#174,.T.);
#2779=ADVANCED_FACE('',(#346,#199),#2617,.T.);
#2780=ADVANCED_FACE('',(#347),#175,.F.);
#2781=ADVANCED_FACE('',(#348),#2618,.F.);
#2782=ADVANCED_FACE('',(#349),#176,.T.);
#2783=ADVANCED_FACE('',(#350),#177,.F.);
#2784=ADVANCED_FACE('',(#351,#200),#2619,.T.);
#2785=ADVANCED_FACE('',(#352),#2620,.T.);
#2786=ADVANCED_FACE('',(#353),#178,.T.);
#2787=ADVANCED_FACE('',(#354),#2621,.T.);
#2788=ADVANCED_FACE('',(#355),#2622,.T.);
#2789=ADVANCED_FACE('',(#356),#179,.F.);
#2790=ADVANCED_FACE('',(#357,#201),#2623,.F.);
#2791=ADVANCED_FACE('',(#358),#2624,.F.);
#2792=ADVANCED_FACE('',(#359),#2625,.F.);
#2793=ADVANCED_FACE('',(#360),#2626,.F.);
#2794=ADVANCED_FACE('',(#361),#180,.F.);
#2795=ADVANCED_FACE('',(#362,#202),#2627,.F.);
#2796=ADVANCED_FACE('',(#363),#181,.F.);
#2797=ADVANCED_FACE('',(#364),#2628,.F.);
#2798=ADVANCED_FACE('',(#365),#2629,.F.);
#2799=ADVANCED_FACE('',(#366),#2630,.F.);
#2800=ADVANCED_FACE('',(#367),#2631,.F.);
#2801=ADVANCED_FACE('',(#368),#182,.F.);
#2802=ADVANCED_FACE('',(#369),#2632,.F.);
#2803=ADVANCED_FACE('',(#370),#183,.F.);
#2804=ADVANCED_FACE('',(#371,#203),#2633,.F.);
#2805=ADVANCED_FACE('',(#372),#184,.F.);
#2806=ADVANCED_FACE('',(#373),#2634,.F.);
#2807=ADVANCED_FACE('',(#374),#2635,.T.);
#2808=ADVANCED_FACE('',(#375),#185,.F.);
#2809=ADVANCED_FACE('',(#376),#2636,.T.);
#2810=CLOSED_SHELL('',(#2637,#2638,#2639,#2640,#2641,#2642,#2643,#2644,
#2645,#2646,#2647,#2648,#2649,#2650,#2651,#2652,#2653,#2654,#2655,#2656,
#2657,#2658,#2659,#2660,#2661,#2662,#2663,#2664,#2665,#2666,#2667,#2668,
#2669,#2670,#2671,#2672,#2673,#2674,#2675,#2676,#2677,#2678,#2679,#2680,
#2681,#2682,#2683,#2684,#2685,#2686,#2687,#2688,#2689,#2690,#2691,#2692,
#2693,#2694,#2695,#2696,#2697,#2698,#2699,#2700,#2701,#2702,#2703,#2704,
#2705,#2706,#2707,#2708,#2709,#2710,#2711,#2712,#2713,#2714,#2715,#2716,
#2717,#2718,#2719,#2720,#2721,#2722,#2723,#2724,#2725,#2726,#2727,#2728,
#2729,#2730,#2731,#2732,#2733,#2734,#2735,#2736,#2737,#2738,#2739,#2740,
#2741,#2742,#2743,#2744,#2745,#2746,#2747,#2748,#2749,#2750,#2751,#2752,
#2753,#2754,#2755,#2756,#2757,#2758,#2759,#2760,#2761,#2762,#2763,#2764,
#2765,#2766,#2767,#2768,#2769,#2770,#2771,#2772,#2773,#2774,#2775,#2776,
#2777,#2778,#2779,#2780,#2781,#2782,#2783,#2784,#2785,#2786,#2787,#2788,
#2789,#2790,#2791,#2792,#2793,#2794,#2795,#2796,#2797,#2798,#2799,#2800,
#2801,#2802,#2803,#2804,#2805,#2806,#2807,#2808,#2809));
#2811=DERIVED_UNIT_ELEMENT(#2813,1.);
#2812=DERIVED_UNIT_ELEMENT(#5411,-3.);
#2813=(
MASS_UNIT()
NAMED_UNIT(*)
SI_UNIT(.KILO.,.GRAM.)
);
#2814=DERIVED_UNIT((#2811,#2812));
#2815=MEASURE_REPRESENTATION_ITEM('density measure',
POSITIVE_RATIO_MEASURE(7850.),#2814);
#2816=PROPERTY_DEFINITION_REPRESENTATION(#2821,#2818);
#2817=PROPERTY_DEFINITION_REPRESENTATION(#2822,#2819);
#2818=REPRESENTATION('material name',(#2820),#5408);
#2819=REPRESENTATION('density',(#2815),#5408);
#2820=DESCRIPTIVE_REPRESENTATION_ITEM('Steel','Steel');
#2821=PROPERTY_DEFINITION('material property','material name',#5418);
#2822=PROPERTY_DEFINITION('material property','density of part',#5418);
#2823=AXIS2_PLACEMENT_3D('',#4080,#3181,#3182);
#2824=AXIS2_PLACEMENT_3D('',#4081,#3183,#3184);
#2825=AXIS2_PLACEMENT_3D('',#4084,#3185,#3186);
#2826=AXIS2_PLACEMENT_3D('',#4088,#3188,#3189);
#2827=AXIS2_PLACEMENT_3D('',#4094,#3192,#3193);
#2828=AXIS2_PLACEMENT_3D('',#4098,#3195,#3196);
#2829=AXIS2_PLACEMENT_3D('',#4102,#3198,#3199);
#2830=AXIS2_PLACEMENT_3D('',#4105,#3201,#3202);
#2831=AXIS2_PLACEMENT_3D('',#4106,#3203,#3204);
#2832=AXIS2_PLACEMENT_3D('',#4109,#3205,#3206);
#2833=AXIS2_PLACEMENT_3D('',#4112,#3208,#3209);
#2834=AXIS2_PLACEMENT_3D('',#4113,#3210,#3211);
#2835=AXIS2_PLACEMENT_3D('',#4114,#3212,#3213);
#2836=AXIS2_PLACEMENT_3D('',#4117,#3214,#3215);
#2837=AXIS2_PLACEMENT_3D('',#4142,#3216,#3217);
#2838=AXIS2_PLACEMENT_3D('',#4159,#3219,#3220);
#2839=AXIS2_PLACEMENT_3D('',#4161,#3221,#3222);
#2840=AXIS2_PLACEMENT_3D('',#4162,#3223,#3224);
#2841=AXIS2_PLACEMENT_3D('',#4176,#3225,#3226);
#2842=AXIS2_PLACEMENT_3D('',#4192,#3227,#3228);
#2843=AXIS2_PLACEMENT_3D('',#4193,#3229,#3230);
#2844=AXIS2_PLACEMENT_3D('',#4197,#3232,#3233);
#2845=AXIS2_PLACEMENT_3D('',#4199,#3235,#3236);
#2846=AXIS2_PLACEMENT_3D('',#4203,#3238,#3239);
#2847=AXIS2_PLACEMENT_3D('',#4205,#3241,#3242);
#2848=AXIS2_PLACEMENT_3D('',#4209,#3245,#3246);
#2849=AXIS2_PLACEMENT_3D('',#4212,#3248,#3249);
#2850=AXIS2_PLACEMENT_3D('',#4213,#3250,#3251);
#2851=AXIS2_PLACEMENT_3D('',#4217,#3254,#3255);
#2852=AXIS2_PLACEMENT_3D('',#4219,#3256,#3257);
#2853=AXIS2_PLACEMENT_3D('',#4221,#3258,#3259);
#2854=AXIS2_PLACEMENT_3D('',#4223,#3261,#3262);
#2855=AXIS2_PLACEMENT_3D('',#4225,#3263,#3264);
#2856=AXIS2_PLACEMENT_3D('',#4226,#3265,#3266);
#2857=AXIS2_PLACEMENT_3D('',#4227,#3267,#3268);
#2858=AXIS2_PLACEMENT_3D('',#4240,#3270,#3271);
#2859=AXIS2_PLACEMENT_3D('',#4246,#3275,#3276);
#2860=AXIS2_PLACEMENT_3D('',#4249,#3278,#3279);
#2861=AXIS2_PLACEMENT_3D('',#4250,#3280,#3281);
#2862=AXIS2_PLACEMENT_3D('',#4254,#3284,#3285);
#2863=AXIS2_PLACEMENT_3D('',#4256,#3286,#3287);
#2864=AXIS2_PLACEMENT_3D('',#4257,#3288,#3289);
#2865=AXIS2_PLACEMENT_3D('',#4258,#3290,#3291);
#2866=AXIS2_PLACEMENT_3D('',#4261,#3293,#3294);
#2867=AXIS2_PLACEMENT_3D('',#4262,#3295,#3296);
#2868=AXIS2_PLACEMENT_3D('',#4264,#3298,#3299);
#2869=AXIS2_PLACEMENT_3D('',#4266,#3300,#3301);
#2870=AXIS2_PLACEMENT_3D('',#4268,#3302,#3303);
#2871=AXIS2_PLACEMENT_3D('',#4269,#3304,#3305);
#2872=AXIS2_PLACEMENT_3D('',#4270,#3306,#3307);
#2873=AXIS2_PLACEMENT_3D('',#4273,#3309,#3310);
#2874=AXIS2_PLACEMENT_3D('',#4274,#3311,#3312);
#2875=AXIS2_PLACEMENT_3D('',#4283,#3316,#3317);
#2876=AXIS2_PLACEMENT_3D('',#4285,#3319,#3320);
#2877=AXIS2_PLACEMENT_3D('',#4287,#3321,#3322);
#2878=AXIS2_PLACEMENT_3D('',#4290,#3324,#3325);
#2879=AXIS2_PLACEMENT_3D('',#4291,#3326,#3327);
#2880=AXIS2_PLACEMENT_3D('',#4293,#3328,#3329);
#2881=AXIS2_PLACEMENT_3D('',#4294,#3330,#3331);
#2882=AXIS2_PLACEMENT_3D('',#4295,#3332,#3333);
#2883=AXIS2_PLACEMENT_3D('',#4297,#3334,#3335);
#2884=AXIS2_PLACEMENT_3D('',#4299,#3337,#3338);
#2885=AXIS2_PLACEMENT_3D('',#4309,#3344,#3345);
#2886=AXIS2_PLACEMENT_3D('',#4312,#3347,#3348);
#2887=AXIS2_PLACEMENT_3D('',#4313,#3349,#3350);
#2888=AXIS2_PLACEMENT_3D('',#4317,#3353,#3354);
#2889=AXIS2_PLACEMENT_3D('',#4319,#3355,#3356);
#2890=AXIS2_PLACEMENT_3D('',#4322,#3358,#3359);
#2891=AXIS2_PLACEMENT_3D('',#4323,#3360,#3361);
#2892=AXIS2_PLACEMENT_3D('',#4325,#3362,#3363);
#2893=AXIS2_PLACEMENT_3D('',#4328,#3365,#3366);
#2894=AXIS2_PLACEMENT_3D('',#4329,#3367,#3368);
#2895=AXIS2_PLACEMENT_3D('',#4331,#3369,#3370);
#2896=AXIS2_PLACEMENT_3D('',#4334,#3372,#3373);
#2897=AXIS2_PLACEMENT_3D('',#4335,#3374,#3375);
#2898=AXIS2_PLACEMENT_3D('',#4340,#3377,#3378);
#2899=AXIS2_PLACEMENT_3D('',#4357,#3380,#3381);
#2900=AXIS2_PLACEMENT_3D('',#4362,#3383,#3384);
#2901=AXIS2_PLACEMENT_3D('',#4365,#3386,#3387);
#2902=AXIS2_PLACEMENT_3D('',#4366,#3388,#3389);
#2903=AXIS2_PLACEMENT_3D('',#4369,#3390,#3391);
#2904=AXIS2_PLACEMENT_3D('',#4370,#3392,#3393);
#2905=AXIS2_PLACEMENT_3D('',#4371,#3394,#3395);
#2906=AXIS2_PLACEMENT_3D('',#4372,#3396,#3397);
#2907=AXIS2_PLACEMENT_3D('',#4373,#3398,#3399);
#2908=AXIS2_PLACEMENT_3D('',#4374,#3400,#3401);
#2909=AXIS2_PLACEMENT_3D('',#4375,#3402,#3403);
#2910=AXIS2_PLACEMENT_3D('',#4379,#3405,#3406);
#2911=AXIS2_PLACEMENT_3D('',#4381,#3408,#3409);
#2912=AXIS2_PLACEMENT_3D('',#4393,#3411,#3412);
#2913=AXIS2_PLACEMENT_3D('',#4394,#3413,#3414);
#2914=AXIS2_PLACEMENT_3D('',#4402,#3415,#3416);
#2915=AXIS2_PLACEMENT_3D('',#4403,#3417,#3418);
#2916=AXIS2_PLACEMENT_3D('',#4414,#3419,#3420);
#2917=AXIS2_PLACEMENT_3D('',#4416,#3422,#3423);
#2918=AXIS2_PLACEMENT_3D('',#4424,#3424,#3425);
#2919=AXIS2_PLACEMENT_3D('',#4425,#3426,#3427);
#2920=AXIS2_PLACEMENT_3D('',#4445,#3429,#3430);
#2921=AXIS2_PLACEMENT_3D('',#4447,#3432,#3433);
#2922=AXIS2_PLACEMENT_3D('',#4457,#3439,#3440);
#2923=AXIS2_PLACEMENT_3D('',#4489,#3447,#3448);
#2924=AXIS2_PLACEMENT_3D('',#4492,#3450,#3451);
#2925=AXIS2_PLACEMENT_3D('',#4493,#3452,#3453);
#2926=AXIS2_PLACEMENT_3D('',#4495,#3454,#3455);
#2927=AXIS2_PLACEMENT_3D('',#4497,#3456,#3457);
#2928=AXIS2_PLACEMENT_3D('',#4499,#3458,#3459);
#2929=AXIS2_PLACEMENT_3D('',#4501,#3460,#3461);
#2930=AXIS2_PLACEMENT_3D('',#4502,#3462,#3463);
#2931=AXIS2_PLACEMENT_3D('',#4503,#3464,#3465);
#2932=AXIS2_PLACEMENT_3D('',#4516,#3466,#3467);
#2933=AXIS2_PLACEMENT_3D('',#4517,#3468,#3469);
#2934=AXIS2_PLACEMENT_3D('',#4518,#3470,#3471);
#2935=AXIS2_PLACEMENT_3D('',#4524,#3472,#3473);
#2936=AXIS2_PLACEMENT_3D('',#4525,#3474,#3475);
#2937=AXIS2_PLACEMENT_3D('',#4526,#3476,#3477);
#2938=AXIS2_PLACEMENT_3D('',#4527,#3478,#3479);
#2939=AXIS2_PLACEMENT_3D('',#4528,#3480,#3481);
#2940=AXIS2_PLACEMENT_3D('',#4529,#3482,#3483);
#2941=AXIS2_PLACEMENT_3D('',#4532,#3486,#3487);
#2942=AXIS2_PLACEMENT_3D('',#4535,#3488,#3489);
#2943=AXIS2_PLACEMENT_3D('',#4537,#3491,#3492);
#2944=AXIS2_PLACEMENT_3D('',#4538,#3493,#3494);
#2945=AXIS2_PLACEMENT_3D('',#4539,#3495,#3496);
#2946=AXIS2_PLACEMENT_3D('',#4541,#3497,#3498);
#2947=AXIS2_PLACEMENT_3D('',#4542,#3499,#3500);
#2948=AXIS2_PLACEMENT_3D('',#4543,#3501,#3502);
#2949=AXIS2_PLACEMENT_3D('',#4545,#3503,#3504);
#2950=AXIS2_PLACEMENT_3D('',#4548,#3505,#3506);
#2951=AXIS2_PLACEMENT_3D('',#4550,#3508,#3509);
#2952=AXIS2_PLACEMENT_3D('',#4587,#3512,#3513);
#2953=AXIS2_PLACEMENT_3D('',#4588,#3514,#3515);
#2954=AXIS2_PLACEMENT_3D('',#4622,#3516,#3517);
#2955=AXIS2_PLACEMENT_3D('',#4638,#3518,#3519);
#2956=AXIS2_PLACEMENT_3D('',#4639,#3520,#3521);
#2957=AXIS2_PLACEMENT_3D('',#4643,#3523,#3524);
#2958=AXIS2_PLACEMENT_3D('',#4644,#3525,#3526);
#2959=AXIS2_PLACEMENT_3D('',#4656,#3527,#3528);
#2960=AXIS2_PLACEMENT_3D('',#4657,#3529,#3530);
#2961=AXIS2_PLACEMENT_3D('',#4658,#3531,#3532);
#2962=AXIS2_PLACEMENT_3D('',#4659,#3533,#3534);
#2963=AXIS2_PLACEMENT_3D('',#4662,#3535,#3536);
#2964=AXIS2_PLACEMENT_3D('',#4665,#3539,#3540);
#2965=AXIS2_PLACEMENT_3D('',#4668,#3541,#3542);
#2966=AXIS2_PLACEMENT_3D('',#4669,#3543,#3544);
#2967=AXIS2_PLACEMENT_3D('',#4670,#3545,#3546);
#2968=AXIS2_PLACEMENT_3D('',#4671,#3547,#3548);
#2969=AXIS2_PLACEMENT_3D('',#4674,#3549,#3550);
#2970=AXIS2_PLACEMENT_3D('',#4677,#3553,#3554);
#2971=AXIS2_PLACEMENT_3D('',#4680,#3555,#3556);
#2972=AXIS2_PLACEMENT_3D('',#4681,#3557,#3558);
#2973=AXIS2_PLACEMENT_3D('',#4682,#3559,#3560);
#2974=AXIS2_PLACEMENT_3D('',#4683,#3561,#3562);
#2975=AXIS2_PLACEMENT_3D('',#4686,#3563,#3564);
#2976=AXIS2_PLACEMENT_3D('',#4689,#3567,#3568);
#2977=AXIS2_PLACEMENT_3D('',#4692,#3569,#3570);
#2978=AXIS2_PLACEMENT_3D('',#4693,#3571,#3572);
#2979=AXIS2_PLACEMENT_3D('',#4694,#3573,#3574);
#2980=AXIS2_PLACEMENT_3D('',#4695,#3575,#3576);
#2981=AXIS2_PLACEMENT_3D('',#4699,#3579,#3580);
#2982=AXIS2_PLACEMENT_3D('',#4700,#3581,#3582);
#2983=AXIS2_PLACEMENT_3D('',#4703,#3583,#3584);
#2984=AXIS2_PLACEMENT_3D('',#4718,#3585,#3586);
#2985=AXIS2_PLACEMENT_3D('',#4733,#3587,#3588);
#2986=AXIS2_PLACEMENT_3D('',#4750,#3590,#3591);
#2987=AXIS2_PLACEMENT_3D('',#4755,#3593,#3594);
#2988=AXIS2_PLACEMENT_3D('',#4758,#3596,#3597);
#2989=AXIS2_PLACEMENT_3D('',#4759,#3598,#3599);
#2990=AXIS2_PLACEMENT_3D('',#4762,#3600,#3601);
#2991=AXIS2_PLACEMENT_3D('',#4791,#3602,#3603);
#2992=AXIS2_PLACEMENT_3D('',#4810,#3606,#3607);
#2993=AXIS2_PLACEMENT_3D('',#4811,#3608,#3609);
#2994=AXIS2_PLACEMENT_3D('',#4813,#3610,#3611);
#2995=AXIS2_PLACEMENT_3D('',#4814,#3612,#3613);
#2996=AXIS2_PLACEMENT_3D('',#4815,#3614,#3615);
#2997=AXIS2_PLACEMENT_3D('',#4817,#3616,#3617);
#2998=AXIS2_PLACEMENT_3D('',#4819,#3619,#3620);
#2999=AXIS2_PLACEMENT_3D('',#4821,#3621,#3622);
#3000=AXIS2_PLACEMENT_3D('',#4822,#3623,#3624);
#3001=AXIS2_PLACEMENT_3D('',#4823,#3625,#3626);
#3002=AXIS2_PLACEMENT_3D('',#4840,#3628,#3629);
#3003=AXIS2_PLACEMENT_3D('',#4842,#3630,#3631);
#3004=AXIS2_PLACEMENT_3D('',#4859,#3633,#3634);
#3005=AXIS2_PLACEMENT_3D('',#4860,#3635,#3636);
#3006=AXIS2_PLACEMENT_3D('',#4861,#3637,#3638);
#3007=AXIS2_PLACEMENT_3D('',#4862,#3639,#3640);
#3008=AXIS2_PLACEMENT_3D('',#4864,#3641,#3642);
#3009=AXIS2_PLACEMENT_3D('',#4865,#3643,#3644);
#3010=AXIS2_PLACEMENT_3D('',#4866,#3645,#3646);
#3011=AXIS2_PLACEMENT_3D('',#4869,#3648,#3649);
#3012=AXIS2_PLACEMENT_3D('',#4870,#3650,#3651);
#3013=AXIS2_PLACEMENT_3D('',#4873,#3654,#3655);
#3014=AXIS2_PLACEMENT_3D('',#4890,#3657,#3658);
#3015=AXIS2_PLACEMENT_3D('',#4894,#3660,#3661);
#3016=AXIS2_PLACEMENT_3D('',#4896,#3663,#3664);
#3017=AXIS2_PLACEMENT_3D('',#4898,#3665,#3666);
#3018=AXIS2_PLACEMENT_3D('',#4900,#3667,#3668);
#3019=AXIS2_PLACEMENT_3D('',#4915,#3669,#3670);
#3020=AXIS2_PLACEMENT_3D('',#4916,#3671,#3672);
#3021=AXIS2_PLACEMENT_3D('',#4917,#3673,#3674);
#3022=AXIS2_PLACEMENT_3D('',#4920,#3677,#3678);
#3023=AXIS2_PLACEMENT_3D('',#4923,#3681,#3682);
#3024=AXIS2_PLACEMENT_3D('',#4927,#3684,#3685);
#3025=AXIS2_PLACEMENT_3D('',#4929,#3687,#3688);
#3026=AXIS2_PLACEMENT_3D('',#4930,#3689,#3690);
#3027=AXIS2_PLACEMENT_3D('',#4931,#3691,#3692);
#3028=AXIS2_PLACEMENT_3D('',#4932,#3693,#3694);
#3029=AXIS2_PLACEMENT_3D('',#4934,#3696,#3697);
#3030=AXIS2_PLACEMENT_3D('',#4938,#3699,#3700);
#3031=AXIS2_PLACEMENT_3D('',#4939,#3701,#3702);
#3032=AXIS2_PLACEMENT_3D('',#4940,#3703,#3704);
#3033=AXIS2_PLACEMENT_3D('',#4944,#3707,#3708);
#3034=AXIS2_PLACEMENT_3D('',#4947,#3710,#3711);
#3035=AXIS2_PLACEMENT_3D('',#4948,#3712,#3713);
#3036=AXIS2_PLACEMENT_3D('',#4952,#3716,#3717);
#3037=AXIS2_PLACEMENT_3D('',#4955,#3719,#3720);
#3038=AXIS2_PLACEMENT_3D('',#4956,#3721,#3722);
#3039=AXIS2_PLACEMENT_3D('',#4960,#3725,#3726);
#3040=AXIS2_PLACEMENT_3D('',#4963,#3728,#3729);
#3041=AXIS2_PLACEMENT_3D('',#4964,#3730,#3731);
#3042=AXIS2_PLACEMENT_3D('',#4968,#3734,#3735);
#3043=AXIS2_PLACEMENT_3D('',#4969,#3736,#3737);
#3044=AXIS2_PLACEMENT_3D('',#4971,#3738,#3739);
#3045=AXIS2_PLACEMENT_3D('',#4973,#3740,#3741);
#3046=AXIS2_PLACEMENT_3D('',#4975,#3742,#3743);
#3047=AXIS2_PLACEMENT_3D('',#4977,#3744,#3745);
#3048=AXIS2_PLACEMENT_3D('',#4978,#3746,#3747);
#3049=AXIS2_PLACEMENT_3D('',#5000,#3748,#3749);
#3050=AXIS2_PLACEMENT_3D('',#5018,#3750,#3751);
#3051=AXIS2_PLACEMENT_3D('',#5019,#3752,#3753);
#3052=AXIS2_PLACEMENT_3D('',#5040,#3756,#3757);
#3053=AXIS2_PLACEMENT_3D('',#5078,#3760,#3761);
#3054=AXIS2_PLACEMENT_3D('',#5080,#3762,#3763);
#3055=AXIS2_PLACEMENT_3D('',#5082,#3764,#3765);
#3056=AXIS2_PLACEMENT_3D('',#5097,#3766,#3767);
#3057=AXIS2_PLACEMENT_3D('',#5101,#3770,#3771);
#3058=AXIS2_PLACEMENT_3D('',#5111,#3772,#3773);
#3059=AXIS2_PLACEMENT_3D('',#5113,#3774,#3775);
#3060=AXIS2_PLACEMENT_3D('',#5114,#3776,#3777);
#3061=AXIS2_PLACEMENT_3D('',#5115,#3778,#3779);
#3062=AXIS2_PLACEMENT_3D('',#5117,#3780,#3781);
#3063=AXIS2_PLACEMENT_3D('',#5119,#3783,#3784);
#3064=AXIS2_PLACEMENT_3D('',#5121,#3785,#3786);
#3065=AXIS2_PLACEMENT_3D('',#5122,#3787,#3788);
#3066=AXIS2_PLACEMENT_3D('',#5123,#3789,#3790);
#3067=AXIS2_PLACEMENT_3D('',#5125,#3791,#3792);
#3068=AXIS2_PLACEMENT_3D('',#5127,#3794,#3795);
#3069=AXIS2_PLACEMENT_3D('',#5129,#3796,#3797);
#3070=AXIS2_PLACEMENT_3D('',#5130,#3798,#3799);
#3071=AXIS2_PLACEMENT_3D('',#5131,#3800,#3801);
#3072=AXIS2_PLACEMENT_3D('',#5133,#3802,#3803);
#3073=AXIS2_PLACEMENT_3D('',#5135,#3805,#3806);
#3074=AXIS2_PLACEMENT_3D('',#5137,#3807,#3808);
#3075=AXIS2_PLACEMENT_3D('',#5138,#3809,#3810);
#3076=AXIS2_PLACEMENT_3D('',#5139,#3811,#3812);
#3077=AXIS2_PLACEMENT_3D('',#5150,#3814,#3815);
#3078=AXIS2_PLACEMENT_3D('',#5151,#3816,#3817);
#3079=AXIS2_PLACEMENT_3D('',#5152,#3818,#3819);
#3080=AXIS2_PLACEMENT_3D('',#5154,#3821,#3822);
#3081=AXIS2_PLACEMENT_3D('',#5156,#3824,#3825);
#3082=AXIS2_PLACEMENT_3D('',#5157,#3826,#3827);
#3083=AXIS2_PLACEMENT_3D('',#5176,#3830,#3831);
#3084=AXIS2_PLACEMENT_3D('',#5177,#3832,#3833);
#3085=AXIS2_PLACEMENT_3D('',#5180,#3836,#3837);
#3086=AXIS2_PLACEMENT_3D('',#5187,#3843,#3844);
#3087=AXIS2_PLACEMENT_3D('',#5188,#3845,#3846);
#3088=AXIS2_PLACEMENT_3D('',#5190,#3847,#3848);
#3089=AXIS2_PLACEMENT_3D('',#5192,#3849,#3850);
#3090=AXIS2_PLACEMENT_3D('',#5194,#3851,#3852);
#3091=AXIS2_PLACEMENT_3D('',#5195,#3853,#3854);
#3092=AXIS2_PLACEMENT_3D('',#5196,#3855,#3856);
#3093=AXIS2_PLACEMENT_3D('',#5199,#3858,#3859);
#3094=AXIS2_PLACEMENT_3D('',#5200,#3860,#3861);
#3095=AXIS2_PLACEMENT_3D('',#5201,#3862,#3863);
#3096=AXIS2_PLACEMENT_3D('',#5203,#3864,#3865);
#3097=AXIS2_PLACEMENT_3D('',#5204,#3866,#3867);
#3098=AXIS2_PLACEMENT_3D('',#5206,#3868,#3869);
#3099=AXIS2_PLACEMENT_3D('',#5208,#3870,#3871);
#3100=AXIS2_PLACEMENT_3D('',#5210,#3872,#3873);
#3101=AXIS2_PLACEMENT_3D('',#5211,#3874,#3875);
#3102=AXIS2_PLACEMENT_3D('',#5212,#3876,#3877);
#3103=AXIS2_PLACEMENT_3D('',#5214,#3879,#3880);
#3104=AXIS2_PLACEMENT_3D('',#5219,#3882,#3883);
#3105=AXIS2_PLACEMENT_3D('',#5223,#3885,#3886);
#3106=AXIS2_PLACEMENT_3D('',#5227,#3888,#3889);
#3107=AXIS2_PLACEMENT_3D('',#5230,#3891,#3892);
#3108=AXIS2_PLACEMENT_3D('',#5231,#3893,#3894);
#3109=AXIS2_PLACEMENT_3D('',#5234,#3895,#3896);
#3110=AXIS2_PLACEMENT_3D('',#5237,#3899,#3900);
#3111=AXIS2_PLACEMENT_3D('',#5241,#3903,#3904);
#3112=AXIS2_PLACEMENT_3D('',#5243,#3905,#3906);
#3113=AXIS2_PLACEMENT_3D('',#5245,#3908,#3909);
#3114=AXIS2_PLACEMENT_3D('',#5249,#3912,#3913);
#3115=AXIS2_PLACEMENT_3D('',#5252,#3914,#3915);
#3116=AXIS2_PLACEMENT_3D('',#5255,#3918,#3919);
#3117=AXIS2_PLACEMENT_3D('',#5257,#3921,#3922);
#3118=AXIS2_PLACEMENT_3D('',#5259,#3923,#3924);
#3119=AXIS2_PLACEMENT_3D('',#5261,#3926,#3927);
#3120=AXIS2_PLACEMENT_3D('',#5263,#3929,#3930);
#3121=AXIS2_PLACEMENT_3D('',#5264,#3931,#3932);
#3122=AXIS2_PLACEMENT_3D('',#5265,#3933,#3934);
#3123=AXIS2_PLACEMENT_3D('',#5266,#3935,#3936);
#3124=AXIS2_PLACEMENT_3D('',#5267,#3937,#3938);
#3125=AXIS2_PLACEMENT_3D('',#5296,#3939,#3940);
#3126=AXIS2_PLACEMENT_3D('',#5298,#3941,#3942);
#3127=AXIS2_PLACEMENT_3D('',#5300,#3943,#3944);
#3128=AXIS2_PLACEMENT_3D('',#5301,#3945,#3946);
#3129=AXIS2_PLACEMENT_3D('',#5302,#3947,#3948);
#3130=AXIS2_PLACEMENT_3D('',#5305,#3950,#3951);
#3131=AXIS2_PLACEMENT_3D('',#5306,#3952,#3953);
#3132=AXIS2_PLACEMENT_3D('',#5307,#3954,#3955);
#3133=AXIS2_PLACEMENT_3D('',#5309,#3956,#3957);
#3134=AXIS2_PLACEMENT_3D('',#5311,#3958,#3959);
#3135=AXIS2_PLACEMENT_3D('',#5313,#3960,#3961);
#3136=AXIS2_PLACEMENT_3D('',#5314,#3962,#3963);
#3137=AXIS2_PLACEMENT_3D('',#5315,#3964,#3965);
#3138=AXIS2_PLACEMENT_3D('',#5317,#3967,#3968);
#3139=AXIS2_PLACEMENT_3D('',#5319,#3969,#3970);
#3140=AXIS2_PLACEMENT_3D('',#5320,#3971,#3972);
#3141=AXIS2_PLACEMENT_3D('',#5323,#3974,#3975);
#3142=AXIS2_PLACEMENT_3D('',#5324,#3976,#3977);
#3143=AXIS2_PLACEMENT_3D('',#5325,#3978,#3979);
#3144=AXIS2_PLACEMENT_3D('',#5326,#3980,#3981);
#3145=AXIS2_PLACEMENT_3D('',#5330,#3983,#3984);
#3146=AXIS2_PLACEMENT_3D('',#5332,#3986,#3987);
#3147=AXIS2_PLACEMENT_3D('',#5335,#3988,#3989);
#3148=AXIS2_PLACEMENT_3D('',#5338,#3992,#3993);
#3149=AXIS2_PLACEMENT_3D('',#5339,#3994,#3995);
#3150=AXIS2_PLACEMENT_3D('',#5340,#3996,#3997);
#3151=AXIS2_PLACEMENT_3D('',#5341,#3998,#3999);
#3152=AXIS2_PLACEMENT_3D('',#5342,#4000,#4001);
#3153=AXIS2_PLACEMENT_3D('',#5348,#4005,#4006);
#3154=AXIS2_PLACEMENT_3D('',#5351,#4008,#4009);
#3155=AXIS2_PLACEMENT_3D('',#5352,#4010,#4011);
#3156=AXIS2_PLACEMENT_3D('',#5353,#4012,#4013);
#3157=AXIS2_PLACEMENT_3D('',#5357,#4016,#4017);
#3158=AXIS2_PLACEMENT_3D('',#5361,#4020,#4021);
#3159=AXIS2_PLACEMENT_3D('',#5363,#4022,#4023);
#3160=AXIS2_PLACEMENT_3D('',#5365,#4025,#4026);
#3161=AXIS2_PLACEMENT_3D('',#5368,#4028,#4029);
#3162=AXIS2_PLACEMENT_3D('',#5369,#4030,#4031);
#3163=AXIS2_PLACEMENT_3D('',#5370,#4032,#4033);
#3164=AXIS2_PLACEMENT_3D('',#5374,#4035,#4036);
#3165=AXIS2_PLACEMENT_3D('',#5376,#4038,#4039);
#3166=AXIS2_PLACEMENT_3D('',#5378,#4041,#4042);
#3167=AXIS2_PLACEMENT_3D('',#5380,#4044,#4045);
#3168=AXIS2_PLACEMENT_3D('',#5381,#4046,#4047);
#3169=AXIS2_PLACEMENT_3D('',#5387,#4051,#4052);
#3170=AXIS2_PLACEMENT_3D('',#5388,#4053,#4054);
#3171=AXIS2_PLACEMENT_3D('',#5389,#4055,#4056);
#3172=AXIS2_PLACEMENT_3D('',#5391,#4058,#4059);
#3173=AXIS2_PLACEMENT_3D('',#5394,#4061,#4062);
#3174=AXIS2_PLACEMENT_3D('',#5395,#4063,#4064);
#3175=AXIS2_PLACEMENT_3D('',#5396,#4065,#4066);
#3176=AXIS2_PLACEMENT_3D('',#5399,#4068,#4069);
#3177=AXIS2_PLACEMENT_3D('',#5400,#4070,#4071);
#3178=AXIS2_PLACEMENT_3D('',#5401,#4072,#4073);
#3179=AXIS2_PLACEMENT_3D('',#5404,#4076,#4077);
#3180=AXIS2_PLACEMENT_3D('',#5405,#4078,#4079);
#3181=DIRECTION('axis',(0.,0.,1.));
#3182=DIRECTION('refdir',(1.,0.,0.));
#3183=DIRECTION('center_axis',(0.,0.,1.));
#3184=DIRECTION('ref_axis',(1.,0.,0.));
#3185=DIRECTION('center_axis',(0.,0.,1.));
#3186=DIRECTION('ref_axis',(-1.,0.,0.));
#3187=DIRECTION('',(-0.446652417401771,0.894707560060356,0.));
#3188=DIRECTION('center_axis',(0.,0.,-1.));
#3189=DIRECTION('ref_axis',(-0.985048479238605,0.172277373876292,0.));
#3190=DIRECTION('',(-0.602326919031244,-0.798249511500213,0.));
#3191=DIRECTION('',(0.802230794682446,-0.597014030038802,0.));
#3192=DIRECTION('center_axis',(0.,0.,-1.));
#3193=DIRECTION('ref_axis',(-0.802230794682446,0.597014030038802,0.));
#3194=DIRECTION('',(-0.8022307946835,0.597014030037386,0.));
#3195=DIRECTION('center_axis',(0.,0.,-1.));
#3196=DIRECTION('ref_axis',(-1.,0.,0.));
#3197=DIRECTION('',(0.581293691231743,0.81369382726808,0.));
#3198=DIRECTION('center_axis',(0.,0.,-1.));
#3199=DIRECTION('ref_axis',(-1.,0.,0.));
#3200=DIRECTION('',(0.57428935742816,0.818652388956846,0.));
#3201=DIRECTION('center_axis',(0.,0.,1.));
#3202=DIRECTION('ref_axis',(-1.,0.,0.));
#3203=DIRECTION('center_axis',(0.,0.,-1.));
#3204=DIRECTION('ref_axis',(-1.,0.,0.));
#3205=DIRECTION('center_axis',(0.,0.,-1.));
#3206=DIRECTION('ref_axis',(-1.,0.,0.));
#3207=DIRECTION('',(0.,0.,-1.));
#3208=DIRECTION('center_axis',(0.,0.,-1.));
#3209=DIRECTION('ref_axis',(-1.,0.,0.));
#3210=DIRECTION('center_axis',(0.,0.,-1.));
#3211=DIRECTION('ref_axis',(-1.,0.,0.));
#3212=DIRECTION('center_axis',(0.,0.,1.));
#3213=DIRECTION('ref_axis',(-0.972734651154606,0.2319208883286,0.));
#3214=DIRECTION('center_axis',(0.,0.,1.));
#3215=DIRECTION('ref_axis',(-0.985048479238605,0.172277373876292,0.));
#3216=DIRECTION('center_axis',(0.44665241740177,-0.894707560060355,0.));
#3217=DIRECTION('ref_axis',(-0.632653782897548,-0.315830953178161,0.707106781186545));
#3218=DIRECTION('',(0.446652417401771,-0.894707560060356,0.));
#3219=DIRECTION('center_axis',(0.,0.,1.));
#3220=DIRECTION('ref_axis',(1.,0.,0.));
#3221=DIRECTION('center_axis',(0.,-1.,0.));
#3222=DIRECTION('ref_axis',(-1.,0.,0.));
#3223=DIRECTION('center_axis',(0.,0.,1.));
#3224=DIRECTION('ref_axis',(-0.54567042308244,0.837999874327575,0.));
#3225=DIRECTION('center_axis',(0.,0.,1.));
#3226=DIRECTION('ref_axis',(-1.,0.,0.));
#3227=DIRECTION('center_axis',(0.,0.,1.));
#3228=DIRECTION('ref_axis',(-0.54567042308244,0.837999874327575,0.));
#3229=DIRECTION('center_axis',(-0.631034699715004,0.775754605371824,0.));
#3230=DIRECTION('ref_axis',(0.548541341995109,0.446208915332498,0.707106781186548));
#3231=DIRECTION('',(0.631034699715004,-0.775754605371824,0.));
#3232=DIRECTION('center_axis',(0.818652388956846,-0.57428935742816,0.));
#3233=DIRECTION('ref_axis',(0.57428935742816,0.818652388956846,1.24617718883704E-15));
#3234=DIRECTION('',(-0.631034699715004,0.775754605371824,0.));
#3235=DIRECTION('center_axis',(0.,0.,1.));
#3236=DIRECTION('ref_axis',(-0.985048479238605,0.172277373876291,0.));
#3237=DIRECTION('',(0.,0.,1.));
#3238=DIRECTION('center_axis',(0.,0.,-1.));
#3239=DIRECTION('ref_axis',(-0.985048479238605,0.172277373876292,0.));
#3240=DIRECTION('',(0.,0.,1.));
#3241=DIRECTION('center_axis',(-0.894707560060355,-0.44665241740177,0.));
#3242=DIRECTION('ref_axis',(0.446652417401771,-0.894707560060356,0.));
#3243=DIRECTION('',(0.,0.,1.));
#3244=DIRECTION('',(-0.446652417401771,0.894707560060356,0.));
#3245=DIRECTION('center_axis',(0.,0.,1.));
#3246=DIRECTION('ref_axis',(-0.54567042308244,0.837999874327575,0.));
#3247=DIRECTION('',(0.,0.,1.));
#3248=DIRECTION('center_axis',(0.,0.,-1.));
#3249=DIRECTION('ref_axis',(-0.54567042308244,0.837999874327575,0.));
#3250=DIRECTION('center_axis',(0.775754605371824,0.631034699715004,0.));
#3251=DIRECTION('ref_axis',(-0.631034699715004,0.775754605371824,0.));
#3252=DIRECTION('',(0.,0.,1.));
#3253=DIRECTION('',(0.631034699715004,-0.775754605371824,0.));
#3254=DIRECTION('center_axis',(-0.802230794682446,0.597014030038802,0.));
#3255=DIRECTION('ref_axis',(0.422152669103946,0.567262834996634,0.707106781186545));
#3256=DIRECTION('center_axis',(0.802230794682444,-0.597014030038804,0.));
#3257=DIRECTION('ref_axis',(0.597014030038804,0.802230794682444,0.));
#3258=DIRECTION('center_axis',(0.798249511500213,-0.602326919031244,0.));
#3259=DIRECTION('ref_axis',(0.602326919031244,0.798249511500213,-3.60814530943777E-15));
#3260=DIRECTION('',(-0.802230794682446,0.597014030038802,0.));
#3261=DIRECTION('center_axis',(0.,0.,1.));
#3262=DIRECTION('ref_axis',(-0.802230794682446,0.597014030038802,0.));
#3263=DIRECTION('center_axis',(-0.802230794682447,0.597014030038801,0.));
#3264=DIRECTION('ref_axis',(-0.5970140300388,-0.802230794682447,0.));
#3265=DIRECTION('center_axis',(0.,0.,1.));
#3266=DIRECTION('ref_axis',(-0.802230794682446,0.597014030038802,0.));
#3267=DIRECTION('center_axis',(0.8022307946835,-0.597014030037386,0.));
#3268=DIRECTION('ref_axis',(-0.422152669102948,-0.567262834997377,0.707106781186544));
#3269=DIRECTION('',(0.8022307946835,-0.597014030037386,0.));
#3270=DIRECTION('center_axis',(-0.597014030037386,-0.8022307946835,0.));
#3271=DIRECTION('ref_axis',(0.8022307946835,-0.597014030037386,0.));
#3272=DIRECTION('',(0.,0.,1.));
#3273=DIRECTION('',(-0.8022307946835,0.597014030037386,0.));
#3274=DIRECTION('',(0.,0.,1.));
#3275=DIRECTION('center_axis',(0.,0.,1.));
#3276=DIRECTION('ref_axis',(0.597014030038802,0.802230794682446,0.));
#3277=DIRECTION('',(0.,0.,1.));
#3278=DIRECTION('center_axis',(0.,0.,-1.));
#3279=DIRECTION('ref_axis',(-0.802230794682446,0.597014030038802,0.));
#3280=DIRECTION('center_axis',(0.597014030038802,0.802230794682446,0.));
#3281=DIRECTION('ref_axis',(-0.802230794682446,0.597014030038802,0.));
#3282=DIRECTION('',(0.,0.,1.));
#3283=DIRECTION('',(0.802230794682446,-0.597014030038802,0.));
#3284=DIRECTION('center_axis',(0.,0.,-1.));
#3285=DIRECTION('ref_axis',(-1.,0.,0.));
#3286=DIRECTION('center_axis',(0.,-1.,0.));
#3287=DIRECTION('ref_axis',(1.,0.,0.));
#3288=DIRECTION('center_axis',(0.,0.,-1.));
#3289=DIRECTION('ref_axis',(-1.,0.,0.));
#3290=DIRECTION('center_axis',(0.,0.,-1.));
#3291=DIRECTION('ref_axis',(-1.,0.,0.));
#3292=DIRECTION('',(0.,0.,-1.));
#3293=DIRECTION('center_axis',(0.,0.,-1.));
#3294=DIRECTION('ref_axis',(-1.,0.,0.));
#3295=DIRECTION('center_axis',(0.,0.,1.));
#3296=DIRECTION('ref_axis',(1.,0.,0.));
#3297=DIRECTION('',(0.57428935742816,0.818652388956846,0.));
#3298=DIRECTION('center_axis',(0.,0.,-1.));
#3299=DIRECTION('ref_axis',(-1.,0.,0.));
#3300=DIRECTION('center_axis',(0.,0.,1.));
#3301=DIRECTION('ref_axis',(-1.,0.,0.));
#3302=DIRECTION('center_axis',(0.,-1.,0.));
#3303=DIRECTION('ref_axis',(1.,0.,0.));
#3304=DIRECTION('center_axis',(0.,0.,-1.));
#3305=DIRECTION('ref_axis',(-1.,0.,0.));
#3306=DIRECTION('center_axis',(0.,0.,-1.));
#3307=DIRECTION('ref_axis',(-1.,0.,0.));
#3308=DIRECTION('',(0.,0.,-1.));
#3309=DIRECTION('center_axis',(0.,0.,-1.));
#3310=DIRECTION('ref_axis',(-1.,0.,0.));
#3311=DIRECTION('center_axis',(0.,0.,1.));
#3312=DIRECTION('ref_axis',(1.,0.,0.));
#3313=DIRECTION('',(0.880882894777043,0.473334264224783,0.));
#3314=DIRECTION('',(-0.881594610441796,-0.472007354646066,0.));
#3315=DIRECTION('',(-0.499694402837847,0.866201768511545,0.));
#3316=DIRECTION('center_axis',(0.,0.,-1.));
#3317=DIRECTION('ref_axis',(0.499694402837847,-0.866201768511545,0.));
#3318=DIRECTION('',(0.499694402837845,-0.866201768511546,0.));
#3319=DIRECTION('center_axis',(0.499694402837847,-0.866201768511545,0.));
#3320=DIRECTION('ref_axis',(-0.612497144390288,-0.353337300767604,0.707106781186552));
#3321=DIRECTION('center_axis',(-0.472007354646066,0.881594610441797,0.));
#3322=DIRECTION('ref_axis',(-0.881594610441797,-0.472007354646066,-7.03713165147529E-14));
#3323=DIRECTION('',(0.499694402837847,-0.866201768511545,0.));
#3324=DIRECTION('center_axis',(-0.499694402837844,0.866201768511546,0.));
#3325=DIRECTION('ref_axis',(-0.866201768511546,-0.499694402837844,0.));
#3326=DIRECTION('center_axis',(0.,0.,1.));
#3327=DIRECTION('ref_axis',(1.,0.,0.));
#3328=DIRECTION('center_axis',(0.499694402837842,-0.866201768511547,0.));
#3329=DIRECTION('ref_axis',(0.866201768511547,0.499694402837842,0.));
#3330=DIRECTION('center_axis',(0.,0.,1.));
#3331=DIRECTION('ref_axis',(0.499694402837846,-0.866201768511545,0.));
#3332=DIRECTION('center_axis',(-0.499694402837846,0.866201768511546,0.));
#3333=DIRECTION('ref_axis',(0.612497144390295,0.353337300767605,0.707106781186546));
#3334=DIRECTION('center_axis',(-0.473334264224783,0.880882894777043,0.));
#3335=DIRECTION('ref_axis',(0.880882894777044,0.473334264224783,-2.86677060961916E-15));
#3336=DIRECTION('',(-0.499694402837845,0.866201768511546,0.));
#3337=DIRECTION('center_axis',(0.866201768511546,0.499694402837846,0.));
#3338=DIRECTION('ref_axis',(-0.499694402837845,0.866201768511546,0.));
#3339=DIRECTION('',(0.,0.,1.));
#3340=DIRECTION('',(0.499694402837845,-0.866201768511546,0.));
#3341=DIRECTION('',(0.,0.,1.));
#3342=DIRECTION('',(0.499694402837846,-0.866201768511546,0.));
#3343=DIRECTION('',(0.,0.,1.));
#3344=DIRECTION('center_axis',(0.,0.,1.));
#3345=DIRECTION('ref_axis',(-0.866201768511545,-0.499694402837846,0.));
#3346=DIRECTION('',(0.,0.,1.));
#3347=DIRECTION('center_axis',(0.,0.,-1.));
#3348=DIRECTION('ref_axis',(0.499694402837846,-0.866201768511545,0.));
#3349=DIRECTION('center_axis',(-0.866201768511545,-0.499694402837847,0.));
#3350=DIRECTION('ref_axis',(0.499694402837847,-0.866201768511545,0.));
#3351=DIRECTION('',(0.,0.,1.));
#3352=DIRECTION('',(-0.499694402837847,0.866201768511545,0.));
#3353=DIRECTION('center_axis',(0.,0.,1.));
#3354=DIRECTION('ref_axis',(1.,0.,0.));
#3355=DIRECTION('center_axis',(0.,0.,1.));
#3356=DIRECTION('ref_axis',(1.,0.,0.));
#3357=DIRECTION('',(0.,0.,1.));
#3358=DIRECTION('center_axis',(0.,0.,-1.));
#3359=DIRECTION('ref_axis',(1.,0.,0.));
#3360=DIRECTION('center_axis',(0.,0.,1.));
#3361=DIRECTION('ref_axis',(1.,0.,0.));
#3362=DIRECTION('center_axis',(0.,0.,1.));
#3363=DIRECTION('ref_axis',(1.,0.,0.));
#3364=DIRECTION('',(0.,0.,1.));
#3365=DIRECTION('center_axis',(0.,0.,-1.));
#3366=DIRECTION('ref_axis',(1.,0.,0.));
#3367=DIRECTION('center_axis',(0.,0.,1.));
#3368=DIRECTION('ref_axis',(1.,0.,0.));
#3369=DIRECTION('center_axis',(0.,0.,1.));
#3370=DIRECTION('ref_axis',(1.,0.,0.));
#3371=DIRECTION('',(0.,0.,1.));
#3372=DIRECTION('center_axis',(0.,0.,-1.));
#3373=DIRECTION('ref_axis',(1.,0.,0.));
#3374=DIRECTION('center_axis',(0.829336849654236,0.558748950608041,0.));
#3375=DIRECTION('ref_axis',(0.395095171955809,-0.5864297102784,0.707106781186549));
#3376=DIRECTION('',(0.829336849654236,0.558748950608041,0.));
#3377=DIRECTION('center_axis',(-0.829336849654232,-0.558748950608046,0.));
#3378=DIRECTION('ref_axis',(0.558748950608046,-0.829336849654233,0.));
#3379=DIRECTION('',(-0.829336849654236,-0.558748950608041,0.));
#3380=DIRECTION('center_axis',(-0.928179905998046,-0.372131780558257,0.));
#3381=DIRECTION('ref_axis',(-0.263136905527762,0.656322305692313,0.707106781186547));
#3382=DIRECTION('',(-0.928179905998046,-0.372131780558257,0.));
#3383=DIRECTION('center_axis',(0.928179905998045,0.372131780558259,0.));
#3384=DIRECTION('ref_axis',(-0.372131780558259,0.928179905998045,0.));
#3385=DIRECTION('',(0.928179905998046,0.372131780558257,0.));
#3386=DIRECTION('center_axis',(-0.923404829146677,-0.383827463202669,0.));
#3387=DIRECTION('ref_axis',(0.383827463202669,-0.923404829146677,0.));
#3388=DIRECTION('center_axis',(0.,0.,-1.));
#3389=DIRECTION('ref_axis',(-1.,0.,0.));
#3390=DIRECTION('center_axis',(0.4327606475021,0.901508858510865,0.));
#3391=DIRECTION('ref_axis',(-0.901508858510865,0.4327606475021,0.));
#3392=DIRECTION('center_axis',(0.,0.,-1.));
#3393=DIRECTION('ref_axis',(-0.68330094379729,0.730136850327206,0.));
#3394=DIRECTION('center_axis',(0.,0.,1.));
#3395=DIRECTION('ref_axis',(-0.68330094379729,0.730136850327206,0.));
#3396=DIRECTION('center_axis',(0.,0.,1.));
#3397=DIRECTION('ref_axis',(-0.841630023921668,-0.540054536906794,0.));
#3398=DIRECTION('center_axis',(0.,0.,-1.));
#3399=DIRECTION('ref_axis',(-0.841630023921668,-0.540054536906794,0.));
#3400=DIRECTION('center_axis',(0.,0.,1.));
#3401=DIRECTION('ref_axis',(-0.841630023921668,-0.540054536906794,0.));
#3402=DIRECTION('center_axis',(-0.918482385794452,-0.395461890686487,0.));
#3403=DIRECTION('ref_axis',(-0.279633784605269,0.64946512339566,0.707106781186544));
#3404=DIRECTION('',(0.918482385794452,0.395461890686487,0.));
#3405=DIRECTION('center_axis',(-0.918482385794452,-0.395461890686487,-2.80992573697238E-15));
#3406=DIRECTION('ref_axis',(0.,-7.105427357601E-15,1.));
#3407=DIRECTION('',(-0.918482385794452,-0.395461890686487,0.));
#3408=DIRECTION('center_axis',(0.829336849654236,0.558748950608041,0.));
#3409=DIRECTION('ref_axis',(0.395095171955809,-0.5864297102784,0.707106781186549));
#3410=DIRECTION('',(0.829336849654236,0.558748950608041,0.));
#3411=DIRECTION('center_axis',(-0.829336849654239,-0.558748950608037,0.));
#3412=DIRECTION('ref_axis',(0.558748950608037,-0.829336849654239,0.));
#3413=DIRECTION('center_axis',(0.,0.,1.));
#3414=DIRECTION('ref_axis',(1.,0.,0.));
#3415=DIRECTION('center_axis',(0.,0.,-1.));
#3416=DIRECTION('ref_axis',(-0.378480702790368,0.925609181898769,0.));
#3417=DIRECTION('center_axis',(-0.918482385794452,-0.395461890686487,0.));
#3418=DIRECTION('ref_axis',(-0.279633784605269,0.64946512339566,0.707106781186544));
#3419=DIRECTION('center_axis',(-0.918482385794451,-0.395461890686489,0.));
#3420=DIRECTION('ref_axis',(0.,0.,1.));
#3421=DIRECTION('',(-0.918482385794452,-0.395461890686487,0.));
#3422=DIRECTION('center_axis',(0.,0.,1.));
#3423=DIRECTION('ref_axis',(1.,0.,0.));
#3424=DIRECTION('center_axis',(0.,0.,-1.));
#3425=DIRECTION('ref_axis',(0.592958129847978,-0.805233293056856,0.));
#3426=DIRECTION('center_axis',(0.,0.,1.));
#3427=DIRECTION('ref_axis',(-0.68330094379729,0.730136850327206,0.));
#3428=DIRECTION('',(0.,0.,1.));
#3429=DIRECTION('center_axis',(0.,0.,-1.));
#3430=DIRECTION('ref_axis',(-0.68330094379729,0.730136850327206,0.));
#3431=DIRECTION('',(0.,0.,1.));
#3432=DIRECTION('center_axis',(-0.372131780558257,0.928179905998046,0.));
#3433=DIRECTION('ref_axis',(-0.928179905998046,-0.372131780558257,0.));
#3434=DIRECTION('',(0.,0.,1.));
#3435=DIRECTION('',(0.,0.,1.));
#3436=DIRECTION('',(0.928179905998046,0.372131780558257,0.));
#3437=DIRECTION('',(0.,0.,1.));
#3438=DIRECTION('',(-0.928179905998046,-0.372131780558257,0.));
#3439=DIRECTION('center_axis',(-0.395461890686487,0.918482385794452,0.));
#3440=DIRECTION('ref_axis',(-0.918482385794452,-0.395461890686487,0.));
#3441=DIRECTION('',(0.,0.,1.));
#3442=DIRECTION('',(0.918482385794452,0.395461890686487,0.));
#3443=DIRECTION('',(0.,0.,1.));
#3444=DIRECTION('',(0.918482385794452,0.395461890686487,0.));
#3445=DIRECTION('',(0.,0.,1.));
#3446=DIRECTION('',(-0.918482385794452,-0.395461890686487,0.));
#3447=DIRECTION('center_axis',(0.,0.,-1.));
#3448=DIRECTION('ref_axis',(0.592958129847983,-0.805233293056852,0.));
#3449=DIRECTION('',(0.,0.,-1.));
#3450=DIRECTION('center_axis',(0.,0.,1.));
#3451=DIRECTION('ref_axis',(0.592958129847981,-0.805233293056854,0.));
#3452=DIRECTION('center_axis',(0.,0.,-1.));
#3453=DIRECTION('ref_axis',(0.862606686115432,0.505875187243803,0.));
#3454=DIRECTION('center_axis',(0.704433498070079,0.709769995700545,5.00530104879771E-15));
#3455=DIRECTION('ref_axis',(7.105427357601E-15,0.,-1.));
#3456=DIRECTION('center_axis',(0.,0.,-1.));
#3457=DIRECTION('ref_axis',(0.866245579307758,0.499618450749936,0.));
#3458=DIRECTION('center_axis',(0.,0.,-1.));
#3459=DIRECTION('ref_axis',(0.866245579307758,0.499618450749936,0.));
#3460=DIRECTION('center_axis',(0.963337298823569,0.26829321403142,9.53168971418776E-16));
#3461=DIRECTION('ref_axis',(0.26829321403142,-0.963337298823569,0.));
#3462=DIRECTION('center_axis',(0.,0.,1.));
#3463=DIRECTION('ref_axis',(0.866245579307758,0.499618450749936,0.));
#3464=DIRECTION('center_axis',(0.,0.,1.));
#3465=DIRECTION('ref_axis',(1.,0.,0.));
#3466=DIRECTION('center_axis',(0.,0.,-1.));
#3467=DIRECTION('ref_axis',(0.182405207237108,-0.983223443766872,0.));
#3468=DIRECTION('center_axis',(0.983223443766872,0.18240520723711,0.));
#3469=DIRECTION('ref_axis',(0.18240520723711,-0.983223443766872,0.));
#3470=DIRECTION('center_axis',(0.,0.,-1.));
#3471=DIRECTION('ref_axis',(-1.,0.,0.));
#3472=DIRECTION('center_axis',(0.,0.,1.));
#3473=DIRECTION('ref_axis',(-0.378480702790369,0.925609181898769,0.));
#3474=DIRECTION('center_axis',(0.,0.,1.));
#3475=DIRECTION('ref_axis',(1.,0.,0.));
#3476=DIRECTION('center_axis',(0.650248860913277,0.759721277101666,0.));
#3477=DIRECTION('ref_axis',(0.,0.,-1.));
#3478=DIRECTION('center_axis',(0.,0.,-1.));
#3479=DIRECTION('ref_axis',(-0.759721277101666,0.650248860913276,0.));
#3480=DIRECTION('center_axis',(0.,0.,-1.));
#3481=DIRECTION('ref_axis',(-1.,0.,0.));
#3482=DIRECTION('center_axis',(0.,0.,1.));
#3483=DIRECTION('ref_axis',(-0.378480702790365,0.925609181898771,0.));
#3484=DIRECTION('',(0.,0.,-1.));
#3485=DIRECTION('',(0.,0.,1.));
#3486=DIRECTION('center_axis',(0.,0.,1.));
#3487=DIRECTION('ref_axis',(-1.,0.,0.));
#3488=DIRECTION('center_axis',(0.,0.,1.));
#3489=DIRECTION('ref_axis',(-1.,0.,0.));
#3490=DIRECTION('',(0.,0.,-1.));
#3491=DIRECTION('center_axis',(0.,0.,-1.));
#3492=DIRECTION('ref_axis',(-1.,0.,0.));
#3493=DIRECTION('center_axis',(0.,0.,1.));
#3494=DIRECTION('ref_axis',(-1.,0.,0.));
#3495=DIRECTION('center_axis',(0.,0.,1.));
#3496=DIRECTION('ref_axis',(1.,0.,0.));
#3497=DIRECTION('center_axis',(0.,0.,-1.));
#3498=DIRECTION('ref_axis',(-1.,0.,0.));
#3499=DIRECTION('center_axis',(0.,-1.,0.));
#3500=DIRECTION('ref_axis',(-1.,0.,0.));
#3501=DIRECTION('center_axis',(0.,0.,1.));
#3502=DIRECTION('ref_axis',(-1.,0.,0.));
#3503=DIRECTION('center_axis',(0.,0.,-1.));
#3504=DIRECTION('ref_axis',(-1.,0.,0.));
#3505=DIRECTION('center_axis',(0.,0.,-1.));
#3506=DIRECTION('ref_axis',(0.908003331961991,0.418962944836321,0.));
#3507=DIRECTION('',(-0.421713655629923,0.906729062430033,0.));
#3508=DIRECTION('center_axis',(-0.421713655811415,0.906729062345622,0.));
#3509=DIRECTION('ref_axis',(-0.641154268683508,-0.298196585743223,-0.707106781186548));
#3510=DIRECTION('',(0.421713655811415,-0.906729062345622,0.));
#3511=DIRECTION('',(-0.421713655811415,0.906729062345622,0.));
#3512=DIRECTION('center_axis',(-0.356431372042822,-0.934321506240583,-6.63875359123681E-15));
#3513=DIRECTION('ref_axis',(0.934321506240583,-0.356431372042822,6.45049276190909E-15));
#3514=DIRECTION('center_axis',(0.,0.,1.));
#3515=DIRECTION('ref_axis',(1.,0.,0.));
#3516=DIRECTION('center_axis',(0.,0.,-1.));
#3517=DIRECTION('ref_axis',(0.721909127083711,0.691987870004406,0.));
#3518=DIRECTION('center_axis',(0.,0.,1.));
#3519=DIRECTION('ref_axis',(0.721909127083711,0.691987870004406,0.));
#3520=DIRECTION('center_axis',(-0.928179905998046,-0.372131780558257,0.));
#3521=DIRECTION('ref_axis',(-0.263136905527762,0.656322305692313,-0.707106781186547));
#3522=DIRECTION('',(-0.928179905998046,-0.372131780558257,0.));
#3523=DIRECTION('center_axis',(0.928179905998047,0.372131780558255,0.));
#3524=DIRECTION('ref_axis',(0.,0.,-1.));
#3525=DIRECTION('center_axis',(-0.929744277170814,0.368205892223522,0.));
#3526=DIRECTION('ref_axis',(0.368205892223522,0.929744277170814,0.));
#3527=DIRECTION('center_axis',(0.706264417571178,0.707948142502574,0.));
#3528=DIRECTION('ref_axis',(0.,0.,-1.));
#3529=DIRECTION('center_axis',(0.,0.,-1.));
#3530=DIRECTION('ref_axis',(-0.551320941966391,0.834293245177792,0.));
#3531=DIRECTION('center_axis',(0.,0.,1.));
#3532=DIRECTION('ref_axis',(-0.551320941966391,0.834293245177792,0.));
#3533=DIRECTION('center_axis',(-0.706264417571133,-0.707948142502618,0.));
#3534=DIRECTION('ref_axis',(-0.50059493229202,0.499404358975317,-0.707106781186548));
#3535=DIRECTION('center_axis',(0.706264417571135,0.707948142502617,0.));
#3536=DIRECTION('ref_axis',(0.,0.,-1.));
#3537=DIRECTION('',(0.706264417571133,0.707948142502618,0.));
#3538=DIRECTION('',(-0.706264417571133,-0.707948142502618,0.));
#3539=DIRECTION('center_axis',(0.,0.,1.));
#3540=DIRECTION('ref_axis',(1.,0.,0.));
#3541=DIRECTION('center_axis',(0.928179905998059,0.372131780558224,0.));
#3542=DIRECTION('ref_axis',(0.,0.,-1.));
#3543=DIRECTION('center_axis',(0.,0.,1.));
#3544=DIRECTION('ref_axis',(0.551320941966378,-0.834293245177801,0.));
#3545=DIRECTION('center_axis',(0.,0.,-1.));
#3546=DIRECTION('ref_axis',(0.551320941966378,-0.834293245177801,0.));
#3547=DIRECTION('center_axis',(-0.928179905998055,-0.372131780558235,0.));
#3548=DIRECTION('ref_axis',(-0.263136905527752,0.656322305692315,-0.707106781186549));
#3549=DIRECTION('center_axis',(0.928179905998054,0.372131780558236,0.));
#3550=DIRECTION('ref_axis',(0.,0.,-1.));
#3551=DIRECTION('',(0.928179905998055,0.372131780558235,0.));
#3552=DIRECTION('',(-0.928179905998055,-0.372131780558235,0.));
#3553=DIRECTION('center_axis',(0.,0.,1.));
#3554=DIRECTION('ref_axis',(1.,0.,0.));
#3555=DIRECTION('center_axis',(1.,0.,0.));
#3556=DIRECTION('ref_axis',(0.,0.,-1.));
#3557=DIRECTION('center_axis',(0.,0.,1.));
#3558=DIRECTION('ref_axis',(0.189499464381756,-0.9818808242343,0.));
#3559=DIRECTION('center_axis',(0.,0.,-1.));
#3560=DIRECTION('ref_axis',(0.189499464381756,-0.981880824234299,0.));
#3561=DIRECTION('center_axis',(-1.,0.,0.));
#3562=DIRECTION('ref_axis',(0.,0.707106781186548,-0.707106781186548));
#3563=DIRECTION('center_axis',(1.,1.77635683940025E-15,0.));
#3564=DIRECTION('ref_axis',(0.,0.,-1.));
#3565=DIRECTION('',(1.,0.,0.));
#3566=DIRECTION('',(-1.,0.,0.));
#3567=DIRECTION('center_axis',(0.,0.,1.));
#3568=DIRECTION('ref_axis',(1.,0.,0.));
#3569=DIRECTION('center_axis',(0.811287486413346,0.584647427420249,0.));
#3570=DIRECTION('ref_axis',(0.,0.,-1.));
#3571=DIRECTION('center_axis',(0.,0.,-1.));
#3572=DIRECTION('ref_axis',(-0.307174635660769,0.951653163293578,0.));
#3573=DIRECTION('center_axis',(0.,0.,1.));
#3574=DIRECTION('ref_axis',(-0.307174635660769,0.951653163293578,0.));
#3575=DIRECTION('center_axis',(-0.811287486413351,-0.584647427420242,0.));
#3576=DIRECTION('ref_axis',(-0.413408160532126,0.573666883134674,-0.707106781186542));
#3577=DIRECTION('',(0.811287486413351,0.584647427420242,0.));
#3578=DIRECTION('',(-0.811287486413351,-0.584647427420242,0.));
#3579=DIRECTION('center_axis',(0.991335838581314,-0.131351646903582,-1.7609661970065E-15));
#3580=DIRECTION('ref_axis',(0.131351646903582,0.991335838581314,1.86700736527993E-15));
#3581=DIRECTION('center_axis',(0.,0.,1.));
#3582=DIRECTION('ref_axis',(-0.344468259364003,0.938797964575304,0.));
#3583=DIRECTION('center_axis',(0.,0.,1.));
#3584=DIRECTION('ref_axis',(-0.344468259364002,0.938797964575305,0.));
#3585=DIRECTION('center_axis',(0.,0.,-1.));
#3586=DIRECTION('ref_axis',(-0.344468259364002,0.938797964575305,0.));
#3587=DIRECTION('center_axis',(0.631034699715004,-0.775754605371824,0.));
#3588=DIRECTION('ref_axis',(0.548541341995111,0.446208915332495,-0.707106781186548));
#3589=DIRECTION('',(-0.631034699715004,0.775754605371824,0.));
#3590=DIRECTION('center_axis',(0.880882894777043,0.473334264224783,0.));
#3591=DIRECTION('ref_axis',(0.334697868001294,-0.62287826832808,-0.707106781186548));
#3592=DIRECTION('',(-0.880882894777043,-0.473334264224783,0.));
#3593=DIRECTION('center_axis',(0.961814750574219,-0.273701270690971,-6.59100927960202E-15));
#3594=DIRECTION('ref_axis',(-0.273701270690971,-0.961814750574219,-6.79294737686131E-15));
#3595=DIRECTION('',(0.880882894777043,0.473334264224783,0.));
#3596=DIRECTION('center_axis',(-0.856175689168449,-0.516684806508698,0.));
#3597=DIRECTION('ref_axis',(-0.516684806508698,0.856175689168449,0.));
#3598=DIRECTION('center_axis',(0.,0.,1.));
#3599=DIRECTION('ref_axis',(-0.981599592582625,0.190950883322452,0.));
#3600=DIRECTION('center_axis',(0.,0.,1.));
#3601=DIRECTION('ref_axis',(-0.985048479238605,0.172277373876292,0.));
#3602=DIRECTION('center_axis',(-0.499694402837846,0.866201768511545,0.));
#3603=DIRECTION('ref_axis',(-0.612497144390293,-0.353337300767603,-0.707106781186548));
#3604=DIRECTION('',(-0.499694402837846,0.866201768511545,0.));
#3605=DIRECTION('',(0.499694402837846,-0.866201768511545,0.));
#3606=DIRECTION('center_axis',(0.,0.,1.));
#3607=DIRECTION('ref_axis',(-0.429885460829961,0.902883431328215,0.));
#3608=DIRECTION('center_axis',(0.,0.,1.));
#3609=DIRECTION('ref_axis',(-0.429885460829961,0.902883431328215,0.));
#3610=DIRECTION('center_axis',(-0.499694408446992,0.866201765275742,0.));
#3611=DIRECTION('ref_axis',(0.866201765275742,0.499694408446992,0.));
#3612=DIRECTION('center_axis',(0.,0.,-1.));
#3613=DIRECTION('ref_axis',(-0.429885460829961,0.902883431328215,0.));
#3614=DIRECTION('center_axis',(0.499694402837846,-0.866201768511546,0.));
#3615=DIRECTION('ref_axis',(0.612497144390296,0.353337300767603,-0.707106781186546));
#3616=DIRECTION('center_axis',(-0.499694402837849,0.866201768511544,0.));
#3617=DIRECTION('ref_axis',(0.866201768511544,0.499694402837849,0.));
#3618=DIRECTION('',(-0.499694402837845,0.866201768511546,0.));
#3619=DIRECTION('center_axis',(0.,0.,1.));
#3620=DIRECTION('ref_axis',(1.,0.,0.));
#3621=DIRECTION('center_axis',(0.499694402837846,-0.866201768511545,0.));
#3622=DIRECTION('ref_axis',(-0.866201768511545,-0.499694402837846,0.));
#3623=DIRECTION('center_axis',(0.,0.,1.));
#3624=DIRECTION('ref_axis',(0.499694402837847,-0.866201768511545,0.));
#3625=DIRECTION('center_axis',(0.499694402837847,-0.866201768511545,0.));
#3626=DIRECTION('ref_axis',(-0.612497144390291,-0.353337300767603,-0.70710678118655));
#3627=DIRECTION('',(0.499694402837847,-0.866201768511545,0.));
#3628=DIRECTION('center_axis',(0.8022307946835,-0.597014030037386,0.));
#3629=DIRECTION('ref_axis',(-0.422152669102942,-0.567262834997372,-0.707106781186552));
#3630=DIRECTION('center_axis',(0.802230794683505,-0.597014030037379,0.));
#3631=DIRECTION('ref_axis',(-0.597014030037378,-0.802230794683505,0.));
#3632=DIRECTION('',(0.8022307946835,-0.597014030037386,0.));
#3633=DIRECTION('center_axis',(0.,0.,1.));
#3634=DIRECTION('ref_axis',(-0.518262824472322,-0.855221401024303,0.));
#3635=DIRECTION('center_axis',(0.,0.,-1.));
#3636=DIRECTION('ref_axis',(-0.528505875923712,-0.848929643206143,0.));
#3637=DIRECTION('center_axis',(0.,0.,1.));
#3638=DIRECTION('ref_axis',(-0.528505875923712,-0.848929643206143,0.));
#3639=DIRECTION('center_axis',(0.,0.,1.));
#3640=DIRECTION('ref_axis',(-0.802230794682446,0.597014030038802,0.));
#3641=DIRECTION('center_axis',(-0.802230794682446,0.597014030038801,0.));
#3642=DIRECTION('ref_axis',(0.597014030038801,0.802230794682446,0.));
#3643=DIRECTION('center_axis',(0.,0.,1.));
#3644=DIRECTION('ref_axis',(-0.802230794682446,0.597014030038802,0.));
#3645=DIRECTION('center_axis',(0.802230794682446,-0.597014030038802,0.));
#3646=DIRECTION('ref_axis',(0.422152669103948,0.567262834996631,-0.707106781186546));
#3647=DIRECTION('',(-0.802230794682446,0.597014030038802,0.));
#3648=DIRECTION('center_axis',(-0.989891751847219,-0.141824961219255,4.5245289267574E-15));
#3649=DIRECTION('ref_axis',(-0.141824961219255,0.989891751847219,-4.55466785721942E-15));
#3650=DIRECTION('center_axis',(0.602326919031244,0.798249511500213,0.));
#3651=DIRECTION('ref_axis',(-0.56444764266065,0.425909448938192,-0.707106781186548));
#3652=DIRECTION('',(-0.602326919031244,-0.798249511500213,0.));
#3653=DIRECTION('',(0.602326919031244,0.798249511500213,0.));
#3654=DIRECTION('center_axis',(0.44665241740177,-0.894707560060355,0.));
#3655=DIRECTION('ref_axis',(-0.632653782897549,-0.315830953178157,-0.707106781186546));
#3656=DIRECTION('',(0.446652417401771,-0.894707560060356,0.));
#3657=DIRECTION('center_axis',(0.829336849654236,0.558748950608041,0.));
#3658=DIRECTION('ref_axis',(0.395095171955818,-0.586429710278396,-0.707106781186547));
#3659=DIRECTION('',(0.829336849654236,0.558748950608041,0.));
#3660=DIRECTION('center_axis',(-0.82933684965424,-0.558748950608035,0.));
#3661=DIRECTION('ref_axis',(0.,0.,-1.));
#3662=DIRECTION('',(-0.829336849654236,-0.558748950608041,0.));
#3663=DIRECTION('center_axis',(0.,0.,1.));
#3664=DIRECTION('ref_axis',(1.,0.,0.));
#3665=DIRECTION('center_axis',(0.,0.,-1.));
#3666=DIRECTION('ref_axis',(0.606574442263328,-0.795026695144844,0.));
#3667=DIRECTION('center_axis',(0.,0.,1.));
#3668=DIRECTION('ref_axis',(0.606574442263328,-0.795026695144844,0.));
#3669=DIRECTION('center_axis',(0.,0.,1.));
#3670=DIRECTION('ref_axis',(-0.545948760487458,0.837818566828289,0.));
#3671=DIRECTION('center_axis',(0.,0.,1.));
#3672=DIRECTION('ref_axis',(-0.54567042308244,0.837999874327575,0.));
#3673=DIRECTION('center_axis',(0.487572586873779,-0.873082454599342,0.));
#3674=DIRECTION('ref_axis',(0.61736252418219,0.344765882499118,-0.707106781186547));
#3675=DIRECTION('',(0.487572586873779,-0.873082454599341,0.));
#3676=DIRECTION('',(-0.487572586873779,0.873082454599341,0.));
#3677=DIRECTION('center_axis',(-0.487572586873779,0.873082454599342,0.));
#3678=DIRECTION('ref_axis',(-0.61736252418219,-0.344765882499118,-0.707106781186547));
#3679=DIRECTION('',(-0.487572586873779,0.873082454599341,0.));
#3680=DIRECTION('',(0.487572586873779,-0.873082454599341,0.));
#3681=DIRECTION('center_axis',(0.42171365581145,-0.906729062345606,0.));
#3682=DIRECTION('ref_axis',(0.641154268683496,0.298196585743252,-0.707106781186547));
#3683=DIRECTION('',(0.42171365581145,-0.906729062345606,0.));
#3684=DIRECTION('center_axis',(-0.421713655811446,0.906729062345608,0.));
#3685=DIRECTION('ref_axis',(0.906729062345608,0.421713655811446,0.));
#3686=DIRECTION('',(-0.42171365581145,0.906729062345606,0.));
#3687=DIRECTION('center_axis',(0.,0.,1.));
#3688=DIRECTION('ref_axis',(1.,0.,0.));
#3689=DIRECTION('center_axis',(0.,0.,-1.));
#3690=DIRECTION('ref_axis',(0.423087559337844,-0.906088802013106,0.));
#3691=DIRECTION('center_axis',(0.,0.,1.));
#3692=DIRECTION('ref_axis',(0.423087559337844,-0.906088802013106,0.));
#3693=DIRECTION('center_axis',(-0.918482385794452,-0.395461890686487,0.));
#3694=DIRECTION('ref_axis',(-0.279633784605271,0.649465123395654,-0.707106781186548));
#3695=DIRECTION('',(-0.918482385794452,-0.395461890686487,0.));
#3696=DIRECTION('center_axis',(0.,0.,1.));
#3697=DIRECTION('ref_axis',(-0.372131780558259,0.928179905998045,0.));
#3698=DIRECTION('',(0.,0.,1.));
#3699=DIRECTION('center_axis',(0.,0.,1.));
#3700=DIRECTION('ref_axis',(-0.551320941966391,0.834293245177792,0.));
#3701=DIRECTION('center_axis',(0.,0.,1.));
#3702=DIRECTION('ref_axis',(-0.372131780558259,0.928179905998045,0.));
#3703=DIRECTION('center_axis',(-0.707948142502618,0.706264417571133,0.));
#3704=DIRECTION('ref_axis',(-0.706264417571133,-0.707948142502618,0.));
#3705=DIRECTION('',(0.,0.,1.));
#3706=DIRECTION('',(-0.706264417571133,-0.707948142502618,0.));
#3707=DIRECTION('center_axis',(0.,0.,1.));
#3708=DIRECTION('ref_axis',(0.372131780558224,-0.928179905998059,0.));
#3709=DIRECTION('',(0.,0.,1.));
#3710=DIRECTION('center_axis',(0.,0.,-1.));
#3711=DIRECTION('ref_axis',(0.551320941966378,-0.834293245177801,0.));
#3712=DIRECTION('center_axis',(-0.372131780558235,0.928179905998055,0.));
#3713=DIRECTION('ref_axis',(-0.928179905998055,-0.372131780558235,0.));
#3714=DIRECTION('',(0.,0.,1.));
#3715=DIRECTION('',(-0.928179905998055,-0.372131780558235,0.));
#3716=DIRECTION('center_axis',(0.,0.,1.));
#3717=DIRECTION('ref_axis',(0.,-1.,0.));
#3718=DIRECTION('',(0.,0.,1.));
#3719=DIRECTION('center_axis',(0.,0.,-1.));
#3720=DIRECTION('ref_axis',(0.189499464381757,-0.981880824234299,0.));
#3721=DIRECTION('center_axis',(0.,1.,0.));
#3722=DIRECTION('ref_axis',(-1.,0.,0.));
#3723=DIRECTION('',(0.,0.,1.));
#3724=DIRECTION('',(-1.,0.,0.));
#3725=DIRECTION('center_axis',(0.,0.,1.));
#3726=DIRECTION('ref_axis',(-8.45884209238217E-16,1.,0.));
#3727=DIRECTION('',(0.,0.,1.));
#3728=DIRECTION('center_axis',(0.,0.,1.));
#3729=DIRECTION('ref_axis',(-0.307174635660768,0.951653163293578,0.));
#3730=DIRECTION('center_axis',(-0.584647427420242,0.811287486413351,0.));
#3731=DIRECTION('ref_axis',(-0.811287486413351,-0.584647427420242,0.));
#3732=DIRECTION('',(0.,0.,1.));
#3733=DIRECTION('',(-0.811287486413351,-0.584647427420242,0.));
#3734=DIRECTION('center_axis',(-0.798249511500213,0.602326919031244,0.));
#3735=DIRECTION('ref_axis',(-0.602326919031244,-0.798249511500213,0.));
#3736=DIRECTION('center_axis',(0.,0.,1.));
#3737=DIRECTION('ref_axis',(1.,0.,0.));
#3738=DIRECTION('center_axis',(0.,0.,1.));
#3739=DIRECTION('ref_axis',(1.,0.,0.));
#3740=DIRECTION('center_axis',(0.,0.,1.));
#3741=DIRECTION('ref_axis',(1.,0.,0.));
#3742=DIRECTION('center_axis',(0.,0.,1.));
#3743=DIRECTION('ref_axis',(1.,0.,0.));
#3744=DIRECTION('center_axis',(0.,0.,1.));
#3745=DIRECTION('ref_axis',(1.,0.,0.));
#3746=DIRECTION('center_axis',(0.,0.,-1.));
#3747=DIRECTION('ref_axis',(-0.579019701936495,-0.815313549972875,0.));
#3748=DIRECTION('center_axis',(0.,0.,-1.));
#3749=DIRECTION('ref_axis',(-1.,0.,0.));
#3750=DIRECTION('center_axis',(0.,0.,1.));
#3751=DIRECTION('ref_axis',(0.587846634574039,0.808972393978914,0.));
#3752=DIRECTION('center_axis',(0.,0.,1.));
#3753=DIRECTION('ref_axis',(-0.655614228857348,-0.7550960090742,0.));
#3754=DIRECTION('',(0.,0.,1.));
#3755=DIRECTION('',(0.,0.,1.));
#3756=DIRECTION('center_axis',(-0.581293691231743,-0.81369382726808,0.));
#3757=DIRECTION('ref_axis',(-0.575368423070895,0.411036710930924,0.707106781186547));
#3758=DIRECTION('',(0.581293691231743,0.81369382726808,0.));
#3759=DIRECTION('',(-0.581293691231743,-0.81369382726808,0.));
#3760=DIRECTION('center_axis',(0.,0.,1.));
#3761=DIRECTION('ref_axis',(-0.830887535438895,0.556440386252003,0.));
#3762=DIRECTION('center_axis',(0.,0.,1.));
#3763=DIRECTION('ref_axis',(-0.827835372856561,0.560971118193654,0.));
#3764=DIRECTION('center_axis',(0.,0.,-1.));
#3765=DIRECTION('ref_axis',(-0.827835372856561,0.560971118193654,0.));
#3766=DIRECTION('center_axis',(-0.57428935742816,-0.818652388956846,0.));
#3767=DIRECTION('ref_axis',(-0.578874655665952,0.406083899000715,0.707106781186549));
#3768=DIRECTION('',(-0.57428935742816,-0.818652388956846,0.));
#3769=DIRECTION('',(0.57428935742816,0.818652388956846,0.));
#3770=DIRECTION('center_axis',(-0.702599016547404,-0.711585990549716,4.74410592243758E-15));
#3771=DIRECTION('ref_axis',(-0.711585990549716,0.702599016547404,2.80905296524365E-14));
#3772=DIRECTION('center_axis',(-0.864801696920673,-0.502113557876229,0.));
#3773=DIRECTION('ref_axis',(0.,0.,1.));
#3774=DIRECTION('center_axis',(0.706264417571178,0.707948142502574,0.));
#3775=DIRECTION('ref_axis',(-0.707948142502574,0.706264417571178,0.));
#3776=DIRECTION('center_axis',(0.,0.,-1.));
#3777=DIRECTION('ref_axis',(-0.551320941966391,0.834293245177792,0.));
#3778=DIRECTION('center_axis',(-0.706264417571133,-0.707948142502618,0.));
#3779=DIRECTION('ref_axis',(-0.50059493229202,0.499404358975317,0.707106781186548));
#3780=DIRECTION('center_axis',(0.706264417571139,0.707948142502613,0.));
#3781=DIRECTION('ref_axis',(-0.707948142502613,0.706264417571139,0.));
#3782=DIRECTION('',(0.706264417571133,0.707948142502618,0.));
#3783=DIRECTION('center_axis',(0.,0.,-1.));
#3784=DIRECTION('ref_axis',(-1.,0.,0.));
#3785=DIRECTION('center_axis',(0.928179905998059,0.372131780558224,0.));
#3786=DIRECTION('ref_axis',(-0.372131780558224,0.928179905998059,0.));
#3787=DIRECTION('center_axis',(0.,0.,1.));
#3788=DIRECTION('ref_axis',(0.551320941966378,-0.834293245177801,0.));
#3789=DIRECTION('center_axis',(-0.928179905998055,-0.372131780558235,0.));
#3790=DIRECTION('ref_axis',(-0.263136905527752,0.656322305692315,0.707106781186549));
#3791=DIRECTION('center_axis',(0.928179905998055,0.372131780558234,0.));
#3792=DIRECTION('ref_axis',(-0.372131780558234,0.928179905998055,0.));
#3793=DIRECTION('',(0.928179905998055,0.372131780558235,0.));
#3794=DIRECTION('center_axis',(0.,0.,-1.));
#3795=DIRECTION('ref_axis',(-1.,0.,0.));
#3796=DIRECTION('center_axis',(1.,0.,0.));
#3797=DIRECTION('ref_axis',(0.,1.,0.));
#3798=DIRECTION('center_axis',(0.,0.,1.));
#3799=DIRECTION('ref_axis',(0.189499464381757,-0.981880824234299,0.));
#3800=DIRECTION('center_axis',(-1.,0.,0.));
#3801=DIRECTION('ref_axis',(0.,0.707106781186548,0.707106781186548));
#3802=DIRECTION('center_axis',(1.,0.,0.));
#3803=DIRECTION('ref_axis',(0.,1.,0.));
#3804=DIRECTION('',(1.,0.,0.));
#3805=DIRECTION('center_axis',(0.,0.,1.));
#3806=DIRECTION('ref_axis',(1.,0.,0.));
#3807=DIRECTION('center_axis',(0.811287486413346,0.584647427420249,0.));
#3808=DIRECTION('ref_axis',(-0.584647427420249,0.811287486413346,0.));
#3809=DIRECTION('center_axis',(0.,0.,-1.));
#3810=DIRECTION('ref_axis',(-0.307174635660768,0.951653163293579,0.));
#3811=DIRECTION('center_axis',(-0.811287486413351,-0.584647427420242,0.));
#3812=DIRECTION('ref_axis',(-0.413408160532122,0.573666883134669,0.707106781186549));
#3813=DIRECTION('',(0.811287486413351,0.584647427420242,0.));
#3814=DIRECTION('center_axis',(-0.928179905998046,-0.372131780558257,0.));
#3815=DIRECTION('ref_axis',(0.,0.,1.));
#3816=DIRECTION('center_axis',(-0.928179905998046,-0.372131780558257,0.));
#3817=DIRECTION('ref_axis',(-0.263136905527768,0.656322305692307,0.707106781186551));
#3818=DIRECTION('center_axis',(-0.81369382726808,0.581293691231743,0.));
#3819=DIRECTION('ref_axis',(-0.581293691231743,-0.81369382726808,0.));
#3820=DIRECTION('',(0.,0.,1.));
#3821=DIRECTION('center_axis',(0.,0.,1.));
#3822=DIRECTION('ref_axis',(-1.,0.,0.));
#3823=DIRECTION('',(0.,0.,1.));
#3824=DIRECTION('center_axis',(-0.818652388956846,0.57428935742816,0.));
#3825=DIRECTION('ref_axis',(-0.57428935742816,-0.818652388956846,0.));
#3826=DIRECTION('center_axis',(0.829336849654236,0.558748950608041,0.));
#3827=DIRECTION('ref_axis',(0.395095171955818,-0.586429710278397,0.707106781186546));
#3828=DIRECTION('',(0.829336849654236,0.558748950608041,0.));
#3829=DIRECTION('',(-0.829336849654236,-0.558748950608041,0.));
#3830=DIRECTION('center_axis',(0.856564440894008,0.516040074602677,7.00292772780157E-15));
#3831=DIRECTION('ref_axis',(0.516040074602677,-0.856564440894008,1.38128993701414E-13));
#3832=DIRECTION('center_axis',(0.881594610441797,0.472007354646066,0.));
#3833=DIRECTION('ref_axis',(0.333759601240157,-0.623381527300909,0.707106781186546));
#3834=DIRECTION('',(0.881594610441796,0.472007354646066,0.));
#3835=DIRECTION('',(0.881594610441796,0.472007354646066,0.));
#3836=DIRECTION('center_axis',(0.558748950608041,-0.829336849654236,0.));
#3837=DIRECTION('ref_axis',(0.829336849654236,0.558748950608041,0.));
#3838=DIRECTION('',(0.,0.,1.));
#3839=DIRECTION('',(0.,0.,1.));
#3840=DIRECTION('',(0.,0.,1.));
#3841=DIRECTION('',(0.,0.,1.));
#3842=DIRECTION('',(-0.829336849654236,-0.558748950608041,0.));
#3843=DIRECTION('center_axis',(0.472007354646066,-0.881594610441797,0.));
#3844=DIRECTION('ref_axis',(0.881594610441796,0.472007354646066,0.));
#3845=DIRECTION('center_axis',(0.,0.,1.));
#3846=DIRECTION('ref_axis',(1.,0.,0.));
#3847=DIRECTION('center_axis',(0.,0.,-1.));
#3848=DIRECTION('ref_axis',(-1.,0.,0.));
#3849=DIRECTION('center_axis',(1.22464679914735E-16,-1.,0.));
#3850=DIRECTION('ref_axis',(-1.,-1.22464679914735E-16,0.));
#3851=DIRECTION('center_axis',(0.,0.,1.));
#3852=DIRECTION('ref_axis',(-1.,0.,0.));
#3853=DIRECTION('center_axis',(0.,0.,1.));
#3854=DIRECTION('ref_axis',(-1.,0.,0.));
#3855=DIRECTION('center_axis',(0.,0.,1.));
#3856=DIRECTION('ref_axis',(-1.,0.,0.));
#3857=DIRECTION('',(0.,0.,-1.));
#3858=DIRECTION('center_axis',(0.,0.,-1.));
#3859=DIRECTION('ref_axis',(-1.,0.,0.));
#3860=DIRECTION('center_axis',(0.,0.,-1.));
#3861=DIRECTION('ref_axis',(-1.,0.,0.));
#3862=DIRECTION('center_axis',(0.,0.,1.));
#3863=DIRECTION('ref_axis',(-1.,0.,0.));
#3864=DIRECTION('center_axis',(0.,0.,-1.));
#3865=DIRECTION('ref_axis',(-1.,0.,0.));
#3866=DIRECTION('center_axis',(0.,0.,1.));
#3867=DIRECTION('ref_axis',(1.,0.,0.));
#3868=DIRECTION('center_axis',(0.,0.,-1.));
#3869=DIRECTION('ref_axis',(-1.,0.,0.));
#3870=DIRECTION('center_axis',(1.22464679914735E-16,-1.,0.));
#3871=DIRECTION('ref_axis',(-1.,-1.22464679914735E-16,0.));
#3872=DIRECTION('center_axis',(0.,0.,1.));
#3873=DIRECTION('ref_axis',(-1.,0.,0.));
#3874=DIRECTION('center_axis',(0.,0.,1.));
#3875=DIRECTION('ref_axis',(-1.,0.,0.));
#3876=DIRECTION('center_axis',(0.,0.,1.));
#3877=DIRECTION('ref_axis',(-1.,0.,0.));
#3878=DIRECTION('',(0.,0.,-1.));
#3879=DIRECTION('center_axis',(0.,0.,1.));
#3880=DIRECTION('ref_axis',(-1.,0.,0.));
#3881=DIRECTION('',(0.719627291970259,0.69436054082267,0.));
#3882=DIRECTION('center_axis',(0.,0.,1.));
#3883=DIRECTION('ref_axis',(0.0178662910750129,0.999840385083151,0.));
#3884=DIRECTION('',(0.69436054082267,-0.71962729197026,0.));
#3885=DIRECTION('center_axis',(0.,0.,1.));
#3886=DIRECTION('ref_axis',(0.999840385083151,-0.0178662910750136,0.));
#3887=DIRECTION('',(-0.719627291970259,-0.69436054082267,0.));
#3888=DIRECTION('center_axis',(0.,0.,1.));
#3889=DIRECTION('ref_axis',(-0.017866291075013,-0.999840385083151,0.));
#3890=DIRECTION('',(-0.69436054082267,0.71962729197026,0.));
#3891=DIRECTION('center_axis',(0.,0.,1.));
#3892=DIRECTION('ref_axis',(-0.999840385083151,0.0178662910750138,0.));
#3893=DIRECTION('center_axis',(0.,0.,1.));
#3894=DIRECTION('ref_axis',(-0.999840385083151,0.0178662910750138,0.));
#3895=DIRECTION('center_axis',(0.,0.,1.));
#3896=DIRECTION('ref_axis',(-0.999840385083151,0.0178662910750138,0.));
#3897=DIRECTION('',(0.,0.,1.));
#3898=DIRECTION('',(0.,0.,-1.));
#3899=DIRECTION('center_axis',(0.719627291970259,0.69436054082267,0.));
#3900=DIRECTION('ref_axis',(-0.69436054082267,0.719627291970259,0.));
#3901=DIRECTION('',(0.,0.,1.));
#3902=DIRECTION('',(0.69436054082267,-0.719627291970259,0.));
#3903=DIRECTION('center_axis',(0.,0.,1.));
#3904=DIRECTION('ref_axis',(-0.017866291075013,-0.999840385083151,0.));
#3905=DIRECTION('center_axis',(0.,0.,1.));
#3906=DIRECTION('ref_axis',(-0.017866291075013,-0.999840385083151,0.));
#3907=DIRECTION('',(0.,0.,-1.));
#3908=DIRECTION('center_axis',(-0.69436054082267,0.719627291970259,0.));
#3909=DIRECTION('ref_axis',(-0.719627291970259,-0.69436054082267,0.));
#3910=DIRECTION('',(0.,0.,1.));
#3911=DIRECTION('',(0.719627291970259,0.69436054082267,0.));
#3912=DIRECTION('center_axis',(0.,0.,1.));
#3913=DIRECTION('ref_axis',(0.0178662910750129,0.999840385083151,0.));
#3914=DIRECTION('center_axis',(0.,0.,1.));
#3915=DIRECTION('ref_axis',(0.0178662910750129,0.999840385083151,0.));
#3916=DIRECTION('',(0.,0.,1.));
#3917=DIRECTION('',(0.,0.,-1.));
#3918=DIRECTION('center_axis',(0.69436054082267,-0.719627291970259,0.));
#3919=DIRECTION('ref_axis',(0.719627291970259,0.69436054082267,0.));
#3920=DIRECTION('',(-0.719627291970259,-0.69436054082267,0.));
#3921=DIRECTION('center_axis',(0.,0.,1.));
#3922=DIRECTION('ref_axis',(0.999840385083151,-0.0178662910750136,0.));
#3923=DIRECTION('center_axis',(0.,0.,1.));
#3924=DIRECTION('ref_axis',(0.999840385083151,-0.0178662910750136,0.));
#3925=DIRECTION('',(0.,0.,-1.));
#3926=DIRECTION('center_axis',(-0.719627291970259,-0.69436054082267,0.));
#3927=DIRECTION('ref_axis',(0.69436054082267,-0.719627291970259,0.));
#3928=DIRECTION('',(-0.69436054082267,0.719627291970259,0.));
#3929=DIRECTION('center_axis',(0.,0.,1.));
#3930=DIRECTION('ref_axis',(-1.,0.,0.));
#3931=DIRECTION('center_axis',(0.,0.,-1.));
#3932=DIRECTION('ref_axis',(-0.877536460453605,0.47950991707634,0.));
#3933=DIRECTION('center_axis',(0.,0.,1.));
#3934=DIRECTION('ref_axis',(-1.,0.,0.));
#3935=DIRECTION('center_axis',(0.,0.,1.));
#3936=DIRECTION('ref_axis',(-1.,0.,0.));
#3937=DIRECTION('center_axis',(0.,0.,1.));
#3938=DIRECTION('ref_axis',(-1.,0.,0.));
#3939=DIRECTION('center_axis',(0.,0.,-1.));
#3940=DIRECTION('ref_axis',(-1.,0.,0.));
#3941=DIRECTION('center_axis',(0.,-1.,0.));
#3942=DIRECTION('ref_axis',(-1.,0.,0.));
#3943=DIRECTION('center_axis',(0.,0.,1.));
#3944=DIRECTION('ref_axis',(-1.,0.,0.));
#3945=DIRECTION('center_axis',(0.,0.,1.));
#3946=DIRECTION('ref_axis',(-1.,0.,0.));
#3947=DIRECTION('center_axis',(0.,0.,1.));
#3948=DIRECTION('ref_axis',(-1.,0.,0.));
#3949=DIRECTION('',(0.,0.,-1.));
#3950=DIRECTION('center_axis',(0.,0.,-1.));
#3951=DIRECTION('ref_axis',(-1.,0.,0.));
#3952=DIRECTION('center_axis',(0.,0.,1.));
#3953=DIRECTION('ref_axis',(-1.,0.,0.));
#3954=DIRECTION('center_axis',(0.,0.,1.));
#3955=DIRECTION('ref_axis',(1.,0.,0.));
#3956=DIRECTION('center_axis',(0.,0.,-1.));
#3957=DIRECTION('ref_axis',(-1.,0.,0.));
#3958=DIRECTION('center_axis',(0.,-1.,0.));
#3959=DIRECTION('ref_axis',(-1.,0.,0.));
#3960=DIRECTION('center_axis',(0.,0.,1.));
#3961=DIRECTION('ref_axis',(-1.,0.,0.));
#3962=DIRECTION('center_axis',(0.,0.,1.));
#3963=DIRECTION('ref_axis',(-1.,0.,0.));
#3964=DIRECTION('center_axis',(0.,0.,1.));
#3965=DIRECTION('ref_axis',(-1.,0.,0.));
#3966=DIRECTION('',(0.,0.,-1.));
#3967=DIRECTION('center_axis',(0.,0.,1.));
#3968=DIRECTION('ref_axis',(-1.,0.,0.));
#3969=DIRECTION('center_axis',(0.,0.,-1.));
#3970=DIRECTION('ref_axis',(-1.,0.,0.));
#3971=DIRECTION('center_axis',(0.,0.,1.));
#3972=DIRECTION('ref_axis',(-1.,0.,0.));
#3973=DIRECTION('',(0.,0.,-1.));
#3974=DIRECTION('center_axis',(0.,0.,1.));
#3975=DIRECTION('ref_axis',(-1.,0.,0.));
#3976=DIRECTION('center_axis',(0.,0.,1.));
#3977=DIRECTION('ref_axis',(-1.,0.,0.));
#3978=DIRECTION('center_axis',(0.,0.,-1.));
#3979=DIRECTION('ref_axis',(1.,0.,0.));
#3980=DIRECTION('center_axis',(0.,0.,1.));
#3981=DIRECTION('ref_axis',(1.,0.,0.));
#3982=DIRECTION('',(0.,0.,1.));
#3983=DIRECTION('center_axis',(0.,0.,1.));
#3984=DIRECTION('ref_axis',(1.,0.,0.));
#3985=DIRECTION('',(0.,0.,-1.));
#3986=DIRECTION('center_axis',(0.,0.,1.));
#3987=DIRECTION('ref_axis',(0.908003331961991,0.418962944836321,0.));
#3988=DIRECTION('center_axis',(0.,0.,-1.));
#3989=DIRECTION('ref_axis',(0.908003331961968,0.418962944836371,0.));
#3990=DIRECTION('',(0.,0.,1.));
#3991=DIRECTION('',(0.,0.,1.));
#3992=DIRECTION('center_axis',(0.,0.,1.));
#3993=DIRECTION('ref_axis',(-1.,0.,0.));
#3994=DIRECTION('center_axis',(0.,0.,1.));
#3995=DIRECTION('ref_axis',(-1.,0.,0.));
#3996=DIRECTION('center_axis',(0.,0.,1.));
#3997=DIRECTION('ref_axis',(-0.877536460453605,0.47950991707634,0.));
#3998=DIRECTION('center_axis',(0.,0.,1.));
#3999=DIRECTION('ref_axis',(-1.,0.,0.));
#4000=DIRECTION('center_axis',(0.906729062430074,0.421713655629835,0.));
#4001=DIRECTION('ref_axis',(-0.421713655629835,0.906729062430074,0.));
#4002=DIRECTION('',(-0.421713655811415,0.906729062345622,0.));
#4003=DIRECTION('',(0.,0.,1.));
#4004=DIRECTION('',(0.,0.,1.));
#4005=DIRECTION('center_axis',(0.,0.,1.));
#4006=DIRECTION('ref_axis',(1.,0.,0.));
#4007=DIRECTION('',(0.,0.,1.));
#4008=DIRECTION('center_axis',(0.,0.,1.));
#4009=DIRECTION('ref_axis',(1.,0.,0.));
#4010=DIRECTION('center_axis',(0.,0.,1.));
#4011=DIRECTION('ref_axis',(1.,0.,0.));
#4012=DIRECTION('center_axis',(-0.906729062345606,-0.42171365581145,0.));
#4013=DIRECTION('ref_axis',(0.42171365581145,-0.906729062345606,0.));
#4014=DIRECTION('',(0.42171365581145,-0.906729062345606,0.));
#4015=DIRECTION('',(0.,0.,1.));
#4016=DIRECTION('center_axis',(0.906729062345622,0.421713655811415,0.));
#4017=DIRECTION('ref_axis',(-0.421713655811415,0.906729062345622,0.));
#4018=DIRECTION('',(0.,0.,1.));
#4019=DIRECTION('',(-0.421713655811415,0.906729062345622,0.));
#4020=DIRECTION('center_axis',(0.,0.,1.));
#4021=DIRECTION('ref_axis',(1.,0.,0.));
#4022=DIRECTION('center_axis',(0.,0.,1.));
#4023=DIRECTION('ref_axis',(-0.90672906234561,-0.421713655811441,0.));
#4024=DIRECTION('',(-0.421713655811415,0.906729062345622,0.));
#4025=DIRECTION('center_axis',(0.,0.,1.));
#4026=DIRECTION('ref_axis',(1.,0.,0.));
#4027=DIRECTION('',(0.,0.,1.));
#4028=DIRECTION('center_axis',(0.,0.,1.));
#4029=DIRECTION('ref_axis',(1.,0.,0.));
#4030=DIRECTION('center_axis',(0.,0.,1.));
#4031=DIRECTION('ref_axis',(1.,0.,0.));
#4032=DIRECTION('center_axis',(0.,0.,1.));
#4033=DIRECTION('ref_axis',(-0.344468259364003,0.938797964575304,0.));
#4034=DIRECTION('',(0.,0.,1.));
#4035=DIRECTION('center_axis',(0.,0.,1.));
#4036=DIRECTION('ref_axis',(1.,0.,0.));
#4037=DIRECTION('',(0.,0.,1.));
#4038=DIRECTION('center_axis',(0.873082454599342,0.487572586873779,0.));
#4039=DIRECTION('ref_axis',(-0.487572586873779,0.873082454599341,0.));
#4040=DIRECTION('',(-0.487572586873779,0.873082454599342,0.));
#4041=DIRECTION('center_axis',(-0.873082454599342,-0.487572586873779,0.));
#4042=DIRECTION('ref_axis',(0.487572586873779,-0.873082454599341,0.));
#4043=DIRECTION('',(0.487572586873779,-0.873082454599342,0.));
#4044=DIRECTION('center_axis',(0.,0.,1.));
#4045=DIRECTION('ref_axis',(1.,0.,0.));
#4046=DIRECTION('center_axis',(0.866201768511545,0.499694402837846,0.));
#4047=DIRECTION('ref_axis',(-0.499694402837846,0.866201768511545,0.));
#4048=DIRECTION('',(0.,0.,-1.));
#4049=DIRECTION('',(-0.499694402837846,0.866201768511545,0.));
#4050=DIRECTION('',(0.,0.,1.));
#4051=DIRECTION('center_axis',(0.,0.,1.));
#4052=DIRECTION('ref_axis',(-0.429885460829961,0.902883431328215,0.));
#4053=DIRECTION('center_axis',(0.,0.,1.));
#4054=DIRECTION('ref_axis',(1.,0.,0.));
#4055=DIRECTION('center_axis',(0.,0.,1.));
#4056=DIRECTION('ref_axis',(1.,0.,0.));
#4057=DIRECTION('',(0.880882894777043,0.473334264224783,0.));
#4058=DIRECTION('center_axis',(0.,0.,1.));
#4059=DIRECTION('ref_axis',(1.,0.,0.));
#4060=DIRECTION('',(0.,0.,1.));
#4061=DIRECTION('center_axis',(0.,0.,1.));
#4062=DIRECTION('ref_axis',(1.,0.,0.));
#4063=DIRECTION('center_axis',(0.,0.,1.));
#4064=DIRECTION('ref_axis',(1.,0.,0.));
#4065=DIRECTION('center_axis',(0.,0.,1.));
#4066=DIRECTION('ref_axis',(1.,0.,0.));
#4067=DIRECTION('',(0.,0.,1.));
#4068=DIRECTION('center_axis',(0.,0.,1.));
#4069=DIRECTION('ref_axis',(1.,0.,0.));
#4070=DIRECTION('center_axis',(0.,0.,1.));
#4071=DIRECTION('ref_axis',(1.,0.,0.));
#4072=DIRECTION('center_axis',(0.906729062345622,0.421713655811415,0.));
#4073=DIRECTION('ref_axis',(-0.421713655811415,0.906729062345622,0.));
#4074=DIRECTION('',(0.,0.,1.));
#4075=DIRECTION('',(0.,0.,1.));
#4076=DIRECTION('center_axis',(0.,0.,1.));
#4077=DIRECTION('ref_axis',(0.423087559337844,-0.906088802013106,0.));
#4078=DIRECTION('center_axis',(0.473334264224783,-0.880882894777043,0.));
#4079=DIRECTION('ref_axis',(0.880882894777043,0.473334264224783,0.));
#4080=CARTESIAN_POINT('',(0.,0.,0.));
#4081=CARTESIAN_POINT('Origin',(38.8678440093774,16.8636396646579,6.5));
#4082=CARTESIAN_POINT('',(-5.55637477066995,17.3767672809192,6.5));
#4083=CARTESIAN_POINT('',(-0.742124639773079,16.974961355444,6.5));
#4084=CARTESIAN_POINT('Origin',(-2.96224285695231,19.4164926580795,6.5));
#4085=CARTESIAN_POINT('',(-4.48218294316199,15.2250100943866,6.5));
#4086=CARTESIAN_POINT('',(-1.01588219538235,8.2815225778025,6.5));
#4087=CARTESIAN_POINT('',(-5.7457584251862,9.92525609390682,6.5));
#4088=CARTESIAN_POINT('Origin',(-4.01280406694566,12.3125912593696,6.5));
#4089=CARTESIAN_POINT('',(-7.0558533361994,8.18901852973288,6.5));
#4090=CARTESIAN_POINT('',(-6.8751512780511,8.42849866101434,6.5));
#4091=CARTESIAN_POINT('',(-10.1750900178062,10.5103306437463,6.5));
#4092=CARTESIAN_POINT('',(5.64527537165774,-1.26306444461973,6.5));
#4093=CARTESIAN_POINT('',(-14.533292437158,4.65404584247229,6.5));
#4094=CARTESIAN_POINT('Origin',(-12.3541912274821,7.58218824310927,6.5));
#4095=CARTESIAN_POINT('',(-10.3826856611734,1.5651959817428,6.5));
#4096=CARTESIAN_POINT('',(-0.273344313014965,-5.95809863532409,6.5));
#4097=CARTESIAN_POINT('',(-9.50740853107174,4.45636432793644,6.5));
#4098=CARTESIAN_POINT('Origin',(0.,0.,6.5));
#4099=CARTESIAN_POINT('',(-5.19925330349378,10.4869119985379,6.5));
#4100=CARTESIAN_POINT('',(3.75401511980888,23.019680476514,6.5));
#4101=CARTESIAN_POINT('',(-2.52287257703622,14.4364961477672,6.5));
#4102=CARTESIAN_POINT('Origin',(-3.6429117260537,12.3138769391789,6.5));
#4103=CARTESIAN_POINT('',(6.76523677395065,27.6767430907536,6.5));
#4104=CARTESIAN_POINT('',(-9.05419122748211,7.58218824310927,6.5));
#4105=CARTESIAN_POINT('Origin',(-12.3541912274821,7.58218824310927,6.5));
#4106=CARTESIAN_POINT('Origin',(-2.96224285695231,19.4164926580795,6.5));
#4107=CARTESIAN_POINT('',(0.0377571430476973,19.4164926580795,6.2));
#4108=CARTESIAN_POINT('',(-5.96224285695231,19.4164926580795,6.2));
#4109=CARTESIAN_POINT('Origin',(-2.96224285695231,19.4164926580795,6.2));
#4110=CARTESIAN_POINT('',(0.0377571430476973,19.4164926580795,5.5));
#4111=CARTESIAN_POINT('',(0.037757143047697,19.4164926580795,6.5));
#4112=CARTESIAN_POINT('Origin',(-2.96224285695231,19.4164926580795,5.5));
#4113=CARTESIAN_POINT('Origin',(-2.96224285695231,19.4164926580795,6.2));
#4114=CARTESIAN_POINT('Origin',(-4.01280406694566,12.3125912593696,6.2));
#4115=CARTESIAN_POINT('',(-4.92133029345192,15.4330207323349,6.2));
#4116=CARTESIAN_POINT('',(-5.92648462786098,9.68574396445981,6.2));
#4117=CARTESIAN_POINT('Origin',(-4.01280406694566,12.3125912593696,6.2));
#4118=CARTESIAN_POINT('Ctrl Pts',(-5.7457584251862,9.92525609390682,6.5));
#4119=CARTESIAN_POINT('Ctrl Pts',(-5.76806388155024,9.89569520415774,6.5));
#4120=CARTESIAN_POINT('Ctrl Pts',(-5.79431624851032,9.86090356785612,6.4913315585706));
#4121=CARTESIAN_POINT('Ctrl Pts',(-5.83552990131118,9.80628409597807,6.46299193139726));
#4122=CARTESIAN_POINT('Ctrl Pts',(-5.85778410218692,9.77679113390614,6.4383075373146));
#4123=CARTESIAN_POINT('Ctrl Pts',(-5.88932558509333,9.73498995828788,6.38594609911522));
#4124=CARTESIAN_POINT('Ctrl Pts',(-5.9041944986903,9.71528454144478,6.34900515429818));
#4125=CARTESIAN_POINT('Ctrl Pts',(-5.92126361479333,9.69266324865432,6.28059522266323));
#4126=CARTESIAN_POINT('Ctrl Pts',(-5.92648462786098,9.68574396445981,6.23702228997026));
#4127=CARTESIAN_POINT('Ctrl Pts',(-5.92648462786098,9.68574396445981,6.2));
#4128=CARTESIAN_POINT('Ctrl Pts',(-4.482182943162,15.2250100943866,6.5));
#4129=CARTESIAN_POINT('Ctrl Pts',(-4.48256736303364,15.2252073014289,6.5));
#4130=CARTESIAN_POINT('Ctrl Pts',(-4.48295180057924,15.2254044745579,6.4999996726774));
#4131=CARTESIAN_POINT('Ctrl Pts',(-4.53538349648757,15.2522901656878,6.49991036004769));
#4132=CARTESIAN_POINT('Ctrl Pts',(-4.58838746497079,15.2786562256611,6.49381988593369));
#4133=CARTESIAN_POINT('Ctrl Pts',(-4.68594007261486,15.3258512593586,6.46886484819166));
#4134=CARTESIAN_POINT('Ctrl Pts',(-4.73203971640883,15.3475538383171,6.45094703397604));
#4135=CARTESIAN_POINT('Ctrl Pts',(-4.80744591977452,15.3822986750839,6.40544043083422));
#4136=CARTESIAN_POINT('Ctrl Pts',(-4.83903289458836,15.3965583929476,6.38001464383492));
#4137=CARTESIAN_POINT('Ctrl Pts',(-4.88282984642073,15.4160967583138,6.32672984548812));
#4138=CARTESIAN_POINT('Ctrl Pts',(-4.89796081803994,15.4227674590114,6.30170220140823));
#4139=CARTESIAN_POINT('Ctrl Pts',(-4.91668596777309,15.4309939684289,6.25037702908048));
#4140=CARTESIAN_POINT('Ctrl Pts',(-4.92133029345192,15.4330207323349,6.22549693782314));
#4141=CARTESIAN_POINT('Ctrl Pts',(-4.92133029345192,15.4330207323349,6.2));
#4142=CARTESIAN_POINT('Origin',(-1.01588219538235,8.2815225778025,6.2));
#4143=CARTESIAN_POINT('',(-5.81141940359562,17.2159943040566,6.2));
#4144=CARTESIAN_POINT('Ctrl Pts',(-5.55637477066995,17.3767672809192,6.5));
#4145=CARTESIAN_POINT('Ctrl Pts',(-5.55661147401171,17.3766173351177,6.5));
#4146=CARTESIAN_POINT('Ctrl Pts',(-5.55684817821138,17.376467390916,6.49999961148125));
#4147=CARTESIAN_POINT('Ctrl Pts',(-5.57420862732396,17.3654702836127,6.49994262171013));
#4148=CARTESIAN_POINT('Ctrl Pts',(-5.59129085729962,17.3546607360824,6.49785326760879));
#4149=CARTESIAN_POINT('Ctrl Pts',(-5.62484469961081,17.3334487933257,6.48967003696378));
#4150=CARTESIAN_POINT('Ctrl Pts',(-5.6412341331626,17.3230983188129,6.48359812772341));
#4151=CARTESIAN_POINT('Ctrl Pts',(-5.68746184559897,17.293929517442,6.46022878572961));
#4152=CARTESIAN_POINT('Ctrl Pts',(-5.71512880408672,17.2765062369975,6.43796261169471));
#4153=CARTESIAN_POINT('Ctrl Pts',(-5.76157427208053,17.2472892165668,6.38228234384786));
#4154=CARTESIAN_POINT('Ctrl Pts',(-5.77995190605593,17.2357465662595,6.34945445337006));
#4155=CARTESIAN_POINT('Ctrl Pts',(-5.80498245488114,17.2200316128296,6.27740047298452));
#4156=CARTESIAN_POINT('Ctrl Pts',(-5.81141940359562,17.2159943040565,6.23889123421711));
#4157=CARTESIAN_POINT('Ctrl Pts',(-5.81141940359561,17.2159943040565,6.2));
#4158=CARTESIAN_POINT('',(-1.28429446340046,8.14752685258197,6.2));
#4159=CARTESIAN_POINT('Origin',(-2.96224285695231,19.4164926580795,6.2));
#4160=CARTESIAN_POINT('',(-6.56224285695231,19.4164926580795,6.2));
#4161=CARTESIAN_POINT('Origin',(-6.26224285695231,19.4164926580795,6.2));
#4162=CARTESIAN_POINT('Origin',(-2.96224285695231,19.4164926580795,6.2));
#4163=CARTESIAN_POINT('',(0.0891881139771022,18.1600018982039,6.5));
#4164=CARTESIAN_POINT('Ctrl Pts',(0.0891881139770988,18.1600018982039,6.5));
#4165=CARTESIAN_POINT('Ctrl Pts',(0.050427785100912,18.104748852991,6.5));
#4166=CARTESIAN_POINT('Ctrl Pts',(0.00392155562690497,18.0384539872272,
6.49868135777929));
#4167=CARTESIAN_POINT('Ctrl Pts',(-0.125963840365498,17.8533016971065,6.49387476907484));
#4168=CARTESIAN_POINT('Ctrl Pts',(-0.2353138668591,17.6974226802597,6.48903972373711));
#4169=CARTESIAN_POINT('Ctrl Pts',(-0.326468262897985,17.5674816268239,6.48903972373711));
#4170=CARTESIAN_POINT('Ctrl Pts',(-0.417622658936871,17.4375405733882,6.48903972373711));
#4171=CARTESIAN_POINT('Ctrl Pts',(-0.526972685430474,17.2816615565414,6.49387476907484));
#4172=CARTESIAN_POINT('Ctrl Pts',(-0.656858081422877,17.0965092664207,6.49868135777929));
#4173=CARTESIAN_POINT('Ctrl Pts',(-0.703364310896885,17.0302144006569,6.5));
#4174=CARTESIAN_POINT('Ctrl Pts',(-0.742124639773071,16.974961355444,6.5));
#4175=CARTESIAN_POINT('',(-0.0481199216628401,20.9650040458387,6.5));
#4176=CARTESIAN_POINT('Origin',(-2.96224285695231,19.4164926580795,6.5));
#4177=CARTESIAN_POINT('',(0.202665114504256,21.1321142749317,6.2));
#4178=CARTESIAN_POINT('Ctrl Pts',(-0.0481199216628166,20.9650040458387,
6.5));
#4179=CARTESIAN_POINT('Ctrl Pts',(-0.0478851466867155,20.9651597697925,
6.5));
#4180=CARTESIAN_POINT('Ctrl Pts',(-0.047650372789744,20.9653154951317,6.49999960689326));
#4181=CARTESIAN_POINT('Ctrl Pts',(-0.0305432616263582,20.9766627814129,
6.49994231795043));
#4182=CARTESIAN_POINT('Ctrl Pts',(-0.0137220235945184,20.9878313970358,
6.49785561785738));
#4183=CARTESIAN_POINT('Ctrl Pts',(0.019301866220266,21.0097780067322,6.48968355858344));
#4184=CARTESIAN_POINT('Ctrl Pts',(0.0354235164483996,21.0205021408324,6.48362000709762));
#4185=CARTESIAN_POINT('Ctrl Pts',(0.0809006243048174,21.0507783225359,6.46027051353888));
#4186=CARTESIAN_POINT('Ctrl Pts',(0.108095556538146,21.0689162978466,6.43801183595237));
#4187=CARTESIAN_POINT('Ctrl Pts',(0.153731126532095,21.0993846355227,6.38233774051953));
#4188=CARTESIAN_POINT('Ctrl Pts',(0.171775186323644,21.1114491830972,6.34950390150101));
#4189=CARTESIAN_POINT('Ctrl Pts',(0.196348912677362,21.127885681787,6.27743068466063));
#4190=CARTESIAN_POINT('Ctrl Pts',(0.202665114504254,21.1321142749317,6.23890598099162));
#4191=CARTESIAN_POINT('Ctrl Pts',(0.202665114504244,21.1321142749318,6.2));
#4192=CARTESIAN_POINT('Origin',(-2.96224285695231,19.4164926580795,6.2));
#4193=CARTESIAN_POINT('Origin',(9.24232514957368,9.5439117458104,6.2));
#4194=CARTESIAN_POINT('',(1.08216761852353,19.5754992133945,6.5));
#4195=CARTESIAN_POINT('',(9.24232514957368,9.5439117458104,6.5));
#4196=CARTESIAN_POINT('',(1.26124026212017,19.8307681742085,6.2));
#4197=CARTESIAN_POINT('Origin',(1.08216761852353,19.5754992133945,6.2));
#4198=CARTESIAN_POINT('',(9.47505153118523,9.7332221557249,6.2));
#4199=CARTESIAN_POINT('Origin',(-4.01280406694566,12.3125912593696,0.));
#4200=CARTESIAN_POINT('',(-4.92133029345192,15.4330207323349,0.5));
#4201=CARTESIAN_POINT('',(-4.92133029345192,15.4330207323349,0.));
#4202=CARTESIAN_POINT('',(-5.92648462786098,9.68574396445981,0.5));
#4203=CARTESIAN_POINT('Origin',(-4.01280406694566,12.3125912593696,0.5));
#4204=CARTESIAN_POINT('',(-5.92648462786098,9.68574396445981,0.));
#4205=CARTESIAN_POINT('Origin',(-5.81141940359562,17.2159943040566,0.));
#4206=CARTESIAN_POINT('',(-5.81141940359562,17.2159943040566,0.5));
#4207=CARTESIAN_POINT('',(-5.81141940359562,17.2159943040566,0.));
#4208=CARTESIAN_POINT('',(-1.28429446340046,8.14752685258197,0.5));
#4209=CARTESIAN_POINT('Origin',(-2.96224285695231,19.4164926580795,0.));
#4210=CARTESIAN_POINT('',(0.202665114504256,21.1321142749317,0.5));
#4211=CARTESIAN_POINT('',(0.202665114504256,21.1321142749317,0.));
#4212=CARTESIAN_POINT('Origin',(-2.96224285695231,19.4164926580795,0.5));
#4213=CARTESIAN_POINT('Origin',(1.26124026212017,19.8307681742085,0.));
#4214=CARTESIAN_POINT('',(1.26124026212017,19.8307681742085,0.5));
#4215=CARTESIAN_POINT('',(1.26124026212017,19.8307681742085,0.));
#4216=CARTESIAN_POINT('',(9.47505153118523,9.7332221557249,0.5));
#4217=CARTESIAN_POINT('Origin',(5.64527537165774,-1.26306444461973,6.2));
#4218=CARTESIAN_POINT('',(-9.99598580879456,10.750999882151,6.2));
#4219=CARTESIAN_POINT('Origin',(-10.1750900178062,10.5103306437463,6.2));
#4220=CARTESIAN_POINT('',(-6.8751512780511,8.42849866101434,6.2));
#4221=CARTESIAN_POINT('Origin',(-7.0558533361994,8.18901852973288,6.2));
#4222=CARTESIAN_POINT('',(5.82437958066938,-1.022395206215,6.2));
#4223=CARTESIAN_POINT('Origin',(-12.3541912274821,7.58218824310927,6.2));
#4224=CARTESIAN_POINT('',(-14.7123966461696,4.41337660406755,6.2));
#4225=CARTESIAN_POINT('Origin',(-14.533292437158,4.65404584247229,6.2));
#4226=CARTESIAN_POINT('Origin',(-12.3541912274821,7.58218824310927,6.2));
#4227=CARTESIAN_POINT('Origin',(-0.273344313014965,-5.95809863532409,6.2));
#4228=CARTESIAN_POINT('',(-10.4282771518827,1.22516759813549,6.2));
#4229=CARTESIAN_POINT('Ctrl Pts',(-10.3826856611734,1.5651959817428,6.5));
#4230=CARTESIAN_POINT('Ctrl Pts',(-10.3891403482192,1.52237898794843,6.5));
#4231=CARTESIAN_POINT('Ctrl Pts',(-10.3957805443692,1.4763532222399,6.49230087315049));
#4232=CARTESIAN_POINT('Ctrl Pts',(-10.4075942101028,1.39063105134769,6.46018704859623));
#4233=CARTESIAN_POINT('Ctrl Pts',(-10.4127797860886,1.35093846097359,6.43576662300666));
#4234=CARTESIAN_POINT('Ctrl Pts',(-10.4202581807513,1.2918909687584,6.38113426055658));
#4235=CARTESIAN_POINT('Ctrl Pts',(-10.4232743394371,1.26713644732018,6.34883418508508));
#4236=CARTESIAN_POINT('Ctrl Pts',(-10.4272792342525,1.23374653088981,6.2770251567979));
#4237=CARTESIAN_POINT('Ctrl Pts',(-10.4282771518827,1.22516759813549,6.23749047581202));
#4238=CARTESIAN_POINT('Ctrl Pts',(-10.4282771518827,1.22516759813549,6.2));
#4239=CARTESIAN_POINT('',(-0.452448522026182,-6.19876787372914,6.2));
#4240=CARTESIAN_POINT('Origin',(-14.7123966461641,4.41337660406339,0.));
#4241=CARTESIAN_POINT('',(-14.7123966461696,4.41337660406755,0.5));
#4242=CARTESIAN_POINT('',(-14.7123966461696,4.41337660406755,0.));
#4243=CARTESIAN_POINT('',(-10.4282771518827,1.22516759813549,0.5));
#4244=CARTESIAN_POINT('',(-0.452448522026182,-6.19876787372914,0.5));
#4245=CARTESIAN_POINT('',(-10.4282771518827,1.22516759813549,0.));
#4246=CARTESIAN_POINT('Origin',(-12.3541912274821,7.58218824310927,0.));
#4247=CARTESIAN_POINT('',(-9.99598580879456,10.750999882151,0.5));
#4248=CARTESIAN_POINT('',(-9.99598580879456,10.750999882151,0.));
#4249=CARTESIAN_POINT('Origin',(-12.3541912274821,7.58218824310927,0.5));
#4250=CARTESIAN_POINT('Origin',(-6.8751512780511,8.42849866101434,0.));
#4251=CARTESIAN_POINT('',(-6.8751512780511,8.42849866101434,0.5));
#4252=CARTESIAN_POINT('',(-6.8751512780511,8.42849866101434,0.));
#4253=CARTESIAN_POINT('',(5.82437958066938,-1.022395206215,0.5));
#4254=CARTESIAN_POINT('Origin',(-12.3541912274821,7.58218824310927,6.2));
#4255=CARTESIAN_POINT('',(-9.35419122748211,7.58218824310927,6.2));
#4256=CARTESIAN_POINT('Origin',(-9.05419122748211,7.58218824310927,6.2));
#4257=CARTESIAN_POINT('Origin',(-12.3541912274821,7.58218824310927,6.2));
#4258=CARTESIAN_POINT('Origin',(-12.3541912274821,7.58218824310927,6.5));
#4259=CARTESIAN_POINT('',(-9.35419122748211,7.58218824310927,5.5));
#4260=CARTESIAN_POINT('',(-9.35419122748211,7.58218824310927,6.5));
#4261=CARTESIAN_POINT('Origin',(-12.3541912274821,7.58218824310927,5.5));
#4262=CARTESIAN_POINT('Origin',(38.8678440093774,16.8636396646579,6.5));
#4263=CARTESIAN_POINT('',(6.76523677395065,27.6767430907536,6.5));
#4264=CARTESIAN_POINT('Origin',(10.8175743537365,-9.87967672519102,6.2));
#4265=CARTESIAN_POINT('',(14.1175743537365,-9.87967672519102,6.5));
#4266=CARTESIAN_POINT('Origin',(10.8175743537365,-9.87967672519102,6.5));
#4267=CARTESIAN_POINT('',(13.8175743537365,-9.87967672519102,6.2));
#4268=CARTESIAN_POINT('Origin',(14.1175743537365,-9.87967672519102,6.2));
#4269=CARTESIAN_POINT('Origin',(10.8175743537365,-9.87967672519102,6.2));
#4270=CARTESIAN_POINT('Origin',(10.8175743537365,-9.87967672519102,6.5));
#4271=CARTESIAN_POINT('',(13.8175743537365,-9.87967672519102,5.5));
#4272=CARTESIAN_POINT('',(13.8175743537365,-9.87967672519102,6.5));
#4273=CARTESIAN_POINT('Origin',(10.8175743537365,-9.87967672519102,5.5));
#4274=CARTESIAN_POINT('Origin',(38.8678440093774,16.8636396646579,6.5));
#4275=CARTESIAN_POINT('',(12.3288728473115,-5.29505348526205,6.5));
#4276=CARTESIAN_POINT('',(25.85551334434,1.9733614936832,6.5));
#4277=CARTESIAN_POINT('',(5.71924245793242,-8.8466771524992,6.5));
#4278=CARTESIAN_POINT('',(5.96664559483602,-8.67517440043296,6.5));
#4279=CARTESIAN_POINT('',(23.9334893897272,0.944306379645551,6.5));
#4280=CARTESIAN_POINT('',(7.69924798709812,-11.6785765754054,6.5));
#4281=CARTESIAN_POINT('',(4.54483306233896,-6.21051495428645,6.5));
#4282=CARTESIAN_POINT('',(13.9359007203749,-8.08077687497661,6.5));
#4283=CARTESIAN_POINT('Origin',(10.8175743537365,-9.87967672519102,6.5));
#4284=CARTESIAN_POINT('',(11.6501623031678,-4.1185338558527,6.5));
#4285=CARTESIAN_POINT('Origin',(4.54483306233896,-6.21051495428645,6.2));
#4286=CARTESIAN_POINT('',(5.70203444144046,-8.8168476922666,6.2));
#4287=CARTESIAN_POINT('Origin',(5.96664559483602,-8.67517440043296,6.2));
#4288=CARTESIAN_POINT('',(7.43938745654466,-11.8284848962568,6.2));
#4289=CARTESIAN_POINT('',(4.2849725317855,-6.3604232751378,6.2));
#4290=CARTESIAN_POINT('Origin',(7.69924798709812,-11.6785765754054,6.2));
#4291=CARTESIAN_POINT('Origin',(10.8175743537365,-9.87967672519102,6.2));
#4292=CARTESIAN_POINT('',(14.1957612509284,-7.93086855412526,6.2));
#4293=CARTESIAN_POINT('Origin',(13.9359007203749,-8.08077687497661,6.2));
#4294=CARTESIAN_POINT('Origin',(10.8175743537365,-9.87967672519102,6.2));
#4295=CARTESIAN_POINT('Origin',(11.6501623031678,-4.1185338558527,6.2));
#4296=CARTESIAN_POINT('',(12.5932580628869,-5.15298853857242,6.2));
#4297=CARTESIAN_POINT('Origin',(12.3288728473115,-5.29505348526205,6.2));
#4298=CARTESIAN_POINT('',(11.9100228337213,-3.96862553500134,6.2));
#4299=CARTESIAN_POINT('Origin',(14.1957612509284,-7.93086855412526,0.));
#4300=CARTESIAN_POINT('',(14.1957612509284,-7.93086855412526,0.5));
#4301=CARTESIAN_POINT('',(14.1957612509284,-7.93086855412526,0.));
#4302=CARTESIAN_POINT('',(10.7940699271643,-2.03416243966638,0.5));
#4303=CARTESIAN_POINT('',(11.9100228337213,-3.96862553500134,0.5));
#4304=CARTESIAN_POINT('',(10.7940699271643,-2.03416243966638,2.));
#4305=CARTESIAN_POINT('',(10.7940699271643,-2.03416243966638,0.));
#4306=CARTESIAN_POINT('',(12.5932580628869,-5.15298853857242,2.));
#4307=CARTESIAN_POINT('',(10.7940699193984,-2.03416242620444,2.));
#4308=CARTESIAN_POINT('',(12.5932580628869,-5.15298853857242,0.));
#4309=CARTESIAN_POINT('Origin',(10.8175743537365,-9.87967672519102,0.));
#4310=CARTESIAN_POINT('',(7.43938745654466,-11.8284848962568,0.5));
#4311=CARTESIAN_POINT('',(7.43938745654466,-11.8284848962568,0.));
#4312=CARTESIAN_POINT('Origin',(10.8175743537365,-9.87967672519102,0.5));
#4313=CARTESIAN_POINT('Origin',(5.70203444144046,-8.8168476922666,0.));
#4314=CARTESIAN_POINT('',(5.70203444144046,-8.8168476922666,0.5));
#4315=CARTESIAN_POINT('',(5.70203444144046,-8.8168476922666,0.));
#4316=CARTESIAN_POINT('',(4.2849725317855,-6.3604232751378,0.5));
#4317=CARTESIAN_POINT('Origin',(-2.96224285695231,19.4164926580795,2.));
#4318=CARTESIAN_POINT('',(-4.71224285695231,19.4164926580795,2.));
#4319=CARTESIAN_POINT('Origin',(-2.96224285695231,19.4164926580795,2.));
#4320=CARTESIAN_POINT('',(-4.71224285695231,19.4164926580795,5.5));
#4321=CARTESIAN_POINT('',(-4.71224285695231,19.4164926580795,2.));
#4322=CARTESIAN_POINT('Origin',(-2.96224285695231,19.4164926580795,5.5));
#4323=CARTESIAN_POINT('Origin',(-12.3541912274821,7.58218824310927,2.));
#4324=CARTESIAN_POINT('',(-14.1041912274821,7.58218824310927,2.));
#4325=CARTESIAN_POINT('Origin',(-12.3541912274821,7.58218824310927,2.));
#4326=CARTESIAN_POINT('',(-14.1041912274821,7.58218824310927,5.5));
#4327=CARTESIAN_POINT('',(-14.1041912274821,7.58218824310927,2.));
#4328=CARTESIAN_POINT('Origin',(-12.3541912274821,7.58218824310927,5.5));
#4329=CARTESIAN_POINT('Origin',(10.8175743537365,-9.87967672519102,2.));
#4330=CARTESIAN_POINT('',(9.06757435373651,-9.87967672519102,2.));
#4331=CARTESIAN_POINT('Origin',(10.8175743537365,-9.87967672519102,2.));
#4332=CARTESIAN_POINT('',(9.06757435373651,-9.87967672519102,5.5));
#4333=CARTESIAN_POINT('',(9.06757435373651,-9.87967672519102,2.));
#4334=CARTESIAN_POINT('Origin',(10.8175743537365,-9.87967672519102,5.5));
#4335=CARTESIAN_POINT('Origin',(30.9305395565627,5.99544922773049,19.4));
#4336=CARTESIAN_POINT('',(31.3749655393182,5.69198092215922,19.4));
#4337=CARTESIAN_POINT('',(32.4226072378581,6.39780835514553,19.4));
#4338=CARTESIAN_POINT('',(31.2099140318667,5.58078080290337,19.4));
#4339=CARTESIAN_POINT('',(32.1432327625541,6.81247677997264,19.9));
#4340=CARTESIAN_POINT('Origin',(32.1432327625541,6.81247677997264,19.4));
#4341=CARTESIAN_POINT('',(31.2193446041077,6.19002579491594,19.9));
#4342=CARTESIAN_POINT('',(30.9305395565627,5.99544922773049,19.9));
#4343=CARTESIAN_POINT('Ctrl Pts',(31.2193446041077,6.19002579491595,19.9));
#4344=CARTESIAN_POINT('Ctrl Pts',(31.2194477244516,6.18969284026163,19.9));
#4345=CARTESIAN_POINT('Ctrl Pts',(31.21955084648,6.18935988618951,19.8999996658329));
#4346=CARTESIAN_POINT('Ctrl Pts',(31.2307048941795,6.15334703326554,19.8999273771916));
#4347=CARTESIAN_POINT('Ctrl Pts',(31.2417517759704,6.11775009745257,19.8960183970923));
#4348=CARTESIAN_POINT('Ctrl Pts',(31.2634114075229,6.04808458706765,19.8806396173489));
#4349=CARTESIAN_POINT('Ctrl Pts',(31.2739813614422,6.01415304275455,19.8692303520056));
#4350=CARTESIAN_POINT('Ctrl Pts',(31.3023288581456,5.92330370253593,19.8272735064368));
#4351=CARTESIAN_POINT('Ctrl Pts',(31.3189292986863,5.87028541884111,19.7890481224019));
#4352=CARTESIAN_POINT('Ctrl Pts',(31.3462362480888,5.78324572541088,19.695392617047));
#4353=CARTESIAN_POINT('Ctrl Pts',(31.3569060169448,5.74932815916144,19.6415964089793));
#4354=CARTESIAN_POINT('Ctrl Pts',(31.3712803077277,5.70366726535899,19.5244487136943));
#4355=CARTESIAN_POINT('Ctrl Pts',(31.3749655393182,5.69198092215922,19.4625937364014));
#4356=CARTESIAN_POINT('Ctrl Pts',(31.3749655393182,5.69198092215922,19.4));
#4357=CARTESIAN_POINT('Origin',(21.9210801825469,29.3970537446174,19.4));
#4358=CARTESIAN_POINT('',(18.4803007462398,28.5562432798594,19.4));
#4359=CARTESIAN_POINT('',(18.4148796617889,28.5300142433489,19.4));
#4360=CARTESIAN_POINT('',(21.7350142922677,29.8611436976164,19.4));
#4361=CARTESIAN_POINT('',(18.600945552068,28.0659242903499,19.9));
#4362=CARTESIAN_POINT('Origin',(18.600945552068,28.0659242903499,19.4));
#4363=CARTESIAN_POINT('',(18.6722297928531,28.0945040207208,19.9));
#4364=CARTESIAN_POINT('',(21.9210801825469,29.3970537446174,19.9));
#4365=CARTESIAN_POINT('Origin',(18.6722297928531,28.0945040207208,19.4));
#4366=CARTESIAN_POINT('Origin',(19.1591432229054,26.6736544313528,19.4));
#4367=CARTESIAN_POINT('',(17.3561255058837,27.539175726357,19.4));
#4368=CARTESIAN_POINT('',(17.8068799351391,27.322795402606,19.9));
#4369=CARTESIAN_POINT('Origin',(17.8068799351391,27.322795402606,19.4));
#4370=CARTESIAN_POINT('Origin',(19.1591432229054,26.6736544313528,19.9));
#4371=CARTESIAN_POINT('Origin',(19.1591432229054,26.6736544313528,19.4));
#4372=CARTESIAN_POINT('Origin',(31.1041355981743,20.93957585195,19.4));
#4373=CARTESIAN_POINT('Origin',(31.1041355981743,20.93957585195,19.9));
#4374=CARTESIAN_POINT('Origin',(31.1041355981743,20.93957585195,19.4));
#4375=CARTESIAN_POINT('Origin',(25.6670434724136,31.1061918717905,19.4));
#4376=CARTESIAN_POINT('',(19.6981763678813,28.536235706139,19.9));
#4377=CARTESIAN_POINT('',(25.6670434724136,31.1061918717905,19.9));
#4378=CARTESIAN_POINT('',(19.500445422538,28.9954768990363,19.4));
#4379=CARTESIAN_POINT('Origin',(19.6981763678813,28.536235706139,19.4));
#4380=CARTESIAN_POINT('',(25.4693125270703,31.5654330646877,19.4));
#4381=CARTESIAN_POINT('Origin',(30.9305395565627,5.99544922773049,19.4));
#4382=CARTESIAN_POINT('',(33.1505408863484,6.94482907402368,19.6114938268933));
#4383=CARTESIAN_POINT('Ctrl Pts',(32.1432327625541,6.81247677997264,19.9));
#4384=CARTESIAN_POINT('Ctrl Pts',(32.2893802594098,6.8262097006109,19.9));
#4385=CARTESIAN_POINT('Ctrl Pts',(32.448523218818,6.84372252471665,19.8847966513376));
#4386=CARTESIAN_POINT('Ctrl Pts',(32.7566280840525,6.88315890096556,19.8186112536532));
#4387=CARTESIAN_POINT('Ctrl Pts',(32.9058821043069,6.90510399666663,19.7690094058097));
#4388=CARTESIAN_POINT('Ctrl Pts',(33.0712706049944,6.93159679932298,19.6731679360011));
#4389=CARTESIAN_POINT('Ctrl Pts',(33.1136404386826,6.93858613358482,19.6445710621488));
#4390=CARTESIAN_POINT('Ctrl Pts',(33.1505408863484,6.94482907402368,19.6114938268933));
#4391=CARTESIAN_POINT('',(33.1767642471421,6.90590640686819,19.4));
#4392=CARTESIAN_POINT('',(31.2099140318667,5.58078080290337,19.4));
#4393=CARTESIAN_POINT('Origin',(32.8973897718381,7.3205748316953,19.4));
#4394=CARTESIAN_POINT('Origin',(33.4561387224461,6.49123798204107,19.4));
#4395=CARTESIAN_POINT('',(33.3649361188276,6.9828497039245,19.4));
#4396=CARTESIAN_POINT('Ctrl Pts',(33.1505408863484,6.94482907402368,19.6114938268933));
#4397=CARTESIAN_POINT('Ctrl Pts',(33.2344740398487,6.95902916403056,19.536256889683));
#4398=CARTESIAN_POINT('Ctrl Pts',(33.3075350991106,6.97220381513447,19.4594317784638));
#4399=CARTESIAN_POINT('Ctrl Pts',(33.3644767787933,6.98276449433933,19.4004755948356));
#4400=CARTESIAN_POINT('Ctrl Pts',(33.3647064491951,6.98280709617631,19.4002377975815));
#4401=CARTESIAN_POINT('Ctrl Pts',(33.3649361188276,6.9828497039245,19.4));
#4402=CARTESIAN_POINT('Origin',(33.4561387224461,6.49123798204107,19.4));
#4403=CARTESIAN_POINT('Origin',(25.6670434724136,31.1061918717905,19.4));
#4404=CARTESIAN_POINT('',(20.2520780539783,29.2543720091343,19.6364677285983));
#4405=CARTESIAN_POINT('Ctrl Pts',(20.2520780539783,29.2543720091343,19.6364677285984));
#4406=CARTESIAN_POINT('Ctrl Pts',(20.2160986587935,29.2107768210538,19.684558221985));
#4407=CARTESIAN_POINT('Ctrl Pts',(20.1728104059042,29.1576588253036,19.7240402661692));
#4408=CARTESIAN_POINT('Ctrl Pts',(20.067409412891,29.0263304053539,19.8029810306699));
#4409=CARTESIAN_POINT('Ctrl Pts',(19.9924220048538,28.9308040143982,19.8402066985748));
#4410=CARTESIAN_POINT('Ctrl Pts',(19.8418331012569,28.7330304984898,19.8888318686955));
#4411=CARTESIAN_POINT('Ctrl Pts',(19.7662164602238,28.630738090646,19.9));
#4412=CARTESIAN_POINT('Ctrl Pts',(19.6981763678813,28.536235706139,19.9));
#4413=CARTESIAN_POINT('',(20.2285672659618,29.308977130836,19.4));
#4414=CARTESIAN_POINT('Origin',(20.4262982113051,28.8497359379387,19.4));
#4415=CARTESIAN_POINT('',(25.4693125270703,31.5654330646877,19.4));
#4416=CARTESIAN_POINT('Origin',(20.0308363206186,29.7682183237332,19.4));
#4417=CARTESIAN_POINT('',(20.4106969591694,29.4430938932766,19.4));
#4418=CARTESIAN_POINT('Ctrl Pts',(20.4106969591694,29.4430938932766,19.4));
#4419=CARTESIAN_POINT('Ctrl Pts',(20.4105450683027,29.4429164308768,19.4002377979703));
#4420=CARTESIAN_POINT('Ctrl Pts',(20.4103931829125,29.4427389657217,19.4004755944476));
#4421=CARTESIAN_POINT('Ctrl Pts',(20.368570124334,29.3938697595474,19.4659569212724));
#4422=CARTESIAN_POINT('Ctrl Pts',(20.3140252508061,29.3294316281993,19.5536683584573));
#4423=CARTESIAN_POINT('Ctrl Pts',(20.2520780539784,29.2543720091344,19.6364677285982));
#4424=CARTESIAN_POINT('Origin',(20.0308363206186,29.7682183237332,19.4));
#4425=CARTESIAN_POINT('Origin',(19.1591432229054,26.6736544313528,10.9));
#4426=CARTESIAN_POINT('',(18.4148796617889,28.5300142433489,10.4));
#4427=CARTESIAN_POINT('',(18.4148796617889,28.5300142433489,10.9));
#4428=CARTESIAN_POINT('',(17.4137363554144,27.6501557712983,10.8968664566901));
#4429=CARTESIAN_POINT('Ctrl Pts',(18.4148796617889,28.5300142433489,10.4));
#4430=CARTESIAN_POINT('Ctrl Pts',(18.3043348591171,28.4856939192567,10.4595492328359));
#4431=CARTESIAN_POINT('Ctrl Pts',(18.18759299047,28.4267612367096,10.5247999312498));
#4432=CARTESIAN_POINT('Ctrl Pts',(17.9664088857287,28.2844549228368,10.6485011949712));
#4433=CARTESIAN_POINT('Ctrl Pts',(17.8619092888724,28.2009796918331,10.7067321908132));
#4434=CARTESIAN_POINT('Ctrl Pts',(17.6981802887156,28.0433683336582,10.7920951220708));
#4435=CARTESIAN_POINT('Ctrl Pts',(17.6218601614746,27.9582367689544,10.8295341889482));
#4436=CARTESIAN_POINT('Ctrl Pts',(17.5018248120924,27.7964399688268,10.8766263520307));
#4437=CARTESIAN_POINT('Ctrl Pts',(17.4546703685574,27.7233215773562,10.8909409232036));
#4438=CARTESIAN_POINT('Ctrl Pts',(17.4137363554144,27.6501557712983,10.8968664566901));
#4439=CARTESIAN_POINT('',(17.3695440188901,27.5665904251328,10.9));
#4440=CARTESIAN_POINT('Ctrl Pts',(17.4137363554145,27.6501557712984,10.8968664566901));
#4441=CARTESIAN_POINT('Ctrl Pts',(17.3984586789687,27.6228483214292,10.899078025418));
#4442=CARTESIAN_POINT('Ctrl Pts',(17.3837418585503,27.5950453678516,10.9));
#4443=CARTESIAN_POINT('Ctrl Pts',(17.3695440188902,27.5665904251329,10.9));
#4444=CARTESIAN_POINT('',(17.3561255058837,27.539175726357,10.9));
#4445=CARTESIAN_POINT('Origin',(19.1591432229054,26.6736544313528,10.9));
#4446=CARTESIAN_POINT('',(17.3561255058837,27.539175726357,10.9));
#4447=CARTESIAN_POINT('Origin',(18.4803007462398,28.5562432798594,0.));
#4448=CARTESIAN_POINT('',(18.4803007462398,28.5562432798594,2.));
#4449=CARTESIAN_POINT('',(18.4803007462398,28.5562432798594,0.));
#4450=CARTESIAN_POINT('',(18.4803007462398,28.5562432798594,0.5));
#4451=CARTESIAN_POINT('',(18.4803007462398,28.5562432798594,0.));
#4452=CARTESIAN_POINT('',(17.24846901727,28.0623694826705,0.5));
#4453=CARTESIAN_POINT('',(25.2430745762948,31.2676174979698,0.5));
#4454=CARTESIAN_POINT('',(17.24846901727,28.0623694826705,10.4));
#4455=CARTESIAN_POINT('',(17.24846901727,28.0623694826705,0.));
#4456=CARTESIAN_POINT('',(14.6608830657563,27.0249380954343,10.4));
#4457=CARTESIAN_POINT('Origin',(26.3151887049795,31.9296336174433,0.));
#4458=CARTESIAN_POINT('',(20.2285672659618,29.308977130836,16.4));
#4459=CARTESIAN_POINT('',(20.2285672659618,29.308977130836,19.9));
#4460=CARTESIAN_POINT('',(20.4539931197161,29.4060365145695,16.1681773828072));
#4461=CARTESIAN_POINT('Ctrl Pts',(20.2285672659618,29.308977130836,16.4));
#4462=CARTESIAN_POINT('Ctrl Pts',(20.2921947249909,29.3363725775385,16.3307254444798));
#4463=CARTESIAN_POINT('Ctrl Pts',(20.3621032781231,29.3664724129021,16.254329506322));
#4464=CARTESIAN_POINT('Ctrl Pts',(20.4423168425437,29.4010091752125,16.1789510664844));
#4465=CARTESIAN_POINT('Ctrl Pts',(20.448141963055,29.403517239827,16.1735417059902));
#4466=CARTESIAN_POINT('Ctrl Pts',(20.4539931197161,29.4060365145695,16.1681773828072));
#4467=CARTESIAN_POINT('',(21.4524120762851,29.8359159051475,15.9));
#4468=CARTESIAN_POINT('Ctrl Pts',(20.4539931197161,29.4060365145695,16.1681773828072));
#4469=CARTESIAN_POINT('Ctrl Pts',(20.478658413033,29.4166564063391,16.1455643145849));
#4470=CARTESIAN_POINT('Ctrl Pts',(20.5052432476276,29.4281027760409,16.1256081750267));
#4471=CARTESIAN_POINT('Ctrl Pts',(20.5782441466358,29.4595340522309,16.0772679830339));
#4472=CARTESIAN_POINT('Ctrl Pts',(20.6335045997414,29.4833269998185,16.0490725436022));
#4473=CARTESIAN_POINT('Ctrl Pts',(20.7476408220784,29.5324695059561,16.0022722773337));
#4474=CARTESIAN_POINT('Ctrl Pts',(20.806481814559,29.557804091024,15.9835669758717));
#4475=CARTESIAN_POINT('Ctrl Pts',(20.9514167715337,29.620207304192,15.9450835605745));
#4476=CARTESIAN_POINT('Ctrl Pts',(21.0525700881473,29.6637598888206,15.926986420266));
#4477=CARTESIAN_POINT('Ctrl Pts',(21.2563618472055,29.7515044940411,15.9045059374728));
#4478=CARTESIAN_POINT('Ctrl Pts',(21.3589888653087,29.795691595767,15.9));
#4479=CARTESIAN_POINT('Ctrl Pts',(21.4524120762851,29.8359159051475,15.9));
#4480=CARTESIAN_POINT('',(26.3151887049795,31.9296336174433,15.9));
#4481=CARTESIAN_POINT('',(26.1555214181939,31.8608872505128,15.9));
#4482=CARTESIAN_POINT('',(26.3151887049795,31.9296336174433,0.5));
#4483=CARTESIAN_POINT('',(26.3151887049795,31.9296336174433,0.));
#4484=CARTESIAN_POINT('',(22.8908304751716,30.4552415105372,0.5));
#4485=CARTESIAN_POINT('',(28.8737896282933,33.0312651503885,0.5));
#4486=CARTESIAN_POINT('',(22.8908304751716,30.4552415105371,2.));
#4487=CARTESIAN_POINT('',(22.8908304751716,30.4552415105372,0.));
#4488=CARTESIAN_POINT('',(23.4320976590462,30.6882895767954,2.));
#4489=CARTESIAN_POINT('Origin',(20.0308363206186,29.7682183237332,19.9));
#4490=CARTESIAN_POINT('',(20.4106969591694,29.4430938932766,16.4));
#4491=CARTESIAN_POINT('',(20.4106969591694,29.4430938932766,19.9));
#4492=CARTESIAN_POINT('Origin',(20.0308363206186,29.7682183237332,16.4));
#4493=CARTESIAN_POINT('Origin',(30.8568645193173,20.502172055719,16.4));
#4494=CARTESIAN_POINT('',(21.0975270784348,30.1881326541825,16.4));
#4495=CARTESIAN_POINT('Origin',(21.4524120762851,29.8359159051475,16.4));
#4496=CARTESIAN_POINT('',(44.6068645193173,20.502172055719,16.4));
#4497=CARTESIAN_POINT('Origin',(30.8568645193173,20.502172055719,16.4));
#4498=CARTESIAN_POINT('',(34.5458962122494,7.25628419689493,16.4));
#4499=CARTESIAN_POINT('Origin',(30.8568645193173,20.502172055719,16.4));
#4500=CARTESIAN_POINT('',(34.4117496052337,7.73795284630671,15.9));
#4501=CARTESIAN_POINT('Origin',(34.4117496052337,7.73795284630671,16.4));
#4502=CARTESIAN_POINT('Origin',(30.8568645193173,20.502172055719,15.9));
#4503=CARTESIAN_POINT('Origin',(30.8568645193173,20.502172055719,16.4));
#4504=CARTESIAN_POINT('',(33.3567182352587,7.02714677145566,16.1925798075404));
#4505=CARTESIAN_POINT('Ctrl Pts',(34.4117496052337,7.73795284630672,15.9));
#4506=CARTESIAN_POINT('Ctrl Pts',(34.2542893375638,7.63186717151765,15.9));
#4507=CARTESIAN_POINT('Ctrl Pts',(34.0817263133013,7.51560631953615,15.9107465488871));
#4508=CARTESIAN_POINT('Ctrl Pts',(33.8301447171655,7.346108300858,15.9582720502612));
#4509=CARTESIAN_POINT('Ctrl Pts',(33.7475823502963,7.29048357386424,15.9792741705496));
#4510=CARTESIAN_POINT('Ctrl Pts',(33.5898492072131,7.1842140547773,16.0354512831538));
#4511=CARTESIAN_POINT('Ctrl Pts',(33.5145652640339,7.13349301872718,16.0701632605649));
#4512=CARTESIAN_POINT('Ctrl Pts',(33.4164121407996,7.06736433455146,16.1377209973328));
#4513=CARTESIAN_POINT('Ctrl Pts',(33.3846874703057,7.04599047861554,16.1631321094059));
#4514=CARTESIAN_POINT('Ctrl Pts',(33.3567182352587,7.02714677145566,16.1925798075404));
#4515=CARTESIAN_POINT('',(33.3649361188276,6.9828497039245,16.4));
#4516=CARTESIAN_POINT('Origin',(30.8568645193173,20.502172055719,16.4));
#4517=CARTESIAN_POINT('Origin',(33.273733515209,7.47446142580794,16.4));
#4518=CARTESIAN_POINT('Origin',(33.4561387224461,6.49123798204107,16.4));
#4519=CARTESIAN_POINT('',(33.1767642471421,6.90590640686819,16.4));
#4520=CARTESIAN_POINT('Ctrl Pts',(33.3567182352587,7.02714677145566,16.1925798075404));
#4521=CARTESIAN_POINT('Ctrl Pts',(33.292441377064,6.98384153658077,16.2602543618849));
#4522=CARTESIAN_POINT('Ctrl Pts',(33.2319837352404,6.94310942159121,16.3334172982651));
#4523=CARTESIAN_POINT('Ctrl Pts',(33.1767642471421,6.90590640686819,16.4));
#4524=CARTESIAN_POINT('Origin',(33.4561387224461,6.49123798204107,16.4));
#4525=CARTESIAN_POINT('Origin',(30.8568645193173,20.502172055719,16.4));
#4526=CARTESIAN_POINT('Origin',(20.7905575977203,29.1179694628199,16.4));
#4527=CARTESIAN_POINT('Origin',(30.8568645193173,20.502172055719,16.4));
#4528=CARTESIAN_POINT('Origin',(20.0308363206186,29.7682183237332,16.4));
#4529=CARTESIAN_POINT('Origin',(33.4561387224461,6.49123798204107,19.9));
#4530=CARTESIAN_POINT('',(33.1767642471421,6.90590640686819,19.9));
#4531=CARTESIAN_POINT('',(33.3649361188276,6.9828497039245,19.9));
#4532=CARTESIAN_POINT('Origin',(30.8568645193173,20.502172055719,19.9));
#4533=CARTESIAN_POINT('',(44.6068645193173,20.502172055719,63.4));
#4534=CARTESIAN_POINT('',(17.1068645193173,20.502172055719,63.4));
#4535=CARTESIAN_POINT('Origin',(30.8568645193173,20.502172055719,63.4));
#4536=CARTESIAN_POINT('',(44.6068645193173,20.502172055719,19.9));
#4537=CARTESIAN_POINT('Origin',(30.8568645193173,20.502172055719,19.9));
#4538=CARTESIAN_POINT('Origin',(30.8568645193173,20.502172055719,63.4));
#4539=CARTESIAN_POINT('Origin',(30.8568645193173,20.502172055719,63.4));
#4540=CARTESIAN_POINT('',(17.6068645193173,20.502172055719,63.9));
#4541=CARTESIAN_POINT('Origin',(30.8568645193173,20.502172055719,63.9));
#4542=CARTESIAN_POINT('Origin',(17.6068645193173,20.502172055719,63.4));
#4543=CARTESIAN_POINT('Origin',(30.8568645193173,20.502172055719,63.9));
#4544=CARTESIAN_POINT('',(36.1068645193173,20.502172055719,63.9));
#4545=CARTESIAN_POINT('Origin',(30.8568645193173,20.502172055719,63.9));
#4546=CARTESIAN_POINT('',(24.2867554288184,27.4538548898219,63.9));
#4547=CARTESIAN_POINT('',(24.2928919217636,27.4406607795044,63.9));
#4548=CARTESIAN_POINT('Origin',(22.1136839251446,26.4351497119387,63.9));
#4549=CARTESIAN_POINT('',(24.2928919217636,27.4406607795044,63.9));
#4550=CARTESIAN_POINT('Origin',(28.0644995506565,20.516943208015,0.5));
#4551=CARTESIAN_POINT('',(23.5612057953126,30.1995021386555,0.));
#4552=CARTESIAN_POINT('',(24.7398003510048,27.665398910928,0.));
#4553=CARTESIAN_POINT('',(28.0644995506565,20.516943208015,0.));
#4554=CARTESIAN_POINT('',(24.2867554288184,27.453854889822,0.5));
#4555=CARTESIAN_POINT('Ctrl Pts',(24.7398003510048,27.6653989109281,0.));
#4556=CARTESIAN_POINT('Ctrl Pts',(24.7159057434512,27.6542576302439,-4.62471141268531E-16));
#4557=CARTESIAN_POINT('Ctrl Pts',(24.6920113850702,27.6431164654483,0.0020895766250197));
#4558=CARTESIAN_POINT('Ctrl Pts',(24.6684152444381,27.6321139997441,0.00624268403091482));
#4559=CARTESIAN_POINT('Ctrl Pts',(24.6448201915337,27.6211120412283,0.0103955999881282));
#4560=CARTESIAN_POINT('Ctrl Pts',(24.6215238208715,27.6102489978366,0.0166117695244575));
#4561=CARTESIAN_POINT('Ctrl Pts',(24.5988166206298,27.5996599736886,0.0248137173704096));
#4562=CARTESIAN_POINT('Ctrl Pts',(24.5760998811086,27.5890665010987,0.0330191108491268));
#4563=CARTESIAN_POINT('Ctrl Pts',(24.5539732823593,27.5787474990566,0.0432117836911145));
#4564=CARTESIAN_POINT('Ctrl Pts',(24.5327129641559,27.5688313983342,0.0552645930932606));
#4565=CARTESIAN_POINT('Ctrl Pts',(24.5114557368193,27.5589167392341,0.0673156502343224));
#4566=CARTESIAN_POINT('Ctrl Pts',(24.4910649815087,27.5494050705099,0.0812260504859086));
#4567=CARTESIAN_POINT('Ctrl Pts',(24.4717951114557,27.5404147180636,0.0968223265915272));
#4568=CARTESIAN_POINT('Ctrl Pts',(24.4525276650201,27.5314254963552,0.112416641116455));
#4569=CARTESIAN_POINT('Ctrl Pts',(24.4343812234487,27.5229576465529,0.129696081287272));
#4570=CARTESIAN_POINT('Ctrl Pts',(24.4175821558878,27.5151164514408,0.148445220810803));
#4571=CARTESIAN_POINT('Ctrl Pts',(24.4007848720736,27.5072760889169,0.16719236952654));
#4572=CARTESIAN_POINT('Ctrl Pts',(24.3853350260018,27.5000624107245,0.187408513984946));
#4573=CARTESIAN_POINT('Ctrl Pts',(24.3714253270226,27.4935650447007,0.208841668724159));
#4574=CARTESIAN_POINT('Ctrl Pts',(24.3575105313367,27.4870652979518,0.230282676868862));
#4575=CARTESIAN_POINT('Ctrl Pts',(24.3451373045139,27.4812825246275,0.252941141788978));
#4576=CARTESIAN_POINT('Ctrl Pts',(24.3344601199477,27.4762885692755,0.276534429324331));
#4577=CARTESIAN_POINT('Ctrl Pts',(24.3237858006841,27.4712959540889,0.30012138542391));
#4578=CARTESIAN_POINT('Ctrl Pts',(24.3148068345439,27.4670918363634,0.3246421693422));
#4579=CARTESIAN_POINT('Ctrl Pts',(24.3076352960537,27.4637283412159,0.349791080496799));
#4580=CARTESIAN_POINT('Ctrl Pts',(24.3004619888291,27.4603640165211,0.374946194190083));
#4581=CARTESIAN_POINT('Ctrl Pts',(24.2950971526646,27.4578407996875,0.400729220712349));
#4582=CARTESIAN_POINT('Ctrl Pts',(24.2916078377037,27.4561898752906,0.426818565124427));
#4583=CARTESIAN_POINT('Ctrl Pts',(24.2883687904475,27.4546573618323,0.451036676811664));
#4584=CARTESIAN_POINT('Ctrl Pts',(24.286745466242,27.4538763104179,0.475518243522408));
#4585=CARTESIAN_POINT('Ctrl Pts',(24.2867554288186,27.4538548898221,0.500000000000009));
#4586=CARTESIAN_POINT('',(27.6111350194837,20.3060863801092,0.5));
#4587=CARTESIAN_POINT('Origin',(23.5612057953126,30.1995021386555,0.5));
#4588=CARTESIAN_POINT('Origin',(31.2267474459306,20.543827070071,0.5));
#4589=CARTESIAN_POINT('',(26.5130775632729,31.4704604142134,0.));
#4590=CARTESIAN_POINT('Ctrl Pts',(26.5130775632729,31.4704604142134,0.));
#4591=CARTESIAN_POINT('Ctrl Pts',(26.5026397604202,31.4946705786672,1.88944434286708E-16));
#4592=CARTESIAN_POINT('Ctrl Pts',(26.4922021017884,31.5188805060483,0.00208957662431481));
#4593=CARTESIAN_POINT('Ctrl Pts',(26.4818947547681,31.5427884563578,0.00624268402881567));
#4594=CARTESIAN_POINT('Ctrl Pts',(26.4715878828927,31.566695304566,0.0103955999846435));
#4595=CARTESIAN_POINT('Ctrl Pts',(26.4614115255363,31.5902997053275,0.0166117695189071));
#4596=CARTESIAN_POINT('Ctrl Pts',(26.4514925805351,31.613307492968,0.0248137173621653));
#4597=CARTESIAN_POINT('Ctrl Pts',(26.4415694685918,31.6363249461648,0.0330191108382415));
#4598=CARTESIAN_POINT('Ctrl Pts',(26.4319041929224,31.6587448036165,0.0432117836769859));
#4599=CARTESIAN_POINT('Ctrl Pts',(26.4226173815961,31.6802874289397,0.0552645930753671));
#4600=CARTESIAN_POINT('Ctrl Pts',(26.4133319204047,31.7018269223539,0.0673156502127263));
#4601=CARTESIAN_POINT('Ctrl Pts',(26.4044250071844,31.7224889897273,0.0812260504601078));
#4602=CARTESIAN_POINT('Ctrl Pts',(26.3960077772455,31.7420159955532,0.0968223265611258));
#4603=CARTESIAN_POINT('Ctrl Pts',(26.3875916059615,31.7615405454214,0.112416641081541));
#4604=CARTESIAN_POINT('Ctrl Pts',(26.3796651701878,31.7799299126125,0.129696081247467));
#4605=CARTESIAN_POINT('Ctrl Pts',(26.3723273528586,31.7969548600868,0.148445220765857));
#4606=CARTESIAN_POINT('Ctrl Pts',(26.3649903146684,31.8139779998304,0.167192369476563));
#4607=CARTESIAN_POINT('Ctrl Pts',(26.358241922742,31.8296366553092,0.187408513929705));
#4608=CARTESIAN_POINT('Ctrl Pts',(26.3521663546665,31.8437356748469,0.208841668663557));
#4609=CARTESIAN_POINT('Ctrl Pts',(26.3460885604184,31.8578398604613,0.230282676803082));
#4610=CARTESIAN_POINT('Ctrl Pts',(26.3406842111089,31.8703829703634,0.252941141717945));
#4611=CARTESIAN_POINT('Ctrl Pts',(26.3360207801638,31.8812085724429,0.276534429248111));
#4612=CARTESIAN_POINT('Ctrl Pts',(26.3313586006853,31.8920312693908,0.300121385342585));
#4613=CARTESIAN_POINT('Ctrl Pts',(26.3274370384996,31.9011371563612,0.324642169255842));
#4614=CARTESIAN_POINT('Ctrl Pts',(26.3243050446454,31.9084127365557,0.349791080405624));
#4615=CARTESIAN_POINT('Ctrl Pts',(26.3211722783396,31.9156901111448,0.374946194094206));
#4616=CARTESIAN_POINT('Ctrl Pts',(26.3188295361522,31.9211361223301,0.400729220611992));
#4617=CARTESIAN_POINT('Ctrl Pts',(26.3173061001108,31.9246828675163,0.426818565019949));
#4618=CARTESIAN_POINT('Ctrl Pts',(26.3158919310281,31.9279752258762,0.451036676741252));
#4619=CARTESIAN_POINT('Ctrl Pts',(26.3151835773695,31.9296314055176,0.475518243487196));
#4620=CARTESIAN_POINT('Ctrl Pts',(26.3151887049795,31.9296336174433,0.5));
#4621=CARTESIAN_POINT('',(42.3945741706102,15.1549824585117,0.5));
#4622=CARTESIAN_POINT('Origin',(31.2267474459306,20.543827070071,0.5));
#4623=CARTESIAN_POINT('',(42.3375996270077,16.2824934982587,0.));
#4624=CARTESIAN_POINT('Ctrl Pts',(42.3945741706102,15.1549824585117,0.5));
#4625=CARTESIAN_POINT('Ctrl Pts',(42.3945741706102,15.1549824585117,0.469218399380143));
#4626=CARTESIAN_POINT('Ctrl Pts',(42.3943918910255,15.1611377561114,0.439320730576269));
#4627=CARTESIAN_POINT('Ctrl Pts',(42.3936237342533,15.1863236916409,0.375387688909764));
#4628=CARTESIAN_POINT('Ctrl Pts',(42.392967583156,15.2074803071744,0.34328323707688));
#4629=CARTESIAN_POINT('Ctrl Pts',(42.3908436259814,15.2725250560732,0.268480930463537));
#4630=CARTESIAN_POINT('Ctrl Pts',(42.3890761776216,15.3235959700306,0.229837345728474));
#4631=CARTESIAN_POINT('Ctrl Pts',(42.3836078288884,15.4680661919448,0.143077692431613));
#4632=CARTESIAN_POINT('Ctrl Pts',(42.3787201418743,15.5853167780156,0.0969954621788493));
#4633=CARTESIAN_POINT('Ctrl Pts',(42.3627426102429,15.901394443523,0.0189594426522901));
#4634=CARTESIAN_POINT('Ctrl Pts',(42.3510431434004,16.0946642448612,0.000158151213698507));
#4635=CARTESIAN_POINT('Ctrl Pts',(42.3377116099934,16.2809303620139,3.31010797211604E-7));
#4636=CARTESIAN_POINT('Ctrl Pts',(42.3376556359639,16.2817119316049,-2.33987052804763E-18));
#4637=CARTESIAN_POINT('Ctrl Pts',(42.3375996270077,16.2824934982587,0.));
#4638=CARTESIAN_POINT('Origin',(31.2267474459306,20.543827070071,0.));
#4639=CARTESIAN_POINT('Origin',(25.4291404665739,30.8035275449707,0.5));
#4640=CARTESIAN_POINT('',(18.2266975505504,27.9158784056295,0.));
#4641=CARTESIAN_POINT('',(17.4345349075491,27.5982795296715,0.));
#4642=CARTESIAN_POINT('',(25.4291404665739,30.8035275449707,0.));
#4643=CARTESIAN_POINT('Origin',(17.4345349075491,27.5982795296715,0.5));
#4644=CARTESIAN_POINT('Origin',(18.2266975505504,27.9158784056295,0.5));
#4645=CARTESIAN_POINT('Ctrl Pts',(17.4345349075491,27.5982795296715,0.));
#4646=CARTESIAN_POINT('Ctrl Pts',(17.339182011532,27.5600500412427,0.));
#4647=CARTESIAN_POINT('Ctrl Pts',(17.266626726577,27.4873217854581,0.));
#4648=CARTESIAN_POINT('Ctrl Pts',(17.24846901727,28.0623694826705,-1.17756203975755E-15));
#4649=CARTESIAN_POINT('Ctrl Pts',(17.0577632252358,27.9859105058129,-1.17651151845661E-15));
#4650=CARTESIAN_POINT('Ctrl Pts',(16.9126526553257,27.8404539942437,-1.17571216284682E-15));
#4651=CARTESIAN_POINT('Ctrl Pts',(17.24846901727,28.0623694826705,0.5));
#4652=CARTESIAN_POINT('Ctrl Pts',(17.0577632252358,27.9859105058129,0.5));
#4653=CARTESIAN_POINT('Ctrl Pts',(16.9126526553257,27.8404539942437,0.5));
#4654=CARTESIAN_POINT('',(17.266626726577,27.4873217854581,0.));
#4655=CARTESIAN_POINT('',(16.9126526553257,27.8404539942437,0.5));
#4656=CARTESIAN_POINT('Origin',(17.266626726577,27.4873217854581,0.5));
#4657=CARTESIAN_POINT('Origin',(17.6206007978282,27.1341895766725,0.5));
#4658=CARTESIAN_POINT('Origin',(17.6206007978282,27.1341895766725,0.));
#4659=CARTESIAN_POINT('Origin',(19.9981591390858,30.2253661347284,0.5));
#4660=CARTESIAN_POINT('',(17.2452383200457,27.4658823892515,0.));
#4661=CARTESIAN_POINT('',(16.8912642487944,27.8190145980371,0.5));
#4662=CARTESIAN_POINT('Origin',(17.2452383200457,27.4658823892515,0.5));
#4663=CARTESIAN_POINT('',(19.6441850678345,30.5784983435139,0.5));
#4664=CARTESIAN_POINT('',(19.9981591390858,30.2253661347284,0.));
#4665=CARTESIAN_POINT('Origin',(8.39588653876371,36.2941876088909,0.5));
#4666=CARTESIAN_POINT('',(13.0475337957414,24.6919387839155,0.));
#4667=CARTESIAN_POINT('',(12.8614679054622,25.1560287369145,0.5));
#4668=CARTESIAN_POINT('Origin',(13.0475337957414,24.6919387839155,0.5));
#4669=CARTESIAN_POINT('Origin',(8.39588653876371,36.2941876088909,0.5));
#4670=CARTESIAN_POINT('Origin',(8.39588653876371,36.2941876088909,0.));
#4671=CARTESIAN_POINT('Origin',(22.8178962289828,28.6091345188004,0.5));
#4672=CARTESIAN_POINT('',(8.61283117140589,22.9139496536017,0.));
#4673=CARTESIAN_POINT('',(8.42676528112677,23.3780396066007,0.5));
#4674=CARTESIAN_POINT('Origin',(8.61283117140589,22.9139496536017,0.5));
#4675=CARTESIAN_POINT('',(22.6318303387037,29.0732244717994,0.5));
#4676=CARTESIAN_POINT('',(22.8178962289828,28.6091345188004,0.));
#4677=CARTESIAN_POINT('Origin',(6.93823815889384,27.0907592305929,0.5));
#4678=CARTESIAN_POINT('',(6.93823815889384,22.5907592305929,0.));
#4679=CARTESIAN_POINT('',(6.93823815889384,23.0907592305929,0.5));
#4680=CARTESIAN_POINT('Origin',(6.93823815889384,22.5907592305929,0.5));
#4681=CARTESIAN_POINT('Origin',(6.93823815889384,27.0907592305929,0.5));
#4682=CARTESIAN_POINT('Origin',(6.93823815889384,27.0907592305929,0.));
#4683=CARTESIAN_POINT('Origin',(22.9030410841356,22.5907592305929,0.5));
#4684=CARTESIAN_POINT('',(6.46281318584776,22.5907592305929,0.));
#4685=CARTESIAN_POINT('',(6.46281318584776,23.0907592305929,0.5));
#4686=CARTESIAN_POINT('Origin',(6.46281318584776,22.5907592305929,0.5));
#4687=CARTESIAN_POINT('',(22.9030410841356,23.0907592305929,0.5));
#4688=CARTESIAN_POINT('',(22.9030410841356,22.5907592305929,0.));
#4689=CARTESIAN_POINT('Origin',(6.46281318584776,20.9907592305929,0.5));
#4690=CARTESIAN_POINT('',(5.52737730197537,22.2888192088543,0.));
#4691=CARTESIAN_POINT('',(5.23505358826525,22.694462952061,0.5));
#4692=CARTESIAN_POINT('Origin',(5.52737730197537,22.2888192088543,0.5));
#4693=CARTESIAN_POINT('Origin',(6.46281318584776,20.9907592305929,0.5));
#4694=CARTESIAN_POINT('Origin',(6.46281318584776,20.9907592305929,0.));
#4695=CARTESIAN_POINT('Origin',(15.212886782913,29.2685992450515,0.5));
#4696=CARTESIAN_POINT('',(14.9205630692029,29.6742429882582,0.5));
#4697=CARTESIAN_POINT('',(1.17095974346453,19.1494039448377,0.));
#4698=CARTESIAN_POINT('',(15.212886782913,29.2685992450515,0.));
#4699=CARTESIAN_POINT('Origin',(1.17095974346453,19.1494039448377,0.5));
#4700=CARTESIAN_POINT('Origin',(38.8678440093774,16.8636396646579,0.5));
#4701=CARTESIAN_POINT('',(41.2411933387036,17.2203089245985,0.5));
#4702=CARTESIAN_POINT('',(36.827046498888,15.6006489595535,0.5));
#4703=CARTESIAN_POINT('Origin',(38.8678440093774,16.8636396646579,0.5));
#4704=CARTESIAN_POINT('',(36.3957171105973,15.3475299732674,0.));
#4705=CARTESIAN_POINT('Ctrl Pts',(36.827046498888,15.6006489595535,0.5));
#4706=CARTESIAN_POINT('Ctrl Pts',(36.827046498888,15.6006489595535,0.434907939610203));
#4707=CARTESIAN_POINT('Ctrl Pts',(36.8160884198682,15.594201553653,0.370439192257716));
#4708=CARTESIAN_POINT('Ctrl Pts',(36.7734821158067,15.5691478161726,0.24999294584285));
#4709=CARTESIAN_POINT('Ctrl Pts',(36.7422385556363,15.5507801802708,0.195169427042604));
#4710=CARTESIAN_POINT('Ctrl Pts',(36.6633696714189,15.5044530577652,0.102484014543711));
#4711=CARTESIAN_POINT('Ctrl Pts',(36.6164938391738,15.4769346450841,0.0655125677645586));
#4712=CARTESIAN_POINT('Ctrl Pts',(36.5119427021414,15.4156139232719,0.0138921198825677));
#4713=CARTESIAN_POINT('Ctrl Pts',(36.4550876390504,15.3822942678834,0.000294704319563299));
#4714=CARTESIAN_POINT('Ctrl Pts',(36.3969695808427,15.3482633452587,1.57923094935534E-6));
#4715=CARTESIAN_POINT('Ctrl Pts',(36.3963433467916,15.3478966582793,-4.44265972544845E-20));
#4716=CARTESIAN_POINT('Ctrl Pts',(36.3957171105973,15.3475299732674,0.));
#4717=CARTESIAN_POINT('',(41.7199530728382,17.3884957307606,0.));
#4718=CARTESIAN_POINT('Origin',(38.8678440093774,16.8636396646579,0.));
#4719=CARTESIAN_POINT('Ctrl Pts',(41.7199530728382,17.3884957307607,0.));
#4720=CARTESIAN_POINT('Ctrl Pts',(41.7196038086884,17.3883699593899,-2.62485414308541E-18));
#4721=CARTESIAN_POINT('Ctrl Pts',(41.7192545426651,17.3882441935162,4.02437128549896E-7));
#4722=CARTESIAN_POINT('Ctrl Pts',(41.6862357394666,17.3763551620487,7.64924685050998E-5));
#4723=CARTESIAN_POINT('Ctrl Pts',(41.6536332272886,17.364670626538,0.00367254729459789));
#4724=CARTESIAN_POINT('Ctrl Pts',(41.589611686703,17.3418340577642,0.0177899661631189));
#4725=CARTESIAN_POINT('Ctrl Pts',(41.5583431983524,17.3307356480254,0.0282735404878527));
#4726=CARTESIAN_POINT('Ctrl Pts',(41.4713536245829,17.3000017422794,0.068116373560526));
#4727=CARTESIAN_POINT('Ctrl Pts',(41.4195930173792,17.2819012488573,0.105622129235652));
#4728=CARTESIAN_POINT('Ctrl Pts',(41.333267055731,17.2519135730134,0.198761399655256));
#4729=CARTESIAN_POINT('Ctrl Pts',(41.2992348944701,17.2402018378262,0.253230547277245));
#4730=CARTESIAN_POINT('Ctrl Pts',(41.2530579948981,17.2243543874773,0.372436200690224));
#4731=CARTESIAN_POINT('Ctrl Pts',(41.2411933387036,17.2203089245985,0.43588044316396));
#4732=CARTESIAN_POINT('Ctrl Pts',(41.2411933387036,17.2203089245985,0.5));
#4733=CARTESIAN_POINT('Origin',(9.08717422849932,9.4177048058674,0.5));
#4734=CARTESIAN_POINT('',(-0.215774370114015,20.8541681606892,0.));
#4735=CARTESIAN_POINT('',(9.08717422849932,9.4177048058674,0.));
#4736=CARTESIAN_POINT('Ctrl Pts',(-0.215774370114069,20.8541681606892,0.));
#4737=CARTESIAN_POINT('Ctrl Pts',(-0.215439696796449,20.8543886565631,-4.92058231888388E-17));
#4738=CARTESIAN_POINT('Ctrl Pts',(-0.215105025734483,20.854609155612,4.77040373745546E-7));
#4739=CARTESIAN_POINT('Ctrl Pts',(-0.186551389980344,20.8734222029391,8.1878664433022E-5));
#4740=CARTESIAN_POINT('Ctrl Pts',(-0.158423760610263,20.8919879873647,0.00355376971943213));
#4741=CARTESIAN_POINT('Ctrl Pts',(-0.103216521894954,20.9284878952519,0.0171786979290046));
#4742=CARTESIAN_POINT('Ctrl Pts',(-0.0762726249525374,20.9463321911581,
0.0272948328963182));
#4743=CARTESIAN_POINT('Ctrl Pts',(-0.000355311662800562,20.9966830244263,
0.0662289562643702));
#4744=CARTESIAN_POINT('Ctrl Pts',(0.045001591888011,21.0268617044503,0.10332365902987));
#4745=CARTESIAN_POINT('Ctrl Pts',(0.121099026364714,21.0775820751898,0.196109445445442));
#4746=CARTESIAN_POINT('Ctrl Pts',(0.151177572399129,21.0976796945222,0.25082966159463));
#4747=CARTESIAN_POINT('Ctrl Pts',(0.192138837406939,21.1250656872884,0.370948929870451));
#4748=CARTESIAN_POINT('Ctrl Pts',(0.202665114504259,21.1321142749317,0.435156893143164));
#4749=CARTESIAN_POINT('Ctrl Pts',(0.202665114504261,21.1321142749317,0.5));
#4750=CARTESIAN_POINT('Origin',(27.1404740284662,3.23143555386706,0.5));
#4751=CARTESIAN_POINT('',(25.85551334434,1.9733614936832,0.5));
#4752=CARTESIAN_POINT('',(16.7971557300657,-2.89406306622119,0.5));
#4753=CARTESIAN_POINT('',(27.3771411605786,2.79099410647854,0.5));
#4754=CARTESIAN_POINT('',(16.9878367733194,-2.22399003516357,0.));
#4755=CARTESIAN_POINT('Origin',(16.9878367733194,-2.22399003516357,0.5));
#4756=CARTESIAN_POINT('',(25.5968489406948,2.40198291096597,0.));
#4757=CARTESIAN_POINT('',(27.1404740284662,3.23143555386706,0.));
#4758=CARTESIAN_POINT('Origin',(25.5968489406948,2.40198291096597,0.5));
#4759=CARTESIAN_POINT('Origin',(-4.01280406694566,12.3125912593696,0.5));
#4760=CARTESIAN_POINT('',(-4.17516920181069,15.0577939045272,0.));
#4761=CARTESIAN_POINT('',(-5.19243560326474,9.82844765673276,0.));
#4762=CARTESIAN_POINT('Origin',(-4.01280406694566,12.3125912593696,0.));
#4763=CARTESIAN_POINT('Ctrl Pts',(-5.19243560326474,9.82844765673276,0.));
#4764=CARTESIAN_POINT('Ctrl Pts',(-5.19293600574036,9.82832492256685,-2.69187438010478E-19));
#4765=CARTESIAN_POINT('Ctrl Pts',(-5.19343642171769,9.82820224287277,3.17889678984235E-7));
#4766=CARTESIAN_POINT('Ctrl Pts',(-5.27542991893309,9.80811055411112,0.000104529956641279));
#4767=CARTESIAN_POINT('Ctrl Pts',(-5.35789656359651,9.78947249868539,0.00863925636415752));
#4768=CARTESIAN_POINT('Ctrl Pts',(-5.51143381655521,9.75730277815019,0.0440643376796174));
#4769=CARTESIAN_POINT('Ctrl Pts',(-5.58395574040478,9.74326467423716,0.0696855172371001));
#4770=CARTESIAN_POINT('Ctrl Pts',(-5.71235734330446,9.71996815507194,0.138600910211407));
#4771=CARTESIAN_POINT('Ctrl Pts',(-5.76976863908594,9.71030003463787,0.180737728516806));
#4772=CARTESIAN_POINT('Ctrl Pts',(-5.85192491286082,9.69705854744918,0.271829804311068));
#4773=CARTESIAN_POINT('Ctrl Pts',(-5.88092578472361,9.69260461239601,0.316189328170686));
#4774=CARTESIAN_POINT('Ctrl Pts',(-5.91739244239722,9.68708191747299,0.408283753970859));
#4775=CARTESIAN_POINT('Ctrl Pts',(-5.92648462786098,9.68574396445981,0.453630017357366));
#4776=CARTESIAN_POINT('Ctrl Pts',(-5.92648462786098,9.68574396445981,0.5));
#4777=CARTESIAN_POINT('Ctrl Pts',(-4.92133029345192,15.4330207323349,0.5));
#4778=CARTESIAN_POINT('Ctrl Pts',(-4.92133029345192,15.4330207323349,0.457515617122983));
#4779=CARTESIAN_POINT('Ctrl Pts',(-4.91359228681838,15.429648539372,0.416044110403288));
#4780=CARTESIAN_POINT('Ctrl Pts',(-4.88243074155986,15.4159155693021,0.330690967180199));
#4781=CARTESIAN_POINT('Ctrl Pts',(-4.85732079336608,15.4047857556792,0.289163794347614));
#4782=CARTESIAN_POINT('Ctrl Pts',(-4.78483541375358,15.3720154649353,0.201050622763581));
#4783=CARTESIAN_POINT('Ctrl Pts',(-4.73281767380386,15.3480328321289,0.159208885764973));
#4784=CARTESIAN_POINT('Ctrl Pts',(-4.60569800833324,15.2873854755421,0.0823685875080435));
#4785=CARTESIAN_POINT('Ctrl Pts',(-4.52647242389353,15.2481518407939,0.0521532279310295));
#4786=CARTESIAN_POINT('Ctrl Pts',(-4.35803702537449,15.1605957174992,0.00994875895762896));
#4787=CARTESIAN_POINT('Ctrl Pts',(-4.26620616618504,15.1104132668907,0.000111129625969188));
#4788=CARTESIAN_POINT('Ctrl Pts',(-4.17618197064567,15.058379551652,3.11521754610874E-7));
#4789=CARTESIAN_POINT('Ctrl Pts',(-4.17567556664494,15.0580867617486,1.97316965652905E-20));
#4790=CARTESIAN_POINT('Ctrl Pts',(-4.17516920181069,15.0577939045272,0.));
#4791=CARTESIAN_POINT('Origin',(15.7097970670796,-0.00855546658362183,0.5));
#4792=CARTESIAN_POINT('',(15.1144346807571,0.0228716453644589,0.5));
#4793=CARTESIAN_POINT('',(15.2766961828238,-0.258402668002545,0.5));
#4794=CARTESIAN_POINT('',(15.5663455568064,0.240112421606744,0.));
#4795=CARTESIAN_POINT('Ctrl Pts',(15.1144346807571,0.0228716453644649,0.5));
#4796=CARTESIAN_POINT('Ctrl Pts',(15.1144346807571,0.0228716453644649,0.435082307201343));
#4797=CARTESIAN_POINT('Ctrl Pts',(15.1258866740588,0.0283202649692975,0.370797524005782));
#4798=CARTESIAN_POINT('Ctrl Pts',(15.1704025031091,0.0495484495112977,0.25057202391705));
#4799=CARTESIAN_POINT('Ctrl Pts',(15.2030700905639,0.0651415825068686,0.195810814930695));
#4800=CARTESIAN_POINT('Ctrl Pts',(15.2855551054309,0.104643763570407,0.103041307524582));
#4801=CARTESIAN_POINT('Ctrl Pts',(15.334636743698,0.128203527020672,0.0659732235608518));
#4802=CARTESIAN_POINT('Ctrl Pts',(15.4165302938473,0.167654599081023,0.027162611837595));
#4803=CARTESIAN_POINT('Ctrl Pts',(15.4454830255796,0.181624240408099,0.0171033668848686));
#4804=CARTESIAN_POINT('Ctrl Pts',(15.5047438632713,0.210266110752901,0.00355054261049592));
#4805=CARTESIAN_POINT('Ctrl Pts',(15.5349052845617,0.224867453044422,9.13284552004648E-5));
#4806=CARTESIAN_POINT('Ctrl Pts',(15.5655421606695,0.239722853528274,5.94834326552082E-7));
#4807=CARTESIAN_POINT('Ctrl Pts',(15.5659438594559,0.23991763586252,-4.22757707072413E-19));
#4808=CARTESIAN_POINT('Ctrl Pts',(15.5663455568064,0.240112421606745,0.));
#4809=CARTESIAN_POINT('',(15.7097970670796,-0.00855546658362183,0.));
#4810=CARTESIAN_POINT('Origin',(12.8729541638261,-0.834895859393605,0.5));
#4811=CARTESIAN_POINT('Origin',(12.8729541638261,-0.834895859393605,0.5));
#4812=CARTESIAN_POINT('',(10.3609690445264,-2.28400964388988,0.));
#4813=CARTESIAN_POINT('Origin',(10.3609690445264,-2.28400964388988,0.5));
#4814=CARTESIAN_POINT('Origin',(12.8729541638261,-0.834895859393605,0.));
#4815=CARTESIAN_POINT('Origin',(11.4769219494655,-4.21847273642027,0.5));
#4816=CARTESIAN_POINT('',(13.7626603666726,-8.18071575554418,0.));
#4817=CARTESIAN_POINT('Origin',(13.7626603666726,-8.18071575554418,0.5));
#4818=CARTESIAN_POINT('',(11.4769219494655,-4.21847273642027,0.));
#4819=CARTESIAN_POINT('Origin',(10.8175743537365,-9.87967672519102,0.5));
#4820=CARTESIAN_POINT('',(7.87248834080044,-11.5786376948379,0.));
#4821=CARTESIAN_POINT('Origin',(7.87248834080044,-11.5786376948379,0.5));
#4822=CARTESIAN_POINT('Origin',(10.8175743537365,-9.87967672519102,0.));
#4823=CARTESIAN_POINT('Origin',(4.71807341604126,-6.11057607371888,0.5));
#4824=CARTESIAN_POINT('',(5.86530980265941,-8.09926792486996,0.));
#4825=CARTESIAN_POINT('',(4.71807341604126,-6.11057607371888,0.));
#4826=CARTESIAN_POINT('Ctrl Pts',(5.70203444144046,-8.8168476922666,0.5));
#4827=CARTESIAN_POINT('Ctrl Pts',(5.70203444144046,-8.8168476922666,0.454399953503374));
#4828=CARTESIAN_POINT('Ctrl Pts',(5.70415948753796,-8.808054913444,0.409848310495748));
#4829=CARTESIAN_POINT('Ctrl Pts',(5.71265588741879,-8.77269991101281,0.318809104962095));
#4830=CARTESIAN_POINT('Ctrl Pts',(5.71943940715674,-8.74439052558259,0.274718928341009));
#4831=CARTESIAN_POINT('Ctrl Pts',(5.7386018913953,-8.66361727860929,0.183187904404139));
#4832=CARTESIAN_POINT('Ctrl Pts',(5.75202498166097,-8.60648096558149,0.14032716858123));
#4833=CARTESIAN_POINT('Ctrl Pts',(5.78121664080588,-8.48008460953022,0.0709143916122709));
#4834=CARTESIAN_POINT('Ctrl Pts',(5.79733108690633,-8.4092091438745,0.0449076493867202));
#4835=CARTESIAN_POINT('Ctrl Pts',(5.83059457893394,-8.2599811774631,0.00907557877524079));
#4836=CARTESIAN_POINT('Ctrl Pts',(5.84804810220217,-8.18007799684964,0.000109499795741718));
#4837=CARTESIAN_POINT('Ctrl Pts',(5.86510217705247,-8.10024011244317,3.32299504469877E-7));
#4838=CARTESIAN_POINT('Ctrl Pts',(5.86520599660107,-8.09975402002155,2.03791035457095E-20));
#4839=CARTESIAN_POINT('Ctrl Pts',(5.86530980265941,-8.09926792486996,0.));
#4840=CARTESIAN_POINT('Origin',(-0.153941507007493,-5.79765247638739,0.5));
#4841=CARTESIAN_POINT('',(-14.413889631151,4.8144920014093,0.));
#4842=CARTESIAN_POINT('Origin',(-14.413889631151,4.8144920014093,0.5));
#4843=CARTESIAN_POINT('',(-9.89417641082673,1.4509559440038,0.));
#4844=CARTESIAN_POINT('',(-0.153941507007493,-5.79765247638739,0.));
#4845=CARTESIAN_POINT('Ctrl Pts',(-9.89417641082673,1.4509559440038,0.));
#4846=CARTESIAN_POINT('Ctrl Pts',(-9.89453506427585,1.45080738178683,-1.1637188528901E-18));
#4847=CARTESIAN_POINT('Ctrl Pts',(-9.89489371551055,1.45065881421491,3.33271321054536E-7));
#4848=CARTESIAN_POINT('Ctrl Pts',(-9.94002509874918,1.43196281538262,8.42114926040313E-5));
#4849=CARTESIAN_POINT('Ctrl Pts',(-9.98475698504734,1.41333308354318,0.00536150556526239));
#4850=CARTESIAN_POINT('Ctrl Pts',(-10.0712832378654,1.37711711368474,0.026194199216298));
#4851=CARTESIAN_POINT('Ctrl Pts',(-10.113090215239,1.35952883570342,0.0415683855672826));
#4852=CARTESIAN_POINT('Ctrl Pts',(-10.2108475311029,1.31822497982748,0.0919369944960479));
#4853=CARTESIAN_POINT('Ctrl Pts',(-10.2639491622772,1.29562406921791,0.132580913853772));
#4854=CARTESIAN_POINT('Ctrl Pts',(-10.3465019988396,1.26034174571835,0.227313917402732));
#4855=CARTESIAN_POINT('Ctrl Pts',(-10.3774714181349,1.2470375849987,0.278326164158617));
#4856=CARTESIAN_POINT('Ctrl Pts',(-10.4180140340066,1.22959646520634,0.387286369502331));
#4857=CARTESIAN_POINT('Ctrl Pts',(-10.4282771518827,1.22516759813548,0.443180206981718));
#4858=CARTESIAN_POINT('Ctrl Pts',(-10.4282771518827,1.22516759813548,0.5));
#4859=CARTESIAN_POINT('Origin',(0.,0.,0.5));
#4860=CARTESIAN_POINT('Origin',(0.,0.,0.5));
#4861=CARTESIAN_POINT('Origin',(0.,0.,0.));
#4862=CARTESIAN_POINT('Origin',(-12.3541912274821,7.58218824310927,0.5));
#4863=CARTESIAN_POINT('',(-10.294492823814,10.3498844848098,0.));
#4864=CARTESIAN_POINT('Origin',(-10.294492823814,10.3498844848098,0.5));
#4865=CARTESIAN_POINT('Origin',(-12.3541912274821,7.58218824310927,0.));
#4866=CARTESIAN_POINT('Origin',(5.52587256564998,-1.42351060355622,0.5));
#4867=CARTESIAN_POINT('',(-6.77519713736592,7.73085151500685,0.));
#4868=CARTESIAN_POINT('',(5.52587256564998,-1.42351060355622,0.));
#4869=CARTESIAN_POINT('Origin',(-6.77519713736592,7.73085151500685,0.5));
#4870=CARTESIAN_POINT('Origin',(4.32387207375006,22.4401834341748,0.5));
#4871=CARTESIAN_POINT('',(4.32387207375006,22.4401834341748,0.));
#4872=CARTESIAN_POINT('',(3.92474731799996,22.7413468936905,0.5));
#4873=CARTESIAN_POINT('Origin',(-0.83694068337028,8.37085306128286,0.5));
#4874=CARTESIAN_POINT('',(-5.38668910494229,17.4846385252301,0.));
#4875=CARTESIAN_POINT('',(-0.83694068337028,8.37085306128286,0.));
#4876=CARTESIAN_POINT('Ctrl Pts',(-5.81141940359561,17.2159943040565,0.5));
#4877=CARTESIAN_POINT('Ctrl Pts',(-5.81141940359561,17.2159943040565,0.435181489099929));
#4878=CARTESIAN_POINT('Ctrl Pts',(-5.80069057985027,17.2227220600541,0.370999289243266));
#4879=CARTESIAN_POINT('Ctrl Pts',(-5.75897864881896,17.2489219457164,0.25091233791242));
#4880=CARTESIAN_POINT('Ctrl Pts',(-5.72835662926222,17.268168789772,0.196202300070091));
#4881=CARTESIAN_POINT('Ctrl Pts',(-5.65098872910861,17.3169258574555,0.10340663818852));
#4882=CARTESIAN_POINT('Ctrl Pts',(-5.60491247901822,17.3460170514723,0.0662997331171839));
#4883=CARTESIAN_POINT('Ctrl Pts',(-5.52791894789478,17.3947948804387,0.0273317973642148));
#4884=CARTESIAN_POINT('Ctrl Pts',(-5.50059963503116,17.4121291650392,0.0172012884144111));
#4885=CARTESIAN_POINT('Ctrl Pts',(-5.44467983683049,17.4476753327216,0.00355731743327036));
#4886=CARTESIAN_POINT('Ctrl Pts',(-5.41621667163763,17.4658000352447,8.10719750625946E-5));
#4887=CARTESIAN_POINT('Ctrl Pts',(-5.38735812565129,17.4842116783631,4.67162741187759E-7));
#4888=CARTESIAN_POINT('Ctrl Pts',(-5.38702361428053,17.4844251000796,2.41631932943552E-20));
#4889=CARTESIAN_POINT('Ctrl Pts',(-5.38668910494229,17.4846385252301,0.));
#4890=CARTESIAN_POINT('Origin',(33.5010879977211,7.72730431723149,0.5));
#4891=CARTESIAN_POINT('',(37.8758599581663,10.6747185591856,0.));
#4892=CARTESIAN_POINT('',(33.5010879977211,7.72730431723149,0.));
#4893=CARTESIAN_POINT('',(38.1552344334703,10.2600501343585,0.5));
#4894=CARTESIAN_POINT('Origin',(37.8758599581663,10.6747185591856,0.5));
#4895=CARTESIAN_POINT('',(33.7804624730251,7.31263589240437,0.5));
#4896=CARTESIAN_POINT('Origin',(31.2267474459306,20.543827070071,0.5));
#4897=CARTESIAN_POINT('',(39.3152485779048,11.1450958026045,0.5));
#4898=CARTESIAN_POINT('Origin',(31.2267474459306,20.543827070071,0.5));
#4899=CARTESIAN_POINT('',(38.6761841208352,11.2639621342766,0.));
#4900=CARTESIAN_POINT('Origin',(31.2267474459306,20.543827070071,0.));
#4901=CARTESIAN_POINT('Ctrl Pts',(38.6761841208352,11.2639621342766,0.));
#4902=CARTESIAN_POINT('Ctrl Pts',(38.6766122876093,11.2638786628011,2.03981147828349E-20));
#4903=CARTESIAN_POINT('Ctrl Pts',(38.6770404559352,11.263795198912,3.32919784003288E-7));
#4904=CARTESIAN_POINT('Ctrl Pts',(38.7390598395323,11.2517067527707,9.67827242418172E-5));
#4905=CARTESIAN_POINT('Ctrl Pts',(38.8008752340851,11.2398247003142,0.0070822759961691));
#4906=CARTESIAN_POINT('Ctrl Pts',(38.9188357272136,11.2174468543443,0.0347677967256223));
#4907=CARTESIAN_POINT('Ctrl Pts',(38.9754446728856,11.2068524191462,0.0550550260248511));
#4908=CARTESIAN_POINT('Ctrl Pts',(39.0911474791197,11.1854423050317,0.114682691070422));
#4909=CARTESIAN_POINT('Ctrl Pts',(39.1490330398739,11.1748997707535,0.156971033060454));
#4910=CARTESIAN_POINT('Ctrl Pts',(39.2346697628918,11.1594466834135,0.251049054378446));
#4911=CARTESIAN_POINT('Ctrl Pts',(39.2656990928307,11.1539059889167,0.298775530328244));
#4912=CARTESIAN_POINT('Ctrl Pts',(39.3053105959094,11.1468540181381,0.398882304286106));
#4913=CARTESIAN_POINT('Ctrl Pts',(39.3152485779048,11.1450958026045,0.448928909671301));
#4914=CARTESIAN_POINT('Ctrl Pts',(39.3152485779048,11.1450958026045,0.5));
#4915=CARTESIAN_POINT('Origin',(-2.96224285695231,19.4164926580795,0.5));
#4916=CARTESIAN_POINT('Origin',(-2.96224285695231,19.4164926580795,0.));
#4917=CARTESIAN_POINT('Origin',(36.364259701584,15.4038598667358,0.5));
#4918=CARTESIAN_POINT('',(36.8008009288836,15.6476461601727,0.5));
#4919=CARTESIAN_POINT('',(36.364259701584,15.4038598667358,0.));
#4920=CARTESIAN_POINT('Origin',(42.0482358009696,16.8006491253612,0.5));
#4921=CARTESIAN_POINT('',(41.61169457367,16.5568628319243,0.5));
#4922=CARTESIAN_POINT('',(42.0482358009696,16.8006491253612,0.));
#4923=CARTESIAN_POINT('Origin',(22.0753301507131,19.6409103538041,0.5));
#4924=CARTESIAN_POINT('',(19.93753417542,25.4230369379476,0.5));
#4925=CARTESIAN_POINT('',(22.5286946818859,19.8517671817098,0.5));
#4926=CARTESIAN_POINT('',(19.4841696442472,25.2121801100419,0.));
#4927=CARTESIAN_POINT('Origin',(19.4841696442472,25.2121801100419,0.5));
#4928=CARTESIAN_POINT('',(22.0753301507131,19.6409103538041,0.));
#4929=CARTESIAN_POINT('Origin',(22.1136839250521,26.4351497118963,0.5));
#4930=CARTESIAN_POINT('Origin',(22.1136839250521,26.4351497118963,0.));
#4931=CARTESIAN_POINT('Origin',(22.1136839250521,26.4351497118963,0.5));
#4932=CARTESIAN_POINT('Origin',(29.0715205736366,32.5720239574913,0.5));
#4933=CARTESIAN_POINT('',(29.0715205736366,32.5720239574913,0.));
#4934=CARTESIAN_POINT('Origin',(17.6206007978282,27.1341895766725,0.));
#4935=CARTESIAN_POINT('',(16.9126526553257,27.8404539942437,10.4));
#4936=CARTESIAN_POINT('',(16.9126526553257,27.8404539942437,0.));
#4937=CARTESIAN_POINT('',(17.118487239952,27.9989912735932,10.4));
#4938=CARTESIAN_POINT('Origin',(17.6206007978282,27.1341895766725,10.4));
#4939=CARTESIAN_POINT('Origin',(17.6206007978282,27.1341895766725,10.4));
#4940=CARTESIAN_POINT('Origin',(16.9126526553257,27.8404539942437,0.));
#4941=CARTESIAN_POINT('',(16.8912642487944,27.8190145980371,10.4));
#4942=CARTESIAN_POINT('',(16.8912642487944,27.8190145980371,0.));
#4943=CARTESIAN_POINT('',(12.6709175064729,23.5886066054915,10.4));
#4944=CARTESIAN_POINT('Origin',(8.39588653876371,36.2941876088909,0.));
#4945=CARTESIAN_POINT('',(12.8614679054622,25.1560287369145,10.4));
#4946=CARTESIAN_POINT('',(12.8614679054622,25.1560287369145,0.));
#4947=CARTESIAN_POINT('Origin',(8.39588653876371,36.2941876088909,10.4));
#4948=CARTESIAN_POINT('Origin',(12.8614679054622,25.1560287369145,0.));
#4949=CARTESIAN_POINT('',(8.42676528112677,23.3780396066007,10.4));
#4950=CARTESIAN_POINT('',(8.42676528112677,23.3780396066007,0.));
#4951=CARTESIAN_POINT('',(12.049638828165,24.8305450692642,10.4));
#4952=CARTESIAN_POINT('Origin',(6.93823815889384,27.0907592305929,0.));
#4953=CARTESIAN_POINT('',(6.93823815889384,23.0907592305929,10.4));
#4954=CARTESIAN_POINT('',(6.93823815889384,23.0907592305929,0.));
#4955=CARTESIAN_POINT('Origin',(6.93823815889384,27.0907592305929,10.4));
#4956=CARTESIAN_POINT('Origin',(6.93823815889384,23.0907592305929,0.));
#4957=CARTESIAN_POINT('',(6.46281318584776,23.0907592305929,10.4));
#4958=CARTESIAN_POINT('',(6.46281318584776,23.0907592305929,0.));
#4959=CARTESIAN_POINT('',(11.7508059409296,23.0907592305929,10.4));
#4960=CARTESIAN_POINT('Origin',(6.46281318584776,20.9907592305929,0.));
#4961=CARTESIAN_POINT('',(5.23505358826525,22.694462952061,10.4));
#4962=CARTESIAN_POINT('',(5.23505358826525,22.694462952061,0.));
#4963=CARTESIAN_POINT('Origin',(6.46281318584776,20.9907592305929,10.4));
#4964=CARTESIAN_POINT('Origin',(5.23505358826525,22.694462952061,0.));
#4965=CARTESIAN_POINT('',(1.26124026212017,19.8307681742085,10.4));
#4966=CARTESIAN_POINT('',(1.26124026212017,19.8307681742085,0.));
#4967=CARTESIAN_POINT('',(6.24231887018364,23.4203401111021,10.4));
#4968=CARTESIAN_POINT('Origin',(-5.92648462786098,9.68574396445981,0.));
#4969=CARTESIAN_POINT('Origin',(38.8678440093774,16.8636396646579,0.));
#4970=CARTESIAN_POINT('',(-5.96224285695231,19.4164926580795,0.));
#4971=CARTESIAN_POINT('Origin',(-2.96224285695231,19.4164926580795,0.));
#4972=CARTESIAN_POINT('',(-15.3541912274821,7.58218824310927,0.));
#4973=CARTESIAN_POINT('Origin',(-12.3541912274821,7.58218824310927,0.));
#4974=CARTESIAN_POINT('',(7.81757435373651,-9.87967672519102,0.));
#4975=CARTESIAN_POINT('Origin',(10.8175743537365,-9.87967672519102,0.));
#4976=CARTESIAN_POINT('',(-6.46280406694566,12.3125912593696,0.));
#4977=CARTESIAN_POINT('Origin',(-4.01280406694566,12.3125912593696,0.));
#4978=CARTESIAN_POINT('Origin',(0.,0.,10.4669872981078));
#4979=CARTESIAN_POINT('',(6.82188398013285,-7.65012411413088,10.9));
#4980=CARTESIAN_POINT('',(5.74653075159724,-8.78791126041606,10.4669872981078));
#4981=CARTESIAN_POINT('Ctrl Pts',(6.82188398013286,-7.65012411413088,10.9));
#4982=CARTESIAN_POINT('Ctrl Pts',(6.82098726628343,-7.65092374532025,10.9));
#4983=CARTESIAN_POINT('Ctrl Pts',(6.82009069301094,-7.65172352057002,10.8999997619439));
#4984=CARTESIAN_POINT('Ctrl Pts',(6.81515578929713,-7.65612712621773,10.8999971355011));
#4985=CARTESIAN_POINT('Ctrl Pts',(6.8111197713793,-7.65973413764077,10.8999901344549));
#4986=CARTESIAN_POINT('Ctrl Pts',(6.80080762037652,-7.66896482552452,10.8999595863355));
#4987=CARTESIAN_POINT('Ctrl Pts',(6.79453421415083,-7.6745942347771,10.899928990152));
#4988=CARTESIAN_POINT('Ctrl Pts',(6.76914173600093,-7.69743986985067,10.899754829529));
#4989=CARTESIAN_POINT('Ctrl Pts',(6.75005187595531,-7.71475288360627,10.8995080715166));
#4990=CARTESIAN_POINT('Ctrl Pts',(6.69006595976719,-7.76967317091736,10.8983226765685));
#4991=CARTESIAN_POINT('Ctrl Pts',(6.6491288745703,-7.80792626548314,10.8969069361882));
#4992=CARTESIAN_POINT('Ctrl Pts',(6.50730135789933,-7.94427123722438,10.8890879503127));
#4993=CARTESIAN_POINT('Ctrl Pts',(6.40724955079187,-8.04814848084932,10.8785673328521));
#4994=CARTESIAN_POINT('Ctrl Pts',(6.18947188463646,-8.30283468872393,10.8235245291252));
#4995=CARTESIAN_POINT('Ctrl Pts',(6.10609416507782,-8.42304798049366,10.7730752399354));
#4996=CARTESIAN_POINT('Ctrl Pts',(5.93473397767649,-8.63642810628006,10.6344403310231));
#4997=CARTESIAN_POINT('Ctrl Pts',(5.85496318395414,-8.71700586679696,10.5507850842882));
#4998=CARTESIAN_POINT('Ctrl Pts',(5.74653075159723,-8.78791126041606,10.4669872981078));
#4999=CARTESIAN_POINT('',(-9.69066201951244,3.33969603760269,10.9));
#5000=CARTESIAN_POINT('Origin',(0.,0.,10.9));
#5001=CARTESIAN_POINT('',(-9.51788462069456,4.43394546055158,10.4669872981046));
#5002=CARTESIAN_POINT('Ctrl Pts',(-9.69066201951244,3.33969603760269,10.9));
#5003=CARTESIAN_POINT('Ctrl Pts',(-9.68420247336825,3.35843944352288,10.9));
#5004=CARTESIAN_POINT('Ctrl Pts',(-9.67783465180586,3.37724746267563,10.8999046329371));
#5005=CARTESIAN_POINT('Ctrl Pts',(-9.66317622064347,3.42147360307483,10.8994288541299));
#5006=CARTESIAN_POINT('Ctrl Pts',(-9.65494433801345,3.4470489764112,10.8989586363402));
#5007=CARTESIAN_POINT('Ctrl Pts',(-9.63292384508864,3.51807982309902,10.8970000277367));
#5008=CARTESIAN_POINT('Ctrl Pts',(-9.61955917745516,3.56429594015946,10.894989271048));
#5009=CARTESIAN_POINT('Ctrl Pts',(-9.58687021799419,3.69027991422167,10.8864807926094));
#5010=CARTESIAN_POINT('Ctrl Pts',(-9.56988529092459,3.77228020791308,10.8777761377853));
#5011=CARTESIAN_POINT('Ctrl Pts',(-9.54523554926423,3.96405189083154,10.8398364551851));
#5012=CARTESIAN_POINT('Ctrl Pts',(-9.54555901949568,4.04912489154278,10.8080437587226));
#5013=CARTESIAN_POINT('Ctrl Pts',(-9.54802934532094,4.189421169751,10.732328687673));
#5014=CARTESIAN_POINT('Ctrl Pts',(-9.5510663205626,4.25091769523133,10.6846192497251));
#5015=CARTESIAN_POINT('Ctrl Pts',(-9.54386374055219,4.35518971751658,10.5773204148868));
#5016=CARTESIAN_POINT('Ctrl Pts',(-9.53537574133643,4.39639911054856,10.5231515760791));
#5017=CARTESIAN_POINT('Ctrl Pts',(-9.51788462069654,4.43394546054733,10.4669872981078));
#5018=CARTESIAN_POINT('Origin',(0.,0.,10.4669872981078));
#5019=CARTESIAN_POINT('Origin',(0.,0.,0.));
#5020=CARTESIAN_POINT('',(5.70203444144047,-8.8168476922666,10.4));
#5021=CARTESIAN_POINT('',(5.70203444144046,-8.8168476922666,0.));
#5022=CARTESIAN_POINT('Ctrl Pts',(5.70203444144047,-8.81684769226659,10.4));
#5023=CARTESIAN_POINT('Ctrl Pts',(5.70203444144047,-8.81684769226659,10.405979357631));
#5024=CARTESIAN_POINT('Ctrl Pts',(5.70321924871523,-8.81608171344441,10.4122622148013));
#5025=CARTESIAN_POINT('Ctrl Pts',(5.70752521794364,-8.81329464298449,10.423972895993));
#5026=CARTESIAN_POINT('Ctrl Pts',(5.71059890483658,-8.81130378697828,10.4294252917725));
#5027=CARTESIAN_POINT('Ctrl Pts',(5.72234196157662,-8.80368711886583,10.4465906595768));
#5028=CARTESIAN_POINT('Ctrl Pts',(5.73418247070434,-8.79598596369624,10.4574444096982));
#5029=CARTESIAN_POINT('Ctrl Pts',(5.74653075159724,-8.78791126041606,10.4669872981078));
#5030=CARTESIAN_POINT('',(-9.50740853107174,4.45636432793644,10.4));
#5031=CARTESIAN_POINT('Ctrl Pts',(-9.50740853107173,4.45636432793645,10.4));
#5032=CARTESIAN_POINT('Ctrl Pts',(-9.50740853107173,4.45636432793645,10.4099635159497));
#5033=CARTESIAN_POINT('Ctrl Pts',(-9.50811980086437,4.45484769707406,10.4198777617843));
#5034=CARTESIAN_POINT('Ctrl Pts',(-9.51077223247185,4.44918205567761,10.4391023028539));
#5035=CARTESIAN_POINT('Ctrl Pts',(-9.51271207781106,4.44503543015952,10.448413482503));
#5036=CARTESIAN_POINT('Ctrl Pts',(-9.51595235930266,4.43809137646177,10.4605602826954));
#5037=CARTESIAN_POINT('Ctrl Pts',(-9.51689487382767,4.43607004610785,10.4638092045246));
#5038=CARTESIAN_POINT('Ctrl Pts',(-9.5178846206952,4.4339454605502,10.4669872981035));
#5039=CARTESIAN_POINT('',(-9.50740853107174,4.45636432793644,6.5));
#5040=CARTESIAN_POINT('Origin',(-0.94175886481792,15.5863943928805,10.4));
#5041=CARTESIAN_POINT('',(-6.30098661965034,8.0845573545487,10.9));
#5042=CARTESIAN_POINT('Ctrl Pts',(-6.30098661965101,8.08455735454818,10.9));
#5043=CARTESIAN_POINT('Ctrl Pts',(-6.40050629722395,8.00699316280844,10.9));
#5044=CARTESIAN_POINT('Ctrl Pts',(-6.49982485040683,7.92662433691655,10.8961559566035));
#5045=CARTESIAN_POINT('Ctrl Pts',(-6.81697338207519,7.65982708168355,10.8746986778456));
#5046=CARTESIAN_POINT('Ctrl Pts',(-7.03181906071913,7.46328876987311,10.845943005345));
#5047=CARTESIAN_POINT('Ctrl Pts',(-7.44386311488888,7.05237950791647,10.7801816418487));
#5048=CARTESIAN_POINT('Ctrl Pts',(-7.64106662400002,6.8380132299855,10.7428854670161));
#5049=CARTESIAN_POINT('Ctrl Pts',(-8.01053674973892,6.40122057832697,10.6849526676019));
#5050=CARTESIAN_POINT('Ctrl Pts',(-8.18290443995985,6.17866875601141,10.665917665634));
#5051=CARTESIAN_POINT('Ctrl Pts',(-8.49781901903579,5.73785191423932,10.665917665634));
#5052=CARTESIAN_POINT('Ctrl Pts',(-8.65247006361143,5.50264352012945,10.6849526676019));
#5053=CARTESIAN_POINT('Ctrl Pts',(-8.9458911471498,5.01152229060299,10.7428854670161));
#5054=CARTESIAN_POINT('Ctrl Pts',(-9.08474709166173,4.75547317071889,10.7801816418487));
#5055=CARTESIAN_POINT('Ctrl Pts',(-9.33988047576618,4.2324686961168,10.845943005345));
#5056=CARTESIAN_POINT('Ctrl Pts',(-9.45615183120482,3.96550999978769,10.8746986778456));
#5057=CARTESIAN_POINT('Ctrl Pts',(-9.60572135394278,3.57899619096913,10.8961559566035));
#5058=CARTESIAN_POINT('Ctrl Pts',(-9.64955086669619,3.45898662054472,10.9));
#5059=CARTESIAN_POINT('Ctrl Pts',(-9.69066201951244,3.33969603760269,10.9));
#5060=CARTESIAN_POINT('',(-4.4933773824019,10.6148454011042,10.9));
#5061=CARTESIAN_POINT('',(-0.94175886481792,15.5863943928805,10.9));
#5062=CARTESIAN_POINT('',(-5.19925330349378,10.4869119985379,10.4));
#5063=CARTESIAN_POINT('Ctrl Pts',(-4.4933773824019,10.6148454011042,10.9));
#5064=CARTESIAN_POINT('Ctrl Pts',(-4.49385356925083,10.6147272579822,10.9));
#5065=CARTESIAN_POINT('Ctrl Pts',(-4.49432977323722,10.6146091850227,10.8999996951106));
#5066=CARTESIAN_POINT('Ctrl Pts',(-4.56986859101767,10.5958914183722,10.899902921111));
#5067=CARTESIAN_POINT('Ctrl Pts',(-4.64573181163064,10.5789770785796,10.8922320069987));
#5068=CARTESIAN_POINT('Ctrl Pts',(-4.7881862472368,10.5501839826471,10.859994779489));
#5069=CARTESIAN_POINT('Ctrl Pts',(-4.85563557757684,10.5379176484138,10.8365396607841));
#5070=CARTESIAN_POINT('Ctrl Pts',(-4.98016217649625,10.5171524187778,10.7713347139731));
#5071=CARTESIAN_POINT('Ctrl Pts',(-5.0376087204967,10.5085697349634,10.7296394662229));
#5072=CARTESIAN_POINT('Ctrl Pts',(-5.12150967838166,10.4968186335803,10.6377601840098));
#5073=CARTESIAN_POINT('Ctrl Pts',(-5.15154249582705,10.4929190936337,10.5919982629169));
#5074=CARTESIAN_POINT('Ctrl Pts',(-5.18970285790469,10.4880702997462,10.4962511428506));
#5075=CARTESIAN_POINT('Ctrl Pts',(-5.19925330349378,10.4869119985379,10.4486283928762));
#5076=CARTESIAN_POINT('Ctrl Pts',(-5.19925330349378,10.4869119985379,10.4));
#5077=CARTESIAN_POINT('',(-1.34860577845196,15.8770412384964,10.4));
#5078=CARTESIAN_POINT('Origin',(-3.6429117260537,12.3138769391789,10.4));
#5079=CARTESIAN_POINT('',(-2.52287257703622,14.4364961477672,10.4));
#5080=CARTESIAN_POINT('Origin',(-3.6429117260537,12.3138769391789,10.4));
#5081=CARTESIAN_POINT('',(-2.39566660825708,13.7471876578064,10.9));
#5082=CARTESIAN_POINT('Origin',(-3.6429117260537,12.3138769391789,10.9));
#5083=CARTESIAN_POINT('Ctrl Pts',(-2.39566660825708,13.7471876578064,10.9));
#5084=CARTESIAN_POINT('Ctrl Pts',(-2.39572455686824,13.7476623224002,10.9));
#5085=CARTESIAN_POINT('Ctrl Pts',(-2.39578257203453,13.7481369787268,10.8999996927338));
#5086=CARTESIAN_POINT('Ctrl Pts',(-2.40480276429659,13.8218507104223,10.8999042099797));
#5087=CARTESIAN_POINT('Ctrl Pts',(-2.41541595092495,13.8951976629176,10.8924929277969));
#5088=CARTESIAN_POINT('Ctrl Pts',(-2.43790434469317,14.0325089621092,10.8615772160114));
#5089=CARTESIAN_POINT('Ctrl Pts',(-2.44973001094187,14.0972361268723,10.8390466012686));
#5090=CARTESIAN_POINT('Ctrl Pts',(-2.47371146208845,14.2189355090226,10.7755004237699));
#5091=CARTESIAN_POINT('Ctrl Pts',(-2.48589947692433,14.2757817703268,10.7338601886484));
#5092=CARTESIAN_POINT('Ctrl Pts',(-2.50454530497182,14.3590945834211,10.6415412421875));
#5093=CARTESIAN_POINT('Ctrl Pts',(-2.51154161943995,14.3889557599092,10.5951966738153));
#5094=CARTESIAN_POINT('Ctrl Pts',(-2.52056020489382,14.4269858667961,10.4980022223866));
#5095=CARTESIAN_POINT('Ctrl Pts',(-2.52287257703622,14.4364961477672,10.4495017589659));
#5096=CARTESIAN_POINT('Ctrl Pts',(-2.52287257703623,14.4364961477672,10.4));
#5097=CARTESIAN_POINT('Origin',(2.17025360958328,20.2559300640052,10.4));
#5098=CARTESIAN_POINT('',(1.76092741510486,20.5430747427193,10.4));
#5099=CARTESIAN_POINT('',(1.6220716511343,19.4744939045803,10.9));
#5100=CARTESIAN_POINT('',(2.17025360958328,20.2559300640052,10.9));
#5101=CARTESIAN_POINT('Origin',(1.6220716511343,19.4744939045803,10.4));
#5102=CARTESIAN_POINT('Ctrl Pts',(17.118487239952,27.9989912735932,10.4));
#5103=CARTESIAN_POINT('Ctrl Pts',(17.0051844983119,27.9332064319068,10.4));
#5104=CARTESIAN_POINT('Ctrl Pts',(16.9126526553257,27.8404539942437,10.4));
#5105=CARTESIAN_POINT('Ctrl Pts',(17.118487239952,27.9989912735932,10.9));
#5106=CARTESIAN_POINT('Ctrl Pts',(17.0051844983119,27.9332064319068,10.9));
#5107=CARTESIAN_POINT('Ctrl Pts',(16.9126526553257,27.8404539942437,10.9));
#5108=CARTESIAN_POINT('Ctrl Pts',(17.3695440188901,27.5665904251328,10.9));
#5109=CARTESIAN_POINT('Ctrl Pts',(17.3128926480701,27.5336980042896,10.9));
#5110=CARTESIAN_POINT('Ctrl Pts',(17.266626726577,27.4873217854581,10.9));
#5111=CARTESIAN_POINT('Origin',(17.3695440188901,27.5665904251328,10.4));
#5112=CARTESIAN_POINT('',(17.266626726577,27.4873217854581,10.9));
#5113=CARTESIAN_POINT('Origin',(17.266626726577,27.4873217854581,10.4));
#5114=CARTESIAN_POINT('Origin',(17.6206007978282,27.1341895766725,10.9));
#5115=CARTESIAN_POINT('Origin',(13.0248915777242,23.2354743967059,10.4));
#5116=CARTESIAN_POINT('',(17.2452383200457,27.4658823892515,10.9));
#5117=CARTESIAN_POINT('Origin',(17.2452383200457,27.4658823892515,10.4));
#5118=CARTESIAN_POINT('',(13.0248915777242,23.2354743967059,10.9));
#5119=CARTESIAN_POINT('Origin',(8.39588653876371,36.2941876088909,10.4));
#5120=CARTESIAN_POINT('',(13.0475337957414,24.6919387839155,10.9));
#5121=CARTESIAN_POINT('Origin',(13.0475337957414,24.6919387839155,10.4));
#5122=CARTESIAN_POINT('Origin',(8.39588653876371,36.2941876088909,10.9));
#5123=CARTESIAN_POINT('Origin',(12.2357047184441,24.3664551162652,10.4));
#5124=CARTESIAN_POINT('',(8.61283117140589,22.9139496536017,10.9));
#5125=CARTESIAN_POINT('Origin',(8.61283117140589,22.9139496536017,10.4));
#5126=CARTESIAN_POINT('',(12.2357047184441,24.3664551162652,10.9));
#5127=CARTESIAN_POINT('Origin',(6.93823815889384,27.0907592305929,10.4));
#5128=CARTESIAN_POINT('',(6.93823815889384,22.5907592305929,10.9));
#5129=CARTESIAN_POINT('Origin',(6.93823815889384,22.5907592305929,10.4));
#5130=CARTESIAN_POINT('Origin',(6.93823815889384,27.0907592305929,10.9));
#5131=CARTESIAN_POINT('Origin',(11.7508059409296,22.5907592305929,10.4));
#5132=CARTESIAN_POINT('',(6.46281318584776,22.5907592305929,10.9));
#5133=CARTESIAN_POINT('Origin',(6.46281318584776,22.5907592305929,10.4));
#5134=CARTESIAN_POINT('',(11.7508059409296,22.5907592305929,10.9));
#5135=CARTESIAN_POINT('Origin',(6.46281318584776,20.9907592305929,10.4));
#5136=CARTESIAN_POINT('',(5.52737730197537,22.2888192088543,10.9));
#5137=CARTESIAN_POINT('Origin',(5.52737730197537,22.2888192088543,10.4));
#5138=CARTESIAN_POINT('Origin',(6.46281318584776,20.9907592305929,10.9));
#5139=CARTESIAN_POINT('Origin',(6.53464258389376,23.0146963678954,10.4));
#5140=CARTESIAN_POINT('',(6.53464258389376,23.0146963678954,10.9));
#5141=CARTESIAN_POINT('Ctrl Pts',(17.2484690172701,28.0623694826706,10.4));
#5142=CARTESIAN_POINT('Ctrl Pts',(17.1811808344711,28.0353918772369,10.4));
#5143=CARTESIAN_POINT('Ctrl Pts',(17.118487239952,27.9989912735932,10.4));
#5144=CARTESIAN_POINT('Ctrl Pts',(17.2484690172701,28.0623694826706,10.9));
#5145=CARTESIAN_POINT('Ctrl Pts',(17.1811808344711,28.0353918772369,10.9));
#5146=CARTESIAN_POINT('Ctrl Pts',(17.118487239952,27.9989912735932,10.9));
#5147=CARTESIAN_POINT('Ctrl Pts',(17.4345349075492,27.5982795296716,10.9));
#5148=CARTESIAN_POINT('Ctrl Pts',(17.4008908161496,27.5847907269547,10.9));
#5149=CARTESIAN_POINT('Ctrl Pts',(17.3695440188901,27.5665904251328,10.9));
#5150=CARTESIAN_POINT('Origin',(17.4345349075491,27.5982795296715,10.4));
#5151=CARTESIAN_POINT('Origin',(14.8469489560354,26.5608481424353,10.4));
#5152=CARTESIAN_POINT('Origin',(-5.19925330349378,10.4869119985379,6.5));
#5153=CARTESIAN_POINT('',(-5.19925330349378,10.4869119985379,6.5));
#5154=CARTESIAN_POINT('Origin',(-3.6429117260537,12.3138769391789,6.5));
#5155=CARTESIAN_POINT('',(-2.52287257703622,14.4364961477672,6.5));
#5156=CARTESIAN_POINT('Origin',(1.26124026212017,19.8307681742085,6.5));
#5157=CARTESIAN_POINT('Origin',(24.5234221905455,1.6787833202923,10.4));
#5158=CARTESIAN_POINT('',(25.85551334434,1.9733614936832,10.4));
#5159=CARTESIAN_POINT('',(31.3749655393182,5.69198092215922,10.4));
#5160=CARTESIAN_POINT('',(24.8027966658495,1.26411489546518,10.4));
#5161=CARTESIAN_POINT('',(30.4946257729185,5.70176112106033,10.9));
#5162=CARTESIAN_POINT('Ctrl Pts',(30.4946257729185,5.70176112106033,10.9));
#5163=CARTESIAN_POINT('Ctrl Pts',(30.6079798548459,5.69722697834448,10.9));
#5164=CARTESIAN_POINT('Ctrl Pts',(30.7312819875349,5.69367658672681,10.8860208160255));
#5165=CARTESIAN_POINT('Ctrl Pts',(30.9675896145756,5.68972931462893,10.8246273428541));
#5166=CARTESIAN_POINT('Ctrl Pts',(31.0807405692881,5.68930795248149,10.7777758930487));
#5167=CARTESIAN_POINT('Ctrl Pts',(31.2259571244924,5.6899742987704,10.6775684739163));
#5168=CARTESIAN_POINT('Ctrl Pts',(31.2775448027496,5.69051611715645,10.6316810518122));
#5169=CARTESIAN_POINT('Ctrl Pts',(31.3335341007501,5.69128989297551,10.5512922641334));
#5170=CARTESIAN_POINT('Ctrl Pts',(31.348710032506,5.69153365882418,10.5225707650209));
#5171=CARTESIAN_POINT('Ctrl Pts',(31.3694317349202,5.69188011334583,10.4626746369451));
#5172=CARTESIAN_POINT('Ctrl Pts',(31.3749655393182,5.69198092215922,10.4314958579375));
#5173=CARTESIAN_POINT('Ctrl Pts',(31.3749655393182,5.69198092215922,10.4));
#5174=CARTESIAN_POINT('',(25.5971619209836,2.40219377511363,10.9));
#5175=CARTESIAN_POINT('',(24.5234221905455,1.6787833202923,10.9));
#5176=CARTESIAN_POINT('Origin',(25.5971619209836,2.40219377511363,10.4));
#5177=CARTESIAN_POINT('Origin',(13.8560524390946,-3.88401755321907,10.4));
#5178=CARTESIAN_POINT('',(13.8560524390946,-3.88401755321907,10.9));
#5179=CARTESIAN_POINT('',(14.0920561164177,-4.32481485843997,10.4));
#5180=CARTESIAN_POINT('Origin',(25.85551334434,1.9733614936832,0.));
#5181=CARTESIAN_POINT('',(31.3749655393182,5.69198092215922,10.9));
#5182=CARTESIAN_POINT('',(25.85551334434,1.9733614936832,6.5));
#5183=CARTESIAN_POINT('',(25.85551334434,1.9733614936832,0.));
#5184=CARTESIAN_POINT('',(38.1552344334703,10.2600501343585,15.9));
#5185=CARTESIAN_POINT('',(38.1552344334703,10.2600501343585,0.));
#5186=CARTESIAN_POINT('',(31.8685199411892,6.02450323107191,15.9));
#5187=CARTESIAN_POINT('Origin',(5.70203444144046,-8.8168476922666,6.5));
#5188=CARTESIAN_POINT('Origin',(0.,0.,11.4));
#5189=CARTESIAN_POINT('',(-9.75,-1.19403062916867E-15,11.9));
#5190=CARTESIAN_POINT('Origin',(0.,0.,11.9));
#5191=CARTESIAN_POINT('',(-10.25,-1.25526296912604E-15,11.4));
#5192=CARTESIAN_POINT('Origin',(-9.75,-1.19403062916867E-15,11.4));
#5193=CARTESIAN_POINT('',(10.25,1.25526296912604E-15,11.4));
#5194=CARTESIAN_POINT('Origin',(0.,0.,11.4));
#5195=CARTESIAN_POINT('Origin',(0.,0.,11.4));
#5196=CARTESIAN_POINT('Origin',(0.,0.,10.9));
#5197=CARTESIAN_POINT('',(10.25,1.25526296912604E-15,10.9));
#5198=CARTESIAN_POINT('',(10.25,1.25526296912604E-15,10.9));
#5199=CARTESIAN_POINT('Origin',(0.,0.,10.9));
#5200=CARTESIAN_POINT('Origin',(0.,0.,10.9));
#5201=CARTESIAN_POINT('Origin',(0.,0.,11.9));
#5202=CARTESIAN_POINT('',(9.,-1.10218211923262E-15,11.9));
#5203=CARTESIAN_POINT('Origin',(0.,0.,11.9));
#5204=CARTESIAN_POINT('Origin',(0.,0.,12.8));
#5205=CARTESIAN_POINT('',(-8.5,-1.04094977927525E-15,13.3));
#5206=CARTESIAN_POINT('Origin',(0.,0.,13.3));
#5207=CARTESIAN_POINT('',(-9.,-1.10218211923262E-15,12.8));
#5208=CARTESIAN_POINT('Origin',(-8.5,-1.04094977927525E-15,12.8));
#5209=CARTESIAN_POINT('',(9.,1.10218211923262E-15,12.8));
#5210=CARTESIAN_POINT('Origin',(0.,0.,12.8));
#5211=CARTESIAN_POINT('Origin',(0.,0.,12.8));
#5212=CARTESIAN_POINT('Origin',(0.,0.,10.9));
#5213=CARTESIAN_POINT('',(9.,1.10218211923262E-15,10.9));
#5214=CARTESIAN_POINT('Origin',(0.,0.,13.3));
#5215=CARTESIAN_POINT('',(-4.75932853190422,1.08337304713629,13.3));
#5216=CARTESIAN_POINT('',(-0.801378426067791,4.90235602166098,13.3));
#5217=CARTESIAN_POINT('',(-5.83876946985961,0.0418322359022869,13.3));
#5218=CARTESIAN_POINT('',(1.3196033231216,4.8644558949396,13.3));
#5219=CARTESIAN_POINT('Origin',(0.240162385166214,3.82291508370559,13.3));
#5220=CARTESIAN_POINT('',(5.13858629764629,0.906505789103167,13.3));
#5221=CARTESIAN_POINT('',(0.278062511887597,5.94389683289499,13.3));
#5222=CARTESIAN_POINT('',(5.10068617092491,-1.21447596008623,13.3));
#5223=CARTESIAN_POINT('Origin',(4.0591453596909,-0.135035022130837,13.3));
#5224=CARTESIAN_POINT('',(1.14273606508848,-5.03345893461091,13.3));
#5225=CARTESIAN_POINT('',(6.1801271088803,-0.172935148852221,13.3));
#5226=CARTESIAN_POINT('',(-0.978245684100916,-4.99555880788953,13.3));
#5227=CARTESIAN_POINT('Origin',(0.101195253854473,-3.95401799665553,13.3));
#5228=CARTESIAN_POINT('',(-4.7972286586256,-1.0376087020531,13.3));
#5229=CARTESIAN_POINT('',(0.0632951271330903,-6.07499974584492,13.3));
#5230=CARTESIAN_POINT('Origin',(-3.71778772067021,0.00393210918090281,13.3));
#5231=CARTESIAN_POINT('Origin',(-3.71778772067021,0.00393210918090281,10.9));
#5232=CARTESIAN_POINT('',(-4.75932853190422,1.08337304713629,10.9));
#5233=CARTESIAN_POINT('',(-4.7972286586256,-1.0376087020531,10.9));
#5234=CARTESIAN_POINT('Origin',(-3.71778772067021,0.00393210918090281,10.9));
#5235=CARTESIAN_POINT('',(-4.75932853190422,1.08337304713629,10.9));
#5236=CARTESIAN_POINT('',(-4.7972286586256,-1.0376087020531,10.9));
#5237=CARTESIAN_POINT('Origin',(0.0632951271330903,-6.07499974584492,10.9));
#5238=CARTESIAN_POINT('',(-0.978245684100916,-4.99555880788953,10.9));
#5239=CARTESIAN_POINT('',(-0.978245684100916,-4.99555880788953,10.9));
#5240=CARTESIAN_POINT('',(-0.280526995710581,-5.7186664454412,10.9));
#5241=CARTESIAN_POINT('Origin',(0.101195253854473,-3.95401799665553,10.9));
#5242=CARTESIAN_POINT('',(1.14273606508848,-5.03345893461092,10.9));
#5243=CARTESIAN_POINT('Origin',(0.101195253854473,-3.95401799665553,10.9));
#5244=CARTESIAN_POINT('',(1.14273606508848,-5.03345893461091,10.9));
#5245=CARTESIAN_POINT('Origin',(6.1801271088803,-0.172935148852221,10.9));
#5246=CARTESIAN_POINT('',(5.10068617092491,-1.21447596008623,10.9));
#5247=CARTESIAN_POINT('',(5.10068617092491,-1.21447596008623,10.9));
#5248=CARTESIAN_POINT('',(11.7155725387665,5.16815589268791,10.9));
#5249=CARTESIAN_POINT('Origin',(0.240162385166214,3.82291508370559,10.9));
#5250=CARTESIAN_POINT('',(1.3196033231216,4.8644558949396,10.9));
#5251=CARTESIAN_POINT('',(-0.801378426067791,4.90235602166098,10.9));
#5252=CARTESIAN_POINT('Origin',(0.240162385166214,3.82291508370559,10.9));
#5253=CARTESIAN_POINT('',(1.3196033231216,4.8644558949396,10.9));
#5254=CARTESIAN_POINT('',(-0.801378426067792,4.90235602166098,10.9));
#5255=CARTESIAN_POINT('Origin',(-5.83876946985961,0.0418322359022869,10.9));
#5256=CARTESIAN_POINT('',(2.75509195090016,8.33395557593877,10.9));
#5257=CARTESIAN_POINT('Origin',(4.0591453596909,-0.135035022130837,10.9));
#5258=CARTESIAN_POINT('',(5.13858629764629,0.906505789103167,10.9));
#5259=CARTESIAN_POINT('Origin',(4.0591453596909,-0.135035022130837,10.9));
#5260=CARTESIAN_POINT('',(5.13858629764629,0.906505789103167,10.9));
#5261=CARTESIAN_POINT('Origin',(0.278062511887597,5.94389683289499,10.9));
#5262=CARTESIAN_POINT('',(2.88527268754027,3.24181414242511,10.9));
#5263=CARTESIAN_POINT('Origin',(16.5633737229653,11.2219135350355,10.9));
#5264=CARTESIAN_POINT('Origin',(31.1041355981743,20.93957585195,10.9));
#5265=CARTESIAN_POINT('Origin',(-2.96224285695231,19.4164926580795,5.5));
#5266=CARTESIAN_POINT('Origin',(-12.3541912274821,7.58218824310927,5.5));
#5267=CARTESIAN_POINT('Origin',(10.8175743537365,-9.87967672519102,5.5));
#5268=CARTESIAN_POINT('Ctrl Pts',(30.1068645193173,20.502172055719,65.775));
#5269=CARTESIAN_POINT('Ctrl Pts',(30.1068645193173,19.752172055719,65.775));
#5270=CARTESIAN_POINT('Ctrl Pts',(30.8568645193173,19.752172055719,65.775));
#5271=CARTESIAN_POINT('Ctrl Pts',(31.6068645193173,19.752172055719,65.775));
#5272=CARTESIAN_POINT('Ctrl Pts',(31.6068645193173,20.502172055719,65.775));
#5273=CARTESIAN_POINT('Ctrl Pts',(31.6068645193173,21.252172055719,65.775));
#5274=CARTESIAN_POINT('Ctrl Pts',(30.8568645193173,21.252172055719,65.775));
#5275=CARTESIAN_POINT('Ctrl Pts',(30.1068645193173,21.252172055719,65.775));
#5276=CARTESIAN_POINT('Ctrl Pts',(30.1068645193173,20.502172055719,65.775));
#5277=CARTESIAN_POINT('Ctrl Pts',(30.1068645193173,20.502172055719,66.4));
#5278=CARTESIAN_POINT('Ctrl Pts',(30.1068645193173,19.752172055719,66.4));
#5279=CARTESIAN_POINT('Ctrl Pts',(30.8568645193173,19.752172055719,66.4));
#5280=CARTESIAN_POINT('Ctrl Pts',(31.6068645193173,19.752172055719,66.4));
#5281=CARTESIAN_POINT('Ctrl Pts',(31.6068645193173,20.502172055719,66.4));
#5282=CARTESIAN_POINT('Ctrl Pts',(31.6068645193173,21.252172055719,66.4));
#5283=CARTESIAN_POINT('Ctrl Pts',(30.8568645193173,21.252172055719,66.4));
#5284=CARTESIAN_POINT('Ctrl Pts',(30.1068645193173,21.252172055719,66.4));
#5285=CARTESIAN_POINT('Ctrl Pts',(30.1068645193173,20.502172055719,66.4));
#5286=CARTESIAN_POINT('Ctrl Pts',(30.7318645193173,20.502172055719,66.4));
#5287=CARTESIAN_POINT('Ctrl Pts',(30.7318645193173,20.377172055719,66.4));
#5288=CARTESIAN_POINT('Ctrl Pts',(30.8568645193173,20.377172055719,66.4));
#5289=CARTESIAN_POINT('Ctrl Pts',(30.9818645193173,20.377172055719,66.4));
#5290=CARTESIAN_POINT('Ctrl Pts',(30.9818645193173,20.502172055719,66.4));
#5291=CARTESIAN_POINT('Ctrl Pts',(30.9818645193173,20.627172055719,66.4));
#5292=CARTESIAN_POINT('Ctrl Pts',(30.8568645193173,20.627172055719,66.4));
#5293=CARTESIAN_POINT('Ctrl Pts',(30.7318645193173,20.627172055719,66.4));
#5294=CARTESIAN_POINT('Ctrl Pts',(30.7318645193173,20.502172055719,66.4));
#5295=CARTESIAN_POINT('',(30.7318645193173,20.502172055719,66.4));
#5296=CARTESIAN_POINT('Origin',(30.8568645193173,20.502172055719,66.4));
#5297=CARTESIAN_POINT('',(30.1068645193173,20.502172055719,65.775));
#5298=CARTESIAN_POINT('Origin',(30.7318645193173,20.502172055719,65.775));
#5299=CARTESIAN_POINT('',(31.6068645193173,20.502172055719,65.775));
#5300=CARTESIAN_POINT('Origin',(30.8568645193173,20.502172055719,65.775));
#5301=CARTESIAN_POINT('Origin',(30.8568645193173,20.502172055719,65.775));
#5302=CARTESIAN_POINT('Origin',(30.8568645193173,20.502172055719,63.9));
#5303=CARTESIAN_POINT('',(31.6068645193173,20.502172055719,63.9));
#5304=CARTESIAN_POINT('',(31.6068645193173,20.502172055719,63.9));
#5305=CARTESIAN_POINT('Origin',(30.8568645193173,20.502172055719,63.9));
#5306=CARTESIAN_POINT('Origin',(30.8568645193173,20.502172055719,66.4));
#5307=CARTESIAN_POINT('Origin',(30.8568645193173,20.502172055719,64.45));
#5308=CARTESIAN_POINT('',(26.3568645193173,20.502172055719,65.2));
#5309=CARTESIAN_POINT('Origin',(30.8568645193173,20.502172055719,65.2));
#5310=CARTESIAN_POINT('',(25.6068645193173,20.502172055719,64.45));
#5311=CARTESIAN_POINT('Origin',(26.3568645193173,20.502172055719,64.45));
#5312=CARTESIAN_POINT('',(36.1068645193173,20.502172055719,64.45));
#5313=CARTESIAN_POINT('Origin',(30.8568645193173,20.502172055719,64.45));
#5314=CARTESIAN_POINT('Origin',(30.8568645193173,20.502172055719,64.45));
#5315=CARTESIAN_POINT('Origin',(30.8568645193173,20.502172055719,63.9));
#5316=CARTESIAN_POINT('',(36.1068645193173,20.502172055719,63.9));
#5317=CARTESIAN_POINT('Origin',(30.8568645193173,20.502172055719,65.2));
#5318=CARTESIAN_POINT('',(34.9568645193173,20.502172055719,65.2));
#5319=CARTESIAN_POINT('Origin',(30.8568645193173,20.502172055719,65.2));
#5320=CARTESIAN_POINT('Origin',(30.8568645193173,20.502172055719,63.9));
#5321=CARTESIAN_POINT('',(34.9568645193173,20.502172055719,63.9));
#5322=CARTESIAN_POINT('',(34.9568645193173,20.502172055719,63.9));
#5323=CARTESIAN_POINT('Origin',(30.8568645193173,20.502172055719,63.9));
#5324=CARTESIAN_POINT('Origin',(30.8568645193173,20.502172055719,15.9));
#5325=CARTESIAN_POINT('Origin',(31.2267474459306,20.543827070071,15.9));
#5326=CARTESIAN_POINT('Origin',(31.2267474459306,20.543827070071,0.));
#5327=CARTESIAN_POINT('',(39.3152485779048,11.1450958026045,2.));
#5328=CARTESIAN_POINT('',(39.3152485779048,11.1450958026045,0.));
#5329=CARTESIAN_POINT('',(42.3945741706102,15.1549824585117,2.));
#5330=CARTESIAN_POINT('Origin',(31.2267474459306,20.543827070071,2.));
#5331=CARTESIAN_POINT('',(42.3945741706102,15.1549824585117,0.));
#5332=CARTESIAN_POINT('Origin',(22.1136839251446,26.4351497119387,19.9));
#5333=CARTESIAN_POINT('',(24.2867554288184,27.453854889822,19.9));
#5334=CARTESIAN_POINT('',(24.2928919217636,27.4406607795044,19.9));
#5335=CARTESIAN_POINT('Origin',(22.1136839250647,26.4351497119017,19.9));
#5336=CARTESIAN_POINT('',(24.2928919217636,27.4406607795044,19.9));
#5337=CARTESIAN_POINT('',(24.2867554288184,27.4538548898219,19.9));
#5338=CARTESIAN_POINT('Origin',(30.8568645193173,20.502172055719,63.9));
#5339=CARTESIAN_POINT('Origin',(29.7404415220525,19.3167014610105,19.9));
#5340=CARTESIAN_POINT('Origin',(31.1041355981743,20.93957585195,10.9));
#5341=CARTESIAN_POINT('Origin',(16.5633737229653,11.2219135350355,10.9));
#5342=CARTESIAN_POINT('Origin',(24.2928919217636,27.4406607795044,6.5));
#5343=CARTESIAN_POINT('',(24.2928919217636,27.4406607795044,6.5));
#5344=CARTESIAN_POINT('',(24.2867554288184,27.453854889822,6.5));
#5345=CARTESIAN_POINT('',(24.2928919217664,27.4406607795058,6.5));
#5346=CARTESIAN_POINT('',(24.2867554288184,27.453854889822,6.5));
#5347=CARTESIAN_POINT('',(24.2928919217636,27.4406607795044,6.5));
#5348=CARTESIAN_POINT('Origin',(-2.96224285695231,19.4164926580795,0.));
#5349=CARTESIAN_POINT('',(-5.96224285695231,19.4164926580795,2.));
#5350=CARTESIAN_POINT('',(-5.9622428569523,19.4164926580795,0.));
#5351=CARTESIAN_POINT('Origin',(-2.96224285695231,19.4164926580795,2.));
#5352=CARTESIAN_POINT('Origin',(-2.96224285695231,19.4164926580795,2.));
#5353=CARTESIAN_POINT('Origin',(18.4803007462398,28.5562432798594,0.));
#5354=CARTESIAN_POINT('',(19.93753417542,25.4230369379476,2.));
#5355=CARTESIAN_POINT('',(18.4803007462398,28.5562432798594,2.));
#5356=CARTESIAN_POINT('',(19.93753417542,25.4230369379476,0.));
#5357=CARTESIAN_POINT('Origin',(24.2928919217664,27.4406607795058,0.));
#5358=CARTESIAN_POINT('',(24.2867554288454,27.4538548897644,2.));
#5359=CARTESIAN_POINT('',(24.2867554288184,27.453854889822,0.));
#5360=CARTESIAN_POINT('',(24.2928919217664,27.4406607795058,2.));
#5361=CARTESIAN_POINT('Origin',(21.4969923356474,27.2451956112153,2.));
#5362=CARTESIAN_POINT('',(24.2928919217636,27.4406607795044,2.));
#5363=CARTESIAN_POINT('Origin',(22.1136839250521,26.4351497118963,2.));
#5364=CARTESIAN_POINT('',(24.0816481532415,27.8948572740263,2.));
#5365=CARTESIAN_POINT('Origin',(-12.3541912274821,7.58218824310927,0.));
#5366=CARTESIAN_POINT('',(-15.3541912274821,7.58218824310927,2.));
#5367=CARTESIAN_POINT('',(-15.3541912274821,7.58218824310927,0.));
#5368=CARTESIAN_POINT('Origin',(-12.3541912274821,7.58218824310927,2.));
#5369=CARTESIAN_POINT('Origin',(-12.3541912274821,7.58218824310927,2.));
#5370=CARTESIAN_POINT('Origin',(38.8678440093774,16.8636396646579,0.));
#5371=CARTESIAN_POINT('',(41.2411933387036,17.2203089245985,2.));
#5372=CARTESIAN_POINT('',(41.2411933387036,17.2203089245985,0.));
#5373=CARTESIAN_POINT('',(36.827046498888,15.6006489595535,2.));
#5374=CARTESIAN_POINT('Origin',(38.8678440093774,16.8636396646579,2.));
#5375=CARTESIAN_POINT('',(36.827046498888,15.6006489595535,0.));
#5376=CARTESIAN_POINT('Origin',(42.3945741706102,15.1549824585117,0.));
#5377=CARTESIAN_POINT('',(41.2411933387036,17.2203089245985,2.));
#5378=CARTESIAN_POINT('Origin',(36.827046498888,15.6006489595535,0.));
#5379=CARTESIAN_POINT('',(36.827046498888,15.6006489595535,2.));
#5380=CARTESIAN_POINT('Origin',(39.4312090899938,15.2043677336312,2.));
#5381=CARTESIAN_POINT('Origin',(16.7971557300657,-2.89406306622119,0.));
#5382=CARTESIAN_POINT('',(16.7971557300657,-2.89406306622119,2.));
#5383=CARTESIAN_POINT('',(16.7971557300657,-2.89406306622119,0.));
#5384=CARTESIAN_POINT('',(15.1144346807571,0.0228716453644589,2.));
#5385=CARTESIAN_POINT('',(15.1144346807571,0.0228716453644589,2.));
#5386=CARTESIAN_POINT('',(15.1144346807571,0.0228716453644589,0.));
#5387=CARTESIAN_POINT('Origin',(12.8729541638261,-0.834895859393605,0.));
#5388=CARTESIAN_POINT('Origin',(12.8729541638261,-0.834895859393605,2.));
#5389=CARTESIAN_POINT('Origin',(13.6350549469459,-1.79394219898301,2.));
#5390=CARTESIAN_POINT('',(13.6977322840234,-4.55950954616992,2.));
#5391=CARTESIAN_POINT('Origin',(10.8175743537365,-9.87967672519102,0.));
#5392=CARTESIAN_POINT('',(7.81757435373651,-9.87967672519102,2.));
#5393=CARTESIAN_POINT('',(7.81757435373651,-9.87967672519102,0.));
#5394=CARTESIAN_POINT('Origin',(10.8175743537365,-9.87967672519102,2.));
#5395=CARTESIAN_POINT('Origin',(10.8175743537365,-9.87967672519102,2.));
#5396=CARTESIAN_POINT('Origin',(-4.01280406694566,12.3125912593696,0.));
#5397=CARTESIAN_POINT('',(-6.46280406694566,12.3125912593696,2.));
#5398=CARTESIAN_POINT('',(-6.46280406694566,12.3125912593696,0.));
#5399=CARTESIAN_POINT('Origin',(-4.01280406694566,12.3125912593696,2.));
#5400=CARTESIAN_POINT('Origin',(-4.01280406694566,12.3125912593696,2.));
#5401=CARTESIAN_POINT('Origin',(24.2928919217664,27.4406607795058,0.));
#5402=CARTESIAN_POINT('',(24.2867554288184,27.453854889822,0.));
#5403=CARTESIAN_POINT('',(24.2928919217636,27.4406607795044,0.));
#5404=CARTESIAN_POINT('Origin',(22.1136839250521,26.4351497118963,0.));
#5405=CARTESIAN_POINT('Origin',(12.5932580628869,-5.15298853857242,0.));
#5406=UNCERTAINTY_MEASURE_WITH_UNIT(LENGTH_MEASURE(0.01),#5410,
'DISTANCE_ACCURACY_VALUE',
'Maximum model space distance between geometric entities at asserted c
onnectivities');
#5407=UNCERTAINTY_MEASURE_WITH_UNIT(LENGTH_MEASURE(0.01),#5410,
'DISTANCE_ACCURACY_VALUE',
'Maximum model space distance between geometric entities at asserted c
onnectivities');
#5408=(
GEOMETRIC_REPRESENTATION_CONTEXT(3)
GLOBAL_UNCERTAINTY_ASSIGNED_CONTEXT((#5406))
GLOBAL_UNIT_ASSIGNED_CONTEXT((#5410,#5412,#5413))
REPRESENTATION_CONTEXT('','3D')
);
#5409=(
GEOMETRIC_REPRESENTATION_CONTEXT(3)
GLOBAL_UNCERTAINTY_ASSIGNED_CONTEXT((#5407))
GLOBAL_UNIT_ASSIGNED_CONTEXT((#5410,#5412,#5413))
REPRESENTATION_CONTEXT('','3D')
);
#5410=(
LENGTH_UNIT()
NAMED_UNIT(*)
SI_UNIT(.MILLI.,.METRE.)
);
#5411=(
LENGTH_UNIT()
NAMED_UNIT(*)
SI_UNIT($,.METRE.)
);
#5412=(
NAMED_UNIT(*)
PLANE_ANGLE_UNIT()
SI_UNIT($,.RADIAN.)
);
#5413=(
NAMED_UNIT(*)
SI_UNIT($,.STERADIAN.)
SOLID_ANGLE_UNIT()
);
#5414=SHAPE_DEFINITION_REPRESENTATION(#5415,#5416);
#5415=PRODUCT_DEFINITION_SHAPE('',$,#5418);
#5416=SHAPE_REPRESENTATION('',(#2823),#5408);
#5417=PRODUCT_DEFINITION_CONTEXT('part definition',#5422,'design');
#5418=PRODUCT_DEFINITION('OOM-M01- Submission','OOM-M01- Submission v0',
#5419,#5417);
#5419=PRODUCT_DEFINITION_FORMATION('',$,#5424);
#5420=PRODUCT_RELATED_PRODUCT_CATEGORY('OOM-M01- Submission v0',
'OOM-M01- Submission v0',(#5424));
#5421=APPLICATION_PROTOCOL_DEFINITION('international standard',
'automotive_design',2009,#5422);
#5422=APPLICATION_CONTEXT(
'Core Data for Automotive Mechanical Design Process');
#5423=PRODUCT_CONTEXT('part definition',#5422,'mechanical');
#5424=PRODUCT('OOM-M01- Submission','OOM-M01- Submission v0',$,(#5423));
#5425=PRESENTATION_STYLE_ASSIGNMENT((#5426));
#5426=SURFACE_STYLE_USAGE(.BOTH.,#5427);
#5427=SURFACE_SIDE_STYLE('',(#5428));
#5428=SURFACE_STYLE_FILL_AREA(#5429);
#5429=FILL_AREA_STYLE('Steel - Satin',(#5430));
#5430=FILL_AREA_STYLE_COLOUR('Steel - Satin',#5431);
#5431=COLOUR_RGB('Steel - Satin',0.627450980392157,0.627450980392157,0.627450980392157);
ENDSEC;
END-ISO-10303-21;
