ISO-10303-21;
HEADER;
/* Generated by software containing ST-Developer
 * from STEP Tools, Inc. (www.steptools.com) 
 */
/* OPTION: using custom renumber hook */

FILE_DESCRIPTION(
/* description */ (
'CAx-IF Rec.Pracs.---Representation and Presentation of Product Manufa
cturing Information (PMI)---4.0---2014-10-13',
'CAx-IF Rec.Pracs.---3D Tessellated Geometry---0.4---2014-09-14','2;1'),

/* implementation_level */ '2;1');

FILE_NAME(
/* name */ 'OOM-W01-exported',
/* time_stamp */ '2026-08-03T00:36:24+03:00',
/* author */ (''),
/* organization */ (''),
/* preprocessor_version */ 'ST-DEVELOPER v18.102',
/* originating_system */ 'SIEMENS PLM Software NX2206.9140',
/* authorisation */ $);

FILE_SCHEMA (('AP242_MANAGED_MODEL_BASED_3D_ENGINEERING_MIM_LF { 1 0 10303 442 3 1 4 }'));
ENDSEC;

DATA;
#10=DEFAULT_MODEL_GEOMETRIC_VIEW('','',#53,#27,'','',#15911,*);
#11=MECHANICAL_DESIGN_AND_DRAUGHTING_RELATIONSHIP('','',#19,#20);
#12=MECHANICAL_DESIGN_AND_DRAUGHTING_RELATIONSHIP('','',#21,#20);
#13=MECHANICAL_DESIGN_AND_DRAUGHTING_RELATIONSHIP('','',#22,#20);
#14=MECHANICAL_DESIGN_AND_DRAUGHTING_RELATIONSHIP('','',#23,#20);
#15=MECHANICAL_DESIGN_AND_DRAUGHTING_RELATIONSHIP('','',#24,#20);
#16=MECHANICAL_DESIGN_AND_DRAUGHTING_RELATIONSHIP('','',#25,#20);
#17=MECHANICAL_DESIGN_AND_DRAUGHTING_RELATIONSHIP('','',#26,#20);
#18=MECHANICAL_DESIGN_AND_DRAUGHTING_RELATIONSHIP('','',#27,#20);
#19=DRAUGHTING_MODEL('Top',(#46,#37),#15906);
#20=DRAUGHTING_MODEL('',(#38),#15906);
#21=DRAUGHTING_MODEL('Front',(#47,#39),#15906);
#22=DRAUGHTING_MODEL('Right',(#48,#40),#15906);
#23=DRAUGHTING_MODEL('Back',(#49,#41),#15906);
#24=DRAUGHTING_MODEL('Bottom',(#50,#42),#15906);
#25=DRAUGHTING_MODEL('Left',(#51,#43),#15906);
#26=DRAUGHTING_MODEL('Isometric',(#52,#44),#15906);
#27=DRAUGHTING_MODEL('Trimetric',(#53,#45),#15906);
#28=REPRESENTATION_MAP(#9098,#72);
#29=REPRESENTATION_MAP(#9098,#72);
#30=REPRESENTATION_MAP(#9098,#72);
#31=REPRESENTATION_MAP(#9098,#72);
#32=REPRESENTATION_MAP(#9098,#72);
#33=REPRESENTATION_MAP(#9098,#72);
#34=REPRESENTATION_MAP(#9098,#72);
#35=REPRESENTATION_MAP(#9098,#72);
#36=REPRESENTATION_MAP(#9098,#72);
#37=MAPPED_ITEM('',#28,#9098);
#38=MAPPED_ITEM('',#29,#9098);
#39=MAPPED_ITEM('',#30,#9098);
#40=MAPPED_ITEM('',#31,#9098);
#41=MAPPED_ITEM('',#32,#9098);
#42=MAPPED_ITEM('',#33,#9098);
#43=MAPPED_ITEM('',#34,#9098);
#44=MAPPED_ITEM('',#35,#9098);
#45=MAPPED_ITEM('',#36,#9098);
#46=CAMERA_MODEL_D3('Top',#10033,#54);
#47=CAMERA_MODEL_D3('Front',#10035,#55);
#48=CAMERA_MODEL_D3('Right',#10037,#56);
#49=CAMERA_MODEL_D3('Back',#10039,#57);
#50=CAMERA_MODEL_D3('Bottom',#10041,#58);
#51=CAMERA_MODEL_D3('Left',#10043,#59);
#52=CAMERA_MODEL_D3('Isometric',#10045,#60);
#53=CAMERA_MODEL_D3('Trimetric',#10047,#61);
#54=VIEW_VOLUME(.PARALLEL.,#15882,178.655059814453,0.,.F.,0.,.F.,.F.,#62);
#55=VIEW_VOLUME(.PARALLEL.,#15885,96.9789581298828,0.,.F.,0.,.F.,.F.,#63);
#56=VIEW_VOLUME(.PARALLEL.,#15888,113.969604492188,0.,.F.,0.,.F.,.F.,#64);
#57=VIEW_VOLUME(.PARALLEL.,#15891,96.9789581298828,0.,.F.,0.,.F.,.F.,#65);
#58=VIEW_VOLUME(.PARALLEL.,#15894,178.655059814453,0.,.F.,0.,.F.,.F.,#66);
#59=VIEW_VOLUME(.PARALLEL.,#15897,113.969604492188,0.,.F.,0.,.F.,.F.,#67);
#60=VIEW_VOLUME(.PARALLEL.,#15900,180.702168098528,0.,.F.,0.,.F.,.F.,#68);
#61=VIEW_VOLUME(.PARALLEL.,#15903,146.348734894936,0.,.F.,0.,.F.,.F.,#69);
#62=PLANAR_BOX('',89.0874183406695,89.0874183406695,#10034);
#63=PLANAR_BOX('',48.359139797843,48.359139797843,#10036);
#64=PLANAR_BOX('',56.8316276295845,56.8316276295845,#10038);
#65=PLANAR_BOX('',48.359139797843,48.359139797843,#10040);
#66=PLANAR_BOX('',89.0874183406695,89.0874183406695,#10042);
#67=PLANAR_BOX('',56.8316276295845,56.8316276295845,#10044);
#68=PLANAR_BOX('',90.1082211787273,90.1082211787273,#10046);
#69=PLANAR_BOX('',72.9776754308202,72.9776754308202,#10048);
#70=DEGENERATE_TOROIDAL_SURFACE('',#9612,0.42806992979474,0.9,.T.);
#71=SHAPE_REPRESENTATION_RELATIONSHIP('','',#9097,#72);
#72=ADVANCED_BREP_SHAPE_REPRESENTATION('',(#9093,#9094,#9095),#15906);
#73=SPHERICAL_SURFACE('',#9368,1.);
#74=TOROIDAL_SURFACE('',#9310,16.6970346273299,1.);
#75=TOROIDAL_SURFACE('',#9448,2.4281026629497,0.3);
#76=TOROIDAL_SURFACE('',#9451,6.49659834318108,0.5);
#77=TOROIDAL_SURFACE('',#9456,3.68522237434458,0.3);
#78=TOROIDAL_SURFACE('',#9607,3.52806992979474,0.5);
#79=CONICAL_SURFACE('',#9175,15.6970346273299,1.22173047639603);
#80=CONICAL_SURFACE('',#9420,15.6970346273299,0.785398163397447);
#81=CONICAL_SURFACE('',#9619,9.00366019737112,0.785398163397445);
#82=CONICAL_SURFACE('',#10032,17.4,1.50078896961945);
#83=PLANE('',#9116);
#84=PLANE('',#9119);
#85=PLANE('',#9126);
#86=PLANE('',#9135);
#87=PLANE('',#9137);
#88=PLANE('',#9144);
#89=PLANE('',#9146);
#90=PLANE('',#9151);
#91=PLANE('',#9156);
#92=PLANE('',#9159);
#93=PLANE('',#9161);
#94=PLANE('',#9166);
#95=PLANE('',#9170);
#96=PLANE('',#9177);
#97=PLANE('',#9179);
#98=PLANE('',#9183);
#99=PLANE('',#9195);
#100=PLANE('',#9202);
#101=PLANE('',#9206);
#102=PLANE('',#9213);
#103=PLANE('',#9218);
#104=PLANE('',#9219);
#105=PLANE('',#9227);
#106=PLANE('',#9228);
#107=PLANE('',#9236);
#108=PLANE('',#9239);
#109=PLANE('',#9241);
#110=PLANE('',#9243);
#111=PLANE('',#9250);
#112=PLANE('',#9251);
#113=PLANE('',#9253);
#114=PLANE('',#9261);
#115=PLANE('',#9265);
#116=PLANE('',#9266);
#117=PLANE('',#9269);
#118=PLANE('',#9270);
#119=PLANE('',#9274);
#120=PLANE('',#9275);
#121=PLANE('',#9280);
#122=PLANE('',#9281);
#123=PLANE('',#9282);
#124=PLANE('',#9283);
#125=PLANE('',#9285);
#126=PLANE('',#9286);
#127=PLANE('',#9287);
#128=PLANE('',#9288);
#129=PLANE('',#9289);
#130=PLANE('',#9290);
#131=PLANE('',#9291);
#132=PLANE('',#9314);
#133=PLANE('',#9320);
#134=PLANE('',#9324);
#135=PLANE('',#9336);
#136=PLANE('',#9344);
#137=PLANE('',#9350);
#138=PLANE('',#9356);
#139=PLANE('',#9357);
#140=PLANE('',#9359);
#141=PLANE('',#9364);
#142=PLANE('',#9371);
#143=PLANE('',#9373);
#144=PLANE('',#9375);
#145=PLANE('',#9377);
#146=PLANE('',#9378);
#147=PLANE('',#9380);
#148=PLANE('',#9381);
#149=PLANE('',#9382);
#150=PLANE('',#9385);
#151=PLANE('',#9386);
#152=PLANE('',#9391);
#153=PLANE('',#9392);
#154=PLANE('',#9393);
#155=PLANE('',#9394);
#156=PLANE('',#9395);
#157=PLANE('',#9400);
#158=PLANE('',#9405);
#159=PLANE('',#9408);
#160=PLANE('',#9411);
#161=PLANE('',#9412);
#162=PLANE('',#9413);
#163=PLANE('',#9416);
#164=PLANE('',#9417);
#165=PLANE('',#9418);
#166=PLANE('',#9419);
#167=PLANE('',#9427);
#168=PLANE('',#9431);
#169=PLANE('',#9435);
#170=PLANE('',#9436);
#171=PLANE('',#9437);
#172=PLANE('',#9438);
#173=PLANE('',#9439);
#174=PLANE('',#9446);
#175=PLANE('',#9452);
#176=PLANE('',#9457);
#177=PLANE('',#9460);
#178=PLANE('',#9468);
#179=PLANE('',#9470);
#180=PLANE('',#9471);
#181=PLANE('',#9472);
#182=PLANE('',#9473);
#183=PLANE('',#9474);
#184=PLANE('',#9475);
#185=PLANE('',#9476);
#186=PLANE('',#9478);
#187=PLANE('',#9483);
#188=PLANE('',#9489);
#189=PLANE('',#9492);
#190=PLANE('',#9499);
#191=PLANE('',#9507);
#192=PLANE('',#9510);
#193=PLANE('',#9519);
#194=PLANE('',#9520);
#195=PLANE('',#9521);
#196=PLANE('',#9522);
#197=PLANE('',#9523);
#198=PLANE('',#9524);
#199=PLANE('',#9526);
#200=PLANE('',#9527);
#201=PLANE('',#9528);
#202=PLANE('',#9529);
#203=PLANE('',#9530);
#204=PLANE('',#9531);
#205=PLANE('',#9532);
#206=PLANE('',#9533);
#207=PLANE('',#9534);
#208=PLANE('',#9535);
#209=PLANE('',#9536);
#210=PLANE('',#9537);
#211=PLANE('',#9538);
#212=PLANE('',#9539);
#213=PLANE('',#9540);
#214=PLANE('',#9541);
#215=PLANE('',#9542);
#216=PLANE('',#9546);
#217=PLANE('',#9550);
#218=PLANE('',#9557);
#219=PLANE('',#9558);
#220=PLANE('',#9562);
#221=PLANE('',#9563);
#222=PLANE('',#9565);
#223=PLANE('',#9569);
#224=PLANE('',#9572);
#225=PLANE('',#9575);
#226=PLANE('',#9578);
#227=PLANE('',#9579);
#228=PLANE('',#9582);
#229=PLANE('',#9583);
#230=PLANE('',#9584);
#231=PLANE('',#9585);
#232=PLANE('',#9596);
#233=PLANE('',#9598);
#234=PLANE('',#9599);
#235=PLANE('',#9602);
#236=PLANE('',#9608);
#237=PLANE('',#9613);
#238=PLANE('',#9615);
#239=PLANE('',#9677);
#240=PLANE('',#9678);
#241=PLANE('',#9679);
#242=PLANE('',#9683);
#243=PLANE('',#9684);
#244=PLANE('',#9686);
#245=PLANE('',#9687);
#246=PLANE('',#9690);
#247=PLANE('',#9693);
#248=PLANE('',#9696);
#249=PLANE('',#9699);
#250=PLANE('',#9702);
#251=PLANE('',#9705);
#252=PLANE('',#9708);
#253=PLANE('',#9711);
#254=PLANE('',#9714);
#255=PLANE('',#9717);
#256=PLANE('',#9720);
#257=PLANE('',#9723);
#258=PLANE('',#9726);
#259=PLANE('',#9729);
#260=PLANE('',#9732);
#261=PLANE('',#9735);
#262=PLANE('',#9738);
#263=PLANE('',#9741);
#264=PLANE('',#9744);
#265=PLANE('',#9747);
#266=PLANE('',#9811);
#267=PLANE('',#9832);
#268=PLANE('',#9833);
#269=PLANE('',#9836);
#270=PLANE('',#9837);
#271=PLANE('',#9839);
#272=PLANE('',#9841);
#273=PLANE('',#9842);
#274=PLANE('',#9844);
#275=PLANE('',#9846);
#276=PLANE('',#9847);
#277=PLANE('',#9849);
#278=PLANE('',#9851);
#279=PLANE('',#9852);
#280=PLANE('',#9855);
#281=PLANE('',#9856);
#282=PLANE('',#9858);
#283=PLANE('',#9859);
#284=PLANE('',#9862);
#285=PLANE('',#9863);
#286=PLANE('',#9865);
#287=PLANE('',#9866);
#288=PLANE('',#9869);
#289=PLANE('',#9870);
#290=PLANE('',#9872);
#291=PLANE('',#9873);
#292=PLANE('',#9876);
#293=PLANE('',#9877);
#294=PLANE('',#9879);
#295=PLANE('',#9880);
#296=PLANE('',#9883);
#297=PLANE('',#9884);
#298=PLANE('',#9886);
#299=PLANE('',#9887);
#300=PLANE('',#9890);
#301=PLANE('',#9891);
#302=PLANE('',#9893);
#303=PLANE('',#9894);
#304=PLANE('',#9897);
#305=PLANE('',#9898);
#306=PLANE('',#9900);
#307=PLANE('',#9901);
#308=PLANE('',#9904);
#309=PLANE('',#9905);
#310=PLANE('',#9907);
#311=PLANE('',#9908);
#312=PLANE('',#9911);
#313=PLANE('',#9912);
#314=PLANE('',#9914);
#315=PLANE('',#9915);
#316=PLANE('',#9918);
#317=PLANE('',#9919);
#318=PLANE('',#9921);
#319=PLANE('',#9922);
#320=PLANE('',#9925);
#321=PLANE('',#9926);
#322=PLANE('',#9928);
#323=PLANE('',#9929);
#324=PLANE('',#9932);
#325=PLANE('',#9933);
#326=PLANE('',#9935);
#327=PLANE('',#9936);
#328=PLANE('',#9939);
#329=PLANE('',#9940);
#330=PLANE('',#9942);
#331=PLANE('',#9943);
#332=PLANE('',#9946);
#333=PLANE('',#9947);
#334=PLANE('',#9949);
#335=PLANE('',#9950);
#336=PLANE('',#9953);
#337=PLANE('',#9954);
#338=PLANE('',#9956);
#339=PLANE('',#9957);
#340=PLANE('',#9960);
#341=PLANE('',#9961);
#342=PLANE('',#9963);
#343=PLANE('',#9964);
#344=PLANE('',#9967);
#345=PLANE('',#9968);
#346=PLANE('',#9970);
#347=PLANE('',#9971);
#348=PLANE('',#9974);
#349=PLANE('',#9975);
#350=PLANE('',#9976);
#351=PLANE('',#9978);
#352=PLANE('',#9979);
#353=PLANE('',#9981);
#354=PLANE('',#9982);
#355=PLANE('',#9984);
#356=PLANE('',#9985);
#357=PLANE('',#9987);
#358=PLANE('',#9988);
#359=PLANE('',#9990);
#360=PLANE('',#9991);
#361=PLANE('',#9993);
#362=PLANE('',#9994);
#363=PLANE('',#9996);
#364=PLANE('',#9997);
#365=PLANE('',#9999);
#366=PLANE('',#10000);
#367=PLANE('',#10002);
#368=PLANE('',#10003);
#369=PLANE('',#10005);
#370=PLANE('',#10006);
#371=PLANE('',#10008);
#372=PLANE('',#10009);
#373=PLANE('',#10011);
#374=PLANE('',#10012);
#375=PLANE('',#10014);
#376=PLANE('',#10015);
#377=PLANE('',#10017);
#378=PLANE('',#10018);
#379=PLANE('',#10020);
#380=PLANE('',#10021);
#381=PLANE('',#10023);
#382=PLANE('',#10024);
#383=PLANE('',#10026);
#384=PLANE('',#10027);
#385=PLANE('',#10029);
#386=PLANE('',#10030);
#387=CIRCLE('',#9106,36.2414954143435);
#388=CIRCLE('',#9107,36.2414954143435);
#389=CIRCLE('',#9108,36.2414954143435);
#390=CIRCLE('',#9109,36.2414954143435);
#391=CIRCLE('',#9110,36.2414954143435);
#392=CIRCLE('',#9112,14.7);
#393=CIRCLE('',#9113,14.7);
#394=CIRCLE('',#9114,14.7);
#395=CIRCLE('',#9122,14.1302858818908);
#396=CIRCLE('',#9123,14.1302858818908);
#397=CIRCLE('',#9124,14.1302858818908);
#398=CIRCLE('',#9127,7.4);
#399=CIRCLE('',#9128,8.1);
#400=CIRCLE('',#9133,2.7281026629497);
#401=CIRCLE('',#9136,6.49659834318108);
#402=CIRCLE('',#9152,11.0542699031569);
#403=CIRCLE('',#9153,14.6970346273299);
#404=CIRCLE('',#9154,12.0672657320047);
#405=CIRCLE('',#9155,13.8470346273297);
#406=CIRCLE('',#9157,11.0542699031569);
#407=CIRCLE('',#9158,15.6970346273299);
#408=CIRCLE('',#9162,4.09661151143013);
#409=CIRCLE('',#9164,1.);
#410=CIRCLE('',#9165,1.);
#411=CIRCLE('',#9168,0.449999999999998);
#412=CIRCLE('',#9169,0.449999999999998);
#413=CIRCLE('',#9172,1.05);
#414=CIRCLE('',#9173,1.05);
#415=CIRCLE('',#9174,1.05);
#416=CIRCLE('',#9176,15.6970346273299);
#417=CIRCLE('',#9180,1.95);
#418=CIRCLE('',#9181,4.05);
#419=CIRCLE('',#9182,3.6537691672968);
#420=CIRCLE('',#9184,13.8470346273297);
#421=CIRCLE('',#9185,15.6970346273299);
#422=CIRCLE('',#9186,4.09661151143013);
#423=CIRCLE('',#9187,15.6970346273299);
#424=CIRCLE('',#9189,4.09661151143013);
#425=CIRCLE('',#9191,4.09661151143013);
#426=CIRCLE('',#9193,4.09661151143013);
#427=CIRCLE('',#9194,4.09661151143013);
#428=CIRCLE('',#9197,38.2414954143435);
#429=CIRCLE('',#9198,38.2414954143435);
#430=CIRCLE('',#9200,63.9993138382482);
#431=CIRCLE('',#9201,63.9993138382482);
#432=CIRCLE('',#9204,15.6970346273299);
#433=CIRCLE('',#9205,15.6970346273299);
#434=CIRCLE('',#9207,63.9993138382505);
#435=CIRCLE('',#9208,63.9993138382482);
#436=CIRCLE('',#9209,38.241495414339);
#437=CIRCLE('',#9210,38.2414954143435);
#438=CIRCLE('',#9211,11.7700921560002);
#439=CIRCLE('',#9212,61.9993138382482);
#440=CIRCLE('',#9214,13.8470346273297);
#441=CIRCLE('',#9215,15.6970346273299);
#442=CIRCLE('',#9216,15.6970346273299);
#443=CIRCLE('',#9217,15.6970346273299);
#444=CIRCLE('',#9220,3.6537691672968);
#445=CIRCLE('',#9221,3.6537691672968);
#446=CIRCLE('',#9222,3.6537691672968);
#447=CIRCLE('',#9223,4.05);
#448=CIRCLE('',#9224,4.05);
#449=CIRCLE('',#9225,4.05);
#450=CIRCLE('',#9226,1.95);
#451=CIRCLE('',#9230,2.25);
#452=CIRCLE('',#9231,2.25);
#453=CIRCLE('',#9232,2.25);
#454=CIRCLE('',#9233,2.25);
#455=CIRCLE('',#9235,2.25);
#456=CIRCLE('',#9244,1.73217884992219);
#457=CIRCLE('',#9245,15.6970346273299);
#458=CIRCLE('',#9246,1.52731018301313);
#459=CIRCLE('',#9247,0.988326282476447);
#460=CIRCLE('',#9248,2.72731018301312);
#461=CIRCLE('',#9249,16.2162133456242);
#462=CIRCLE('',#9252,16.9662133456242);
#463=CIRCLE('',#9254,16.9662133456242);
#464=CIRCLE('',#9256,16.9662133456242);
#465=CIRCLE('',#9258,16.9662133456242);
#466=CIRCLE('',#9260,16.9662133456242);
#467=CIRCLE('',#9262,2.72731018301312);
#468=CIRCLE('',#9263,0.988326282476447);
#469=CIRCLE('',#9264,1.52731018301313);
#470=CIRCLE('',#9268,0.453136668195001);
#471=CIRCLE('',#9278,16.2162133456242);
#472=CIRCLE('',#9284,1.);
#473=CIRCLE('',#9293,3.30808532556934);
#474=CIRCLE('',#9294,3.30808532556934);
#475=CIRCLE('',#9296,2.5491418454562);
#476=CIRCLE('',#9297,2.5491418454562);
#477=CIRCLE('',#9299,0.499999999999991);
#478=CIRCLE('',#9300,0.499999999999991);
#479=CIRCLE('',#9302,1.5491418454561);
#480=CIRCLE('',#9303,1.5491418454561);
#481=CIRCLE('',#9305,2.30808532556917);
#482=CIRCLE('',#9306,2.30808532556917);
#483=CIRCLE('',#9308,1.90167914280141);
#484=CIRCLE('',#9309,1.90167914280141);
#485=CIRCLE('',#9311,16.6970346273299);
#486=CIRCLE('',#9312,1.);
#487=CIRCLE('',#9313,15.6970346273299);
#488=CIRCLE('',#9315,3.98170918019163);
#489=CIRCLE('',#9316,1.98863957118366);
#490=CIRCLE('',#9317,15.6970346273299);
#491=CIRCLE('',#9319,3.98170918019163);
#492=CIRCLE('',#9321,15.6970346273299);
#493=CIRCLE('',#9322,1.98863957118366);
#494=CIRCLE('',#9327,15.6970346273299);
#495=CIRCLE('',#9328,15.6970346273299);
#496=CIRCLE('',#9329,15.6970346273299);
#497=CIRCLE('',#9330,15.6970346273299);
#498=CIRCLE('',#9331,15.6970346273299);
#499=CIRCLE('',#9333,15.6970346273299);
#500=CIRCLE('',#9334,15.6970346273299);
#501=CIRCLE('',#9335,15.6970346273299);
#502=CIRCLE('',#9339,61.9993138382482);
#503=CIRCLE('',#9341,15.6970346273299);
#504=CIRCLE('',#9343,63.9993138382482);
#505=CIRCLE('',#9348,13.8470346273297);
#506=CIRCLE('',#9353,4.05);
#507=CIRCLE('',#9354,4.05);
#508=CIRCLE('',#9355,4.05);
#509=CIRCLE('',#9362,1.);
#510=CIRCLE('',#9363,1.);
#511=CIRCLE('',#9366,6.75);
#512=CIRCLE('',#9367,6.75);
#513=CIRCLE('',#9369,1.);
#514=CIRCLE('',#9402,11.5);
#515=CIRCLE('',#9404,7.13147684048159);
#516=CIRCLE('',#9407,12.0672657320047);
#517=CIRCLE('',#9410,11.0542699031569);
#518=CIRCLE('',#9414,14.7);
#519=CIRCLE('',#9415,14.1302858818908);
#520=CIRCLE('',#9422,15.6970346273299);
#521=CIRCLE('',#9423,15.6970346273299);
#522=CIRCLE('',#9425,4.7172799099557);
#523=CIRCLE('',#9426,4.7172799099557);
#524=CIRCLE('',#9429,3.41727990995575);
#525=CIRCLE('',#9430,3.41727990995575);
#526=CIRCLE('',#9433,2.40304898806493);
#527=CIRCLE('',#9434,2.40304898806493);
#528=CIRCLE('',#9447,2.4281026629497);
#529=CIRCLE('',#9450,6.99659834318108);
#530=CIRCLE('',#9453,3.68522237434458);
#531=CIRCLE('',#9455,3.98522237434458);
#532=CIRCLE('',#9459,11.7700921560002);
#533=CIRCLE('',#9461,38.2414954143435);
#534=CIRCLE('',#9462,0.3);
#535=CIRCLE('',#9463,3218.73647077454);
#536=CIRCLE('',#9464,36.2414954143435);
#537=CIRCLE('',#9467,0.3);
#538=CIRCLE('',#9469,3218.73647077454);
#539=CIRCLE('',#9477,32.8988414406196);
#540=CIRCLE('',#9479,32.8988414406196);
#541=CIRCLE('',#9480,0.65);
#542=CIRCLE('',#9481,0.65);
#543=CIRCLE('',#9482,0.65);
#544=CIRCLE('',#9484,0.65);
#545=CIRCLE('',#9485,0.65);
#546=CIRCLE('',#9486,0.65);
#547=CIRCLE('',#9487,33.5988414406196);
#548=CIRCLE('',#9488,0.65);
#549=CIRCLE('',#9491,1.5);
#550=CIRCLE('',#9493,0.636539659563265);
#551=CIRCLE('',#9494,32.8988414406196);
#552=CIRCLE('',#9495,0.55);
#553=CIRCLE('',#9496,2.7);
#554=CIRCLE('',#9497,34.8988414406195);
#555=CIRCLE('',#9498,11.6174786042327);
#556=CIRCLE('',#9500,0.55);
#557=CIRCLE('',#9501,3205.36763284519);
#558=CIRCLE('',#9503,11.6174786042327);
#559=CIRCLE('',#9505,34.8988414406195);
#560=CIRCLE('',#9509,0.636539659563265);
#561=CIRCLE('',#9511,32.8988414406196);
#562=CIRCLE('',#9513,32.8988414406196);
#563=CIRCLE('',#9515,0.55);
#564=CIRCLE('',#9525,3218.73647077454);
#565=CIRCLE('',#9543,14.7);
#566=CIRCLE('',#9544,29.3);
#567=CIRCLE('',#9545,14.1302858818908);
#568=CIRCLE('',#9547,29.3);
#569=CIRCLE('',#9549,29.3);
#570=CIRCLE('',#9551,36.2414954143435);
#571=CIRCLE('',#9552,3205.36763284519);
#572=CIRCLE('',#9554,36.2414954143435);
#573=CIRCLE('',#9556,3205.36763284519);
#574=CIRCLE('',#9560,3218.73647077454);
#575=CIRCLE('',#9561,3218.73647077454);
#576=CIRCLE('',#9564,3218.73647077454);
#577=CIRCLE('',#9566,3218.73647077454);
#578=CIRCLE('',#9568,3218.73647077454);
#579=CIRCLE('',#9570,3218.73647077454);
#580=CIRCLE('',#9571,3218.73647077454);
#581=CIRCLE('',#9573,3218.73647077454);
#582=CIRCLE('',#9576,3218.73647077454);
#583=CIRCLE('',#9594,13.6470346273297);
#584=CIRCLE('',#9595,13.6470346273297);
#585=CIRCLE('',#9600,1.32806992979474);
#586=CIRCLE('',#9601,3.52806992979474);
#587=CIRCLE('',#9603,4.02806992979474);
#588=CIRCLE('',#9606,4.02806992979474);
#589=CIRCLE('',#9609,0.42806992979474);
#590=CIRCLE('',#9611,1.32806992979474);
#591=CIRCLE('',#9614,9.00366019737112);
#592=CIRCLE('',#9616,8.00366019737114);
#593=CIRCLE('',#9618,9.00366019737112);
#594=CIRCLE('',#9621,33.8);
#595=CIRCLE('',#9622,33.8);
#596=CIRCLE('',#9624,33.8);
#597=CIRCLE('',#9625,33.8);
#598=CIRCLE('',#9627,33.8);
#599=CIRCLE('',#9628,33.8);
#600=CIRCLE('',#9630,33.8);
#601=CIRCLE('',#9631,33.8);
#602=CIRCLE('',#9633,33.8);
#603=CIRCLE('',#9634,33.8);
#604=CIRCLE('',#9636,33.8);
#605=CIRCLE('',#9637,33.8);
#606=CIRCLE('',#9639,33.8);
#607=CIRCLE('',#9640,33.8);
#608=CIRCLE('',#9642,33.8);
#609=CIRCLE('',#9643,33.8);
#610=CIRCLE('',#9645,33.8);
#611=CIRCLE('',#9646,33.8);
#612=CIRCLE('',#9648,33.8);
#613=CIRCLE('',#9649,33.8);
#614=CIRCLE('',#9651,33.8);
#615=CIRCLE('',#9652,33.8);
#616=CIRCLE('',#9654,33.8);
#617=CIRCLE('',#9655,33.8);
#618=CIRCLE('',#9657,33.8);
#619=CIRCLE('',#9658,33.8);
#620=CIRCLE('',#9660,33.8);
#621=CIRCLE('',#9661,33.8);
#622=CIRCLE('',#9663,33.8);
#623=CIRCLE('',#9664,33.8);
#624=CIRCLE('',#9666,33.8);
#625=CIRCLE('',#9667,33.8);
#626=CIRCLE('',#9669,33.8);
#627=CIRCLE('',#9670,33.8);
#628=CIRCLE('',#9672,33.8);
#629=CIRCLE('',#9673,33.8);
#630=CIRCLE('',#9675,33.8);
#631=CIRCLE('',#9676,33.8);
#632=CIRCLE('',#9681,33.8);
#633=CIRCLE('',#9682,33.8);
#634=CIRCLE('',#9685,17.4);
#635=CIRCLE('',#9688,33.8);
#636=CIRCLE('',#9689,35.8);
#637=CIRCLE('',#9691,33.8);
#638=CIRCLE('',#9692,35.8);
#639=CIRCLE('',#9694,33.8);
#640=CIRCLE('',#9695,35.8);
#641=CIRCLE('',#9697,33.8);
#642=CIRCLE('',#9698,35.8);
#643=CIRCLE('',#9700,33.8);
#644=CIRCLE('',#9701,35.8);
#645=CIRCLE('',#9703,33.8);
#646=CIRCLE('',#9704,35.8);
#647=CIRCLE('',#9706,33.8);
#648=CIRCLE('',#9707,35.8);
#649=CIRCLE('',#9709,33.8);
#650=CIRCLE('',#9710,35.8);
#651=CIRCLE('',#9712,33.8);
#652=CIRCLE('',#9713,35.8);
#653=CIRCLE('',#9715,33.8);
#654=CIRCLE('',#9716,35.8);
#655=CIRCLE('',#9718,33.8);
#656=CIRCLE('',#9719,35.8);
#657=CIRCLE('',#9721,33.8);
#658=CIRCLE('',#9722,35.8);
#659=CIRCLE('',#9724,33.8);
#660=CIRCLE('',#9725,35.8);
#661=CIRCLE('',#9727,33.8);
#662=CIRCLE('',#9728,35.8);
#663=CIRCLE('',#9730,33.8);
#664=CIRCLE('',#9731,35.8);
#665=CIRCLE('',#9733,33.8);
#666=CIRCLE('',#9734,35.8);
#667=CIRCLE('',#9736,33.8);
#668=CIRCLE('',#9737,35.8);
#669=CIRCLE('',#9739,33.8);
#670=CIRCLE('',#9740,35.8);
#671=CIRCLE('',#9742,33.8);
#672=CIRCLE('',#9743,35.8);
#673=CIRCLE('',#9745,33.8);
#674=CIRCLE('',#9746,35.8);
#675=CIRCLE('',#9748,29.3);
#676=CIRCLE('',#9750,29.3);
#677=CIRCLE('',#9752,33.8);
#678=CIRCLE('',#9753,33.8);
#679=CIRCLE('',#9755,33.8);
#680=CIRCLE('',#9756,33.8);
#681=CIRCLE('',#9758,33.8);
#682=CIRCLE('',#9759,33.8);
#683=CIRCLE('',#9761,33.8);
#684=CIRCLE('',#9762,33.8);
#685=CIRCLE('',#9764,33.8);
#686=CIRCLE('',#9765,33.8);
#687=CIRCLE('',#9767,33.8);
#688=CIRCLE('',#9768,33.8);
#689=CIRCLE('',#9770,33.8);
#690=CIRCLE('',#9771,33.8);
#691=CIRCLE('',#9773,33.8);
#692=CIRCLE('',#9774,33.8);
#693=CIRCLE('',#9776,33.8);
#694=CIRCLE('',#9777,33.8);
#695=CIRCLE('',#9779,33.8);
#696=CIRCLE('',#9780,33.8);
#697=CIRCLE('',#9782,33.8);
#698=CIRCLE('',#9783,33.8);
#699=CIRCLE('',#9785,33.8);
#700=CIRCLE('',#9786,33.8);
#701=CIRCLE('',#9788,33.8);
#702=CIRCLE('',#9789,33.8);
#703=CIRCLE('',#9791,33.8);
#704=CIRCLE('',#9792,33.8);
#705=CIRCLE('',#9794,33.8);
#706=CIRCLE('',#9795,33.8);
#707=CIRCLE('',#9797,33.8);
#708=CIRCLE('',#9798,33.8);
#709=CIRCLE('',#9800,33.8);
#710=CIRCLE('',#9801,33.8);
#711=CIRCLE('',#9803,33.8);
#712=CIRCLE('',#9804,33.8);
#713=CIRCLE('',#9806,33.8);
#714=CIRCLE('',#9807,33.8);
#715=CIRCLE('',#9809,33.8);
#716=CIRCLE('',#9810,33.8);
#717=CIRCLE('',#9812,35.8);
#718=CIRCLE('',#9813,35.8);
#719=CIRCLE('',#9814,35.8);
#720=CIRCLE('',#9815,35.8);
#721=CIRCLE('',#9816,35.8);
#722=CIRCLE('',#9817,35.8);
#723=CIRCLE('',#9818,35.8);
#724=CIRCLE('',#9819,35.8);
#725=CIRCLE('',#9820,35.8);
#726=CIRCLE('',#9821,35.8);
#727=CIRCLE('',#9822,35.8);
#728=CIRCLE('',#9823,35.8);
#729=CIRCLE('',#9824,35.8);
#730=CIRCLE('',#9825,35.8);
#731=CIRCLE('',#9826,35.8);
#732=CIRCLE('',#9827,35.8);
#733=CIRCLE('',#9828,35.8);
#734=CIRCLE('',#9829,35.8);
#735=CIRCLE('',#9830,35.8);
#736=CIRCLE('',#9831,35.8);
#737=CIRCLE('',#9835,35.8);
#738=CIRCLE('',#9838,35.8);
#739=CIRCLE('',#9840,35.8);
#740=CIRCLE('',#9845,35.8);
#741=CIRCLE('',#9850,35.8);
#742=CIRCLE('',#9854,35.8);
#743=CIRCLE('',#9857,35.8);
#744=CIRCLE('',#9861,35.8);
#745=CIRCLE('',#9864,35.8);
#746=CIRCLE('',#9868,35.8);
#747=CIRCLE('',#9871,35.8);
#748=CIRCLE('',#9875,35.8);
#749=CIRCLE('',#9878,35.8);
#750=CIRCLE('',#9882,35.8);
#751=CIRCLE('',#9885,35.8);
#752=CIRCLE('',#9889,35.8);
#753=CIRCLE('',#9892,35.8);
#754=CIRCLE('',#9896,35.8);
#755=CIRCLE('',#9899,35.8);
#756=CIRCLE('',#9903,35.8);
#757=CIRCLE('',#9906,35.8);
#758=CIRCLE('',#9910,35.8);
#759=CIRCLE('',#9913,35.8);
#760=CIRCLE('',#9917,35.8);
#761=CIRCLE('',#9920,35.8);
#762=CIRCLE('',#9924,35.8);
#763=CIRCLE('',#9927,35.8);
#764=CIRCLE('',#9931,35.8);
#765=CIRCLE('',#9934,35.8);
#766=CIRCLE('',#9938,35.8);
#767=CIRCLE('',#9941,35.8);
#768=CIRCLE('',#9945,35.8);
#769=CIRCLE('',#9948,35.8);
#770=CIRCLE('',#9952,35.8);
#771=CIRCLE('',#9955,35.8);
#772=CIRCLE('',#9959,35.8);
#773=CIRCLE('',#9962,35.8);
#774=CIRCLE('',#9966,35.8);
#775=CIRCLE('',#9969,35.8);
#776=CIRCLE('',#9973,35.8);
#777=ELLIPSE('',#9100,2.60901630468392,2.45647897473443);
#778=ELLIPSE('',#9101,2.45888208567387,2.45647897473443);
#779=ELLIPSE('',#9102,637.028386111661,2.45647897473443);
#780=ELLIPSE('',#9103,2.45888208567387,2.45647897473443);
#781=ELLIPSE('',#9104,59.8113651104659,2.45647897473443);
#782=ELLIPSE('',#9115,14.7004355270349,14.7);
#783=ELLIPSE('',#9117,75.6420401111044,52.7647000904397);
#784=ELLIPSE('',#9118,948.219351390177,3.65647897473443);
#785=ELLIPSE('',#9120,948.219351390177,3.65647897473443);
#786=ELLIPSE('',#9125,14.856812699987,14.1302858818908);
#787=ELLIPSE('',#9130,52.7879086956251,52.7647000904397);
#788=ELLIPSE('',#9131,1009.97230552948,52.7647000904397);
#789=ELLIPSE('',#9134,2.73579976114029,2.7281026629497);
#790=ELLIPSE('',#9138,3.88353141261769,3.65647897473443);
#791=ELLIPSE('',#9140,2.56715127070124,2.56663470982213);
#792=ELLIPSE('',#9141,2.56715127070124,2.56663470982213);
#793=ELLIPSE('',#9142,2.55618938940725,2.55569835086845);
#794=ELLIPSE('',#9143,2.55618938940725,2.55569835086845);
#795=ELLIPSE('',#9145,11.5003407184286,11.5);
#796=ELLIPSE('',#9148,50.1277689573725,49.9344795188698);
#797=ELLIPSE('',#9149,49.9351434965199,49.9344795188698);
#798=ELLIPSE('',#9150,50.0794994542156,49.9344795188698);
#799=ELLIPSE('',#9160,16.0008605934079,11.9);
#800=ELLIPSE('',#9178,14.3562292605467,11.9);
#801=ELLIPSE('',#9234,2.40402424316338,2.25);
#802=ELLIPSE('',#9238,1.06845521918372,1.);
#803=ELLIPSE('',#9240,2.55024648090883,2.55);
#804=ELLIPSE('',#9242,2.55025154154571,2.55);
#805=ELLIPSE('',#9257,30.5862760840549,16.9662133456242);
#806=ELLIPSE('',#9259,23.0661766717279,16.9662133456242);
#807=ELLIPSE('',#9277,22.0465247227998,16.2162133456242);
#808=ELLIPSE('',#9279,29.2341943557559,16.2162133456242);
#809=ELLIPSE('',#9332,38.8382946484245,15.6970346273299);
#810=ELLIPSE('',#9337,7.4286443727601,7.4);
#811=ELLIPSE('',#9346,34.2609431418861,13.8470346273297);
#812=ELLIPSE('',#9347,34.2609431418861,13.8470346273297);
#813=ELLIPSE('',#9351,16.0008605934078,11.9);
#814=ELLIPSE('',#9358,14.3562292605467,11.9);
#815=ELLIPSE('',#9376,3.24144172312946,1.);
#816=ELLIPSE('',#9396,12.1566253390491,11.0542699031569);
#817=ELLIPSE('',#9397,13.2706392783873,12.0672657320047);
#818=ELLIPSE('',#9399,40.4177699797002,40.4);
#819=ELLIPSE('',#9441,122.945656808222,3.65647897473443);
#820=ELLIPSE('',#9442,3.66005601517093,3.65647897473443);
#821=ELLIPSE('',#9443,122.945656808222,3.65647897473443);
#822=ELLIPSE('',#9444,3.66005601517093,3.65647897473443);
#823=ELLIPSE('',#9445,3.66005601517093,3.65647897473443);
#824=ELLIPSE('',#9597,9.01472193182291,9.00366019737112);
#825=ELLIPSE('',#9605,4.03301874382591,4.02806992979474);
#826=CYLINDRICAL_SURFACE('',#9099,2.45647897473443);
#827=CYLINDRICAL_SURFACE('',#9105,36.2414954143435);
#828=CYLINDRICAL_SURFACE('',#9111,14.7);
#829=CYLINDRICAL_SURFACE('',#9121,14.1302858818908);
#830=CYLINDRICAL_SURFACE('',#9129,52.7647000904397);
#831=CYLINDRICAL_SURFACE('',#9132,2.7281026629497);
#832=CYLINDRICAL_SURFACE('',#9139,46.4344795188698);
#833=CYLINDRICAL_SURFACE('',#9147,49.9344795188698);
#834=CYLINDRICAL_SURFACE('',#9163,1.);
#835=CYLINDRICAL_SURFACE('',#9167,0.449999999999998);
#836=CYLINDRICAL_SURFACE('',#9171,1.05);
#837=CYLINDRICAL_SURFACE('',#9188,4.09661151143013);
#838=CYLINDRICAL_SURFACE('',#9190,4.09661151143013);
#839=CYLINDRICAL_SURFACE('',#9192,4.09661151143013);
#840=CYLINDRICAL_SURFACE('',#9196,38.2414954143435);
#841=CYLINDRICAL_SURFACE('',#9199,63.9993138382484);
#842=CYLINDRICAL_SURFACE('',#9203,15.6970346273299);
#843=CYLINDRICAL_SURFACE('',#9229,2.25);
#844=CYLINDRICAL_SURFACE('',#9237,1.);
#845=CYLINDRICAL_SURFACE('',#9255,16.9662133456242);
#846=CYLINDRICAL_SURFACE('',#9267,0.453136668191892);
#847=CYLINDRICAL_SURFACE('',#9271,1.52731018301313);
#848=CYLINDRICAL_SURFACE('',#9272,0.988326282476447);
#849=CYLINDRICAL_SURFACE('',#9273,2.72731018301312);
#850=CYLINDRICAL_SURFACE('',#9276,16.2162133456242);
#851=CYLINDRICAL_SURFACE('',#9292,3.30808532556934);
#852=CYLINDRICAL_SURFACE('',#9295,2.5491418454562);
#853=CYLINDRICAL_SURFACE('',#9298,0.499999999999991);
#854=CYLINDRICAL_SURFACE('',#9301,1.5491418454561);
#855=CYLINDRICAL_SURFACE('',#9304,2.30808532556917);
#856=CYLINDRICAL_SURFACE('',#9307,1.90167914280141);
#857=CYLINDRICAL_SURFACE('',#9318,3.98170918019163);
#858=CYLINDRICAL_SURFACE('',#9323,1.98863957118366);
#859=CYLINDRICAL_SURFACE('',#9325,3.6537691672968);
#860=CYLINDRICAL_SURFACE('',#9326,15.6970346273299);
#861=CYLINDRICAL_SURFACE('',#9338,61.9993138382482);
#862=CYLINDRICAL_SURFACE('',#9340,15.6970346273299);
#863=CYLINDRICAL_SURFACE('',#9342,63.9993138382482);
#864=CYLINDRICAL_SURFACE('',#9345,13.8470346273297);
#865=CYLINDRICAL_SURFACE('',#9349,1.95);
#866=CYLINDRICAL_SURFACE('',#9352,4.05);
#867=CYLINDRICAL_SURFACE('',#9360,1.73217884992219);
#868=CYLINDRICAL_SURFACE('',#9361,1.);
#869=CYLINDRICAL_SURFACE('',#9365,6.75);
#870=CYLINDRICAL_SURFACE('',#9370,1.);
#871=CYLINDRICAL_SURFACE('',#9372,1.);
#872=CYLINDRICAL_SURFACE('',#9374,1.);
#873=CYLINDRICAL_SURFACE('',#9379,1.);
#874=CYLINDRICAL_SURFACE('',#9383,1.);
#875=CYLINDRICAL_SURFACE('',#9384,2.55);
#876=CYLINDRICAL_SURFACE('',#9387,11.9);
#877=CYLINDRICAL_SURFACE('',#9388,8.1);
#878=CYLINDRICAL_SURFACE('',#9389,7.4);
#879=CYLINDRICAL_SURFACE('',#9390,7.4);
#880=CYLINDRICAL_SURFACE('',#9398,40.4);
#881=CYLINDRICAL_SURFACE('',#9401,11.5);
#882=CYLINDRICAL_SURFACE('',#9403,7.13147684048159);
#883=CYLINDRICAL_SURFACE('',#9406,12.0672657320047);
#884=CYLINDRICAL_SURFACE('',#9409,11.0542699031569);
#885=CYLINDRICAL_SURFACE('',#9421,15.6970346273299);
#886=CYLINDRICAL_SURFACE('',#9424,4.7172799099557);
#887=CYLINDRICAL_SURFACE('',#9428,3.41727990995575);
#888=CYLINDRICAL_SURFACE('',#9432,2.40304898806493);
#889=CYLINDRICAL_SURFACE('',#9440,3.65647897473443);
#890=CYLINDRICAL_SURFACE('',#9449,6.99659834318108);
#891=CYLINDRICAL_SURFACE('',#9454,3.98522237434458);
#892=CYLINDRICAL_SURFACE('',#9458,11.7700921560002);
#893=CYLINDRICAL_SURFACE('',#9465,38.2414954143435);
#894=CYLINDRICAL_SURFACE('',#9466,0.3);
#895=CYLINDRICAL_SURFACE('',#9490,1.5);
#896=CYLINDRICAL_SURFACE('',#9502,11.6174786042327);
#897=CYLINDRICAL_SURFACE('',#9504,34.8988414406195);
#898=CYLINDRICAL_SURFACE('',#9506,2.7);
#899=CYLINDRICAL_SURFACE('',#9508,0.636539659563265);
#900=CYLINDRICAL_SURFACE('',#9512,32.8988414406196);
#901=CYLINDRICAL_SURFACE('',#9514,0.55);
#902=CYLINDRICAL_SURFACE('',#9516,32.8988414406196);
#903=CYLINDRICAL_SURFACE('',#9517,33.5988414406196);
#904=CYLINDRICAL_SURFACE('',#9518,32.8988414406196);
#905=CYLINDRICAL_SURFACE('',#9548,29.3);
#906=CYLINDRICAL_SURFACE('',#9553,36.2414954143435);
#907=CYLINDRICAL_SURFACE('',#9555,3205.36763284519);
#908=CYLINDRICAL_SURFACE('',#9559,3218.73647077454);
#909=CYLINDRICAL_SURFACE('',#9567,3218.73647077454);
#910=CYLINDRICAL_SURFACE('',#9574,3218.73647077454);
#911=CYLINDRICAL_SURFACE('',#9577,3218.73647077454);
#912=CYLINDRICAL_SURFACE('',#9580,14.1302858818908);
#913=CYLINDRICAL_SURFACE('',#9581,14.7);
#914=CYLINDRICAL_SURFACE('',#9586,0.65);
#915=CYLINDRICAL_SURFACE('',#9587,0.65);
#916=CYLINDRICAL_SURFACE('',#9588,0.65);
#917=CYLINDRICAL_SURFACE('',#9589,0.65);
#918=CYLINDRICAL_SURFACE('',#9590,0.65);
#919=CYLINDRICAL_SURFACE('',#9591,0.65);
#920=CYLINDRICAL_SURFACE('',#9592,0.65);
#921=CYLINDRICAL_SURFACE('',#9593,13.6470346273297);
#922=CYLINDRICAL_SURFACE('',#9604,4.02806992979474);
#923=CYLINDRICAL_SURFACE('',#9610,1.32806992979474);
#924=CYLINDRICAL_SURFACE('',#9617,9.00366019737112);
#925=CYLINDRICAL_SURFACE('',#9620,33.8);
#926=CYLINDRICAL_SURFACE('',#9623,33.8);
#927=CYLINDRICAL_SURFACE('',#9626,33.8);
#928=CYLINDRICAL_SURFACE('',#9629,33.8);
#929=CYLINDRICAL_SURFACE('',#9632,33.8);
#930=CYLINDRICAL_SURFACE('',#9635,33.8);
#931=CYLINDRICAL_SURFACE('',#9638,33.8);
#932=CYLINDRICAL_SURFACE('',#9641,33.8);
#933=CYLINDRICAL_SURFACE('',#9644,33.8);
#934=CYLINDRICAL_SURFACE('',#9647,33.8);
#935=CYLINDRICAL_SURFACE('',#9650,33.8);
#936=CYLINDRICAL_SURFACE('',#9653,33.8);
#937=CYLINDRICAL_SURFACE('',#9656,33.8);
#938=CYLINDRICAL_SURFACE('',#9659,33.8);
#939=CYLINDRICAL_SURFACE('',#9662,33.8);
#940=CYLINDRICAL_SURFACE('',#9665,33.8);
#941=CYLINDRICAL_SURFACE('',#9668,33.8);
#942=CYLINDRICAL_SURFACE('',#9671,33.8);
#943=CYLINDRICAL_SURFACE('',#9674,33.8);
#944=CYLINDRICAL_SURFACE('',#9680,33.8);
#945=CYLINDRICAL_SURFACE('',#9749,29.3);
#946=CYLINDRICAL_SURFACE('',#9751,33.8);
#947=CYLINDRICAL_SURFACE('',#9754,33.8);
#948=CYLINDRICAL_SURFACE('',#9757,33.8);
#949=CYLINDRICAL_SURFACE('',#9760,33.8);
#950=CYLINDRICAL_SURFACE('',#9763,33.8);
#951=CYLINDRICAL_SURFACE('',#9766,33.8);
#952=CYLINDRICAL_SURFACE('',#9769,33.8);
#953=CYLINDRICAL_SURFACE('',#9772,33.8);
#954=CYLINDRICAL_SURFACE('',#9775,33.8);
#955=CYLINDRICAL_SURFACE('',#9778,33.8);
#956=CYLINDRICAL_SURFACE('',#9781,33.8);
#957=CYLINDRICAL_SURFACE('',#9784,33.8);
#958=CYLINDRICAL_SURFACE('',#9787,33.8);
#959=CYLINDRICAL_SURFACE('',#9790,33.8);
#960=CYLINDRICAL_SURFACE('',#9793,33.8);
#961=CYLINDRICAL_SURFACE('',#9796,33.8);
#962=CYLINDRICAL_SURFACE('',#9799,33.8);
#963=CYLINDRICAL_SURFACE('',#9802,33.8);
#964=CYLINDRICAL_SURFACE('',#9805,33.8);
#965=CYLINDRICAL_SURFACE('',#9808,33.8);
#966=CYLINDRICAL_SURFACE('',#9834,35.8);
#967=CYLINDRICAL_SURFACE('',#9843,35.8);
#968=CYLINDRICAL_SURFACE('',#9848,35.8);
#969=CYLINDRICAL_SURFACE('',#9853,35.8);
#970=CYLINDRICAL_SURFACE('',#9860,35.8);
#971=CYLINDRICAL_SURFACE('',#9867,35.8);
#972=CYLINDRICAL_SURFACE('',#9874,35.8);
#973=CYLINDRICAL_SURFACE('',#9881,35.8);
#974=CYLINDRICAL_SURFACE('',#9888,35.8);
#975=CYLINDRICAL_SURFACE('',#9895,35.8);
#976=CYLINDRICAL_SURFACE('',#9902,35.8);
#977=CYLINDRICAL_SURFACE('',#9909,35.8);
#978=CYLINDRICAL_SURFACE('',#9916,35.8);
#979=CYLINDRICAL_SURFACE('',#9923,35.8);
#980=CYLINDRICAL_SURFACE('',#9930,35.8);
#981=CYLINDRICAL_SURFACE('',#9937,35.8);
#982=CYLINDRICAL_SURFACE('',#9944,35.8);
#983=CYLINDRICAL_SURFACE('',#9951,35.8);
#984=CYLINDRICAL_SURFACE('',#9958,35.8);
#985=CYLINDRICAL_SURFACE('',#9965,35.8);
#986=CYLINDRICAL_SURFACE('',#9972,35.8);
#987=CYLINDRICAL_SURFACE('',#9977,35.8);
#988=CYLINDRICAL_SURFACE('',#9980,35.8);
#989=CYLINDRICAL_SURFACE('',#9983,35.8);
#990=CYLINDRICAL_SURFACE('',#9986,35.8);
#991=CYLINDRICAL_SURFACE('',#9989,35.8);
#992=CYLINDRICAL_SURFACE('',#9992,35.8);
#993=CYLINDRICAL_SURFACE('',#9995,35.8);
#994=CYLINDRICAL_SURFACE('',#9998,35.8);
#995=CYLINDRICAL_SURFACE('',#10001,35.8);
#996=CYLINDRICAL_SURFACE('',#10004,35.8);
#997=CYLINDRICAL_SURFACE('',#10007,35.8);
#998=CYLINDRICAL_SURFACE('',#10010,35.8);
#999=CYLINDRICAL_SURFACE('',#10013,35.8);
#1000=CYLINDRICAL_SURFACE('',#10016,35.8);
#1001=CYLINDRICAL_SURFACE('',#10019,35.8);
#1002=CYLINDRICAL_SURFACE('',#10022,35.8);
#1003=CYLINDRICAL_SURFACE('',#10025,35.8);
#1004=CYLINDRICAL_SURFACE('',#10028,35.8);
#1005=CYLINDRICAL_SURFACE('',#10031,35.8);
#1006=LINE('',#12875,#1806);
#1007=LINE('',#12946,#1807);
#1008=LINE('',#12951,#1808);
#1009=LINE('',#12955,#1809);
#1010=LINE('',#12961,#1810);
#1011=LINE('',#12968,#1811);
#1012=LINE('',#12972,#1812);
#1013=LINE('',#12976,#1813);
#1014=LINE('',#12990,#1814);
#1015=LINE('',#12992,#1815);
#1016=LINE('',#12995,#1816);
#1017=LINE('',#12997,#1817);
#1018=LINE('',#13002,#1818);
#1019=LINE('',#13005,#1819);
#1020=LINE('',#13007,#1820);
#1021=LINE('',#13009,#1821);
#1022=LINE('',#13013,#1822);
#1023=LINE('',#13018,#1823);
#1024=LINE('',#13022,#1824);
#1025=LINE('',#13032,#1825);
#1026=LINE('',#13034,#1826);
#1027=LINE('',#13037,#1827);
#1028=LINE('',#13039,#1828);
#1029=LINE('',#13041,#1829);
#1030=LINE('',#13042,#1830);
#1031=LINE('',#13045,#1831);
#1032=LINE('',#13047,#1832);
#1033=LINE('',#13051,#1833);
#1034=LINE('',#13055,#1834);
#1035=LINE('',#13057,#1835);
#1036=LINE('',#13058,#1836);
#1037=LINE('',#13064,#1837);
#1038=LINE('',#13107,#1838);
#1039=LINE('',#13111,#1839);
#1040=LINE('',#13258,#1840);
#1041=LINE('',#13260,#1841);
#1042=LINE('',#13262,#1842);
#1043=LINE('',#13266,#1843);
#1044=LINE('',#13283,#1844);
#1045=LINE('',#13327,#1845);
#1046=LINE('',#13331,#1846);
#1047=LINE('',#13336,#1847);
#1048=LINE('',#13337,#1848);
#1049=LINE('',#13340,#1849);
#1050=LINE('',#13345,#1850);
#1051=LINE('',#13347,#1851);
#1052=LINE('',#13349,#1852);
#1053=LINE('',#13351,#1853);
#1054=LINE('',#13353,#1854);
#1055=LINE('',#13357,#1855);
#1056=LINE('',#13359,#1856);
#1057=LINE('',#13364,#1857);
#1058=LINE('',#13368,#1858);
#1059=LINE('',#13371,#1859);
#1060=LINE('',#13372,#1860);
#1061=LINE('',#13374,#1861);
#1062=LINE('',#13380,#1862);
#1063=LINE('',#13383,#1863);
#1064=LINE('',#13384,#1864);
#1065=LINE('',#13386,#1865);
#1066=LINE('',#13394,#1866);
#1067=LINE('',#13415,#1867);
#1068=LINE('',#13478,#1868);
#1069=LINE('',#13481,#1869);
#1070=LINE('',#13483,#1870);
#1071=LINE('',#13485,#1871);
#1072=LINE('',#13487,#1872);
#1073=LINE('',#13489,#1873);
#1074=LINE('',#13491,#1874);
#1075=LINE('',#13495,#1875);
#1076=LINE('',#13501,#1876);
#1077=LINE('',#13508,#1877);
#1078=LINE('',#13512,#1878);
#1079=LINE('',#13516,#1879);
#1080=LINE('',#13520,#1880);
#1081=LINE('',#13524,#1881);
#1082=LINE('',#13529,#1882);
#1083=LINE('',#13530,#1883);
#1084=LINE('',#13534,#1884);
#1085=LINE('',#13538,#1885);
#1086=LINE('',#13540,#1886);
#1087=LINE('',#13545,#1887);
#1088=LINE('',#13549,#1888);
#1089=LINE('',#13555,#1889);
#1090=LINE('',#13557,#1890);
#1091=LINE('',#13559,#1891);
#1092=LINE('',#13561,#1892);
#1093=LINE('',#13563,#1893);
#1094=LINE('',#13569,#1894);
#1095=LINE('',#13581,#1895);
#1096=LINE('',#13586,#1896);
#1097=LINE('',#13593,#1897);
#1098=LINE('',#13595,#1898);
#1099=LINE('',#13596,#1899);
#1100=LINE('',#13604,#1900);
#1101=LINE('',#13610,#1901);
#1102=LINE('',#13614,#1902);
#1103=LINE('',#13617,#1903);
#1104=LINE('',#13621,#1904);
#1105=LINE('',#13625,#1905);
#1106=LINE('',#13629,#1906);
#1107=LINE('',#13633,#1907);
#1108=LINE('',#13634,#1908);
#1109=LINE('',#13649,#1909);
#1110=LINE('',#13653,#1910);
#1111=LINE('',#13656,#1911);
#1112=LINE('',#13658,#1912);
#1113=LINE('',#13660,#1913);
#1114=LINE('',#13666,#1914);
#1115=LINE('',#13668,#1915);
#1116=LINE('',#13670,#1916);
#1117=LINE('',#13672,#1917);
#1118=LINE('',#13675,#1918);
#1119=LINE('',#13677,#1919);
#1120=LINE('',#13679,#1920);
#1121=LINE('',#13681,#1921);
#1122=LINE('',#13683,#1922);
#1123=LINE('',#13689,#1923);
#1124=LINE('',#13691,#1924);
#1125=LINE('',#13699,#1925);
#1126=LINE('',#13701,#1926);
#1127=LINE('',#13705,#1927);
#1128=LINE('',#13707,#1928);
#1129=LINE('',#13708,#1929);
#1130=LINE('',#13710,#1930);
#1131=LINE('',#13714,#1931);
#1132=LINE('',#13716,#1932);
#1133=LINE('',#13720,#1933);
#1134=LINE('',#13722,#1934);
#1135=LINE('',#13724,#1935);
#1136=LINE('',#13728,#1936);
#1137=LINE('',#13750,#1937);
#1138=LINE('',#13754,#1938);
#1139=LINE('',#13756,#1939);
#1140=LINE('',#13759,#1940);
#1141=LINE('',#13761,#1941);
#1142=LINE('',#13769,#1942);
#1143=LINE('',#13770,#1943);
#1144=LINE('',#13771,#1944);
#1145=LINE('',#13772,#1945);
#1146=LINE('',#13773,#1946);
#1147=LINE('',#13779,#1947);
#1148=LINE('',#13780,#1948);
#1149=LINE('',#13782,#1949);
#1150=LINE('',#13784,#1950);
#1151=LINE('',#13786,#1951);
#1152=LINE('',#13788,#1952);
#1153=LINE('',#13790,#1953);
#1154=LINE('',#13792,#1954);
#1155=LINE('',#13795,#1955);
#1156=LINE('',#13797,#1956);
#1157=LINE('',#13798,#1957);
#1158=LINE('',#13799,#1958);
#1159=LINE('',#13822,#1959);
#1160=LINE('',#13825,#1960);
#1161=LINE('',#13829,#1961);
#1162=LINE('',#13831,#1962);
#1163=LINE('',#13835,#1963);
#1164=LINE('',#13838,#1964);
#1165=LINE('',#13843,#1965);
#1166=LINE('',#13847,#1966);
#1167=LINE('',#13853,#1967);
#1168=LINE('',#13859,#1968);
#1169=LINE('',#13865,#1969);
#1170=LINE('',#13871,#1970);
#1171=LINE('',#13877,#1971);
#1172=LINE('',#13902,#1972);
#1173=LINE('',#13910,#1973);
#1174=LINE('',#13912,#1974);
#1175=LINE('',#13915,#1975);
#1176=LINE('',#13916,#1976);
#1177=LINE('',#13917,#1977);
#1178=LINE('',#13923,#1978);
#1179=LINE('',#13933,#1979);
#1180=LINE('',#13939,#1980);
#1181=LINE('',#13947,#1981);
#1182=LINE('',#13962,#1982);
#1183=LINE('',#13963,#1983);
#1184=LINE('',#13967,#1984);
#1185=LINE('',#13968,#1985);
#1186=LINE('',#13969,#1986);
#1187=LINE('',#13973,#1987);
#1188=LINE('',#13977,#1988);
#1189=LINE('',#13980,#1989);
#1190=LINE('',#13982,#1990);
#1191=LINE('',#13984,#1991);
#1192=LINE('',#13990,#1992);
#1193=LINE('',#13992,#1993);
#1194=LINE('',#13996,#1994);
#1195=LINE('',#14029,#1995);
#1196=LINE('',#14031,#1996);
#1197=LINE('',#14034,#1997);
#1198=LINE('',#14039,#1998);
#1199=LINE('',#14042,#1999);
#1200=LINE('',#14044,#2000);
#1201=LINE('',#14047,#2001);
#1202=LINE('',#14054,#2002);
#1203=LINE('',#14056,#2003);
#1204=LINE('',#14058,#2004);
#1205=LINE('',#14062,#2005);
#1206=LINE('',#14068,#2006);
#1207=LINE('',#14070,#2007);
#1208=LINE('',#14072,#2008);
#1209=LINE('',#14074,#2009);
#1210=LINE('',#14077,#2010);
#1211=LINE('',#14079,#2011);
#1212=LINE('',#14081,#2012);
#1213=LINE('',#14085,#2013);
#1214=LINE('',#14087,#2014);
#1215=LINE('',#14089,#2015);
#1216=LINE('',#14091,#2016);
#1217=LINE('',#14093,#2017);
#1218=LINE('',#14095,#2018);
#1219=LINE('',#14097,#2019);
#1220=LINE('',#14099,#2020);
#1221=LINE('',#14100,#2021);
#1222=LINE('',#14102,#2022);
#1223=LINE('',#14104,#2023);
#1224=LINE('',#14106,#2024);
#1225=LINE('',#14111,#2025);
#1226=LINE('',#14112,#2026);
#1227=LINE('',#14114,#2027);
#1228=LINE('',#14115,#2028);
#1229=LINE('',#14125,#2029);
#1230=LINE('',#14129,#2030);
#1231=LINE('',#14133,#2031);
#1232=LINE('',#14137,#2032);
#1233=LINE('',#14139,#2033);
#1234=LINE('',#14141,#2034);
#1235=LINE('',#14145,#2035);
#1236=LINE('',#14149,#2036);
#1237=LINE('',#14151,#2037);
#1238=LINE('',#14158,#2038);
#1239=LINE('',#14159,#2039);
#1240=LINE('',#14161,#2040);
#1241=LINE('',#14168,#2041);
#1242=LINE('',#14171,#2042);
#1243=LINE('',#14173,#2043);
#1244=LINE('',#14174,#2044);
#1245=LINE('',#14176,#2045);
#1246=LINE('',#14178,#2046);
#1247=LINE('',#14180,#2047);
#1248=LINE('',#14182,#2048);
#1249=LINE('',#14184,#2049);
#1250=LINE('',#14188,#2050);
#1251=LINE('',#14199,#2051);
#1252=LINE('',#14206,#2052);
#1253=LINE('',#14210,#2053);
#1254=LINE('',#14212,#2054);
#1255=LINE('',#14214,#2055);
#1256=LINE('',#14216,#2056);
#1257=LINE('',#14220,#2057);
#1258=LINE('',#14224,#2058);
#1259=LINE('',#14226,#2059);
#1260=LINE('',#14228,#2060);
#1261=LINE('',#14233,#2061);
#1262=LINE('',#14235,#2062);
#1263=LINE('',#14238,#2063);
#1264=LINE('',#14263,#2064);
#1265=LINE('',#14265,#2065);
#1266=LINE('',#14267,#2066);
#1267=LINE('',#14271,#2067);
#1268=LINE('',#14275,#2068);
#1269=LINE('',#14284,#2069);
#1270=LINE('',#14289,#2070);
#1271=LINE('',#14290,#2071);
#1272=LINE('',#14292,#2072);
#1273=LINE('',#14294,#2073);
#1274=LINE('',#14296,#2074);
#1275=LINE('',#14298,#2075);
#1276=LINE('',#14301,#2076);
#1277=LINE('',#14302,#2077);
#1278=LINE('',#14304,#2078);
#1279=LINE('',#14307,#2079);
#1280=LINE('',#14308,#2080);
#1281=LINE('',#14310,#2081);
#1282=LINE('',#14312,#2082);
#1283=LINE('',#14314,#2083);
#1284=LINE('',#14316,#2084);
#1285=LINE('',#14319,#2085);
#1286=LINE('',#14320,#2086);
#1287=LINE('',#14325,#2087);
#1288=LINE('',#14327,#2088);
#1289=LINE('',#14329,#2089);
#1290=LINE('',#14336,#2090);
#1291=LINE('',#14340,#2091);
#1292=LINE('',#14344,#2092);
#1293=LINE('',#14349,#2093);
#1294=LINE('',#14353,#2094);
#1295=LINE('',#14361,#2095);
#1296=LINE('',#14364,#2096);
#1297=LINE('',#14366,#2097);
#1298=LINE('',#14368,#2098);
#1299=LINE('',#14370,#2099);
#1300=LINE('',#14374,#2100);
#1301=LINE('',#14383,#2101);
#1302=LINE('',#14391,#2102);
#1303=LINE('',#14398,#2103);
#1304=LINE('',#14400,#2104);
#1305=LINE('',#14404,#2105);
#1306=LINE('',#14406,#2106);
#1307=LINE('',#14409,#2107);
#1308=LINE('',#14411,#2108);
#1309=LINE('',#14412,#2109);
#1310=LINE('',#14414,#2110);
#1311=LINE('',#14418,#2111);
#1312=LINE('',#14420,#2112);
#1313=LINE('',#14422,#2113);
#1314=LINE('',#14424,#2114);
#1315=LINE('',#14425,#2115);
#1316=LINE('',#14429,#2116);
#1317=LINE('',#14431,#2117);
#1318=LINE('',#14433,#2118);
#1319=LINE('',#14435,#2119);
#1320=LINE('',#14437,#2120);
#1321=LINE('',#14439,#2121);
#1322=LINE('',#14441,#2122);
#1323=LINE('',#14443,#2123);
#1324=LINE('',#14447,#2124);
#1325=LINE('',#14451,#2125);
#1326=LINE('',#14452,#2126);
#1327=LINE('',#14454,#2127);
#1328=LINE('',#14455,#2128);
#1329=LINE('',#14457,#2129);
#1330=LINE('',#14458,#2130);
#1331=LINE('',#14460,#2131);
#1332=LINE('',#14462,#2132);
#1333=LINE('',#14464,#2133);
#1334=LINE('',#14466,#2134);
#1335=LINE('',#14469,#2135);
#1336=LINE('',#14471,#2136);
#1337=LINE('',#14472,#2137);
#1338=LINE('',#14474,#2138);
#1339=LINE('',#14476,#2139);
#1340=LINE('',#14478,#2140);
#1341=LINE('',#14480,#2141);
#1342=LINE('',#14483,#2142);
#1343=LINE('',#14485,#2143);
#1344=LINE('',#14486,#2144);
#1345=LINE('',#14487,#2145);
#1346=LINE('',#14489,#2146);
#1347=LINE('',#14492,#2147);
#1348=LINE('',#14494,#2148);
#1349=LINE('',#14496,#2149);
#1350=LINE('',#14498,#2150);
#1351=LINE('',#14501,#2151);
#1352=LINE('',#14503,#2152);
#1353=LINE('',#14505,#2153);
#1354=LINE('',#14507,#2154);
#1355=LINE('',#14509,#2155);
#1356=LINE('',#14510,#2156);
#1357=LINE('',#14512,#2157);
#1358=LINE('',#14513,#2158);
#1359=LINE('',#14515,#2159);
#1360=LINE('',#14516,#2160);
#1361=LINE('',#14518,#2161);
#1362=LINE('',#14519,#2162);
#1363=LINE('',#14521,#2163);
#1364=LINE('',#14523,#2164);
#1365=LINE('',#14524,#2165);
#1366=LINE('',#14525,#2166);
#1367=LINE('',#14527,#2167);
#1368=LINE('',#14528,#2168);
#1369=LINE('',#14530,#2169);
#1370=LINE('',#14532,#2170);
#1371=LINE('',#14534,#2171);
#1372=LINE('',#14535,#2172);
#1373=LINE('',#14538,#2173);
#1374=LINE('',#14540,#2174);
#1375=LINE('',#14542,#2175);
#1376=LINE('',#14544,#2176);
#1377=LINE('',#14546,#2177);
#1378=LINE('',#14548,#2178);
#1379=LINE('',#14551,#2179);
#1380=LINE('',#14553,#2180);
#1381=LINE('',#14558,#2181);
#1382=LINE('',#14562,#2182);
#1383=LINE('',#14571,#2183);
#1384=LINE('',#14575,#2184);
#1385=LINE('',#14577,#2185);
#1386=LINE('',#14579,#2186);
#1387=LINE('',#14583,#2187);
#1388=LINE('',#14587,#2188);
#1389=LINE('',#14589,#2189);
#1390=LINE('',#14611,#2190);
#1391=LINE('',#14612,#2191);
#1392=LINE('',#14615,#2192);
#1393=LINE('',#14618,#2193);
#1394=LINE('',#14620,#2194);
#1395=LINE('',#14622,#2195);
#1396=LINE('',#14637,#2196);
#1397=LINE('',#14648,#2197);
#1398=LINE('',#14674,#2198);
#1399=LINE('',#14679,#2199);
#1400=LINE('',#14683,#2200);
#1401=LINE('',#14688,#2201);
#1402=LINE('',#14692,#2202);
#1403=LINE('',#14697,#2203);
#1404=LINE('',#14701,#2204);
#1405=LINE('',#14706,#2205);
#1406=LINE('',#14710,#2206);
#1407=LINE('',#14715,#2207);
#1408=LINE('',#14719,#2208);
#1409=LINE('',#14724,#2209);
#1410=LINE('',#14728,#2210);
#1411=LINE('',#14733,#2211);
#1412=LINE('',#14737,#2212);
#1413=LINE('',#14742,#2213);
#1414=LINE('',#14746,#2214);
#1415=LINE('',#14751,#2215);
#1416=LINE('',#14755,#2216);
#1417=LINE('',#14760,#2217);
#1418=LINE('',#14764,#2218);
#1419=LINE('',#14769,#2219);
#1420=LINE('',#14773,#2220);
#1421=LINE('',#14778,#2221);
#1422=LINE('',#14782,#2222);
#1423=LINE('',#14787,#2223);
#1424=LINE('',#14791,#2224);
#1425=LINE('',#14796,#2225);
#1426=LINE('',#14800,#2226);
#1427=LINE('',#14805,#2227);
#1428=LINE('',#14809,#2228);
#1429=LINE('',#14814,#2229);
#1430=LINE('',#14818,#2230);
#1431=LINE('',#14823,#2231);
#1432=LINE('',#14827,#2232);
#1433=LINE('',#14832,#2233);
#1434=LINE('',#14836,#2234);
#1435=LINE('',#14841,#2235);
#1436=LINE('',#14845,#2236);
#1437=LINE('',#14848,#2237);
#1438=LINE('',#14850,#2238);
#1439=LINE('',#14857,#2239);
#1440=LINE('',#14859,#2240);
#1441=LINE('',#14866,#2241);
#1442=LINE('',#14868,#2242);
#1443=LINE('',#14875,#2243);
#1444=LINE('',#14880,#2244);
#1445=LINE('',#14884,#2245);
#1446=LINE('',#14895,#2246);
#1447=LINE('',#14899,#2247);
#1448=LINE('',#14902,#2248);
#1449=LINE('',#14906,#2249);
#1450=LINE('',#14909,#2250);
#1451=LINE('',#14913,#2251);
#1452=LINE('',#14916,#2252);
#1453=LINE('',#14920,#2253);
#1454=LINE('',#14923,#2254);
#1455=LINE('',#14927,#2255);
#1456=LINE('',#14930,#2256);
#1457=LINE('',#14934,#2257);
#1458=LINE('',#14937,#2258);
#1459=LINE('',#14941,#2259);
#1460=LINE('',#14944,#2260);
#1461=LINE('',#14948,#2261);
#1462=LINE('',#14951,#2262);
#1463=LINE('',#14955,#2263);
#1464=LINE('',#14958,#2264);
#1465=LINE('',#14962,#2265);
#1466=LINE('',#14965,#2266);
#1467=LINE('',#14969,#2267);
#1468=LINE('',#14972,#2268);
#1469=LINE('',#14976,#2269);
#1470=LINE('',#14979,#2270);
#1471=LINE('',#14983,#2271);
#1472=LINE('',#14986,#2272);
#1473=LINE('',#14990,#2273);
#1474=LINE('',#14993,#2274);
#1475=LINE('',#14997,#2275);
#1476=LINE('',#15000,#2276);
#1477=LINE('',#15004,#2277);
#1478=LINE('',#15007,#2278);
#1479=LINE('',#15011,#2279);
#1480=LINE('',#15014,#2280);
#1481=LINE('',#15018,#2281);
#1482=LINE('',#15021,#2282);
#1483=LINE('',#15025,#2283);
#1484=LINE('',#15028,#2284);
#1485=LINE('',#15032,#2285);
#1486=LINE('',#15040,#2286);
#1487=LINE('',#15045,#2287);
#1488=LINE('',#15049,#2288);
#1489=LINE('',#15054,#2289);
#1490=LINE('',#15058,#2290);
#1491=LINE('',#15063,#2291);
#1492=LINE('',#15067,#2292);
#1493=LINE('',#15072,#2293);
#1494=LINE('',#15076,#2294);
#1495=LINE('',#15081,#2295);
#1496=LINE('',#15085,#2296);
#1497=LINE('',#15090,#2297);
#1498=LINE('',#15094,#2298);
#1499=LINE('',#15099,#2299);
#1500=LINE('',#15103,#2300);
#1501=LINE('',#15108,#2301);
#1502=LINE('',#15112,#2302);
#1503=LINE('',#15117,#2303);
#1504=LINE('',#15121,#2304);
#1505=LINE('',#15126,#2305);
#1506=LINE('',#15130,#2306);
#1507=LINE('',#15135,#2307);
#1508=LINE('',#15139,#2308);
#1509=LINE('',#15144,#2309);
#1510=LINE('',#15148,#2310);
#1511=LINE('',#15153,#2311);
#1512=LINE('',#15157,#2312);
#1513=LINE('',#15162,#2313);
#1514=LINE('',#15166,#2314);
#1515=LINE('',#15171,#2315);
#1516=LINE('',#15175,#2316);
#1517=LINE('',#15180,#2317);
#1518=LINE('',#15184,#2318);
#1519=LINE('',#15189,#2319);
#1520=LINE('',#15193,#2320);
#1521=LINE('',#15198,#2321);
#1522=LINE('',#15202,#2322);
#1523=LINE('',#15207,#2323);
#1524=LINE('',#15211,#2324);
#1525=LINE('',#15216,#2325);
#1526=LINE('',#15220,#2326);
#1527=LINE('',#15224,#2327);
#1528=LINE('',#15225,#2328);
#1529=LINE('',#15229,#2329);
#1530=LINE('',#15230,#2330);
#1531=LINE('',#15234,#2331);
#1532=LINE('',#15235,#2332);
#1533=LINE('',#15239,#2333);
#1534=LINE('',#15240,#2334);
#1535=LINE('',#15244,#2335);
#1536=LINE('',#15245,#2336);
#1537=LINE('',#15249,#2337);
#1538=LINE('',#15250,#2338);
#1539=LINE('',#15254,#2339);
#1540=LINE('',#15255,#2340);
#1541=LINE('',#15259,#2341);
#1542=LINE('',#15260,#2342);
#1543=LINE('',#15264,#2343);
#1544=LINE('',#15265,#2344);
#1545=LINE('',#15269,#2345);
#1546=LINE('',#15270,#2346);
#1547=LINE('',#15274,#2347);
#1548=LINE('',#15275,#2348);
#1549=LINE('',#15279,#2349);
#1550=LINE('',#15280,#2350);
#1551=LINE('',#15284,#2351);
#1552=LINE('',#15285,#2352);
#1553=LINE('',#15289,#2353);
#1554=LINE('',#15290,#2354);
#1555=LINE('',#15294,#2355);
#1556=LINE('',#15295,#2356);
#1557=LINE('',#15299,#2357);
#1558=LINE('',#15300,#2358);
#1559=LINE('',#15304,#2359);
#1560=LINE('',#15305,#2360);
#1561=LINE('',#15309,#2361);
#1562=LINE('',#15310,#2362);
#1563=LINE('',#15314,#2363);
#1564=LINE('',#15315,#2364);
#1565=LINE('',#15319,#2365);
#1566=LINE('',#15321,#2366);
#1567=LINE('',#15324,#2367);
#1568=LINE('',#15325,#2368);
#1569=LINE('',#15327,#2369);
#1570=LINE('',#15329,#2370);
#1571=LINE('',#15331,#2371);
#1572=LINE('',#15335,#2372);
#1573=LINE('',#15336,#2373);
#1574=LINE('',#15338,#2374);
#1575=LINE('',#15342,#2375);
#1576=LINE('',#15344,#2376);
#1577=LINE('',#15346,#2377);
#1578=LINE('',#15348,#2378);
#1579=LINE('',#15352,#2379);
#1580=LINE('',#15354,#2380);
#1581=LINE('',#15355,#2381);
#1582=LINE('',#15357,#2382);
#1583=LINE('',#15360,#2383);
#1584=LINE('',#15362,#2384);
#1585=LINE('',#15366,#2385);
#1586=LINE('',#15368,#2386);
#1587=LINE('',#15369,#2387);
#1588=LINE('',#15371,#2388);
#1589=LINE('',#15374,#2389);
#1590=LINE('',#15378,#2390);
#1591=LINE('',#15380,#2391);
#1592=LINE('',#15382,#2392);
#1593=LINE('',#15385,#2393);
#1594=LINE('',#15386,#2394);
#1595=LINE('',#15388,#2395);
#1596=LINE('',#15390,#2396);
#1597=LINE('',#15394,#2397);
#1598=LINE('',#15395,#2398);
#1599=LINE('',#15397,#2399);
#1600=LINE('',#15401,#2400);
#1601=LINE('',#15403,#2401);
#1602=LINE('',#15405,#2402);
#1603=LINE('',#15408,#2403);
#1604=LINE('',#15409,#2404);
#1605=LINE('',#15411,#2405);
#1606=LINE('',#15413,#2406);
#1607=LINE('',#15417,#2407);
#1608=LINE('',#15418,#2408);
#1609=LINE('',#15420,#2409);
#1610=LINE('',#15424,#2410);
#1611=LINE('',#15426,#2411);
#1612=LINE('',#15428,#2412);
#1613=LINE('',#15431,#2413);
#1614=LINE('',#15432,#2414);
#1615=LINE('',#15434,#2415);
#1616=LINE('',#15436,#2416);
#1617=LINE('',#15440,#2417);
#1618=LINE('',#15441,#2418);
#1619=LINE('',#15443,#2419);
#1620=LINE('',#15447,#2420);
#1621=LINE('',#15449,#2421);
#1622=LINE('',#15451,#2422);
#1623=LINE('',#15454,#2423);
#1624=LINE('',#15455,#2424);
#1625=LINE('',#15457,#2425);
#1626=LINE('',#15459,#2426);
#1627=LINE('',#15463,#2427);
#1628=LINE('',#15464,#2428);
#1629=LINE('',#15466,#2429);
#1630=LINE('',#15470,#2430);
#1631=LINE('',#15472,#2431);
#1632=LINE('',#15474,#2432);
#1633=LINE('',#15477,#2433);
#1634=LINE('',#15478,#2434);
#1635=LINE('',#15480,#2435);
#1636=LINE('',#15482,#2436);
#1637=LINE('',#15486,#2437);
#1638=LINE('',#15487,#2438);
#1639=LINE('',#15489,#2439);
#1640=LINE('',#15493,#2440);
#1641=LINE('',#15495,#2441);
#1642=LINE('',#15497,#2442);
#1643=LINE('',#15500,#2443);
#1644=LINE('',#15501,#2444);
#1645=LINE('',#15503,#2445);
#1646=LINE('',#15505,#2446);
#1647=LINE('',#15509,#2447);
#1648=LINE('',#15510,#2448);
#1649=LINE('',#15512,#2449);
#1650=LINE('',#15516,#2450);
#1651=LINE('',#15518,#2451);
#1652=LINE('',#15520,#2452);
#1653=LINE('',#15523,#2453);
#1654=LINE('',#15524,#2454);
#1655=LINE('',#15526,#2455);
#1656=LINE('',#15528,#2456);
#1657=LINE('',#15532,#2457);
#1658=LINE('',#15533,#2458);
#1659=LINE('',#15535,#2459);
#1660=LINE('',#15539,#2460);
#1661=LINE('',#15541,#2461);
#1662=LINE('',#15543,#2462);
#1663=LINE('',#15546,#2463);
#1664=LINE('',#15547,#2464);
#1665=LINE('',#15549,#2465);
#1666=LINE('',#15551,#2466);
#1667=LINE('',#15555,#2467);
#1668=LINE('',#15556,#2468);
#1669=LINE('',#15558,#2469);
#1670=LINE('',#15562,#2470);
#1671=LINE('',#15564,#2471);
#1672=LINE('',#15566,#2472);
#1673=LINE('',#15569,#2473);
#1674=LINE('',#15570,#2474);
#1675=LINE('',#15572,#2475);
#1676=LINE('',#15574,#2476);
#1677=LINE('',#15578,#2477);
#1678=LINE('',#15579,#2478);
#1679=LINE('',#15581,#2479);
#1680=LINE('',#15585,#2480);
#1681=LINE('',#15587,#2481);
#1682=LINE('',#15589,#2482);
#1683=LINE('',#15592,#2483);
#1684=LINE('',#15593,#2484);
#1685=LINE('',#15595,#2485);
#1686=LINE('',#15597,#2486);
#1687=LINE('',#15601,#2487);
#1688=LINE('',#15602,#2488);
#1689=LINE('',#15604,#2489);
#1690=LINE('',#15608,#2490);
#1691=LINE('',#15610,#2491);
#1692=LINE('',#15612,#2492);
#1693=LINE('',#15615,#2493);
#1694=LINE('',#15616,#2494);
#1695=LINE('',#15618,#2495);
#1696=LINE('',#15620,#2496);
#1697=LINE('',#15624,#2497);
#1698=LINE('',#15625,#2498);
#1699=LINE('',#15627,#2499);
#1700=LINE('',#15631,#2500);
#1701=LINE('',#15633,#2501);
#1702=LINE('',#15635,#2502);
#1703=LINE('',#15638,#2503);
#1704=LINE('',#15639,#2504);
#1705=LINE('',#15641,#2505);
#1706=LINE('',#15643,#2506);
#1707=LINE('',#15647,#2507);
#1708=LINE('',#15648,#2508);
#1709=LINE('',#15650,#2509);
#1710=LINE('',#15654,#2510);
#1711=LINE('',#15656,#2511);
#1712=LINE('',#15658,#2512);
#1713=LINE('',#15661,#2513);
#1714=LINE('',#15662,#2514);
#1715=LINE('',#15664,#2515);
#1716=LINE('',#15666,#2516);
#1717=LINE('',#15670,#2517);
#1718=LINE('',#15671,#2518);
#1719=LINE('',#15673,#2519);
#1720=LINE('',#15677,#2520);
#1721=LINE('',#15679,#2521);
#1722=LINE('',#15681,#2522);
#1723=LINE('',#15684,#2523);
#1724=LINE('',#15685,#2524);
#1725=LINE('',#15687,#2525);
#1726=LINE('',#15689,#2526);
#1727=LINE('',#15693,#2527);
#1728=LINE('',#15694,#2528);
#1729=LINE('',#15696,#2529);
#1730=LINE('',#15700,#2530);
#1731=LINE('',#15702,#2531);
#1732=LINE('',#15704,#2532);
#1733=LINE('',#15707,#2533);
#1734=LINE('',#15708,#2534);
#1735=LINE('',#15710,#2535);
#1736=LINE('',#15712,#2536);
#1737=LINE('',#15716,#2537);
#1738=LINE('',#15717,#2538);
#1739=LINE('',#15719,#2539);
#1740=LINE('',#15723,#2540);
#1741=LINE('',#15725,#2541);
#1742=LINE('',#15727,#2542);
#1743=LINE('',#15730,#2543);
#1744=LINE('',#15731,#2544);
#1745=LINE('',#15733,#2545);
#1746=LINE('',#15735,#2546);
#1747=LINE('',#15739,#2547);
#1748=LINE('',#15740,#2548);
#1749=LINE('',#15742,#2549);
#1750=LINE('',#15746,#2550);
#1751=LINE('',#15748,#2551);
#1752=LINE('',#15750,#2552);
#1753=LINE('',#15753,#2553);
#1754=LINE('',#15754,#2554);
#1755=LINE('',#15756,#2555);
#1756=LINE('',#15758,#2556);
#1757=LINE('',#15762,#2557);
#1758=LINE('',#15763,#2558);
#1759=LINE('',#15765,#2559);
#1760=LINE('',#15769,#2560);
#1761=LINE('',#15771,#2561);
#1762=LINE('',#15773,#2562);
#1763=LINE('',#15775,#2563);
#1764=LINE('',#15777,#2564);
#1765=LINE('',#15779,#2565);
#1766=LINE('',#15783,#2566);
#1767=LINE('',#15784,#2567);
#1768=LINE('',#15786,#2568);
#1769=LINE('',#15788,#2569);
#1770=LINE('',#15791,#2570);
#1771=LINE('',#15793,#2571);
#1772=LINE('',#15796,#2572);
#1773=LINE('',#15798,#2573);
#1774=LINE('',#15801,#2574);
#1775=LINE('',#15803,#2575);
#1776=LINE('',#15806,#2576);
#1777=LINE('',#15808,#2577);
#1778=LINE('',#15811,#2578);
#1779=LINE('',#15813,#2579);
#1780=LINE('',#15816,#2580);
#1781=LINE('',#15818,#2581);
#1782=LINE('',#15821,#2582);
#1783=LINE('',#15823,#2583);
#1784=LINE('',#15826,#2584);
#1785=LINE('',#15828,#2585);
#1786=LINE('',#15831,#2586);
#1787=LINE('',#15833,#2587);
#1788=LINE('',#15836,#2588);
#1789=LINE('',#15838,#2589);
#1790=LINE('',#15841,#2590);
#1791=LINE('',#15843,#2591);
#1792=LINE('',#15846,#2592);
#1793=LINE('',#15848,#2593);
#1794=LINE('',#15851,#2594);
#1795=LINE('',#15853,#2595);
#1796=LINE('',#15856,#2596);
#1797=LINE('',#15858,#2597);
#1798=LINE('',#15861,#2598);
#1799=LINE('',#15863,#2599);
#1800=LINE('',#15866,#2600);
#1801=LINE('',#15868,#2601);
#1802=LINE('',#15871,#2602);
#1803=LINE('',#15873,#2603);
#1804=LINE('',#15876,#2604);
#1805=LINE('',#15878,#2605);
#1806=VECTOR('',#10051,1000.);
#1807=VECTOR('',#10066,1000.);
#1808=VECTOR('',#10069,1000.);
#1809=VECTOR('',#10072,1000.);
#1810=VECTOR('',#10077,1000.);
#1811=VECTOR('',#10084,1000.);
#1812=VECTOR('',#10087,1000.);
#1813=VECTOR('',#10090,1000.);
#1814=VECTOR('',#10093,1000.);
#1815=VECTOR('',#10096,1000.);
#1816=VECTOR('',#10097,1000.);
#1817=VECTOR('',#10098,1000.);
#1818=VECTOR('',#10105,1000.);
#1819=VECTOR('',#10106,1000.);
#1820=VECTOR('',#10107,1000.);
#1821=VECTOR('',#10108,1000.);
#1822=VECTOR('',#10111,1000.);
#1823=VECTOR('',#10116,1000.);
#1824=VECTOR('',#10119,1000.);
#1825=VECTOR('',#10124,1000.);
#1826=VECTOR('',#10127,1000.);
#1827=VECTOR('',#10128,1000.);
#1828=VECTOR('',#10129,1000.);
#1829=VECTOR('',#10130,1000.);
#1830=VECTOR('',#10131,1000.);
#1831=VECTOR('',#10132,1000.);
#1832=VECTOR('',#10133,1000.);
#1833=VECTOR('',#10136,1000.);
#1834=VECTOR('',#10139,1000.);
#1835=VECTOR('',#10142,1000.);
#1836=VECTOR('',#10143,1000.);
#1837=VECTOR('',#10144,1000.);
#1838=VECTOR('',#10157,1000.);
#1839=VECTOR('',#10160,1000.);
#1840=VECTOR('',#10177,1000.);
#1841=VECTOR('',#10178,1000.);
#1842=VECTOR('',#10179,1000.);
#1843=VECTOR('',#10182,1000.);
#1844=VECTOR('',#10191,1000.);
#1845=VECTOR('',#10202,1000.);
#1846=VECTOR('',#10205,1000.);
#1847=VECTOR('',#10210,1000.);
#1848=VECTOR('',#10211,1000.);
#1849=VECTOR('',#10216,1000.);
#1850=VECTOR('',#10219,1000.);
#1851=VECTOR('',#10220,1000.);
#1852=VECTOR('',#10221,1000.);
#1853=VECTOR('',#10222,1000.);
#1854=VECTOR('',#10225,1000.);
#1855=VECTOR('',#10228,1000.);
#1856=VECTOR('',#10231,1000.);
#1857=VECTOR('',#10234,1000.);
#1858=VECTOR('',#10239,1000.);
#1859=VECTOR('',#10240,1000.);
#1860=VECTOR('',#10241,1000.);
#1861=VECTOR('',#10244,1000.);
#1862=VECTOR('',#10251,1000.);
#1863=VECTOR('',#10252,1000.);
#1864=VECTOR('',#10253,1000.);
#1865=VECTOR('',#10256,1000.);
#1866=VECTOR('',#10263,1000.);
#1867=VECTOR('',#10264,1000.);
#1868=VECTOR('',#10271,1000.);
#1869=VECTOR('',#10272,1000.);
#1870=VECTOR('',#10273,1000.);
#1871=VECTOR('',#10274,1000.);
#1872=VECTOR('',#10275,1000.);
#1873=VECTOR('',#10276,1000.);
#1874=VECTOR('',#10277,1000.);
#1875=VECTOR('',#10280,1000.);
#1876=VECTOR('',#10287,1000.);
#1877=VECTOR('',#10294,1000.);
#1878=VECTOR('',#10297,1000.);
#1879=VECTOR('',#10300,1000.);
#1880=VECTOR('',#10303,1000.);
#1881=VECTOR('',#10308,1000.);
#1882=VECTOR('',#10313,1000.);
#1883=VECTOR('',#10314,1000.);
#1884=VECTOR('',#10319,1000.);
#1885=VECTOR('',#10324,1000.);
#1886=VECTOR('',#10325,1000.);
#1887=VECTOR('',#10330,1000.);
#1888=VECTOR('',#10333,1000.);
#1889=VECTOR('',#10340,1000.);
#1890=VECTOR('',#10343,1000.);
#1891=VECTOR('',#10344,1000.);
#1892=VECTOR('',#10345,1000.);
#1893=VECTOR('',#10348,1000.);
#1894=VECTOR('',#10355,1000.);
#1895=VECTOR('',#10370,1000.);
#1896=VECTOR('',#10373,1000.);
#1897=VECTOR('',#10382,1000.);
#1898=VECTOR('',#10383,1000.);
#1899=VECTOR('',#10384,1000.);
#1900=VECTOR('',#10393,1000.);
#1901=VECTOR('',#10400,1000.);
#1902=VECTOR('',#10405,1000.);
#1903=VECTOR('',#10410,1000.);
#1904=VECTOR('',#10413,1000.);
#1905=VECTOR('',#10416,1000.);
#1906=VECTOR('',#10419,1000.);
#1907=VECTOR('',#10422,1000.);
#1908=VECTOR('',#10423,1000.);
#1909=VECTOR('',#10426,1000.);
#1910=VECTOR('',#10431,1000.);
#1911=VECTOR('',#10432,1000.);
#1912=VECTOR('',#10433,1000.);
#1913=VECTOR('',#10434,1000.);
#1914=VECTOR('',#10443,1000.);
#1915=VECTOR('',#10444,1000.);
#1916=VECTOR('',#10445,1000.);
#1917=VECTOR('',#10446,1000.);
#1918=VECTOR('',#10451,1000.);
#1919=VECTOR('',#10452,1000.);
#1920=VECTOR('',#10453,1000.);
#1921=VECTOR('',#10454,1000.);
#1922=VECTOR('',#10457,1000.);
#1923=VECTOR('',#10462,1000.);
#1924=VECTOR('',#10463,1000.);
#1925=VECTOR('',#10470,1000.);
#1926=VECTOR('',#10471,1000.);
#1927=VECTOR('',#10474,1000.);
#1928=VECTOR('',#10477,1000.);
#1929=VECTOR('',#10478,1000.);
#1930=VECTOR('',#10481,1000.);
#1931=VECTOR('',#10484,1000.);
#1932=VECTOR('',#10487,1000.);
#1933=VECTOR('',#10490,1000.);
#1934=VECTOR('',#10491,1000.);
#1935=VECTOR('',#10494,1000.);
#1936=VECTOR('',#10497,1000.);
#1937=VECTOR('',#10504,1000.);
#1938=VECTOR('',#10507,1000.);
#1939=VECTOR('',#10510,1000.);
#1940=VECTOR('',#10511,1000.);
#1941=VECTOR('',#10512,1000.);
#1942=VECTOR('',#10521,1000.);
#1943=VECTOR('',#10522,1000.);
#1944=VECTOR('',#10523,1000.);
#1945=VECTOR('',#10524,1000.);
#1946=VECTOR('',#10525,1000.);
#1947=VECTOR('',#10532,1000.);
#1948=VECTOR('',#10533,1000.);
#1949=VECTOR('',#10534,1000.);
#1950=VECTOR('',#10537,1000.);
#1951=VECTOR('',#10540,1000.);
#1952=VECTOR('',#10543,1000.);
#1953=VECTOR('',#10546,1000.);
#1954=VECTOR('',#10549,1000.);
#1955=VECTOR('',#10554,1000.);
#1956=VECTOR('',#10555,1000.);
#1957=VECTOR('',#10556,1000.);
#1958=VECTOR('',#10557,1000.);
#1959=VECTOR('',#10568,1000.);
#1960=VECTOR('',#10573,1000.);
#1961=VECTOR('',#10580,1000.);
#1962=VECTOR('',#10583,1000.);
#1963=VECTOR('',#10590,1000.);
#1964=VECTOR('',#10595,1000.);
#1965=VECTOR('',#10600,1000.);
#1966=VECTOR('',#10603,1000.);
#1967=VECTOR('',#10610,1000.);
#1968=VECTOR('',#10617,1000.);
#1969=VECTOR('',#10624,1000.);
#1970=VECTOR('',#10631,1000.);
#1971=VECTOR('',#10638,1000.);
#1972=VECTOR('',#10657,1000.);
#1973=VECTOR('',#10668,1000.);
#1974=VECTOR('',#10671,1000.);
#1975=VECTOR('',#10672,1000.);
#1976=VECTOR('',#10673,1000.);
#1977=VECTOR('',#10674,1000.);
#1978=VECTOR('',#10681,1000.);
#1979=VECTOR('',#10686,1000.);
#1980=VECTOR('',#10687,1000.);
#1981=VECTOR('',#10690,1000.);
#1982=VECTOR('',#10695,1000.);
#1983=VECTOR('',#10696,1000.);
#1984=VECTOR('',#10699,1000.);
#1985=VECTOR('',#10700,1000.);
#1986=VECTOR('',#10701,1000.);
#1987=VECTOR('',#10704,1000.);
#1988=VECTOR('',#10707,1000.);
#1989=VECTOR('',#10712,1000.);
#1990=VECTOR('',#10713,1000.);
#1991=VECTOR('',#10714,1000.);
#1992=VECTOR('',#10723,1000.);
#1993=VECTOR('',#10726,1000.);
#1994=VECTOR('',#10731,1000.);
#1995=VECTOR('',#10744,1000.);
#1996=VECTOR('',#10745,1000.);
#1997=VECTOR('',#10750,1000.);
#1998=VECTOR('',#10755,1000.);
#1999=VECTOR('',#10760,1000.);
#2000=VECTOR('',#10763,1000.);
#2001=VECTOR('',#10768,1000.);
#2002=VECTOR('',#10777,1000.);
#2003=VECTOR('',#10780,1000.);
#2004=VECTOR('',#10781,1000.);
#2005=VECTOR('',#10786,1000.);
#2006=VECTOR('',#10795,1000.);
#2007=VECTOR('',#10798,1000.);
#2008=VECTOR('',#10801,1000.);
#2009=VECTOR('',#10804,1000.);
#2010=VECTOR('',#10809,1000.);
#2011=VECTOR('',#10810,1000.);
#2012=VECTOR('',#10811,1000.);
#2013=VECTOR('',#10814,1000.);
#2014=VECTOR('',#10817,1000.);
#2015=VECTOR('',#10818,1000.);
#2016=VECTOR('',#10819,1000.);
#2017=VECTOR('',#10822,1000.);
#2018=VECTOR('',#10823,1000.);
#2019=VECTOR('',#10824,1000.);
#2020=VECTOR('',#10827,1000.);
#2021=VECTOR('',#10828,1000.);
#2022=VECTOR('',#10831,1000.);
#2023=VECTOR('',#10832,1000.);
#2024=VECTOR('',#10835,1000.);
#2025=VECTOR('',#10844,1000.);
#2026=VECTOR('',#10845,1000.);
#2027=VECTOR('',#10848,1000.);
#2028=VECTOR('',#10849,1000.);
#2029=VECTOR('',#10868,1000.);
#2030=VECTOR('',#10871,1000.);
#2031=VECTOR('',#10874,1000.);
#2032=VECTOR('',#10881,1000.);
#2033=VECTOR('',#10882,1000.);
#2034=VECTOR('',#10885,1000.);
#2035=VECTOR('',#10888,1000.);
#2036=VECTOR('',#10895,1000.);
#2037=VECTOR('',#10898,1000.);
#2038=VECTOR('',#10903,1000.);
#2039=VECTOR('',#10904,1000.);
#2040=VECTOR('',#10907,1000.);
#2041=VECTOR('',#10912,1000.);
#2042=VECTOR('',#10913,1000.);
#2043=VECTOR('',#10914,1000.);
#2044=VECTOR('',#10915,1000.);
#2045=VECTOR('',#10916,1000.);
#2046=VECTOR('',#10917,1000.);
#2047=VECTOR('',#10918,1000.);
#2048=VECTOR('',#10921,1000.);
#2049=VECTOR('',#10924,1000.);
#2050=VECTOR('',#10927,1000.);
#2051=VECTOR('',#10944,1000.);
#2052=VECTOR('',#10951,1000.);
#2053=VECTOR('',#10954,1000.);
#2054=VECTOR('',#10957,1000.);
#2055=VECTOR('',#10958,1000.);
#2056=VECTOR('',#10959,1000.);
#2057=VECTOR('',#10964,1000.);
#2058=VECTOR('',#10969,1000.);
#2059=VECTOR('',#10970,1000.);
#2060=VECTOR('',#10971,1000.);
#2061=VECTOR('',#10980,1000.);
#2062=VECTOR('',#10983,1000.);
#2063=VECTOR('',#10988,1000.);
#2064=VECTOR('',#11027,1000.);
#2065=VECTOR('',#11028,1000.);
#2066=VECTOR('',#11031,1000.);
#2067=VECTOR('',#11034,1000.);
#2068=VECTOR('',#11041,1000.);
#2069=VECTOR('',#11052,1000.);
#2070=VECTOR('',#11057,1000.);
#2071=VECTOR('',#11058,1000.);
#2072=VECTOR('',#11061,1000.);
#2073=VECTOR('',#11064,1000.);
#2074=VECTOR('',#11065,1000.);
#2075=VECTOR('',#11068,1000.);
#2076=VECTOR('',#11069,1000.);
#2077=VECTOR('',#11070,1000.);
#2078=VECTOR('',#11073,1000.);
#2079=VECTOR('',#11074,1000.);
#2080=VECTOR('',#11075,1000.);
#2081=VECTOR('',#11078,1000.);
#2082=VECTOR('',#11079,1000.);
#2083=VECTOR('',#11080,1000.);
#2084=VECTOR('',#11083,1000.);
#2085=VECTOR('',#11084,1000.);
#2086=VECTOR('',#11085,1000.);
#2087=VECTOR('',#11090,1000.);
#2088=VECTOR('',#11091,1000.);
#2089=VECTOR('',#11092,1000.);
#2090=VECTOR('',#11099,1000.);
#2091=VECTOR('',#11102,1000.);
#2092=VECTOR('',#11107,1000.);
#2093=VECTOR('',#11110,1000.);
#2094=VECTOR('',#11113,1000.);
#2095=VECTOR('',#11122,1000.);
#2096=VECTOR('',#11123,1000.);
#2097=VECTOR('',#11124,1000.);
#2098=VECTOR('',#11125,1000.);
#2099=VECTOR('',#11128,1000.);
#2100=VECTOR('',#11131,1000.);
#2101=VECTOR('',#11140,1000.);
#2102=VECTOR('',#11147,1000.);
#2103=VECTOR('',#11154,1000.);
#2104=VECTOR('',#11157,1000.);
#2105=VECTOR('',#11160,1000.);
#2106=VECTOR('',#11163,1000.);
#2107=VECTOR('',#11168,1000.);
#2108=VECTOR('',#11171,1000.);
#2109=VECTOR('',#11172,1000.);
#2110=VECTOR('',#11175,1000.);
#2111=VECTOR('',#11178,1000.);
#2112=VECTOR('',#11181,1000.);
#2113=VECTOR('',#11182,1000.);
#2114=VECTOR('',#11183,1000.);
#2115=VECTOR('',#11184,1000.);
#2116=VECTOR('',#11187,1000.);
#2117=VECTOR('',#11188,1000.);
#2118=VECTOR('',#11189,1000.);
#2119=VECTOR('',#11190,1000.);
#2120=VECTOR('',#11191,1000.);
#2121=VECTOR('',#11192,1000.);
#2122=VECTOR('',#11193,1000.);
#2123=VECTOR('',#11194,1000.);
#2124=VECTOR('',#11199,1000.);
#2125=VECTOR('',#11206,1000.);
#2126=VECTOR('',#11207,1000.);
#2127=VECTOR('',#11210,1000.);
#2128=VECTOR('',#11211,1000.);
#2129=VECTOR('',#11214,1000.);
#2130=VECTOR('',#11215,1000.);
#2131=VECTOR('',#11218,1000.);
#2132=VECTOR('',#11219,1000.);
#2133=VECTOR('',#11220,1000.);
#2134=VECTOR('',#11223,1000.);
#2135=VECTOR('',#11224,1000.);
#2136=VECTOR('',#11225,1000.);
#2137=VECTOR('',#11226,1000.);
#2138=VECTOR('',#11227,1000.);
#2139=VECTOR('',#11228,1000.);
#2140=VECTOR('',#11229,1000.);
#2141=VECTOR('',#11232,1000.);
#2142=VECTOR('',#11233,1000.);
#2143=VECTOR('',#11234,1000.);
#2144=VECTOR('',#11235,1000.);
#2145=VECTOR('',#11236,1000.);
#2146=VECTOR('',#11239,1000.);
#2147=VECTOR('',#11240,1000.);
#2148=VECTOR('',#11241,1000.);
#2149=VECTOR('',#11242,1000.);
#2150=VECTOR('',#11245,1000.);
#2151=VECTOR('',#11246,1000.);
#2152=VECTOR('',#11247,1000.);
#2153=VECTOR('',#11248,1000.);
#2154=VECTOR('',#11251,1000.);
#2155=VECTOR('',#11254,1000.);
#2156=VECTOR('',#11255,1000.);
#2157=VECTOR('',#11258,1000.);
#2158=VECTOR('',#11259,1000.);
#2159=VECTOR('',#11262,1000.);
#2160=VECTOR('',#11263,1000.);
#2161=VECTOR('',#11266,1000.);
#2162=VECTOR('',#11267,1000.);
#2163=VECTOR('',#11270,1000.);
#2164=VECTOR('',#11273,1000.);
#2165=VECTOR('',#11274,1000.);
#2166=VECTOR('',#11275,1000.);
#2167=VECTOR('',#11278,1000.);
#2168=VECTOR('',#11279,1000.);
#2169=VECTOR('',#11282,1000.);
#2170=VECTOR('',#11285,1000.);
#2171=VECTOR('',#11288,1000.);
#2172=VECTOR('',#11289,1000.);
#2173=VECTOR('',#11294,1000.);
#2174=VECTOR('',#11295,1000.);
#2175=VECTOR('',#11298,1000.);
#2176=VECTOR('',#11299,1000.);
#2177=VECTOR('',#11302,1000.);
#2178=VECTOR('',#11305,1000.);
#2179=VECTOR('',#11310,1000.);
#2180=VECTOR('',#11313,1000.);
#2181=VECTOR('',#11316,1000.);
#2182=VECTOR('',#11319,1000.);
#2183=VECTOR('',#11332,1000.);
#2184=VECTOR('',#11337,1000.);
#2185=VECTOR('',#11338,1000.);
#2186=VECTOR('',#11341,1000.);
#2187=VECTOR('',#11344,1000.);
#2188=VECTOR('',#11351,1000.);
#2189=VECTOR('',#11354,1000.);
#2190=VECTOR('',#11397,1000.);
#2191=VECTOR('',#11398,1000.);
#2192=VECTOR('',#11403,1000.);
#2193=VECTOR('',#11408,1000.);
#2194=VECTOR('',#11409,1000.);
#2195=VECTOR('',#11412,1000.);
#2196=VECTOR('',#11437,1000.);
#2197=VECTOR('',#11450,1000.);
#2198=VECTOR('',#11487,1000.);
#2199=VECTOR('',#11490,1000.);
#2200=VECTOR('',#11495,1000.);
#2201=VECTOR('',#11498,1000.);
#2202=VECTOR('',#11503,1000.);
#2203=VECTOR('',#11506,1000.);
#2204=VECTOR('',#11511,1000.);
#2205=VECTOR('',#11514,1000.);
#2206=VECTOR('',#11519,1000.);
#2207=VECTOR('',#11522,1000.);
#2208=VECTOR('',#11527,1000.);
#2209=VECTOR('',#11530,1000.);
#2210=VECTOR('',#11535,1000.);
#2211=VECTOR('',#11538,1000.);
#2212=VECTOR('',#11543,1000.);
#2213=VECTOR('',#11546,1000.);
#2214=VECTOR('',#11551,1000.);
#2215=VECTOR('',#11554,1000.);
#2216=VECTOR('',#11559,1000.);
#2217=VECTOR('',#11562,1000.);
#2218=VECTOR('',#11567,1000.);
#2219=VECTOR('',#11570,1000.);
#2220=VECTOR('',#11575,1000.);
#2221=VECTOR('',#11578,1000.);
#2222=VECTOR('',#11583,1000.);
#2223=VECTOR('',#11586,1000.);
#2224=VECTOR('',#11591,1000.);
#2225=VECTOR('',#11594,1000.);
#2226=VECTOR('',#11599,1000.);
#2227=VECTOR('',#11602,1000.);
#2228=VECTOR('',#11607,1000.);
#2229=VECTOR('',#11610,1000.);
#2230=VECTOR('',#11615,1000.);
#2231=VECTOR('',#11618,1000.);
#2232=VECTOR('',#11623,1000.);
#2233=VECTOR('',#11626,1000.);
#2234=VECTOR('',#11631,1000.);
#2235=VECTOR('',#11634,1000.);
#2236=VECTOR('',#11639,1000.);
#2237=VECTOR('',#11640,1000.);
#2238=VECTOR('',#11641,1000.);
#2239=VECTOR('',#11644,1000.);
#2240=VECTOR('',#11645,1000.);
#2241=VECTOR('',#11648,1000.);
#2242=VECTOR('',#11649,1000.);
#2243=VECTOR('',#11652,1000.);
#2244=VECTOR('',#11655,1000.);
#2245=VECTOR('',#11660,1000.);
#2246=VECTOR('',#11671,1000.);
#2247=VECTOR('',#11674,1000.);
#2248=VECTOR('',#11679,1000.);
#2249=VECTOR('',#11682,1000.);
#2250=VECTOR('',#11687,1000.);
#2251=VECTOR('',#11690,1000.);
#2252=VECTOR('',#11695,1000.);
#2253=VECTOR('',#11698,1000.);
#2254=VECTOR('',#11703,1000.);
#2255=VECTOR('',#11706,1000.);
#2256=VECTOR('',#11711,1000.);
#2257=VECTOR('',#11714,1000.);
#2258=VECTOR('',#11719,1000.);
#2259=VECTOR('',#11722,1000.);
#2260=VECTOR('',#11727,1000.);
#2261=VECTOR('',#11730,1000.);
#2262=VECTOR('',#11735,1000.);
#2263=VECTOR('',#11738,1000.);
#2264=VECTOR('',#11743,1000.);
#2265=VECTOR('',#11746,1000.);
#2266=VECTOR('',#11751,1000.);
#2267=VECTOR('',#11754,1000.);
#2268=VECTOR('',#11759,1000.);
#2269=VECTOR('',#11762,1000.);
#2270=VECTOR('',#11767,1000.);
#2271=VECTOR('',#11770,1000.);
#2272=VECTOR('',#11775,1000.);
#2273=VECTOR('',#11778,1000.);
#2274=VECTOR('',#11783,1000.);
#2275=VECTOR('',#11786,1000.);
#2276=VECTOR('',#11791,1000.);
#2277=VECTOR('',#11794,1000.);
#2278=VECTOR('',#11799,1000.);
#2279=VECTOR('',#11802,1000.);
#2280=VECTOR('',#11807,1000.);
#2281=VECTOR('',#11810,1000.);
#2282=VECTOR('',#11815,1000.);
#2283=VECTOR('',#11818,1000.);
#2284=VECTOR('',#11823,1000.);
#2285=VECTOR('',#11826,1000.);
#2286=VECTOR('',#11837,1000.);
#2287=VECTOR('',#11840,1000.);
#2288=VECTOR('',#11845,1000.);
#2289=VECTOR('',#11848,1000.);
#2290=VECTOR('',#11853,1000.);
#2291=VECTOR('',#11856,1000.);
#2292=VECTOR('',#11861,1000.);
#2293=VECTOR('',#11864,1000.);
#2294=VECTOR('',#11869,1000.);
#2295=VECTOR('',#11872,1000.);
#2296=VECTOR('',#11877,1000.);
#2297=VECTOR('',#11880,1000.);
#2298=VECTOR('',#11885,1000.);
#2299=VECTOR('',#11888,1000.);
#2300=VECTOR('',#11893,1000.);
#2301=VECTOR('',#11896,1000.);
#2302=VECTOR('',#11901,1000.);
#2303=VECTOR('',#11904,1000.);
#2304=VECTOR('',#11909,1000.);
#2305=VECTOR('',#11912,1000.);
#2306=VECTOR('',#11917,1000.);
#2307=VECTOR('',#11920,1000.);
#2308=VECTOR('',#11925,1000.);
#2309=VECTOR('',#11928,1000.);
#2310=VECTOR('',#11933,1000.);
#2311=VECTOR('',#11936,1000.);
#2312=VECTOR('',#11941,1000.);
#2313=VECTOR('',#11944,1000.);
#2314=VECTOR('',#11949,1000.);
#2315=VECTOR('',#11952,1000.);
#2316=VECTOR('',#11957,1000.);
#2317=VECTOR('',#11960,1000.);
#2318=VECTOR('',#11965,1000.);
#2319=VECTOR('',#11968,1000.);
#2320=VECTOR('',#11973,1000.);
#2321=VECTOR('',#11976,1000.);
#2322=VECTOR('',#11981,1000.);
#2323=VECTOR('',#11984,1000.);
#2324=VECTOR('',#11989,1000.);
#2325=VECTOR('',#11992,1000.);
#2326=VECTOR('',#11997,1000.);
#2327=VECTOR('',#12000,1000.);
#2328=VECTOR('',#12001,1000.);
#2329=VECTOR('',#12004,1000.);
#2330=VECTOR('',#12005,1000.);
#2331=VECTOR('',#12008,1000.);
#2332=VECTOR('',#12009,1000.);
#2333=VECTOR('',#12012,1000.);
#2334=VECTOR('',#12013,1000.);
#2335=VECTOR('',#12016,1000.);
#2336=VECTOR('',#12017,1000.);
#2337=VECTOR('',#12020,1000.);
#2338=VECTOR('',#12021,1000.);
#2339=VECTOR('',#12024,1000.);
#2340=VECTOR('',#12025,1000.);
#2341=VECTOR('',#12028,1000.);
#2342=VECTOR('',#12029,1000.);
#2343=VECTOR('',#12032,1000.);
#2344=VECTOR('',#12033,1000.);
#2345=VECTOR('',#12036,1000.);
#2346=VECTOR('',#12037,1000.);
#2347=VECTOR('',#12040,1000.);
#2348=VECTOR('',#12041,1000.);
#2349=VECTOR('',#12044,1000.);
#2350=VECTOR('',#12045,1000.);
#2351=VECTOR('',#12048,1000.);
#2352=VECTOR('',#12049,1000.);
#2353=VECTOR('',#12052,1000.);
#2354=VECTOR('',#12053,1000.);
#2355=VECTOR('',#12056,1000.);
#2356=VECTOR('',#12057,1000.);
#2357=VECTOR('',#12060,1000.);
#2358=VECTOR('',#12061,1000.);
#2359=VECTOR('',#12064,1000.);
#2360=VECTOR('',#12065,1000.);
#2361=VECTOR('',#12068,1000.);
#2362=VECTOR('',#12069,1000.);
#2363=VECTOR('',#12072,1000.);
#2364=VECTOR('',#12073,1000.);
#2365=VECTOR('',#12076,1000.);
#2366=VECTOR('',#12079,1000.);
#2367=VECTOR('',#12080,1000.);
#2368=VECTOR('',#12081,1000.);
#2369=VECTOR('',#12084,1000.);
#2370=VECTOR('',#12085,1000.);
#2371=VECTOR('',#12086,1000.);
#2372=VECTOR('',#12093,1000.);
#2373=VECTOR('',#12094,1000.);
#2374=VECTOR('',#12097,1000.);
#2375=VECTOR('',#12100,1000.);
#2376=VECTOR('',#12101,1000.);
#2377=VECTOR('',#12104,1000.);
#2378=VECTOR('',#12105,1000.);
#2379=VECTOR('',#12108,1000.);
#2380=VECTOR('',#12111,1000.);
#2381=VECTOR('',#12112,1000.);
#2382=VECTOR('',#12115,1000.);
#2383=VECTOR('',#12120,1000.);
#2384=VECTOR('',#12121,1000.);
#2385=VECTOR('',#12124,1000.);
#2386=VECTOR('',#12127,1000.);
#2387=VECTOR('',#12128,1000.);
#2388=VECTOR('',#12131,1000.);
#2389=VECTOR('',#12136,1000.);
#2390=VECTOR('',#12139,1000.);
#2391=VECTOR('',#12140,1000.);
#2392=VECTOR('',#12143,1000.);
#2393=VECTOR('',#12144,1000.);
#2394=VECTOR('',#12145,1000.);
#2395=VECTOR('',#12148,1000.);
#2396=VECTOR('',#12149,1000.);
#2397=VECTOR('',#12156,1000.);
#2398=VECTOR('',#12157,1000.);
#2399=VECTOR('',#12160,1000.);
#2400=VECTOR('',#12163,1000.);
#2401=VECTOR('',#12164,1000.);
#2402=VECTOR('',#12167,1000.);
#2403=VECTOR('',#12168,1000.);
#2404=VECTOR('',#12169,1000.);
#2405=VECTOR('',#12172,1000.);
#2406=VECTOR('',#12173,1000.);
#2407=VECTOR('',#12180,1000.);
#2408=VECTOR('',#12181,1000.);
#2409=VECTOR('',#12184,1000.);
#2410=VECTOR('',#12187,1000.);
#2411=VECTOR('',#12188,1000.);
#2412=VECTOR('',#12191,1000.);
#2413=VECTOR('',#12192,1000.);
#2414=VECTOR('',#12193,1000.);
#2415=VECTOR('',#12196,1000.);
#2416=VECTOR('',#12197,1000.);
#2417=VECTOR('',#12204,1000.);
#2418=VECTOR('',#12205,1000.);
#2419=VECTOR('',#12208,1000.);
#2420=VECTOR('',#12211,1000.);
#2421=VECTOR('',#12212,1000.);
#2422=VECTOR('',#12215,1000.);
#2423=VECTOR('',#12216,1000.);
#2424=VECTOR('',#12217,1000.);
#2425=VECTOR('',#12220,1000.);
#2426=VECTOR('',#12221,1000.);
#2427=VECTOR('',#12228,1000.);
#2428=VECTOR('',#12229,1000.);
#2429=VECTOR('',#12232,1000.);
#2430=VECTOR('',#12235,1000.);
#2431=VECTOR('',#12236,1000.);
#2432=VECTOR('',#12239,1000.);
#2433=VECTOR('',#12240,1000.);
#2434=VECTOR('',#12241,1000.);
#2435=VECTOR('',#12244,1000.);
#2436=VECTOR('',#12245,1000.);
#2437=VECTOR('',#12252,1000.);
#2438=VECTOR('',#12253,1000.);
#2439=VECTOR('',#12256,1000.);
#2440=VECTOR('',#12259,1000.);
#2441=VECTOR('',#12260,1000.);
#2442=VECTOR('',#12263,1000.);
#2443=VECTOR('',#12264,1000.);
#2444=VECTOR('',#12265,1000.);
#2445=VECTOR('',#12268,1000.);
#2446=VECTOR('',#12269,1000.);
#2447=VECTOR('',#12276,1000.);
#2448=VECTOR('',#12277,1000.);
#2449=VECTOR('',#12280,1000.);
#2450=VECTOR('',#12283,1000.);
#2451=VECTOR('',#12284,1000.);
#2452=VECTOR('',#12287,1000.);
#2453=VECTOR('',#12288,1000.);
#2454=VECTOR('',#12289,1000.);
#2455=VECTOR('',#12292,1000.);
#2456=VECTOR('',#12293,1000.);
#2457=VECTOR('',#12300,1000.);
#2458=VECTOR('',#12301,1000.);
#2459=VECTOR('',#12304,1000.);
#2460=VECTOR('',#12307,1000.);
#2461=VECTOR('',#12308,1000.);
#2462=VECTOR('',#12311,1000.);
#2463=VECTOR('',#12312,1000.);
#2464=VECTOR('',#12313,1000.);
#2465=VECTOR('',#12316,1000.);
#2466=VECTOR('',#12317,1000.);
#2467=VECTOR('',#12324,1000.);
#2468=VECTOR('',#12325,1000.);
#2469=VECTOR('',#12328,1000.);
#2470=VECTOR('',#12331,1000.);
#2471=VECTOR('',#12332,1000.);
#2472=VECTOR('',#12335,1000.);
#2473=VECTOR('',#12336,1000.);
#2474=VECTOR('',#12337,1000.);
#2475=VECTOR('',#12340,1000.);
#2476=VECTOR('',#12341,1000.);
#2477=VECTOR('',#12348,1000.);
#2478=VECTOR('',#12349,1000.);
#2479=VECTOR('',#12352,1000.);
#2480=VECTOR('',#12355,1000.);
#2481=VECTOR('',#12356,1000.);
#2482=VECTOR('',#12359,1000.);
#2483=VECTOR('',#12360,1000.);
#2484=VECTOR('',#12361,1000.);
#2485=VECTOR('',#12364,1000.);
#2486=VECTOR('',#12365,1000.);
#2487=VECTOR('',#12372,1000.);
#2488=VECTOR('',#12373,1000.);
#2489=VECTOR('',#12376,1000.);
#2490=VECTOR('',#12379,1000.);
#2491=VECTOR('',#12380,1000.);
#2492=VECTOR('',#12383,1000.);
#2493=VECTOR('',#12384,1000.);
#2494=VECTOR('',#12385,1000.);
#2495=VECTOR('',#12388,1000.);
#2496=VECTOR('',#12389,1000.);
#2497=VECTOR('',#12396,1000.);
#2498=VECTOR('',#12397,1000.);
#2499=VECTOR('',#12400,1000.);
#2500=VECTOR('',#12403,1000.);
#2501=VECTOR('',#12404,1000.);
#2502=VECTOR('',#12407,1000.);
#2503=VECTOR('',#12408,1000.);
#2504=VECTOR('',#12409,1000.);
#2505=VECTOR('',#12412,1000.);
#2506=VECTOR('',#12413,1000.);
#2507=VECTOR('',#12420,1000.);
#2508=VECTOR('',#12421,1000.);
#2509=VECTOR('',#12424,1000.);
#2510=VECTOR('',#12427,1000.);
#2511=VECTOR('',#12428,1000.);
#2512=VECTOR('',#12431,1000.);
#2513=VECTOR('',#12432,1000.);
#2514=VECTOR('',#12433,1000.);
#2515=VECTOR('',#12436,1000.);
#2516=VECTOR('',#12437,1000.);
#2517=VECTOR('',#12444,1000.);
#2518=VECTOR('',#12445,1000.);
#2519=VECTOR('',#12448,1000.);
#2520=VECTOR('',#12451,1000.);
#2521=VECTOR('',#12452,1000.);
#2522=VECTOR('',#12455,1000.);
#2523=VECTOR('',#12456,1000.);
#2524=VECTOR('',#12457,1000.);
#2525=VECTOR('',#12460,1000.);
#2526=VECTOR('',#12461,1000.);
#2527=VECTOR('',#12468,1000.);
#2528=VECTOR('',#12469,1000.);
#2529=VECTOR('',#12472,1000.);
#2530=VECTOR('',#12475,1000.);
#2531=VECTOR('',#12476,1000.);
#2532=VECTOR('',#12479,1000.);
#2533=VECTOR('',#12480,1000.);
#2534=VECTOR('',#12481,1000.);
#2535=VECTOR('',#12484,1000.);
#2536=VECTOR('',#12485,1000.);
#2537=VECTOR('',#12492,1000.);
#2538=VECTOR('',#12493,1000.);
#2539=VECTOR('',#12496,1000.);
#2540=VECTOR('',#12499,1000.);
#2541=VECTOR('',#12500,1000.);
#2542=VECTOR('',#12503,1000.);
#2543=VECTOR('',#12504,1000.);
#2544=VECTOR('',#12505,1000.);
#2545=VECTOR('',#12508,1000.);
#2546=VECTOR('',#12509,1000.);
#2547=VECTOR('',#12516,1000.);
#2548=VECTOR('',#12517,1000.);
#2549=VECTOR('',#12520,1000.);
#2550=VECTOR('',#12523,1000.);
#2551=VECTOR('',#12524,1000.);
#2552=VECTOR('',#12527,1000.);
#2553=VECTOR('',#12528,1000.);
#2554=VECTOR('',#12529,1000.);
#2555=VECTOR('',#12532,1000.);
#2556=VECTOR('',#12533,1000.);
#2557=VECTOR('',#12540,1000.);
#2558=VECTOR('',#12541,1000.);
#2559=VECTOR('',#12544,1000.);
#2560=VECTOR('',#12547,1000.);
#2561=VECTOR('',#12548,1000.);
#2562=VECTOR('',#12551,1000.);
#2563=VECTOR('',#12552,1000.);
#2564=VECTOR('',#12555,1000.);
#2565=VECTOR('',#12556,1000.);
#2566=VECTOR('',#12563,1000.);
#2567=VECTOR('',#12564,1000.);
#2568=VECTOR('',#12567,1000.);
#2569=VECTOR('',#12570,1000.);
#2570=VECTOR('',#12575,1000.);
#2571=VECTOR('',#12578,1000.);
#2572=VECTOR('',#12583,1000.);
#2573=VECTOR('',#12586,1000.);
#2574=VECTOR('',#12591,1000.);
#2575=VECTOR('',#12594,1000.);
#2576=VECTOR('',#12599,1000.);
#2577=VECTOR('',#12602,1000.);
#2578=VECTOR('',#12607,1000.);
#2579=VECTOR('',#12610,1000.);
#2580=VECTOR('',#12615,1000.);
#2581=VECTOR('',#12618,1000.);
#2582=VECTOR('',#12623,1000.);
#2583=VECTOR('',#12626,1000.);
#2584=VECTOR('',#12631,1000.);
#2585=VECTOR('',#12634,1000.);
#2586=VECTOR('',#12639,1000.);
#2587=VECTOR('',#12642,1000.);
#2588=VECTOR('',#12647,1000.);
#2589=VECTOR('',#12650,1000.);
#2590=VECTOR('',#12655,1000.);
#2591=VECTOR('',#12658,1000.);
#2592=VECTOR('',#12663,1000.);
#2593=VECTOR('',#12666,1000.);
#2594=VECTOR('',#12671,1000.);
#2595=VECTOR('',#12674,1000.);
#2596=VECTOR('',#12679,1000.);
#2597=VECTOR('',#12682,1000.);
#2598=VECTOR('',#12687,1000.);
#2599=VECTOR('',#12690,1000.);
#2600=VECTOR('',#12695,1000.);
#2601=VECTOR('',#12698,1000.);
#2602=VECTOR('',#12703,1000.);
#2603=VECTOR('',#12706,1000.);
#2604=VECTOR('',#12711,1000.);
#2605=VECTOR('',#12714,1000.);
#2606=ORIENTED_EDGE('',*,*,#5238,.F.);
#2607=ORIENTED_EDGE('',*,*,#5239,.T.);
#2608=ORIENTED_EDGE('',*,*,#5240,.F.);
#2609=ORIENTED_EDGE('',*,*,#5241,.T.);
#2610=ORIENTED_EDGE('',*,*,#5242,.F.);
#2611=ORIENTED_EDGE('',*,*,#5243,.T.);
#2612=ORIENTED_EDGE('',*,*,#5244,.F.);
#2613=ORIENTED_EDGE('',*,*,#5245,.T.);
#2614=ORIENTED_EDGE('',*,*,#5246,.F.);
#2615=ORIENTED_EDGE('',*,*,#5247,.T.);
#2616=ORIENTED_EDGE('',*,*,#5248,.F.);
#2617=ORIENTED_EDGE('',*,*,#5249,.T.);
#2618=ORIENTED_EDGE('',*,*,#5250,.F.);
#2619=ORIENTED_EDGE('',*,*,#5251,.T.);
#2620=ORIENTED_EDGE('',*,*,#5252,.F.);
#2621=ORIENTED_EDGE('',*,*,#5253,.F.);
#2622=ORIENTED_EDGE('',*,*,#5254,.F.);
#2623=ORIENTED_EDGE('',*,*,#5255,.F.);
#2624=ORIENTED_EDGE('',*,*,#5256,.T.);
#2625=ORIENTED_EDGE('',*,*,#5257,.F.);
#2626=ORIENTED_EDGE('',*,*,#5258,.F.);
#2627=ORIENTED_EDGE('',*,*,#5259,.F.);
#2628=ORIENTED_EDGE('',*,*,#5260,.F.);
#2629=ORIENTED_EDGE('',*,*,#5261,.F.);
#2630=ORIENTED_EDGE('',*,*,#5262,.T.);
#2631=ORIENTED_EDGE('',*,*,#5263,.T.);
#2632=ORIENTED_EDGE('',*,*,#5264,.T.);
#2633=ORIENTED_EDGE('',*,*,#5265,.T.);
#2634=ORIENTED_EDGE('',*,*,#5266,.F.);
#2635=ORIENTED_EDGE('',*,*,#5267,.F.);
#2636=ORIENTED_EDGE('',*,*,#5268,.T.);
#2637=ORIENTED_EDGE('',*,*,#5269,.T.);
#2638=ORIENTED_EDGE('',*,*,#5270,.T.);
#2639=ORIENTED_EDGE('',*,*,#5271,.F.);
#2640=ORIENTED_EDGE('',*,*,#5272,.T.);
#2641=ORIENTED_EDGE('',*,*,#5273,.T.);
#2642=ORIENTED_EDGE('',*,*,#5274,.T.);
#2643=ORIENTED_EDGE('',*,*,#5275,.F.);
#2644=ORIENTED_EDGE('',*,*,#5276,.F.);
#2645=ORIENTED_EDGE('',*,*,#5277,.T.);
#2646=ORIENTED_EDGE('',*,*,#5278,.F.);
#2647=ORIENTED_EDGE('',*,*,#5279,.F.);
#2648=ORIENTED_EDGE('',*,*,#5280,.F.);
#2649=ORIENTED_EDGE('',*,*,#5281,.F.);
#2650=ORIENTED_EDGE('',*,*,#5282,.F.);
#2651=ORIENTED_EDGE('',*,*,#5283,.F.);
#2652=ORIENTED_EDGE('',*,*,#5284,.F.);
#2653=ORIENTED_EDGE('',*,*,#5285,.T.);
#2654=ORIENTED_EDGE('',*,*,#5286,.F.);
#2655=ORIENTED_EDGE('',*,*,#5287,.F.);
#2656=ORIENTED_EDGE('',*,*,#5288,.F.);
#2657=ORIENTED_EDGE('',*,*,#5285,.F.);
#2658=ORIENTED_EDGE('',*,*,#5289,.F.);
#2659=ORIENTED_EDGE('',*,*,#5290,.T.);
#2660=ORIENTED_EDGE('',*,*,#5291,.T.);
#2661=ORIENTED_EDGE('',*,*,#5292,.F.);
#2662=ORIENTED_EDGE('',*,*,#5293,.T.);
#2663=ORIENTED_EDGE('',*,*,#5294,.F.);
#2664=ORIENTED_EDGE('',*,*,#5295,.T.);
#2665=ORIENTED_EDGE('',*,*,#5296,.F.);
#2666=ORIENTED_EDGE('',*,*,#5297,.T.);
#2667=ORIENTED_EDGE('',*,*,#5298,.F.);
#2668=ORIENTED_EDGE('',*,*,#5299,.F.);
#2669=ORIENTED_EDGE('',*,*,#5300,.F.);
#2670=ORIENTED_EDGE('',*,*,#5301,.F.);
#2671=ORIENTED_EDGE('',*,*,#5291,.F.);
#2672=ORIENTED_EDGE('',*,*,#5302,.F.);
#2673=ORIENTED_EDGE('',*,*,#5303,.F.);
#2674=ORIENTED_EDGE('',*,*,#5304,.T.);
#2675=ORIENTED_EDGE('',*,*,#5305,.T.);
#2676=ORIENTED_EDGE('',*,*,#5306,.T.);
#2677=ORIENTED_EDGE('',*,*,#5307,.F.);
#2678=ORIENTED_EDGE('',*,*,#5308,.T.);
#2679=ORIENTED_EDGE('',*,*,#5309,.T.);
#2680=ORIENTED_EDGE('',*,*,#5310,.T.);
#2681=ORIENTED_EDGE('',*,*,#5311,.F.);
#2682=ORIENTED_EDGE('',*,*,#5312,.T.);
#2683=ORIENTED_EDGE('',*,*,#5313,.T.);
#2684=ORIENTED_EDGE('',*,*,#5314,.T.);
#2685=ORIENTED_EDGE('',*,*,#5315,.F.);
#2686=ORIENTED_EDGE('',*,*,#5316,.T.);
#2687=ORIENTED_EDGE('',*,*,#5262,.F.);
#2688=ORIENTED_EDGE('',*,*,#5317,.T.);
#2689=ORIENTED_EDGE('',*,*,#5318,.F.);
#2690=ORIENTED_EDGE('',*,*,#5289,.T.);
#2691=ORIENTED_EDGE('',*,*,#5284,.T.);
#2692=ORIENTED_EDGE('',*,*,#5319,.F.);
#2693=ORIENTED_EDGE('',*,*,#5320,.T.);
#2694=ORIENTED_EDGE('',*,*,#5303,.T.);
#2695=ORIENTED_EDGE('',*,*,#5321,.F.);
#2696=ORIENTED_EDGE('',*,*,#5322,.T.);
#2697=ORIENTED_EDGE('',*,*,#5323,.T.);
#2698=ORIENTED_EDGE('',*,*,#5324,.T.);
#2699=ORIENTED_EDGE('',*,*,#5325,.T.);
#2700=ORIENTED_EDGE('',*,*,#5326,.F.);
#2701=ORIENTED_EDGE('',*,*,#5327,.T.);
#2702=ORIENTED_EDGE('',*,*,#5328,.F.);
#2703=ORIENTED_EDGE('',*,*,#5329,.T.);
#2704=ORIENTED_EDGE('',*,*,#5330,.F.);
#2705=ORIENTED_EDGE('',*,*,#5326,.T.);
#2706=ORIENTED_EDGE('',*,*,#5261,.T.);
#2707=ORIENTED_EDGE('',*,*,#5316,.F.);
#2708=ORIENTED_EDGE('',*,*,#5302,.T.);
#2709=ORIENTED_EDGE('',*,*,#5296,.T.);
#2710=ORIENTED_EDGE('',*,*,#5331,.F.);
#2711=ORIENTED_EDGE('',*,*,#5317,.F.);
#2712=ORIENTED_EDGE('',*,*,#5332,.T.);
#2713=ORIENTED_EDGE('',*,*,#5333,.F.);
#2714=ORIENTED_EDGE('',*,*,#5333,.T.);
#2715=ORIENTED_EDGE('',*,*,#5334,.F.);
#2716=ORIENTED_EDGE('',*,*,#5335,.T.);
#2717=ORIENTED_EDGE('',*,*,#5336,.F.);
#2718=ORIENTED_EDGE('',*,*,#5337,.T.);
#2719=ORIENTED_EDGE('',*,*,#5336,.T.);
#2720=ORIENTED_EDGE('',*,*,#5338,.T.);
#2721=ORIENTED_EDGE('',*,*,#5282,.T.);
#2722=ORIENTED_EDGE('',*,*,#5339,.T.);
#2723=ORIENTED_EDGE('',*,*,#5340,.F.);
#2724=ORIENTED_EDGE('',*,*,#5341,.T.);
#2725=ORIENTED_EDGE('',*,*,#5342,.T.);
#2726=ORIENTED_EDGE('',*,*,#5334,.T.);
#2727=ORIENTED_EDGE('',*,*,#5335,.F.);
#2728=ORIENTED_EDGE('',*,*,#5343,.F.);
#2729=ORIENTED_EDGE('',*,*,#5344,.F.);
#2730=ORIENTED_EDGE('',*,*,#5345,.T.);
#2731=ORIENTED_EDGE('',*,*,#5340,.T.);
#2732=ORIENTED_EDGE('',*,*,#5346,.F.);
#2733=ORIENTED_EDGE('',*,*,#5347,.F.);
#2734=ORIENTED_EDGE('',*,*,#5348,.F.);
#2735=ORIENTED_EDGE('',*,*,#5349,.F.);
#2736=ORIENTED_EDGE('',*,*,#5350,.F.);
#2737=ORIENTED_EDGE('',*,*,#5332,.F.);
#2738=ORIENTED_EDGE('',*,*,#5351,.F.);
#2739=ORIENTED_EDGE('',*,*,#5352,.T.);
#2740=ORIENTED_EDGE('',*,*,#5328,.T.);
#2741=ORIENTED_EDGE('',*,*,#5327,.F.);
#2742=ORIENTED_EDGE('',*,*,#5330,.T.);
#2743=ORIENTED_EDGE('',*,*,#5353,.T.);
#2744=ORIENTED_EDGE('',*,*,#5354,.F.);
#2745=ORIENTED_EDGE('',*,*,#5355,.T.);
#2746=ORIENTED_EDGE('',*,*,#5356,.F.);
#2747=ORIENTED_EDGE('',*,*,#5357,.F.);
#2748=ORIENTED_EDGE('',*,*,#5358,.T.);
#2749=ORIENTED_EDGE('',*,*,#5359,.F.);
#2750=ORIENTED_EDGE('',*,*,#5360,.F.);
#2751=ORIENTED_EDGE('',*,*,#5361,.F.);
#2752=ORIENTED_EDGE('',*,*,#5272,.F.);
#2753=ORIENTED_EDGE('',*,*,#5362,.T.);
#2754=ORIENTED_EDGE('',*,*,#5309,.F.);
#2755=ORIENTED_EDGE('',*,*,#5363,.F.);
#2756=ORIENTED_EDGE('',*,*,#5364,.F.);
#2757=ORIENTED_EDGE('',*,*,#5365,.T.);
#2758=ORIENTED_EDGE('',*,*,#5366,.T.);
#2759=ORIENTED_EDGE('',*,*,#5367,.F.);
#2760=ORIENTED_EDGE('',*,*,#5368,.F.);
#2761=ORIENTED_EDGE('',*,*,#5369,.F.);
#2762=ORIENTED_EDGE('',*,*,#5370,.T.);
#2763=ORIENTED_EDGE('',*,*,#5364,.T.);
#2764=ORIENTED_EDGE('',*,*,#5371,.T.);
#2765=ORIENTED_EDGE('',*,*,#5372,.T.);
#2766=ORIENTED_EDGE('',*,*,#5373,.T.);
#2767=ORIENTED_EDGE('',*,*,#5374,.T.);
#2768=ORIENTED_EDGE('',*,*,#5375,.F.);
#2769=ORIENTED_EDGE('',*,*,#5376,.F.);
#2770=ORIENTED_EDGE('',*,*,#5377,.T.);
#2771=ORIENTED_EDGE('',*,*,#5378,.T.);
#2772=ORIENTED_EDGE('',*,*,#5373,.F.);
#2773=ORIENTED_EDGE('',*,*,#5379,.F.);
#2774=ORIENTED_EDGE('',*,*,#5380,.T.);
#2775=ORIENTED_EDGE('',*,*,#5381,.T.);
#2776=ORIENTED_EDGE('',*,*,#5377,.F.);
#2777=ORIENTED_EDGE('',*,*,#5382,.F.);
#2778=ORIENTED_EDGE('',*,*,#5383,.T.);
#2779=ORIENTED_EDGE('',*,*,#5384,.T.);
#2780=ORIENTED_EDGE('',*,*,#5380,.F.);
#2781=ORIENTED_EDGE('',*,*,#5385,.F.);
#2782=ORIENTED_EDGE('',*,*,#5386,.F.);
#2783=ORIENTED_EDGE('',*,*,#5387,.T.);
#2784=ORIENTED_EDGE('',*,*,#5383,.F.);
#2785=ORIENTED_EDGE('',*,*,#5388,.F.);
#2786=ORIENTED_EDGE('',*,*,#5389,.F.);
#2787=ORIENTED_EDGE('',*,*,#5390,.T.);
#2788=ORIENTED_EDGE('',*,*,#5391,.F.);
#2789=ORIENTED_EDGE('',*,*,#5392,.F.);
#2790=ORIENTED_EDGE('',*,*,#5393,.F.);
#2791=ORIENTED_EDGE('',*,*,#5394,.T.);
#2792=ORIENTED_EDGE('',*,*,#5386,.T.);
#2793=ORIENTED_EDGE('',*,*,#5395,.F.);
#2794=ORIENTED_EDGE('',*,*,#5396,.F.);
#2795=ORIENTED_EDGE('',*,*,#5392,.T.);
#2796=ORIENTED_EDGE('',*,*,#5391,.T.);
#2797=ORIENTED_EDGE('',*,*,#5397,.F.);
#2798=ORIENTED_EDGE('',*,*,#5398,.F.);
#2799=ORIENTED_EDGE('',*,*,#5399,.T.);
#2800=ORIENTED_EDGE('',*,*,#5400,.F.);
#2801=ORIENTED_EDGE('',*,*,#5401,.F.);
#2802=ORIENTED_EDGE('',*,*,#5402,.F.);
#2803=ORIENTED_EDGE('',*,*,#5403,.F.);
#2804=ORIENTED_EDGE('',*,*,#5404,.F.);
#2805=ORIENTED_EDGE('',*,*,#5405,.F.);
#2806=ORIENTED_EDGE('',*,*,#5406,.T.);
#2807=ORIENTED_EDGE('',*,*,#5407,.T.);
#2808=ORIENTED_EDGE('',*,*,#5408,.T.);
#2809=ORIENTED_EDGE('',*,*,#5409,.F.);
#2810=ORIENTED_EDGE('',*,*,#5410,.F.);
#2811=ORIENTED_EDGE('',*,*,#5411,.F.);
#2812=ORIENTED_EDGE('',*,*,#5412,.T.);
#2813=ORIENTED_EDGE('',*,*,#5413,.F.);
#2814=ORIENTED_EDGE('',*,*,#5414,.F.);
#2815=ORIENTED_EDGE('',*,*,#5407,.F.);
#2816=ORIENTED_EDGE('',*,*,#5415,.F.);
#2817=ORIENTED_EDGE('',*,*,#5416,.F.);
#2818=ORIENTED_EDGE('',*,*,#5417,.F.);
#2819=ORIENTED_EDGE('',*,*,#5418,.F.);
#2820=ORIENTED_EDGE('',*,*,#5419,.T.);
#2821=ORIENTED_EDGE('',*,*,#5420,.T.);
#2822=ORIENTED_EDGE('',*,*,#5421,.T.);
#2823=ORIENTED_EDGE('',*,*,#5422,.T.);
#2824=ORIENTED_EDGE('',*,*,#5423,.T.);
#2825=ORIENTED_EDGE('',*,*,#5424,.T.);
#2826=ORIENTED_EDGE('',*,*,#5425,.T.);
#2827=ORIENTED_EDGE('',*,*,#5426,.T.);
#2828=ORIENTED_EDGE('',*,*,#5427,.F.);
#2829=ORIENTED_EDGE('',*,*,#5371,.F.);
#2830=ORIENTED_EDGE('',*,*,#5369,.T.);
#2831=ORIENTED_EDGE('',*,*,#5428,.T.);
#2832=ORIENTED_EDGE('',*,*,#5429,.F.);
#2833=ORIENTED_EDGE('',*,*,#5422,.F.);
#2834=ORIENTED_EDGE('',*,*,#5430,.T.);
#2835=ORIENTED_EDGE('',*,*,#5431,.T.);
#2836=ORIENTED_EDGE('',*,*,#5432,.F.);
#2837=ORIENTED_EDGE('',*,*,#5433,.F.);
#2838=ORIENTED_EDGE('',*,*,#5410,.T.);
#2839=ORIENTED_EDGE('',*,*,#5434,.T.);
#2840=ORIENTED_EDGE('',*,*,#5435,.T.);
#2841=ORIENTED_EDGE('',*,*,#5411,.T.);
#2842=ORIENTED_EDGE('',*,*,#5433,.T.);
#2843=ORIENTED_EDGE('',*,*,#5436,.T.);
#2844=ORIENTED_EDGE('',*,*,#5437,.T.);
#2845=ORIENTED_EDGE('',*,*,#5438,.F.);
#2846=ORIENTED_EDGE('',*,*,#5439,.F.);
#2847=ORIENTED_EDGE('',*,*,#5440,.T.);
#2848=ORIENTED_EDGE('',*,*,#5439,.T.);
#2849=ORIENTED_EDGE('',*,*,#5441,.F.);
#2850=ORIENTED_EDGE('',*,*,#5442,.F.);
#2851=ORIENTED_EDGE('',*,*,#5443,.T.);
#2852=ORIENTED_EDGE('',*,*,#5444,.T.);
#2853=ORIENTED_EDGE('',*,*,#5445,.T.);
#2854=ORIENTED_EDGE('',*,*,#5437,.F.);
#2855=ORIENTED_EDGE('',*,*,#5446,.T.);
#2856=ORIENTED_EDGE('',*,*,#5447,.F.);
#2857=ORIENTED_EDGE('',*,*,#5444,.F.);
#2858=ORIENTED_EDGE('',*,*,#5448,.T.);
#2859=ORIENTED_EDGE('',*,*,#5449,.T.);
#2860=ORIENTED_EDGE('',*,*,#5450,.T.);
#2861=ORIENTED_EDGE('',*,*,#5451,.T.);
#2862=ORIENTED_EDGE('',*,*,#5441,.T.);
#2863=ORIENTED_EDGE('',*,*,#5438,.T.);
#2864=ORIENTED_EDGE('',*,*,#5452,.T.);
#2865=ORIENTED_EDGE('',*,*,#5453,.T.);
#2866=ORIENTED_EDGE('',*,*,#5454,.T.);
#2867=ORIENTED_EDGE('',*,*,#5275,.T.);
#2868=ORIENTED_EDGE('',*,*,#5455,.T.);
#2869=ORIENTED_EDGE('',*,*,#5456,.T.);
#2870=ORIENTED_EDGE('',*,*,#5457,.F.);
#2871=ORIENTED_EDGE('',*,*,#5458,.T.);
#2872=ORIENTED_EDGE('',*,*,#5459,.T.);
#2873=ORIENTED_EDGE('',*,*,#5447,.T.);
#2874=ORIENTED_EDGE('',*,*,#5460,.T.);
#2875=ORIENTED_EDGE('',*,*,#5461,.T.);
#2876=ORIENTED_EDGE('',*,*,#5462,.T.);
#2877=ORIENTED_EDGE('',*,*,#5463,.T.);
#2878=ORIENTED_EDGE('',*,*,#5461,.F.);
#2879=ORIENTED_EDGE('',*,*,#5464,.T.);
#2880=ORIENTED_EDGE('',*,*,#5450,.F.);
#2881=ORIENTED_EDGE('',*,*,#5431,.F.);
#2882=ORIENTED_EDGE('',*,*,#5409,.T.);
#2883=ORIENTED_EDGE('',*,*,#5465,.T.);
#2884=ORIENTED_EDGE('',*,*,#5466,.T.);
#2885=ORIENTED_EDGE('',*,*,#5467,.T.);
#2886=ORIENTED_EDGE('',*,*,#5468,.T.);
#2887=ORIENTED_EDGE('',*,*,#5428,.F.);
#2888=ORIENTED_EDGE('',*,*,#5469,.T.);
#2889=ORIENTED_EDGE('',*,*,#5470,.T.);
#2890=ORIENTED_EDGE('',*,*,#5426,.F.);
#2891=ORIENTED_EDGE('',*,*,#5471,.T.);
#2892=ORIENTED_EDGE('',*,*,#5472,.T.);
#2893=ORIENTED_EDGE('',*,*,#5473,.T.);
#2894=ORIENTED_EDGE('',*,*,#5459,.F.);
#2895=ORIENTED_EDGE('',*,*,#5474,.T.);
#2896=ORIENTED_EDGE('',*,*,#5311,.T.);
#2897=ORIENTED_EDGE('',*,*,#5452,.F.);
#2898=ORIENTED_EDGE('',*,*,#5445,.F.);
#2899=ORIENTED_EDGE('',*,*,#5394,.F.);
#2900=ORIENTED_EDGE('',*,*,#5374,.F.);
#2901=ORIENTED_EDGE('',*,*,#5378,.F.);
#2902=ORIENTED_EDGE('',*,*,#5381,.F.);
#2903=ORIENTED_EDGE('',*,*,#5384,.F.);
#2904=ORIENTED_EDGE('',*,*,#5387,.F.);
#2905=ORIENTED_EDGE('',*,*,#5400,.T.);
#2906=ORIENTED_EDGE('',*,*,#5475,.T.);
#2907=ORIENTED_EDGE('',*,*,#5476,.F.);
#2908=ORIENTED_EDGE('',*,*,#5477,.T.);
#2909=ORIENTED_EDGE('',*,*,#5478,.F.);
#2910=ORIENTED_EDGE('',*,*,#5479,.F.);
#2911=ORIENTED_EDGE('',*,*,#5480,.F.);
#2912=ORIENTED_EDGE('',*,*,#5481,.T.);
#2913=ORIENTED_EDGE('',*,*,#5482,.F.);
#2914=ORIENTED_EDGE('',*,*,#5483,.T.);
#2915=ORIENTED_EDGE('',*,*,#5484,.F.);
#2916=ORIENTED_EDGE('',*,*,#5485,.T.);
#2917=ORIENTED_EDGE('',*,*,#5486,.F.);
#2918=ORIENTED_EDGE('',*,*,#5487,.T.);
#2919=ORIENTED_EDGE('',*,*,#5488,.T.);
#2920=ORIENTED_EDGE('',*,*,#5489,.F.);
#2921=ORIENTED_EDGE('',*,*,#5490,.F.);
#2922=ORIENTED_EDGE('',*,*,#5491,.T.);
#2923=ORIENTED_EDGE('',*,*,#5492,.F.);
#2924=ORIENTED_EDGE('',*,*,#5493,.F.);
#2925=ORIENTED_EDGE('',*,*,#5395,.T.);
#2926=ORIENTED_EDGE('',*,*,#5494,.F.);
#2927=ORIENTED_EDGE('',*,*,#5488,.F.);
#2928=ORIENTED_EDGE('',*,*,#5495,.T.);
#2929=ORIENTED_EDGE('',*,*,#5490,.T.);
#2930=ORIENTED_EDGE('',*,*,#5496,.T.);
#2931=ORIENTED_EDGE('',*,*,#5497,.F.);
#2932=ORIENTED_EDGE('',*,*,#5498,.F.);
#2933=ORIENTED_EDGE('',*,*,#5499,.F.);
#2934=ORIENTED_EDGE('',*,*,#5492,.T.);
#2935=ORIENTED_EDGE('',*,*,#5500,.T.);
#2936=ORIENTED_EDGE('',*,*,#5484,.T.);
#2937=ORIENTED_EDGE('',*,*,#5501,.F.);
#2938=ORIENTED_EDGE('',*,*,#5502,.F.);
#2939=ORIENTED_EDGE('',*,*,#5503,.F.);
#2940=ORIENTED_EDGE('',*,*,#5504,.F.);
#2941=ORIENTED_EDGE('',*,*,#5388,.T.);
#2942=ORIENTED_EDGE('',*,*,#5385,.T.);
#2943=ORIENTED_EDGE('',*,*,#5382,.T.);
#2944=ORIENTED_EDGE('',*,*,#5379,.T.);
#2945=ORIENTED_EDGE('',*,*,#5376,.T.);
#2946=ORIENTED_EDGE('',*,*,#5505,.T.);
#2947=ORIENTED_EDGE('',*,*,#5506,.T.);
#2948=ORIENTED_EDGE('',*,*,#5507,.T.);
#2949=ORIENTED_EDGE('',*,*,#5508,.T.);
#2950=ORIENTED_EDGE('',*,*,#5509,.T.);
#2951=ORIENTED_EDGE('',*,*,#5510,.T.);
#2952=ORIENTED_EDGE('',*,*,#5511,.T.);
#2953=ORIENTED_EDGE('',*,*,#5512,.T.);
#2954=ORIENTED_EDGE('',*,*,#5513,.T.);
#2955=ORIENTED_EDGE('',*,*,#5514,.T.);
#2956=ORIENTED_EDGE('',*,*,#5515,.F.);
#2957=ORIENTED_EDGE('',*,*,#5516,.F.);
#2958=ORIENTED_EDGE('',*,*,#5517,.T.);
#2959=ORIENTED_EDGE('',*,*,#5497,.T.);
#2960=ORIENTED_EDGE('',*,*,#5518,.T.);
#2961=ORIENTED_EDGE('',*,*,#5503,.T.);
#2962=ORIENTED_EDGE('',*,*,#5519,.F.);
#2963=ORIENTED_EDGE('',*,*,#5520,.F.);
#2964=ORIENTED_EDGE('',*,*,#5521,.F.);
#2965=ORIENTED_EDGE('',*,*,#5478,.T.);
#2966=ORIENTED_EDGE('',*,*,#5522,.F.);
#2967=ORIENTED_EDGE('',*,*,#5523,.F.);
#2968=ORIENTED_EDGE('',*,*,#5524,.T.);
#2969=ORIENTED_EDGE('',*,*,#5525,.T.);
#2970=ORIENTED_EDGE('',*,*,#5482,.T.);
#2971=ORIENTED_EDGE('',*,*,#5520,.T.);
#2972=ORIENTED_EDGE('',*,*,#5526,.F.);
#2973=ORIENTED_EDGE('',*,*,#5527,.F.);
#2974=ORIENTED_EDGE('',*,*,#5528,.F.);
#2975=ORIENTED_EDGE('',*,*,#5529,.T.);
#2976=ORIENTED_EDGE('',*,*,#5530,.T.);
#2977=ORIENTED_EDGE('',*,*,#5531,.T.);
#2978=ORIENTED_EDGE('',*,*,#5532,.F.);
#2979=ORIENTED_EDGE('',*,*,#5533,.T.);
#2980=ORIENTED_EDGE('',*,*,#5534,.T.);
#2981=ORIENTED_EDGE('',*,*,#5523,.T.);
#2982=ORIENTED_EDGE('',*,*,#5535,.F.);
#2983=ORIENTED_EDGE('',*,*,#5536,.F.);
#2984=ORIENTED_EDGE('',*,*,#5537,.T.);
#2985=ORIENTED_EDGE('',*,*,#5538,.F.);
#2986=ORIENTED_EDGE('',*,*,#5539,.T.);
#2987=ORIENTED_EDGE('',*,*,#5540,.F.);
#2988=ORIENTED_EDGE('',*,*,#5541,.F.);
#2989=ORIENTED_EDGE('',*,*,#5542,.F.);
#2990=ORIENTED_EDGE('',*,*,#5543,.F.);
#2991=ORIENTED_EDGE('',*,*,#5508,.F.);
#2992=ORIENTED_EDGE('',*,*,#5544,.T.);
#2993=ORIENTED_EDGE('',*,*,#5402,.T.);
#2994=ORIENTED_EDGE('',*,*,#5545,.F.);
#2995=ORIENTED_EDGE('',*,*,#5524,.F.);
#2996=ORIENTED_EDGE('',*,*,#5546,.T.);
#2997=ORIENTED_EDGE('',*,*,#5547,.T.);
#2998=ORIENTED_EDGE('',*,*,#5539,.F.);
#2999=ORIENTED_EDGE('',*,*,#5548,.F.);
#3000=ORIENTED_EDGE('',*,*,#5401,.T.);
#3001=ORIENTED_EDGE('',*,*,#5483,.F.);
#3002=ORIENTED_EDGE('',*,*,#5525,.F.);
#3003=ORIENTED_EDGE('',*,*,#5545,.T.);
#3004=ORIENTED_EDGE('',*,*,#5549,.F.);
#3005=ORIENTED_EDGE('',*,*,#5550,.T.);
#3006=ORIENTED_EDGE('',*,*,#5398,.T.);
#3007=ORIENTED_EDGE('',*,*,#5551,.F.);
#3008=ORIENTED_EDGE('',*,*,#5552,.F.);
#3009=ORIENTED_EDGE('',*,*,#5397,.T.);
#3010=ORIENTED_EDGE('',*,*,#5390,.F.);
#3011=ORIENTED_EDGE('',*,*,#5553,.F.);
#3012=ORIENTED_EDGE('',*,*,#5551,.T.);
#3013=ORIENTED_EDGE('',*,*,#5548,.T.);
#3014=ORIENTED_EDGE('',*,*,#5538,.T.);
#3015=ORIENTED_EDGE('',*,*,#5554,.F.);
#3016=ORIENTED_EDGE('',*,*,#5509,.F.);
#3017=ORIENTED_EDGE('',*,*,#5543,.T.);
#3018=ORIENTED_EDGE('',*,*,#5555,.F.);
#3019=ORIENTED_EDGE('',*,*,#5510,.F.);
#3020=ORIENTED_EDGE('',*,*,#5554,.T.);
#3021=ORIENTED_EDGE('',*,*,#5542,.T.);
#3022=ORIENTED_EDGE('',*,*,#5556,.F.);
#3023=ORIENTED_EDGE('',*,*,#5511,.F.);
#3024=ORIENTED_EDGE('',*,*,#5555,.T.);
#3025=ORIENTED_EDGE('',*,*,#5541,.T.);
#3026=ORIENTED_EDGE('',*,*,#5557,.F.);
#3027=ORIENTED_EDGE('',*,*,#5512,.F.);
#3028=ORIENTED_EDGE('',*,*,#5556,.T.);
#3029=ORIENTED_EDGE('',*,*,#5540,.T.);
#3030=ORIENTED_EDGE('',*,*,#5547,.F.);
#3031=ORIENTED_EDGE('',*,*,#5513,.F.);
#3032=ORIENTED_EDGE('',*,*,#5557,.T.);
#3033=ORIENTED_EDGE('',*,*,#5516,.T.);
#3034=ORIENTED_EDGE('',*,*,#5558,.F.);
#3035=ORIENTED_EDGE('',*,*,#5559,.T.);
#3036=ORIENTED_EDGE('',*,*,#5528,.T.);
#3037=ORIENTED_EDGE('',*,*,#5560,.F.);
#3038=ORIENTED_EDGE('',*,*,#5552,.T.);
#3039=ORIENTED_EDGE('',*,*,#5561,.T.);
#3040=ORIENTED_EDGE('',*,*,#5562,.T.);
#3041=ORIENTED_EDGE('',*,*,#5563,.T.);
#3042=ORIENTED_EDGE('',*,*,#5564,.F.);
#3043=ORIENTED_EDGE('',*,*,#5565,.T.);
#3044=ORIENTED_EDGE('',*,*,#5566,.T.);
#3045=ORIENTED_EDGE('',*,*,#5567,.T.);
#3046=ORIENTED_EDGE('',*,*,#5558,.T.);
#3047=ORIENTED_EDGE('',*,*,#5515,.T.);
#3048=ORIENTED_EDGE('',*,*,#5534,.F.);
#3049=ORIENTED_EDGE('',*,*,#5568,.T.);
#3050=ORIENTED_EDGE('',*,*,#5562,.F.);
#3051=ORIENTED_EDGE('',*,*,#5514,.F.);
#3052=ORIENTED_EDGE('',*,*,#5546,.F.);
#3053=ORIENTED_EDGE('',*,*,#5561,.F.);
#3054=ORIENTED_EDGE('',*,*,#5553,.T.);
#3055=ORIENTED_EDGE('',*,*,#5389,.T.);
#3056=ORIENTED_EDGE('',*,*,#5569,.F.);
#3057=ORIENTED_EDGE('',*,*,#5526,.T.);
#3058=ORIENTED_EDGE('',*,*,#5519,.T.);
#3059=ORIENTED_EDGE('',*,*,#5477,.F.);
#3060=ORIENTED_EDGE('',*,*,#5560,.T.);
#3061=ORIENTED_EDGE('',*,*,#5527,.T.);
#3062=ORIENTED_EDGE('',*,*,#5569,.T.);
#3063=ORIENTED_EDGE('',*,*,#5476,.T.);
#3064=ORIENTED_EDGE('',*,*,#5570,.T.);
#3065=ORIENTED_EDGE('',*,*,#5549,.T.);
#3066=ORIENTED_EDGE('',*,*,#5522,.T.);
#3067=ORIENTED_EDGE('',*,*,#5481,.F.);
#3068=ORIENTED_EDGE('',*,*,#5571,.F.);
#3069=ORIENTED_EDGE('',*,*,#5535,.T.);
#3070=ORIENTED_EDGE('',*,*,#5521,.T.);
#3071=ORIENTED_EDGE('',*,*,#5537,.F.);
#3072=ORIENTED_EDGE('',*,*,#5572,.F.);
#3073=ORIENTED_EDGE('',*,*,#5479,.T.);
#3074=ORIENTED_EDGE('',*,*,#5536,.T.);
#3075=ORIENTED_EDGE('',*,*,#5571,.T.);
#3076=ORIENTED_EDGE('',*,*,#5480,.T.);
#3077=ORIENTED_EDGE('',*,*,#5572,.T.);
#3078=ORIENTED_EDGE('',*,*,#5518,.F.);
#3079=ORIENTED_EDGE('',*,*,#5496,.F.);
#3080=ORIENTED_EDGE('',*,*,#5493,.T.);
#3081=ORIENTED_EDGE('',*,*,#5504,.T.);
#3082=ORIENTED_EDGE('',*,*,#5498,.T.);
#3083=ORIENTED_EDGE('',*,*,#5517,.F.);
#3084=ORIENTED_EDGE('',*,*,#5502,.T.);
#3085=ORIENTED_EDGE('',*,*,#5573,.T.);
#3086=ORIENTED_EDGE('',*,*,#5499,.T.);
#3087=ORIENTED_EDGE('',*,*,#5573,.F.);
#3088=ORIENTED_EDGE('',*,*,#5501,.T.);
#3089=ORIENTED_EDGE('',*,*,#5489,.T.);
#3090=ORIENTED_EDGE('',*,*,#5486,.T.);
#3091=ORIENTED_EDGE('',*,*,#5574,.T.);
#3092=ORIENTED_EDGE('',*,*,#5494,.T.);
#3093=ORIENTED_EDGE('',*,*,#5575,.T.);
#3094=ORIENTED_EDGE('',*,*,#5576,.F.);
#3095=ORIENTED_EDGE('',*,*,#5577,.F.);
#3096=ORIENTED_EDGE('',*,*,#5578,.T.);
#3097=ORIENTED_EDGE('',*,*,#5579,.T.);
#3098=ORIENTED_EDGE('',*,*,#5578,.F.);
#3099=ORIENTED_EDGE('',*,*,#5580,.F.);
#3100=ORIENTED_EDGE('',*,*,#5581,.T.);
#3101=ORIENTED_EDGE('',*,*,#5582,.T.);
#3102=ORIENTED_EDGE('',*,*,#5581,.F.);
#3103=ORIENTED_EDGE('',*,*,#5583,.F.);
#3104=ORIENTED_EDGE('',*,*,#5584,.T.);
#3105=ORIENTED_EDGE('',*,*,#5585,.T.);
#3106=ORIENTED_EDGE('',*,*,#5584,.F.);
#3107=ORIENTED_EDGE('',*,*,#5586,.F.);
#3108=ORIENTED_EDGE('',*,*,#5587,.T.);
#3109=ORIENTED_EDGE('',*,*,#5588,.T.);
#3110=ORIENTED_EDGE('',*,*,#5587,.F.);
#3111=ORIENTED_EDGE('',*,*,#5589,.F.);
#3112=ORIENTED_EDGE('',*,*,#5590,.T.);
#3113=ORIENTED_EDGE('',*,*,#5591,.T.);
#3114=ORIENTED_EDGE('',*,*,#5590,.F.);
#3115=ORIENTED_EDGE('',*,*,#5592,.F.);
#3116=ORIENTED_EDGE('',*,*,#5593,.T.);
#3117=ORIENTED_EDGE('',*,*,#5594,.F.);
#3118=ORIENTED_EDGE('',*,*,#5595,.F.);
#3119=ORIENTED_EDGE('',*,*,#5596,.F.);
#3120=ORIENTED_EDGE('',*,*,#5597,.F.);
#3121=ORIENTED_EDGE('',*,*,#5598,.F.);
#3122=ORIENTED_EDGE('',*,*,#5599,.F.);
#3123=ORIENTED_EDGE('',*,*,#5575,.F.);
#3124=ORIENTED_EDGE('',*,*,#5579,.F.);
#3125=ORIENTED_EDGE('',*,*,#5582,.F.);
#3126=ORIENTED_EDGE('',*,*,#5585,.F.);
#3127=ORIENTED_EDGE('',*,*,#5588,.F.);
#3128=ORIENTED_EDGE('',*,*,#5591,.F.);
#3129=ORIENTED_EDGE('',*,*,#5600,.F.);
#3130=ORIENTED_EDGE('',*,*,#5601,.F.);
#3131=ORIENTED_EDGE('',*,*,#5599,.T.);
#3132=ORIENTED_EDGE('',*,*,#5602,.F.);
#3133=ORIENTED_EDGE('',*,*,#5603,.F.);
#3134=ORIENTED_EDGE('',*,*,#5576,.T.);
#3135=ORIENTED_EDGE('',*,*,#5603,.T.);
#3136=ORIENTED_EDGE('',*,*,#5604,.T.);
#3137=ORIENTED_EDGE('',*,*,#5605,.T.);
#3138=ORIENTED_EDGE('',*,*,#5592,.T.);
#3139=ORIENTED_EDGE('',*,*,#5589,.T.);
#3140=ORIENTED_EDGE('',*,*,#5586,.T.);
#3141=ORIENTED_EDGE('',*,*,#5583,.T.);
#3142=ORIENTED_EDGE('',*,*,#5580,.T.);
#3143=ORIENTED_EDGE('',*,*,#5577,.T.);
#3144=ORIENTED_EDGE('',*,*,#5600,.T.);
#3145=ORIENTED_EDGE('',*,*,#5593,.F.);
#3146=ORIENTED_EDGE('',*,*,#5605,.F.);
#3147=ORIENTED_EDGE('',*,*,#5606,.T.);
#3148=ORIENTED_EDGE('',*,*,#5607,.F.);
#3149=ORIENTED_EDGE('',*,*,#5608,.T.);
#3150=ORIENTED_EDGE('',*,*,#5423,.F.);
#3151=ORIENTED_EDGE('',*,*,#5429,.T.);
#3152=ORIENTED_EDGE('',*,*,#5468,.F.);
#3153=ORIENTED_EDGE('',*,*,#5609,.F.);
#3154=ORIENTED_EDGE('',*,*,#5416,.T.);
#3155=ORIENTED_EDGE('',*,*,#5610,.F.);
#3156=ORIENTED_EDGE('',*,*,#5465,.F.);
#3157=ORIENTED_EDGE('',*,*,#5408,.F.);
#3158=ORIENTED_EDGE('',*,*,#5417,.T.);
#3159=ORIENTED_EDGE('',*,*,#5609,.T.);
#3160=ORIENTED_EDGE('',*,*,#5467,.F.);
#3161=ORIENTED_EDGE('',*,*,#5466,.F.);
#3162=ORIENTED_EDGE('',*,*,#5611,.T.);
#3163=ORIENTED_EDGE('',*,*,#5612,.T.);
#3164=ORIENTED_EDGE('',*,*,#5613,.T.);
#3165=ORIENTED_EDGE('',*,*,#5363,.T.);
#3166=ORIENTED_EDGE('',*,*,#5315,.T.);
#3167=ORIENTED_EDGE('',*,*,#5614,.T.);
#3168=ORIENTED_EDGE('',*,*,#5424,.F.);
#3169=ORIENTED_EDGE('',*,*,#5608,.F.);
#3170=ORIENTED_EDGE('',*,*,#5615,.F.);
#3171=ORIENTED_EDGE('',*,*,#5616,.F.);
#3172=ORIENTED_EDGE('',*,*,#5420,.F.);
#3173=ORIENTED_EDGE('',*,*,#5617,.T.);
#3174=ORIENTED_EDGE('',*,*,#5618,.T.);
#3175=ORIENTED_EDGE('',*,*,#5619,.F.);
#3176=ORIENTED_EDGE('',*,*,#5366,.F.);
#3177=ORIENTED_EDGE('',*,*,#5620,.T.);
#3178=ORIENTED_EDGE('',*,*,#5621,.T.);
#3179=ORIENTED_EDGE('',*,*,#5622,.F.);
#3180=ORIENTED_EDGE('',*,*,#5413,.T.);
#3181=ORIENTED_EDGE('',*,*,#5623,.T.);
#3182=ORIENTED_EDGE('',*,*,#5624,.T.);
#3183=ORIENTED_EDGE('',*,*,#5625,.T.);
#3184=ORIENTED_EDGE('',*,*,#5626,.F.);
#3185=ORIENTED_EDGE('',*,*,#5350,.T.);
#3186=ORIENTED_EDGE('',*,*,#5627,.T.);
#3187=ORIENTED_EDGE('',*,*,#5628,.T.);
#3188=ORIENTED_EDGE('',*,*,#5629,.T.);
#3189=ORIENTED_EDGE('',*,*,#5507,.F.);
#3190=ORIENTED_EDGE('',*,*,#5630,.T.);
#3191=ORIENTED_EDGE('',*,*,#5403,.T.);
#3192=ORIENTED_EDGE('',*,*,#5544,.F.);
#3193=ORIENTED_EDGE('',*,*,#5606,.F.);
#3194=ORIENTED_EDGE('',*,*,#5604,.F.);
#3195=ORIENTED_EDGE('',*,*,#5602,.T.);
#3196=ORIENTED_EDGE('',*,*,#5601,.T.);
#3197=ORIENTED_EDGE('',*,*,#5631,.T.);
#3198=ORIENTED_EDGE('',*,*,#5632,.T.);
#3199=ORIENTED_EDGE('',*,*,#5633,.T.);
#3200=ORIENTED_EDGE('',*,*,#5634,.F.);
#3201=ORIENTED_EDGE('',*,*,#5635,.F.);
#3202=ORIENTED_EDGE('',*,*,#5597,.T.);
#3203=ORIENTED_EDGE('',*,*,#5626,.T.);
#3204=ORIENTED_EDGE('',*,*,#5636,.T.);
#3205=ORIENTED_EDGE('',*,*,#5462,.F.);
#3206=ORIENTED_EDGE('',*,*,#5449,.F.);
#3207=ORIENTED_EDGE('',*,*,#5637,.F.);
#3208=ORIENTED_EDGE('',*,*,#5638,.T.);
#3209=ORIENTED_EDGE('',*,*,#5639,.T.);
#3210=ORIENTED_EDGE('',*,*,#5343,.T.);
#3211=ORIENTED_EDGE('',*,*,#5455,.F.);
#3212=ORIENTED_EDGE('',*,*,#5274,.F.);
#3213=ORIENTED_EDGE('',*,*,#5640,.T.);
#3214=ORIENTED_EDGE('',*,*,#5637,.T.);
#3215=ORIENTED_EDGE('',*,*,#5460,.F.);
#3216=ORIENTED_EDGE('',*,*,#5446,.F.);
#3217=ORIENTED_EDGE('',*,*,#5641,.T.);
#3218=ORIENTED_EDGE('',*,*,#5642,.T.);
#3219=ORIENTED_EDGE('',*,*,#5451,.F.);
#3220=ORIENTED_EDGE('',*,*,#5643,.F.);
#3221=ORIENTED_EDGE('',*,*,#5644,.T.);
#3222=ORIENTED_EDGE('',*,*,#5442,.T.);
#3223=ORIENTED_EDGE('',*,*,#5464,.F.);
#3224=ORIENTED_EDGE('',*,*,#5642,.F.);
#3225=ORIENTED_EDGE('',*,*,#5645,.T.);
#3226=ORIENTED_EDGE('',*,*,#5643,.T.);
#3227=ORIENTED_EDGE('',*,*,#5646,.T.);
#3228=ORIENTED_EDGE('',*,*,#5418,.T.);
#3229=ORIENTED_EDGE('',*,*,#5647,.T.);
#3230=ORIENTED_EDGE('',*,*,#5648,.T.);
#3231=ORIENTED_EDGE('',*,*,#5649,.T.);
#3232=ORIENTED_EDGE('',*,*,#5457,.T.);
#3233=ORIENTED_EDGE('',*,*,#5650,.T.);
#3234=ORIENTED_EDGE('',*,*,#5651,.T.);
#3235=ORIENTED_EDGE('',*,*,#5358,.F.);
#3236=ORIENTED_EDGE('',*,*,#5652,.F.);
#3237=ORIENTED_EDGE('',*,*,#5473,.F.);
#3238=ORIENTED_EDGE('',*,*,#5414,.T.);
#3239=ORIENTED_EDGE('',*,*,#5653,.T.);
#3240=ORIENTED_EDGE('',*,*,#5654,.F.);
#3241=ORIENTED_EDGE('',*,*,#5618,.F.);
#3242=ORIENTED_EDGE('',*,*,#5655,.T.);
#3243=ORIENTED_EDGE('',*,*,#5372,.F.);
#3244=ORIENTED_EDGE('',*,*,#5427,.T.);
#3245=ORIENTED_EDGE('',*,*,#5656,.T.);
#3246=ORIENTED_EDGE('',*,*,#5657,.F.);
#3247=ORIENTED_EDGE('',*,*,#5610,.T.);
#3248=ORIENTED_EDGE('',*,*,#5415,.T.);
#3249=ORIENTED_EDGE('',*,*,#5406,.F.);
#3250=ORIENTED_EDGE('',*,*,#5658,.F.);
#3251=ORIENTED_EDGE('',*,*,#5659,.F.);
#3252=ORIENTED_EDGE('',*,*,#5471,.F.);
#3253=ORIENTED_EDGE('',*,*,#5368,.T.);
#3254=ORIENTED_EDGE('',*,*,#5660,.F.);
#3255=ORIENTED_EDGE('',*,*,#5653,.F.);
#3256=ORIENTED_EDGE('',*,*,#5470,.F.);
#3257=ORIENTED_EDGE('',*,*,#5469,.F.);
#3258=ORIENTED_EDGE('',*,*,#5616,.T.);
#3259=ORIENTED_EDGE('',*,*,#5661,.F.);
#3260=ORIENTED_EDGE('',*,*,#5656,.F.);
#3261=ORIENTED_EDGE('',*,*,#5430,.F.);
#3262=ORIENTED_EDGE('',*,*,#5421,.F.);
#3263=ORIENTED_EDGE('',*,*,#5659,.T.);
#3264=ORIENTED_EDGE('',*,*,#5662,.F.);
#3265=ORIENTED_EDGE('',*,*,#5621,.F.);
#3266=ORIENTED_EDGE('',*,*,#5663,.T.);
#3267=ORIENTED_EDGE('',*,*,#5434,.F.);
#3268=ORIENTED_EDGE('',*,*,#5432,.T.);
#3269=ORIENTED_EDGE('',*,*,#5472,.F.);
#3270=ORIENTED_EDGE('',*,*,#5396,.T.);
#3271=ORIENTED_EDGE('',*,*,#5664,.F.);
#3272=ORIENTED_EDGE('',*,*,#5505,.F.);
#3273=ORIENTED_EDGE('',*,*,#5375,.T.);
#3274=ORIENTED_EDGE('',*,*,#5393,.T.);
#3275=ORIENTED_EDGE('',*,*,#5404,.T.);
#3276=ORIENTED_EDGE('',*,*,#5630,.F.);
#3277=ORIENTED_EDGE('',*,*,#5506,.F.);
#3278=ORIENTED_EDGE('',*,*,#5664,.T.);
#3279=ORIENTED_EDGE('',*,*,#5665,.F.);
#3280=ORIENTED_EDGE('',*,*,#5631,.F.);
#3281=ORIENTED_EDGE('',*,*,#5666,.T.);
#3282=ORIENTED_EDGE('',*,*,#5667,.F.);
#3283=ORIENTED_EDGE('',*,*,#5668,.F.);
#3284=ORIENTED_EDGE('',*,*,#5669,.T.);
#3285=ORIENTED_EDGE('',*,*,#5598,.T.);
#3286=ORIENTED_EDGE('',*,*,#5635,.T.);
#3287=ORIENTED_EDGE('',*,*,#5670,.F.);
#3288=ORIENTED_EDGE('',*,*,#5671,.F.);
#3289=ORIENTED_EDGE('',*,*,#5672,.F.);
#3290=ORIENTED_EDGE('',*,*,#5594,.T.);
#3291=ORIENTED_EDGE('',*,*,#5669,.F.);
#3292=ORIENTED_EDGE('',*,*,#5596,.T.);
#3293=ORIENTED_EDGE('',*,*,#5673,.F.);
#3294=ORIENTED_EDGE('',*,*,#5666,.F.);
#3295=ORIENTED_EDGE('',*,*,#5567,.F.);
#3296=ORIENTED_EDGE('',*,*,#5674,.F.);
#3297=ORIENTED_EDGE('',*,*,#5529,.F.);
#3298=ORIENTED_EDGE('',*,*,#5559,.F.);
#3299=ORIENTED_EDGE('',*,*,#5530,.F.);
#3300=ORIENTED_EDGE('',*,*,#5674,.T.);
#3301=ORIENTED_EDGE('',*,*,#5566,.F.);
#3302=ORIENTED_EDGE('',*,*,#5675,.T.);
#3303=ORIENTED_EDGE('',*,*,#5531,.F.);
#3304=ORIENTED_EDGE('',*,*,#5675,.F.);
#3305=ORIENTED_EDGE('',*,*,#5565,.F.);
#3306=ORIENTED_EDGE('',*,*,#5676,.F.);
#3307=ORIENTED_EDGE('',*,*,#5564,.T.);
#3308=ORIENTED_EDGE('',*,*,#5677,.T.);
#3309=ORIENTED_EDGE('',*,*,#5532,.T.);
#3310=ORIENTED_EDGE('',*,*,#5676,.T.);
#3311=ORIENTED_EDGE('',*,*,#5563,.F.);
#3312=ORIENTED_EDGE('',*,*,#5568,.F.);
#3313=ORIENTED_EDGE('',*,*,#5533,.F.);
#3314=ORIENTED_EDGE('',*,*,#5677,.F.);
#3315=ORIENTED_EDGE('',*,*,#5678,.F.);
#3316=ORIENTED_EDGE('',*,*,#5679,.F.);
#3317=ORIENTED_EDGE('',*,*,#5680,.F.);
#3318=ORIENTED_EDGE('',*,*,#5681,.T.);
#3319=ORIENTED_EDGE('',*,*,#5682,.F.);
#3320=ORIENTED_EDGE('',*,*,#5671,.T.);
#3321=ORIENTED_EDGE('',*,*,#5683,.T.);
#3322=ORIENTED_EDGE('',*,*,#5684,.T.);
#3323=ORIENTED_EDGE('',*,*,#5685,.T.);
#3324=ORIENTED_EDGE('',*,*,#5678,.T.);
#3325=ORIENTED_EDGE('',*,*,#5670,.T.);
#3326=ORIENTED_EDGE('',*,*,#5668,.T.);
#3327=ORIENTED_EDGE('',*,*,#5634,.T.);
#3328=ORIENTED_EDGE('',*,*,#5686,.F.);
#3329=ORIENTED_EDGE('',*,*,#5687,.F.);
#3330=ORIENTED_EDGE('',*,*,#5688,.F.);
#3331=ORIENTED_EDGE('',*,*,#5632,.F.);
#3332=ORIENTED_EDGE('',*,*,#5665,.T.);
#3333=ORIENTED_EDGE('',*,*,#5689,.F.);
#3334=ORIENTED_EDGE('',*,*,#5681,.F.);
#3335=ORIENTED_EDGE('',*,*,#5690,.F.);
#3336=ORIENTED_EDGE('',*,*,#5673,.T.);
#3337=ORIENTED_EDGE('',*,*,#5690,.T.);
#3338=ORIENTED_EDGE('',*,*,#5680,.T.);
#3339=ORIENTED_EDGE('',*,*,#5691,.F.);
#3340=ORIENTED_EDGE('',*,*,#5692,.F.);
#3341=ORIENTED_EDGE('',*,*,#5686,.T.);
#3342=ORIENTED_EDGE('',*,*,#5667,.T.);
#3343=ORIENTED_EDGE('',*,*,#5688,.T.);
#3344=ORIENTED_EDGE('',*,*,#5693,.T.);
#3345=ORIENTED_EDGE('',*,*,#5683,.F.);
#3346=ORIENTED_EDGE('',*,*,#5633,.F.);
#3347=ORIENTED_EDGE('',*,*,#5682,.T.);
#3348=ORIENTED_EDGE('',*,*,#5689,.T.);
#3349=ORIENTED_EDGE('',*,*,#5595,.T.);
#3350=ORIENTED_EDGE('',*,*,#5672,.T.);
#3351=ORIENTED_EDGE('',*,*,#5570,.F.);
#3352=ORIENTED_EDGE('',*,*,#5475,.F.);
#3353=ORIENTED_EDGE('',*,*,#5399,.F.);
#3354=ORIENTED_EDGE('',*,*,#5550,.F.);
#3355=ORIENTED_EDGE('',*,*,#5487,.F.);
#3356=ORIENTED_EDGE('',*,*,#5574,.F.);
#3357=ORIENTED_EDGE('',*,*,#5485,.F.);
#3358=ORIENTED_EDGE('',*,*,#5500,.F.);
#3359=ORIENTED_EDGE('',*,*,#5491,.F.);
#3360=ORIENTED_EDGE('',*,*,#5495,.F.);
#3361=ORIENTED_EDGE('',*,*,#5651,.F.);
#3362=ORIENTED_EDGE('',*,*,#5694,.T.);
#3363=ORIENTED_EDGE('',*,*,#5624,.F.);
#3364=ORIENTED_EDGE('',*,*,#5695,.T.);
#3365=ORIENTED_EDGE('',*,*,#5313,.F.);
#3366=ORIENTED_EDGE('',*,*,#5696,.T.);
#3367=ORIENTED_EDGE('',*,*,#5648,.F.);
#3368=ORIENTED_EDGE('',*,*,#5697,.T.);
#3369=ORIENTED_EDGE('',*,*,#5419,.F.);
#3370=ORIENTED_EDGE('',*,*,#5646,.F.);
#3371=ORIENTED_EDGE('',*,*,#5695,.F.);
#3372=ORIENTED_EDGE('',*,*,#5623,.F.);
#3373=ORIENTED_EDGE('',*,*,#5412,.F.);
#3374=ORIENTED_EDGE('',*,*,#5435,.F.);
#3375=ORIENTED_EDGE('',*,*,#5663,.F.);
#3376=ORIENTED_EDGE('',*,*,#5620,.F.);
#3377=ORIENTED_EDGE('',*,*,#5365,.F.);
#3378=ORIENTED_EDGE('',*,*,#5370,.F.);
#3379=ORIENTED_EDGE('',*,*,#5655,.F.);
#3380=ORIENTED_EDGE('',*,*,#5617,.F.);
#3381=ORIENTED_EDGE('',*,*,#5314,.F.);
#3382=ORIENTED_EDGE('',*,*,#5697,.F.);
#3383=ORIENTED_EDGE('',*,*,#5647,.F.);
#3384=ORIENTED_EDGE('',*,*,#5425,.F.);
#3385=ORIENTED_EDGE('',*,*,#5614,.F.);
#3386=ORIENTED_EDGE('',*,*,#5625,.F.);
#3387=ORIENTED_EDGE('',*,*,#5694,.F.);
#3388=ORIENTED_EDGE('',*,*,#5650,.F.);
#3389=ORIENTED_EDGE('',*,*,#5456,.F.);
#3390=ORIENTED_EDGE('',*,*,#5463,.F.);
#3391=ORIENTED_EDGE('',*,*,#5636,.F.);
#3392=ORIENTED_EDGE('',*,*,#5649,.F.);
#3393=ORIENTED_EDGE('',*,*,#5696,.F.);
#3394=ORIENTED_EDGE('',*,*,#5312,.F.);
#3395=ORIENTED_EDGE('',*,*,#5474,.F.);
#3396=ORIENTED_EDGE('',*,*,#5458,.F.);
#3397=ORIENTED_EDGE('',*,*,#5658,.T.);
#3398=ORIENTED_EDGE('',*,*,#5405,.T.);
#3399=ORIENTED_EDGE('',*,*,#5622,.T.);
#3400=ORIENTED_EDGE('',*,*,#5662,.T.);
#3401=ORIENTED_EDGE('',*,*,#5657,.T.);
#3402=ORIENTED_EDGE('',*,*,#5661,.T.);
#3403=ORIENTED_EDGE('',*,*,#5615,.T.);
#3404=ORIENTED_EDGE('',*,*,#5607,.T.);
#3405=ORIENTED_EDGE('',*,*,#5660,.T.);
#3406=ORIENTED_EDGE('',*,*,#5367,.T.);
#3407=ORIENTED_EDGE('',*,*,#5619,.T.);
#3408=ORIENTED_EDGE('',*,*,#5654,.T.);
#3409=ORIENTED_EDGE('',*,*,#5337,.F.);
#3410=ORIENTED_EDGE('',*,*,#5347,.T.);
#3411=ORIENTED_EDGE('',*,*,#5698,.T.);
#3412=ORIENTED_EDGE('',*,*,#5699,.T.);
#3413=ORIENTED_EDGE('',*,*,#5700,.T.);
#3414=ORIENTED_EDGE('',*,*,#5701,.T.);
#3415=ORIENTED_EDGE('',*,*,#5702,.T.);
#3416=ORIENTED_EDGE('',*,*,#5338,.F.);
#3417=ORIENTED_EDGE('',*,*,#5703,.T.);
#3418=ORIENTED_EDGE('',*,*,#5319,.T.);
#3419=ORIENTED_EDGE('',*,*,#5283,.T.);
#3420=ORIENTED_EDGE('',*,*,#5265,.F.);
#3421=ORIENTED_EDGE('',*,*,#5704,.T.);
#3422=ORIENTED_EDGE('',*,*,#5705,.T.);
#3423=ORIENTED_EDGE('',*,*,#5341,.F.);
#3424=ORIENTED_EDGE('',*,*,#5345,.F.);
#3425=ORIENTED_EDGE('',*,*,#5706,.T.);
#3426=ORIENTED_EDGE('',*,*,#5707,.T.);
#3427=ORIENTED_EDGE('',*,*,#5708,.F.);
#3428=ORIENTED_EDGE('',*,*,#5344,.T.);
#3429=ORIENTED_EDGE('',*,*,#5639,.F.);
#3430=ORIENTED_EDGE('',*,*,#5709,.T.);
#3431=ORIENTED_EDGE('',*,*,#5706,.F.);
#3432=ORIENTED_EDGE('',*,*,#5348,.T.);
#3433=ORIENTED_EDGE('',*,*,#5702,.F.);
#3434=ORIENTED_EDGE('',*,*,#5710,.T.);
#3435=ORIENTED_EDGE('',*,*,#5701,.F.);
#3436=ORIENTED_EDGE('',*,*,#5711,.T.);
#3437=ORIENTED_EDGE('',*,*,#5356,.T.);
#3438=ORIENTED_EDGE('',*,*,#5712,.T.);
#3439=ORIENTED_EDGE('',*,*,#5629,.F.);
#3440=ORIENTED_EDGE('',*,*,#5713,.T.);
#3441=ORIENTED_EDGE('',*,*,#5627,.F.);
#3442=ORIENTED_EDGE('',*,*,#5349,.T.);
#3443=ORIENTED_EDGE('',*,*,#5710,.F.);
#3444=ORIENTED_EDGE('',*,*,#5700,.F.);
#3445=ORIENTED_EDGE('',*,*,#5714,.T.);
#3446=ORIENTED_EDGE('',*,*,#5359,.T.);
#3447=ORIENTED_EDGE('',*,*,#5715,.T.);
#3448=ORIENTED_EDGE('',*,*,#5357,.T.);
#3449=ORIENTED_EDGE('',*,*,#5711,.F.);
#3450=ORIENTED_EDGE('',*,*,#5699,.F.);
#3451=ORIENTED_EDGE('',*,*,#5716,.T.);
#3452=ORIENTED_EDGE('',*,*,#5360,.T.);
#3453=ORIENTED_EDGE('',*,*,#5717,.T.);
#3454=ORIENTED_EDGE('',*,*,#5612,.F.);
#3455=ORIENTED_EDGE('',*,*,#5718,.T.);
#3456=ORIENTED_EDGE('',*,*,#5354,.T.);
#3457=ORIENTED_EDGE('',*,*,#5714,.F.);
#3458=ORIENTED_EDGE('',*,*,#5719,.T.);
#3459=ORIENTED_EDGE('',*,*,#5720,.T.);
#3460=ORIENTED_EDGE('',*,*,#5721,.T.);
#3461=ORIENTED_EDGE('',*,*,#5361,.T.);
#3462=ORIENTED_EDGE('',*,*,#5716,.F.);
#3463=ORIENTED_EDGE('',*,*,#5698,.F.);
#3464=ORIENTED_EDGE('',*,*,#5346,.T.);
#3465=ORIENTED_EDGE('',*,*,#5339,.F.);
#3466=ORIENTED_EDGE('',*,*,#5281,.T.);
#3467=ORIENTED_EDGE('',*,*,#5722,.F.);
#3468=ORIENTED_EDGE('',*,*,#5723,.T.);
#3469=ORIENTED_EDGE('',*,*,#5724,.F.);
#3470=ORIENTED_EDGE('',*,*,#5725,.F.);
#3471=ORIENTED_EDGE('',*,*,#5726,.T.);
#3472=ORIENTED_EDGE('',*,*,#5304,.F.);
#3473=ORIENTED_EDGE('',*,*,#5320,.F.);
#3474=ORIENTED_EDGE('',*,*,#5703,.F.);
#3475=ORIENTED_EDGE('',*,*,#5342,.F.);
#3476=ORIENTED_EDGE('',*,*,#5708,.T.);
#3477=ORIENTED_EDGE('',*,*,#5297,.F.);
#3478=ORIENTED_EDGE('',*,*,#5726,.F.);
#3479=ORIENTED_EDGE('',*,*,#5707,.F.);
#3480=ORIENTED_EDGE('',*,*,#5709,.F.);
#3481=ORIENTED_EDGE('',*,*,#5638,.F.);
#3482=ORIENTED_EDGE('',*,*,#5640,.F.);
#3483=ORIENTED_EDGE('',*,*,#5273,.F.);
#3484=ORIENTED_EDGE('',*,*,#5721,.F.);
#3485=ORIENTED_EDGE('',*,*,#5727,.F.);
#3486=ORIENTED_EDGE('',*,*,#5728,.F.);
#3487=ORIENTED_EDGE('',*,*,#5729,.F.);
#3488=ORIENTED_EDGE('',*,*,#5730,.F.);
#3489=ORIENTED_EDGE('',*,*,#5715,.F.);
#3490=ORIENTED_EDGE('',*,*,#5652,.T.);
#3491=ORIENTED_EDGE('',*,*,#5613,.F.);
#3492=ORIENTED_EDGE('',*,*,#5717,.F.);
#3493=ORIENTED_EDGE('',*,*,#5628,.F.);
#3494=ORIENTED_EDGE('',*,*,#5713,.F.);
#3495=ORIENTED_EDGE('',*,*,#5443,.F.);
#3496=ORIENTED_EDGE('',*,*,#5436,.F.);
#3497=ORIENTED_EDGE('',*,*,#5440,.F.);
#3498=ORIENTED_EDGE('',*,*,#5644,.F.);
#3499=ORIENTED_EDGE('',*,*,#5645,.F.);
#3500=ORIENTED_EDGE('',*,*,#5641,.F.);
#3501=ORIENTED_EDGE('',*,*,#5448,.F.);
#3502=ORIENTED_EDGE('',*,*,#5712,.F.);
#3503=ORIENTED_EDGE('',*,*,#5355,.F.);
#3504=ORIENTED_EDGE('',*,*,#5718,.F.);
#3505=ORIENTED_EDGE('',*,*,#5611,.F.);
#3506=ORIENTED_EDGE('',*,*,#5306,.F.);
#3507=ORIENTED_EDGE('',*,*,#5731,.T.);
#3508=ORIENTED_EDGE('',*,*,#5732,.T.);
#3509=ORIENTED_EDGE('',*,*,#5733,.F.);
#3510=ORIENTED_EDGE('',*,*,#5734,.T.);
#3511=ORIENTED_EDGE('',*,*,#5735,.F.);
#3512=ORIENTED_EDGE('',*,*,#5736,.F.);
#3513=ORIENTED_EDGE('',*,*,#5737,.T.);
#3514=ORIENTED_EDGE('',*,*,#5738,.T.);
#3515=ORIENTED_EDGE('',*,*,#5739,.F.);
#3516=ORIENTED_EDGE('',*,*,#5740,.F.);
#3517=ORIENTED_EDGE('',*,*,#5735,.T.);
#3518=ORIENTED_EDGE('',*,*,#5741,.T.);
#3519=ORIENTED_EDGE('',*,*,#5742,.F.);
#3520=ORIENTED_EDGE('',*,*,#5743,.F.);
#3521=ORIENTED_EDGE('',*,*,#5739,.T.);
#3522=ORIENTED_EDGE('',*,*,#5744,.T.);
#3523=ORIENTED_EDGE('',*,*,#5745,.F.);
#3524=ORIENTED_EDGE('',*,*,#5746,.F.);
#3525=ORIENTED_EDGE('',*,*,#5742,.T.);
#3526=ORIENTED_EDGE('',*,*,#5747,.T.);
#3527=ORIENTED_EDGE('',*,*,#5732,.F.);
#3528=ORIENTED_EDGE('',*,*,#5748,.F.);
#3529=ORIENTED_EDGE('',*,*,#5745,.T.);
#3530=ORIENTED_EDGE('',*,*,#5305,.F.);
#3531=ORIENTED_EDGE('',*,*,#5749,.T.);
#3532=ORIENTED_EDGE('',*,*,#5736,.T.);
#3533=ORIENTED_EDGE('',*,*,#5740,.T.);
#3534=ORIENTED_EDGE('',*,*,#5743,.T.);
#3535=ORIENTED_EDGE('',*,*,#5746,.T.);
#3536=ORIENTED_EDGE('',*,*,#5748,.T.);
#3537=ORIENTED_EDGE('',*,*,#5731,.F.);
#3538=ORIENTED_EDGE('',*,*,#5750,.F.);
#3539=ORIENTED_EDGE('',*,*,#5307,.T.);
#3540=ORIENTED_EDGE('',*,*,#5733,.T.);
#3541=ORIENTED_EDGE('',*,*,#5747,.F.);
#3542=ORIENTED_EDGE('',*,*,#5744,.F.);
#3543=ORIENTED_EDGE('',*,*,#5741,.F.);
#3544=ORIENTED_EDGE('',*,*,#5738,.F.);
#3545=ORIENTED_EDGE('',*,*,#5734,.F.);
#3546=ORIENTED_EDGE('',*,*,#5308,.F.);
#3547=ORIENTED_EDGE('',*,*,#5750,.T.);
#3548=ORIENTED_EDGE('',*,*,#5737,.F.);
#3549=ORIENTED_EDGE('',*,*,#5749,.F.);
#3550=ORIENTED_EDGE('',*,*,#5684,.F.);
#3551=ORIENTED_EDGE('',*,*,#5693,.F.);
#3552=ORIENTED_EDGE('',*,*,#5687,.T.);
#3553=ORIENTED_EDGE('',*,*,#5692,.T.);
#3554=ORIENTED_EDGE('',*,*,#5751,.T.);
#3555=ORIENTED_EDGE('',*,*,#5691,.T.);
#3556=ORIENTED_EDGE('',*,*,#5679,.T.);
#3557=ORIENTED_EDGE('',*,*,#5685,.F.);
#3558=ORIENTED_EDGE('',*,*,#5751,.F.);
#3559=ORIENTED_EDGE('',*,*,#5752,.F.);
#3560=ORIENTED_EDGE('',*,*,#5753,.T.);
#3561=ORIENTED_EDGE('',*,*,#5754,.F.);
#3562=ORIENTED_EDGE('',*,*,#5755,.F.);
#3563=ORIENTED_EDGE('',*,*,#5290,.F.);
#3564=ORIENTED_EDGE('',*,*,#5318,.T.);
#3565=ORIENTED_EDGE('',*,*,#5331,.T.);
#3566=ORIENTED_EDGE('',*,*,#5295,.F.);
#3567=ORIENTED_EDGE('',*,*,#5756,.F.);
#3568=ORIENTED_EDGE('',*,*,#5757,.T.);
#3569=ORIENTED_EDGE('',*,*,#5757,.F.);
#3570=ORIENTED_EDGE('',*,*,#5325,.F.);
#3571=ORIENTED_EDGE('',*,*,#5351,.T.);
#3572=ORIENTED_EDGE('',*,*,#5758,.T.);
#3573=ORIENTED_EDGE('',*,*,#5353,.F.);
#3574=ORIENTED_EDGE('',*,*,#5329,.F.);
#3575=ORIENTED_EDGE('',*,*,#5352,.F.);
#3576=ORIENTED_EDGE('',*,*,#5758,.F.);
#3577=ORIENTED_EDGE('',*,*,#5323,.F.);
#3578=ORIENTED_EDGE('',*,*,#5759,.T.);
#3579=ORIENTED_EDGE('',*,*,#5321,.T.);
#3580=ORIENTED_EDGE('',*,*,#5760,.T.);
#3581=ORIENTED_EDGE('',*,*,#5324,.F.);
#3582=ORIENTED_EDGE('',*,*,#5759,.F.);
#3583=ORIENTED_EDGE('',*,*,#5322,.F.);
#3584=ORIENTED_EDGE('',*,*,#5760,.F.);
#3585=ORIENTED_EDGE('',*,*,#5761,.T.);
#3586=ORIENTED_EDGE('',*,*,#5362,.F.);
#3587=ORIENTED_EDGE('',*,*,#5271,.T.);
#3588=ORIENTED_EDGE('',*,*,#5762,.F.);
#3589=ORIENTED_EDGE('',*,*,#5454,.F.);
#3590=ORIENTED_EDGE('',*,*,#5763,.F.);
#3591=ORIENTED_EDGE('',*,*,#5764,.T.);
#3592=ORIENTED_EDGE('',*,*,#5765,.T.);
#3593=ORIENTED_EDGE('',*,*,#5267,.T.);
#3594=ORIENTED_EDGE('',*,*,#5766,.F.);
#3595=ORIENTED_EDGE('',*,*,#5762,.T.);
#3596=ORIENTED_EDGE('',*,*,#5270,.F.);
#3597=ORIENTED_EDGE('',*,*,#5767,.T.);
#3598=ORIENTED_EDGE('',*,*,#5719,.F.);
#3599=ORIENTED_EDGE('',*,*,#5768,.T.);
#3600=ORIENTED_EDGE('',*,*,#5769,.T.);
#3601=ORIENTED_EDGE('',*,*,#5770,.F.);
#3602=ORIENTED_EDGE('',*,*,#5764,.F.);
#3603=ORIENTED_EDGE('',*,*,#5453,.F.);
#3604=ORIENTED_EDGE('',*,*,#5310,.F.);
#3605=ORIENTED_EDGE('',*,*,#5761,.F.);
#3606=ORIENTED_EDGE('',*,*,#5766,.T.);
#3607=ORIENTED_EDGE('',*,*,#5763,.T.);
#3608=ORIENTED_EDGE('',*,*,#5767,.F.);
#3609=ORIENTED_EDGE('',*,*,#5269,.F.);
#3610=ORIENTED_EDGE('',*,*,#5771,.F.);
#3611=ORIENTED_EDGE('',*,*,#5772,.F.);
#3612=ORIENTED_EDGE('',*,*,#5720,.F.);
#3613=ORIENTED_EDGE('',*,*,#5773,.F.);
#3614=ORIENTED_EDGE('',*,*,#5774,.T.);
#3615=ORIENTED_EDGE('',*,*,#5724,.T.);
#3616=ORIENTED_EDGE('',*,*,#5775,.T.);
#3617=ORIENTED_EDGE('',*,*,#5776,.F.);
#3618=ORIENTED_EDGE('',*,*,#5768,.F.);
#3619=ORIENTED_EDGE('',*,*,#5725,.T.);
#3620=ORIENTED_EDGE('',*,*,#5774,.F.);
#3621=ORIENTED_EDGE('',*,*,#5777,.F.);
#3622=ORIENTED_EDGE('',*,*,#5775,.F.);
#3623=ORIENTED_EDGE('',*,*,#5723,.F.);
#3624=ORIENTED_EDGE('',*,*,#5778,.F.);
#3625=ORIENTED_EDGE('',*,*,#5779,.F.);
#3626=ORIENTED_EDGE('',*,*,#5780,.F.);
#3627=ORIENTED_EDGE('',*,*,#5279,.T.);
#3628=ORIENTED_EDGE('',*,*,#5781,.F.);
#3629=ORIENTED_EDGE('',*,*,#5782,.F.);
#3630=ORIENTED_EDGE('',*,*,#5783,.F.);
#3631=ORIENTED_EDGE('',*,*,#5277,.F.);
#3632=ORIENTED_EDGE('',*,*,#5784,.F.);
#3633=ORIENTED_EDGE('',*,*,#5785,.F.);
#3634=ORIENTED_EDGE('',*,*,#5287,.T.);
#3635=ORIENTED_EDGE('',*,*,#5786,.F.);
#3636=ORIENTED_EDGE('',*,*,#5787,.F.);
#3637=ORIENTED_EDGE('',*,*,#5788,.F.);
#3638=ORIENTED_EDGE('',*,*,#5789,.F.);
#3639=ORIENTED_EDGE('',*,*,#5754,.T.);
#3640=ORIENTED_EDGE('',*,*,#5790,.F.);
#3641=ORIENTED_EDGE('',*,*,#5791,.T.);
#3642=ORIENTED_EDGE('',*,*,#5792,.T.);
#3643=ORIENTED_EDGE('',*,*,#5793,.T.);
#3644=ORIENTED_EDGE('',*,*,#5794,.T.);
#3645=ORIENTED_EDGE('',*,*,#5795,.T.);
#3646=ORIENTED_EDGE('',*,*,#5796,.T.);
#3647=ORIENTED_EDGE('',*,*,#5797,.T.);
#3648=ORIENTED_EDGE('',*,*,#5798,.T.);
#3649=ORIENTED_EDGE('',*,*,#5799,.T.);
#3650=ORIENTED_EDGE('',*,*,#5800,.T.);
#3651=ORIENTED_EDGE('',*,*,#5801,.T.);
#3652=ORIENTED_EDGE('',*,*,#5802,.T.);
#3653=ORIENTED_EDGE('',*,*,#5803,.T.);
#3654=ORIENTED_EDGE('',*,*,#5804,.T.);
#3655=ORIENTED_EDGE('',*,*,#5805,.T.);
#3656=ORIENTED_EDGE('',*,*,#5806,.T.);
#3657=ORIENTED_EDGE('',*,*,#5807,.T.);
#3658=ORIENTED_EDGE('',*,*,#5808,.T.);
#3659=ORIENTED_EDGE('',*,*,#5809,.T.);
#3660=ORIENTED_EDGE('',*,*,#5810,.T.);
#3661=ORIENTED_EDGE('',*,*,#5811,.T.);
#3662=ORIENTED_EDGE('',*,*,#5812,.T.);
#3663=ORIENTED_EDGE('',*,*,#5256,.F.);
#3664=ORIENTED_EDGE('',*,*,#5813,.F.);
#3665=ORIENTED_EDGE('',*,*,#5814,.F.);
#3666=ORIENTED_EDGE('',*,*,#5815,.F.);
#3667=ORIENTED_EDGE('',*,*,#5816,.T.);
#3668=ORIENTED_EDGE('',*,*,#5817,.T.);
#3669=ORIENTED_EDGE('',*,*,#5818,.T.);
#3670=ORIENTED_EDGE('',*,*,#5819,.T.);
#3671=ORIENTED_EDGE('',*,*,#5820,.T.);
#3672=ORIENTED_EDGE('',*,*,#5821,.T.);
#3673=ORIENTED_EDGE('',*,*,#5822,.T.);
#3674=ORIENTED_EDGE('',*,*,#5823,.T.);
#3675=ORIENTED_EDGE('',*,*,#5824,.F.);
#3676=ORIENTED_EDGE('',*,*,#5825,.T.);
#3677=ORIENTED_EDGE('',*,*,#5826,.F.);
#3678=ORIENTED_EDGE('',*,*,#5822,.F.);
#3679=ORIENTED_EDGE('',*,*,#5827,.F.);
#3680=ORIENTED_EDGE('',*,*,#5828,.T.);
#3681=ORIENTED_EDGE('',*,*,#5829,.T.);
#3682=ORIENTED_EDGE('',*,*,#5830,.F.);
#3683=ORIENTED_EDGE('',*,*,#5257,.T.);
#3684=ORIENTED_EDGE('',*,*,#5815,.T.);
#3685=ORIENTED_EDGE('',*,*,#5831,.T.);
#3686=ORIENTED_EDGE('',*,*,#5827,.T.);
#3687=ORIENTED_EDGE('',*,*,#5821,.F.);
#3688=ORIENTED_EDGE('',*,*,#5820,.F.);
#3689=ORIENTED_EDGE('',*,*,#5832,.F.);
#3690=ORIENTED_EDGE('',*,*,#5258,.T.);
#3691=ORIENTED_EDGE('',*,*,#5830,.T.);
#3692=ORIENTED_EDGE('',*,*,#5826,.T.);
#3693=ORIENTED_EDGE('',*,*,#5833,.F.);
#3694=ORIENTED_EDGE('',*,*,#5259,.T.);
#3695=ORIENTED_EDGE('',*,*,#5832,.T.);
#3696=ORIENTED_EDGE('',*,*,#5819,.F.);
#3697=ORIENTED_EDGE('',*,*,#5834,.F.);
#3698=ORIENTED_EDGE('',*,*,#5835,.F.);
#3699=ORIENTED_EDGE('',*,*,#5836,.T.);
#3700=ORIENTED_EDGE('',*,*,#5837,.T.);
#3701=ORIENTED_EDGE('',*,*,#5816,.F.);
#3702=ORIENTED_EDGE('',*,*,#5838,.T.);
#3703=ORIENTED_EDGE('',*,*,#5299,.T.);
#3704=ORIENTED_EDGE('',*,*,#5839,.T.);
#3705=ORIENTED_EDGE('',*,*,#5840,.F.);
#3706=ORIENTED_EDGE('',*,*,#5828,.F.);
#3707=ORIENTED_EDGE('',*,*,#5831,.F.);
#3708=ORIENTED_EDGE('',*,*,#5814,.T.);
#3709=ORIENTED_EDGE('',*,*,#5841,.F.);
#3710=ORIENTED_EDGE('',*,*,#5842,.F.);
#3711=ORIENTED_EDGE('',*,*,#5843,.T.);
#3712=ORIENTED_EDGE('',*,*,#5844,.T.);
#3713=ORIENTED_EDGE('',*,*,#5845,.F.);
#3714=ORIENTED_EDGE('',*,*,#5846,.T.);
#3715=ORIENTED_EDGE('',*,*,#5847,.T.);
#3716=ORIENTED_EDGE('',*,*,#5848,.T.);
#3717=ORIENTED_EDGE('',*,*,#5849,.F.);
#3718=ORIENTED_EDGE('',*,*,#5850,.T.);
#3719=ORIENTED_EDGE('',*,*,#5837,.F.);
#3720=ORIENTED_EDGE('',*,*,#5851,.T.);
#3721=ORIENTED_EDGE('',*,*,#5852,.T.);
#3722=ORIENTED_EDGE('',*,*,#5817,.F.);
#3723=ORIENTED_EDGE('',*,*,#5853,.T.);
#3724=ORIENTED_EDGE('',*,*,#5824,.T.);
#3725=ORIENTED_EDGE('',*,*,#5834,.T.);
#3726=ORIENTED_EDGE('',*,*,#5818,.F.);
#3727=ORIENTED_EDGE('',*,*,#5852,.F.);
#3728=ORIENTED_EDGE('',*,*,#5791,.F.);
#3729=ORIENTED_EDGE('',*,*,#5854,.F.);
#3730=ORIENTED_EDGE('',*,*,#5842,.T.);
#3731=ORIENTED_EDGE('',*,*,#5855,.F.);
#3732=ORIENTED_EDGE('',*,*,#5807,.F.);
#3733=ORIENTED_EDGE('',*,*,#5856,.T.);
#3734=ORIENTED_EDGE('',*,*,#5246,.T.);
#3735=ORIENTED_EDGE('',*,*,#5857,.T.);
#3736=ORIENTED_EDGE('',*,*,#5238,.T.);
#3737=ORIENTED_EDGE('',*,*,#5858,.T.);
#3738=ORIENTED_EDGE('',*,*,#5795,.F.);
#3739=ORIENTED_EDGE('',*,*,#5859,.T.);
#3740=ORIENTED_EDGE('',*,*,#5860,.F.);
#3741=ORIENTED_EDGE('',*,*,#5752,.T.);
#3742=ORIENTED_EDGE('',*,*,#5861,.F.);
#3743=ORIENTED_EDGE('',*,*,#5862,.F.);
#3744=ORIENTED_EDGE('',*,*,#5863,.F.);
#3745=ORIENTED_EDGE('',*,*,#5864,.F.);
#3746=ORIENTED_EDGE('',*,*,#5865,.F.);
#3747=ORIENTED_EDGE('',*,*,#5293,.F.);
#3748=ORIENTED_EDGE('',*,*,#5866,.F.);
#3749=ORIENTED_EDGE('',*,*,#5867,.T.);
#3750=ORIENTED_EDGE('',*,*,#5868,.F.);
#3751=ORIENTED_EDGE('',*,*,#5869,.T.);
#3752=ORIENTED_EDGE('',*,*,#5870,.F.);
#3753=ORIENTED_EDGE('',*,*,#5871,.T.);
#3754=ORIENTED_EDGE('',*,*,#5872,.F.);
#3755=ORIENTED_EDGE('',*,*,#5873,.F.);
#3756=ORIENTED_EDGE('',*,*,#5254,.T.);
#3757=ORIENTED_EDGE('',*,*,#5874,.F.);
#3758=ORIENTED_EDGE('',*,*,#5875,.T.);
#3759=ORIENTED_EDGE('',*,*,#5876,.F.);
#3760=ORIENTED_EDGE('',*,*,#5877,.F.);
#3761=ORIENTED_EDGE('',*,*,#5878,.F.);
#3762=ORIENTED_EDGE('',*,*,#5879,.F.);
#3763=ORIENTED_EDGE('',*,*,#5880,.F.);
#3764=ORIENTED_EDGE('',*,*,#5881,.F.);
#3765=ORIENTED_EDGE('',*,*,#5882,.F.);
#3766=ORIENTED_EDGE('',*,*,#5883,.T.);
#3767=ORIENTED_EDGE('',*,*,#5881,.T.);
#3768=ORIENTED_EDGE('',*,*,#5884,.T.);
#3769=ORIENTED_EDGE('',*,*,#5876,.T.);
#3770=ORIENTED_EDGE('',*,*,#5885,.T.);
#3771=ORIENTED_EDGE('',*,*,#5868,.T.);
#3772=ORIENTED_EDGE('',*,*,#5886,.T.);
#3773=ORIENTED_EDGE('',*,*,#5872,.T.);
#3774=ORIENTED_EDGE('',*,*,#5248,.T.);
#3775=ORIENTED_EDGE('',*,*,#5887,.T.);
#3776=ORIENTED_EDGE('',*,*,#5805,.F.);
#3777=ORIENTED_EDGE('',*,*,#5888,.T.);
#3778=ORIENTED_EDGE('',*,*,#5797,.F.);
#3779=ORIENTED_EDGE('',*,*,#5889,.T.);
#3780=ORIENTED_EDGE('',*,*,#5242,.T.);
#3781=ORIENTED_EDGE('',*,*,#5890,.T.);
#3782=ORIENTED_EDGE('',*,*,#5799,.F.);
#3783=ORIENTED_EDGE('',*,*,#5891,.T.);
#3784=ORIENTED_EDGE('',*,*,#5240,.T.);
#3785=ORIENTED_EDGE('',*,*,#5892,.T.);
#3786=ORIENTED_EDGE('',*,*,#5794,.F.);
#3787=ORIENTED_EDGE('',*,*,#5893,.T.);
#3788=ORIENTED_EDGE('',*,*,#5843,.F.);
#3789=ORIENTED_EDGE('',*,*,#5854,.T.);
#3790=ORIENTED_EDGE('',*,*,#5792,.F.);
#3791=ORIENTED_EDGE('',*,*,#5855,.T.);
#3792=ORIENTED_EDGE('',*,*,#5841,.T.);
#3793=ORIENTED_EDGE('',*,*,#5813,.T.);
#3794=ORIENTED_EDGE('',*,*,#5255,.T.);
#3795=ORIENTED_EDGE('',*,*,#5873,.T.);
#3796=ORIENTED_EDGE('',*,*,#5849,.T.);
#3797=ORIENTED_EDGE('',*,*,#5894,.F.);
#3798=ORIENTED_EDGE('',*,*,#5812,.F.);
#3799=ORIENTED_EDGE('',*,*,#5895,.T.);
#3800=ORIENTED_EDGE('',*,*,#5845,.T.);
#3801=ORIENTED_EDGE('',*,*,#5896,.F.);
#3802=ORIENTED_EDGE('',*,*,#5244,.T.);
#3803=ORIENTED_EDGE('',*,*,#5897,.T.);
#3804=ORIENTED_EDGE('',*,*,#5801,.F.);
#3805=ORIENTED_EDGE('',*,*,#5898,.T.);
#3806=ORIENTED_EDGE('',*,*,#5811,.F.);
#3807=ORIENTED_EDGE('',*,*,#5899,.T.);
#3808=ORIENTED_EDGE('',*,*,#5846,.F.);
#3809=ORIENTED_EDGE('',*,*,#5895,.F.);
#3810=ORIENTED_EDGE('',*,*,#5882,.T.);
#3811=ORIENTED_EDGE('',*,*,#5883,.F.);
#3812=ORIENTED_EDGE('',*,*,#5871,.F.);
#3813=ORIENTED_EDGE('',*,*,#5900,.F.);
#3814=ORIENTED_EDGE('',*,*,#5803,.F.);
#3815=ORIENTED_EDGE('',*,*,#5901,.T.);
#3816=ORIENTED_EDGE('',*,*,#5250,.T.);
#3817=ORIENTED_EDGE('',*,*,#5902,.T.);
#3818=ORIENTED_EDGE('',*,*,#5793,.F.);
#3819=ORIENTED_EDGE('',*,*,#5896,.T.);
#3820=ORIENTED_EDGE('',*,*,#5844,.F.);
#3821=ORIENTED_EDGE('',*,*,#5893,.F.);
#3822=ORIENTED_EDGE('',*,*,#5300,.T.);
#3823=ORIENTED_EDGE('',*,*,#5838,.F.);
#3824=ORIENTED_EDGE('',*,*,#5903,.F.);
#3825=ORIENTED_EDGE('',*,*,#5904,.F.);
#3826=ORIENTED_EDGE('',*,*,#5905,.F.);
#3827=ORIENTED_EDGE('',*,*,#5903,.T.);
#3828=ORIENTED_EDGE('',*,*,#5850,.F.);
#3829=ORIENTED_EDGE('',*,*,#5906,.F.);
#3830=ORIENTED_EDGE('',*,*,#5906,.T.);
#3831=ORIENTED_EDGE('',*,*,#5886,.F.);
#3832=ORIENTED_EDGE('',*,*,#5867,.F.);
#3833=ORIENTED_EDGE('',*,*,#5907,.F.);
#3834=ORIENTED_EDGE('',*,*,#5809,.F.);
#3835=ORIENTED_EDGE('',*,*,#5894,.T.);
#3836=ORIENTED_EDGE('',*,*,#5848,.F.);
#3837=ORIENTED_EDGE('',*,*,#5908,.F.);
#3838=ORIENTED_EDGE('',*,*,#5810,.F.);
#3839=ORIENTED_EDGE('',*,*,#5908,.T.);
#3840=ORIENTED_EDGE('',*,*,#5847,.F.);
#3841=ORIENTED_EDGE('',*,*,#5899,.F.);
#3842=ORIENTED_EDGE('',*,*,#5875,.F.);
#3843=ORIENTED_EDGE('',*,*,#5909,.F.);
#3844=ORIENTED_EDGE('',*,*,#5869,.F.);
#3845=ORIENTED_EDGE('',*,*,#5885,.F.);
#3846=ORIENTED_EDGE('',*,*,#5910,.F.);
#3847=ORIENTED_EDGE('',*,*,#5911,.F.);
#3848=ORIENTED_EDGE('',*,*,#5912,.F.);
#3849=ORIENTED_EDGE('',*,*,#5913,.T.);
#3850=ORIENTED_EDGE('',*,*,#5914,.F.);
#3851=ORIENTED_EDGE('',*,*,#5915,.F.);
#3852=ORIENTED_EDGE('',*,*,#5916,.F.);
#3853=ORIENTED_EDGE('',*,*,#5916,.T.);
#3854=ORIENTED_EDGE('',*,*,#5917,.F.);
#3855=ORIENTED_EDGE('',*,*,#5913,.F.);
#3856=ORIENTED_EDGE('',*,*,#5917,.T.);
#3857=ORIENTED_EDGE('',*,*,#5918,.F.);
#3858=ORIENTED_EDGE('',*,*,#5771,.T.);
#3859=ORIENTED_EDGE('',*,*,#5268,.F.);
#3860=ORIENTED_EDGE('',*,*,#5919,.F.);
#3861=ORIENTED_EDGE('',*,*,#5920,.F.);
#3862=ORIENTED_EDGE('',*,*,#5853,.F.);
#3863=ORIENTED_EDGE('',*,*,#5851,.F.);
#3864=ORIENTED_EDGE('',*,*,#5836,.F.);
#3865=ORIENTED_EDGE('',*,*,#5921,.F.);
#3866=ORIENTED_EDGE('',*,*,#5922,.F.);
#3867=ORIENTED_EDGE('',*,*,#5765,.F.);
#3868=ORIENTED_EDGE('',*,*,#5770,.T.);
#3869=ORIENTED_EDGE('',*,*,#5923,.F.);
#3870=ORIENTED_EDGE('',*,*,#5924,.F.);
#3871=ORIENTED_EDGE('',*,*,#5925,.T.);
#3872=ORIENTED_EDGE('',*,*,#5919,.T.);
#3873=ORIENTED_EDGE('',*,*,#5926,.F.);
#3874=ORIENTED_EDGE('',*,*,#5260,.T.);
#3875=ORIENTED_EDGE('',*,*,#5833,.T.);
#3876=ORIENTED_EDGE('',*,*,#5825,.F.);
#3877=ORIENTED_EDGE('',*,*,#5920,.T.);
#3878=ORIENTED_EDGE('',*,*,#5925,.F.);
#3879=ORIENTED_EDGE('',*,*,#5927,.T.);
#3880=ORIENTED_EDGE('',*,*,#5921,.T.);
#3881=ORIENTED_EDGE('',*,*,#5835,.T.);
#3882=ORIENTED_EDGE('',*,*,#5823,.F.);
#3883=ORIENTED_EDGE('',*,*,#5829,.F.);
#3884=ORIENTED_EDGE('',*,*,#5840,.T.);
#3885=ORIENTED_EDGE('',*,*,#5927,.F.);
#3886=ORIENTED_EDGE('',*,*,#5839,.F.);
#3887=ORIENTED_EDGE('',*,*,#5298,.T.);
#3888=ORIENTED_EDGE('',*,*,#5928,.T.);
#3889=ORIENTED_EDGE('',*,*,#5914,.T.);
#3890=ORIENTED_EDGE('',*,*,#5922,.T.);
#3891=ORIENTED_EDGE('',*,*,#5773,.T.);
#3892=ORIENTED_EDGE('',*,*,#5777,.T.);
#3893=ORIENTED_EDGE('',*,*,#5929,.F.);
#3894=ORIENTED_EDGE('',*,*,#5779,.T.);
#3895=ORIENTED_EDGE('',*,*,#5930,.T.);
#3896=ORIENTED_EDGE('',*,*,#5923,.T.);
#3897=ORIENTED_EDGE('',*,*,#5769,.F.);
#3898=ORIENTED_EDGE('',*,*,#5776,.T.);
#3899=ORIENTED_EDGE('',*,*,#5907,.T.);
#3900=ORIENTED_EDGE('',*,*,#5866,.T.);
#3901=ORIENTED_EDGE('',*,*,#5292,.T.);
#3902=ORIENTED_EDGE('',*,*,#5301,.T.);
#3903=ORIENTED_EDGE('',*,*,#5904,.T.);
#3904=ORIENTED_EDGE('',*,*,#5905,.T.);
#3905=ORIENTED_EDGE('',*,*,#5863,.T.);
#3906=ORIENTED_EDGE('',*,*,#5909,.T.);
#3907=ORIENTED_EDGE('',*,*,#5878,.T.);
#3908=ORIENTED_EDGE('',*,*,#5931,.T.);
#3909=ORIENTED_EDGE('',*,*,#5900,.T.);
#3910=ORIENTED_EDGE('',*,*,#5870,.T.);
#3911=ORIENTED_EDGE('',*,*,#5932,.T.);
#3912=ORIENTED_EDGE('',*,*,#5879,.T.);
#3913=ORIENTED_EDGE('',*,*,#5877,.T.);
#3914=ORIENTED_EDGE('',*,*,#5884,.F.);
#3915=ORIENTED_EDGE('',*,*,#5880,.T.);
#3916=ORIENTED_EDGE('',*,*,#5932,.F.);
#3917=ORIENTED_EDGE('',*,*,#5874,.T.);
#3918=ORIENTED_EDGE('',*,*,#5253,.T.);
#3919=ORIENTED_EDGE('',*,*,#5933,.T.);
#3920=ORIENTED_EDGE('',*,*,#5864,.T.);
#3921=ORIENTED_EDGE('',*,*,#5931,.F.);
#3922=ORIENTED_EDGE('',*,*,#5926,.T.);
#3923=ORIENTED_EDGE('',*,*,#5924,.T.);
#3924=ORIENTED_EDGE('',*,*,#5930,.F.);
#3925=ORIENTED_EDGE('',*,*,#5781,.T.);
#3926=ORIENTED_EDGE('',*,*,#5278,.T.);
#3927=ORIENTED_EDGE('',*,*,#5783,.T.);
#3928=ORIENTED_EDGE('',*,*,#5934,.F.);
#3929=ORIENTED_EDGE('',*,*,#5786,.T.);
#3930=ORIENTED_EDGE('',*,*,#5286,.T.);
#3931=ORIENTED_EDGE('',*,*,#5755,.T.);
#3932=ORIENTED_EDGE('',*,*,#5789,.T.);
#3933=ORIENTED_EDGE('',*,*,#5935,.F.);
#3934=ORIENTED_EDGE('',*,*,#5861,.T.);
#3935=ORIENTED_EDGE('',*,*,#5756,.T.);
#3936=ORIENTED_EDGE('',*,*,#5294,.T.);
#3937=ORIENTED_EDGE('',*,*,#5865,.T.);
#3938=ORIENTED_EDGE('',*,*,#5933,.F.);
#3939=ORIENTED_EDGE('',*,*,#5252,.T.);
#3940=ORIENTED_EDGE('',*,*,#5753,.F.);
#3941=ORIENTED_EDGE('',*,*,#5860,.T.);
#3942=ORIENTED_EDGE('',*,*,#5936,.T.);
#3943=ORIENTED_EDGE('',*,*,#5790,.T.);
#3944=ORIENTED_EDGE('',*,*,#5935,.T.);
#3945=ORIENTED_EDGE('',*,*,#5788,.T.);
#3946=ORIENTED_EDGE('',*,*,#5936,.F.);
#3947=ORIENTED_EDGE('',*,*,#5862,.T.);
#3948=ORIENTED_EDGE('',*,*,#5937,.T.);
#3949=ORIENTED_EDGE('',*,*,#5784,.T.);
#3950=ORIENTED_EDGE('',*,*,#5276,.T.);
#3951=ORIENTED_EDGE('',*,*,#5288,.T.);
#3952=ORIENTED_EDGE('',*,*,#5785,.T.);
#3953=ORIENTED_EDGE('',*,*,#5934,.T.);
#3954=ORIENTED_EDGE('',*,*,#5782,.T.);
#3955=ORIENTED_EDGE('',*,*,#5937,.F.);
#3956=ORIENTED_EDGE('',*,*,#5787,.T.);
#3957=ORIENTED_EDGE('',*,*,#5929,.T.);
#3958=ORIENTED_EDGE('',*,*,#5778,.T.);
#3959=ORIENTED_EDGE('',*,*,#5722,.T.);
#3960=ORIENTED_EDGE('',*,*,#5280,.T.);
#3961=ORIENTED_EDGE('',*,*,#5780,.T.);
#3962=ORIENTED_EDGE('',*,*,#5938,.F.);
#3963=ORIENTED_EDGE('',*,*,#5729,.T.);
#3964=ORIENTED_EDGE('',*,*,#5939,.T.);
#3965=ORIENTED_EDGE('',*,*,#5910,.T.);
#3966=ORIENTED_EDGE('',*,*,#5928,.F.);
#3967=ORIENTED_EDGE('',*,*,#5730,.T.);
#3968=ORIENTED_EDGE('',*,*,#5938,.T.);
#3969=ORIENTED_EDGE('',*,*,#5915,.T.);
#3970=ORIENTED_EDGE('',*,*,#5728,.T.);
#3971=ORIENTED_EDGE('',*,*,#5940,.T.);
#3972=ORIENTED_EDGE('',*,*,#5911,.T.);
#3973=ORIENTED_EDGE('',*,*,#5939,.F.);
#3974=ORIENTED_EDGE('',*,*,#5940,.F.);
#3975=ORIENTED_EDGE('',*,*,#5727,.T.);
#3976=ORIENTED_EDGE('',*,*,#5772,.T.);
#3977=ORIENTED_EDGE('',*,*,#5918,.T.);
#3978=ORIENTED_EDGE('',*,*,#5912,.T.);
#3979=ORIENTED_EDGE('',*,*,#5263,.F.);
#3980=ORIENTED_EDGE('',*,*,#5941,.T.);
#3981=ORIENTED_EDGE('',*,*,#5942,.T.);
#3982=ORIENTED_EDGE('',*,*,#5264,.F.);
#3983=ORIENTED_EDGE('',*,*,#5942,.F.);
#3984=ORIENTED_EDGE('',*,*,#5943,.F.);
#3985=ORIENTED_EDGE('',*,*,#5704,.F.);
#3986=ORIENTED_EDGE('',*,*,#5941,.F.);
#3987=ORIENTED_EDGE('',*,*,#5266,.T.);
#3988=ORIENTED_EDGE('',*,*,#5705,.F.);
#3989=ORIENTED_EDGE('',*,*,#5943,.T.);
#3990=ORIENTED_EDGE('',*,*,#5796,.F.);
#3991=ORIENTED_EDGE('',*,*,#5858,.F.);
#3992=ORIENTED_EDGE('',*,*,#5243,.F.);
#3993=ORIENTED_EDGE('',*,*,#5889,.F.);
#3994=ORIENTED_EDGE('',*,*,#5798,.F.);
#3995=ORIENTED_EDGE('',*,*,#5890,.F.);
#3996=ORIENTED_EDGE('',*,*,#5241,.F.);
#3997=ORIENTED_EDGE('',*,*,#5891,.F.);
#3998=ORIENTED_EDGE('',*,*,#5802,.F.);
#3999=ORIENTED_EDGE('',*,*,#5897,.F.);
#4000=ORIENTED_EDGE('',*,*,#5251,.F.);
#4001=ORIENTED_EDGE('',*,*,#5901,.F.);
#4002=ORIENTED_EDGE('',*,*,#5800,.F.);
#4003=ORIENTED_EDGE('',*,*,#5892,.F.);
#4004=ORIENTED_EDGE('',*,*,#5239,.F.);
#4005=ORIENTED_EDGE('',*,*,#5859,.F.);
#4006=ORIENTED_EDGE('',*,*,#5247,.F.);
#4007=ORIENTED_EDGE('',*,*,#5856,.F.);
#4008=ORIENTED_EDGE('',*,*,#5806,.F.);
#4009=ORIENTED_EDGE('',*,*,#5887,.F.);
#4010=ORIENTED_EDGE('',*,*,#5804,.F.);
#4011=ORIENTED_EDGE('',*,*,#5902,.F.);
#4012=ORIENTED_EDGE('',*,*,#5249,.F.);
#4013=ORIENTED_EDGE('',*,*,#5888,.F.);
#4014=ORIENTED_EDGE('',*,*,#5808,.F.);
#4015=ORIENTED_EDGE('',*,*,#5857,.F.);
#4016=ORIENTED_EDGE('',*,*,#5245,.F.);
#4017=ORIENTED_EDGE('',*,*,#5898,.F.);
#4018=ORIENTED_EDGE('',*,*,#5944,.T.);
#4019=ORIENTED_EDGE('',*,*,#5945,.F.);
#4020=ORIENTED_EDGE('',*,*,#5946,.F.);
#4021=ORIENTED_EDGE('',*,*,#5947,.F.);
#4022=ORIENTED_EDGE('',*,*,#5945,.T.);
#4023=ORIENTED_EDGE('',*,*,#5944,.F.);
#4024=ORIENTED_EDGE('',*,*,#5948,.F.);
#4025=ORIENTED_EDGE('',*,*,#5949,.T.);
#4026=ORIENTED_EDGE('',*,*,#5950,.F.);
#4027=ORIENTED_EDGE('',*,*,#5951,.F.);
#4028=ORIENTED_EDGE('',*,*,#5952,.F.);
#4029=ORIENTED_EDGE('',*,*,#5951,.T.);
#4030=ORIENTED_EDGE('',*,*,#5953,.T.);
#4031=ORIENTED_EDGE('',*,*,#5949,.F.);
#4032=ORIENTED_EDGE('',*,*,#5953,.F.);
#4033=ORIENTED_EDGE('',*,*,#5954,.T.);
#4034=ORIENTED_EDGE('',*,*,#5955,.T.);
#4035=ORIENTED_EDGE('',*,*,#5948,.T.);
#4036=ORIENTED_EDGE('',*,*,#5954,.F.);
#4037=ORIENTED_EDGE('',*,*,#5955,.F.);
#4038=ORIENTED_EDGE('',*,*,#5956,.F.);
#4039=ORIENTED_EDGE('',*,*,#5946,.T.);
#4040=ORIENTED_EDGE('',*,*,#5952,.T.);
#4041=ORIENTED_EDGE('',*,*,#5950,.T.);
#4042=ORIENTED_EDGE('',*,*,#5957,.T.);
#4043=ORIENTED_EDGE('',*,*,#5958,.T.);
#4044=ORIENTED_EDGE('',*,*,#5956,.T.);
#4045=ORIENTED_EDGE('',*,*,#5947,.T.);
#4046=ORIENTED_EDGE('',*,*,#5957,.F.);
#4047=ORIENTED_EDGE('',*,*,#5958,.F.);
#4048=ORIENTED_EDGE('',*,*,#5959,.F.);
#4049=ORIENTED_EDGE('',*,*,#5960,.T.);
#4050=ORIENTED_EDGE('',*,*,#5961,.T.);
#4051=ORIENTED_EDGE('',*,*,#5962,.T.);
#4052=ORIENTED_EDGE('',*,*,#5963,.F.);
#4053=ORIENTED_EDGE('',*,*,#5964,.T.);
#4054=ORIENTED_EDGE('',*,*,#5965,.T.);
#4055=ORIENTED_EDGE('',*,*,#5966,.T.);
#4056=ORIENTED_EDGE('',*,*,#5967,.F.);
#4057=ORIENTED_EDGE('',*,*,#5968,.T.);
#4058=ORIENTED_EDGE('',*,*,#5969,.T.);
#4059=ORIENTED_EDGE('',*,*,#5970,.T.);
#4060=ORIENTED_EDGE('',*,*,#5971,.F.);
#4061=ORIENTED_EDGE('',*,*,#5972,.T.);
#4062=ORIENTED_EDGE('',*,*,#5973,.T.);
#4063=ORIENTED_EDGE('',*,*,#5974,.T.);
#4064=ORIENTED_EDGE('',*,*,#5975,.F.);
#4065=ORIENTED_EDGE('',*,*,#5976,.T.);
#4066=ORIENTED_EDGE('',*,*,#5977,.T.);
#4067=ORIENTED_EDGE('',*,*,#5978,.T.);
#4068=ORIENTED_EDGE('',*,*,#5979,.F.);
#4069=ORIENTED_EDGE('',*,*,#5980,.T.);
#4070=ORIENTED_EDGE('',*,*,#5981,.T.);
#4071=ORIENTED_EDGE('',*,*,#5982,.T.);
#4072=ORIENTED_EDGE('',*,*,#5983,.F.);
#4073=ORIENTED_EDGE('',*,*,#5984,.T.);
#4074=ORIENTED_EDGE('',*,*,#5985,.T.);
#4075=ORIENTED_EDGE('',*,*,#5986,.T.);
#4076=ORIENTED_EDGE('',*,*,#5987,.F.);
#4077=ORIENTED_EDGE('',*,*,#5988,.T.);
#4078=ORIENTED_EDGE('',*,*,#5989,.T.);
#4079=ORIENTED_EDGE('',*,*,#5990,.T.);
#4080=ORIENTED_EDGE('',*,*,#5991,.F.);
#4081=ORIENTED_EDGE('',*,*,#5992,.T.);
#4082=ORIENTED_EDGE('',*,*,#5993,.T.);
#4083=ORIENTED_EDGE('',*,*,#5994,.T.);
#4084=ORIENTED_EDGE('',*,*,#5995,.F.);
#4085=ORIENTED_EDGE('',*,*,#5996,.T.);
#4086=ORIENTED_EDGE('',*,*,#5997,.T.);
#4087=ORIENTED_EDGE('',*,*,#5998,.T.);
#4088=ORIENTED_EDGE('',*,*,#5999,.F.);
#4089=ORIENTED_EDGE('',*,*,#6000,.T.);
#4090=ORIENTED_EDGE('',*,*,#6001,.T.);
#4091=ORIENTED_EDGE('',*,*,#6002,.T.);
#4092=ORIENTED_EDGE('',*,*,#6003,.F.);
#4093=ORIENTED_EDGE('',*,*,#6004,.T.);
#4094=ORIENTED_EDGE('',*,*,#6005,.T.);
#4095=ORIENTED_EDGE('',*,*,#6006,.T.);
#4096=ORIENTED_EDGE('',*,*,#6007,.F.);
#4097=ORIENTED_EDGE('',*,*,#6008,.T.);
#4098=ORIENTED_EDGE('',*,*,#6009,.T.);
#4099=ORIENTED_EDGE('',*,*,#6010,.T.);
#4100=ORIENTED_EDGE('',*,*,#6011,.F.);
#4101=ORIENTED_EDGE('',*,*,#6012,.T.);
#4102=ORIENTED_EDGE('',*,*,#6013,.T.);
#4103=ORIENTED_EDGE('',*,*,#6014,.T.);
#4104=ORIENTED_EDGE('',*,*,#6015,.F.);
#4105=ORIENTED_EDGE('',*,*,#6016,.T.);
#4106=ORIENTED_EDGE('',*,*,#6017,.T.);
#4107=ORIENTED_EDGE('',*,*,#6018,.T.);
#4108=ORIENTED_EDGE('',*,*,#6019,.F.);
#4109=ORIENTED_EDGE('',*,*,#6020,.T.);
#4110=ORIENTED_EDGE('',*,*,#6021,.T.);
#4111=ORIENTED_EDGE('',*,*,#6022,.T.);
#4112=ORIENTED_EDGE('',*,*,#6023,.F.);
#4113=ORIENTED_EDGE('',*,*,#6024,.T.);
#4114=ORIENTED_EDGE('',*,*,#6025,.T.);
#4115=ORIENTED_EDGE('',*,*,#6026,.T.);
#4116=ORIENTED_EDGE('',*,*,#6027,.F.);
#4117=ORIENTED_EDGE('',*,*,#6028,.T.);
#4118=ORIENTED_EDGE('',*,*,#6029,.T.);
#4119=ORIENTED_EDGE('',*,*,#6030,.T.);
#4120=ORIENTED_EDGE('',*,*,#6031,.F.);
#4121=ORIENTED_EDGE('',*,*,#6032,.T.);
#4122=ORIENTED_EDGE('',*,*,#6033,.T.);
#4123=ORIENTED_EDGE('',*,*,#6034,.T.);
#4124=ORIENTED_EDGE('',*,*,#6035,.T.);
#4125=ORIENTED_EDGE('',*,*,#6036,.T.);
#4126=ORIENTED_EDGE('',*,*,#6037,.F.);
#4127=ORIENTED_EDGE('',*,*,#6038,.F.);
#4128=ORIENTED_EDGE('',*,*,#6037,.T.);
#4129=ORIENTED_EDGE('',*,*,#6039,.T.);
#4130=ORIENTED_EDGE('',*,*,#6040,.F.);
#4131=ORIENTED_EDGE('',*,*,#6041,.F.);
#4132=ORIENTED_EDGE('',*,*,#6040,.T.);
#4133=ORIENTED_EDGE('',*,*,#6042,.T.);
#4134=ORIENTED_EDGE('',*,*,#6043,.F.);
#4135=ORIENTED_EDGE('',*,*,#6044,.F.);
#4136=ORIENTED_EDGE('',*,*,#6045,.F.);
#4137=ORIENTED_EDGE('',*,*,#6046,.T.);
#4138=ORIENTED_EDGE('',*,*,#6047,.T.);
#4139=ORIENTED_EDGE('',*,*,#6048,.T.);
#4140=ORIENTED_EDGE('',*,*,#6043,.T.);
#4141=ORIENTED_EDGE('',*,*,#6049,.T.);
#4142=ORIENTED_EDGE('',*,*,#6035,.F.);
#4143=ORIENTED_EDGE('',*,*,#6050,.F.);
#4144=ORIENTED_EDGE('',*,*,#6051,.T.);
#4145=ORIENTED_EDGE('',*,*,#6036,.F.);
#4146=ORIENTED_EDGE('',*,*,#6049,.F.);
#4147=ORIENTED_EDGE('',*,*,#6042,.F.);
#4148=ORIENTED_EDGE('',*,*,#6039,.F.);
#4149=ORIENTED_EDGE('',*,*,#6052,.T.);
#4150=ORIENTED_EDGE('',*,*,#6053,.T.);
#4151=ORIENTED_EDGE('',*,*,#6054,.T.);
#4152=ORIENTED_EDGE('',*,*,#6055,.T.);
#4153=ORIENTED_EDGE('',*,*,#6056,.T.);
#4154=ORIENTED_EDGE('',*,*,#6057,.T.);
#4155=ORIENTED_EDGE('',*,*,#6058,.T.);
#4156=ORIENTED_EDGE('',*,*,#6059,.T.);
#4157=ORIENTED_EDGE('',*,*,#6060,.T.);
#4158=ORIENTED_EDGE('',*,*,#6061,.T.);
#4159=ORIENTED_EDGE('',*,*,#6062,.T.);
#4160=ORIENTED_EDGE('',*,*,#6063,.T.);
#4161=ORIENTED_EDGE('',*,*,#6064,.T.);
#4162=ORIENTED_EDGE('',*,*,#6065,.T.);
#4163=ORIENTED_EDGE('',*,*,#6066,.T.);
#4164=ORIENTED_EDGE('',*,*,#6067,.T.);
#4165=ORIENTED_EDGE('',*,*,#6068,.T.);
#4166=ORIENTED_EDGE('',*,*,#6069,.T.);
#4167=ORIENTED_EDGE('',*,*,#6070,.T.);
#4168=ORIENTED_EDGE('',*,*,#6071,.T.);
#4169=ORIENTED_EDGE('',*,*,#6072,.T.);
#4170=ORIENTED_EDGE('',*,*,#6073,.T.);
#4171=ORIENTED_EDGE('',*,*,#6074,.T.);
#4172=ORIENTED_EDGE('',*,*,#6075,.T.);
#4173=ORIENTED_EDGE('',*,*,#6076,.T.);
#4174=ORIENTED_EDGE('',*,*,#6077,.T.);
#4175=ORIENTED_EDGE('',*,*,#6078,.T.);
#4176=ORIENTED_EDGE('',*,*,#6079,.T.);
#4177=ORIENTED_EDGE('',*,*,#6080,.T.);
#4178=ORIENTED_EDGE('',*,*,#6081,.T.);
#4179=ORIENTED_EDGE('',*,*,#6082,.T.);
#4180=ORIENTED_EDGE('',*,*,#6083,.T.);
#4181=ORIENTED_EDGE('',*,*,#6084,.T.);
#4182=ORIENTED_EDGE('',*,*,#6085,.T.);
#4183=ORIENTED_EDGE('',*,*,#6086,.T.);
#4184=ORIENTED_EDGE('',*,*,#6087,.T.);
#4185=ORIENTED_EDGE('',*,*,#6088,.T.);
#4186=ORIENTED_EDGE('',*,*,#6089,.T.);
#4187=ORIENTED_EDGE('',*,*,#6090,.T.);
#4188=ORIENTED_EDGE('',*,*,#6091,.T.);
#4189=ORIENTED_EDGE('',*,*,#6092,.T.);
#4190=ORIENTED_EDGE('',*,*,#6093,.T.);
#4191=ORIENTED_EDGE('',*,*,#6094,.T.);
#4192=ORIENTED_EDGE('',*,*,#6095,.T.);
#4193=ORIENTED_EDGE('',*,*,#6096,.T.);
#4194=ORIENTED_EDGE('',*,*,#6097,.T.);
#4195=ORIENTED_EDGE('',*,*,#6098,.T.);
#4196=ORIENTED_EDGE('',*,*,#6099,.T.);
#4197=ORIENTED_EDGE('',*,*,#6100,.T.);
#4198=ORIENTED_EDGE('',*,*,#6101,.T.);
#4199=ORIENTED_EDGE('',*,*,#6102,.T.);
#4200=ORIENTED_EDGE('',*,*,#6103,.T.);
#4201=ORIENTED_EDGE('',*,*,#6104,.T.);
#4202=ORIENTED_EDGE('',*,*,#6105,.T.);
#4203=ORIENTED_EDGE('',*,*,#6106,.T.);
#4204=ORIENTED_EDGE('',*,*,#6107,.T.);
#4205=ORIENTED_EDGE('',*,*,#6108,.T.);
#4206=ORIENTED_EDGE('',*,*,#6109,.T.);
#4207=ORIENTED_EDGE('',*,*,#6110,.T.);
#4208=ORIENTED_EDGE('',*,*,#6111,.T.);
#4209=ORIENTED_EDGE('',*,*,#6112,.T.);
#4210=ORIENTED_EDGE('',*,*,#6113,.T.);
#4211=ORIENTED_EDGE('',*,*,#6114,.T.);
#4212=ORIENTED_EDGE('',*,*,#6115,.T.);
#4213=ORIENTED_EDGE('',*,*,#6116,.T.);
#4214=ORIENTED_EDGE('',*,*,#6117,.T.);
#4215=ORIENTED_EDGE('',*,*,#6118,.T.);
#4216=ORIENTED_EDGE('',*,*,#6119,.T.);
#4217=ORIENTED_EDGE('',*,*,#6120,.T.);
#4218=ORIENTED_EDGE('',*,*,#6121,.T.);
#4219=ORIENTED_EDGE('',*,*,#6122,.T.);
#4220=ORIENTED_EDGE('',*,*,#6123,.T.);
#4221=ORIENTED_EDGE('',*,*,#6124,.T.);
#4222=ORIENTED_EDGE('',*,*,#6125,.T.);
#4223=ORIENTED_EDGE('',*,*,#6126,.T.);
#4224=ORIENTED_EDGE('',*,*,#6127,.T.);
#4225=ORIENTED_EDGE('',*,*,#6128,.T.);
#4226=ORIENTED_EDGE('',*,*,#6129,.T.);
#4227=ORIENTED_EDGE('',*,*,#6130,.T.);
#4228=ORIENTED_EDGE('',*,*,#6131,.T.);
#4229=ORIENTED_EDGE('',*,*,#6132,.F.);
#4230=ORIENTED_EDGE('',*,*,#6133,.F.);
#4231=ORIENTED_EDGE('',*,*,#6132,.T.);
#4232=ORIENTED_EDGE('',*,*,#6134,.F.);
#4233=ORIENTED_EDGE('',*,*,#6135,.T.);
#4234=ORIENTED_EDGE('',*,*,#6136,.T.);
#4235=ORIENTED_EDGE('',*,*,#6137,.T.);
#4236=ORIENTED_EDGE('',*,*,#6138,.F.);
#4237=ORIENTED_EDGE('',*,*,#6139,.T.);
#4238=ORIENTED_EDGE('',*,*,#6140,.T.);
#4239=ORIENTED_EDGE('',*,*,#6141,.T.);
#4240=ORIENTED_EDGE('',*,*,#6142,.F.);
#4241=ORIENTED_EDGE('',*,*,#6143,.T.);
#4242=ORIENTED_EDGE('',*,*,#6144,.T.);
#4243=ORIENTED_EDGE('',*,*,#6145,.T.);
#4244=ORIENTED_EDGE('',*,*,#6146,.F.);
#4245=ORIENTED_EDGE('',*,*,#6147,.T.);
#4246=ORIENTED_EDGE('',*,*,#6148,.T.);
#4247=ORIENTED_EDGE('',*,*,#6149,.T.);
#4248=ORIENTED_EDGE('',*,*,#6150,.F.);
#4249=ORIENTED_EDGE('',*,*,#6151,.T.);
#4250=ORIENTED_EDGE('',*,*,#6152,.T.);
#4251=ORIENTED_EDGE('',*,*,#6153,.T.);
#4252=ORIENTED_EDGE('',*,*,#6154,.F.);
#4253=ORIENTED_EDGE('',*,*,#6155,.T.);
#4254=ORIENTED_EDGE('',*,*,#6156,.T.);
#4255=ORIENTED_EDGE('',*,*,#6157,.T.);
#4256=ORIENTED_EDGE('',*,*,#6158,.F.);
#4257=ORIENTED_EDGE('',*,*,#6159,.T.);
#4258=ORIENTED_EDGE('',*,*,#6160,.T.);
#4259=ORIENTED_EDGE('',*,*,#6161,.T.);
#4260=ORIENTED_EDGE('',*,*,#6162,.F.);
#4261=ORIENTED_EDGE('',*,*,#6163,.T.);
#4262=ORIENTED_EDGE('',*,*,#6164,.T.);
#4263=ORIENTED_EDGE('',*,*,#6165,.T.);
#4264=ORIENTED_EDGE('',*,*,#6166,.F.);
#4265=ORIENTED_EDGE('',*,*,#6167,.T.);
#4266=ORIENTED_EDGE('',*,*,#6168,.T.);
#4267=ORIENTED_EDGE('',*,*,#6169,.T.);
#4268=ORIENTED_EDGE('',*,*,#6170,.F.);
#4269=ORIENTED_EDGE('',*,*,#6171,.T.);
#4270=ORIENTED_EDGE('',*,*,#6172,.T.);
#4271=ORIENTED_EDGE('',*,*,#6173,.T.);
#4272=ORIENTED_EDGE('',*,*,#6174,.F.);
#4273=ORIENTED_EDGE('',*,*,#6175,.T.);
#4274=ORIENTED_EDGE('',*,*,#6176,.T.);
#4275=ORIENTED_EDGE('',*,*,#6177,.T.);
#4276=ORIENTED_EDGE('',*,*,#6178,.F.);
#4277=ORIENTED_EDGE('',*,*,#6179,.T.);
#4278=ORIENTED_EDGE('',*,*,#6180,.T.);
#4279=ORIENTED_EDGE('',*,*,#6181,.T.);
#4280=ORIENTED_EDGE('',*,*,#6182,.F.);
#4281=ORIENTED_EDGE('',*,*,#6183,.T.);
#4282=ORIENTED_EDGE('',*,*,#6184,.T.);
#4283=ORIENTED_EDGE('',*,*,#6185,.T.);
#4284=ORIENTED_EDGE('',*,*,#6186,.F.);
#4285=ORIENTED_EDGE('',*,*,#6187,.T.);
#4286=ORIENTED_EDGE('',*,*,#6188,.T.);
#4287=ORIENTED_EDGE('',*,*,#6189,.T.);
#4288=ORIENTED_EDGE('',*,*,#6190,.F.);
#4289=ORIENTED_EDGE('',*,*,#6191,.T.);
#4290=ORIENTED_EDGE('',*,*,#6192,.T.);
#4291=ORIENTED_EDGE('',*,*,#6193,.T.);
#4292=ORIENTED_EDGE('',*,*,#6194,.F.);
#4293=ORIENTED_EDGE('',*,*,#6195,.T.);
#4294=ORIENTED_EDGE('',*,*,#6196,.T.);
#4295=ORIENTED_EDGE('',*,*,#6197,.T.);
#4296=ORIENTED_EDGE('',*,*,#6198,.F.);
#4297=ORIENTED_EDGE('',*,*,#6199,.T.);
#4298=ORIENTED_EDGE('',*,*,#6200,.T.);
#4299=ORIENTED_EDGE('',*,*,#6201,.T.);
#4300=ORIENTED_EDGE('',*,*,#6202,.F.);
#4301=ORIENTED_EDGE('',*,*,#6203,.T.);
#4302=ORIENTED_EDGE('',*,*,#6204,.T.);
#4303=ORIENTED_EDGE('',*,*,#6205,.T.);
#4304=ORIENTED_EDGE('',*,*,#6206,.F.);
#4305=ORIENTED_EDGE('',*,*,#6207,.T.);
#4306=ORIENTED_EDGE('',*,*,#6208,.T.);
#4307=ORIENTED_EDGE('',*,*,#6209,.T.);
#4308=ORIENTED_EDGE('',*,*,#6210,.F.);
#4309=ORIENTED_EDGE('',*,*,#6211,.T.);
#4310=ORIENTED_EDGE('',*,*,#6212,.T.);
#4311=ORIENTED_EDGE('',*,*,#6213,.T.);
#4312=ORIENTED_EDGE('',*,*,#6133,.T.);
#4313=ORIENTED_EDGE('',*,*,#6213,.F.);
#4314=ORIENTED_EDGE('',*,*,#6214,.T.);
#4315=ORIENTED_EDGE('',*,*,#6215,.T.);
#4316=ORIENTED_EDGE('',*,*,#6216,.T.);
#4317=ORIENTED_EDGE('',*,*,#6137,.F.);
#4318=ORIENTED_EDGE('',*,*,#6217,.T.);
#4319=ORIENTED_EDGE('',*,*,#6218,.T.);
#4320=ORIENTED_EDGE('',*,*,#6219,.T.);
#4321=ORIENTED_EDGE('',*,*,#6141,.F.);
#4322=ORIENTED_EDGE('',*,*,#6220,.T.);
#4323=ORIENTED_EDGE('',*,*,#6221,.T.);
#4324=ORIENTED_EDGE('',*,*,#6222,.T.);
#4325=ORIENTED_EDGE('',*,*,#6145,.F.);
#4326=ORIENTED_EDGE('',*,*,#6223,.T.);
#4327=ORIENTED_EDGE('',*,*,#6224,.T.);
#4328=ORIENTED_EDGE('',*,*,#6225,.T.);
#4329=ORIENTED_EDGE('',*,*,#6149,.F.);
#4330=ORIENTED_EDGE('',*,*,#6226,.T.);
#4331=ORIENTED_EDGE('',*,*,#6227,.T.);
#4332=ORIENTED_EDGE('',*,*,#6228,.T.);
#4333=ORIENTED_EDGE('',*,*,#6153,.F.);
#4334=ORIENTED_EDGE('',*,*,#6229,.T.);
#4335=ORIENTED_EDGE('',*,*,#6230,.T.);
#4336=ORIENTED_EDGE('',*,*,#6231,.T.);
#4337=ORIENTED_EDGE('',*,*,#6157,.F.);
#4338=ORIENTED_EDGE('',*,*,#6232,.T.);
#4339=ORIENTED_EDGE('',*,*,#6233,.T.);
#4340=ORIENTED_EDGE('',*,*,#6234,.T.);
#4341=ORIENTED_EDGE('',*,*,#6161,.F.);
#4342=ORIENTED_EDGE('',*,*,#6235,.T.);
#4343=ORIENTED_EDGE('',*,*,#6236,.T.);
#4344=ORIENTED_EDGE('',*,*,#6237,.T.);
#4345=ORIENTED_EDGE('',*,*,#6165,.F.);
#4346=ORIENTED_EDGE('',*,*,#6238,.T.);
#4347=ORIENTED_EDGE('',*,*,#6239,.T.);
#4348=ORIENTED_EDGE('',*,*,#6240,.T.);
#4349=ORIENTED_EDGE('',*,*,#6169,.F.);
#4350=ORIENTED_EDGE('',*,*,#6241,.T.);
#4351=ORIENTED_EDGE('',*,*,#6242,.T.);
#4352=ORIENTED_EDGE('',*,*,#6243,.T.);
#4353=ORIENTED_EDGE('',*,*,#6173,.F.);
#4354=ORIENTED_EDGE('',*,*,#6244,.T.);
#4355=ORIENTED_EDGE('',*,*,#6245,.T.);
#4356=ORIENTED_EDGE('',*,*,#6246,.T.);
#4357=ORIENTED_EDGE('',*,*,#6177,.F.);
#4358=ORIENTED_EDGE('',*,*,#6247,.T.);
#4359=ORIENTED_EDGE('',*,*,#6248,.T.);
#4360=ORIENTED_EDGE('',*,*,#6249,.T.);
#4361=ORIENTED_EDGE('',*,*,#6181,.F.);
#4362=ORIENTED_EDGE('',*,*,#6250,.T.);
#4363=ORIENTED_EDGE('',*,*,#6251,.T.);
#4364=ORIENTED_EDGE('',*,*,#6252,.T.);
#4365=ORIENTED_EDGE('',*,*,#6185,.F.);
#4366=ORIENTED_EDGE('',*,*,#6253,.T.);
#4367=ORIENTED_EDGE('',*,*,#6254,.T.);
#4368=ORIENTED_EDGE('',*,*,#6255,.T.);
#4369=ORIENTED_EDGE('',*,*,#6189,.F.);
#4370=ORIENTED_EDGE('',*,*,#6256,.T.);
#4371=ORIENTED_EDGE('',*,*,#6257,.T.);
#4372=ORIENTED_EDGE('',*,*,#6258,.T.);
#4373=ORIENTED_EDGE('',*,*,#6193,.F.);
#4374=ORIENTED_EDGE('',*,*,#6259,.T.);
#4375=ORIENTED_EDGE('',*,*,#6260,.T.);
#4376=ORIENTED_EDGE('',*,*,#6261,.T.);
#4377=ORIENTED_EDGE('',*,*,#6197,.F.);
#4378=ORIENTED_EDGE('',*,*,#6262,.T.);
#4379=ORIENTED_EDGE('',*,*,#6263,.T.);
#4380=ORIENTED_EDGE('',*,*,#6264,.T.);
#4381=ORIENTED_EDGE('',*,*,#6201,.F.);
#4382=ORIENTED_EDGE('',*,*,#6265,.T.);
#4383=ORIENTED_EDGE('',*,*,#6266,.T.);
#4384=ORIENTED_EDGE('',*,*,#6267,.T.);
#4385=ORIENTED_EDGE('',*,*,#6205,.F.);
#4386=ORIENTED_EDGE('',*,*,#6268,.T.);
#4387=ORIENTED_EDGE('',*,*,#6269,.T.);
#4388=ORIENTED_EDGE('',*,*,#6270,.T.);
#4389=ORIENTED_EDGE('',*,*,#6209,.F.);
#4390=ORIENTED_EDGE('',*,*,#6271,.T.);
#4391=ORIENTED_EDGE('',*,*,#6272,.T.);
#4392=ORIENTED_EDGE('',*,*,#6273,.T.);
#4393=ORIENTED_EDGE('',*,*,#6274,.T.);
#4394=ORIENTED_EDGE('',*,*,#6275,.T.);
#4395=ORIENTED_EDGE('',*,*,#6047,.F.);
#4396=ORIENTED_EDGE('',*,*,#6071,.F.);
#4397=ORIENTED_EDGE('',*,*,#6276,.T.);
#4398=ORIENTED_EDGE('',*,*,#6277,.T.);
#4399=ORIENTED_EDGE('',*,*,#6278,.T.);
#4400=ORIENTED_EDGE('',*,*,#6279,.F.);
#4401=ORIENTED_EDGE('',*,*,#6069,.F.);
#4402=ORIENTED_EDGE('',*,*,#5959,.T.);
#4403=ORIENTED_EDGE('',*,*,#6280,.T.);
#4404=ORIENTED_EDGE('',*,*,#6276,.F.);
#4405=ORIENTED_EDGE('',*,*,#6070,.F.);
#4406=ORIENTED_EDGE('',*,*,#6279,.T.);
#4407=ORIENTED_EDGE('',*,*,#6281,.F.);
#4408=ORIENTED_EDGE('',*,*,#6274,.F.);
#4409=ORIENTED_EDGE('',*,*,#6280,.F.);
#4410=ORIENTED_EDGE('',*,*,#6278,.F.);
#4411=ORIENTED_EDGE('',*,*,#6282,.F.);
#4412=ORIENTED_EDGE('',*,*,#6135,.F.);
#4413=ORIENTED_EDGE('',*,*,#6275,.F.);
#4414=ORIENTED_EDGE('',*,*,#6283,.F.);
#4415=ORIENTED_EDGE('',*,*,#6284,.F.);
#4416=ORIENTED_EDGE('',*,*,#6285,.F.);
#4417=ORIENTED_EDGE('',*,*,#6286,.F.);
#4418=ORIENTED_EDGE('',*,*,#6048,.F.);
#4419=ORIENTED_EDGE('',*,*,#6277,.F.);
#4420=ORIENTED_EDGE('',*,*,#5962,.F.);
#4421=ORIENTED_EDGE('',*,*,#6287,.F.);
#4422=ORIENTED_EDGE('',*,*,#6288,.F.);
#4423=ORIENTED_EDGE('',*,*,#6289,.F.);
#4424=ORIENTED_EDGE('',*,*,#6290,.F.);
#4425=ORIENTED_EDGE('',*,*,#6291,.T.);
#4426=ORIENTED_EDGE('',*,*,#6285,.T.);
#4427=ORIENTED_EDGE('',*,*,#6292,.T.);
#4428=ORIENTED_EDGE('',*,*,#6214,.F.);
#4429=ORIENTED_EDGE('',*,*,#6212,.F.);
#4430=ORIENTED_EDGE('',*,*,#6283,.T.);
#4431=ORIENTED_EDGE('',*,*,#6281,.T.);
#4432=ORIENTED_EDGE('',*,*,#6134,.T.);
#4433=ORIENTED_EDGE('',*,*,#6216,.F.);
#4434=ORIENTED_EDGE('',*,*,#6293,.F.);
#4435=ORIENTED_EDGE('',*,*,#6284,.T.);
#4436=ORIENTED_EDGE('',*,*,#6293,.T.);
#4437=ORIENTED_EDGE('',*,*,#6215,.F.);
#4438=ORIENTED_EDGE('',*,*,#6292,.F.);
#4439=ORIENTED_EDGE('',*,*,#6291,.F.);
#4440=ORIENTED_EDGE('',*,*,#6211,.F.);
#4441=ORIENTED_EDGE('',*,*,#6294,.F.);
#4442=ORIENTED_EDGE('',*,*,#6295,.F.);
#4443=ORIENTED_EDGE('',*,*,#6296,.F.);
#4444=ORIENTED_EDGE('',*,*,#6297,.F.);
#4445=ORIENTED_EDGE('',*,*,#6295,.T.);
#4446=ORIENTED_EDGE('',*,*,#6298,.T.);
#4447=ORIENTED_EDGE('',*,*,#6033,.F.);
#4448=ORIENTED_EDGE('',*,*,#6075,.F.);
#4449=ORIENTED_EDGE('',*,*,#6299,.T.);
#4450=ORIENTED_EDGE('',*,*,#6286,.T.);
#4451=ORIENTED_EDGE('',*,*,#6297,.T.);
#4452=ORIENTED_EDGE('',*,*,#6300,.F.);
#4453=ORIENTED_EDGE('',*,*,#6073,.F.);
#4454=ORIENTED_EDGE('',*,*,#6045,.T.);
#4455=ORIENTED_EDGE('',*,*,#6296,.T.);
#4456=ORIENTED_EDGE('',*,*,#6299,.F.);
#4457=ORIENTED_EDGE('',*,*,#6074,.F.);
#4458=ORIENTED_EDGE('',*,*,#6300,.T.);
#4459=ORIENTED_EDGE('',*,*,#6298,.F.);
#4460=ORIENTED_EDGE('',*,*,#6301,.F.);
#4461=ORIENTED_EDGE('',*,*,#6302,.F.);
#4462=ORIENTED_EDGE('',*,*,#6303,.F.);
#4463=ORIENTED_EDGE('',*,*,#6304,.F.);
#4464=ORIENTED_EDGE('',*,*,#6034,.F.);
#4465=ORIENTED_EDGE('',*,*,#6305,.T.);
#4466=ORIENTED_EDGE('',*,*,#6306,.T.);
#4467=ORIENTED_EDGE('',*,*,#6029,.F.);
#4468=ORIENTED_EDGE('',*,*,#6079,.F.);
#4469=ORIENTED_EDGE('',*,*,#6307,.T.);
#4470=ORIENTED_EDGE('',*,*,#6304,.T.);
#4471=ORIENTED_EDGE('',*,*,#6308,.T.);
#4472=ORIENTED_EDGE('',*,*,#6309,.F.);
#4473=ORIENTED_EDGE('',*,*,#6077,.F.);
#4474=ORIENTED_EDGE('',*,*,#6031,.T.);
#4475=ORIENTED_EDGE('',*,*,#6310,.T.);
#4476=ORIENTED_EDGE('',*,*,#6307,.F.);
#4477=ORIENTED_EDGE('',*,*,#6078,.F.);
#4478=ORIENTED_EDGE('',*,*,#6309,.T.);
#4479=ORIENTED_EDGE('',*,*,#6311,.F.);
#4480=ORIENTED_EDGE('',*,*,#6207,.F.);
#4481=ORIENTED_EDGE('',*,*,#6312,.F.);
#4482=ORIENTED_EDGE('',*,*,#6305,.F.);
#4483=ORIENTED_EDGE('',*,*,#6310,.F.);
#4484=ORIENTED_EDGE('',*,*,#6308,.F.);
#4485=ORIENTED_EDGE('',*,*,#6306,.F.);
#4486=ORIENTED_EDGE('',*,*,#6313,.F.);
#4487=ORIENTED_EDGE('',*,*,#6314,.F.);
#4488=ORIENTED_EDGE('',*,*,#6315,.F.);
#4489=ORIENTED_EDGE('',*,*,#6316,.F.);
#4490=ORIENTED_EDGE('',*,*,#6030,.F.);
#4491=ORIENTED_EDGE('',*,*,#6317,.T.);
#4492=ORIENTED_EDGE('',*,*,#6318,.T.);
#4493=ORIENTED_EDGE('',*,*,#6025,.F.);
#4494=ORIENTED_EDGE('',*,*,#6083,.F.);
#4495=ORIENTED_EDGE('',*,*,#6319,.T.);
#4496=ORIENTED_EDGE('',*,*,#6316,.T.);
#4497=ORIENTED_EDGE('',*,*,#6320,.T.);
#4498=ORIENTED_EDGE('',*,*,#6321,.F.);
#4499=ORIENTED_EDGE('',*,*,#6081,.F.);
#4500=ORIENTED_EDGE('',*,*,#6027,.T.);
#4501=ORIENTED_EDGE('',*,*,#6322,.T.);
#4502=ORIENTED_EDGE('',*,*,#6319,.F.);
#4503=ORIENTED_EDGE('',*,*,#6082,.F.);
#4504=ORIENTED_EDGE('',*,*,#6321,.T.);
#4505=ORIENTED_EDGE('',*,*,#6323,.F.);
#4506=ORIENTED_EDGE('',*,*,#6203,.F.);
#4507=ORIENTED_EDGE('',*,*,#6324,.F.);
#4508=ORIENTED_EDGE('',*,*,#6317,.F.);
#4509=ORIENTED_EDGE('',*,*,#6322,.F.);
#4510=ORIENTED_EDGE('',*,*,#6320,.F.);
#4511=ORIENTED_EDGE('',*,*,#6318,.F.);
#4512=ORIENTED_EDGE('',*,*,#6325,.F.);
#4513=ORIENTED_EDGE('',*,*,#6326,.F.);
#4514=ORIENTED_EDGE('',*,*,#6327,.F.);
#4515=ORIENTED_EDGE('',*,*,#6328,.F.);
#4516=ORIENTED_EDGE('',*,*,#6026,.F.);
#4517=ORIENTED_EDGE('',*,*,#6329,.T.);
#4518=ORIENTED_EDGE('',*,*,#6330,.T.);
#4519=ORIENTED_EDGE('',*,*,#6021,.F.);
#4520=ORIENTED_EDGE('',*,*,#6087,.F.);
#4521=ORIENTED_EDGE('',*,*,#6331,.T.);
#4522=ORIENTED_EDGE('',*,*,#6328,.T.);
#4523=ORIENTED_EDGE('',*,*,#6332,.T.);
#4524=ORIENTED_EDGE('',*,*,#6333,.F.);
#4525=ORIENTED_EDGE('',*,*,#6085,.F.);
#4526=ORIENTED_EDGE('',*,*,#6023,.T.);
#4527=ORIENTED_EDGE('',*,*,#6334,.T.);
#4528=ORIENTED_EDGE('',*,*,#6331,.F.);
#4529=ORIENTED_EDGE('',*,*,#6086,.F.);
#4530=ORIENTED_EDGE('',*,*,#6333,.T.);
#4531=ORIENTED_EDGE('',*,*,#6335,.F.);
#4532=ORIENTED_EDGE('',*,*,#6199,.F.);
#4533=ORIENTED_EDGE('',*,*,#6336,.F.);
#4534=ORIENTED_EDGE('',*,*,#6329,.F.);
#4535=ORIENTED_EDGE('',*,*,#6334,.F.);
#4536=ORIENTED_EDGE('',*,*,#6332,.F.);
#4537=ORIENTED_EDGE('',*,*,#6330,.F.);
#4538=ORIENTED_EDGE('',*,*,#6337,.F.);
#4539=ORIENTED_EDGE('',*,*,#6338,.F.);
#4540=ORIENTED_EDGE('',*,*,#6339,.F.);
#4541=ORIENTED_EDGE('',*,*,#6340,.F.);
#4542=ORIENTED_EDGE('',*,*,#6022,.F.);
#4543=ORIENTED_EDGE('',*,*,#6341,.T.);
#4544=ORIENTED_EDGE('',*,*,#6342,.T.);
#4545=ORIENTED_EDGE('',*,*,#6017,.F.);
#4546=ORIENTED_EDGE('',*,*,#6091,.F.);
#4547=ORIENTED_EDGE('',*,*,#6343,.T.);
#4548=ORIENTED_EDGE('',*,*,#6340,.T.);
#4549=ORIENTED_EDGE('',*,*,#6344,.T.);
#4550=ORIENTED_EDGE('',*,*,#6345,.F.);
#4551=ORIENTED_EDGE('',*,*,#6089,.F.);
#4552=ORIENTED_EDGE('',*,*,#6019,.T.);
#4553=ORIENTED_EDGE('',*,*,#6346,.T.);
#4554=ORIENTED_EDGE('',*,*,#6343,.F.);
#4555=ORIENTED_EDGE('',*,*,#6090,.F.);
#4556=ORIENTED_EDGE('',*,*,#6345,.T.);
#4557=ORIENTED_EDGE('',*,*,#6347,.F.);
#4558=ORIENTED_EDGE('',*,*,#6195,.F.);
#4559=ORIENTED_EDGE('',*,*,#6348,.F.);
#4560=ORIENTED_EDGE('',*,*,#6341,.F.);
#4561=ORIENTED_EDGE('',*,*,#6346,.F.);
#4562=ORIENTED_EDGE('',*,*,#6344,.F.);
#4563=ORIENTED_EDGE('',*,*,#6342,.F.);
#4564=ORIENTED_EDGE('',*,*,#6349,.F.);
#4565=ORIENTED_EDGE('',*,*,#6350,.F.);
#4566=ORIENTED_EDGE('',*,*,#6351,.F.);
#4567=ORIENTED_EDGE('',*,*,#6352,.F.);
#4568=ORIENTED_EDGE('',*,*,#6018,.F.);
#4569=ORIENTED_EDGE('',*,*,#6353,.T.);
#4570=ORIENTED_EDGE('',*,*,#6354,.T.);
#4571=ORIENTED_EDGE('',*,*,#6013,.F.);
#4572=ORIENTED_EDGE('',*,*,#6095,.F.);
#4573=ORIENTED_EDGE('',*,*,#6355,.T.);
#4574=ORIENTED_EDGE('',*,*,#6352,.T.);
#4575=ORIENTED_EDGE('',*,*,#6356,.T.);
#4576=ORIENTED_EDGE('',*,*,#6357,.F.);
#4577=ORIENTED_EDGE('',*,*,#6093,.F.);
#4578=ORIENTED_EDGE('',*,*,#6015,.T.);
#4579=ORIENTED_EDGE('',*,*,#6358,.T.);
#4580=ORIENTED_EDGE('',*,*,#6355,.F.);
#4581=ORIENTED_EDGE('',*,*,#6094,.F.);
#4582=ORIENTED_EDGE('',*,*,#6357,.T.);
#4583=ORIENTED_EDGE('',*,*,#6359,.F.);
#4584=ORIENTED_EDGE('',*,*,#6191,.F.);
#4585=ORIENTED_EDGE('',*,*,#6360,.F.);
#4586=ORIENTED_EDGE('',*,*,#6353,.F.);
#4587=ORIENTED_EDGE('',*,*,#6358,.F.);
#4588=ORIENTED_EDGE('',*,*,#6356,.F.);
#4589=ORIENTED_EDGE('',*,*,#6354,.F.);
#4590=ORIENTED_EDGE('',*,*,#6361,.F.);
#4591=ORIENTED_EDGE('',*,*,#6362,.F.);
#4592=ORIENTED_EDGE('',*,*,#6363,.F.);
#4593=ORIENTED_EDGE('',*,*,#6364,.F.);
#4594=ORIENTED_EDGE('',*,*,#6014,.F.);
#4595=ORIENTED_EDGE('',*,*,#6365,.T.);
#4596=ORIENTED_EDGE('',*,*,#6366,.T.);
#4597=ORIENTED_EDGE('',*,*,#6009,.F.);
#4598=ORIENTED_EDGE('',*,*,#6099,.F.);
#4599=ORIENTED_EDGE('',*,*,#6367,.T.);
#4600=ORIENTED_EDGE('',*,*,#6364,.T.);
#4601=ORIENTED_EDGE('',*,*,#6368,.T.);
#4602=ORIENTED_EDGE('',*,*,#6369,.F.);
#4603=ORIENTED_EDGE('',*,*,#6097,.F.);
#4604=ORIENTED_EDGE('',*,*,#6011,.T.);
#4605=ORIENTED_EDGE('',*,*,#6370,.T.);
#4606=ORIENTED_EDGE('',*,*,#6367,.F.);
#4607=ORIENTED_EDGE('',*,*,#6098,.F.);
#4608=ORIENTED_EDGE('',*,*,#6369,.T.);
#4609=ORIENTED_EDGE('',*,*,#6371,.F.);
#4610=ORIENTED_EDGE('',*,*,#6187,.F.);
#4611=ORIENTED_EDGE('',*,*,#6372,.F.);
#4612=ORIENTED_EDGE('',*,*,#6365,.F.);
#4613=ORIENTED_EDGE('',*,*,#6370,.F.);
#4614=ORIENTED_EDGE('',*,*,#6368,.F.);
#4615=ORIENTED_EDGE('',*,*,#6366,.F.);
#4616=ORIENTED_EDGE('',*,*,#6373,.F.);
#4617=ORIENTED_EDGE('',*,*,#6374,.F.);
#4618=ORIENTED_EDGE('',*,*,#6375,.F.);
#4619=ORIENTED_EDGE('',*,*,#6376,.F.);
#4620=ORIENTED_EDGE('',*,*,#6010,.F.);
#4621=ORIENTED_EDGE('',*,*,#6377,.T.);
#4622=ORIENTED_EDGE('',*,*,#6378,.T.);
#4623=ORIENTED_EDGE('',*,*,#6005,.F.);
#4624=ORIENTED_EDGE('',*,*,#6103,.F.);
#4625=ORIENTED_EDGE('',*,*,#6379,.T.);
#4626=ORIENTED_EDGE('',*,*,#6376,.T.);
#4627=ORIENTED_EDGE('',*,*,#6380,.T.);
#4628=ORIENTED_EDGE('',*,*,#6381,.F.);
#4629=ORIENTED_EDGE('',*,*,#6101,.F.);
#4630=ORIENTED_EDGE('',*,*,#6007,.T.);
#4631=ORIENTED_EDGE('',*,*,#6382,.T.);
#4632=ORIENTED_EDGE('',*,*,#6379,.F.);
#4633=ORIENTED_EDGE('',*,*,#6102,.F.);
#4634=ORIENTED_EDGE('',*,*,#6381,.T.);
#4635=ORIENTED_EDGE('',*,*,#6383,.F.);
#4636=ORIENTED_EDGE('',*,*,#6183,.F.);
#4637=ORIENTED_EDGE('',*,*,#6384,.F.);
#4638=ORIENTED_EDGE('',*,*,#6377,.F.);
#4639=ORIENTED_EDGE('',*,*,#6382,.F.);
#4640=ORIENTED_EDGE('',*,*,#6380,.F.);
#4641=ORIENTED_EDGE('',*,*,#6378,.F.);
#4642=ORIENTED_EDGE('',*,*,#6385,.F.);
#4643=ORIENTED_EDGE('',*,*,#6386,.F.);
#4644=ORIENTED_EDGE('',*,*,#6387,.F.);
#4645=ORIENTED_EDGE('',*,*,#6388,.F.);
#4646=ORIENTED_EDGE('',*,*,#6006,.F.);
#4647=ORIENTED_EDGE('',*,*,#6389,.T.);
#4648=ORIENTED_EDGE('',*,*,#6390,.T.);
#4649=ORIENTED_EDGE('',*,*,#6001,.F.);
#4650=ORIENTED_EDGE('',*,*,#6107,.F.);
#4651=ORIENTED_EDGE('',*,*,#6391,.T.);
#4652=ORIENTED_EDGE('',*,*,#6388,.T.);
#4653=ORIENTED_EDGE('',*,*,#6392,.T.);
#4654=ORIENTED_EDGE('',*,*,#6393,.F.);
#4655=ORIENTED_EDGE('',*,*,#6105,.F.);
#4656=ORIENTED_EDGE('',*,*,#6003,.T.);
#4657=ORIENTED_EDGE('',*,*,#6394,.T.);
#4658=ORIENTED_EDGE('',*,*,#6391,.F.);
#4659=ORIENTED_EDGE('',*,*,#6106,.F.);
#4660=ORIENTED_EDGE('',*,*,#6393,.T.);
#4661=ORIENTED_EDGE('',*,*,#6395,.F.);
#4662=ORIENTED_EDGE('',*,*,#6179,.F.);
#4663=ORIENTED_EDGE('',*,*,#6396,.F.);
#4664=ORIENTED_EDGE('',*,*,#6389,.F.);
#4665=ORIENTED_EDGE('',*,*,#6394,.F.);
#4666=ORIENTED_EDGE('',*,*,#6392,.F.);
#4667=ORIENTED_EDGE('',*,*,#6390,.F.);
#4668=ORIENTED_EDGE('',*,*,#6397,.F.);
#4669=ORIENTED_EDGE('',*,*,#6398,.F.);
#4670=ORIENTED_EDGE('',*,*,#6399,.F.);
#4671=ORIENTED_EDGE('',*,*,#6400,.F.);
#4672=ORIENTED_EDGE('',*,*,#6002,.F.);
#4673=ORIENTED_EDGE('',*,*,#6401,.T.);
#4674=ORIENTED_EDGE('',*,*,#6402,.T.);
#4675=ORIENTED_EDGE('',*,*,#5997,.F.);
#4676=ORIENTED_EDGE('',*,*,#6111,.F.);
#4677=ORIENTED_EDGE('',*,*,#6403,.T.);
#4678=ORIENTED_EDGE('',*,*,#6400,.T.);
#4679=ORIENTED_EDGE('',*,*,#6404,.T.);
#4680=ORIENTED_EDGE('',*,*,#6405,.F.);
#4681=ORIENTED_EDGE('',*,*,#6109,.F.);
#4682=ORIENTED_EDGE('',*,*,#5999,.T.);
#4683=ORIENTED_EDGE('',*,*,#6406,.T.);
#4684=ORIENTED_EDGE('',*,*,#6403,.F.);
#4685=ORIENTED_EDGE('',*,*,#6110,.F.);
#4686=ORIENTED_EDGE('',*,*,#6405,.T.);
#4687=ORIENTED_EDGE('',*,*,#6407,.F.);
#4688=ORIENTED_EDGE('',*,*,#6175,.F.);
#4689=ORIENTED_EDGE('',*,*,#6408,.F.);
#4690=ORIENTED_EDGE('',*,*,#6401,.F.);
#4691=ORIENTED_EDGE('',*,*,#6406,.F.);
#4692=ORIENTED_EDGE('',*,*,#6404,.F.);
#4693=ORIENTED_EDGE('',*,*,#6402,.F.);
#4694=ORIENTED_EDGE('',*,*,#6409,.F.);
#4695=ORIENTED_EDGE('',*,*,#6410,.F.);
#4696=ORIENTED_EDGE('',*,*,#6411,.F.);
#4697=ORIENTED_EDGE('',*,*,#6412,.F.);
#4698=ORIENTED_EDGE('',*,*,#5998,.F.);
#4699=ORIENTED_EDGE('',*,*,#6413,.T.);
#4700=ORIENTED_EDGE('',*,*,#6414,.T.);
#4701=ORIENTED_EDGE('',*,*,#5993,.F.);
#4702=ORIENTED_EDGE('',*,*,#6115,.F.);
#4703=ORIENTED_EDGE('',*,*,#6415,.T.);
#4704=ORIENTED_EDGE('',*,*,#6412,.T.);
#4705=ORIENTED_EDGE('',*,*,#6416,.T.);
#4706=ORIENTED_EDGE('',*,*,#6417,.F.);
#4707=ORIENTED_EDGE('',*,*,#6113,.F.);
#4708=ORIENTED_EDGE('',*,*,#5995,.T.);
#4709=ORIENTED_EDGE('',*,*,#6418,.T.);
#4710=ORIENTED_EDGE('',*,*,#6415,.F.);
#4711=ORIENTED_EDGE('',*,*,#6114,.F.);
#4712=ORIENTED_EDGE('',*,*,#6417,.T.);
#4713=ORIENTED_EDGE('',*,*,#6419,.F.);
#4714=ORIENTED_EDGE('',*,*,#6171,.F.);
#4715=ORIENTED_EDGE('',*,*,#6420,.F.);
#4716=ORIENTED_EDGE('',*,*,#6413,.F.);
#4717=ORIENTED_EDGE('',*,*,#6418,.F.);
#4718=ORIENTED_EDGE('',*,*,#6416,.F.);
#4719=ORIENTED_EDGE('',*,*,#6414,.F.);
#4720=ORIENTED_EDGE('',*,*,#6421,.F.);
#4721=ORIENTED_EDGE('',*,*,#6422,.F.);
#4722=ORIENTED_EDGE('',*,*,#6423,.F.);
#4723=ORIENTED_EDGE('',*,*,#6424,.F.);
#4724=ORIENTED_EDGE('',*,*,#5994,.F.);
#4725=ORIENTED_EDGE('',*,*,#6425,.T.);
#4726=ORIENTED_EDGE('',*,*,#6426,.T.);
#4727=ORIENTED_EDGE('',*,*,#5989,.F.);
#4728=ORIENTED_EDGE('',*,*,#6119,.F.);
#4729=ORIENTED_EDGE('',*,*,#6427,.T.);
#4730=ORIENTED_EDGE('',*,*,#6424,.T.);
#4731=ORIENTED_EDGE('',*,*,#6428,.T.);
#4732=ORIENTED_EDGE('',*,*,#6429,.F.);
#4733=ORIENTED_EDGE('',*,*,#6117,.F.);
#4734=ORIENTED_EDGE('',*,*,#5991,.T.);
#4735=ORIENTED_EDGE('',*,*,#6430,.T.);
#4736=ORIENTED_EDGE('',*,*,#6427,.F.);
#4737=ORIENTED_EDGE('',*,*,#6118,.F.);
#4738=ORIENTED_EDGE('',*,*,#6429,.T.);
#4739=ORIENTED_EDGE('',*,*,#6431,.F.);
#4740=ORIENTED_EDGE('',*,*,#6167,.F.);
#4741=ORIENTED_EDGE('',*,*,#6432,.F.);
#4742=ORIENTED_EDGE('',*,*,#6425,.F.);
#4743=ORIENTED_EDGE('',*,*,#6430,.F.);
#4744=ORIENTED_EDGE('',*,*,#6428,.F.);
#4745=ORIENTED_EDGE('',*,*,#6426,.F.);
#4746=ORIENTED_EDGE('',*,*,#6433,.F.);
#4747=ORIENTED_EDGE('',*,*,#6434,.F.);
#4748=ORIENTED_EDGE('',*,*,#6435,.F.);
#4749=ORIENTED_EDGE('',*,*,#6436,.F.);
#4750=ORIENTED_EDGE('',*,*,#5990,.F.);
#4751=ORIENTED_EDGE('',*,*,#6437,.T.);
#4752=ORIENTED_EDGE('',*,*,#6438,.T.);
#4753=ORIENTED_EDGE('',*,*,#5985,.F.);
#4754=ORIENTED_EDGE('',*,*,#6123,.F.);
#4755=ORIENTED_EDGE('',*,*,#6439,.T.);
#4756=ORIENTED_EDGE('',*,*,#6436,.T.);
#4757=ORIENTED_EDGE('',*,*,#6440,.T.);
#4758=ORIENTED_EDGE('',*,*,#6441,.F.);
#4759=ORIENTED_EDGE('',*,*,#6121,.F.);
#4760=ORIENTED_EDGE('',*,*,#5987,.T.);
#4761=ORIENTED_EDGE('',*,*,#6442,.T.);
#4762=ORIENTED_EDGE('',*,*,#6439,.F.);
#4763=ORIENTED_EDGE('',*,*,#6122,.F.);
#4764=ORIENTED_EDGE('',*,*,#6441,.T.);
#4765=ORIENTED_EDGE('',*,*,#6443,.F.);
#4766=ORIENTED_EDGE('',*,*,#6163,.F.);
#4767=ORIENTED_EDGE('',*,*,#6444,.F.);
#4768=ORIENTED_EDGE('',*,*,#6437,.F.);
#4769=ORIENTED_EDGE('',*,*,#6442,.F.);
#4770=ORIENTED_EDGE('',*,*,#6440,.F.);
#4771=ORIENTED_EDGE('',*,*,#6438,.F.);
#4772=ORIENTED_EDGE('',*,*,#6445,.F.);
#4773=ORIENTED_EDGE('',*,*,#6446,.F.);
#4774=ORIENTED_EDGE('',*,*,#6447,.F.);
#4775=ORIENTED_EDGE('',*,*,#6448,.F.);
#4776=ORIENTED_EDGE('',*,*,#5986,.F.);
#4777=ORIENTED_EDGE('',*,*,#6449,.T.);
#4778=ORIENTED_EDGE('',*,*,#6450,.T.);
#4779=ORIENTED_EDGE('',*,*,#5981,.F.);
#4780=ORIENTED_EDGE('',*,*,#6127,.F.);
#4781=ORIENTED_EDGE('',*,*,#6451,.T.);
#4782=ORIENTED_EDGE('',*,*,#6448,.T.);
#4783=ORIENTED_EDGE('',*,*,#6452,.T.);
#4784=ORIENTED_EDGE('',*,*,#6453,.F.);
#4785=ORIENTED_EDGE('',*,*,#6125,.F.);
#4786=ORIENTED_EDGE('',*,*,#5983,.T.);
#4787=ORIENTED_EDGE('',*,*,#6454,.T.);
#4788=ORIENTED_EDGE('',*,*,#6451,.F.);
#4789=ORIENTED_EDGE('',*,*,#6126,.F.);
#4790=ORIENTED_EDGE('',*,*,#6453,.T.);
#4791=ORIENTED_EDGE('',*,*,#6455,.F.);
#4792=ORIENTED_EDGE('',*,*,#6159,.F.);
#4793=ORIENTED_EDGE('',*,*,#6456,.F.);
#4794=ORIENTED_EDGE('',*,*,#6449,.F.);
#4795=ORIENTED_EDGE('',*,*,#6454,.F.);
#4796=ORIENTED_EDGE('',*,*,#6452,.F.);
#4797=ORIENTED_EDGE('',*,*,#6450,.F.);
#4798=ORIENTED_EDGE('',*,*,#6457,.F.);
#4799=ORIENTED_EDGE('',*,*,#6458,.F.);
#4800=ORIENTED_EDGE('',*,*,#6459,.F.);
#4801=ORIENTED_EDGE('',*,*,#6460,.F.);
#4802=ORIENTED_EDGE('',*,*,#5982,.F.);
#4803=ORIENTED_EDGE('',*,*,#6461,.T.);
#4804=ORIENTED_EDGE('',*,*,#6462,.T.);
#4805=ORIENTED_EDGE('',*,*,#5977,.F.);
#4806=ORIENTED_EDGE('',*,*,#6131,.F.);
#4807=ORIENTED_EDGE('',*,*,#6463,.T.);
#4808=ORIENTED_EDGE('',*,*,#6460,.T.);
#4809=ORIENTED_EDGE('',*,*,#6464,.T.);
#4810=ORIENTED_EDGE('',*,*,#6465,.F.);
#4811=ORIENTED_EDGE('',*,*,#6129,.F.);
#4812=ORIENTED_EDGE('',*,*,#5979,.T.);
#4813=ORIENTED_EDGE('',*,*,#6466,.T.);
#4814=ORIENTED_EDGE('',*,*,#6463,.F.);
#4815=ORIENTED_EDGE('',*,*,#6130,.F.);
#4816=ORIENTED_EDGE('',*,*,#6465,.T.);
#4817=ORIENTED_EDGE('',*,*,#6467,.F.);
#4818=ORIENTED_EDGE('',*,*,#6155,.F.);
#4819=ORIENTED_EDGE('',*,*,#6468,.F.);
#4820=ORIENTED_EDGE('',*,*,#6461,.F.);
#4821=ORIENTED_EDGE('',*,*,#6466,.F.);
#4822=ORIENTED_EDGE('',*,*,#6464,.F.);
#4823=ORIENTED_EDGE('',*,*,#6462,.F.);
#4824=ORIENTED_EDGE('',*,*,#6469,.F.);
#4825=ORIENTED_EDGE('',*,*,#6470,.F.);
#4826=ORIENTED_EDGE('',*,*,#6471,.F.);
#4827=ORIENTED_EDGE('',*,*,#6472,.F.);
#4828=ORIENTED_EDGE('',*,*,#5978,.F.);
#4829=ORIENTED_EDGE('',*,*,#6473,.T.);
#4830=ORIENTED_EDGE('',*,*,#6474,.T.);
#4831=ORIENTED_EDGE('',*,*,#5973,.F.);
#4832=ORIENTED_EDGE('',*,*,#6055,.F.);
#4833=ORIENTED_EDGE('',*,*,#6475,.T.);
#4834=ORIENTED_EDGE('',*,*,#6472,.T.);
#4835=ORIENTED_EDGE('',*,*,#6476,.T.);
#4836=ORIENTED_EDGE('',*,*,#6477,.F.);
#4837=ORIENTED_EDGE('',*,*,#6053,.F.);
#4838=ORIENTED_EDGE('',*,*,#5975,.T.);
#4839=ORIENTED_EDGE('',*,*,#6478,.T.);
#4840=ORIENTED_EDGE('',*,*,#6475,.F.);
#4841=ORIENTED_EDGE('',*,*,#6054,.F.);
#4842=ORIENTED_EDGE('',*,*,#6477,.T.);
#4843=ORIENTED_EDGE('',*,*,#6479,.F.);
#4844=ORIENTED_EDGE('',*,*,#6151,.F.);
#4845=ORIENTED_EDGE('',*,*,#6480,.F.);
#4846=ORIENTED_EDGE('',*,*,#6473,.F.);
#4847=ORIENTED_EDGE('',*,*,#6478,.F.);
#4848=ORIENTED_EDGE('',*,*,#6476,.F.);
#4849=ORIENTED_EDGE('',*,*,#6474,.F.);
#4850=ORIENTED_EDGE('',*,*,#6481,.F.);
#4851=ORIENTED_EDGE('',*,*,#6482,.F.);
#4852=ORIENTED_EDGE('',*,*,#6483,.F.);
#4853=ORIENTED_EDGE('',*,*,#6484,.F.);
#4854=ORIENTED_EDGE('',*,*,#5974,.F.);
#4855=ORIENTED_EDGE('',*,*,#6485,.T.);
#4856=ORIENTED_EDGE('',*,*,#6486,.T.);
#4857=ORIENTED_EDGE('',*,*,#5969,.F.);
#4858=ORIENTED_EDGE('',*,*,#6059,.F.);
#4859=ORIENTED_EDGE('',*,*,#6487,.T.);
#4860=ORIENTED_EDGE('',*,*,#6484,.T.);
#4861=ORIENTED_EDGE('',*,*,#6488,.T.);
#4862=ORIENTED_EDGE('',*,*,#6489,.F.);
#4863=ORIENTED_EDGE('',*,*,#6057,.F.);
#4864=ORIENTED_EDGE('',*,*,#5971,.T.);
#4865=ORIENTED_EDGE('',*,*,#6490,.T.);
#4866=ORIENTED_EDGE('',*,*,#6487,.F.);
#4867=ORIENTED_EDGE('',*,*,#6058,.F.);
#4868=ORIENTED_EDGE('',*,*,#6489,.T.);
#4869=ORIENTED_EDGE('',*,*,#6491,.F.);
#4870=ORIENTED_EDGE('',*,*,#6147,.F.);
#4871=ORIENTED_EDGE('',*,*,#6492,.F.);
#4872=ORIENTED_EDGE('',*,*,#6485,.F.);
#4873=ORIENTED_EDGE('',*,*,#6490,.F.);
#4874=ORIENTED_EDGE('',*,*,#6488,.F.);
#4875=ORIENTED_EDGE('',*,*,#6486,.F.);
#4876=ORIENTED_EDGE('',*,*,#6493,.F.);
#4877=ORIENTED_EDGE('',*,*,#6494,.F.);
#4878=ORIENTED_EDGE('',*,*,#6495,.F.);
#4879=ORIENTED_EDGE('',*,*,#6496,.F.);
#4880=ORIENTED_EDGE('',*,*,#5970,.F.);
#4881=ORIENTED_EDGE('',*,*,#6497,.T.);
#4882=ORIENTED_EDGE('',*,*,#6498,.T.);
#4883=ORIENTED_EDGE('',*,*,#5965,.F.);
#4884=ORIENTED_EDGE('',*,*,#6063,.F.);
#4885=ORIENTED_EDGE('',*,*,#6499,.T.);
#4886=ORIENTED_EDGE('',*,*,#6496,.T.);
#4887=ORIENTED_EDGE('',*,*,#6500,.T.);
#4888=ORIENTED_EDGE('',*,*,#6501,.F.);
#4889=ORIENTED_EDGE('',*,*,#6061,.F.);
#4890=ORIENTED_EDGE('',*,*,#5967,.T.);
#4891=ORIENTED_EDGE('',*,*,#6502,.T.);
#4892=ORIENTED_EDGE('',*,*,#6499,.F.);
#4893=ORIENTED_EDGE('',*,*,#6062,.F.);
#4894=ORIENTED_EDGE('',*,*,#6501,.T.);
#4895=ORIENTED_EDGE('',*,*,#6503,.F.);
#4896=ORIENTED_EDGE('',*,*,#6143,.F.);
#4897=ORIENTED_EDGE('',*,*,#6504,.F.);
#4898=ORIENTED_EDGE('',*,*,#6497,.F.);
#4899=ORIENTED_EDGE('',*,*,#6502,.F.);
#4900=ORIENTED_EDGE('',*,*,#6500,.F.);
#4901=ORIENTED_EDGE('',*,*,#6498,.F.);
#4902=ORIENTED_EDGE('',*,*,#6505,.F.);
#4903=ORIENTED_EDGE('',*,*,#6506,.F.);
#4904=ORIENTED_EDGE('',*,*,#6507,.F.);
#4905=ORIENTED_EDGE('',*,*,#6508,.F.);
#4906=ORIENTED_EDGE('',*,*,#5966,.F.);
#4907=ORIENTED_EDGE('',*,*,#6509,.T.);
#4908=ORIENTED_EDGE('',*,*,#6287,.T.);
#4909=ORIENTED_EDGE('',*,*,#5961,.F.);
#4910=ORIENTED_EDGE('',*,*,#6067,.F.);
#4911=ORIENTED_EDGE('',*,*,#6510,.T.);
#4912=ORIENTED_EDGE('',*,*,#6508,.T.);
#4913=ORIENTED_EDGE('',*,*,#6511,.T.);
#4914=ORIENTED_EDGE('',*,*,#6512,.F.);
#4915=ORIENTED_EDGE('',*,*,#6065,.F.);
#4916=ORIENTED_EDGE('',*,*,#5963,.T.);
#4917=ORIENTED_EDGE('',*,*,#6513,.T.);
#4918=ORIENTED_EDGE('',*,*,#6510,.F.);
#4919=ORIENTED_EDGE('',*,*,#6066,.F.);
#4920=ORIENTED_EDGE('',*,*,#6512,.T.);
#4921=ORIENTED_EDGE('',*,*,#6514,.F.);
#4922=ORIENTED_EDGE('',*,*,#6509,.F.);
#4923=ORIENTED_EDGE('',*,*,#6513,.F.);
#4924=ORIENTED_EDGE('',*,*,#6511,.F.);
#4925=ORIENTED_EDGE('',*,*,#6515,.F.);
#4926=ORIENTED_EDGE('',*,*,#6139,.F.);
#4927=ORIENTED_EDGE('',*,*,#6515,.T.);
#4928=ORIENTED_EDGE('',*,*,#6507,.T.);
#4929=ORIENTED_EDGE('',*,*,#6516,.T.);
#4930=ORIENTED_EDGE('',*,*,#6220,.F.);
#4931=ORIENTED_EDGE('',*,*,#6140,.F.);
#4932=ORIENTED_EDGE('',*,*,#6505,.T.);
#4933=ORIENTED_EDGE('',*,*,#6504,.T.);
#4934=ORIENTED_EDGE('',*,*,#6142,.T.);
#4935=ORIENTED_EDGE('',*,*,#6222,.F.);
#4936=ORIENTED_EDGE('',*,*,#6517,.F.);
#4937=ORIENTED_EDGE('',*,*,#6506,.T.);
#4938=ORIENTED_EDGE('',*,*,#6517,.T.);
#4939=ORIENTED_EDGE('',*,*,#6221,.F.);
#4940=ORIENTED_EDGE('',*,*,#6516,.F.);
#4941=ORIENTED_EDGE('',*,*,#6282,.T.);
#4942=ORIENTED_EDGE('',*,*,#6290,.T.);
#4943=ORIENTED_EDGE('',*,*,#6518,.T.);
#4944=ORIENTED_EDGE('',*,*,#6217,.F.);
#4945=ORIENTED_EDGE('',*,*,#6136,.F.);
#4946=ORIENTED_EDGE('',*,*,#6288,.T.);
#4947=ORIENTED_EDGE('',*,*,#6514,.T.);
#4948=ORIENTED_EDGE('',*,*,#6138,.T.);
#4949=ORIENTED_EDGE('',*,*,#6219,.F.);
#4950=ORIENTED_EDGE('',*,*,#6519,.F.);
#4951=ORIENTED_EDGE('',*,*,#6289,.T.);
#4952=ORIENTED_EDGE('',*,*,#6519,.T.);
#4953=ORIENTED_EDGE('',*,*,#6218,.F.);
#4954=ORIENTED_EDGE('',*,*,#6518,.F.);
#4955=ORIENTED_EDGE('',*,*,#6503,.T.);
#4956=ORIENTED_EDGE('',*,*,#6495,.T.);
#4957=ORIENTED_EDGE('',*,*,#6520,.T.);
#4958=ORIENTED_EDGE('',*,*,#6223,.F.);
#4959=ORIENTED_EDGE('',*,*,#6144,.F.);
#4960=ORIENTED_EDGE('',*,*,#6493,.T.);
#4961=ORIENTED_EDGE('',*,*,#6492,.T.);
#4962=ORIENTED_EDGE('',*,*,#6146,.T.);
#4963=ORIENTED_EDGE('',*,*,#6225,.F.);
#4964=ORIENTED_EDGE('',*,*,#6521,.F.);
#4965=ORIENTED_EDGE('',*,*,#6494,.T.);
#4966=ORIENTED_EDGE('',*,*,#6521,.T.);
#4967=ORIENTED_EDGE('',*,*,#6224,.F.);
#4968=ORIENTED_EDGE('',*,*,#6520,.F.);
#4969=ORIENTED_EDGE('',*,*,#6491,.T.);
#4970=ORIENTED_EDGE('',*,*,#6483,.T.);
#4971=ORIENTED_EDGE('',*,*,#6522,.T.);
#4972=ORIENTED_EDGE('',*,*,#6226,.F.);
#4973=ORIENTED_EDGE('',*,*,#6148,.F.);
#4974=ORIENTED_EDGE('',*,*,#6481,.T.);
#4975=ORIENTED_EDGE('',*,*,#6480,.T.);
#4976=ORIENTED_EDGE('',*,*,#6150,.T.);
#4977=ORIENTED_EDGE('',*,*,#6228,.F.);
#4978=ORIENTED_EDGE('',*,*,#6523,.F.);
#4979=ORIENTED_EDGE('',*,*,#6482,.T.);
#4980=ORIENTED_EDGE('',*,*,#6523,.T.);
#4981=ORIENTED_EDGE('',*,*,#6227,.F.);
#4982=ORIENTED_EDGE('',*,*,#6522,.F.);
#4983=ORIENTED_EDGE('',*,*,#6479,.T.);
#4984=ORIENTED_EDGE('',*,*,#6471,.T.);
#4985=ORIENTED_EDGE('',*,*,#6524,.T.);
#4986=ORIENTED_EDGE('',*,*,#6229,.F.);
#4987=ORIENTED_EDGE('',*,*,#6152,.F.);
#4988=ORIENTED_EDGE('',*,*,#6469,.T.);
#4989=ORIENTED_EDGE('',*,*,#6468,.T.);
#4990=ORIENTED_EDGE('',*,*,#6154,.T.);
#4991=ORIENTED_EDGE('',*,*,#6231,.F.);
#4992=ORIENTED_EDGE('',*,*,#6525,.F.);
#4993=ORIENTED_EDGE('',*,*,#6470,.T.);
#4994=ORIENTED_EDGE('',*,*,#6525,.T.);
#4995=ORIENTED_EDGE('',*,*,#6230,.F.);
#4996=ORIENTED_EDGE('',*,*,#6524,.F.);
#4997=ORIENTED_EDGE('',*,*,#6467,.T.);
#4998=ORIENTED_EDGE('',*,*,#6459,.T.);
#4999=ORIENTED_EDGE('',*,*,#6526,.T.);
#5000=ORIENTED_EDGE('',*,*,#6232,.F.);
#5001=ORIENTED_EDGE('',*,*,#6156,.F.);
#5002=ORIENTED_EDGE('',*,*,#6457,.T.);
#5003=ORIENTED_EDGE('',*,*,#6456,.T.);
#5004=ORIENTED_EDGE('',*,*,#6158,.T.);
#5005=ORIENTED_EDGE('',*,*,#6234,.F.);
#5006=ORIENTED_EDGE('',*,*,#6527,.F.);
#5007=ORIENTED_EDGE('',*,*,#6458,.T.);
#5008=ORIENTED_EDGE('',*,*,#6527,.T.);
#5009=ORIENTED_EDGE('',*,*,#6233,.F.);
#5010=ORIENTED_EDGE('',*,*,#6526,.F.);
#5011=ORIENTED_EDGE('',*,*,#6455,.T.);
#5012=ORIENTED_EDGE('',*,*,#6447,.T.);
#5013=ORIENTED_EDGE('',*,*,#6528,.T.);
#5014=ORIENTED_EDGE('',*,*,#6235,.F.);
#5015=ORIENTED_EDGE('',*,*,#6160,.F.);
#5016=ORIENTED_EDGE('',*,*,#6445,.T.);
#5017=ORIENTED_EDGE('',*,*,#6444,.T.);
#5018=ORIENTED_EDGE('',*,*,#6162,.T.);
#5019=ORIENTED_EDGE('',*,*,#6237,.F.);
#5020=ORIENTED_EDGE('',*,*,#6529,.F.);
#5021=ORIENTED_EDGE('',*,*,#6446,.T.);
#5022=ORIENTED_EDGE('',*,*,#6529,.T.);
#5023=ORIENTED_EDGE('',*,*,#6236,.F.);
#5024=ORIENTED_EDGE('',*,*,#6528,.F.);
#5025=ORIENTED_EDGE('',*,*,#6443,.T.);
#5026=ORIENTED_EDGE('',*,*,#6435,.T.);
#5027=ORIENTED_EDGE('',*,*,#6530,.T.);
#5028=ORIENTED_EDGE('',*,*,#6238,.F.);
#5029=ORIENTED_EDGE('',*,*,#6164,.F.);
#5030=ORIENTED_EDGE('',*,*,#6433,.T.);
#5031=ORIENTED_EDGE('',*,*,#6432,.T.);
#5032=ORIENTED_EDGE('',*,*,#6166,.T.);
#5033=ORIENTED_EDGE('',*,*,#6240,.F.);
#5034=ORIENTED_EDGE('',*,*,#6531,.F.);
#5035=ORIENTED_EDGE('',*,*,#6434,.T.);
#5036=ORIENTED_EDGE('',*,*,#6531,.T.);
#5037=ORIENTED_EDGE('',*,*,#6239,.F.);
#5038=ORIENTED_EDGE('',*,*,#6530,.F.);
#5039=ORIENTED_EDGE('',*,*,#6431,.T.);
#5040=ORIENTED_EDGE('',*,*,#6423,.T.);
#5041=ORIENTED_EDGE('',*,*,#6532,.T.);
#5042=ORIENTED_EDGE('',*,*,#6241,.F.);
#5043=ORIENTED_EDGE('',*,*,#6168,.F.);
#5044=ORIENTED_EDGE('',*,*,#6421,.T.);
#5045=ORIENTED_EDGE('',*,*,#6420,.T.);
#5046=ORIENTED_EDGE('',*,*,#6170,.T.);
#5047=ORIENTED_EDGE('',*,*,#6243,.F.);
#5048=ORIENTED_EDGE('',*,*,#6533,.F.);
#5049=ORIENTED_EDGE('',*,*,#6422,.T.);
#5050=ORIENTED_EDGE('',*,*,#6533,.T.);
#5051=ORIENTED_EDGE('',*,*,#6242,.F.);
#5052=ORIENTED_EDGE('',*,*,#6532,.F.);
#5053=ORIENTED_EDGE('',*,*,#6419,.T.);
#5054=ORIENTED_EDGE('',*,*,#6411,.T.);
#5055=ORIENTED_EDGE('',*,*,#6534,.T.);
#5056=ORIENTED_EDGE('',*,*,#6244,.F.);
#5057=ORIENTED_EDGE('',*,*,#6172,.F.);
#5058=ORIENTED_EDGE('',*,*,#6409,.T.);
#5059=ORIENTED_EDGE('',*,*,#6408,.T.);
#5060=ORIENTED_EDGE('',*,*,#6174,.T.);
#5061=ORIENTED_EDGE('',*,*,#6246,.F.);
#5062=ORIENTED_EDGE('',*,*,#6535,.F.);
#5063=ORIENTED_EDGE('',*,*,#6410,.T.);
#5064=ORIENTED_EDGE('',*,*,#6535,.T.);
#5065=ORIENTED_EDGE('',*,*,#6245,.F.);
#5066=ORIENTED_EDGE('',*,*,#6534,.F.);
#5067=ORIENTED_EDGE('',*,*,#6407,.T.);
#5068=ORIENTED_EDGE('',*,*,#6399,.T.);
#5069=ORIENTED_EDGE('',*,*,#6536,.T.);
#5070=ORIENTED_EDGE('',*,*,#6247,.F.);
#5071=ORIENTED_EDGE('',*,*,#6176,.F.);
#5072=ORIENTED_EDGE('',*,*,#6397,.T.);
#5073=ORIENTED_EDGE('',*,*,#6396,.T.);
#5074=ORIENTED_EDGE('',*,*,#6178,.T.);
#5075=ORIENTED_EDGE('',*,*,#6249,.F.);
#5076=ORIENTED_EDGE('',*,*,#6537,.F.);
#5077=ORIENTED_EDGE('',*,*,#6398,.T.);
#5078=ORIENTED_EDGE('',*,*,#6537,.T.);
#5079=ORIENTED_EDGE('',*,*,#6248,.F.);
#5080=ORIENTED_EDGE('',*,*,#6536,.F.);
#5081=ORIENTED_EDGE('',*,*,#6395,.T.);
#5082=ORIENTED_EDGE('',*,*,#6387,.T.);
#5083=ORIENTED_EDGE('',*,*,#6538,.T.);
#5084=ORIENTED_EDGE('',*,*,#6250,.F.);
#5085=ORIENTED_EDGE('',*,*,#6180,.F.);
#5086=ORIENTED_EDGE('',*,*,#6385,.T.);
#5087=ORIENTED_EDGE('',*,*,#6384,.T.);
#5088=ORIENTED_EDGE('',*,*,#6182,.T.);
#5089=ORIENTED_EDGE('',*,*,#6252,.F.);
#5090=ORIENTED_EDGE('',*,*,#6539,.F.);
#5091=ORIENTED_EDGE('',*,*,#6386,.T.);
#5092=ORIENTED_EDGE('',*,*,#6539,.T.);
#5093=ORIENTED_EDGE('',*,*,#6251,.F.);
#5094=ORIENTED_EDGE('',*,*,#6538,.F.);
#5095=ORIENTED_EDGE('',*,*,#6383,.T.);
#5096=ORIENTED_EDGE('',*,*,#6375,.T.);
#5097=ORIENTED_EDGE('',*,*,#6540,.T.);
#5098=ORIENTED_EDGE('',*,*,#6253,.F.);
#5099=ORIENTED_EDGE('',*,*,#6184,.F.);
#5100=ORIENTED_EDGE('',*,*,#6373,.T.);
#5101=ORIENTED_EDGE('',*,*,#6372,.T.);
#5102=ORIENTED_EDGE('',*,*,#6186,.T.);
#5103=ORIENTED_EDGE('',*,*,#6255,.F.);
#5104=ORIENTED_EDGE('',*,*,#6541,.F.);
#5105=ORIENTED_EDGE('',*,*,#6374,.T.);
#5106=ORIENTED_EDGE('',*,*,#6541,.T.);
#5107=ORIENTED_EDGE('',*,*,#6254,.F.);
#5108=ORIENTED_EDGE('',*,*,#6540,.F.);
#5109=ORIENTED_EDGE('',*,*,#6371,.T.);
#5110=ORIENTED_EDGE('',*,*,#6363,.T.);
#5111=ORIENTED_EDGE('',*,*,#6542,.T.);
#5112=ORIENTED_EDGE('',*,*,#6256,.F.);
#5113=ORIENTED_EDGE('',*,*,#6188,.F.);
#5114=ORIENTED_EDGE('',*,*,#6361,.T.);
#5115=ORIENTED_EDGE('',*,*,#6360,.T.);
#5116=ORIENTED_EDGE('',*,*,#6190,.T.);
#5117=ORIENTED_EDGE('',*,*,#6258,.F.);
#5118=ORIENTED_EDGE('',*,*,#6543,.F.);
#5119=ORIENTED_EDGE('',*,*,#6362,.T.);
#5120=ORIENTED_EDGE('',*,*,#6543,.T.);
#5121=ORIENTED_EDGE('',*,*,#6257,.F.);
#5122=ORIENTED_EDGE('',*,*,#6542,.F.);
#5123=ORIENTED_EDGE('',*,*,#6359,.T.);
#5124=ORIENTED_EDGE('',*,*,#6351,.T.);
#5125=ORIENTED_EDGE('',*,*,#6544,.T.);
#5126=ORIENTED_EDGE('',*,*,#6259,.F.);
#5127=ORIENTED_EDGE('',*,*,#6192,.F.);
#5128=ORIENTED_EDGE('',*,*,#6349,.T.);
#5129=ORIENTED_EDGE('',*,*,#6348,.T.);
#5130=ORIENTED_EDGE('',*,*,#6194,.T.);
#5131=ORIENTED_EDGE('',*,*,#6261,.F.);
#5132=ORIENTED_EDGE('',*,*,#6545,.F.);
#5133=ORIENTED_EDGE('',*,*,#6350,.T.);
#5134=ORIENTED_EDGE('',*,*,#6545,.T.);
#5135=ORIENTED_EDGE('',*,*,#6260,.F.);
#5136=ORIENTED_EDGE('',*,*,#6544,.F.);
#5137=ORIENTED_EDGE('',*,*,#6347,.T.);
#5138=ORIENTED_EDGE('',*,*,#6339,.T.);
#5139=ORIENTED_EDGE('',*,*,#6546,.T.);
#5140=ORIENTED_EDGE('',*,*,#6262,.F.);
#5141=ORIENTED_EDGE('',*,*,#6196,.F.);
#5142=ORIENTED_EDGE('',*,*,#6337,.T.);
#5143=ORIENTED_EDGE('',*,*,#6336,.T.);
#5144=ORIENTED_EDGE('',*,*,#6198,.T.);
#5145=ORIENTED_EDGE('',*,*,#6264,.F.);
#5146=ORIENTED_EDGE('',*,*,#6547,.F.);
#5147=ORIENTED_EDGE('',*,*,#6338,.T.);
#5148=ORIENTED_EDGE('',*,*,#6547,.T.);
#5149=ORIENTED_EDGE('',*,*,#6263,.F.);
#5150=ORIENTED_EDGE('',*,*,#6546,.F.);
#5151=ORIENTED_EDGE('',*,*,#6335,.T.);
#5152=ORIENTED_EDGE('',*,*,#6327,.T.);
#5153=ORIENTED_EDGE('',*,*,#6548,.T.);
#5154=ORIENTED_EDGE('',*,*,#6265,.F.);
#5155=ORIENTED_EDGE('',*,*,#6200,.F.);
#5156=ORIENTED_EDGE('',*,*,#6325,.T.);
#5157=ORIENTED_EDGE('',*,*,#6324,.T.);
#5158=ORIENTED_EDGE('',*,*,#6202,.T.);
#5159=ORIENTED_EDGE('',*,*,#6267,.F.);
#5160=ORIENTED_EDGE('',*,*,#6549,.F.);
#5161=ORIENTED_EDGE('',*,*,#6326,.T.);
#5162=ORIENTED_EDGE('',*,*,#6549,.T.);
#5163=ORIENTED_EDGE('',*,*,#6266,.F.);
#5164=ORIENTED_EDGE('',*,*,#6548,.F.);
#5165=ORIENTED_EDGE('',*,*,#6323,.T.);
#5166=ORIENTED_EDGE('',*,*,#6315,.T.);
#5167=ORIENTED_EDGE('',*,*,#6550,.T.);
#5168=ORIENTED_EDGE('',*,*,#6268,.F.);
#5169=ORIENTED_EDGE('',*,*,#6204,.F.);
#5170=ORIENTED_EDGE('',*,*,#6313,.T.);
#5171=ORIENTED_EDGE('',*,*,#6312,.T.);
#5172=ORIENTED_EDGE('',*,*,#6206,.T.);
#5173=ORIENTED_EDGE('',*,*,#6270,.F.);
#5174=ORIENTED_EDGE('',*,*,#6551,.F.);
#5175=ORIENTED_EDGE('',*,*,#6314,.T.);
#5176=ORIENTED_EDGE('',*,*,#6551,.T.);
#5177=ORIENTED_EDGE('',*,*,#6269,.F.);
#5178=ORIENTED_EDGE('',*,*,#6550,.F.);
#5179=ORIENTED_EDGE('',*,*,#6311,.T.);
#5180=ORIENTED_EDGE('',*,*,#6303,.T.);
#5181=ORIENTED_EDGE('',*,*,#6552,.T.);
#5182=ORIENTED_EDGE('',*,*,#6271,.F.);
#5183=ORIENTED_EDGE('',*,*,#6208,.F.);
#5184=ORIENTED_EDGE('',*,*,#6301,.T.);
#5185=ORIENTED_EDGE('',*,*,#6294,.T.);
#5186=ORIENTED_EDGE('',*,*,#6210,.T.);
#5187=ORIENTED_EDGE('',*,*,#6273,.F.);
#5188=ORIENTED_EDGE('',*,*,#6553,.F.);
#5189=ORIENTED_EDGE('',*,*,#6302,.T.);
#5190=ORIENTED_EDGE('',*,*,#6553,.T.);
#5191=ORIENTED_EDGE('',*,*,#6272,.F.);
#5192=ORIENTED_EDGE('',*,*,#6552,.F.);
#5193=ORIENTED_EDGE('',*,*,#6064,.F.);
#5194=ORIENTED_EDGE('',*,*,#5960,.F.);
#5195=ORIENTED_EDGE('',*,*,#6068,.F.);
#5196=ORIENTED_EDGE('',*,*,#6046,.F.);
#5197=ORIENTED_EDGE('',*,*,#6072,.F.);
#5198=ORIENTED_EDGE('',*,*,#6032,.F.);
#5199=ORIENTED_EDGE('',*,*,#6076,.F.);
#5200=ORIENTED_EDGE('',*,*,#6028,.F.);
#5201=ORIENTED_EDGE('',*,*,#6080,.F.);
#5202=ORIENTED_EDGE('',*,*,#6024,.F.);
#5203=ORIENTED_EDGE('',*,*,#6084,.F.);
#5204=ORIENTED_EDGE('',*,*,#6020,.F.);
#5205=ORIENTED_EDGE('',*,*,#6088,.F.);
#5206=ORIENTED_EDGE('',*,*,#6016,.F.);
#5207=ORIENTED_EDGE('',*,*,#6092,.F.);
#5208=ORIENTED_EDGE('',*,*,#6012,.F.);
#5209=ORIENTED_EDGE('',*,*,#6096,.F.);
#5210=ORIENTED_EDGE('',*,*,#6008,.F.);
#5211=ORIENTED_EDGE('',*,*,#6100,.F.);
#5212=ORIENTED_EDGE('',*,*,#6004,.F.);
#5213=ORIENTED_EDGE('',*,*,#6104,.F.);
#5214=ORIENTED_EDGE('',*,*,#6000,.F.);
#5215=ORIENTED_EDGE('',*,*,#6108,.F.);
#5216=ORIENTED_EDGE('',*,*,#5996,.F.);
#5217=ORIENTED_EDGE('',*,*,#6112,.F.);
#5218=ORIENTED_EDGE('',*,*,#5992,.F.);
#5219=ORIENTED_EDGE('',*,*,#6116,.F.);
#5220=ORIENTED_EDGE('',*,*,#5988,.F.);
#5221=ORIENTED_EDGE('',*,*,#6120,.F.);
#5222=ORIENTED_EDGE('',*,*,#5984,.F.);
#5223=ORIENTED_EDGE('',*,*,#6124,.F.);
#5224=ORIENTED_EDGE('',*,*,#5980,.F.);
#5225=ORIENTED_EDGE('',*,*,#6128,.F.);
#5226=ORIENTED_EDGE('',*,*,#5976,.F.);
#5227=ORIENTED_EDGE('',*,*,#6052,.F.);
#5228=ORIENTED_EDGE('',*,*,#5972,.F.);
#5229=ORIENTED_EDGE('',*,*,#6056,.F.);
#5230=ORIENTED_EDGE('',*,*,#5968,.F.);
#5231=ORIENTED_EDGE('',*,*,#6060,.F.);
#5232=ORIENTED_EDGE('',*,*,#5964,.F.);
#5233=ORIENTED_EDGE('',*,*,#6051,.F.);
#5234=ORIENTED_EDGE('',*,*,#6038,.T.);
#5235=ORIENTED_EDGE('',*,*,#6041,.T.);
#5236=ORIENTED_EDGE('',*,*,#6044,.T.);
#5237=ORIENTED_EDGE('',*,*,#6050,.T.);
#5238=EDGE_CURVE('',#6554,#6555,#7404,.T.);
#5239=EDGE_CURVE('',#6554,#6556,#7405,.T.);
#5240=EDGE_CURVE('',#6557,#6556,#7406,.T.);
#5241=EDGE_CURVE('',#6557,#6558,#7407,.T.);
#5242=EDGE_CURVE('',#6559,#6558,#7408,.T.);
#5243=EDGE_CURVE('',#6559,#6555,#7409,.T.);
#5244=EDGE_CURVE('',#6560,#6561,#7410,.T.);
#5245=EDGE_CURVE('',#6560,#6562,#7411,.T.);
#5246=EDGE_CURVE('',#6563,#6562,#7412,.T.);
#5247=EDGE_CURVE('',#6563,#6564,#7413,.T.);
#5248=EDGE_CURVE('',#6565,#6564,#7414,.T.);
#5249=EDGE_CURVE('',#6565,#6566,#7415,.T.);
#5250=EDGE_CURVE('',#6567,#6566,#7416,.T.);
#5251=EDGE_CURVE('',#6567,#6561,#7417,.T.);
#5252=EDGE_CURVE('',#6568,#6569,#1006,.F.);
#5253=EDGE_CURVE('',#6570,#6568,#7418,.T.);
#5254=EDGE_CURVE('',#6571,#6570,#7419,.T.);
#5255=EDGE_CURVE('',#6572,#6571,#7420,.T.);
#5256=EDGE_CURVE('',#6572,#6573,#7421,.T.);
#5257=EDGE_CURVE('',#6574,#6573,#7422,.T.);
#5258=EDGE_CURVE('',#6575,#6574,#7423,.T.);
#5259=EDGE_CURVE('',#6576,#6575,#7424,.T.);
#5260=EDGE_CURVE('',#6569,#6576,#7425,.T.);
#5261=EDGE_CURVE('',#6577,#6578,#777,.F.);
#5262=EDGE_CURVE('',#6577,#6578,#7426,.F.);
#5263=EDGE_CURVE('',#6579,#6580,#778,.T.);
#5264=EDGE_CURVE('',#6580,#6581,#779,.T.);
#5265=EDGE_CURVE('',#6581,#6582,#780,.T.);
#5266=EDGE_CURVE('',#6579,#6582,#781,.T.);
#5267=EDGE_CURVE('',#6583,#6584,#1007,.T.);
#5268=EDGE_CURVE('',#6583,#6585,#387,.F.);
#5269=EDGE_CURVE('',#6585,#6586,#1008,.F.);
#5270=EDGE_CURVE('',#6586,#6587,#388,.F.);
#5271=EDGE_CURVE('',#6588,#6587,#1009,.F.);
#5272=EDGE_CURVE('',#6588,#6589,#389,.F.);
#5273=EDGE_CURVE('',#6589,#6590,#390,.F.);
#5274=EDGE_CURVE('',#6590,#6591,#1010,.T.);
#5275=EDGE_CURVE('',#6584,#6591,#391,.F.);
#5276=EDGE_CURVE('',#6592,#6593,#392,.T.);
#5277=EDGE_CURVE('',#6592,#6594,#1011,.T.);
#5278=EDGE_CURVE('',#6595,#6594,#393,.T.);
#5279=EDGE_CURVE('',#6596,#6595,#1012,.T.);
#5280=EDGE_CURVE('',#6597,#6596,#394,.T.);
#5281=EDGE_CURVE('',#6598,#6597,#1013,.T.);
#5282=EDGE_CURVE('',#6599,#6598,#782,.T.);
#5283=EDGE_CURVE('',#6600,#6599,#7427,.T.);
#5284=EDGE_CURVE('',#6601,#6600,#7428,.T.);
#5285=EDGE_CURVE('',#6601,#6593,#1014,.T.);
#5286=EDGE_CURVE('',#6602,#6603,#1015,.F.);
#5287=EDGE_CURVE('',#6604,#6602,#1016,.T.);
#5288=EDGE_CURVE('',#6593,#6604,#1017,.T.);
#5289=EDGE_CURVE('',#6605,#6601,#783,.T.);
#5290=EDGE_CURVE('',#6605,#6603,#784,.T.);
#5291=EDGE_CURVE('',#6606,#6607,#1018,.T.);
#5292=EDGE_CURVE('',#6608,#6607,#1019,.T.);
#5293=EDGE_CURVE('',#6608,#6609,#1020,.T.);
#5294=EDGE_CURVE('',#6610,#6609,#1021,.F.);
#5295=EDGE_CURVE('',#6610,#6611,#785,.T.);
#5296=EDGE_CURVE('',#6606,#6611,#1022,.T.);
#5297=EDGE_CURVE('',#6612,#6613,#395,.T.);
#5298=EDGE_CURVE('',#6614,#6613,#1023,.T.);
#5299=EDGE_CURVE('',#6615,#6614,#396,.T.);
#5300=EDGE_CURVE('',#6616,#6615,#1024,.T.);
#5301=EDGE_CURVE('',#6607,#6616,#397,.T.);
#5302=EDGE_CURVE('',#6617,#6606,#786,.T.);
#5303=EDGE_CURVE('',#6618,#6617,#7429,.T.);
#5304=EDGE_CURVE('',#6618,#6612,#1025,.T.);
#5305=EDGE_CURVE('',#6619,#6620,#1026,.T.);
#5306=EDGE_CURVE('',#6620,#6621,#1027,.T.);
#5307=EDGE_CURVE('',#6622,#6621,#1028,.T.);
#5308=EDGE_CURVE('',#6622,#6619,#1029,.T.);
#5309=EDGE_CURVE('',#6623,#6624,#1030,.T.);
#5310=EDGE_CURVE('',#6624,#6625,#1031,.T.);
#5311=EDGE_CURVE('',#6626,#6625,#1032,.T.);
#5312=EDGE_CURVE('',#6626,#6627,#398,.F.);
#5313=EDGE_CURVE('',#6627,#6628,#1033,.T.);
#5314=EDGE_CURVE('',#6628,#6629,#399,.T.);
#5315=EDGE_CURVE('',#6623,#6629,#1034,.T.);
#5316=EDGE_CURVE('',#6617,#6578,#1035,.T.);
#5317=EDGE_CURVE('',#6577,#6630,#1036,.T.);
#5318=EDGE_CURVE('',#6605,#6630,#7430,.T.);
#5319=EDGE_CURVE('',#6631,#6600,#1037,.T.);
#5320=EDGE_CURVE('',#6631,#6618,#787,.T.);
#5321=EDGE_CURVE('',#6632,#6633,#7431,.T.);
#5322=EDGE_CURVE('',#6632,#6634,#7432,.T.);
#5323=EDGE_CURVE('',#6634,#6635,#788,.T.);
#5324=EDGE_CURVE('',#6635,#6633,#7433,.T.);
#5325=EDGE_CURVE('',#6636,#6636,#400,.T.);
#5326=EDGE_CURVE('',#6637,#6638,#789,.F.);
#5327=EDGE_CURVE('',#6637,#6638,#7434,.T.);
#5328=EDGE_CURVE('',#6639,#6638,#1038,.F.);
#5329=EDGE_CURVE('',#6639,#6640,#401,.T.);
#5330=EDGE_CURVE('',#6637,#6640,#1039,.F.);
#5331=EDGE_CURVE('',#6630,#6611,#790,.F.);
#5332=EDGE_CURVE('',#6641,#6641,#7435,.T.);
#5333=EDGE_CURVE('',#6642,#6642,#7436,.T.);
#5334=EDGE_CURVE('',#6643,#6643,#791,.T.);
#5335=EDGE_CURVE('',#6644,#6644,#792,.T.);
#5336=EDGE_CURVE('',#6645,#6645,#793,.T.);
#5337=EDGE_CURVE('',#6646,#6646,#794,.T.);
#5338=EDGE_CURVE('',#6647,#6599,#1040,.T.);
#5339=EDGE_CURVE('',#6598,#6648,#1041,.T.);
#5340=EDGE_CURVE('',#6649,#6648,#1042,.T.);
#5341=EDGE_CURVE('',#6649,#6650,#795,.T.);
#5342=EDGE_CURVE('',#6650,#6647,#1043,.T.);
#5343=EDGE_CURVE('',#6651,#6652,#796,.T.);
#5344=EDGE_CURVE('',#6653,#6651,#7437,.T.);
#5345=EDGE_CURVE('',#6653,#6649,#7438,.T.);
#5346=EDGE_CURVE('',#6654,#6648,#797,.F.);
#5347=EDGE_CURVE('',#6655,#6654,#1044,.T.);
#5348=EDGE_CURVE('',#6656,#6655,#798,.T.);
#5349=EDGE_CURVE('',#6657,#6656,#7439,.T.);
#5350=EDGE_CURVE('',#6652,#6657,#7440,.T.);
#5351=EDGE_CURVE('',#6658,#6659,#7441,.T.);
#5352=EDGE_CURVE('',#6658,#6639,#7442,.T.);
#5353=EDGE_CURVE('',#6640,#6659,#7443,.T.);
#5354=EDGE_CURVE('',#6660,#6661,#402,.T.);
#5355=EDGE_CURVE('',#6660,#6662,#403,.F.);
#5356=EDGE_CURVE('',#6663,#6662,#404,.T.);
#5357=EDGE_CURVE('',#6664,#6663,#1045,.T.);
#5358=EDGE_CURVE('',#6664,#6665,#405,.T.);
#5359=EDGE_CURVE('',#6661,#6665,#1046,.T.);
#5360=EDGE_CURVE('',#6666,#6667,#406,.T.);
#5361=EDGE_CURVE('',#6589,#6666,#1047,.T.);
#5362=EDGE_CURVE('',#6588,#6624,#1048,.F.);
#5363=EDGE_CURVE('',#6667,#6623,#407,.T.);
#5364=EDGE_CURVE('',#6668,#6669,#1049,.T.);
#5365=EDGE_CURVE('',#6668,#6670,#799,.T.);
#5366=EDGE_CURVE('',#6670,#6671,#1050,.F.);
#5367=EDGE_CURVE('',#6672,#6671,#1051,.T.);
#5368=EDGE_CURVE('',#6673,#6672,#1052,.F.);
#5369=EDGE_CURVE('',#6669,#6673,#1053,.T.);
#5370=EDGE_CURVE('',#6674,#6668,#1054,.F.);
#5371=EDGE_CURVE('',#6669,#6675,#408,.F.);
#5372=EDGE_CURVE('',#6675,#6674,#1055,.T.);
#5373=EDGE_CURVE('',#6676,#6677,#1056,.T.);
#5374=EDGE_CURVE('',#6677,#6678,#409,.T.);
#5375=EDGE_CURVE('',#6679,#6678,#1057,.T.);
#5376=EDGE_CURVE('',#6676,#6679,#410,.T.);
#5377=EDGE_CURVE('',#6680,#6681,#1058,.T.);
#5378=EDGE_CURVE('',#6681,#6677,#1059,.T.);
#5379=EDGE_CURVE('',#6680,#6676,#1060,.T.);
#5380=EDGE_CURVE('',#6682,#6683,#1061,.T.);
#5381=EDGE_CURVE('',#6683,#6681,#411,.F.);
#5382=EDGE_CURVE('',#6682,#6680,#412,.T.);
#5383=EDGE_CURVE('',#6684,#6685,#1062,.T.);
#5384=EDGE_CURVE('',#6685,#6683,#1063,.T.);
#5385=EDGE_CURVE('',#6684,#6682,#1064,.T.);
#5386=EDGE_CURVE('',#6686,#6687,#1065,.T.);
#5387=EDGE_CURVE('',#6686,#6685,#413,.T.);
#5388=EDGE_CURVE('',#6688,#6684,#414,.T.);
#5389=EDGE_CURVE('',#6689,#6688,#415,.T.);
#5390=EDGE_CURVE('',#6689,#6690,#1066,.T.);
#5391=EDGE_CURVE('',#6687,#6690,#7444,.F.);
#5392=EDGE_CURVE('',#6691,#6687,#7445,.T.);
#5393=EDGE_CURVE('',#6678,#6691,#1067,.T.);
#5394=EDGE_CURVE('',#6678,#6686,#7446,.F.);
#5395=EDGE_CURVE('',#6692,#6692,#7447,.T.);
#5396=EDGE_CURVE('',#6691,#6693,#7448,.T.);
#5397=EDGE_CURVE('',#6694,#6690,#7449,.T.);
#5398=EDGE_CURVE('',#6695,#6694,#7450,.T.);
#5399=EDGE_CURVE('',#6695,#6696,#7451,.T.);
#5400=EDGE_CURVE('',#6697,#6696,#7452,.T.);
#5401=EDGE_CURVE('',#6698,#6697,#7453,.T.);
#5402=EDGE_CURVE('',#6699,#6698,#7454,.F.);
#5403=EDGE_CURVE('',#6700,#6699,#416,.T.);
#5404=EDGE_CURVE('',#6693,#6700,#7455,.T.);
#5405=EDGE_CURVE('',#6701,#6702,#1068,.T.);
#5406=EDGE_CURVE('',#6701,#6703,#1069,.T.);
#5407=EDGE_CURVE('',#6703,#6704,#1070,.T.);
#5408=EDGE_CURVE('',#6704,#6705,#1071,.T.);
#5409=EDGE_CURVE('',#6706,#6705,#1072,.T.);
#5410=EDGE_CURVE('',#6707,#6706,#1073,.T.);
#5411=EDGE_CURVE('',#6708,#6707,#1074,.T.);
#5412=EDGE_CURVE('',#6708,#6709,#800,.T.);
#5413=EDGE_CURVE('',#6702,#6709,#1075,.T.);
#5414=EDGE_CURVE('',#6710,#6710,#417,.F.);
#5415=EDGE_CURVE('',#6711,#6703,#418,.T.);
#5416=EDGE_CURVE('',#6712,#6711,#1076,.T.);
#5417=EDGE_CURVE('',#6704,#6712,#419,.T.);
#5418=EDGE_CURVE('',#6713,#6714,#420,.T.);
#5419=EDGE_CURVE('',#6713,#6715,#1077,.F.);
#5420=EDGE_CURVE('',#6715,#6716,#421,.T.);
#5421=EDGE_CURVE('',#6716,#6717,#1078,.T.);
#5422=EDGE_CURVE('',#6717,#6718,#422,.F.);
#5423=EDGE_CURVE('',#6718,#6719,#1079,.T.);
#5424=EDGE_CURVE('',#6719,#6720,#423,.T.);
#5425=EDGE_CURVE('',#6720,#6714,#1080,.T.);
#5426=EDGE_CURVE('',#6673,#6721,#424,.T.);
#5427=EDGE_CURVE('',#6675,#6721,#1081,.T.);
#5428=EDGE_CURVE('',#6722,#6723,#425,.T.);
#5429=EDGE_CURVE('',#6718,#6723,#1082,.T.);
#5430=EDGE_CURVE('',#6717,#6722,#1083,.T.);
#5431=EDGE_CURVE('',#6706,#6724,#426,.T.);
#5432=EDGE_CURVE('',#6725,#6724,#1084,.T.);
#5433=EDGE_CURVE('',#6707,#6725,#427,.F.);
#5434=EDGE_CURVE('',#6725,#6726,#1085,.T.);
#5435=EDGE_CURVE('',#6726,#6708,#1086,.F.);
#5436=EDGE_CURVE('',#6727,#6728,#428,.T.);
#5437=EDGE_CURVE('',#6728,#6729,#1087,.T.);
#5438=EDGE_CURVE('',#6730,#6729,#429,.T.);
#5439=EDGE_CURVE('',#6727,#6730,#1088,.F.);
#5440=EDGE_CURVE('',#6731,#6727,#430,.T.);
#5441=EDGE_CURVE('',#6732,#6730,#431,.T.);
#5442=EDGE_CURVE('',#6731,#6732,#1089,.T.);
#5443=EDGE_CURVE('',#6728,#6733,#1090,.F.);
#5444=EDGE_CURVE('',#6733,#6734,#1091,.T.);
#5445=EDGE_CURVE('',#6734,#6729,#1092,.T.);
#5446=EDGE_CURVE('',#6735,#6736,#1093,.F.);
#5447=EDGE_CURVE('',#6734,#6736,#432,.T.);
#5448=EDGE_CURVE('',#6733,#6735,#433,.T.);
#5449=EDGE_CURVE('',#6737,#6738,#1094,.T.);
#5450=EDGE_CURVE('',#6738,#6739,#434,.T.);
#5451=EDGE_CURVE('',#6739,#6732,#435,.T.);
#5452=EDGE_CURVE('',#6729,#6625,#436,.T.);
#5453=EDGE_CURVE('',#6625,#6740,#437,.T.);
#5454=EDGE_CURVE('',#6740,#6584,#438,.T.);
#5455=EDGE_CURVE('',#6591,#6737,#439,.F.);
#5456=EDGE_CURVE('',#6741,#6742,#1095,.T.);
#5457=EDGE_CURVE('',#6743,#6742,#440,.T.);
#5458=EDGE_CURVE('',#6743,#6744,#1096,.T.);
#5459=EDGE_CURVE('',#6744,#6734,#441,.T.);
#5460=EDGE_CURVE('',#6736,#6745,#442,.T.);
#5461=EDGE_CURVE('',#6745,#6741,#443,.T.);
#5462=EDGE_CURVE('',#6738,#6746,#1097,.T.);
#5463=EDGE_CURVE('',#6746,#6741,#1098,.F.);
#5464=EDGE_CURVE('',#6745,#6739,#1099,.T.);
#5465=EDGE_CURVE('',#6705,#6747,#444,.T.);
#5466=EDGE_CURVE('',#6747,#6748,#445,.T.);
#5467=EDGE_CURVE('',#6748,#6749,#446,.T.);
#5468=EDGE_CURVE('',#6749,#6723,#1100,.T.);
#5469=EDGE_CURVE('',#6722,#6750,#447,.T.);
#5470=EDGE_CURVE('',#6750,#6721,#448,.T.);
#5471=EDGE_CURVE('',#6673,#6751,#449,.T.);
#5472=EDGE_CURVE('',#6751,#6724,#1101,.T.);
#5473=EDGE_CURVE('',#6752,#6752,#450,.F.);
#5474=EDGE_CURVE('',#6744,#6626,#1102,.F.);
#5475=EDGE_CURVE('',#6696,#6753,#1103,.F.);
#5476=EDGE_CURVE('',#6754,#6753,#451,.T.);
#5477=EDGE_CURVE('',#6754,#6755,#1104,.T.);
#5478=EDGE_CURVE('',#6756,#6755,#452,.T.);
#5479=EDGE_CURVE('',#6757,#6756,#1105,.T.);
#5480=EDGE_CURVE('',#6758,#6757,#453,.T.);
#5481=EDGE_CURVE('',#6758,#6759,#1106,.T.);
#5482=EDGE_CURVE('',#6760,#6759,#454,.T.);
#5483=EDGE_CURVE('',#6760,#6697,#1107,.T.);
#5484=EDGE_CURVE('',#6761,#6762,#1108,.T.);
#5485=EDGE_CURVE('',#6761,#6763,#7456,.T.);
#5486=EDGE_CURVE('',#6764,#6763,#801,.T.);
#5487=EDGE_CURVE('',#6764,#6765,#7457,.T.);
#5488=EDGE_CURVE('',#6765,#6766,#1109,.T.);
#5489=EDGE_CURVE('',#6762,#6766,#455,.T.);
#5490=EDGE_CURVE('',#6767,#6768,#1110,.T.);
#5491=EDGE_CURVE('',#6767,#6769,#1111,.T.);
#5492=EDGE_CURVE('',#6770,#6769,#1112,.T.);
#5493=EDGE_CURVE('',#6768,#6770,#1113,.T.);
#5494=EDGE_CURVE('',#6771,#6771,#802,.F.);
#5495=EDGE_CURVE('',#6765,#6767,#803,.T.);
#5496=EDGE_CURVE('',#6768,#6772,#1114,.T.);
#5497=EDGE_CURVE('',#6773,#6772,#1115,.T.);
#5498=EDGE_CURVE('',#6774,#6773,#1116,.T.);
#5499=EDGE_CURVE('',#6766,#6774,#1117,.T.);
#5500=EDGE_CURVE('',#6769,#6761,#804,.T.);
#5501=EDGE_CURVE('',#6775,#6762,#1118,.T.);
#5502=EDGE_CURVE('',#6776,#6775,#1119,.T.);
#5503=EDGE_CURVE('',#6777,#6776,#1120,.T.);
#5504=EDGE_CURVE('',#6770,#6777,#1121,.T.);
#5505=EDGE_CURVE('',#6679,#6778,#1122,.T.);
#5506=EDGE_CURVE('',#6778,#6779,#456,.T.);
#5507=EDGE_CURVE('',#6779,#6780,#457,.T.);
#5508=EDGE_CURVE('',#6780,#6781,#1123,.T.);
#5509=EDGE_CURVE('',#6781,#6782,#1124,.T.);
#5510=EDGE_CURVE('',#6782,#6783,#458,.T.);
#5511=EDGE_CURVE('',#6783,#6784,#459,.T.);
#5512=EDGE_CURVE('',#6784,#6785,#460,.T.);
#5513=EDGE_CURVE('',#6785,#6786,#1125,.T.);
#5514=EDGE_CURVE('',#6786,#6787,#1126,.F.);
#5515=EDGE_CURVE('',#6788,#6787,#461,.T.);
#5516=EDGE_CURVE('',#6688,#6788,#1127,.T.);
#5517=EDGE_CURVE('',#6776,#6773,#1128,.F.);
#5518=EDGE_CURVE('',#6772,#6777,#1129,.T.);
#5519=EDGE_CURVE('',#6789,#6755,#1130,.T.);
#5520=EDGE_CURVE('',#6790,#6789,#462,.T.);
#5521=EDGE_CURVE('',#6756,#6790,#1131,.T.);
#5522=EDGE_CURVE('',#6791,#6759,#1132,.T.);
#5523=EDGE_CURVE('',#6792,#6791,#463,.T.);
#5524=EDGE_CURVE('',#6792,#6793,#1133,.T.);
#5525=EDGE_CURVE('',#6793,#6760,#1134,.T.);
#5526=EDGE_CURVE('',#6794,#6789,#1135,.T.);
#5527=EDGE_CURVE('',#6795,#6794,#464,.T.);
#5528=EDGE_CURVE('',#6796,#6795,#1136,.T.);
#5529=EDGE_CURVE('',#6796,#6797,#7458,.T.);
#5530=EDGE_CURVE('',#6797,#6798,#805,.F.);
#5531=EDGE_CURVE('',#6798,#6799,#7459,.T.);
#5532=EDGE_CURVE('',#6800,#6799,#465,.T.);
#5533=EDGE_CURVE('',#6800,#6801,#7460,.T.);
#5534=EDGE_CURVE('',#6801,#6792,#806,.F.);
#5535=EDGE_CURVE('',#6802,#6791,#1137,.T.);
#5536=EDGE_CURVE('',#6803,#6802,#466,.T.);
#5537=EDGE_CURVE('',#6803,#6790,#1138,.T.);
#5538=EDGE_CURVE('',#6804,#6805,#1139,.T.);
#5539=EDGE_CURVE('',#6804,#6806,#1140,.T.);
#5540=EDGE_CURVE('',#6807,#6806,#1141,.T.);
#5541=EDGE_CURVE('',#6808,#6807,#467,.F.);
#5542=EDGE_CURVE('',#6809,#6808,#468,.F.);
#5543=EDGE_CURVE('',#6805,#6809,#469,.T.);
#5544=EDGE_CURVE('',#6780,#6699,#1142,.T.);
#5545=EDGE_CURVE('',#6793,#6698,#1143,.T.);
#5546=EDGE_CURVE('',#6792,#6786,#1144,.T.);
#5547=EDGE_CURVE('',#6786,#6806,#1145,.T.);
#5548=EDGE_CURVE('',#6781,#6804,#1146,.T.);
#5549=EDGE_CURVE('',#6810,#6811,#470,.T.);
#5550=EDGE_CURVE('',#6810,#6695,#1147,.T.);
#5551=EDGE_CURVE('',#6812,#6694,#1148,.T.);
#5552=EDGE_CURVE('',#6811,#6812,#1149,.T.);
#5553=EDGE_CURVE('',#6812,#6689,#1150,.T.);
#5554=EDGE_CURVE('',#6782,#6805,#1151,.T.);
#5555=EDGE_CURVE('',#6783,#6809,#1152,.T.);
#5556=EDGE_CURVE('',#6784,#6808,#1153,.T.);
#5557=EDGE_CURVE('',#6785,#6807,#1154,.T.);
#5558=EDGE_CURVE('',#6813,#6788,#1155,.T.);
#5559=EDGE_CURVE('',#6813,#6796,#1156,.T.);
#5560=EDGE_CURVE('',#6811,#6795,#1157,.T.);
#5561=EDGE_CURVE('',#6812,#6688,#1158,.T.);
#5562=EDGE_CURVE('',#6787,#6814,#807,.T.);
#5563=EDGE_CURVE('',#6814,#6815,#7461,.T.);
#5564=EDGE_CURVE('',#6816,#6815,#471,.T.);
#5565=EDGE_CURVE('',#6816,#6817,#7462,.T.);
#5566=EDGE_CURVE('',#6817,#6818,#808,.T.);
#5567=EDGE_CURVE('',#6818,#6813,#7463,.T.);
#5568=EDGE_CURVE('',#6801,#6814,#1159,.F.);
#5569=EDGE_CURVE('',#6794,#6754,#1160,.T.);
#5570=EDGE_CURVE('',#6753,#6810,#472,.T.);
#5571=EDGE_CURVE('',#6802,#6758,#1161,.T.);
#5572=EDGE_CURVE('',#6757,#6803,#1162,.T.);
#5573=EDGE_CURVE('',#6775,#6774,#1163,.F.);
#5574=EDGE_CURVE('',#6763,#6764,#1164,.F.);
#5575=EDGE_CURVE('',#6819,#6820,#473,.T.);
#5576=EDGE_CURVE('',#6821,#6820,#1165,.T.);
#5577=EDGE_CURVE('',#6822,#6821,#474,.T.);
#5578=EDGE_CURVE('',#6822,#6819,#1166,.T.);
#5579=EDGE_CURVE('',#6823,#6819,#475,.T.);
#5580=EDGE_CURVE('',#6824,#6822,#476,.T.);
#5581=EDGE_CURVE('',#6824,#6823,#1167,.T.);
#5582=EDGE_CURVE('',#6825,#6823,#477,.T.);
#5583=EDGE_CURVE('',#6826,#6824,#478,.T.);
#5584=EDGE_CURVE('',#6826,#6825,#1168,.T.);
#5585=EDGE_CURVE('',#6827,#6825,#479,.T.);
#5586=EDGE_CURVE('',#6828,#6826,#480,.T.);
#5587=EDGE_CURVE('',#6828,#6827,#1169,.T.);
#5588=EDGE_CURVE('',#6829,#6827,#481,.T.);
#5589=EDGE_CURVE('',#6830,#6828,#482,.T.);
#5590=EDGE_CURVE('',#6830,#6829,#1170,.T.);
#5591=EDGE_CURVE('',#6831,#6829,#483,.T.);
#5592=EDGE_CURVE('',#6832,#6830,#484,.T.);
#5593=EDGE_CURVE('',#6832,#6831,#1171,.T.);
#5594=EDGE_CURVE('',#6833,#6834,#7464,.T.);
#5595=EDGE_CURVE('',#6835,#6833,#485,.F.);
#5596=EDGE_CURVE('',#6836,#6835,#486,.T.);
#5597=EDGE_CURVE('',#6837,#6836,#487,.T.);
#5598=EDGE_CURVE('',#6834,#6837,#7465,.T.);
#5599=EDGE_CURVE('',#6820,#6838,#488,.T.);
#5600=EDGE_CURVE('',#6839,#6831,#489,.T.);
#5601=EDGE_CURVE('',#6838,#6839,#490,.T.);
#5602=EDGE_CURVE('',#6840,#6838,#1172,.T.);
#5603=EDGE_CURVE('',#6821,#6840,#491,.T.);
#5604=EDGE_CURVE('',#6840,#6841,#492,.T.);
#5605=EDGE_CURVE('',#6841,#6832,#493,.T.);
#5606=EDGE_CURVE('',#6841,#6839,#1173,.T.);
#5607=EDGE_CURVE('',#6842,#6843,#1174,.T.);
#5608=EDGE_CURVE('',#6842,#6719,#1175,.T.);
#5609=EDGE_CURVE('',#6712,#6749,#1176,.T.);
#5610=EDGE_CURVE('',#6843,#6711,#1177,.T.);
#5611=EDGE_CURVE('',#6844,#6845,#494,.T.);
#5612=EDGE_CURVE('',#6845,#6846,#1178,.F.);
#5613=EDGE_CURVE('',#6846,#6667,#495,.T.);
#5614=EDGE_CURVE('',#6629,#6720,#7466,.T.);
#5615=EDGE_CURVE('',#6847,#6842,#496,.T.);
#5616=EDGE_CURVE('',#6716,#6847,#1179,.F.);
#5617=EDGE_CURVE('',#6715,#6848,#7467,.T.);
#5618=EDGE_CURVE('',#6848,#6849,#1180,.F.);
#5619=EDGE_CURVE('',#6671,#6849,#497,.T.);
#5620=EDGE_CURVE('',#6670,#6850,#7468,.T.);
#5621=EDGE_CURVE('',#6850,#6851,#1181,.F.);
#5622=EDGE_CURVE('',#6702,#6851,#498,.T.);
#5623=EDGE_CURVE('',#6709,#6852,#7469,.T.);
#5624=EDGE_CURVE('',#6852,#6853,#809,.F.);
#5625=EDGE_CURVE('',#6853,#6854,#7470,.T.);
#5626=EDGE_CURVE('',#6652,#6854,#1182,.T.);
#5627=EDGE_CURVE('',#6657,#6855,#1183,.T.);
#5628=EDGE_CURVE('',#6855,#6856,#499,.T.);
#5629=EDGE_CURVE('',#6856,#6844,#1184,.T.);
#5630=EDGE_CURVE('',#6779,#6700,#1185,.T.);
#5631=EDGE_CURVE('',#6836,#6857,#1186,.T.);
#5632=EDGE_CURVE('',#6857,#6858,#500,.T.);
#5633=EDGE_CURVE('',#6858,#6859,#1187,.F.);
#5634=EDGE_CURVE('',#6860,#6859,#501,.T.);
#5635=EDGE_CURVE('',#6837,#6860,#1188,.F.);
#5636=EDGE_CURVE('',#6854,#6746,#810,.F.);
#5637=EDGE_CURVE('',#6861,#6737,#1189,.T.);
#5638=EDGE_CURVE('',#6861,#6862,#1190,.T.);
#5639=EDGE_CURVE('',#6862,#6651,#1191,.F.);
#5640=EDGE_CURVE('',#6590,#6861,#502,.F.);
#5641=EDGE_CURVE('',#6735,#6863,#503,.T.);
#5642=EDGE_CURVE('',#6863,#6745,#1192,.T.);
#5643=EDGE_CURVE('',#6864,#6739,#1193,.T.);
#5644=EDGE_CURVE('',#6864,#6731,#504,.T.);
#5645=EDGE_CURVE('',#6863,#6864,#1194,.T.);
#5646=EDGE_CURVE('',#6865,#6713,#7471,.T.);
#5647=EDGE_CURVE('',#6714,#6866,#7472,.T.);
#5648=EDGE_CURVE('',#6866,#6867,#811,.T.);
#5649=EDGE_CURVE('',#6867,#6743,#7473,.T.);
#5650=EDGE_CURVE('',#6742,#6868,#7474,.T.);
#5651=EDGE_CURVE('',#6868,#6865,#812,.T.);
#5652=EDGE_CURVE('',#6665,#6664,#505,.T.);
#5653=EDGE_CURVE('',#6721,#6869,#1195,.F.);
#5654=EDGE_CURVE('',#6849,#6869,#1196,.T.);
#5655=EDGE_CURVE('',#6848,#6674,#813,.T.);
#5656=EDGE_CURVE('',#6722,#6870,#1197,.F.);
#5657=EDGE_CURVE('',#6843,#6870,#506,.T.);
#5658=EDGE_CURVE('',#6871,#6701,#507,.T.);
#5659=EDGE_CURVE('',#6751,#6871,#1198,.F.);
#5660=EDGE_CURVE('',#6869,#6672,#508,.T.);
#5661=EDGE_CURVE('',#6870,#6847,#1199,.T.);
#5662=EDGE_CURVE('',#6851,#6871,#1200,.T.);
#5663=EDGE_CURVE('',#6850,#6726,#814,.T.);
#5664=EDGE_CURVE('',#6778,#6693,#1201,.T.);
#5665=EDGE_CURVE('',#6857,#6872,#509,.F.);
#5666=EDGE_CURVE('',#6836,#6873,#510,.T.);
#5667=EDGE_CURVE('',#6872,#6873,#1202,.T.);
#5668=EDGE_CURVE('',#6874,#6860,#1203,.T.);
#5669=EDGE_CURVE('',#6874,#6834,#1204,.T.);
#5670=EDGE_CURVE('',#6875,#6874,#511,.F.);
#5671=EDGE_CURVE('',#6876,#6875,#1205,.F.);
#5672=EDGE_CURVE('',#6833,#6876,#512,.T.);
#5673=EDGE_CURVE('',#6873,#6835,#513,.F.);
#5674=EDGE_CURVE('',#6797,#6818,#1206,.F.);
#5675=EDGE_CURVE('',#6817,#6798,#1207,.F.);
#5676=EDGE_CURVE('',#6799,#6816,#1208,.T.);
#5677=EDGE_CURVE('',#6815,#6800,#1209,.T.);
#5678=EDGE_CURVE('',#6877,#6875,#1210,.T.);
#5679=EDGE_CURVE('',#6878,#6877,#1211,.T.);
#5680=EDGE_CURVE('',#6879,#6878,#1212,.T.);
#5681=EDGE_CURVE('',#6879,#6880,#815,.F.);
#5682=EDGE_CURVE('',#6876,#6880,#1213,.F.);
#5683=EDGE_CURVE('',#6859,#6881,#1214,.T.);
#5684=EDGE_CURVE('',#6881,#6882,#1215,.T.);
#5685=EDGE_CURVE('',#6882,#6877,#1216,.T.);
#5686=EDGE_CURVE('',#6883,#6872,#1217,.T.);
#5687=EDGE_CURVE('',#6884,#6883,#1218,.T.);
#5688=EDGE_CURVE('',#6858,#6884,#1219,.T.);
#5689=EDGE_CURVE('',#6880,#6835,#1220,.T.);
#5690=EDGE_CURVE('',#6873,#6879,#1221,.T.);
#5691=EDGE_CURVE('',#6885,#6878,#1222,.T.);
#5692=EDGE_CURVE('',#6883,#6885,#1223,.T.);
#5693=EDGE_CURVE('',#6884,#6881,#1224,.T.);
#5694=EDGE_CURVE('',#6868,#6853,#1225,.F.);
#5695=EDGE_CURVE('',#6852,#6865,#1226,.T.);
#5696=EDGE_CURVE('',#6627,#6867,#1227,.F.);
#5697=EDGE_CURVE('',#6866,#6628,#1228,.F.);
#5698=EDGE_CURVE('',#6654,#6886,#1229,.T.);
#5699=EDGE_CURVE('',#6886,#6887,#816,.T.);
#5700=EDGE_CURVE('',#6887,#6888,#1230,.T.);
#5701=EDGE_CURVE('',#6888,#6889,#817,.T.);
#5702=EDGE_CURVE('',#6889,#6655,#1231,.T.);
#5703=EDGE_CURVE('',#6647,#6631,#818,.T.);
#5704=EDGE_CURVE('',#6581,#6890,#1232,.F.);
#5705=EDGE_CURVE('',#6890,#6582,#1233,.T.);
#5706=EDGE_CURVE('',#6653,#6891,#1234,.T.);
#5707=EDGE_CURVE('',#6891,#6892,#514,.T.);
#5708=EDGE_CURVE('',#6650,#6892,#1235,.T.);
#5709=EDGE_CURVE('',#6862,#6891,#515,.T.);
#5710=EDGE_CURVE('',#6889,#6656,#1236,.T.);
#5711=EDGE_CURVE('',#6888,#6663,#1237,.T.);
#5712=EDGE_CURVE('',#6662,#6844,#7475,.T.);
#5713=EDGE_CURVE('',#6856,#6855,#516,.T.);
#5714=EDGE_CURVE('',#6887,#6661,#1238,.T.);
#5715=EDGE_CURVE('',#6665,#6664,#1239,.T.);
#5716=EDGE_CURVE('',#6886,#6666,#1240,.T.);
#5717=EDGE_CURVE('',#6667,#6846,#517,.T.);
#5718=EDGE_CURVE('',#6845,#6660,#7476,.T.);
#5719=EDGE_CURVE('',#6893,#6894,#1241,.F.);
#5720=EDGE_CURVE('',#6894,#6895,#1242,.T.);
#5721=EDGE_CURVE('',#6895,#6589,#1243,.T.);
#5722=EDGE_CURVE('',#6896,#6597,#1244,.T.);
#5723=EDGE_CURVE('',#6896,#6897,#1245,.T.);
#5724=EDGE_CURVE('',#6898,#6897,#1246,.T.);
#5725=EDGE_CURVE('',#6893,#6898,#1247,.T.);
#5726=EDGE_CURVE('',#6892,#6612,#1248,.T.);
#5727=EDGE_CURVE('',#6899,#6895,#1249,.T.);
#5728=EDGE_CURVE('',#6900,#6899,#518,.T.);
#5729=EDGE_CURVE('',#6901,#6900,#1250,.T.);
#5730=EDGE_CURVE('',#6613,#6901,#519,.T.);
#5731=EDGE_CURVE('',#6620,#6902,#520,.F.);
#5732=EDGE_CURVE('',#6902,#6903,#1251,.T.);
#5733=EDGE_CURVE('',#6621,#6903,#521,.F.);
#5734=EDGE_CURVE('',#6904,#6905,#522,.T.);
#5735=EDGE_CURVE('',#6906,#6905,#1252,.T.);
#5736=EDGE_CURVE('',#6907,#6906,#523,.T.);
#5737=EDGE_CURVE('',#6907,#6904,#1253,.T.);
#5738=EDGE_CURVE('',#6905,#6908,#1254,.T.);
#5739=EDGE_CURVE('',#6909,#6908,#1255,.T.);
#5740=EDGE_CURVE('',#6906,#6909,#1256,.T.);
#5741=EDGE_CURVE('',#6908,#6910,#524,.T.);
#5742=EDGE_CURVE('',#6911,#6910,#1257,.T.);
#5743=EDGE_CURVE('',#6909,#6911,#525,.T.);
#5744=EDGE_CURVE('',#6910,#6912,#1258,.T.);
#5745=EDGE_CURVE('',#6913,#6912,#1259,.T.);
#5746=EDGE_CURVE('',#6911,#6913,#1260,.T.);
#5747=EDGE_CURVE('',#6912,#6903,#526,.T.);
#5748=EDGE_CURVE('',#6913,#6902,#527,.T.);
#5749=EDGE_CURVE('',#6619,#6907,#1261,.T.);
#5750=EDGE_CURVE('',#6622,#6904,#1262,.T.);
#5751=EDGE_CURVE('',#6885,#6882,#1263,.T.);
#5752=EDGE_CURVE('',#6914,#6915,#819,.F.);
#5753=EDGE_CURVE('',#6914,#6916,#820,.F.);
#5754=EDGE_CURVE('',#6917,#6916,#821,.F.);
#5755=EDGE_CURVE('',#6603,#6917,#822,.T.);
#5756=EDGE_CURVE('',#6915,#6610,#823,.T.);
#5757=EDGE_CURVE('',#6918,#6918,#528,.F.);
#5758=EDGE_CURVE('',#6659,#6658,#529,.F.);
#5759=EDGE_CURVE('',#6634,#6635,#530,.T.);
#5760=EDGE_CURVE('',#6633,#6632,#531,.F.);
#5761=EDGE_CURVE('',#6919,#6624,#1264,.T.);
#5762=EDGE_CURVE('',#6919,#6587,#1265,.T.);
#5763=EDGE_CURVE('',#6920,#6740,#1266,.T.);
#5764=EDGE_CURVE('',#6920,#6921,#532,.T.);
#5765=EDGE_CURVE('',#6921,#6583,#1267,.T.);
#5766=EDGE_CURVE('',#6919,#6920,#533,.T.);
#5767=EDGE_CURVE('',#6586,#6894,#534,.F.);
#5768=EDGE_CURVE('',#6893,#6922,#1268,.T.);
#5769=EDGE_CURVE('',#6922,#6923,#535,.T.);
#5770=EDGE_CURVE('',#6921,#6923,#536,.F.);
#5771=EDGE_CURVE('',#6924,#6585,#537,.T.);
#5772=EDGE_CURVE('',#6895,#6924,#1269,.T.);
#5773=EDGE_CURVE('',#6925,#6926,#538,.F.);
#5774=EDGE_CURVE('',#6925,#6898,#1270,.T.);
#5775=EDGE_CURVE('',#6897,#6926,#1271,.T.);
#5776=EDGE_CURVE('',#6922,#6925,#1272,.F.);
#5777=EDGE_CURVE('',#6926,#6927,#1273,.T.);
#5778=EDGE_CURVE('',#6927,#6896,#1274,.T.);
#5779=EDGE_CURVE('',#6928,#6929,#1275,.F.);
#5780=EDGE_CURVE('',#6596,#6928,#1276,.T.);
#5781=EDGE_CURVE('',#6929,#6595,#1277,.T.);
#5782=EDGE_CURVE('',#6930,#6931,#1278,.T.);
#5783=EDGE_CURVE('',#6594,#6930,#1279,.T.);
#5784=EDGE_CURVE('',#6931,#6592,#1280,.T.);
#5785=EDGE_CURVE('',#6604,#6932,#1281,.T.);
#5786=EDGE_CURVE('',#6933,#6602,#1282,.F.);
#5787=EDGE_CURVE('',#6932,#6933,#1283,.F.);
#5788=EDGE_CURVE('',#6934,#6935,#1284,.T.);
#5789=EDGE_CURVE('',#6917,#6934,#1285,.F.);
#5790=EDGE_CURVE('',#6935,#6916,#1286,.T.);
#5791=EDGE_CURVE('',#6936,#6937,#539,.T.);
#5792=EDGE_CURVE('',#6937,#6938,#1287,.T.);
#5793=EDGE_CURVE('',#6938,#6939,#1288,.T.);
#5794=EDGE_CURVE('',#6939,#6936,#1289,.T.);
#5795=EDGE_CURVE('',#6940,#6941,#540,.T.);
#5796=EDGE_CURVE('',#6941,#6942,#541,.F.);
#5797=EDGE_CURVE('',#6942,#6943,#1290,.T.);
#5798=EDGE_CURVE('',#6943,#6944,#542,.F.);
#5799=EDGE_CURVE('',#6944,#6945,#1291,.T.);
#5800=EDGE_CURVE('',#6945,#6940,#543,.F.);
#5801=EDGE_CURVE('',#6946,#6947,#1292,.T.);
#5802=EDGE_CURVE('',#6947,#6948,#544,.F.);
#5803=EDGE_CURVE('',#6948,#6949,#1293,.T.);
#5804=EDGE_CURVE('',#6949,#6950,#545,.F.);
#5805=EDGE_CURVE('',#6950,#6951,#1294,.T.);
#5806=EDGE_CURVE('',#6951,#6952,#546,.F.);
#5807=EDGE_CURVE('',#6952,#6953,#547,.F.);
#5808=EDGE_CURVE('',#6953,#6946,#548,.F.);
#5809=EDGE_CURVE('',#6954,#6955,#1295,.T.);
#5810=EDGE_CURVE('',#6955,#6956,#1296,.T.);
#5811=EDGE_CURVE('',#6956,#6957,#1297,.T.);
#5812=EDGE_CURVE('',#6957,#6954,#1298,.T.);
#5813=EDGE_CURVE('',#6958,#6572,#1299,.F.);
#5814=EDGE_CURVE('',#6959,#6958,#549,.F.);
#5815=EDGE_CURVE('',#6573,#6959,#1300,.T.);
#5816=EDGE_CURVE('',#6960,#6961,#550,.T.);
#5817=EDGE_CURVE('',#6961,#6962,#551,.T.);
#5818=EDGE_CURVE('',#6962,#6963,#552,.T.);
#5819=EDGE_CURVE('',#6963,#6964,#1301,.T.);
#5820=EDGE_CURVE('',#6964,#6965,#553,.T.);
#5821=EDGE_CURVE('',#6965,#6966,#554,.T.);
#5822=EDGE_CURVE('',#6966,#6967,#555,.T.);
#5823=EDGE_CURVE('',#6967,#6960,#1302,.T.);
#5824=EDGE_CURVE('',#6968,#6969,#556,.T.);
#5825=EDGE_CURVE('',#6968,#6970,#557,.T.);
#5826=EDGE_CURVE('',#6969,#6970,#1303,.T.);
#5827=EDGE_CURVE('',#6971,#6966,#1304,.T.);
#5828=EDGE_CURVE('',#6971,#6972,#558,.T.);
#5829=EDGE_CURVE('',#6972,#6967,#1305,.T.);
#5830=EDGE_CURVE('',#6574,#6965,#1306,.T.);
#5831=EDGE_CURVE('',#6959,#6971,#559,.T.);
#5832=EDGE_CURVE('',#6575,#6964,#1307,.T.);
#5833=EDGE_CURVE('',#6576,#6970,#1308,.T.);
#5834=EDGE_CURVE('',#6969,#6963,#1309,.T.);
#5835=EDGE_CURVE('',#6973,#6960,#1310,.T.);
#5836=EDGE_CURVE('',#6973,#6974,#560,.T.);
#5837=EDGE_CURVE('',#6974,#6961,#1311,.T.);
#5838=EDGE_CURVE('',#6975,#6615,#1312,.T.);
#5839=EDGE_CURVE('',#6614,#6976,#1313,.T.);
#5840=EDGE_CURVE('',#6972,#6976,#1314,.T.);
#5841=EDGE_CURVE('',#6977,#6958,#1315,.T.);
#5842=EDGE_CURVE('',#6978,#6977,#561,.T.);
#5843=EDGE_CURVE('',#6978,#6979,#1316,.T.);
#5844=EDGE_CURVE('',#6979,#6980,#1317,.T.);
#5845=EDGE_CURVE('',#6981,#6980,#1318,.T.);
#5846=EDGE_CURVE('',#6981,#6982,#1319,.T.);
#5847=EDGE_CURVE('',#6982,#6983,#1320,.T.);
#5848=EDGE_CURVE('',#6983,#6984,#1321,.T.);
#5849=EDGE_CURVE('',#6985,#6984,#1322,.T.);
#5850=EDGE_CURVE('',#6985,#6975,#1323,.T.);
#5851=EDGE_CURVE('',#6974,#6986,#562,.T.);
#5852=EDGE_CURVE('',#6986,#6962,#1324,.T.);
#5853=EDGE_CURVE('',#6986,#6968,#563,.T.);
#5854=EDGE_CURVE('',#6978,#6936,#1325,.T.);
#5855=EDGE_CURVE('',#6937,#6977,#1326,.T.);
#5856=EDGE_CURVE('',#6952,#6563,#1327,.F.);
#5857=EDGE_CURVE('',#6562,#6953,#1328,.T.);
#5858=EDGE_CURVE('',#6555,#6941,#1329,.T.);
#5859=EDGE_CURVE('',#6940,#6554,#1330,.F.);
#5860=EDGE_CURVE('',#6914,#6987,#1331,.T.);
#5861=EDGE_CURVE('',#6988,#6915,#1332,.F.);
#5862=EDGE_CURVE('',#6987,#6988,#1333,.F.);
#5863=EDGE_CURVE('',#6989,#6990,#1334,.T.);
#5864=EDGE_CURVE('',#6991,#6989,#1335,.T.);
#5865=EDGE_CURVE('',#6609,#6991,#1336,.F.);
#5866=EDGE_CURVE('',#6992,#6608,#1337,.T.);
#5867=EDGE_CURVE('',#6992,#6993,#1338,.T.);
#5868=EDGE_CURVE('',#6994,#6993,#1339,.T.);
#5869=EDGE_CURVE('',#6994,#6990,#1340,.T.);
#5870=EDGE_CURVE('',#6995,#6996,#1341,.T.);
#5871=EDGE_CURVE('',#6995,#6997,#1342,.T.);
#5872=EDGE_CURVE('',#6985,#6997,#1343,.F.);
#5873=EDGE_CURVE('',#6571,#6985,#1344,.T.);
#5874=EDGE_CURVE('',#6996,#6570,#1345,.F.);
#5875=EDGE_CURVE('',#6998,#6999,#1346,.T.);
#5876=EDGE_CURVE('',#7000,#6999,#1347,.T.);
#5877=EDGE_CURVE('',#7001,#7000,#1348,.F.);
#5878=EDGE_CURVE('',#6998,#7001,#1349,.T.);
#5879=EDGE_CURVE('',#7002,#7003,#1350,.T.);
#5880=EDGE_CURVE('',#7004,#7002,#1351,.T.);
#5881=EDGE_CURVE('',#7005,#7004,#1352,.T.);
#5882=EDGE_CURVE('',#7003,#7005,#1353,.T.);
#5883=EDGE_CURVE('',#6997,#7005,#1354,.T.);
#5884=EDGE_CURVE('',#7004,#7000,#564,.F.);
#5885=EDGE_CURVE('',#6999,#6994,#1355,.T.);
#5886=EDGE_CURVE('',#6993,#6985,#1356,.T.);
#5887=EDGE_CURVE('',#6564,#6951,#1357,.F.);
#5888=EDGE_CURVE('',#6950,#6565,#1358,.T.);
#5889=EDGE_CURVE('',#6942,#6559,#1359,.T.);
#5890=EDGE_CURVE('',#6558,#6943,#1360,.F.);
#5891=EDGE_CURVE('',#6944,#6557,#1361,.T.);
#5892=EDGE_CURVE('',#6556,#6945,#1362,.F.);
#5893=EDGE_CURVE('',#6939,#6979,#1363,.T.);
#5894=EDGE_CURVE('',#6954,#6984,#1364,.T.);
#5895=EDGE_CURVE('',#6957,#6981,#1365,.T.);
#5896=EDGE_CURVE('',#6938,#6980,#1366,.T.);
#5897=EDGE_CURVE('',#6561,#6947,#1367,.F.);
#5898=EDGE_CURVE('',#6946,#6560,#1368,.T.);
#5899=EDGE_CURVE('',#6956,#6982,#1369,.T.);
#5900=EDGE_CURVE('',#7003,#6995,#1370,.T.);
#5901=EDGE_CURVE('',#6948,#6567,#1371,.T.);
#5902=EDGE_CURVE('',#6566,#6949,#1372,.F.);
#5903=EDGE_CURVE('',#7006,#6975,#1373,.T.);
#5904=EDGE_CURVE('',#6616,#7006,#1374,.T.);
#5905=EDGE_CURVE('',#7006,#7007,#1375,.T.);
#5906=EDGE_CURVE('',#7007,#6985,#1376,.T.);
#5907=EDGE_CURVE('',#7007,#6992,#1377,.T.);
#5908=EDGE_CURVE('',#6955,#6983,#1378,.T.);
#5909=EDGE_CURVE('',#6990,#6998,#1379,.T.);
#5910=EDGE_CURVE('',#7008,#7009,#1380,.T.);
#5911=EDGE_CURVE('',#7010,#7008,#565,.T.);
#5912=EDGE_CURVE('',#7011,#7010,#1381,.T.);
#5913=EDGE_CURVE('',#7011,#7012,#566,.F.);
#5914=EDGE_CURVE('',#7013,#7012,#1382,.T.);
#5915=EDGE_CURVE('',#7009,#7013,#567,.T.);
#5916=EDGE_CURVE('',#7014,#7014,#568,.F.);
#5917=EDGE_CURVE('',#7012,#7011,#569,.F.);
#5918=EDGE_CURVE('',#6924,#7011,#1383,.T.);
#5919=EDGE_CURVE('',#7015,#6583,#570,.F.);
#5920=EDGE_CURVE('',#6968,#7015,#571,.T.);
#5921=EDGE_CURVE('',#7016,#6973,#1384,.T.);
#5922=EDGE_CURVE('',#7012,#7016,#1385,.T.);
#5923=EDGE_CURVE('',#7017,#6923,#1386,.T.);
#5924=EDGE_CURVE('',#7018,#7017,#572,.F.);
#5925=EDGE_CURVE('',#7018,#7015,#1387,.T.);
#5926=EDGE_CURVE('',#6569,#7018,#573,.F.);
#5927=EDGE_CURVE('',#6976,#7016,#1388,.T.);
#5928=EDGE_CURVE('',#6613,#7013,#1389,.T.);
#5929=EDGE_CURVE('',#6928,#6927,#574,.T.);
#5930=EDGE_CURVE('',#6929,#7017,#575,.F.);
#5931=EDGE_CURVE('',#7001,#6989,#576,.T.);
#5932=EDGE_CURVE('',#6996,#7002,#577,.T.);
#5933=EDGE_CURVE('',#6568,#6991,#578,.F.);
#5934=EDGE_CURVE('',#6933,#6930,#579,.F.);
#5935=EDGE_CURVE('',#6988,#6934,#580,.F.);
#5936=EDGE_CURVE('',#6987,#6935,#581,.T.);
#5937=EDGE_CURVE('',#6932,#6931,#582,.T.);
#5938=EDGE_CURVE('',#6901,#7009,#1390,.T.);
#5939=EDGE_CURVE('',#6900,#7008,#1391,.T.);
#5940=EDGE_CURVE('',#6899,#7010,#1392,.T.);
#5941=EDGE_CURVE('',#6579,#7019,#1393,.T.);
#5942=EDGE_CURVE('',#7019,#6580,#1394,.T.);
#5943=EDGE_CURVE('',#6890,#7019,#1395,.T.);
#5944=EDGE_CURVE('',#7020,#7020,#583,.F.);
#5945=EDGE_CURVE('',#7021,#7021,#584,.T.);
#5946=EDGE_CURVE('',#7022,#7023,#1396,.T.);
#5947=EDGE_CURVE('',#7023,#7022,#824,.T.);
#5948=EDGE_CURVE('',#7024,#7024,#585,.T.);
#5949=EDGE_CURVE('',#7025,#7025,#586,.T.);
#5950=EDGE_CURVE('',#7026,#7027,#1397,.F.);
#5951=EDGE_CURVE('',#7027,#7026,#587,.F.);
#5952=EDGE_CURVE('',#7027,#7026,#825,.T.);
#5953=EDGE_CURVE('',#7028,#7028,#588,.F.);
#5954=EDGE_CURVE('',#7029,#7029,#589,.T.);
#5955=EDGE_CURVE('',#7030,#7030,#590,.F.);
#5956=EDGE_CURVE('',#7022,#7023,#591,.T.);
#5957=EDGE_CURVE('',#7031,#7031,#592,.F.);
#5958=EDGE_CURVE('',#7032,#7032,#593,.F.);
#5959=EDGE_CURVE('',#7033,#7034,#1398,.F.);
#5960=EDGE_CURVE('',#7033,#7035,#594,.F.);
#5961=EDGE_CURVE('',#7035,#7036,#1399,.F.);
#5962=EDGE_CURVE('',#7036,#7034,#595,.F.);
#5963=EDGE_CURVE('',#7037,#7038,#1400,.F.);
#5964=EDGE_CURVE('',#7037,#7039,#596,.F.);
#5965=EDGE_CURVE('',#7039,#7040,#1401,.F.);
#5966=EDGE_CURVE('',#7040,#7038,#597,.F.);
#5967=EDGE_CURVE('',#7041,#7042,#1402,.F.);
#5968=EDGE_CURVE('',#7041,#7043,#598,.F.);
#5969=EDGE_CURVE('',#7043,#7044,#1403,.F.);
#5970=EDGE_CURVE('',#7044,#7042,#599,.F.);
#5971=EDGE_CURVE('',#7045,#7046,#1404,.F.);
#5972=EDGE_CURVE('',#7045,#7047,#600,.F.);
#5973=EDGE_CURVE('',#7047,#7048,#1405,.F.);
#5974=EDGE_CURVE('',#7048,#7046,#601,.F.);
#5975=EDGE_CURVE('',#7049,#7050,#1406,.F.);
#5976=EDGE_CURVE('',#7049,#7051,#602,.F.);
#5977=EDGE_CURVE('',#7051,#7052,#1407,.F.);
#5978=EDGE_CURVE('',#7052,#7050,#603,.F.);
#5979=EDGE_CURVE('',#7053,#7054,#1408,.F.);
#5980=EDGE_CURVE('',#7053,#7055,#604,.F.);
#5981=EDGE_CURVE('',#7055,#7056,#1409,.F.);
#5982=EDGE_CURVE('',#7056,#7054,#605,.F.);
#5983=EDGE_CURVE('',#7057,#7058,#1410,.F.);
#5984=EDGE_CURVE('',#7057,#7059,#606,.F.);
#5985=EDGE_CURVE('',#7059,#7060,#1411,.F.);
#5986=EDGE_CURVE('',#7060,#7058,#607,.F.);
#5987=EDGE_CURVE('',#7061,#7062,#1412,.F.);
#5988=EDGE_CURVE('',#7061,#7063,#608,.F.);
#5989=EDGE_CURVE('',#7063,#7064,#1413,.F.);
#5990=EDGE_CURVE('',#7064,#7062,#609,.F.);
#5991=EDGE_CURVE('',#7065,#7066,#1414,.F.);
#5992=EDGE_CURVE('',#7065,#7067,#610,.F.);
#5993=EDGE_CURVE('',#7067,#7068,#1415,.F.);
#5994=EDGE_CURVE('',#7068,#7066,#611,.F.);
#5995=EDGE_CURVE('',#7069,#7070,#1416,.F.);
#5996=EDGE_CURVE('',#7069,#7071,#612,.F.);
#5997=EDGE_CURVE('',#7071,#7072,#1417,.F.);
#5998=EDGE_CURVE('',#7072,#7070,#613,.F.);
#5999=EDGE_CURVE('',#7073,#7074,#1418,.F.);
#6000=EDGE_CURVE('',#7073,#7075,#614,.F.);
#6001=EDGE_CURVE('',#7075,#7076,#1419,.F.);
#6002=EDGE_CURVE('',#7076,#7074,#615,.F.);
#6003=EDGE_CURVE('',#7077,#7078,#1420,.F.);
#6004=EDGE_CURVE('',#7077,#7079,#616,.F.);
#6005=EDGE_CURVE('',#7079,#7080,#1421,.F.);
#6006=EDGE_CURVE('',#7080,#7078,#617,.F.);
#6007=EDGE_CURVE('',#7081,#7082,#1422,.F.);
#6008=EDGE_CURVE('',#7081,#7083,#618,.F.);
#6009=EDGE_CURVE('',#7083,#7084,#1423,.F.);
#6010=EDGE_CURVE('',#7084,#7082,#619,.F.);
#6011=EDGE_CURVE('',#7085,#7086,#1424,.F.);
#6012=EDGE_CURVE('',#7085,#7087,#620,.F.);
#6013=EDGE_CURVE('',#7087,#7088,#1425,.F.);
#6014=EDGE_CURVE('',#7088,#7086,#621,.F.);
#6015=EDGE_CURVE('',#7089,#7090,#1426,.F.);
#6016=EDGE_CURVE('',#7089,#7091,#622,.F.);
#6017=EDGE_CURVE('',#7091,#7092,#1427,.F.);
#6018=EDGE_CURVE('',#7092,#7090,#623,.F.);
#6019=EDGE_CURVE('',#7093,#7094,#1428,.F.);
#6020=EDGE_CURVE('',#7093,#7095,#624,.F.);
#6021=EDGE_CURVE('',#7095,#7096,#1429,.F.);
#6022=EDGE_CURVE('',#7096,#7094,#625,.F.);
#6023=EDGE_CURVE('',#7097,#7098,#1430,.F.);
#6024=EDGE_CURVE('',#7097,#7099,#626,.F.);
#6025=EDGE_CURVE('',#7099,#7100,#1431,.F.);
#6026=EDGE_CURVE('',#7100,#7098,#627,.F.);
#6027=EDGE_CURVE('',#7101,#7102,#1432,.F.);
#6028=EDGE_CURVE('',#7101,#7103,#628,.F.);
#6029=EDGE_CURVE('',#7103,#7104,#1433,.F.);
#6030=EDGE_CURVE('',#7104,#7102,#629,.F.);
#6031=EDGE_CURVE('',#7105,#7106,#1434,.F.);
#6032=EDGE_CURVE('',#7105,#7107,#630,.F.);
#6033=EDGE_CURVE('',#7107,#7108,#1435,.F.);
#6034=EDGE_CURVE('',#7108,#7106,#631,.F.);
#6035=EDGE_CURVE('',#7109,#7110,#1436,.T.);
#6036=EDGE_CURVE('',#7110,#7111,#1437,.T.);
#6037=EDGE_CURVE('',#7112,#7111,#1438,.T.);
#6038=EDGE_CURVE('',#7109,#7112,#7477,.T.);
#6039=EDGE_CURVE('',#7111,#7113,#1439,.T.);
#6040=EDGE_CURVE('',#7114,#7113,#1440,.T.);
#6041=EDGE_CURVE('',#7112,#7114,#7478,.T.);
#6042=EDGE_CURVE('',#7113,#7115,#1441,.T.);
#6043=EDGE_CURVE('',#7116,#7115,#1442,.T.);
#6044=EDGE_CURVE('',#7114,#7116,#7479,.T.);
#6045=EDGE_CURVE('',#7117,#7118,#1443,.F.);
#6046=EDGE_CURVE('',#7117,#7119,#632,.F.);
#6047=EDGE_CURVE('',#7119,#7120,#1444,.F.);
#6048=EDGE_CURVE('',#7120,#7118,#633,.F.);
#6049=EDGE_CURVE('',#7115,#7110,#1445,.T.);
#6050=EDGE_CURVE('',#7116,#7109,#7480,.T.);
#6051=EDGE_CURVE('',#7121,#7121,#634,.T.);
#6052=EDGE_CURVE('',#7047,#7049,#635,.F.);
#6053=EDGE_CURVE('',#7049,#7122,#1446,.T.);
#6054=EDGE_CURVE('',#7122,#7123,#636,.T.);
#6055=EDGE_CURVE('',#7123,#7047,#1447,.T.);
#6056=EDGE_CURVE('',#7043,#7045,#637,.F.);
#6057=EDGE_CURVE('',#7045,#7124,#1448,.T.);
#6058=EDGE_CURVE('',#7124,#7125,#638,.T.);
#6059=EDGE_CURVE('',#7125,#7043,#1449,.T.);
#6060=EDGE_CURVE('',#7039,#7041,#639,.F.);
#6061=EDGE_CURVE('',#7041,#7126,#1450,.T.);
#6062=EDGE_CURVE('',#7126,#7127,#640,.T.);
#6063=EDGE_CURVE('',#7127,#7039,#1451,.T.);
#6064=EDGE_CURVE('',#7035,#7037,#641,.F.);
#6065=EDGE_CURVE('',#7037,#7128,#1452,.T.);
#6066=EDGE_CURVE('',#7128,#7129,#642,.T.);
#6067=EDGE_CURVE('',#7129,#7035,#1453,.T.);
#6068=EDGE_CURVE('',#7119,#7033,#643,.F.);
#6069=EDGE_CURVE('',#7033,#7130,#1454,.T.);
#6070=EDGE_CURVE('',#7130,#7131,#644,.T.);
#6071=EDGE_CURVE('',#7131,#7119,#1455,.T.);
#6072=EDGE_CURVE('',#7107,#7117,#645,.F.);
#6073=EDGE_CURVE('',#7117,#7132,#1456,.T.);
#6074=EDGE_CURVE('',#7132,#7133,#646,.T.);
#6075=EDGE_CURVE('',#7133,#7107,#1457,.T.);
#6076=EDGE_CURVE('',#7103,#7105,#647,.F.);
#6077=EDGE_CURVE('',#7105,#7134,#1458,.T.);
#6078=EDGE_CURVE('',#7134,#7135,#648,.T.);
#6079=EDGE_CURVE('',#7135,#7103,#1459,.T.);
#6080=EDGE_CURVE('',#7099,#7101,#649,.F.);
#6081=EDGE_CURVE('',#7101,#7136,#1460,.T.);
#6082=EDGE_CURVE('',#7136,#7137,#650,.T.);
#6083=EDGE_CURVE('',#7137,#7099,#1461,.T.);
#6084=EDGE_CURVE('',#7095,#7097,#651,.F.);
#6085=EDGE_CURVE('',#7097,#7138,#1462,.T.);
#6086=EDGE_CURVE('',#7138,#7139,#652,.T.);
#6087=EDGE_CURVE('',#7139,#7095,#1463,.T.);
#6088=EDGE_CURVE('',#7091,#7093,#653,.F.);
#6089=EDGE_CURVE('',#7093,#7140,#1464,.T.);
#6090=EDGE_CURVE('',#7140,#7141,#654,.T.);
#6091=EDGE_CURVE('',#7141,#7091,#1465,.T.);
#6092=EDGE_CURVE('',#7087,#7089,#655,.F.);
#6093=EDGE_CURVE('',#7089,#7142,#1466,.T.);
#6094=EDGE_CURVE('',#7142,#7143,#656,.T.);
#6095=EDGE_CURVE('',#7143,#7087,#1467,.T.);
#6096=EDGE_CURVE('',#7083,#7085,#657,.F.);
#6097=EDGE_CURVE('',#7085,#7144,#1468,.T.);
#6098=EDGE_CURVE('',#7144,#7145,#658,.T.);
#6099=EDGE_CURVE('',#7145,#7083,#1469,.T.);
#6100=EDGE_CURVE('',#7079,#7081,#659,.F.);
#6101=EDGE_CURVE('',#7081,#7146,#1470,.T.);
#6102=EDGE_CURVE('',#7146,#7147,#660,.T.);
#6103=EDGE_CURVE('',#7147,#7079,#1471,.T.);
#6104=EDGE_CURVE('',#7075,#7077,#661,.F.);
#6105=EDGE_CURVE('',#7077,#7148,#1472,.T.);
#6106=EDGE_CURVE('',#7148,#7149,#662,.T.);
#6107=EDGE_CURVE('',#7149,#7075,#1473,.T.);
#6108=EDGE_CURVE('',#7071,#7073,#663,.F.);
#6109=EDGE_CURVE('',#7073,#7150,#1474,.T.);
#6110=EDGE_CURVE('',#7150,#7151,#664,.T.);
#6111=EDGE_CURVE('',#7151,#7071,#1475,.T.);
#6112=EDGE_CURVE('',#7067,#7069,#665,.F.);
#6113=EDGE_CURVE('',#7069,#7152,#1476,.T.);
#6114=EDGE_CURVE('',#7152,#7153,#666,.T.);
#6115=EDGE_CURVE('',#7153,#7067,#1477,.T.);
#6116=EDGE_CURVE('',#7063,#7065,#667,.F.);
#6117=EDGE_CURVE('',#7065,#7154,#1478,.T.);
#6118=EDGE_CURVE('',#7154,#7155,#668,.T.);
#6119=EDGE_CURVE('',#7155,#7063,#1479,.T.);
#6120=EDGE_CURVE('',#7059,#7061,#669,.F.);
#6121=EDGE_CURVE('',#7061,#7156,#1480,.T.);
#6122=EDGE_CURVE('',#7156,#7157,#670,.T.);
#6123=EDGE_CURVE('',#7157,#7059,#1481,.T.);
#6124=EDGE_CURVE('',#7055,#7057,#671,.F.);
#6125=EDGE_CURVE('',#7057,#7158,#1482,.T.);
#6126=EDGE_CURVE('',#7158,#7159,#672,.T.);
#6127=EDGE_CURVE('',#7159,#7055,#1483,.T.);
#6128=EDGE_CURVE('',#7051,#7053,#673,.F.);
#6129=EDGE_CURVE('',#7053,#7160,#1484,.T.);
#6130=EDGE_CURVE('',#7160,#7161,#674,.T.);
#6131=EDGE_CURVE('',#7161,#7051,#1485,.T.);
#6132=EDGE_CURVE('',#7162,#7162,#675,.T.);
#6133=EDGE_CURVE('',#7163,#7163,#676,.T.);
#6134=EDGE_CURVE('',#7164,#7165,#1486,.T.);
#6135=EDGE_CURVE('',#7164,#7166,#677,.T.);
#6136=EDGE_CURVE('',#7166,#7167,#1487,.T.);
#6137=EDGE_CURVE('',#7167,#7165,#678,.T.);
#6138=EDGE_CURVE('',#7168,#7169,#1488,.T.);
#6139=EDGE_CURVE('',#7168,#7170,#679,.T.);
#6140=EDGE_CURVE('',#7170,#7171,#1489,.T.);
#6141=EDGE_CURVE('',#7171,#7169,#680,.T.);
#6142=EDGE_CURVE('',#7172,#7173,#1490,.T.);
#6143=EDGE_CURVE('',#7172,#7174,#681,.T.);
#6144=EDGE_CURVE('',#7174,#7175,#1491,.T.);
#6145=EDGE_CURVE('',#7175,#7173,#682,.T.);
#6146=EDGE_CURVE('',#7176,#7177,#1492,.T.);
#6147=EDGE_CURVE('',#7176,#7178,#683,.T.);
#6148=EDGE_CURVE('',#7178,#7179,#1493,.T.);
#6149=EDGE_CURVE('',#7179,#7177,#684,.T.);
#6150=EDGE_CURVE('',#7180,#7181,#1494,.T.);
#6151=EDGE_CURVE('',#7180,#7182,#685,.T.);
#6152=EDGE_CURVE('',#7182,#7183,#1495,.T.);
#6153=EDGE_CURVE('',#7183,#7181,#686,.T.);
#6154=EDGE_CURVE('',#7184,#7185,#1496,.T.);
#6155=EDGE_CURVE('',#7184,#7186,#687,.T.);
#6156=EDGE_CURVE('',#7186,#7187,#1497,.T.);
#6157=EDGE_CURVE('',#7187,#7185,#688,.T.);
#6158=EDGE_CURVE('',#7188,#7189,#1498,.T.);
#6159=EDGE_CURVE('',#7188,#7190,#689,.T.);
#6160=EDGE_CURVE('',#7190,#7191,#1499,.T.);
#6161=EDGE_CURVE('',#7191,#7189,#690,.T.);
#6162=EDGE_CURVE('',#7192,#7193,#1500,.T.);
#6163=EDGE_CURVE('',#7192,#7194,#691,.T.);
#6164=EDGE_CURVE('',#7194,#7195,#1501,.T.);
#6165=EDGE_CURVE('',#7195,#7193,#692,.T.);
#6166=EDGE_CURVE('',#7196,#7197,#1502,.T.);
#6167=EDGE_CURVE('',#7196,#7198,#693,.T.);
#6168=EDGE_CURVE('',#7198,#7199,#1503,.T.);
#6169=EDGE_CURVE('',#7199,#7197,#694,.T.);
#6170=EDGE_CURVE('',#7200,#7201,#1504,.T.);
#6171=EDGE_CURVE('',#7200,#7202,#695,.T.);
#6172=EDGE_CURVE('',#7202,#7203,#1505,.T.);
#6173=EDGE_CURVE('',#7203,#7201,#696,.T.);
#6174=EDGE_CURVE('',#7204,#7205,#1506,.T.);
#6175=EDGE_CURVE('',#7204,#7206,#697,.T.);
#6176=EDGE_CURVE('',#7206,#7207,#1507,.T.);
#6177=EDGE_CURVE('',#7207,#7205,#698,.T.);
#6178=EDGE_CURVE('',#7208,#7209,#1508,.T.);
#6179=EDGE_CURVE('',#7208,#7210,#699,.T.);
#6180=EDGE_CURVE('',#7210,#7211,#1509,.T.);
#6181=EDGE_CURVE('',#7211,#7209,#700,.T.);
#6182=EDGE_CURVE('',#7212,#7213,#1510,.T.);
#6183=EDGE_CURVE('',#7212,#7214,#701,.T.);
#6184=EDGE_CURVE('',#7214,#7215,#1511,.T.);
#6185=EDGE_CURVE('',#7215,#7213,#702,.T.);
#6186=EDGE_CURVE('',#7216,#7217,#1512,.T.);
#6187=EDGE_CURVE('',#7216,#7218,#703,.T.);
#6188=EDGE_CURVE('',#7218,#7219,#1513,.T.);
#6189=EDGE_CURVE('',#7219,#7217,#704,.T.);
#6190=EDGE_CURVE('',#7220,#7221,#1514,.T.);
#6191=EDGE_CURVE('',#7220,#7222,#705,.T.);
#6192=EDGE_CURVE('',#7222,#7223,#1515,.T.);
#6193=EDGE_CURVE('',#7223,#7221,#706,.T.);
#6194=EDGE_CURVE('',#7224,#7225,#1516,.T.);
#6195=EDGE_CURVE('',#7224,#7226,#707,.T.);
#6196=EDGE_CURVE('',#7226,#7227,#1517,.T.);
#6197=EDGE_CURVE('',#7227,#7225,#708,.T.);
#6198=EDGE_CURVE('',#7228,#7229,#1518,.T.);
#6199=EDGE_CURVE('',#7228,#7230,#709,.T.);
#6200=EDGE_CURVE('',#7230,#7231,#1519,.T.);
#6201=EDGE_CURVE('',#7231,#7229,#710,.T.);
#6202=EDGE_CURVE('',#7232,#7233,#1520,.T.);
#6203=EDGE_CURVE('',#7232,#7234,#711,.T.);
#6204=EDGE_CURVE('',#7234,#7235,#1521,.T.);
#6205=EDGE_CURVE('',#7235,#7233,#712,.T.);
#6206=EDGE_CURVE('',#7236,#7237,#1522,.T.);
#6207=EDGE_CURVE('',#7236,#7238,#713,.T.);
#6208=EDGE_CURVE('',#7238,#7239,#1523,.T.);
#6209=EDGE_CURVE('',#7239,#7237,#714,.T.);
#6210=EDGE_CURVE('',#7240,#7241,#1524,.T.);
#6211=EDGE_CURVE('',#7240,#7242,#715,.T.);
#6212=EDGE_CURVE('',#7242,#7243,#1525,.T.);
#6213=EDGE_CURVE('',#7243,#7241,#716,.T.);
#6214=EDGE_CURVE('',#7243,#7244,#1526,.F.);
#6215=EDGE_CURVE('',#7244,#7245,#717,.F.);
#6216=EDGE_CURVE('',#7245,#7165,#1527,.F.);
#6217=EDGE_CURVE('',#7167,#7246,#1528,.F.);
#6218=EDGE_CURVE('',#7246,#7247,#718,.F.);
#6219=EDGE_CURVE('',#7247,#7169,#1529,.F.);
#6220=EDGE_CURVE('',#7171,#7248,#1530,.F.);
#6221=EDGE_CURVE('',#7248,#7249,#719,.F.);
#6222=EDGE_CURVE('',#7249,#7173,#1531,.F.);
#6223=EDGE_CURVE('',#7175,#7250,#1532,.F.);
#6224=EDGE_CURVE('',#7250,#7251,#720,.F.);
#6225=EDGE_CURVE('',#7251,#7177,#1533,.F.);
#6226=EDGE_CURVE('',#7179,#7252,#1534,.F.);
#6227=EDGE_CURVE('',#7252,#7253,#721,.F.);
#6228=EDGE_CURVE('',#7253,#7181,#1535,.F.);
#6229=EDGE_CURVE('',#7183,#7254,#1536,.F.);
#6230=EDGE_CURVE('',#7254,#7255,#722,.F.);
#6231=EDGE_CURVE('',#7255,#7185,#1537,.F.);
#6232=EDGE_CURVE('',#7187,#7256,#1538,.F.);
#6233=EDGE_CURVE('',#7256,#7257,#723,.F.);
#6234=EDGE_CURVE('',#7257,#7189,#1539,.F.);
#6235=EDGE_CURVE('',#7191,#7258,#1540,.F.);
#6236=EDGE_CURVE('',#7258,#7259,#724,.F.);
#6237=EDGE_CURVE('',#7259,#7193,#1541,.F.);
#6238=EDGE_CURVE('',#7195,#7260,#1542,.F.);
#6239=EDGE_CURVE('',#7260,#7261,#725,.F.);
#6240=EDGE_CURVE('',#7261,#7197,#1543,.F.);
#6241=EDGE_CURVE('',#7199,#7262,#1544,.F.);
#6242=EDGE_CURVE('',#7262,#7263,#726,.F.);
#6243=EDGE_CURVE('',#7263,#7201,#1545,.F.);
#6244=EDGE_CURVE('',#7203,#7264,#1546,.F.);
#6245=EDGE_CURVE('',#7264,#7265,#727,.F.);
#6246=EDGE_CURVE('',#7265,#7205,#1547,.F.);
#6247=EDGE_CURVE('',#7207,#7266,#1548,.F.);
#6248=EDGE_CURVE('',#7266,#7267,#728,.F.);
#6249=EDGE_CURVE('',#7267,#7209,#1549,.F.);
#6250=EDGE_CURVE('',#7211,#7268,#1550,.F.);
#6251=EDGE_CURVE('',#7268,#7269,#729,.F.);
#6252=EDGE_CURVE('',#7269,#7213,#1551,.F.);
#6253=EDGE_CURVE('',#7215,#7270,#1552,.F.);
#6254=EDGE_CURVE('',#7270,#7271,#730,.F.);
#6255=EDGE_CURVE('',#7271,#7217,#1553,.F.);
#6256=EDGE_CURVE('',#7219,#7272,#1554,.F.);
#6257=EDGE_CURVE('',#7272,#7273,#731,.F.);
#6258=EDGE_CURVE('',#7273,#7221,#1555,.F.);
#6259=EDGE_CURVE('',#7223,#7274,#1556,.F.);
#6260=EDGE_CURVE('',#7274,#7275,#732,.F.);
#6261=EDGE_CURVE('',#7275,#7225,#1557,.F.);
#6262=EDGE_CURVE('',#7227,#7276,#1558,.F.);
#6263=EDGE_CURVE('',#7276,#7277,#733,.F.);
#6264=EDGE_CURVE('',#7277,#7229,#1559,.F.);
#6265=EDGE_CURVE('',#7231,#7278,#1560,.F.);
#6266=EDGE_CURVE('',#7278,#7279,#734,.F.);
#6267=EDGE_CURVE('',#7279,#7233,#1561,.F.);
#6268=EDGE_CURVE('',#7235,#7280,#1562,.F.);
#6269=EDGE_CURVE('',#7280,#7281,#735,.F.);
#6270=EDGE_CURVE('',#7281,#7237,#1563,.F.);
#6271=EDGE_CURVE('',#7239,#7282,#1564,.F.);
#6272=EDGE_CURVE('',#7282,#7283,#736,.F.);
#6273=EDGE_CURVE('',#7283,#7241,#1565,.F.);
#6274=EDGE_CURVE('',#7284,#7285,#1566,.T.);
#6275=EDGE_CURVE('',#7285,#7120,#1567,.T.);
#6276=EDGE_CURVE('',#7131,#7284,#1568,.T.);
#6277=EDGE_CURVE('',#7034,#7286,#1569,.T.);
#6278=EDGE_CURVE('',#7286,#7287,#1570,.T.);
#6279=EDGE_CURVE('',#7130,#7287,#1571,.T.);
#6280=EDGE_CURVE('',#7287,#7284,#737,.F.);
#6281=EDGE_CURVE('',#7285,#7164,#1572,.F.);
#6282=EDGE_CURVE('',#7166,#7286,#1573,.F.);
#6283=EDGE_CURVE('',#7288,#7285,#1574,.F.);
#6284=EDGE_CURVE('',#7289,#7288,#738,.T.);
#6285=EDGE_CURVE('',#7290,#7289,#1575,.F.);
#6286=EDGE_CURVE('',#7118,#7290,#1576,.T.);
#6287=EDGE_CURVE('',#7291,#7036,#1577,.T.);
#6288=EDGE_CURVE('',#7292,#7291,#1578,.F.);
#6289=EDGE_CURVE('',#7293,#7292,#739,.T.);
#6290=EDGE_CURVE('',#7286,#7293,#1579,.F.);
#6291=EDGE_CURVE('',#7242,#7290,#1580,.F.);
#6292=EDGE_CURVE('',#7289,#7244,#1581,.F.);
#6293=EDGE_CURVE('',#7288,#7245,#1582,.F.);
#6294=EDGE_CURVE('',#7294,#7240,#1583,.F.);
#6295=EDGE_CURVE('',#7295,#7294,#1584,.T.);
#6296=EDGE_CURVE('',#7296,#7295,#740,.F.);
#6297=EDGE_CURVE('',#7290,#7296,#1585,.T.);
#6298=EDGE_CURVE('',#7294,#7108,#1586,.T.);
#6299=EDGE_CURVE('',#7133,#7295,#1587,.T.);
#6300=EDGE_CURVE('',#7132,#7296,#1588,.T.);
#6301=EDGE_CURVE('',#7297,#7294,#1589,.F.);
#6302=EDGE_CURVE('',#7298,#7297,#741,.T.);
#6303=EDGE_CURVE('',#7299,#7298,#1590,.F.);
#6304=EDGE_CURVE('',#7106,#7299,#1591,.T.);
#6305=EDGE_CURVE('',#7300,#7301,#1592,.T.);
#6306=EDGE_CURVE('',#7301,#7104,#1593,.T.);
#6307=EDGE_CURVE('',#7135,#7300,#1594,.T.);
#6308=EDGE_CURVE('',#7299,#7302,#1595,.T.);
#6309=EDGE_CURVE('',#7134,#7302,#1596,.T.);
#6310=EDGE_CURVE('',#7302,#7300,#742,.F.);
#6311=EDGE_CURVE('',#7238,#7299,#1597,.F.);
#6312=EDGE_CURVE('',#7301,#7236,#1598,.F.);
#6313=EDGE_CURVE('',#7303,#7301,#1599,.F.);
#6314=EDGE_CURVE('',#7304,#7303,#743,.T.);
#6315=EDGE_CURVE('',#7305,#7304,#1600,.F.);
#6316=EDGE_CURVE('',#7102,#7305,#1601,.T.);
#6317=EDGE_CURVE('',#7306,#7307,#1602,.T.);
#6318=EDGE_CURVE('',#7307,#7100,#1603,.T.);
#6319=EDGE_CURVE('',#7137,#7306,#1604,.T.);
#6320=EDGE_CURVE('',#7305,#7308,#1605,.T.);
#6321=EDGE_CURVE('',#7136,#7308,#1606,.T.);
#6322=EDGE_CURVE('',#7308,#7306,#744,.F.);
#6323=EDGE_CURVE('',#7234,#7305,#1607,.F.);
#6324=EDGE_CURVE('',#7307,#7232,#1608,.F.);
#6325=EDGE_CURVE('',#7309,#7307,#1609,.F.);
#6326=EDGE_CURVE('',#7310,#7309,#745,.T.);
#6327=EDGE_CURVE('',#7311,#7310,#1610,.F.);
#6328=EDGE_CURVE('',#7098,#7311,#1611,.T.);
#6329=EDGE_CURVE('',#7312,#7313,#1612,.T.);
#6330=EDGE_CURVE('',#7313,#7096,#1613,.T.);
#6331=EDGE_CURVE('',#7139,#7312,#1614,.T.);
#6332=EDGE_CURVE('',#7311,#7314,#1615,.T.);
#6333=EDGE_CURVE('',#7138,#7314,#1616,.T.);
#6334=EDGE_CURVE('',#7314,#7312,#746,.F.);
#6335=EDGE_CURVE('',#7230,#7311,#1617,.F.);
#6336=EDGE_CURVE('',#7313,#7228,#1618,.F.);
#6337=EDGE_CURVE('',#7315,#7313,#1619,.F.);
#6338=EDGE_CURVE('',#7316,#7315,#747,.T.);
#6339=EDGE_CURVE('',#7317,#7316,#1620,.F.);
#6340=EDGE_CURVE('',#7094,#7317,#1621,.T.);
#6341=EDGE_CURVE('',#7318,#7319,#1622,.T.);
#6342=EDGE_CURVE('',#7319,#7092,#1623,.T.);
#6343=EDGE_CURVE('',#7141,#7318,#1624,.T.);
#6344=EDGE_CURVE('',#7317,#7320,#1625,.T.);
#6345=EDGE_CURVE('',#7140,#7320,#1626,.T.);
#6346=EDGE_CURVE('',#7320,#7318,#748,.F.);
#6347=EDGE_CURVE('',#7226,#7317,#1627,.F.);
#6348=EDGE_CURVE('',#7319,#7224,#1628,.F.);
#6349=EDGE_CURVE('',#7321,#7319,#1629,.F.);
#6350=EDGE_CURVE('',#7322,#7321,#749,.T.);
#6351=EDGE_CURVE('',#7323,#7322,#1630,.F.);
#6352=EDGE_CURVE('',#7090,#7323,#1631,.T.);
#6353=EDGE_CURVE('',#7324,#7325,#1632,.T.);
#6354=EDGE_CURVE('',#7325,#7088,#1633,.T.);
#6355=EDGE_CURVE('',#7143,#7324,#1634,.T.);
#6356=EDGE_CURVE('',#7323,#7326,#1635,.T.);
#6357=EDGE_CURVE('',#7142,#7326,#1636,.T.);
#6358=EDGE_CURVE('',#7326,#7324,#750,.F.);
#6359=EDGE_CURVE('',#7222,#7323,#1637,.F.);
#6360=EDGE_CURVE('',#7325,#7220,#1638,.F.);
#6361=EDGE_CURVE('',#7327,#7325,#1639,.F.);
#6362=EDGE_CURVE('',#7328,#7327,#751,.T.);
#6363=EDGE_CURVE('',#7329,#7328,#1640,.F.);
#6364=EDGE_CURVE('',#7086,#7329,#1641,.T.);
#6365=EDGE_CURVE('',#7330,#7331,#1642,.T.);
#6366=EDGE_CURVE('',#7331,#7084,#1643,.T.);
#6367=EDGE_CURVE('',#7145,#7330,#1644,.T.);
#6368=EDGE_CURVE('',#7329,#7332,#1645,.T.);
#6369=EDGE_CURVE('',#7144,#7332,#1646,.T.);
#6370=EDGE_CURVE('',#7332,#7330,#752,.F.);
#6371=EDGE_CURVE('',#7218,#7329,#1647,.F.);
#6372=EDGE_CURVE('',#7331,#7216,#1648,.F.);
#6373=EDGE_CURVE('',#7333,#7331,#1649,.F.);
#6374=EDGE_CURVE('',#7334,#7333,#753,.T.);
#6375=EDGE_CURVE('',#7335,#7334,#1650,.F.);
#6376=EDGE_CURVE('',#7082,#7335,#1651,.T.);
#6377=EDGE_CURVE('',#7336,#7337,#1652,.T.);
#6378=EDGE_CURVE('',#7337,#7080,#1653,.T.);
#6379=EDGE_CURVE('',#7147,#7336,#1654,.T.);
#6380=EDGE_CURVE('',#7335,#7338,#1655,.T.);
#6381=EDGE_CURVE('',#7146,#7338,#1656,.T.);
#6382=EDGE_CURVE('',#7338,#7336,#754,.F.);
#6383=EDGE_CURVE('',#7214,#7335,#1657,.F.);
#6384=EDGE_CURVE('',#7337,#7212,#1658,.F.);
#6385=EDGE_CURVE('',#7339,#7337,#1659,.F.);
#6386=EDGE_CURVE('',#7340,#7339,#755,.T.);
#6387=EDGE_CURVE('',#7341,#7340,#1660,.F.);
#6388=EDGE_CURVE('',#7078,#7341,#1661,.T.);
#6389=EDGE_CURVE('',#7342,#7343,#1662,.T.);
#6390=EDGE_CURVE('',#7343,#7076,#1663,.T.);
#6391=EDGE_CURVE('',#7149,#7342,#1664,.T.);
#6392=EDGE_CURVE('',#7341,#7344,#1665,.T.);
#6393=EDGE_CURVE('',#7148,#7344,#1666,.T.);
#6394=EDGE_CURVE('',#7344,#7342,#756,.F.);
#6395=EDGE_CURVE('',#7210,#7341,#1667,.F.);
#6396=EDGE_CURVE('',#7343,#7208,#1668,.F.);
#6397=EDGE_CURVE('',#7345,#7343,#1669,.F.);
#6398=EDGE_CURVE('',#7346,#7345,#757,.T.);
#6399=EDGE_CURVE('',#7347,#7346,#1670,.F.);
#6400=EDGE_CURVE('',#7074,#7347,#1671,.T.);
#6401=EDGE_CURVE('',#7348,#7349,#1672,.T.);
#6402=EDGE_CURVE('',#7349,#7072,#1673,.T.);
#6403=EDGE_CURVE('',#7151,#7348,#1674,.T.);
#6404=EDGE_CURVE('',#7347,#7350,#1675,.T.);
#6405=EDGE_CURVE('',#7150,#7350,#1676,.T.);
#6406=EDGE_CURVE('',#7350,#7348,#758,.F.);
#6407=EDGE_CURVE('',#7206,#7347,#1677,.F.);
#6408=EDGE_CURVE('',#7349,#7204,#1678,.F.);
#6409=EDGE_CURVE('',#7351,#7349,#1679,.F.);
#6410=EDGE_CURVE('',#7352,#7351,#759,.T.);
#6411=EDGE_CURVE('',#7353,#7352,#1680,.F.);
#6412=EDGE_CURVE('',#7070,#7353,#1681,.T.);
#6413=EDGE_CURVE('',#7354,#7355,#1682,.T.);
#6414=EDGE_CURVE('',#7355,#7068,#1683,.T.);
#6415=EDGE_CURVE('',#7153,#7354,#1684,.T.);
#6416=EDGE_CURVE('',#7353,#7356,#1685,.T.);
#6417=EDGE_CURVE('',#7152,#7356,#1686,.T.);
#6418=EDGE_CURVE('',#7356,#7354,#760,.F.);
#6419=EDGE_CURVE('',#7202,#7353,#1687,.F.);
#6420=EDGE_CURVE('',#7355,#7200,#1688,.F.);
#6421=EDGE_CURVE('',#7357,#7355,#1689,.F.);
#6422=EDGE_CURVE('',#7358,#7357,#761,.T.);
#6423=EDGE_CURVE('',#7359,#7358,#1690,.F.);
#6424=EDGE_CURVE('',#7066,#7359,#1691,.T.);
#6425=EDGE_CURVE('',#7360,#7361,#1692,.T.);
#6426=EDGE_CURVE('',#7361,#7064,#1693,.T.);
#6427=EDGE_CURVE('',#7155,#7360,#1694,.T.);
#6428=EDGE_CURVE('',#7359,#7362,#1695,.T.);
#6429=EDGE_CURVE('',#7154,#7362,#1696,.T.);
#6430=EDGE_CURVE('',#7362,#7360,#762,.F.);
#6431=EDGE_CURVE('',#7198,#7359,#1697,.F.);
#6432=EDGE_CURVE('',#7361,#7196,#1698,.F.);
#6433=EDGE_CURVE('',#7363,#7361,#1699,.F.);
#6434=EDGE_CURVE('',#7364,#7363,#763,.T.);
#6435=EDGE_CURVE('',#7365,#7364,#1700,.F.);
#6436=EDGE_CURVE('',#7062,#7365,#1701,.T.);
#6437=EDGE_CURVE('',#7366,#7367,#1702,.T.);
#6438=EDGE_CURVE('',#7367,#7060,#1703,.T.);
#6439=EDGE_CURVE('',#7157,#7366,#1704,.T.);
#6440=EDGE_CURVE('',#7365,#7368,#1705,.T.);
#6441=EDGE_CURVE('',#7156,#7368,#1706,.T.);
#6442=EDGE_CURVE('',#7368,#7366,#764,.F.);
#6443=EDGE_CURVE('',#7194,#7365,#1707,.F.);
#6444=EDGE_CURVE('',#7367,#7192,#1708,.F.);
#6445=EDGE_CURVE('',#7369,#7367,#1709,.F.);
#6446=EDGE_CURVE('',#7370,#7369,#765,.T.);
#6447=EDGE_CURVE('',#7371,#7370,#1710,.F.);
#6448=EDGE_CURVE('',#7058,#7371,#1711,.T.);
#6449=EDGE_CURVE('',#7372,#7373,#1712,.T.);
#6450=EDGE_CURVE('',#7373,#7056,#1713,.T.);
#6451=EDGE_CURVE('',#7159,#7372,#1714,.T.);
#6452=EDGE_CURVE('',#7371,#7374,#1715,.T.);
#6453=EDGE_CURVE('',#7158,#7374,#1716,.T.);
#6454=EDGE_CURVE('',#7374,#7372,#766,.F.);
#6455=EDGE_CURVE('',#7190,#7371,#1717,.F.);
#6456=EDGE_CURVE('',#7373,#7188,#1718,.F.);
#6457=EDGE_CURVE('',#7375,#7373,#1719,.F.);
#6458=EDGE_CURVE('',#7376,#7375,#767,.T.);
#6459=EDGE_CURVE('',#7377,#7376,#1720,.F.);
#6460=EDGE_CURVE('',#7054,#7377,#1721,.T.);
#6461=EDGE_CURVE('',#7378,#7379,#1722,.T.);
#6462=EDGE_CURVE('',#7379,#7052,#1723,.T.);
#6463=EDGE_CURVE('',#7161,#7378,#1724,.T.);
#6464=EDGE_CURVE('',#7377,#7380,#1725,.T.);
#6465=EDGE_CURVE('',#7160,#7380,#1726,.T.);
#6466=EDGE_CURVE('',#7380,#7378,#768,.F.);
#6467=EDGE_CURVE('',#7186,#7377,#1727,.F.);
#6468=EDGE_CURVE('',#7379,#7184,#1728,.F.);
#6469=EDGE_CURVE('',#7381,#7379,#1729,.F.);
#6470=EDGE_CURVE('',#7382,#7381,#769,.T.);
#6471=EDGE_CURVE('',#7383,#7382,#1730,.F.);
#6472=EDGE_CURVE('',#7050,#7383,#1731,.T.);
#6473=EDGE_CURVE('',#7384,#7385,#1732,.T.);
#6474=EDGE_CURVE('',#7385,#7048,#1733,.T.);
#6475=EDGE_CURVE('',#7123,#7384,#1734,.T.);
#6476=EDGE_CURVE('',#7383,#7386,#1735,.T.);
#6477=EDGE_CURVE('',#7122,#7386,#1736,.T.);
#6478=EDGE_CURVE('',#7386,#7384,#770,.F.);
#6479=EDGE_CURVE('',#7182,#7383,#1737,.F.);
#6480=EDGE_CURVE('',#7385,#7180,#1738,.F.);
#6481=EDGE_CURVE('',#7387,#7385,#1739,.F.);
#6482=EDGE_CURVE('',#7388,#7387,#771,.T.);
#6483=EDGE_CURVE('',#7389,#7388,#1740,.F.);
#6484=EDGE_CURVE('',#7046,#7389,#1741,.T.);
#6485=EDGE_CURVE('',#7390,#7391,#1742,.T.);
#6486=EDGE_CURVE('',#7391,#7044,#1743,.T.);
#6487=EDGE_CURVE('',#7125,#7390,#1744,.T.);
#6488=EDGE_CURVE('',#7389,#7392,#1745,.T.);
#6489=EDGE_CURVE('',#7124,#7392,#1746,.T.);
#6490=EDGE_CURVE('',#7392,#7390,#772,.F.);
#6491=EDGE_CURVE('',#7178,#7389,#1747,.F.);
#6492=EDGE_CURVE('',#7391,#7176,#1748,.F.);
#6493=EDGE_CURVE('',#7393,#7391,#1749,.F.);
#6494=EDGE_CURVE('',#7394,#7393,#773,.T.);
#6495=EDGE_CURVE('',#7395,#7394,#1750,.F.);
#6496=EDGE_CURVE('',#7042,#7395,#1751,.T.);
#6497=EDGE_CURVE('',#7396,#7397,#1752,.T.);
#6498=EDGE_CURVE('',#7397,#7040,#1753,.T.);
#6499=EDGE_CURVE('',#7127,#7396,#1754,.T.);
#6500=EDGE_CURVE('',#7395,#7398,#1755,.T.);
#6501=EDGE_CURVE('',#7126,#7398,#1756,.T.);
#6502=EDGE_CURVE('',#7398,#7396,#774,.F.);
#6503=EDGE_CURVE('',#7174,#7395,#1757,.F.);
#6504=EDGE_CURVE('',#7397,#7172,#1758,.F.);
#6505=EDGE_CURVE('',#7399,#7397,#1759,.F.);
#6506=EDGE_CURVE('',#7400,#7399,#775,.T.);
#6507=EDGE_CURVE('',#7401,#7400,#1760,.F.);
#6508=EDGE_CURVE('',#7038,#7401,#1761,.T.);
#6509=EDGE_CURVE('',#7402,#7291,#1762,.T.);
#6510=EDGE_CURVE('',#7129,#7402,#1763,.T.);
#6511=EDGE_CURVE('',#7401,#7403,#1764,.T.);
#6512=EDGE_CURVE('',#7128,#7403,#1765,.T.);
#6513=EDGE_CURVE('',#7403,#7402,#776,.F.);
#6514=EDGE_CURVE('',#7291,#7168,#1766,.F.);
#6515=EDGE_CURVE('',#7170,#7401,#1767,.F.);
#6516=EDGE_CURVE('',#7400,#7248,#1768,.F.);
#6517=EDGE_CURVE('',#7399,#7249,#1769,.F.);
#6518=EDGE_CURVE('',#7293,#7246,#1770,.F.);
#6519=EDGE_CURVE('',#7292,#7247,#1771,.F.);
#6520=EDGE_CURVE('',#7394,#7250,#1772,.F.);
#6521=EDGE_CURVE('',#7393,#7251,#1773,.F.);
#6522=EDGE_CURVE('',#7388,#7252,#1774,.F.);
#6523=EDGE_CURVE('',#7387,#7253,#1775,.F.);
#6524=EDGE_CURVE('',#7382,#7254,#1776,.F.);
#6525=EDGE_CURVE('',#7381,#7255,#1777,.F.);
#6526=EDGE_CURVE('',#7376,#7256,#1778,.F.);
#6527=EDGE_CURVE('',#7375,#7257,#1779,.F.);
#6528=EDGE_CURVE('',#7370,#7258,#1780,.F.);
#6529=EDGE_CURVE('',#7369,#7259,#1781,.F.);
#6530=EDGE_CURVE('',#7364,#7260,#1782,.F.);
#6531=EDGE_CURVE('',#7363,#7261,#1783,.F.);
#6532=EDGE_CURVE('',#7358,#7262,#1784,.F.);
#6533=EDGE_CURVE('',#7357,#7263,#1785,.F.);
#6534=EDGE_CURVE('',#7352,#7264,#1786,.F.);
#6535=EDGE_CURVE('',#7351,#7265,#1787,.F.);
#6536=EDGE_CURVE('',#7346,#7266,#1788,.F.);
#6537=EDGE_CURVE('',#7345,#7267,#1789,.F.);
#6538=EDGE_CURVE('',#7340,#7268,#1790,.F.);
#6539=EDGE_CURVE('',#7339,#7269,#1791,.F.);
#6540=EDGE_CURVE('',#7334,#7270,#1792,.F.);
#6541=EDGE_CURVE('',#7333,#7271,#1793,.F.);
#6542=EDGE_CURVE('',#7328,#7272,#1794,.F.);
#6543=EDGE_CURVE('',#7327,#7273,#1795,.F.);
#6544=EDGE_CURVE('',#7322,#7274,#1796,.F.);
#6545=EDGE_CURVE('',#7321,#7275,#1797,.F.);
#6546=EDGE_CURVE('',#7316,#7276,#1798,.F.);
#6547=EDGE_CURVE('',#7315,#7277,#1799,.F.);
#6548=EDGE_CURVE('',#7310,#7278,#1800,.F.);
#6549=EDGE_CURVE('',#7309,#7279,#1801,.F.);
#6550=EDGE_CURVE('',#7304,#7280,#1802,.F.);
#6551=EDGE_CURVE('',#7303,#7281,#1803,.F.);
#6552=EDGE_CURVE('',#7298,#7282,#1804,.F.);
#6553=EDGE_CURVE('',#7297,#7283,#1805,.F.);
#6554=VERTEX_POINT('',#12806);
#6555=VERTEX_POINT('',#12807);
#6556=VERTEX_POINT('',#12812);
#6557=VERTEX_POINT('',#12817);
#6558=VERTEX_POINT('',#12822);
#6559=VERTEX_POINT('',#12827);
#6560=VERTEX_POINT('',#12837);
#6561=VERTEX_POINT('',#12838);
#6562=VERTEX_POINT('',#12843);
#6563=VERTEX_POINT('',#12849);
#6564=VERTEX_POINT('',#12854);
#6565=VERTEX_POINT('',#12859);
#6566=VERTEX_POINT('',#12864);
#6567=VERTEX_POINT('',#12870);
#6568=VERTEX_POINT('',#12876);
#6569=VERTEX_POINT('',#12877);
#6570=VERTEX_POINT('',#12882);
#6571=VERTEX_POINT('',#12887);
#6572=VERTEX_POINT('',#12897);
#6573=VERTEX_POINT('',#12903);
#6574=VERTEX_POINT('',#12911);
#6575=VERTEX_POINT('',#12916);
#6576=VERTEX_POINT('',#12921);
#6577=VERTEX_POINT('',#12928);
#6578=VERTEX_POINT('',#12929);
#6579=VERTEX_POINT('',#12938);
#6580=VERTEX_POINT('',#12939);
#6581=VERTEX_POINT('',#12941);
#6582=VERTEX_POINT('',#12943);
#6583=VERTEX_POINT('',#12947);
#6584=VERTEX_POINT('',#12948);
#6585=VERTEX_POINT('',#12950);
#6586=VERTEX_POINT('',#12952);
#6587=VERTEX_POINT('',#12954);
#6588=VERTEX_POINT('',#12956);
#6589=VERTEX_POINT('',#12958);
#6590=VERTEX_POINT('',#12960);
#6591=VERTEX_POINT('',#12962);
#6592=VERTEX_POINT('',#12966);
#6593=VERTEX_POINT('',#12967);
#6594=VERTEX_POINT('',#12969);
#6595=VERTEX_POINT('',#12971);
#6596=VERTEX_POINT('',#12973);
#6597=VERTEX_POINT('',#12975);
#6598=VERTEX_POINT('',#12977);
#6599=VERTEX_POINT('',#12979);
#6600=VERTEX_POINT('',#12984);
#6601=VERTEX_POINT('',#12989);
#6602=VERTEX_POINT('',#12993);
#6603=VERTEX_POINT('',#12994);
#6604=VERTEX_POINT('',#12996);
#6605=VERTEX_POINT('',#12999);
#6606=VERTEX_POINT('',#13003);
#6607=VERTEX_POINT('',#13004);
#6608=VERTEX_POINT('',#13006);
#6609=VERTEX_POINT('',#13008);
#6610=VERTEX_POINT('',#13010);
#6611=VERTEX_POINT('',#13012);
#6612=VERTEX_POINT('',#13016);
#6613=VERTEX_POINT('',#13017);
#6614=VERTEX_POINT('',#13019);
#6615=VERTEX_POINT('',#13021);
#6616=VERTEX_POINT('',#13023);
#6617=VERTEX_POINT('',#13026);
#6618=VERTEX_POINT('',#13031);
#6619=VERTEX_POINT('',#13035);
#6620=VERTEX_POINT('',#13036);
#6621=VERTEX_POINT('',#13038);
#6622=VERTEX_POINT('',#13040);
#6623=VERTEX_POINT('',#13043);
#6624=VERTEX_POINT('',#13044);
#6625=VERTEX_POINT('',#13046);
#6626=VERTEX_POINT('',#13048);
#6627=VERTEX_POINT('',#13050);
#6628=VERTEX_POINT('',#13052);
#6629=VERTEX_POINT('',#13054);
#6630=VERTEX_POINT('',#13059);
#6631=VERTEX_POINT('',#13065);
#6632=VERTEX_POINT('',#13074);
#6633=VERTEX_POINT('',#13075);
#6634=VERTEX_POINT('',#13082);
#6635=VERTEX_POINT('',#13084);
#6636=VERTEX_POINT('',#13093);
#6637=VERTEX_POINT('',#13095);
#6638=VERTEX_POINT('',#13096);
#6639=VERTEX_POINT('',#13108);
#6640=VERTEX_POINT('',#13110);
#6641=VERTEX_POINT('',#13191);
#6642=VERTEX_POINT('',#13203);
#6643=VERTEX_POINT('',#13228);
#6644=VERTEX_POINT('',#13230);
#6645=VERTEX_POINT('',#13254);
#6646=VERTEX_POINT('',#13256);
#6647=VERTEX_POINT('',#13259);
#6648=VERTEX_POINT('',#13261);
#6649=VERTEX_POINT('',#13263);
#6650=VERTEX_POINT('',#13265);
#6651=VERTEX_POINT('',#13270);
#6652=VERTEX_POINT('',#13271);
#6653=VERTEX_POINT('',#13276);
#6654=VERTEX_POINT('',#13282);
#6655=VERTEX_POINT('',#13284);
#6656=VERTEX_POINT('',#13286);
#6657=VERTEX_POINT('',#13291);
#6658=VERTEX_POINT('',#13301);
#6659=VERTEX_POINT('',#13302);
#6660=VERTEX_POINT('',#13321);
#6661=VERTEX_POINT('',#13322);
#6662=VERTEX_POINT('',#13324);
#6663=VERTEX_POINT('',#13326);
#6664=VERTEX_POINT('',#13328);
#6665=VERTEX_POINT('',#13330);
#6666=VERTEX_POINT('',#13334);
#6667=VERTEX_POINT('',#13335);
#6668=VERTEX_POINT('',#13341);
#6669=VERTEX_POINT('',#13342);
#6670=VERTEX_POINT('',#13344);
#6671=VERTEX_POINT('',#13346);
#6672=VERTEX_POINT('',#13348);
#6673=VERTEX_POINT('',#13350);
#6674=VERTEX_POINT('',#13354);
#6675=VERTEX_POINT('',#13356);
#6676=VERTEX_POINT('',#13360);
#6677=VERTEX_POINT('',#13361);
#6678=VERTEX_POINT('',#13363);
#6679=VERTEX_POINT('',#13365);
#6680=VERTEX_POINT('',#13369);
#6681=VERTEX_POINT('',#13370);
#6682=VERTEX_POINT('',#13375);
#6683=VERTEX_POINT('',#13376);
#6684=VERTEX_POINT('',#13381);
#6685=VERTEX_POINT('',#13382);
#6686=VERTEX_POINT('',#13387);
#6687=VERTEX_POINT('',#13388);
#6688=VERTEX_POINT('',#13391);
#6689=VERTEX_POINT('',#13393);
#6690=VERTEX_POINT('',#13395);
#6691=VERTEX_POINT('',#13414);
#6692=VERTEX_POINT('',#13432);
#6693=VERTEX_POINT('',#13437);
#6694=VERTEX_POINT('',#13442);
#6695=VERTEX_POINT('',#13447);
#6696=VERTEX_POINT('',#13452);
#6697=VERTEX_POINT('',#13460);
#6698=VERTEX_POINT('',#13465);
#6699=VERTEX_POINT('',#13470);
#6700=VERTEX_POINT('',#13472);
#6701=VERTEX_POINT('',#13479);
#6702=VERTEX_POINT('',#13480);
#6703=VERTEX_POINT('',#13482);
#6704=VERTEX_POINT('',#13484);
#6705=VERTEX_POINT('',#13486);
#6706=VERTEX_POINT('',#13488);
#6707=VERTEX_POINT('',#13490);
#6708=VERTEX_POINT('',#13492);
#6709=VERTEX_POINT('',#13494);
#6710=VERTEX_POINT('',#13498);
#6711=VERTEX_POINT('',#13500);
#6712=VERTEX_POINT('',#13502);
#6713=VERTEX_POINT('',#13506);
#6714=VERTEX_POINT('',#13507);
#6715=VERTEX_POINT('',#13509);
#6716=VERTEX_POINT('',#13511);
#6717=VERTEX_POINT('',#13513);
#6718=VERTEX_POINT('',#13515);
#6719=VERTEX_POINT('',#13517);
#6720=VERTEX_POINT('',#13519);
#6721=VERTEX_POINT('',#13523);
#6722=VERTEX_POINT('',#13527);
#6723=VERTEX_POINT('',#13528);
#6724=VERTEX_POINT('',#13533);
#6725=VERTEX_POINT('',#13535);
#6726=VERTEX_POINT('',#13539);
#6727=VERTEX_POINT('',#13543);
#6728=VERTEX_POINT('',#13544);
#6729=VERTEX_POINT('',#13546);
#6730=VERTEX_POINT('',#13548);
#6731=VERTEX_POINT('',#13552);
#6732=VERTEX_POINT('',#13554);
#6733=VERTEX_POINT('',#13558);
#6734=VERTEX_POINT('',#13560);
#6735=VERTEX_POINT('',#13564);
#6736=VERTEX_POINT('',#13565);
#6737=VERTEX_POINT('',#13570);
#6738=VERTEX_POINT('',#13571);
#6739=VERTEX_POINT('',#13573);
#6740=VERTEX_POINT('',#13577);
#6741=VERTEX_POINT('',#13582);
#6742=VERTEX_POINT('',#13583);
#6743=VERTEX_POINT('',#13585);
#6744=VERTEX_POINT('',#13587);
#6745=VERTEX_POINT('',#13590);
#6746=VERTEX_POINT('',#13594);
#6747=VERTEX_POINT('',#13599);
#6748=VERTEX_POINT('',#13601);
#6749=VERTEX_POINT('',#13603);
#6750=VERTEX_POINT('',#13606);
#6751=VERTEX_POINT('',#13609);
#6752=VERTEX_POINT('',#13612);
#6753=VERTEX_POINT('',#13618);
#6754=VERTEX_POINT('',#13620);
#6755=VERTEX_POINT('',#13622);
#6756=VERTEX_POINT('',#13624);
#6757=VERTEX_POINT('',#13626);
#6758=VERTEX_POINT('',#13628);
#6759=VERTEX_POINT('',#13630);
#6760=VERTEX_POINT('',#13632);
#6761=VERTEX_POINT('',#13635);
#6762=VERTEX_POINT('',#13636);
#6763=VERTEX_POINT('',#13641);
#6764=VERTEX_POINT('',#13643);
#6765=VERTEX_POINT('',#13648);
#6766=VERTEX_POINT('',#13650);
#6767=VERTEX_POINT('',#13654);
#6768=VERTEX_POINT('',#13655);
#6769=VERTEX_POINT('',#13657);
#6770=VERTEX_POINT('',#13659);
#6771=VERTEX_POINT('',#13663);
#6772=VERTEX_POINT('',#13667);
#6773=VERTEX_POINT('',#13669);
#6774=VERTEX_POINT('',#13671);
#6775=VERTEX_POINT('',#13676);
#6776=VERTEX_POINT('',#13678);
#6777=VERTEX_POINT('',#13680);
#6778=VERTEX_POINT('',#13684);
#6779=VERTEX_POINT('',#13686);
#6780=VERTEX_POINT('',#13688);
#6781=VERTEX_POINT('',#13690);
#6782=VERTEX_POINT('',#13692);
#6783=VERTEX_POINT('',#13694);
#6784=VERTEX_POINT('',#13696);
#6785=VERTEX_POINT('',#13698);
#6786=VERTEX_POINT('',#13700);
#6787=VERTEX_POINT('',#13702);
#6788=VERTEX_POINT('',#13704);
#6789=VERTEX_POINT('',#13711);
#6790=VERTEX_POINT('',#13713);
#6791=VERTEX_POINT('',#13717);
#6792=VERTEX_POINT('',#13719);
#6793=VERTEX_POINT('',#13721);
#6794=VERTEX_POINT('',#13725);
#6795=VERTEX_POINT('',#13727);
#6796=VERTEX_POINT('',#13729);
#6797=VERTEX_POINT('',#13734);
#6798=VERTEX_POINT('',#13736);
#6799=VERTEX_POINT('',#13741);
#6800=VERTEX_POINT('',#13743);
#6801=VERTEX_POINT('',#13748);
#6802=VERTEX_POINT('',#13751);
#6803=VERTEX_POINT('',#13753);
#6804=VERTEX_POINT('',#13757);
#6805=VERTEX_POINT('',#13758);
#6806=VERTEX_POINT('',#13760);
#6807=VERTEX_POINT('',#13762);
#6808=VERTEX_POINT('',#13764);
#6809=VERTEX_POINT('',#13766);
#6810=VERTEX_POINT('',#13777);
#6811=VERTEX_POINT('',#13778);
#6812=VERTEX_POINT('',#13781);
#6813=VERTEX_POINT('',#13796);
#6814=VERTEX_POINT('',#13802);
#6815=VERTEX_POINT('',#13807);
#6816=VERTEX_POINT('',#13809);
#6817=VERTEX_POINT('',#13814);
#6818=VERTEX_POINT('',#13816);
#6819=VERTEX_POINT('',#13841);
#6820=VERTEX_POINT('',#13842);
#6821=VERTEX_POINT('',#13844);
#6822=VERTEX_POINT('',#13846);
#6823=VERTEX_POINT('',#13850);
#6824=VERTEX_POINT('',#13852);
#6825=VERTEX_POINT('',#13856);
#6826=VERTEX_POINT('',#13858);
#6827=VERTEX_POINT('',#13862);
#6828=VERTEX_POINT('',#13864);
#6829=VERTEX_POINT('',#13868);
#6830=VERTEX_POINT('',#13870);
#6831=VERTEX_POINT('',#13874);
#6832=VERTEX_POINT('',#13876);
#6833=VERTEX_POINT('',#13883);
#6834=VERTEX_POINT('',#13884);
#6835=VERTEX_POINT('',#13886);
#6836=VERTEX_POINT('',#13888);
#6837=VERTEX_POINT('',#13890);
#6838=VERTEX_POINT('',#13897);
#6839=VERTEX_POINT('',#13899);
#6840=VERTEX_POINT('',#13903);
#6841=VERTEX_POINT('',#13907);
#6842=VERTEX_POINT('',#13913);
#6843=VERTEX_POINT('',#13914);
#6844=VERTEX_POINT('',#13921);
#6845=VERTEX_POINT('',#13922);
#6846=VERTEX_POINT('',#13924);
#6847=VERTEX_POINT('',#13932);
#6848=VERTEX_POINT('',#13938);
#6849=VERTEX_POINT('',#13940);
#6850=VERTEX_POINT('',#13946);
#6851=VERTEX_POINT('',#13948);
#6852=VERTEX_POINT('',#13954);
#6853=VERTEX_POINT('',#13956);
#6854=VERTEX_POINT('',#13961);
#6855=VERTEX_POINT('',#13964);
#6856=VERTEX_POINT('',#13966);
#6857=VERTEX_POINT('',#13970);
#6858=VERTEX_POINT('',#13972);
#6859=VERTEX_POINT('',#13974);
#6860=VERTEX_POINT('',#13976);
#6861=VERTEX_POINT('',#13981);
#6862=VERTEX_POINT('',#13983);
#6863=VERTEX_POINT('',#13989);
#6864=VERTEX_POINT('',#13993);
#6865=VERTEX_POINT('',#14005);
#6866=VERTEX_POINT('',#14011);
#6867=VERTEX_POINT('',#14013);
#6868=VERTEX_POINT('',#14024);
#6869=VERTEX_POINT('',#14030);
#6870=VERTEX_POINT('',#14035);
#6871=VERTEX_POINT('',#14038);
#6872=VERTEX_POINT('',#14051);
#6873=VERTEX_POINT('',#14053);
#6874=VERTEX_POINT('',#14057);
#6875=VERTEX_POINT('',#14061);
#6876=VERTEX_POINT('',#14063);
#6877=VERTEX_POINT('',#14078);
#6878=VERTEX_POINT('',#14080);
#6879=VERTEX_POINT('',#14082);
#6880=VERTEX_POINT('',#14084);
#6881=VERTEX_POINT('',#14088);
#6882=VERTEX_POINT('',#14090);
#6883=VERTEX_POINT('',#14094);
#6884=VERTEX_POINT('',#14096);
#6885=VERTEX_POINT('',#14103);
#6886=VERTEX_POINT('',#14126);
#6887=VERTEX_POINT('',#14128);
#6888=VERTEX_POINT('',#14130);
#6889=VERTEX_POINT('',#14132);
#6890=VERTEX_POINT('',#14138);
#6891=VERTEX_POINT('',#14142);
#6892=VERTEX_POINT('',#14144);
#6893=VERTEX_POINT('',#14169);
#6894=VERTEX_POINT('',#14170);
#6895=VERTEX_POINT('',#14172);
#6896=VERTEX_POINT('',#14175);
#6897=VERTEX_POINT('',#14177);
#6898=VERTEX_POINT('',#14179);
#6899=VERTEX_POINT('',#14185);
#6900=VERTEX_POINT('',#14187);
#6901=VERTEX_POINT('',#14189);
#6902=VERTEX_POINT('',#14198);
#6903=VERTEX_POINT('',#14200);
#6904=VERTEX_POINT('',#14204);
#6905=VERTEX_POINT('',#14205);
#6906=VERTEX_POINT('',#14207);
#6907=VERTEX_POINT('',#14209);
#6908=VERTEX_POINT('',#14213);
#6909=VERTEX_POINT('',#14215);
#6910=VERTEX_POINT('',#14219);
#6911=VERTEX_POINT('',#14221);
#6912=VERTEX_POINT('',#14225);
#6913=VERTEX_POINT('',#14227);
#6914=VERTEX_POINT('',#14242);
#6915=VERTEX_POINT('',#14243);
#6916=VERTEX_POINT('',#14245);
#6917=VERTEX_POINT('',#14247);
#6918=VERTEX_POINT('',#14252);
#6919=VERTEX_POINT('',#14264);
#6920=VERTEX_POINT('',#14268);
#6921=VERTEX_POINT('',#14270);
#6922=VERTEX_POINT('',#14276);
#6923=VERTEX_POINT('',#14278);
#6924=VERTEX_POINT('',#14283);
#6925=VERTEX_POINT('',#14287);
#6926=VERTEX_POINT('',#14288);
#6927=VERTEX_POINT('',#14295);
#6928=VERTEX_POINT('',#14299);
#6929=VERTEX_POINT('',#14300);
#6930=VERTEX_POINT('',#14305);
#6931=VERTEX_POINT('',#14306);
#6932=VERTEX_POINT('',#14311);
#6933=VERTEX_POINT('',#14313);
#6934=VERTEX_POINT('',#14317);
#6935=VERTEX_POINT('',#14318);
#6936=VERTEX_POINT('',#14323);
#6937=VERTEX_POINT('',#14324);
#6938=VERTEX_POINT('',#14326);
#6939=VERTEX_POINT('',#14328);
#6940=VERTEX_POINT('',#14332);
#6941=VERTEX_POINT('',#14333);
#6942=VERTEX_POINT('',#14335);
#6943=VERTEX_POINT('',#14337);
#6944=VERTEX_POINT('',#14339);
#6945=VERTEX_POINT('',#14341);
#6946=VERTEX_POINT('',#14345);
#6947=VERTEX_POINT('',#14346);
#6948=VERTEX_POINT('',#14348);
#6949=VERTEX_POINT('',#14350);
#6950=VERTEX_POINT('',#14352);
#6951=VERTEX_POINT('',#14354);
#6952=VERTEX_POINT('',#14356);
#6953=VERTEX_POINT('',#14358);
#6954=VERTEX_POINT('',#14362);
#6955=VERTEX_POINT('',#14363);
#6956=VERTEX_POINT('',#14365);
#6957=VERTEX_POINT('',#14367);
#6958=VERTEX_POINT('',#14371);
#6959=VERTEX_POINT('',#14373);
#6960=VERTEX_POINT('',#14377);
#6961=VERTEX_POINT('',#14378);
#6962=VERTEX_POINT('',#14380);
#6963=VERTEX_POINT('',#14382);
#6964=VERTEX_POINT('',#14384);
#6965=VERTEX_POINT('',#14386);
#6966=VERTEX_POINT('',#14388);
#6967=VERTEX_POINT('',#14390);
#6968=VERTEX_POINT('',#14394);
#6969=VERTEX_POINT('',#14395);
#6970=VERTEX_POINT('',#14397);
#6971=VERTEX_POINT('',#14401);
#6972=VERTEX_POINT('',#14403);
#6973=VERTEX_POINT('',#14415);
#6974=VERTEX_POINT('',#14417);
#6975=VERTEX_POINT('',#14421);
#6976=VERTEX_POINT('',#14423);
#6977=VERTEX_POINT('',#14426);
#6978=VERTEX_POINT('',#14428);
#6979=VERTEX_POINT('',#14430);
#6980=VERTEX_POINT('',#14432);
#6981=VERTEX_POINT('',#14434);
#6982=VERTEX_POINT('',#14436);
#6983=VERTEX_POINT('',#14438);
#6984=VERTEX_POINT('',#14440);
#6985=VERTEX_POINT('',#14442);
#6986=VERTEX_POINT('',#14446);
#6987=VERTEX_POINT('',#14461);
#6988=VERTEX_POINT('',#14463);
#6989=VERTEX_POINT('',#14467);
#6990=VERTEX_POINT('',#14468);
#6991=VERTEX_POINT('',#14470);
#6992=VERTEX_POINT('',#14473);
#6993=VERTEX_POINT('',#14475);
#6994=VERTEX_POINT('',#14477);
#6995=VERTEX_POINT('',#14481);
#6996=VERTEX_POINT('',#14482);
#6997=VERTEX_POINT('',#14484);
#6998=VERTEX_POINT('',#14490);
#6999=VERTEX_POINT('',#14491);
#7000=VERTEX_POINT('',#14493);
#7001=VERTEX_POINT('',#14495);
#7002=VERTEX_POINT('',#14499);
#7003=VERTEX_POINT('',#14500);
#7004=VERTEX_POINT('',#14502);
#7005=VERTEX_POINT('',#14504);
#7006=VERTEX_POINT('',#14539);
#7007=VERTEX_POINT('',#14543);
#7008=VERTEX_POINT('',#14554);
#7009=VERTEX_POINT('',#14555);
#7010=VERTEX_POINT('',#14557);
#7011=VERTEX_POINT('',#14559);
#7012=VERTEX_POINT('',#14561);
#7013=VERTEX_POINT('',#14563);
#7014=VERTEX_POINT('',#14567);
#7015=VERTEX_POINT('',#14573);
#7016=VERTEX_POINT('',#14576);
#7017=VERTEX_POINT('',#14580);
#7018=VERTEX_POINT('',#14582);
#7019=VERTEX_POINT('',#14619);
#7020=VERTEX_POINT('',#14633);
#7021=VERTEX_POINT('',#14635);
#7022=VERTEX_POINT('',#14638);
#7023=VERTEX_POINT('',#14639);
#7024=VERTEX_POINT('',#14644);
#7025=VERTEX_POINT('',#14646);
#7026=VERTEX_POINT('',#14649);
#7027=VERTEX_POINT('',#14650);
#7028=VERTEX_POINT('',#14655);
#7029=VERTEX_POINT('',#14659);
#7030=VERTEX_POINT('',#14662);
#7031=VERTEX_POINT('',#14668);
#7032=VERTEX_POINT('',#14671);
#7033=VERTEX_POINT('',#14675);
#7034=VERTEX_POINT('',#14676);
#7035=VERTEX_POINT('',#14678);
#7036=VERTEX_POINT('',#14680);
#7037=VERTEX_POINT('',#14684);
#7038=VERTEX_POINT('',#14685);
#7039=VERTEX_POINT('',#14687);
#7040=VERTEX_POINT('',#14689);
#7041=VERTEX_POINT('',#14693);
#7042=VERTEX_POINT('',#14694);
#7043=VERTEX_POINT('',#14696);
#7044=VERTEX_POINT('',#14698);
#7045=VERTEX_POINT('',#14702);
#7046=VERTEX_POINT('',#14703);
#7047=VERTEX_POINT('',#14705);
#7048=VERTEX_POINT('',#14707);
#7049=VERTEX_POINT('',#14711);
#7050=VERTEX_POINT('',#14712);
#7051=VERTEX_POINT('',#14714);
#7052=VERTEX_POINT('',#14716);
#7053=VERTEX_POINT('',#14720);
#7054=VERTEX_POINT('',#14721);
#7055=VERTEX_POINT('',#14723);
#7056=VERTEX_POINT('',#14725);
#7057=VERTEX_POINT('',#14729);
#7058=VERTEX_POINT('',#14730);
#7059=VERTEX_POINT('',#14732);
#7060=VERTEX_POINT('',#14734);
#7061=VERTEX_POINT('',#14738);
#7062=VERTEX_POINT('',#14739);
#7063=VERTEX_POINT('',#14741);
#7064=VERTEX_POINT('',#14743);
#7065=VERTEX_POINT('',#14747);
#7066=VERTEX_POINT('',#14748);
#7067=VERTEX_POINT('',#14750);
#7068=VERTEX_POINT('',#14752);
#7069=VERTEX_POINT('',#14756);
#7070=VERTEX_POINT('',#14757);
#7071=VERTEX_POINT('',#14759);
#7072=VERTEX_POINT('',#14761);
#7073=VERTEX_POINT('',#14765);
#7074=VERTEX_POINT('',#14766);
#7075=VERTEX_POINT('',#14768);
#7076=VERTEX_POINT('',#14770);
#7077=VERTEX_POINT('',#14774);
#7078=VERTEX_POINT('',#14775);
#7079=VERTEX_POINT('',#14777);
#7080=VERTEX_POINT('',#14779);
#7081=VERTEX_POINT('',#14783);
#7082=VERTEX_POINT('',#14784);
#7083=VERTEX_POINT('',#14786);
#7084=VERTEX_POINT('',#14788);
#7085=VERTEX_POINT('',#14792);
#7086=VERTEX_POINT('',#14793);
#7087=VERTEX_POINT('',#14795);
#7088=VERTEX_POINT('',#14797);
#7089=VERTEX_POINT('',#14801);
#7090=VERTEX_POINT('',#14802);
#7091=VERTEX_POINT('',#14804);
#7092=VERTEX_POINT('',#14806);
#7093=VERTEX_POINT('',#14810);
#7094=VERTEX_POINT('',#14811);
#7095=VERTEX_POINT('',#14813);
#7096=VERTEX_POINT('',#14815);
#7097=VERTEX_POINT('',#14819);
#7098=VERTEX_POINT('',#14820);
#7099=VERTEX_POINT('',#14822);
#7100=VERTEX_POINT('',#14824);
#7101=VERTEX_POINT('',#14828);
#7102=VERTEX_POINT('',#14829);
#7103=VERTEX_POINT('',#14831);
#7104=VERTEX_POINT('',#14833);
#7105=VERTEX_POINT('',#14837);
#7106=VERTEX_POINT('',#14838);
#7107=VERTEX_POINT('',#14840);
#7108=VERTEX_POINT('',#14842);
#7109=VERTEX_POINT('',#14846);
#7110=VERTEX_POINT('',#14847);
#7111=VERTEX_POINT('',#14849);
#7112=VERTEX_POINT('',#14851);
#7113=VERTEX_POINT('',#14858);
#7114=VERTEX_POINT('',#14860);
#7115=VERTEX_POINT('',#14867);
#7116=VERTEX_POINT('',#14869);
#7117=VERTEX_POINT('',#14876);
#7118=VERTEX_POINT('',#14877);
#7119=VERTEX_POINT('',#14879);
#7120=VERTEX_POINT('',#14881);
#7121=VERTEX_POINT('',#14891);
#7122=VERTEX_POINT('',#14896);
#7123=VERTEX_POINT('',#14898);
#7124=VERTEX_POINT('',#14903);
#7125=VERTEX_POINT('',#14905);
#7126=VERTEX_POINT('',#14910);
#7127=VERTEX_POINT('',#14912);
#7128=VERTEX_POINT('',#14917);
#7129=VERTEX_POINT('',#14919);
#7130=VERTEX_POINT('',#14924);
#7131=VERTEX_POINT('',#14926);
#7132=VERTEX_POINT('',#14931);
#7133=VERTEX_POINT('',#14933);
#7134=VERTEX_POINT('',#14938);
#7135=VERTEX_POINT('',#14940);
#7136=VERTEX_POINT('',#14945);
#7137=VERTEX_POINT('',#14947);
#7138=VERTEX_POINT('',#14952);
#7139=VERTEX_POINT('',#14954);
#7140=VERTEX_POINT('',#14959);
#7141=VERTEX_POINT('',#14961);
#7142=VERTEX_POINT('',#14966);
#7143=VERTEX_POINT('',#14968);
#7144=VERTEX_POINT('',#14973);
#7145=VERTEX_POINT('',#14975);
#7146=VERTEX_POINT('',#14980);
#7147=VERTEX_POINT('',#14982);
#7148=VERTEX_POINT('',#14987);
#7149=VERTEX_POINT('',#14989);
#7150=VERTEX_POINT('',#14994);
#7151=VERTEX_POINT('',#14996);
#7152=VERTEX_POINT('',#15001);
#7153=VERTEX_POINT('',#15003);
#7154=VERTEX_POINT('',#15008);
#7155=VERTEX_POINT('',#15010);
#7156=VERTEX_POINT('',#15015);
#7157=VERTEX_POINT('',#15017);
#7158=VERTEX_POINT('',#15022);
#7159=VERTEX_POINT('',#15024);
#7160=VERTEX_POINT('',#15029);
#7161=VERTEX_POINT('',#15031);
#7162=VERTEX_POINT('',#15035);
#7163=VERTEX_POINT('',#15038);
#7164=VERTEX_POINT('',#15041);
#7165=VERTEX_POINT('',#15042);
#7166=VERTEX_POINT('',#15044);
#7167=VERTEX_POINT('',#15046);
#7168=VERTEX_POINT('',#15050);
#7169=VERTEX_POINT('',#15051);
#7170=VERTEX_POINT('',#15053);
#7171=VERTEX_POINT('',#15055);
#7172=VERTEX_POINT('',#15059);
#7173=VERTEX_POINT('',#15060);
#7174=VERTEX_POINT('',#15062);
#7175=VERTEX_POINT('',#15064);
#7176=VERTEX_POINT('',#15068);
#7177=VERTEX_POINT('',#15069);
#7178=VERTEX_POINT('',#15071);
#7179=VERTEX_POINT('',#15073);
#7180=VERTEX_POINT('',#15077);
#7181=VERTEX_POINT('',#15078);
#7182=VERTEX_POINT('',#15080);
#7183=VERTEX_POINT('',#15082);
#7184=VERTEX_POINT('',#15086);
#7185=VERTEX_POINT('',#15087);
#7186=VERTEX_POINT('',#15089);
#7187=VERTEX_POINT('',#15091);
#7188=VERTEX_POINT('',#15095);
#7189=VERTEX_POINT('',#15096);
#7190=VERTEX_POINT('',#15098);
#7191=VERTEX_POINT('',#15100);
#7192=VERTEX_POINT('',#15104);
#7193=VERTEX_POINT('',#15105);
#7194=VERTEX_POINT('',#15107);
#7195=VERTEX_POINT('',#15109);
#7196=VERTEX_POINT('',#15113);
#7197=VERTEX_POINT('',#15114);
#7198=VERTEX_POINT('',#15116);
#7199=VERTEX_POINT('',#15118);
#7200=VERTEX_POINT('',#15122);
#7201=VERTEX_POINT('',#15123);
#7202=VERTEX_POINT('',#15125);
#7203=VERTEX_POINT('',#15127);
#7204=VERTEX_POINT('',#15131);
#7205=VERTEX_POINT('',#15132);
#7206=VERTEX_POINT('',#15134);
#7207=VERTEX_POINT('',#15136);
#7208=VERTEX_POINT('',#15140);
#7209=VERTEX_POINT('',#15141);
#7210=VERTEX_POINT('',#15143);
#7211=VERTEX_POINT('',#15145);
#7212=VERTEX_POINT('',#15149);
#7213=VERTEX_POINT('',#15150);
#7214=VERTEX_POINT('',#15152);
#7215=VERTEX_POINT('',#15154);
#7216=VERTEX_POINT('',#15158);
#7217=VERTEX_POINT('',#15159);
#7218=VERTEX_POINT('',#15161);
#7219=VERTEX_POINT('',#15163);
#7220=VERTEX_POINT('',#15167);
#7221=VERTEX_POINT('',#15168);
#7222=VERTEX_POINT('',#15170);
#7223=VERTEX_POINT('',#15172);
#7224=VERTEX_POINT('',#15176);
#7225=VERTEX_POINT('',#15177);
#7226=VERTEX_POINT('',#15179);
#7227=VERTEX_POINT('',#15181);
#7228=VERTEX_POINT('',#15185);
#7229=VERTEX_POINT('',#15186);
#7230=VERTEX_POINT('',#15188);
#7231=VERTEX_POINT('',#15190);
#7232=VERTEX_POINT('',#15194);
#7233=VERTEX_POINT('',#15195);
#7234=VERTEX_POINT('',#15197);
#7235=VERTEX_POINT('',#15199);
#7236=VERTEX_POINT('',#15203);
#7237=VERTEX_POINT('',#15204);
#7238=VERTEX_POINT('',#15206);
#7239=VERTEX_POINT('',#15208);
#7240=VERTEX_POINT('',#15212);
#7241=VERTEX_POINT('',#15213);
#7242=VERTEX_POINT('',#15215);
#7243=VERTEX_POINT('',#15217);
#7244=VERTEX_POINT('',#15221);
#7245=VERTEX_POINT('',#15223);
#7246=VERTEX_POINT('',#15226);
#7247=VERTEX_POINT('',#15228);
#7248=VERTEX_POINT('',#15231);
#7249=VERTEX_POINT('',#15233);
#7250=VERTEX_POINT('',#15236);
#7251=VERTEX_POINT('',#15238);
#7252=VERTEX_POINT('',#15241);
#7253=VERTEX_POINT('',#15243);
#7254=VERTEX_POINT('',#15246);
#7255=VERTEX_POINT('',#15248);
#7256=VERTEX_POINT('',#15251);
#7257=VERTEX_POINT('',#15253);
#7258=VERTEX_POINT('',#15256);
#7259=VERTEX_POINT('',#15258);
#7260=VERTEX_POINT('',#15261);
#7261=VERTEX_POINT('',#15263);
#7262=VERTEX_POINT('',#15266);
#7263=VERTEX_POINT('',#15268);
#7264=VERTEX_POINT('',#15271);
#7265=VERTEX_POINT('',#15273);
#7266=VERTEX_POINT('',#15276);
#7267=VERTEX_POINT('',#15278);
#7268=VERTEX_POINT('',#15281);
#7269=VERTEX_POINT('',#15283);
#7270=VERTEX_POINT('',#15286);
#7271=VERTEX_POINT('',#15288);
#7272=VERTEX_POINT('',#15291);
#7273=VERTEX_POINT('',#15293);
#7274=VERTEX_POINT('',#15296);
#7275=VERTEX_POINT('',#15298);
#7276=VERTEX_POINT('',#15301);
#7277=VERTEX_POINT('',#15303);
#7278=VERTEX_POINT('',#15306);
#7279=VERTEX_POINT('',#15308);
#7280=VERTEX_POINT('',#15311);
#7281=VERTEX_POINT('',#15313);
#7282=VERTEX_POINT('',#15316);
#7283=VERTEX_POINT('',#15318);
#7284=VERTEX_POINT('',#15322);
#7285=VERTEX_POINT('',#15323);
#7286=VERTEX_POINT('',#15328);
#7287=VERTEX_POINT('',#15330);
#7288=VERTEX_POINT('',#15339);
#7289=VERTEX_POINT('',#15341);
#7290=VERTEX_POINT('',#15343);
#7291=VERTEX_POINT('',#15347);
#7292=VERTEX_POINT('',#15349);
#7293=VERTEX_POINT('',#15351);
#7294=VERTEX_POINT('',#15361);
#7295=VERTEX_POINT('',#15363);
#7296=VERTEX_POINT('',#15365);
#7297=VERTEX_POINT('',#15375);
#7298=VERTEX_POINT('',#15377);
#7299=VERTEX_POINT('',#15379);
#7300=VERTEX_POINT('',#15383);
#7301=VERTEX_POINT('',#15384);
#7302=VERTEX_POINT('',#15389);
#7303=VERTEX_POINT('',#15398);
#7304=VERTEX_POINT('',#15400);
#7305=VERTEX_POINT('',#15402);
#7306=VERTEX_POINT('',#15406);
#7307=VERTEX_POINT('',#15407);
#7308=VERTEX_POINT('',#15412);
#7309=VERTEX_POINT('',#15421);
#7310=VERTEX_POINT('',#15423);
#7311=VERTEX_POINT('',#15425);
#7312=VERTEX_POINT('',#15429);
#7313=VERTEX_POINT('',#15430);
#7314=VERTEX_POINT('',#15435);
#7315=VERTEX_POINT('',#15444);
#7316=VERTEX_POINT('',#15446);
#7317=VERTEX_POINT('',#15448);
#7318=VERTEX_POINT('',#15452);
#7319=VERTEX_POINT('',#15453);
#7320=VERTEX_POINT('',#15458);
#7321=VERTEX_POINT('',#15467);
#7322=VERTEX_POINT('',#15469);
#7323=VERTEX_POINT('',#15471);
#7324=VERTEX_POINT('',#15475);
#7325=VERTEX_POINT('',#15476);
#7326=VERTEX_POINT('',#15481);
#7327=VERTEX_POINT('',#15490);
#7328=VERTEX_POINT('',#15492);
#7329=VERTEX_POINT('',#15494);
#7330=VERTEX_POINT('',#15498);
#7331=VERTEX_POINT('',#15499);
#7332=VERTEX_POINT('',#15504);
#7333=VERTEX_POINT('',#15513);
#7334=VERTEX_POINT('',#15515);
#7335=VERTEX_POINT('',#15517);
#7336=VERTEX_POINT('',#15521);
#7337=VERTEX_POINT('',#15522);
#7338=VERTEX_POINT('',#15527);
#7339=VERTEX_POINT('',#15536);
#7340=VERTEX_POINT('',#15538);
#7341=VERTEX_POINT('',#15540);
#7342=VERTEX_POINT('',#15544);
#7343=VERTEX_POINT('',#15545);
#7344=VERTEX_POINT('',#15550);
#7345=VERTEX_POINT('',#15559);
#7346=VERTEX_POINT('',#15561);
#7347=VERTEX_POINT('',#15563);
#7348=VERTEX_POINT('',#15567);
#7349=VERTEX_POINT('',#15568);
#7350=VERTEX_POINT('',#15573);
#7351=VERTEX_POINT('',#15582);
#7352=VERTEX_POINT('',#15584);
#7353=VERTEX_POINT('',#15586);
#7354=VERTEX_POINT('',#15590);
#7355=VERTEX_POINT('',#15591);
#7356=VERTEX_POINT('',#15596);
#7357=VERTEX_POINT('',#15605);
#7358=VERTEX_POINT('',#15607);
#7359=VERTEX_POINT('',#15609);
#7360=VERTEX_POINT('',#15613);
#7361=VERTEX_POINT('',#15614);
#7362=VERTEX_POINT('',#15619);
#7363=VERTEX_POINT('',#15628);
#7364=VERTEX_POINT('',#15630);
#7365=VERTEX_POINT('',#15632);
#7366=VERTEX_POINT('',#15636);
#7367=VERTEX_POINT('',#15637);
#7368=VERTEX_POINT('',#15642);
#7369=VERTEX_POINT('',#15651);
#7370=VERTEX_POINT('',#15653);
#7371=VERTEX_POINT('',#15655);
#7372=VERTEX_POINT('',#15659);
#7373=VERTEX_POINT('',#15660);
#7374=VERTEX_POINT('',#15665);
#7375=VERTEX_POINT('',#15674);
#7376=VERTEX_POINT('',#15676);
#7377=VERTEX_POINT('',#15678);
#7378=VERTEX_POINT('',#15682);
#7379=VERTEX_POINT('',#15683);
#7380=VERTEX_POINT('',#15688);
#7381=VERTEX_POINT('',#15697);
#7382=VERTEX_POINT('',#15699);
#7383=VERTEX_POINT('',#15701);
#7384=VERTEX_POINT('',#15705);
#7385=VERTEX_POINT('',#15706);
#7386=VERTEX_POINT('',#15711);
#7387=VERTEX_POINT('',#15720);
#7388=VERTEX_POINT('',#15722);
#7389=VERTEX_POINT('',#15724);
#7390=VERTEX_POINT('',#15728);
#7391=VERTEX_POINT('',#15729);
#7392=VERTEX_POINT('',#15734);
#7393=VERTEX_POINT('',#15743);
#7394=VERTEX_POINT('',#15745);
#7395=VERTEX_POINT('',#15747);
#7396=VERTEX_POINT('',#15751);
#7397=VERTEX_POINT('',#15752);
#7398=VERTEX_POINT('',#15757);
#7399=VERTEX_POINT('',#15766);
#7400=VERTEX_POINT('',#15768);
#7401=VERTEX_POINT('',#15770);
#7402=VERTEX_POINT('',#15774);
#7403=VERTEX_POINT('',#15778);
#7404=B_SPLINE_CURVE_WITH_KNOTS('',3,(#12802,#12803,#12804,#12805),
 .UNSPECIFIED.,.F.,.F.,(4,4),(0.,0.00118322312859003),.UNSPECIFIED.);
#7405=B_SPLINE_CURVE_WITH_KNOTS('',3,(#12808,#12809,#12810,#12811),
 .UNSPECIFIED.,.F.,.F.,(4,4),(0.,0.0012564722481039),.UNSPECIFIED.);
#7406=B_SPLINE_CURVE_WITH_KNOTS('',3,(#12813,#12814,#12815,#12816),
 .UNSPECIFIED.,.F.,.F.,(4,4),(0.,0.000855200492274152),.UNSPECIFIED.);
#7407=B_SPLINE_CURVE_WITH_KNOTS('',3,(#12818,#12819,#12820,#12821),
 .UNSPECIFIED.,.F.,.F.,(4,4),(0.,0.00126272813600413),.UNSPECIFIED.);
#7408=B_SPLINE_CURVE_WITH_KNOTS('',3,(#12823,#12824,#12825,#12826),
 .UNSPECIFIED.,.F.,.F.,(4,4),(0.,0.0011487200993719),.UNSPECIFIED.);
#7409=B_SPLINE_CURVE_WITH_KNOTS('',3,(#12828,#12829,#12830,#12831,#12832),
 .UNSPECIFIED.,.F.,.F.,(4,1,4),(0.,0.0007725658116687,0.0015451316233374),
 .UNSPECIFIED.);
#7410=B_SPLINE_CURVE_WITH_KNOTS('',3,(#12833,#12834,#12835,#12836),
 .UNSPECIFIED.,.F.,.F.,(4,4),(0.,0.0101739097036121),.UNSPECIFIED.);
#7411=B_SPLINE_CURVE_WITH_KNOTS('',3,(#12839,#12840,#12841,#12842),
 .UNSPECIFIED.,.F.,.F.,(4,4),(0.,0.00137372781062139),.UNSPECIFIED.);
#7412=B_SPLINE_CURVE_WITH_KNOTS('',3,(#12844,#12845,#12846,#12847,#12848),
 .UNSPECIFIED.,.F.,.F.,(4,1,4),(0.,0.00281320849260211,0.00562641698520422),
 .UNSPECIFIED.);
#7413=B_SPLINE_CURVE_WITH_KNOTS('',3,(#12850,#12851,#12852,#12853),
 .UNSPECIFIED.,.F.,.F.,(4,4),(0.,0.00057775635902197),.UNSPECIFIED.);
#7414=B_SPLINE_CURVE_WITH_KNOTS('',3,(#12855,#12856,#12857,#12858),
 .UNSPECIFIED.,.F.,.F.,(4,4),(0.,0.00534850918364196),.UNSPECIFIED.);
#7415=B_SPLINE_CURVE_WITH_KNOTS('',3,(#12860,#12861,#12862,#12863),
 .UNSPECIFIED.,.F.,.F.,(4,4),(0.,0.000777870185387347),.UNSPECIFIED.);
#7416=B_SPLINE_CURVE_WITH_KNOTS('',3,(#12865,#12866,#12867,#12868,#12869),
 .UNSPECIFIED.,.F.,.F.,(4,1,4),(0.,0.00245197901012607,0.00490395802025213),
 .UNSPECIFIED.);
#7417=B_SPLINE_CURVE_WITH_KNOTS('',3,(#12871,#12872,#12873,#12874),
 .UNSPECIFIED.,.F.,.F.,(4,4),(0.,0.00127281073453094),.UNSPECIFIED.);
#7418=B_SPLINE_CURVE_WITH_KNOTS('',3,(#12878,#12879,#12880,#12881),
 .UNSPECIFIED.,.F.,.F.,(4,4),(3.46944695195361E-18,0.000619507065207154),
 .UNSPECIFIED.);
#7419=B_SPLINE_CURVE_WITH_KNOTS('',3,(#12883,#12884,#12885,#12886),
 .UNSPECIFIED.,.F.,.F.,(4,4),(0.,0.013325516940477),.UNSPECIFIED.);
#7420=B_SPLINE_CURVE_WITH_KNOTS('',3,(#12888,#12889,#12890,#12891,#12892,
#12893,#12894,#12895,#12896),.UNSPECIFIED.,.F.,.F.,(4,1,1,1,1,1,4),(0.,
0.00315007757919645,0.00630015515839289,0.00787519394799112,0.00945023273758934,
0.0110252715271876,0.0126003103167858),.UNSPECIFIED.);
#7421=B_SPLINE_CURVE_WITH_KNOTS('',3,(#12898,#12899,#12900,#12901,#12902),
 .UNSPECIFIED.,.F.,.F.,(4,1,4),(0.,0.0014399370203862,0.00287987404077239),
 .UNSPECIFIED.);
#7422=B_SPLINE_CURVE_WITH_KNOTS('',3,(#12904,#12905,#12906,#12907,#12908,
#12909,#12910),.UNSPECIFIED.,.F.,.F.,(4,1,1,1,4),(0.,0.00278471191685608,
0.00556942383371216,0.00835413575056824,0.0111388476674243),
 .UNSPECIFIED.);
#7423=B_SPLINE_CURVE_WITH_KNOTS('',3,(#12912,#12913,#12914,#12915),
 .UNSPECIFIED.,.F.,.F.,(4,4),(0.,0.00126822274921855),.UNSPECIFIED.);
#7424=B_SPLINE_CURVE_WITH_KNOTS('',3,(#12917,#12918,#12919,#12920),
 .UNSPECIFIED.,.F.,.F.,(4,4),(0.,0.00167857816080745),.UNSPECIFIED.);
#7425=B_SPLINE_CURVE_WITH_KNOTS('',3,(#12922,#12923,#12924,#12925),
 .UNSPECIFIED.,.F.,.F.,(4,4),(0.000542287190055247,0.000960594258714723),
 .UNSPECIFIED.);
#7426=B_SPLINE_CURVE_WITH_KNOTS('',3,(#12930,#12931,#12932,#12933,#12934,
#12935,#12936),.UNSPECIFIED.,.F.,.F.,(4,1,1,1,4),(0.,0.00260092172680049,
0.00520184345360098,0.00780276518040147,0.010403686907202),
 .UNSPECIFIED.);
#7427=B_SPLINE_CURVE_WITH_KNOTS('',3,(#12980,#12981,#12982,#12983),
 .UNSPECIFIED.,.F.,.F.,(4,4),(0.,0.00880550616051981),.UNSPECIFIED.);
#7428=B_SPLINE_CURVE_WITH_KNOTS('',3,(#12985,#12986,#12987,#12988),
 .UNSPECIFIED.,.F.,.F.,(4,4),(0.00894999415439235,0.0110213339155911),
 .UNSPECIFIED.);
#7429=B_SPLINE_CURVE_WITH_KNOTS('',3,(#13027,#13028,#13029,#13030),
 .UNSPECIFIED.,.F.,.F.,(4,4),(0.0118039594028648,0.0165604766787124),
 .UNSPECIFIED.);
#7430=B_SPLINE_CURVE_WITH_KNOTS('',3,(#13060,#13061,#13062,#13063),
 .UNSPECIFIED.,.F.,.F.,(4,4),(0.0126633295380294,0.0155019794100999),
 .UNSPECIFIED.);
#7431=B_SPLINE_CURVE_WITH_KNOTS('',3,(#13067,#13068,#13069,#13070,#13071,
#13072,#13073),.UNSPECIFIED.,.F.,.F.,(4,1,1,1,4),(-0.00885715644583553,
-0.0056916771750781,-0.00252619790432066,0.000639281366436768,0.0038047606371942),
 .UNSPECIFIED.);
#7432=B_SPLINE_CURVE_WITH_KNOTS('',3,(#13076,#13077,#13078,#13079,#13080,
#13081),.UNSPECIFIED.,.F.,.F.,(4,1,1,4),(3.92054521639294E-16,0.000752261789713496,
0.00112839268457005,0.0015045235794266),.UNSPECIFIED.);
#7433=B_SPLINE_CURVE_WITH_KNOTS('',3,(#13085,#13086,#13087,#13088,#13089,
#13090),.UNSPECIFIED.,.F.,.F.,(4,1,1,4),(4.20608963050901E-17,0.000341353235325593,
0.000682706470651144,0.00136541294130225),.UNSPECIFIED.);
#7434=B_SPLINE_CURVE_WITH_KNOTS('',3,(#13097,#13098,#13099,#13100,#13101,
#13102,#13103,#13104,#13105),.UNSPECIFIED.,.F.,.F.,(4,1,1,1,1,1,4),(0.00118582477846285,
0.00492646154221698,0.00679677992409405,0.00866709830597111,0.0105374166878482,
0.0124077350697252,0.0161483718334794),.UNSPECIFIED.);
#7435=B_SPLINE_CURVE_WITH_KNOTS('',3,(#13180,#13181,#13182,#13183,#13184,
#13185,#13186,#13187,#13188,#13189,#13190),.UNSPECIFIED.,.T.,.F.,(1,1,1,
1,1,1,1,1,1,1,1,1,1,1,1),(-0.375,-0.25,-0.125,0.,0.125,0.25,0.375,0.500000000000001,
0.625000000000001,0.750000000000001,0.875000000000001,1.,1.125,1.25,1.375),
 .UNSPECIFIED.);
#7436=B_SPLINE_CURVE_WITH_KNOTS('',3,(#13192,#13193,#13194,#13195,#13196,
#13197,#13198,#13199,#13200,#13201,#13202),.UNSPECIFIED.,.T.,.F.,(1,1,1,
1,1,1,1,1,1,1,1,1,1,1,1),(-0.00563713916403207,-0.00375809277602137,-0.00187904638801068,
7.83331380150977E-18,0.0018790463880107,0.00375809277602139,0.00563713916403208,
0.00751618555204277,0.00939523194005347,0.0112742783280642,0.0131533247160748,
0.0150323711040855,0.0169114174920962,0.0187904638801069,0.0206695102681176),
 .UNSPECIFIED.);
#7437=B_SPLINE_CURVE_WITH_KNOTS('',3,(#13272,#13273,#13274,#13275),
 .UNSPECIFIED.,.F.,.F.,(4,4),(0.0114597526847022,0.0177429221611905),
 .UNSPECIFIED.);
#7438=B_SPLINE_CURVE_WITH_KNOTS('',3,(#13277,#13278,#13279,#13280),
 .UNSPECIFIED.,.F.,.F.,(4,4),(0.0115685193653102,0.0185415810128324),
 .UNSPECIFIED.);
#7439=B_SPLINE_CURVE_WITH_KNOTS('',3,(#13287,#13288,#13289,#13290),
 .UNSPECIFIED.,.F.,.F.,(4,4),(0.0799977114464417,0.0812699874842189),
 .UNSPECIFIED.);
#7440=B_SPLINE_CURVE_WITH_KNOTS('',3,(#13292,#13293,#13294,#13295),
 .UNSPECIFIED.,.F.,.F.,(4,4),(4.66766349428497E-17,0.00366346146470736),
 .UNSPECIFIED.);
#7441=B_SPLINE_CURVE_WITH_KNOTS('',3,(#13296,#13297,#13298,#13299,#13300),
 .UNSPECIFIED.,.F.,.F.,(4,1,4),(-0.00951434321773071,-0.00373768943622679,
0.00203896434527713),.UNSPECIFIED.);
#7442=B_SPLINE_CURVE_WITH_KNOTS('',3,(#13303,#13304,#13305,#13306,#13307,
#13308,#13309,#13310),.UNSPECIFIED.,.F.,.F.,(4,1,1,1,1,4),(2.79715755706988E-17,
0.00056856686993672,0.00113713373987341,0.0017057006098101,0.00198998404477845,
0.0022742674797468),.UNSPECIFIED.);
#7443=B_SPLINE_CURVE_WITH_KNOTS('',3,(#13311,#13312,#13313,#13314,#13315,
#13316,#13317,#13318),.UNSPECIFIED.,.F.,.F.,(4,1,1,1,1,4),(1.73472347597681E-18,
0.000289501312102104,0.000579002624204206,0.00115800524840841,0.00173700787261262,
0.00231601049681682),.UNSPECIFIED.);
#7444=B_SPLINE_CURVE_WITH_KNOTS('',3,(#13396,#13397,#13398,#13399),
 .UNSPECIFIED.,.F.,.F.,(4,4),(0.,5.78855061825536E-5),.UNSPECIFIED.);
#7445=B_SPLINE_CURVE_WITH_KNOTS('',3,(#13410,#13411,#13412,#13413),
 .UNSPECIFIED.,.F.,.F.,(4,4),(0.,0.00305285663284575),.UNSPECIFIED.);
#7446=B_SPLINE_CURVE_WITH_KNOTS('',3,(#13416,#13417,#13418,#13419),
 .UNSPECIFIED.,.F.,.F.,(4,4),(0.0116058072394224,0.0145107707373491),
 .UNSPECIFIED.);
#7447=B_SPLINE_CURVE_WITH_KNOTS('',3,(#13421,#13422,#13423,#13424,#13425,
#13426,#13427,#13428,#13429,#13430,#13431),.UNSPECIFIED.,.T.,.F.,(1,1,1,
1,1,1,1,1,1,1,1,1,1,1,1),(-0.00241818538376437,-0.00161212325259496,-0.00080606112142554,
1.00974387485771E-9,0.000806063140913289,0.0016121252720827,0.00241818740325212,
0.00322424953442153,0.00403031166559095,0.00483637379676036,0.00564243592792978,
0.00644849805909919,0.00725456019026861,0.00806062232143802,0.00886668445260744),
 .UNSPECIFIED.);
#7448=B_SPLINE_CURVE_WITH_KNOTS('',3,(#13433,#13434,#13435,#13436),
 .UNSPECIFIED.,.F.,.F.,(4,4),(0.0192432158216565,0.0220450664777725),
 .UNSPECIFIED.);
#7449=B_SPLINE_CURVE_WITH_KNOTS('',3,(#13438,#13439,#13440,#13441),
 .UNSPECIFIED.,.F.,.F.,(4,4),(0.0203762833365826,0.0220676671922727),
 .UNSPECIFIED.);
#7450=B_SPLINE_CURVE_WITH_KNOTS('',3,(#13443,#13444,#13445,#13446),
 .UNSPECIFIED.,.F.,.F.,(4,4),(0.000124743701483671,0.000561473271433097),
 .UNSPECIFIED.);
#7451=B_SPLINE_CURVE_WITH_KNOTS('',3,(#13448,#13449,#13450,#13451),
 .UNSPECIFIED.,.F.,.F.,(4,4),(2.32299164754599E-16,0.00116909843453361),
 .UNSPECIFIED.);
#7452=B_SPLINE_CURVE_WITH_KNOTS('',3,(#13453,#13454,#13455,#13456,#13457,
#13458,#13459),.UNSPECIFIED.,.F.,.F.,(4,1,1,1,4),(1.73472347597681E-18,
0.00167998769914797,0.00335997539829594,0.0050399630974439,0.00671995079659187),
 .UNSPECIFIED.);
#7453=B_SPLINE_CURVE_WITH_KNOTS('',3,(#13461,#13462,#13463,#13464),
 .UNSPECIFIED.,.F.,.F.,(4,4),(0.0215880877162035,0.0222071885259498),
 .UNSPECIFIED.);
#7454=B_SPLINE_CURVE_WITH_KNOTS('',3,(#13466,#13467,#13468,#13469),
 .UNSPECIFIED.,.F.,.F.,(4,4),(0.00657417015861386,0.0161907244317335),
 .UNSPECIFIED.);
#7455=B_SPLINE_CURVE_WITH_KNOTS('',3,(#13473,#13474,#13475,#13476),
 .UNSPECIFIED.,.F.,.F.,(4,4),(0.,0.00109802741607227),.UNSPECIFIED.);
#7456=B_SPLINE_CURVE_WITH_KNOTS('',3,(#13637,#13638,#13639,#13640),
 .UNSPECIFIED.,.F.,.F.,(4,4),(0.,0.000390883340845227),.UNSPECIFIED.);
#7457=B_SPLINE_CURVE_WITH_KNOTS('',3,(#13644,#13645,#13646,#13647),
 .UNSPECIFIED.,.F.,.F.,(4,4),(3.46944695195361E-18,0.000544210356692706),
 .UNSPECIFIED.);
#7458=B_SPLINE_CURVE_WITH_KNOTS('',3,(#13730,#13731,#13732,#13733),
 .UNSPECIFIED.,.F.,.F.,(4,4),(0.,0.000594626120071164),.UNSPECIFIED.);
#7459=B_SPLINE_CURVE_WITH_KNOTS('',3,(#13737,#13738,#13739,#13740),
 .UNSPECIFIED.,.F.,.F.,(4,4),(4.9065389333868E-18,0.00105746952931839),
 .UNSPECIFIED.);
#7460=B_SPLINE_CURVE_WITH_KNOTS('',3,(#13744,#13745,#13746,#13747),
 .UNSPECIFIED.,.F.,.F.,(4,4),(3.46944695195361E-18,0.000745630792243128),
 .UNSPECIFIED.);
#7461=B_SPLINE_CURVE_WITH_KNOTS('',3,(#13803,#13804,#13805,#13806),
 .UNSPECIFIED.,.F.,.F.,(4,4),(4.9065389333868E-18,0.000746160482982663),
 .UNSPECIFIED.);
#7462=B_SPLINE_CURVE_WITH_KNOTS('',3,(#13810,#13811,#13812,#13813),
 .UNSPECIFIED.,.F.,.F.,(4,4),(0.,0.00106688311477748),.UNSPECIFIED.);
#7463=B_SPLINE_CURVE_WITH_KNOTS('',3,(#13817,#13818,#13819,#13820),
 .UNSPECIFIED.,.F.,.F.,(4,4),(3.46944695195361E-18,0.000596849879910802),
 .UNSPECIFIED.);
#7464=B_SPLINE_CURVE_WITH_KNOTS('',3,(#13879,#13880,#13881,#13882),
 .UNSPECIFIED.,.F.,.F.,(4,4),(0.,2.26147075773867E-5),.UNSPECIFIED.);
#7465=B_SPLINE_CURVE_WITH_KNOTS('',3,(#13891,#13892,#13893,#13894),
 .UNSPECIFIED.,.F.,.F.,(4,4),(0.,0.00163987178153847),.UNSPECIFIED.);
#7466=B_SPLINE_CURVE_WITH_KNOTS('',3,(#13926,#13927,#13928,#13929,#13930),
 .UNSPECIFIED.,.F.,.F.,(4,1,4),(0.,0.00428253328705553,0.00856506657411106),
 .UNSPECIFIED.);
#7467=B_SPLINE_CURVE_WITH_KNOTS('',3,(#13934,#13935,#13936,#13937),
 .UNSPECIFIED.,.F.,.F.,(4,4),(0.,0.000517142866110908),.UNSPECIFIED.);
#7468=B_SPLINE_CURVE_WITH_KNOTS('',3,(#13942,#13943,#13944,#13945),
 .UNSPECIFIED.,.F.,.F.,(4,4),(0.00166422799877022,0.00431431507913274),
 .UNSPECIFIED.);
#7469=B_SPLINE_CURVE_WITH_KNOTS('',3,(#13950,#13951,#13952,#13953),
 .UNSPECIFIED.,.F.,.F.,(4,4),(0.,0.00892905734757845),.UNSPECIFIED.);
#7470=B_SPLINE_CURVE_WITH_KNOTS('',3,(#13957,#13958,#13959,#13960),
 .UNSPECIFIED.,.F.,.F.,(4,4),(2.28990069656919E-17,0.00324664705532895),
 .UNSPECIFIED.);
#7471=B_SPLINE_CURVE_WITH_KNOTS('',3,(#13998,#13999,#14000,#14001,#14002,
#14003,#14004),.UNSPECIFIED.,.F.,.F.,(4,1,1,1,4),(0.,0.00420014326124096,
0.00840028652248191,0.0126004297837229,0.0168005730449638),
 .UNSPECIFIED.);
#7472=B_SPLINE_CURVE_WITH_KNOTS('',3,(#14006,#14007,#14008,#14009,#14010),
 .UNSPECIFIED.,.F.,.F.,(4,1,4),(0.,0.00505056880179736,0.0101011376035947),
 .UNSPECIFIED.);
#7473=B_SPLINE_CURVE_WITH_KNOTS('',3,(#14014,#14015,#14016,#14017,#14018),
 .UNSPECIFIED.,.F.,.F.,(4,1,4),(4.77048955893622E-18,0.00442603382285165,
0.00885206764570329),.UNSPECIFIED.);
#7474=B_SPLINE_CURVE_WITH_KNOTS('',3,(#14019,#14020,#14021,#14022,#14023),
 .UNSPECIFIED.,.F.,.F.,(4,1,4),(0.,0.00436025531636863,0.00872051063273725),
 .UNSPECIFIED.);
#7475=B_SPLINE_CURVE_WITH_KNOTS('',3,(#14152,#14153,#14154,#14155),
 .UNSPECIFIED.,.F.,.F.,(4,4),(2.60208521396521E-18,0.00623048230884934),
 .UNSPECIFIED.);
#7476=B_SPLINE_CURVE_WITH_KNOTS('',3,(#14163,#14164,#14165,#14166),
 .UNSPECIFIED.,.F.,.F.,(4,4),(0.,0.00591557792468118),.UNSPECIFIED.);
#7477=B_SPLINE_CURVE_WITH_KNOTS('',3,(#14852,#14853,#14854,#14855),
 .UNSPECIFIED.,.F.,.F.,(4,4),(0.,0.0010931462918991),.UNSPECIFIED.);
#7478=B_SPLINE_CURVE_WITH_KNOTS('',3,(#14861,#14862,#14863,#14864),
 .UNSPECIFIED.,.F.,.F.,(4,4),(0.,0.00250001512421165),.UNSPECIFIED.);
#7479=B_SPLINE_CURVE_WITH_KNOTS('',3,(#14870,#14871,#14872,#14873),
 .UNSPECIFIED.,.F.,.F.,(4,4),(0.,0.00109340816866967),.UNSPECIFIED.);
#7480=B_SPLINE_CURVE_WITH_KNOTS('',3,(#14885,#14886,#14887,#14888),
 .UNSPECIFIED.,.F.,.F.,(4,4),(0.,0.00109663120391135),.UNSPECIFIED.);
#7481=EDGE_LOOP('',(#2606,#2607,#2608,#2609,#2610,#2611));
#7482=EDGE_LOOP('',(#2612,#2613,#2614,#2615,#2616,#2617,#2618,#2619));
#7483=EDGE_LOOP('',(#2620,#2621,#2622,#2623,#2624,#2625,#2626,#2627,#2628));
#7484=EDGE_LOOP('',(#2629,#2630));
#7485=EDGE_LOOP('',(#2631,#2632,#2633,#2634));
#7486=EDGE_LOOP('',(#2635,#2636,#2637,#2638,#2639,#2640,#2641,#2642,#2643));
#7487=EDGE_LOOP('',(#2644,#2645,#2646,#2647,#2648,#2649,#2650,#2651,#2652,
#2653));
#7488=EDGE_LOOP('',(#2654,#2655,#2656,#2657,#2658,#2659));
#7489=EDGE_LOOP('',(#2660,#2661,#2662,#2663,#2664,#2665));
#7490=EDGE_LOOP('',(#2666,#2667,#2668,#2669,#2670,#2671,#2672,#2673,#2674));
#7491=EDGE_LOOP('',(#2675,#2676,#2677,#2678));
#7492=EDGE_LOOP('',(#2679,#2680,#2681,#2682,#2683,#2684,#2685));
#7493=EDGE_LOOP('',(#2686,#2687,#2688,#2689,#2690,#2691,#2692,#2693,#2694));
#7494=EDGE_LOOP('',(#2695,#2696,#2697,#2698));
#7495=EDGE_LOOP('',(#2699));
#7496=EDGE_LOOP('',(#2700,#2701));
#7497=EDGE_LOOP('',(#2702,#2703,#2704,#2705));
#7498=EDGE_LOOP('',(#2706,#2707,#2708,#2709,#2710,#2711));
#7499=EDGE_LOOP('',(#2712));
#7500=EDGE_LOOP('',(#2713));
#7501=EDGE_LOOP('',(#2714));
#7502=EDGE_LOOP('',(#2715));
#7503=EDGE_LOOP('',(#2716));
#7504=EDGE_LOOP('',(#2717));
#7505=EDGE_LOOP('',(#2718));
#7506=EDGE_LOOP('',(#2719));
#7507=EDGE_LOOP('',(#2720,#2721,#2722,#2723,#2724,#2725));
#7508=EDGE_LOOP('',(#2726));
#7509=EDGE_LOOP('',(#2727));
#7510=EDGE_LOOP('',(#2728,#2729,#2730,#2731,#2732,#2733,#2734,#2735,#2736));
#7511=EDGE_LOOP('',(#2737));
#7512=EDGE_LOOP('',(#2738,#2739,#2740,#2741,#2742,#2743));
#7513=EDGE_LOOP('',(#2744,#2745,#2746,#2747,#2748,#2749));
#7514=EDGE_LOOP('',(#2750,#2751,#2752,#2753,#2754,#2755));
#7515=EDGE_LOOP('',(#2756,#2757,#2758,#2759,#2760,#2761));
#7516=EDGE_LOOP('',(#2762,#2763,#2764,#2765));
#7517=EDGE_LOOP('',(#2766,#2767,#2768,#2769));
#7518=EDGE_LOOP('',(#2770,#2771,#2772,#2773));
#7519=EDGE_LOOP('',(#2774,#2775,#2776,#2777));
#7520=EDGE_LOOP('',(#2778,#2779,#2780,#2781));
#7521=EDGE_LOOP('',(#2782,#2783,#2784,#2785,#2786,#2787,#2788));
#7522=EDGE_LOOP('',(#2789,#2790,#2791,#2792));
#7523=EDGE_LOOP('',(#2793));
#7524=EDGE_LOOP('',(#2794,#2795,#2796,#2797,#2798,#2799,#2800,#2801,#2802,
#2803,#2804));
#7525=EDGE_LOOP('',(#2805,#2806,#2807,#2808,#2809,#2810,#2811,#2812,#2813));
#7526=EDGE_LOOP('',(#2814));
#7527=EDGE_LOOP('',(#2815,#2816,#2817,#2818));
#7528=EDGE_LOOP('',(#2819,#2820,#2821,#2822,#2823,#2824,#2825,#2826));
#7529=EDGE_LOOP('',(#2827,#2828,#2829,#2830));
#7530=EDGE_LOOP('',(#2831,#2832,#2833,#2834));
#7531=EDGE_LOOP('',(#2835,#2836,#2837,#2838));
#7532=EDGE_LOOP('',(#2839,#2840,#2841,#2842));
#7533=EDGE_LOOP('',(#2843,#2844,#2845,#2846));
#7534=EDGE_LOOP('',(#2847,#2848,#2849,#2850));
#7535=EDGE_LOOP('',(#2851,#2852,#2853,#2854));
#7536=EDGE_LOOP('',(#2855,#2856,#2857,#2858));
#7537=EDGE_LOOP('',(#2859,#2860,#2861,#2862,#2863,#2864,#2865,#2866,#2867,
#2868));
#7538=EDGE_LOOP('',(#2869,#2870,#2871,#2872,#2873,#2874,#2875));
#7539=EDGE_LOOP('',(#2876,#2877,#2878,#2879,#2880));
#7540=EDGE_LOOP('',(#2881,#2882,#2883,#2884,#2885,#2886,#2887,#2888,#2889,
#2890,#2891,#2892));
#7541=EDGE_LOOP('',(#2893));
#7542=EDGE_LOOP('',(#2894,#2895,#2896,#2897,#2898));
#7543=EDGE_LOOP('',(#2899,#2900,#2901,#2902,#2903,#2904));
#7544=EDGE_LOOP('',(#2905,#2906,#2907,#2908,#2909,#2910,#2911,#2912,#2913,
#2914));
#7545=EDGE_LOOP('',(#2915,#2916,#2917,#2918,#2919,#2920));
#7546=EDGE_LOOP('',(#2921,#2922,#2923,#2924));
#7547=EDGE_LOOP('',(#2925));
#7548=EDGE_LOOP('',(#2926));
#7549=EDGE_LOOP('',(#2927,#2928,#2929,#2930,#2931,#2932,#2933));
#7550=EDGE_LOOP('',(#2934,#2935,#2936,#2937,#2938,#2939,#2940));
#7551=EDGE_LOOP('',(#2941,#2942,#2943,#2944,#2945,#2946,#2947,#2948,#2949,
#2950,#2951,#2952,#2953,#2954,#2955,#2956,#2957));
#7552=EDGE_LOOP('',(#2958,#2959,#2960,#2961));
#7553=EDGE_LOOP('',(#2962,#2963,#2964,#2965));
#7554=EDGE_LOOP('',(#2966,#2967,#2968,#2969,#2970));
#7555=EDGE_LOOP('',(#2971,#2972,#2973,#2974,#2975,#2976,#2977,#2978,#2979,
#2980,#2981,#2982,#2983,#2984));
#7556=EDGE_LOOP('',(#2985,#2986,#2987,#2988,#2989,#2990));
#7557=EDGE_LOOP('',(#2991,#2992,#2993,#2994,#2995,#2996,#2997,#2998,#2999));
#7558=EDGE_LOOP('',(#3000,#3001,#3002,#3003));
#7559=EDGE_LOOP('',(#3004,#3005,#3006,#3007,#3008));
#7560=EDGE_LOOP('',(#3009,#3010,#3011,#3012));
#7561=EDGE_LOOP('',(#3013,#3014,#3015,#3016));
#7562=EDGE_LOOP('',(#3017,#3018,#3019,#3020));
#7563=EDGE_LOOP('',(#3021,#3022,#3023,#3024));
#7564=EDGE_LOOP('',(#3025,#3026,#3027,#3028));
#7565=EDGE_LOOP('',(#3029,#3030,#3031,#3032));
#7566=EDGE_LOOP('',(#3033,#3034,#3035,#3036,#3037,#3038,#3039));
#7567=EDGE_LOOP('',(#3040,#3041,#3042,#3043,#3044,#3045,#3046,#3047));
#7568=EDGE_LOOP('',(#3048,#3049,#3050,#3051,#3052));
#7569=EDGE_LOOP('',(#3053,#3054,#3055));
#7570=EDGE_LOOP('',(#3056,#3057,#3058,#3059));
#7571=EDGE_LOOP('',(#3060,#3061,#3062,#3063,#3064,#3065));
#7572=EDGE_LOOP('',(#3066,#3067,#3068,#3069));
#7573=EDGE_LOOP('',(#3070,#3071,#3072,#3073));
#7574=EDGE_LOOP('',(#3074,#3075,#3076,#3077));
#7575=EDGE_LOOP('',(#3078,#3079,#3080,#3081));
#7576=EDGE_LOOP('',(#3082,#3083,#3084,#3085));
#7577=EDGE_LOOP('',(#3086,#3087,#3088,#3089));
#7578=EDGE_LOOP('',(#3090,#3091));
#7579=EDGE_LOOP('',(#3092));
#7580=EDGE_LOOP('',(#3093,#3094,#3095,#3096));
#7581=EDGE_LOOP('',(#3097,#3098,#3099,#3100));
#7582=EDGE_LOOP('',(#3101,#3102,#3103,#3104));
#7583=EDGE_LOOP('',(#3105,#3106,#3107,#3108));
#7584=EDGE_LOOP('',(#3109,#3110,#3111,#3112));
#7585=EDGE_LOOP('',(#3113,#3114,#3115,#3116));
#7586=EDGE_LOOP('',(#3117,#3118,#3119,#3120,#3121));
#7587=EDGE_LOOP('',(#3122,#3123,#3124,#3125,#3126,#3127,#3128,#3129,#3130));
#7588=EDGE_LOOP('',(#3131,#3132,#3133,#3134));
#7589=EDGE_LOOP('',(#3135,#3136,#3137,#3138,#3139,#3140,#3141,#3142,#3143));
#7590=EDGE_LOOP('',(#3144,#3145,#3146,#3147));
#7591=EDGE_LOOP('',(#3148,#3149,#3150,#3151,#3152,#3153,#3154,#3155));
#7592=EDGE_LOOP('',(#3156,#3157,#3158,#3159,#3160,#3161));
#7593=EDGE_LOOP('',(#3162,#3163,#3164,#3165,#3166,#3167,#3168,#3169,#3170,
#3171,#3172,#3173,#3174,#3175,#3176,#3177,#3178,#3179,#3180,#3181,#3182,
#3183,#3184,#3185,#3186,#3187,#3188));
#7594=EDGE_LOOP('',(#3189,#3190,#3191,#3192));
#7595=EDGE_LOOP('',(#3193,#3194,#3195,#3196));
#7596=EDGE_LOOP('',(#3197,#3198,#3199,#3200,#3201,#3202));
#7597=EDGE_LOOP('',(#3203,#3204,#3205,#3206,#3207,#3208,#3209,#3210));
#7598=EDGE_LOOP('',(#3211,#3212,#3213,#3214));
#7599=EDGE_LOOP('',(#3215,#3216,#3217,#3218));
#7600=EDGE_LOOP('',(#3219,#3220,#3221,#3222));
#7601=EDGE_LOOP('',(#3223,#3224,#3225,#3226));
#7602=EDGE_LOOP('',(#3227,#3228,#3229,#3230,#3231,#3232,#3233,#3234));
#7603=EDGE_LOOP('',(#3235,#3236));
#7604=EDGE_LOOP('',(#3237));
#7605=EDGE_LOOP('',(#3238));
#7606=EDGE_LOOP('',(#3239,#3240,#3241,#3242,#3243,#3244));
#7607=EDGE_LOOP('',(#3245,#3246,#3247,#3248,#3249,#3250,#3251,#3252,#3253,
#3254,#3255,#3256,#3257));
#7608=EDGE_LOOP('',(#3258,#3259,#3260,#3261,#3262));
#7609=EDGE_LOOP('',(#3263,#3264,#3265,#3266,#3267,#3268,#3269));
#7610=EDGE_LOOP('',(#3270,#3271,#3272,#3273,#3274));
#7611=EDGE_LOOP('',(#3275,#3276,#3277,#3278));
#7612=EDGE_LOOP('',(#3279,#3280,#3281,#3282));
#7613=EDGE_LOOP('',(#3283,#3284,#3285,#3286));
#7614=EDGE_LOOP('',(#3287,#3288,#3289,#3290,#3291));
#7615=EDGE_LOOP('',(#3292,#3293,#3294));
#7616=EDGE_LOOP('',(#3295,#3296,#3297,#3298));
#7617=EDGE_LOOP('',(#3299,#3300,#3301,#3302));
#7618=EDGE_LOOP('',(#3303,#3304,#3305,#3306));
#7619=EDGE_LOOP('',(#3307,#3308,#3309,#3310));
#7620=EDGE_LOOP('',(#3311,#3312,#3313,#3314));
#7621=EDGE_LOOP('',(#3315,#3316,#3317,#3318,#3319,#3320));
#7622=EDGE_LOOP('',(#3321,#3322,#3323,#3324,#3325,#3326,#3327));
#7623=EDGE_LOOP('',(#3328,#3329,#3330,#3331,#3332));
#7624=EDGE_LOOP('',(#3333,#3334,#3335,#3336));
#7625=EDGE_LOOP('',(#3337,#3338,#3339,#3340,#3341,#3342));
#7626=EDGE_LOOP('',(#3343,#3344,#3345,#3346));
#7627=EDGE_LOOP('',(#3347,#3348,#3349,#3350));
#7628=EDGE_LOOP('',(#3351,#3352,#3353,#3354));
#7629=EDGE_LOOP('',(#3355,#3356,#3357,#3358,#3359,#3360));
#7630=EDGE_LOOP('',(#3361,#3362,#3363,#3364));
#7631=EDGE_LOOP('',(#3365,#3366,#3367,#3368));
#7632=EDGE_LOOP('',(#3369,#3370,#3371,#3372,#3373,#3374,#3375,#3376,#3377,
#3378,#3379,#3380));
#7633=EDGE_LOOP('',(#3381,#3382,#3383,#3384,#3385));
#7634=EDGE_LOOP('',(#3386,#3387,#3388,#3389,#3390,#3391));
#7635=EDGE_LOOP('',(#3392,#3393,#3394,#3395,#3396));
#7636=EDGE_LOOP('',(#3397,#3398,#3399,#3400));
#7637=EDGE_LOOP('',(#3401,#3402,#3403,#3404));
#7638=EDGE_LOOP('',(#3405,#3406,#3407,#3408));
#7639=EDGE_LOOP('',(#3409));
#7640=EDGE_LOOP('',(#3410,#3411,#3412,#3413,#3414,#3415));
#7641=EDGE_LOOP('',(#3416,#3417,#3418,#3419));
#7642=EDGE_LOOP('',(#3420,#3421,#3422));
#7643=EDGE_LOOP('',(#3423,#3424,#3425,#3426,#3427));
#7644=EDGE_LOOP('',(#3428,#3429,#3430,#3431));
#7645=EDGE_LOOP('',(#3432,#3433,#3434));
#7646=EDGE_LOOP('',(#3435,#3436,#3437,#3438,#3439,#3440,#3441,#3442,#3443));
#7647=EDGE_LOOP('',(#3444,#3445,#3446,#3447,#3448,#3449));
#7648=EDGE_LOOP('',(#3450,#3451,#3452,#3453,#3454,#3455,#3456,#3457));
#7649=EDGE_LOOP('',(#3458,#3459,#3460,#3461,#3462,#3463,#3464,#3465,#3466,
#3467,#3468,#3469,#3470));
#7650=EDGE_LOOP('',(#3471,#3472,#3473,#3474,#3475,#3476));
#7651=EDGE_LOOP('',(#3477,#3478,#3479,#3480,#3481,#3482,#3483,#3484,#3485,
#3486,#3487,#3488));
#7652=EDGE_LOOP('',(#3489,#3490));
#7653=EDGE_LOOP('',(#3491,#3492));
#7654=EDGE_LOOP('',(#3493,#3494));
#7655=EDGE_LOOP('',(#3495,#3496,#3497,#3498,#3499,#3500,#3501));
#7656=EDGE_LOOP('',(#3502,#3503,#3504,#3505));
#7657=EDGE_LOOP('',(#3506,#3507,#3508,#3509));
#7658=EDGE_LOOP('',(#3510,#3511,#3512,#3513));
#7659=EDGE_LOOP('',(#3514,#3515,#3516,#3517));
#7660=EDGE_LOOP('',(#3518,#3519,#3520,#3521));
#7661=EDGE_LOOP('',(#3522,#3523,#3524,#3525));
#7662=EDGE_LOOP('',(#3526,#3527,#3528,#3529));
#7663=EDGE_LOOP('',(#3530,#3531,#3532,#3533,#3534,#3535,#3536,#3537));
#7664=EDGE_LOOP('',(#3538,#3539,#3540,#3541,#3542,#3543,#3544,#3545));
#7665=EDGE_LOOP('',(#3546,#3547,#3548,#3549));
#7666=EDGE_LOOP('',(#3550,#3551,#3552,#3553,#3554));
#7667=EDGE_LOOP('',(#3555,#3556,#3557,#3558));
#7668=EDGE_LOOP('',(#3559,#3560,#3561,#3562,#3563,#3564,#3565,#3566,#3567));
#7669=EDGE_LOOP('',(#3568));
#7670=EDGE_LOOP('',(#3569));
#7671=EDGE_LOOP('',(#3570));
#7672=EDGE_LOOP('',(#3571,#3572));
#7673=EDGE_LOOP('',(#3573,#3574,#3575,#3576));
#7674=EDGE_LOOP('',(#3577,#3578));
#7675=EDGE_LOOP('',(#3579,#3580));
#7676=EDGE_LOOP('',(#3581,#3582,#3583,#3584));
#7677=EDGE_LOOP('',(#3585,#3586,#3587,#3588));
#7678=EDGE_LOOP('',(#3589,#3590,#3591,#3592,#3593));
#7679=EDGE_LOOP('',(#3594,#3595,#3596,#3597,#3598,#3599,#3600,#3601,#3602));
#7680=EDGE_LOOP('',(#3603,#3604,#3605,#3606,#3607));
#7681=EDGE_LOOP('',(#3608,#3609,#3610,#3611,#3612));
#7682=EDGE_LOOP('',(#3613,#3614,#3615,#3616));
#7683=EDGE_LOOP('',(#3617,#3618,#3619,#3620));
#7684=EDGE_LOOP('',(#3621,#3622,#3623,#3624));
#7685=EDGE_LOOP('',(#3625,#3626,#3627,#3628));
#7686=EDGE_LOOP('',(#3629,#3630,#3631,#3632));
#7687=EDGE_LOOP('',(#3633,#3634,#3635,#3636));
#7688=EDGE_LOOP('',(#3637,#3638,#3639,#3640));
#7689=EDGE_LOOP('',(#3641,#3642,#3643,#3644));
#7690=EDGE_LOOP('',(#3645,#3646,#3647,#3648,#3649,#3650));
#7691=EDGE_LOOP('',(#3651,#3652,#3653,#3654,#3655,#3656,#3657,#3658));
#7692=EDGE_LOOP('',(#3659,#3660,#3661,#3662));
#7693=EDGE_LOOP('',(#3663,#3664,#3665,#3666));
#7694=EDGE_LOOP('',(#3667,#3668,#3669,#3670,#3671,#3672,#3673,#3674));
#7695=EDGE_LOOP('',(#3675,#3676,#3677));
#7696=EDGE_LOOP('',(#3678,#3679,#3680,#3681));
#7697=EDGE_LOOP('',(#3682,#3683,#3684,#3685,#3686,#3687));
#7698=EDGE_LOOP('',(#3688,#3689,#3690,#3691));
#7699=EDGE_LOOP('',(#3692,#3693,#3694,#3695,#3696,#3697));
#7700=EDGE_LOOP('',(#3698,#3699,#3700,#3701));
#7701=EDGE_LOOP('',(#3702,#3703,#3704,#3705,#3706,#3707,#3708,#3709,#3710,
#3711,#3712,#3713,#3714,#3715,#3716,#3717,#3718));
#7702=EDGE_LOOP('',(#3719,#3720,#3721,#3722));
#7703=EDGE_LOOP('',(#3723,#3724,#3725,#3726,#3727));
#7704=EDGE_LOOP('',(#3728,#3729,#3730,#3731));
#7705=EDGE_LOOP('',(#3732,#3733,#3734,#3735));
#7706=EDGE_LOOP('',(#3736,#3737,#3738,#3739));
#7707=EDGE_LOOP('',(#3740,#3741,#3742,#3743));
#7708=EDGE_LOOP('',(#3744,#3745,#3746,#3747,#3748,#3749,#3750,#3751));
#7709=EDGE_LOOP('',(#3752,#3753,#3754,#3755,#3756,#3757));
#7710=EDGE_LOOP('',(#3758,#3759,#3760,#3761));
#7711=EDGE_LOOP('',(#3762,#3763,#3764,#3765));
#7712=EDGE_LOOP('',(#3766,#3767,#3768,#3769,#3770,#3771,#3772,#3773));
#7713=EDGE_LOOP('',(#3774,#3775,#3776,#3777));
#7714=EDGE_LOOP('',(#3778,#3779,#3780,#3781));
#7715=EDGE_LOOP('',(#3782,#3783,#3784,#3785));
#7716=EDGE_LOOP('',(#3786,#3787,#3788,#3789));
#7717=EDGE_LOOP('',(#3790,#3791,#3792,#3793,#3794,#3795,#3796,#3797,#3798,
#3799,#3800,#3801));
#7718=EDGE_LOOP('',(#3802,#3803,#3804,#3805));
#7719=EDGE_LOOP('',(#3806,#3807,#3808,#3809));
#7720=EDGE_LOOP('',(#3810,#3811,#3812,#3813));
#7721=EDGE_LOOP('',(#3814,#3815,#3816,#3817));
#7722=EDGE_LOOP('',(#3818,#3819,#3820,#3821));
#7723=EDGE_LOOP('',(#3822,#3823,#3824,#3825));
#7724=EDGE_LOOP('',(#3826,#3827,#3828,#3829));
#7725=EDGE_LOOP('',(#3830,#3831,#3832,#3833));
#7726=EDGE_LOOP('',(#3834,#3835,#3836,#3837));
#7727=EDGE_LOOP('',(#3838,#3839,#3840,#3841));
#7728=EDGE_LOOP('',(#3842,#3843,#3844,#3845));
#7729=EDGE_LOOP('',(#3846,#3847,#3848,#3849,#3850,#3851));
#7730=EDGE_LOOP('',(#3852));
#7731=EDGE_LOOP('',(#3853));
#7732=EDGE_LOOP('',(#3854,#3855));
#7733=EDGE_LOOP('',(#3856,#3857,#3858,#3859,#3860,#3861,#3862,#3863,#3864,
#3865,#3866));
#7734=EDGE_LOOP('',(#3867,#3868,#3869,#3870,#3871,#3872));
#7735=EDGE_LOOP('',(#3873,#3874,#3875,#3876,#3877,#3878));
#7736=EDGE_LOOP('',(#3879,#3880,#3881,#3882,#3883,#3884));
#7737=EDGE_LOOP('',(#3885,#3886,#3887,#3888,#3889,#3890));
#7738=EDGE_LOOP('',(#3891,#3892,#3893,#3894,#3895,#3896,#3897,#3898));
#7739=EDGE_LOOP('',(#3899,#3900,#3901,#3902,#3903,#3904));
#7740=EDGE_LOOP('',(#3905,#3906,#3907,#3908));
#7741=EDGE_LOOP('',(#3909,#3910,#3911,#3912));
#7742=EDGE_LOOP('',(#3913,#3914,#3915,#3916,#3917,#3918,#3919,#3920,#3921));
#7743=EDGE_LOOP('',(#3922,#3923,#3924,#3925,#3926,#3927,#3928,#3929,#3930,
#3931,#3932,#3933,#3934,#3935,#3936,#3937,#3938,#3939));
#7744=EDGE_LOOP('',(#3940,#3941,#3942,#3943));
#7745=EDGE_LOOP('',(#3944,#3945,#3946,#3947));
#7746=EDGE_LOOP('',(#3948,#3949,#3950,#3951,#3952));
#7747=EDGE_LOOP('',(#3953,#3954,#3955,#3956));
#7748=EDGE_LOOP('',(#3957,#3958,#3959,#3960,#3961));
#7749=EDGE_LOOP('',(#3962,#3963,#3964,#3965));
#7750=EDGE_LOOP('',(#3966,#3967,#3968,#3969));
#7751=EDGE_LOOP('',(#3970,#3971,#3972,#3973));
#7752=EDGE_LOOP('',(#3974,#3975,#3976,#3977,#3978));
#7753=EDGE_LOOP('',(#3979,#3980,#3981));
#7754=EDGE_LOOP('',(#3982,#3983,#3984,#3985));
#7755=EDGE_LOOP('',(#3986,#3987,#3988,#3989));
#7756=EDGE_LOOP('',(#3990,#3991,#3992,#3993));
#7757=EDGE_LOOP('',(#3994,#3995,#3996,#3997));
#7758=EDGE_LOOP('',(#3998,#3999,#4000,#4001));
#7759=EDGE_LOOP('',(#4002,#4003,#4004,#4005));
#7760=EDGE_LOOP('',(#4006,#4007,#4008,#4009));
#7761=EDGE_LOOP('',(#4010,#4011,#4012,#4013));
#7762=EDGE_LOOP('',(#4014,#4015,#4016,#4017));
#7763=EDGE_LOOP('',(#4018));
#7764=EDGE_LOOP('',(#4019));
#7765=EDGE_LOOP('',(#4020,#4021));
#7766=EDGE_LOOP('',(#4022));
#7767=EDGE_LOOP('',(#4023));
#7768=EDGE_LOOP('',(#4024));
#7769=EDGE_LOOP('',(#4025));
#7770=EDGE_LOOP('',(#4026,#4027));
#7771=EDGE_LOOP('',(#4028,#4029));
#7772=EDGE_LOOP('',(#4030));
#7773=EDGE_LOOP('',(#4031));
#7774=EDGE_LOOP('',(#4032));
#7775=EDGE_LOOP('',(#4033));
#7776=EDGE_LOOP('',(#4034));
#7777=EDGE_LOOP('',(#4035));
#7778=EDGE_LOOP('',(#4036));
#7779=EDGE_LOOP('',(#4037));
#7780=EDGE_LOOP('',(#4038,#4039));
#7781=EDGE_LOOP('',(#4040,#4041));
#7782=EDGE_LOOP('',(#4042));
#7783=EDGE_LOOP('',(#4043));
#7784=EDGE_LOOP('',(#4044,#4045));
#7785=EDGE_LOOP('',(#4046));
#7786=EDGE_LOOP('',(#4047));
#7787=EDGE_LOOP('',(#4048,#4049,#4050,#4051));
#7788=EDGE_LOOP('',(#4052,#4053,#4054,#4055));
#7789=EDGE_LOOP('',(#4056,#4057,#4058,#4059));
#7790=EDGE_LOOP('',(#4060,#4061,#4062,#4063));
#7791=EDGE_LOOP('',(#4064,#4065,#4066,#4067));
#7792=EDGE_LOOP('',(#4068,#4069,#4070,#4071));
#7793=EDGE_LOOP('',(#4072,#4073,#4074,#4075));
#7794=EDGE_LOOP('',(#4076,#4077,#4078,#4079));
#7795=EDGE_LOOP('',(#4080,#4081,#4082,#4083));
#7796=EDGE_LOOP('',(#4084,#4085,#4086,#4087));
#7797=EDGE_LOOP('',(#4088,#4089,#4090,#4091));
#7798=EDGE_LOOP('',(#4092,#4093,#4094,#4095));
#7799=EDGE_LOOP('',(#4096,#4097,#4098,#4099));
#7800=EDGE_LOOP('',(#4100,#4101,#4102,#4103));
#7801=EDGE_LOOP('',(#4104,#4105,#4106,#4107));
#7802=EDGE_LOOP('',(#4108,#4109,#4110,#4111));
#7803=EDGE_LOOP('',(#4112,#4113,#4114,#4115));
#7804=EDGE_LOOP('',(#4116,#4117,#4118,#4119));
#7805=EDGE_LOOP('',(#4120,#4121,#4122,#4123));
#7806=EDGE_LOOP('',(#4124,#4125,#4126,#4127));
#7807=EDGE_LOOP('',(#4128,#4129,#4130,#4131));
#7808=EDGE_LOOP('',(#4132,#4133,#4134,#4135));
#7809=EDGE_LOOP('',(#4136,#4137,#4138,#4139));
#7810=EDGE_LOOP('',(#4140,#4141,#4142,#4143));
#7811=EDGE_LOOP('',(#4144));
#7812=EDGE_LOOP('',(#4145,#4146,#4147,#4148));
#7813=EDGE_LOOP('',(#4149,#4150,#4151,#4152));
#7814=EDGE_LOOP('',(#4153,#4154,#4155,#4156));
#7815=EDGE_LOOP('',(#4157,#4158,#4159,#4160));
#7816=EDGE_LOOP('',(#4161,#4162,#4163,#4164));
#7817=EDGE_LOOP('',(#4165,#4166,#4167,#4168));
#7818=EDGE_LOOP('',(#4169,#4170,#4171,#4172));
#7819=EDGE_LOOP('',(#4173,#4174,#4175,#4176));
#7820=EDGE_LOOP('',(#4177,#4178,#4179,#4180));
#7821=EDGE_LOOP('',(#4181,#4182,#4183,#4184));
#7822=EDGE_LOOP('',(#4185,#4186,#4187,#4188));
#7823=EDGE_LOOP('',(#4189,#4190,#4191,#4192));
#7824=EDGE_LOOP('',(#4193,#4194,#4195,#4196));
#7825=EDGE_LOOP('',(#4197,#4198,#4199,#4200));
#7826=EDGE_LOOP('',(#4201,#4202,#4203,#4204));
#7827=EDGE_LOOP('',(#4205,#4206,#4207,#4208));
#7828=EDGE_LOOP('',(#4209,#4210,#4211,#4212));
#7829=EDGE_LOOP('',(#4213,#4214,#4215,#4216));
#7830=EDGE_LOOP('',(#4217,#4218,#4219,#4220));
#7831=EDGE_LOOP('',(#4221,#4222,#4223,#4224));
#7832=EDGE_LOOP('',(#4225,#4226,#4227,#4228));
#7833=EDGE_LOOP('',(#4229));
#7834=EDGE_LOOP('',(#4230));
#7835=EDGE_LOOP('',(#4231));
#7836=EDGE_LOOP('',(#4232,#4233,#4234,#4235));
#7837=EDGE_LOOP('',(#4236,#4237,#4238,#4239));
#7838=EDGE_LOOP('',(#4240,#4241,#4242,#4243));
#7839=EDGE_LOOP('',(#4244,#4245,#4246,#4247));
#7840=EDGE_LOOP('',(#4248,#4249,#4250,#4251));
#7841=EDGE_LOOP('',(#4252,#4253,#4254,#4255));
#7842=EDGE_LOOP('',(#4256,#4257,#4258,#4259));
#7843=EDGE_LOOP('',(#4260,#4261,#4262,#4263));
#7844=EDGE_LOOP('',(#4264,#4265,#4266,#4267));
#7845=EDGE_LOOP('',(#4268,#4269,#4270,#4271));
#7846=EDGE_LOOP('',(#4272,#4273,#4274,#4275));
#7847=EDGE_LOOP('',(#4276,#4277,#4278,#4279));
#7848=EDGE_LOOP('',(#4280,#4281,#4282,#4283));
#7849=EDGE_LOOP('',(#4284,#4285,#4286,#4287));
#7850=EDGE_LOOP('',(#4288,#4289,#4290,#4291));
#7851=EDGE_LOOP('',(#4292,#4293,#4294,#4295));
#7852=EDGE_LOOP('',(#4296,#4297,#4298,#4299));
#7853=EDGE_LOOP('',(#4300,#4301,#4302,#4303));
#7854=EDGE_LOOP('',(#4304,#4305,#4306,#4307));
#7855=EDGE_LOOP('',(#4308,#4309,#4310,#4311));
#7856=EDGE_LOOP('',(#4312));
#7857=EDGE_LOOP('',(#4313,#4314,#4315,#4316,#4317,#4318,#4319,#4320,#4321,
#4322,#4323,#4324,#4325,#4326,#4327,#4328,#4329,#4330,#4331,#4332,#4333,
#4334,#4335,#4336,#4337,#4338,#4339,#4340,#4341,#4342,#4343,#4344,#4345,
#4346,#4347,#4348,#4349,#4350,#4351,#4352,#4353,#4354,#4355,#4356,#4357,
#4358,#4359,#4360,#4361,#4362,#4363,#4364,#4365,#4366,#4367,#4368,#4369,
#4370,#4371,#4372,#4373,#4374,#4375,#4376,#4377,#4378,#4379,#4380,#4381,
#4382,#4383,#4384,#4385,#4386,#4387,#4388,#4389,#4390,#4391,#4392));
#7858=EDGE_LOOP('',(#4393,#4394,#4395,#4396,#4397));
#7859=EDGE_LOOP('',(#4398,#4399,#4400,#4401,#4402));
#7860=EDGE_LOOP('',(#4403,#4404,#4405,#4406));
#7861=EDGE_LOOP('',(#4407,#4408,#4409,#4410,#4411,#4412));
#7862=EDGE_LOOP('',(#4413,#4414,#4415,#4416,#4417,#4418));
#7863=EDGE_LOOP('',(#4419,#4420,#4421,#4422,#4423,#4424));
#7864=EDGE_LOOP('',(#4425,#4426,#4427,#4428,#4429));
#7865=EDGE_LOOP('',(#4430,#4431,#4432,#4433,#4434));
#7866=EDGE_LOOP('',(#4435,#4436,#4437,#4438));
#7867=EDGE_LOOP('',(#4439,#4440,#4441,#4442,#4443,#4444));
#7868=EDGE_LOOP('',(#4445,#4446,#4447,#4448,#4449));
#7869=EDGE_LOOP('',(#4450,#4451,#4452,#4453,#4454));
#7870=EDGE_LOOP('',(#4455,#4456,#4457,#4458));
#7871=EDGE_LOOP('',(#4459,#4460,#4461,#4462,#4463,#4464));
#7872=EDGE_LOOP('',(#4465,#4466,#4467,#4468,#4469));
#7873=EDGE_LOOP('',(#4470,#4471,#4472,#4473,#4474));
#7874=EDGE_LOOP('',(#4475,#4476,#4477,#4478));
#7875=EDGE_LOOP('',(#4479,#4480,#4481,#4482,#4483,#4484));
#7876=EDGE_LOOP('',(#4485,#4486,#4487,#4488,#4489,#4490));
#7877=EDGE_LOOP('',(#4491,#4492,#4493,#4494,#4495));
#7878=EDGE_LOOP('',(#4496,#4497,#4498,#4499,#4500));
#7879=EDGE_LOOP('',(#4501,#4502,#4503,#4504));
#7880=EDGE_LOOP('',(#4505,#4506,#4507,#4508,#4509,#4510));
#7881=EDGE_LOOP('',(#4511,#4512,#4513,#4514,#4515,#4516));
#7882=EDGE_LOOP('',(#4517,#4518,#4519,#4520,#4521));
#7883=EDGE_LOOP('',(#4522,#4523,#4524,#4525,#4526));
#7884=EDGE_LOOP('',(#4527,#4528,#4529,#4530));
#7885=EDGE_LOOP('',(#4531,#4532,#4533,#4534,#4535,#4536));
#7886=EDGE_LOOP('',(#4537,#4538,#4539,#4540,#4541,#4542));
#7887=EDGE_LOOP('',(#4543,#4544,#4545,#4546,#4547));
#7888=EDGE_LOOP('',(#4548,#4549,#4550,#4551,#4552));
#7889=EDGE_LOOP('',(#4553,#4554,#4555,#4556));
#7890=EDGE_LOOP('',(#4557,#4558,#4559,#4560,#4561,#4562));
#7891=EDGE_LOOP('',(#4563,#4564,#4565,#4566,#4567,#4568));
#7892=EDGE_LOOP('',(#4569,#4570,#4571,#4572,#4573));
#7893=EDGE_LOOP('',(#4574,#4575,#4576,#4577,#4578));
#7894=EDGE_LOOP('',(#4579,#4580,#4581,#4582));
#7895=EDGE_LOOP('',(#4583,#4584,#4585,#4586,#4587,#4588));
#7896=EDGE_LOOP('',(#4589,#4590,#4591,#4592,#4593,#4594));
#7897=EDGE_LOOP('',(#4595,#4596,#4597,#4598,#4599));
#7898=EDGE_LOOP('',(#4600,#4601,#4602,#4603,#4604));
#7899=EDGE_LOOP('',(#4605,#4606,#4607,#4608));
#7900=EDGE_LOOP('',(#4609,#4610,#4611,#4612,#4613,#4614));
#7901=EDGE_LOOP('',(#4615,#4616,#4617,#4618,#4619,#4620));
#7902=EDGE_LOOP('',(#4621,#4622,#4623,#4624,#4625));
#7903=EDGE_LOOP('',(#4626,#4627,#4628,#4629,#4630));
#7904=EDGE_LOOP('',(#4631,#4632,#4633,#4634));
#7905=EDGE_LOOP('',(#4635,#4636,#4637,#4638,#4639,#4640));
#7906=EDGE_LOOP('',(#4641,#4642,#4643,#4644,#4645,#4646));
#7907=EDGE_LOOP('',(#4647,#4648,#4649,#4650,#4651));
#7908=EDGE_LOOP('',(#4652,#4653,#4654,#4655,#4656));
#7909=EDGE_LOOP('',(#4657,#4658,#4659,#4660));
#7910=EDGE_LOOP('',(#4661,#4662,#4663,#4664,#4665,#4666));
#7911=EDGE_LOOP('',(#4667,#4668,#4669,#4670,#4671,#4672));
#7912=EDGE_LOOP('',(#4673,#4674,#4675,#4676,#4677));
#7913=EDGE_LOOP('',(#4678,#4679,#4680,#4681,#4682));
#7914=EDGE_LOOP('',(#4683,#4684,#4685,#4686));
#7915=EDGE_LOOP('',(#4687,#4688,#4689,#4690,#4691,#4692));
#7916=EDGE_LOOP('',(#4693,#4694,#4695,#4696,#4697,#4698));
#7917=EDGE_LOOP('',(#4699,#4700,#4701,#4702,#4703));
#7918=EDGE_LOOP('',(#4704,#4705,#4706,#4707,#4708));
#7919=EDGE_LOOP('',(#4709,#4710,#4711,#4712));
#7920=EDGE_LOOP('',(#4713,#4714,#4715,#4716,#4717,#4718));
#7921=EDGE_LOOP('',(#4719,#4720,#4721,#4722,#4723,#4724));
#7922=EDGE_LOOP('',(#4725,#4726,#4727,#4728,#4729));
#7923=EDGE_LOOP('',(#4730,#4731,#4732,#4733,#4734));
#7924=EDGE_LOOP('',(#4735,#4736,#4737,#4738));
#7925=EDGE_LOOP('',(#4739,#4740,#4741,#4742,#4743,#4744));
#7926=EDGE_LOOP('',(#4745,#4746,#4747,#4748,#4749,#4750));
#7927=EDGE_LOOP('',(#4751,#4752,#4753,#4754,#4755));
#7928=EDGE_LOOP('',(#4756,#4757,#4758,#4759,#4760));
#7929=EDGE_LOOP('',(#4761,#4762,#4763,#4764));
#7930=EDGE_LOOP('',(#4765,#4766,#4767,#4768,#4769,#4770));
#7931=EDGE_LOOP('',(#4771,#4772,#4773,#4774,#4775,#4776));
#7932=EDGE_LOOP('',(#4777,#4778,#4779,#4780,#4781));
#7933=EDGE_LOOP('',(#4782,#4783,#4784,#4785,#4786));
#7934=EDGE_LOOP('',(#4787,#4788,#4789,#4790));
#7935=EDGE_LOOP('',(#4791,#4792,#4793,#4794,#4795,#4796));
#7936=EDGE_LOOP('',(#4797,#4798,#4799,#4800,#4801,#4802));
#7937=EDGE_LOOP('',(#4803,#4804,#4805,#4806,#4807));
#7938=EDGE_LOOP('',(#4808,#4809,#4810,#4811,#4812));
#7939=EDGE_LOOP('',(#4813,#4814,#4815,#4816));
#7940=EDGE_LOOP('',(#4817,#4818,#4819,#4820,#4821,#4822));
#7941=EDGE_LOOP('',(#4823,#4824,#4825,#4826,#4827,#4828));
#7942=EDGE_LOOP('',(#4829,#4830,#4831,#4832,#4833));
#7943=EDGE_LOOP('',(#4834,#4835,#4836,#4837,#4838));
#7944=EDGE_LOOP('',(#4839,#4840,#4841,#4842));
#7945=EDGE_LOOP('',(#4843,#4844,#4845,#4846,#4847,#4848));
#7946=EDGE_LOOP('',(#4849,#4850,#4851,#4852,#4853,#4854));
#7947=EDGE_LOOP('',(#4855,#4856,#4857,#4858,#4859));
#7948=EDGE_LOOP('',(#4860,#4861,#4862,#4863,#4864));
#7949=EDGE_LOOP('',(#4865,#4866,#4867,#4868));
#7950=EDGE_LOOP('',(#4869,#4870,#4871,#4872,#4873,#4874));
#7951=EDGE_LOOP('',(#4875,#4876,#4877,#4878,#4879,#4880));
#7952=EDGE_LOOP('',(#4881,#4882,#4883,#4884,#4885));
#7953=EDGE_LOOP('',(#4886,#4887,#4888,#4889,#4890));
#7954=EDGE_LOOP('',(#4891,#4892,#4893,#4894));
#7955=EDGE_LOOP('',(#4895,#4896,#4897,#4898,#4899,#4900));
#7956=EDGE_LOOP('',(#4901,#4902,#4903,#4904,#4905,#4906));
#7957=EDGE_LOOP('',(#4907,#4908,#4909,#4910,#4911));
#7958=EDGE_LOOP('',(#4912,#4913,#4914,#4915,#4916));
#7959=EDGE_LOOP('',(#4917,#4918,#4919,#4920));
#7960=EDGE_LOOP('',(#4921,#4922,#4923,#4924,#4925,#4926));
#7961=EDGE_LOOP('',(#4927,#4928,#4929,#4930,#4931));
#7962=EDGE_LOOP('',(#4932,#4933,#4934,#4935,#4936));
#7963=EDGE_LOOP('',(#4937,#4938,#4939,#4940));
#7964=EDGE_LOOP('',(#4941,#4942,#4943,#4944,#4945));
#7965=EDGE_LOOP('',(#4946,#4947,#4948,#4949,#4950));
#7966=EDGE_LOOP('',(#4951,#4952,#4953,#4954));
#7967=EDGE_LOOP('',(#4955,#4956,#4957,#4958,#4959));
#7968=EDGE_LOOP('',(#4960,#4961,#4962,#4963,#4964));
#7969=EDGE_LOOP('',(#4965,#4966,#4967,#4968));
#7970=EDGE_LOOP('',(#4969,#4970,#4971,#4972,#4973));
#7971=EDGE_LOOP('',(#4974,#4975,#4976,#4977,#4978));
#7972=EDGE_LOOP('',(#4979,#4980,#4981,#4982));
#7973=EDGE_LOOP('',(#4983,#4984,#4985,#4986,#4987));
#7974=EDGE_LOOP('',(#4988,#4989,#4990,#4991,#4992));
#7975=EDGE_LOOP('',(#4993,#4994,#4995,#4996));
#7976=EDGE_LOOP('',(#4997,#4998,#4999,#5000,#5001));
#7977=EDGE_LOOP('',(#5002,#5003,#5004,#5005,#5006));
#7978=EDGE_LOOP('',(#5007,#5008,#5009,#5010));
#7979=EDGE_LOOP('',(#5011,#5012,#5013,#5014,#5015));
#7980=EDGE_LOOP('',(#5016,#5017,#5018,#5019,#5020));
#7981=EDGE_LOOP('',(#5021,#5022,#5023,#5024));
#7982=EDGE_LOOP('',(#5025,#5026,#5027,#5028,#5029));
#7983=EDGE_LOOP('',(#5030,#5031,#5032,#5033,#5034));
#7984=EDGE_LOOP('',(#5035,#5036,#5037,#5038));
#7985=EDGE_LOOP('',(#5039,#5040,#5041,#5042,#5043));
#7986=EDGE_LOOP('',(#5044,#5045,#5046,#5047,#5048));
#7987=EDGE_LOOP('',(#5049,#5050,#5051,#5052));
#7988=EDGE_LOOP('',(#5053,#5054,#5055,#5056,#5057));
#7989=EDGE_LOOP('',(#5058,#5059,#5060,#5061,#5062));
#7990=EDGE_LOOP('',(#5063,#5064,#5065,#5066));
#7991=EDGE_LOOP('',(#5067,#5068,#5069,#5070,#5071));
#7992=EDGE_LOOP('',(#5072,#5073,#5074,#5075,#5076));
#7993=EDGE_LOOP('',(#5077,#5078,#5079,#5080));
#7994=EDGE_LOOP('',(#5081,#5082,#5083,#5084,#5085));
#7995=EDGE_LOOP('',(#5086,#5087,#5088,#5089,#5090));
#7996=EDGE_LOOP('',(#5091,#5092,#5093,#5094));
#7997=EDGE_LOOP('',(#5095,#5096,#5097,#5098,#5099));
#7998=EDGE_LOOP('',(#5100,#5101,#5102,#5103,#5104));
#7999=EDGE_LOOP('',(#5105,#5106,#5107,#5108));
#8000=EDGE_LOOP('',(#5109,#5110,#5111,#5112,#5113));
#8001=EDGE_LOOP('',(#5114,#5115,#5116,#5117,#5118));
#8002=EDGE_LOOP('',(#5119,#5120,#5121,#5122));
#8003=EDGE_LOOP('',(#5123,#5124,#5125,#5126,#5127));
#8004=EDGE_LOOP('',(#5128,#5129,#5130,#5131,#5132));
#8005=EDGE_LOOP('',(#5133,#5134,#5135,#5136));
#8006=EDGE_LOOP('',(#5137,#5138,#5139,#5140,#5141));
#8007=EDGE_LOOP('',(#5142,#5143,#5144,#5145,#5146));
#8008=EDGE_LOOP('',(#5147,#5148,#5149,#5150));
#8009=EDGE_LOOP('',(#5151,#5152,#5153,#5154,#5155));
#8010=EDGE_LOOP('',(#5156,#5157,#5158,#5159,#5160));
#8011=EDGE_LOOP('',(#5161,#5162,#5163,#5164));
#8012=EDGE_LOOP('',(#5165,#5166,#5167,#5168,#5169));
#8013=EDGE_LOOP('',(#5170,#5171,#5172,#5173,#5174));
#8014=EDGE_LOOP('',(#5175,#5176,#5177,#5178));
#8015=EDGE_LOOP('',(#5179,#5180,#5181,#5182,#5183));
#8016=EDGE_LOOP('',(#5184,#5185,#5186,#5187,#5188));
#8017=EDGE_LOOP('',(#5189,#5190,#5191,#5192));
#8018=EDGE_LOOP('',(#5193,#5194,#5195,#5196,#5197,#5198,#5199,#5200,#5201,
#5202,#5203,#5204,#5205,#5206,#5207,#5208,#5209,#5210,#5211,#5212,#5213,
#5214,#5215,#5216,#5217,#5218,#5219,#5220,#5221,#5222,#5223,#5224,#5225,
#5226,#5227,#5228,#5229,#5230,#5231,#5232));
#8019=EDGE_LOOP('',(#5233));
#8020=EDGE_LOOP('',(#5234,#5235,#5236,#5237));
#8021=FACE_BOUND('',#7481,.T.);
#8022=FACE_BOUND('',#7482,.T.);
#8023=FACE_BOUND('',#7483,.T.);
#8024=FACE_BOUND('',#7484,.T.);
#8025=FACE_BOUND('',#7485,.T.);
#8026=FACE_BOUND('',#7486,.T.);
#8027=FACE_BOUND('',#7487,.T.);
#8028=FACE_BOUND('',#7488,.T.);
#8029=FACE_BOUND('',#7489,.T.);
#8030=FACE_BOUND('',#7490,.T.);
#8031=FACE_BOUND('',#7491,.T.);
#8032=FACE_BOUND('',#7492,.T.);
#8033=FACE_BOUND('',#7493,.T.);
#8034=FACE_BOUND('',#7494,.T.);
#8035=FACE_BOUND('',#7495,.T.);
#8036=FACE_BOUND('',#7496,.T.);
#8037=FACE_BOUND('',#7497,.T.);
#8038=FACE_BOUND('',#7498,.T.);
#8039=FACE_BOUND('',#7499,.T.);
#8040=FACE_BOUND('',#7500,.T.);
#8041=FACE_BOUND('',#7501,.T.);
#8042=FACE_BOUND('',#7502,.T.);
#8043=FACE_BOUND('',#7503,.T.);
#8044=FACE_BOUND('',#7504,.T.);
#8045=FACE_BOUND('',#7505,.T.);
#8046=FACE_BOUND('',#7506,.T.);
#8047=FACE_BOUND('',#7507,.T.);
#8048=FACE_BOUND('',#7508,.T.);
#8049=FACE_BOUND('',#7509,.T.);
#8050=FACE_BOUND('',#7510,.T.);
#8051=FACE_BOUND('',#7511,.T.);
#8052=FACE_BOUND('',#7512,.T.);
#8053=FACE_BOUND('',#7513,.T.);
#8054=FACE_BOUND('',#7514,.T.);
#8055=FACE_BOUND('',#7515,.T.);
#8056=FACE_BOUND('',#7516,.T.);
#8057=FACE_BOUND('',#7517,.T.);
#8058=FACE_BOUND('',#7518,.T.);
#8059=FACE_BOUND('',#7519,.T.);
#8060=FACE_BOUND('',#7520,.T.);
#8061=FACE_BOUND('',#7521,.T.);
#8062=FACE_BOUND('',#7522,.T.);
#8063=FACE_BOUND('',#7523,.T.);
#8064=FACE_BOUND('',#7524,.T.);
#8065=FACE_BOUND('',#7525,.T.);
#8066=FACE_BOUND('',#7526,.T.);
#8067=FACE_BOUND('',#7527,.T.);
#8068=FACE_BOUND('',#7528,.T.);
#8069=FACE_BOUND('',#7529,.T.);
#8070=FACE_BOUND('',#7530,.T.);
#8071=FACE_BOUND('',#7531,.T.);
#8072=FACE_BOUND('',#7532,.T.);
#8073=FACE_BOUND('',#7533,.T.);
#8074=FACE_BOUND('',#7534,.T.);
#8075=FACE_BOUND('',#7535,.T.);
#8076=FACE_BOUND('',#7536,.T.);
#8077=FACE_BOUND('',#7537,.T.);
#8078=FACE_BOUND('',#7538,.T.);
#8079=FACE_BOUND('',#7539,.T.);
#8080=FACE_BOUND('',#7540,.T.);
#8081=FACE_BOUND('',#7541,.T.);
#8082=FACE_BOUND('',#7542,.T.);
#8083=FACE_BOUND('',#7543,.T.);
#8084=FACE_BOUND('',#7544,.T.);
#8085=FACE_BOUND('',#7545,.T.);
#8086=FACE_BOUND('',#7546,.T.);
#8087=FACE_BOUND('',#7547,.T.);
#8088=FACE_BOUND('',#7548,.T.);
#8089=FACE_BOUND('',#7549,.T.);
#8090=FACE_BOUND('',#7550,.T.);
#8091=FACE_BOUND('',#7551,.T.);
#8092=FACE_BOUND('',#7552,.T.);
#8093=FACE_BOUND('',#7553,.T.);
#8094=FACE_BOUND('',#7554,.T.);
#8095=FACE_BOUND('',#7555,.T.);
#8096=FACE_BOUND('',#7556,.T.);
#8097=FACE_BOUND('',#7557,.T.);
#8098=FACE_BOUND('',#7558,.T.);
#8099=FACE_BOUND('',#7559,.T.);
#8100=FACE_BOUND('',#7560,.T.);
#8101=FACE_BOUND('',#7561,.T.);
#8102=FACE_BOUND('',#7562,.T.);
#8103=FACE_BOUND('',#7563,.T.);
#8104=FACE_BOUND('',#7564,.T.);
#8105=FACE_BOUND('',#7565,.T.);
#8106=FACE_BOUND('',#7566,.T.);
#8107=FACE_BOUND('',#7567,.T.);
#8108=FACE_BOUND('',#7568,.T.);
#8109=FACE_BOUND('',#7569,.T.);
#8110=FACE_BOUND('',#7570,.T.);
#8111=FACE_BOUND('',#7571,.T.);
#8112=FACE_BOUND('',#7572,.T.);
#8113=FACE_BOUND('',#7573,.T.);
#8114=FACE_BOUND('',#7574,.T.);
#8115=FACE_BOUND('',#7575,.T.);
#8116=FACE_BOUND('',#7576,.T.);
#8117=FACE_BOUND('',#7577,.T.);
#8118=FACE_BOUND('',#7578,.T.);
#8119=FACE_BOUND('',#7579,.T.);
#8120=FACE_BOUND('',#7580,.T.);
#8121=FACE_BOUND('',#7581,.T.);
#8122=FACE_BOUND('',#7582,.T.);
#8123=FACE_BOUND('',#7583,.T.);
#8124=FACE_BOUND('',#7584,.T.);
#8125=FACE_BOUND('',#7585,.T.);
#8126=FACE_BOUND('',#7586,.T.);
#8127=FACE_BOUND('',#7587,.T.);
#8128=FACE_BOUND('',#7588,.T.);
#8129=FACE_BOUND('',#7589,.T.);
#8130=FACE_BOUND('',#7590,.T.);
#8131=FACE_BOUND('',#7591,.T.);
#8132=FACE_BOUND('',#7592,.T.);
#8133=FACE_BOUND('',#7593,.T.);
#8134=FACE_BOUND('',#7594,.T.);
#8135=FACE_BOUND('',#7595,.T.);
#8136=FACE_BOUND('',#7596,.T.);
#8137=FACE_BOUND('',#7597,.T.);
#8138=FACE_BOUND('',#7598,.T.);
#8139=FACE_BOUND('',#7599,.T.);
#8140=FACE_BOUND('',#7600,.T.);
#8141=FACE_BOUND('',#7601,.T.);
#8142=FACE_BOUND('',#7602,.T.);
#8143=FACE_BOUND('',#7603,.T.);
#8144=FACE_BOUND('',#7604,.T.);
#8145=FACE_BOUND('',#7605,.T.);
#8146=FACE_BOUND('',#7606,.T.);
#8147=FACE_BOUND('',#7607,.T.);
#8148=FACE_BOUND('',#7608,.T.);
#8149=FACE_BOUND('',#7609,.T.);
#8150=FACE_BOUND('',#7610,.T.);
#8151=FACE_BOUND('',#7611,.T.);
#8152=FACE_BOUND('',#7612,.T.);
#8153=FACE_BOUND('',#7613,.T.);
#8154=FACE_BOUND('',#7614,.T.);
#8155=FACE_BOUND('',#7615,.T.);
#8156=FACE_BOUND('',#7616,.T.);
#8157=FACE_BOUND('',#7617,.T.);
#8158=FACE_BOUND('',#7618,.T.);
#8159=FACE_BOUND('',#7619,.T.);
#8160=FACE_BOUND('',#7620,.T.);
#8161=FACE_BOUND('',#7621,.T.);
#8162=FACE_BOUND('',#7622,.T.);
#8163=FACE_BOUND('',#7623,.T.);
#8164=FACE_BOUND('',#7624,.T.);
#8165=FACE_BOUND('',#7625,.T.);
#8166=FACE_BOUND('',#7626,.T.);
#8167=FACE_BOUND('',#7627,.T.);
#8168=FACE_BOUND('',#7628,.T.);
#8169=FACE_BOUND('',#7629,.T.);
#8170=FACE_BOUND('',#7630,.T.);
#8171=FACE_BOUND('',#7631,.T.);
#8172=FACE_BOUND('',#7632,.T.);
#8173=FACE_BOUND('',#7633,.T.);
#8174=FACE_BOUND('',#7634,.T.);
#8175=FACE_BOUND('',#7635,.T.);
#8176=FACE_BOUND('',#7636,.T.);
#8177=FACE_BOUND('',#7637,.T.);
#8178=FACE_BOUND('',#7638,.T.);
#8179=FACE_BOUND('',#7639,.T.);
#8180=FACE_BOUND('',#7640,.T.);
#8181=FACE_BOUND('',#7641,.T.);
#8182=FACE_BOUND('',#7642,.T.);
#8183=FACE_BOUND('',#7643,.T.);
#8184=FACE_BOUND('',#7644,.T.);
#8185=FACE_BOUND('',#7645,.T.);
#8186=FACE_BOUND('',#7646,.T.);
#8187=FACE_BOUND('',#7647,.T.);
#8188=FACE_BOUND('',#7648,.T.);
#8189=FACE_BOUND('',#7649,.T.);
#8190=FACE_BOUND('',#7650,.T.);
#8191=FACE_BOUND('',#7651,.T.);
#8192=FACE_BOUND('',#7652,.T.);
#8193=FACE_BOUND('',#7653,.T.);
#8194=FACE_BOUND('',#7654,.T.);
#8195=FACE_BOUND('',#7655,.T.);
#8196=FACE_BOUND('',#7656,.T.);
#8197=FACE_BOUND('',#7657,.T.);
#8198=FACE_BOUND('',#7658,.T.);
#8199=FACE_BOUND('',#7659,.T.);
#8200=FACE_BOUND('',#7660,.T.);
#8201=FACE_BOUND('',#7661,.T.);
#8202=FACE_BOUND('',#7662,.T.);
#8203=FACE_BOUND('',#7663,.T.);
#8204=FACE_BOUND('',#7664,.T.);
#8205=FACE_BOUND('',#7665,.T.);
#8206=FACE_BOUND('',#7666,.T.);
#8207=FACE_BOUND('',#7667,.T.);
#8208=FACE_BOUND('',#7668,.T.);
#8209=FACE_BOUND('',#7669,.T.);
#8210=FACE_BOUND('',#7670,.T.);
#8211=FACE_BOUND('',#7671,.T.);
#8212=FACE_BOUND('',#7672,.T.);
#8213=FACE_BOUND('',#7673,.T.);
#8214=FACE_BOUND('',#7674,.T.);
#8215=FACE_BOUND('',#7675,.T.);
#8216=FACE_BOUND('',#7676,.T.);
#8217=FACE_BOUND('',#7677,.T.);
#8218=FACE_BOUND('',#7678,.T.);
#8219=FACE_BOUND('',#7679,.T.);
#8220=FACE_BOUND('',#7680,.T.);
#8221=FACE_BOUND('',#7681,.T.);
#8222=FACE_BOUND('',#7682,.T.);
#8223=FACE_BOUND('',#7683,.T.);
#8224=FACE_BOUND('',#7684,.T.);
#8225=FACE_BOUND('',#7685,.T.);
#8226=FACE_BOUND('',#7686,.T.);
#8227=FACE_BOUND('',#7687,.T.);
#8228=FACE_BOUND('',#7688,.T.);
#8229=FACE_BOUND('',#7689,.T.);
#8230=FACE_BOUND('',#7690,.T.);
#8231=FACE_BOUND('',#7691,.T.);
#8232=FACE_BOUND('',#7692,.T.);
#8233=FACE_BOUND('',#7693,.T.);
#8234=FACE_BOUND('',#7694,.T.);
#8235=FACE_BOUND('',#7695,.T.);
#8236=FACE_BOUND('',#7696,.T.);
#8237=FACE_BOUND('',#7697,.T.);
#8238=FACE_BOUND('',#7698,.T.);
#8239=FACE_BOUND('',#7699,.T.);
#8240=FACE_BOUND('',#7700,.T.);
#8241=FACE_BOUND('',#7701,.T.);
#8242=FACE_BOUND('',#7702,.T.);
#8243=FACE_BOUND('',#7703,.T.);
#8244=FACE_BOUND('',#7704,.T.);
#8245=FACE_BOUND('',#7705,.T.);
#8246=FACE_BOUND('',#7706,.T.);
#8247=FACE_BOUND('',#7707,.T.);
#8248=FACE_BOUND('',#7708,.T.);
#8249=FACE_BOUND('',#7709,.T.);
#8250=FACE_BOUND('',#7710,.T.);
#8251=FACE_BOUND('',#7711,.T.);
#8252=FACE_BOUND('',#7712,.T.);
#8253=FACE_BOUND('',#7713,.T.);
#8254=FACE_BOUND('',#7714,.T.);
#8255=FACE_BOUND('',#7715,.T.);
#8256=FACE_BOUND('',#7716,.T.);
#8257=FACE_BOUND('',#7717,.T.);
#8258=FACE_BOUND('',#7718,.T.);
#8259=FACE_BOUND('',#7719,.T.);
#8260=FACE_BOUND('',#7720,.T.);
#8261=FACE_BOUND('',#7721,.T.);
#8262=FACE_BOUND('',#7722,.T.);
#8263=FACE_BOUND('',#7723,.T.);
#8264=FACE_BOUND('',#7724,.T.);
#8265=FACE_BOUND('',#7725,.T.);
#8266=FACE_BOUND('',#7726,.T.);
#8267=FACE_BOUND('',#7727,.T.);
#8268=FACE_BOUND('',#7728,.T.);
#8269=FACE_BOUND('',#7729,.T.);
#8270=FACE_BOUND('',#7730,.T.);
#8271=FACE_BOUND('',#7731,.T.);
#8272=FACE_BOUND('',#7732,.T.);
#8273=FACE_BOUND('',#7733,.T.);
#8274=FACE_BOUND('',#7734,.T.);
#8275=FACE_BOUND('',#7735,.T.);
#8276=FACE_BOUND('',#7736,.T.);
#8277=FACE_BOUND('',#7737,.T.);
#8278=FACE_BOUND('',#7738,.T.);
#8279=FACE_BOUND('',#7739,.T.);
#8280=FACE_BOUND('',#7740,.T.);
#8281=FACE_BOUND('',#7741,.T.);
#8282=FACE_BOUND('',#7742,.T.);
#8283=FACE_BOUND('',#7743,.T.);
#8284=FACE_BOUND('',#7744,.T.);
#8285=FACE_BOUND('',#7745,.T.);
#8286=FACE_BOUND('',#7746,.T.);
#8287=FACE_BOUND('',#7747,.T.);
#8288=FACE_BOUND('',#7748,.T.);
#8289=FACE_BOUND('',#7749,.T.);
#8290=FACE_BOUND('',#7750,.T.);
#8291=FACE_BOUND('',#7751,.T.);
#8292=FACE_BOUND('',#7752,.T.);
#8293=FACE_BOUND('',#7753,.T.);
#8294=FACE_BOUND('',#7754,.T.);
#8295=FACE_BOUND('',#7755,.T.);
#8296=FACE_BOUND('',#7756,.T.);
#8297=FACE_BOUND('',#7757,.T.);
#8298=FACE_BOUND('',#7758,.T.);
#8299=FACE_BOUND('',#7759,.T.);
#8300=FACE_BOUND('',#7760,.T.);
#8301=FACE_BOUND('',#7761,.T.);
#8302=FACE_BOUND('',#7762,.T.);
#8303=FACE_BOUND('',#7763,.T.);
#8304=FACE_BOUND('',#7764,.T.);
#8305=FACE_BOUND('',#7765,.T.);
#8306=FACE_BOUND('',#7766,.T.);
#8307=FACE_BOUND('',#7767,.T.);
#8308=FACE_BOUND('',#7768,.T.);
#8309=FACE_BOUND('',#7769,.T.);
#8310=FACE_BOUND('',#7770,.T.);
#8311=FACE_BOUND('',#7771,.T.);
#8312=FACE_BOUND('',#7772,.T.);
#8313=FACE_BOUND('',#7773,.T.);
#8314=FACE_BOUND('',#7774,.T.);
#8315=FACE_BOUND('',#7775,.T.);
#8316=FACE_BOUND('',#7776,.T.);
#8317=FACE_BOUND('',#7777,.T.);
#8318=FACE_BOUND('',#7778,.T.);
#8319=FACE_BOUND('',#7779,.T.);
#8320=FACE_BOUND('',#7780,.T.);
#8321=FACE_BOUND('',#7781,.T.);
#8322=FACE_BOUND('',#7782,.T.);
#8323=FACE_BOUND('',#7783,.T.);
#8324=FACE_BOUND('',#7784,.T.);
#8325=FACE_BOUND('',#7785,.T.);
#8326=FACE_BOUND('',#7786,.T.);
#8327=FACE_BOUND('',#7787,.T.);
#8328=FACE_BOUND('',#7788,.T.);
#8329=FACE_BOUND('',#7789,.T.);
#8330=FACE_BOUND('',#7790,.T.);
#8331=FACE_BOUND('',#7791,.T.);
#8332=FACE_BOUND('',#7792,.T.);
#8333=FACE_BOUND('',#7793,.T.);
#8334=FACE_BOUND('',#7794,.T.);
#8335=FACE_BOUND('',#7795,.T.);
#8336=FACE_BOUND('',#7796,.T.);
#8337=FACE_BOUND('',#7797,.T.);
#8338=FACE_BOUND('',#7798,.T.);
#8339=FACE_BOUND('',#7799,.T.);
#8340=FACE_BOUND('',#7800,.T.);
#8341=FACE_BOUND('',#7801,.T.);
#8342=FACE_BOUND('',#7802,.T.);
#8343=FACE_BOUND('',#7803,.T.);
#8344=FACE_BOUND('',#7804,.T.);
#8345=FACE_BOUND('',#7805,.T.);
#8346=FACE_BOUND('',#7806,.T.);
#8347=FACE_BOUND('',#7807,.T.);
#8348=FACE_BOUND('',#7808,.T.);
#8349=FACE_BOUND('',#7809,.T.);
#8350=FACE_BOUND('',#7810,.T.);
#8351=FACE_BOUND('',#7811,.T.);
#8352=FACE_BOUND('',#7812,.T.);
#8353=FACE_BOUND('',#7813,.T.);
#8354=FACE_BOUND('',#7814,.T.);
#8355=FACE_BOUND('',#7815,.T.);
#8356=FACE_BOUND('',#7816,.T.);
#8357=FACE_BOUND('',#7817,.T.);
#8358=FACE_BOUND('',#7818,.T.);
#8359=FACE_BOUND('',#7819,.T.);
#8360=FACE_BOUND('',#7820,.T.);
#8361=FACE_BOUND('',#7821,.T.);
#8362=FACE_BOUND('',#7822,.T.);
#8363=FACE_BOUND('',#7823,.T.);
#8364=FACE_BOUND('',#7824,.T.);
#8365=FACE_BOUND('',#7825,.T.);
#8366=FACE_BOUND('',#7826,.T.);
#8367=FACE_BOUND('',#7827,.T.);
#8368=FACE_BOUND('',#7828,.T.);
#8369=FACE_BOUND('',#7829,.T.);
#8370=FACE_BOUND('',#7830,.T.);
#8371=FACE_BOUND('',#7831,.T.);
#8372=FACE_BOUND('',#7832,.T.);
#8373=FACE_BOUND('',#7833,.T.);
#8374=FACE_BOUND('',#7834,.T.);
#8375=FACE_BOUND('',#7835,.T.);
#8376=FACE_BOUND('',#7836,.T.);
#8377=FACE_BOUND('',#7837,.T.);
#8378=FACE_BOUND('',#7838,.T.);
#8379=FACE_BOUND('',#7839,.T.);
#8380=FACE_BOUND('',#7840,.T.);
#8381=FACE_BOUND('',#7841,.T.);
#8382=FACE_BOUND('',#7842,.T.);
#8383=FACE_BOUND('',#7843,.T.);
#8384=FACE_BOUND('',#7844,.T.);
#8385=FACE_BOUND('',#7845,.T.);
#8386=FACE_BOUND('',#7846,.T.);
#8387=FACE_BOUND('',#7847,.T.);
#8388=FACE_BOUND('',#7848,.T.);
#8389=FACE_BOUND('',#7849,.T.);
#8390=FACE_BOUND('',#7850,.T.);
#8391=FACE_BOUND('',#7851,.T.);
#8392=FACE_BOUND('',#7852,.T.);
#8393=FACE_BOUND('',#7853,.T.);
#8394=FACE_BOUND('',#7854,.T.);
#8395=FACE_BOUND('',#7855,.T.);
#8396=FACE_BOUND('',#7856,.T.);
#8397=FACE_BOUND('',#7857,.T.);
#8398=FACE_BOUND('',#7858,.T.);
#8399=FACE_BOUND('',#7859,.T.);
#8400=FACE_BOUND('',#7860,.T.);
#8401=FACE_BOUND('',#7861,.T.);
#8402=FACE_BOUND('',#7862,.T.);
#8403=FACE_BOUND('',#7863,.T.);
#8404=FACE_BOUND('',#7864,.T.);
#8405=FACE_BOUND('',#7865,.T.);
#8406=FACE_BOUND('',#7866,.T.);
#8407=FACE_BOUND('',#7867,.T.);
#8408=FACE_BOUND('',#7868,.T.);
#8409=FACE_BOUND('',#7869,.T.);
#8410=FACE_BOUND('',#7870,.T.);
#8411=FACE_BOUND('',#7871,.T.);
#8412=FACE_BOUND('',#7872,.T.);
#8413=FACE_BOUND('',#7873,.T.);
#8414=FACE_BOUND('',#7874,.T.);
#8415=FACE_BOUND('',#7875,.T.);
#8416=FACE_BOUND('',#7876,.T.);
#8417=FACE_BOUND('',#7877,.T.);
#8418=FACE_BOUND('',#7878,.T.);
#8419=FACE_BOUND('',#7879,.T.);
#8420=FACE_BOUND('',#7880,.T.);
#8421=FACE_BOUND('',#7881,.T.);
#8422=FACE_BOUND('',#7882,.T.);
#8423=FACE_BOUND('',#7883,.T.);
#8424=FACE_BOUND('',#7884,.T.);
#8425=FACE_BOUND('',#7885,.T.);
#8426=FACE_BOUND('',#7886,.T.);
#8427=FACE_BOUND('',#7887,.T.);
#8428=FACE_BOUND('',#7888,.T.);
#8429=FACE_BOUND('',#7889,.T.);
#8430=FACE_BOUND('',#7890,.T.);
#8431=FACE_BOUND('',#7891,.T.);
#8432=FACE_BOUND('',#7892,.T.);
#8433=FACE_BOUND('',#7893,.T.);
#8434=FACE_BOUND('',#7894,.T.);
#8435=FACE_BOUND('',#7895,.T.);
#8436=FACE_BOUND('',#7896,.T.);
#8437=FACE_BOUND('',#7897,.T.);
#8438=FACE_BOUND('',#7898,.T.);
#8439=FACE_BOUND('',#7899,.T.);
#8440=FACE_BOUND('',#7900,.T.);
#8441=FACE_BOUND('',#7901,.T.);
#8442=FACE_BOUND('',#7902,.T.);
#8443=FACE_BOUND('',#7903,.T.);
#8444=FACE_BOUND('',#7904,.T.);
#8445=FACE_BOUND('',#7905,.T.);
#8446=FACE_BOUND('',#7906,.T.);
#8447=FACE_BOUND('',#7907,.T.);
#8448=FACE_BOUND('',#7908,.T.);
#8449=FACE_BOUND('',#7909,.T.);
#8450=FACE_BOUND('',#7910,.T.);
#8451=FACE_BOUND('',#7911,.T.);
#8452=FACE_BOUND('',#7912,.T.);
#8453=FACE_BOUND('',#7913,.T.);
#8454=FACE_BOUND('',#7914,.T.);
#8455=FACE_BOUND('',#7915,.T.);
#8456=FACE_BOUND('',#7916,.T.);
#8457=FACE_BOUND('',#7917,.T.);
#8458=FACE_BOUND('',#7918,.T.);
#8459=FACE_BOUND('',#7919,.T.);
#8460=FACE_BOUND('',#7920,.T.);
#8461=FACE_BOUND('',#7921,.T.);
#8462=FACE_BOUND('',#7922,.T.);
#8463=FACE_BOUND('',#7923,.T.);
#8464=FACE_BOUND('',#7924,.T.);
#8465=FACE_BOUND('',#7925,.T.);
#8466=FACE_BOUND('',#7926,.T.);
#8467=FACE_BOUND('',#7927,.T.);
#8468=FACE_BOUND('',#7928,.T.);
#8469=FACE_BOUND('',#7929,.T.);
#8470=FACE_BOUND('',#7930,.T.);
#8471=FACE_BOUND('',#7931,.T.);
#8472=FACE_BOUND('',#7932,.T.);
#8473=FACE_BOUND('',#7933,.T.);
#8474=FACE_BOUND('',#7934,.T.);
#8475=FACE_BOUND('',#7935,.T.);
#8476=FACE_BOUND('',#7936,.T.);
#8477=FACE_BOUND('',#7937,.T.);
#8478=FACE_BOUND('',#7938,.T.);
#8479=FACE_BOUND('',#7939,.T.);
#8480=FACE_BOUND('',#7940,.T.);
#8481=FACE_BOUND('',#7941,.T.);
#8482=FACE_BOUND('',#7942,.T.);
#8483=FACE_BOUND('',#7943,.T.);
#8484=FACE_BOUND('',#7944,.T.);
#8485=FACE_BOUND('',#7945,.T.);
#8486=FACE_BOUND('',#7946,.T.);
#8487=FACE_BOUND('',#7947,.T.);
#8488=FACE_BOUND('',#7948,.T.);
#8489=FACE_BOUND('',#7949,.T.);
#8490=FACE_BOUND('',#7950,.T.);
#8491=FACE_BOUND('',#7951,.T.);
#8492=FACE_BOUND('',#7952,.T.);
#8493=FACE_BOUND('',#7953,.T.);
#8494=FACE_BOUND('',#7954,.T.);
#8495=FACE_BOUND('',#7955,.T.);
#8496=FACE_BOUND('',#7956,.T.);
#8497=FACE_BOUND('',#7957,.T.);
#8498=FACE_BOUND('',#7958,.T.);
#8499=FACE_BOUND('',#7959,.T.);
#8500=FACE_BOUND('',#7960,.T.);
#8501=FACE_BOUND('',#7961,.T.);
#8502=FACE_BOUND('',#7962,.T.);
#8503=FACE_BOUND('',#7963,.T.);
#8504=FACE_BOUND('',#7964,.T.);
#8505=FACE_BOUND('',#7965,.T.);
#8506=FACE_BOUND('',#7966,.T.);
#8507=FACE_BOUND('',#7967,.T.);
#8508=FACE_BOUND('',#7968,.T.);
#8509=FACE_BOUND('',#7969,.T.);
#8510=FACE_BOUND('',#7970,.T.);
#8511=FACE_BOUND('',#7971,.T.);
#8512=FACE_BOUND('',#7972,.T.);
#8513=FACE_BOUND('',#7973,.T.);
#8514=FACE_BOUND('',#7974,.T.);
#8515=FACE_BOUND('',#7975,.T.);
#8516=FACE_BOUND('',#7976,.T.);
#8517=FACE_BOUND('',#7977,.T.);
#8518=FACE_BOUND('',#7978,.T.);
#8519=FACE_BOUND('',#7979,.T.);
#8520=FACE_BOUND('',#7980,.T.);
#8521=FACE_BOUND('',#7981,.T.);
#8522=FACE_BOUND('',#7982,.T.);
#8523=FACE_BOUND('',#7983,.T.);
#8524=FACE_BOUND('',#7984,.T.);
#8525=FACE_BOUND('',#7985,.T.);
#8526=FACE_BOUND('',#7986,.T.);
#8527=FACE_BOUND('',#7987,.T.);
#8528=FACE_BOUND('',#7988,.T.);
#8529=FACE_BOUND('',#7989,.T.);
#8530=FACE_BOUND('',#7990,.T.);
#8531=FACE_BOUND('',#7991,.T.);
#8532=FACE_BOUND('',#7992,.T.);
#8533=FACE_BOUND('',#7993,.T.);
#8534=FACE_BOUND('',#7994,.T.);
#8535=FACE_BOUND('',#7995,.T.);
#8536=FACE_BOUND('',#7996,.T.);
#8537=FACE_BOUND('',#7997,.T.);
#8538=FACE_BOUND('',#7998,.T.);
#8539=FACE_BOUND('',#7999,.T.);
#8540=FACE_BOUND('',#8000,.T.);
#8541=FACE_BOUND('',#8001,.T.);
#8542=FACE_BOUND('',#8002,.T.);
#8543=FACE_BOUND('',#8003,.T.);
#8544=FACE_BOUND('',#8004,.T.);
#8545=FACE_BOUND('',#8005,.T.);
#8546=FACE_BOUND('',#8006,.T.);
#8547=FACE_BOUND('',#8007,.T.);
#8548=FACE_BOUND('',#8008,.T.);
#8549=FACE_BOUND('',#8009,.T.);
#8550=FACE_BOUND('',#8010,.T.);
#8551=FACE_BOUND('',#8011,.T.);
#8552=FACE_BOUND('',#8012,.T.);
#8553=FACE_BOUND('',#8013,.T.);
#8554=FACE_BOUND('',#8014,.T.);
#8555=FACE_BOUND('',#8015,.T.);
#8556=FACE_BOUND('',#8016,.T.);
#8557=FACE_BOUND('',#8017,.T.);
#8558=FACE_BOUND('',#8018,.T.);
#8559=FACE_BOUND('',#8019,.T.);
#8560=FACE_BOUND('',#8020,.T.);
#8561=B_SPLINE_SURFACE_WITH_KNOTS('',5,1,((#12752,#12753),(#12754,#12755),
(#12756,#12757),(#12758,#12759),(#12760,#12761),(#12762,#12763),(#12764,
#12765),(#12766,#12767),(#12768,#12769),(#12770,#12771),(#12772,#12773),
(#12774,#12775),(#12776,#12777),(#12778,#12779),(#12780,#12781),(#12782,
#12783),(#12784,#12785),(#12786,#12787),(#12788,#12789),(#12790,#12791),
(#12792,#12793),(#12794,#12795),(#12796,#12797),(#12798,#12799),(#12800,
#12801)),.SURF_OF_LINEAR_EXTRUSION.,.F.,.F.,.F.,(6,5,3,1,1,1,1,1,3,3,6),
(2,2),(-0.128313562968586,-0.127730133054212,0.,0.187041315208003,0.389901061857997,
0.592810653548947,0.80163208967601,0.908128433639623,1.,1.0155460941315,
1.1738807115864),(0.,1.),.UNSPECIFIED.);
#8562=B_SPLINE_SURFACE_WITH_KNOTS('',1,3,((#13114,#13115,#13116,#13117,
#13118,#13119,#13120,#13121,#13122,#13123,#13124,#13125,#13126,#13127,#13128,
#13129,#13130,#13131,#13132,#13133,#13134,#13135),(#13136,#13137,#13138,
#13139,#13140,#13141,#13142,#13143,#13144,#13145,#13146,#13147,#13148,#13149,
#13150,#13151,#13152,#13153,#13154,#13155,#13156,#13157),(#13158,#13159,
#13160,#13161,#13162,#13163,#13164,#13165,#13166,#13167,#13168,#13169,#13170,
#13171,#13172,#13173,#13174,#13175,#13176,#13177,#13178,#13179)),
 .RULED_SURF.,.F.,.T.,.F.,(2,1,2),(2,2,2,2,2,2,2,2,2,2,2,2,2),(0.,1.,1.01),
(-0.125,0.,0.125,0.25,0.375,0.500000000000001,0.625000000000001,0.687500000000001,
0.750000000000001,0.812500000000001,0.875000000000001,1.,1.125),
 .UNSPECIFIED.);
#8563=B_SPLINE_SURFACE_WITH_KNOTS('',3,1,((#13205,#13206),(#13207,#13208),
(#13209,#13210),(#13211,#13212),(#13213,#13214),(#13215,#13216),(#13217,
#13218),(#13219,#13220),(#13221,#13222),(#13223,#13224),(#13225,#13226)),
 .SURF_OF_LINEAR_EXTRUSION.,.T.,.F.,.F.,(1,1,1,1,1,1,1,1,1,1,1,1,1,1,1),
(2,2),(-2.35619449019234,-1.5707963267949,-0.785398163397448,0.,0.785398163397448,
1.5707963267949,2.35619449019234,3.14159265358979,3.92699081698724,4.71238898038469,
5.49778714378214,6.28318530717959,7.06858347057703,7.85398163397448,8.63937979737193),
(0.,1.),.UNSPECIFIED.);
#8564=B_SPLINE_SURFACE_WITH_KNOTS('',3,1,((#13231,#13232),(#13233,#13234),
(#13235,#13236),(#13237,#13238),(#13239,#13240),(#13241,#13242),(#13243,
#13244),(#13245,#13246),(#13247,#13248),(#13249,#13250),(#13251,#13252)),
 .SURF_OF_LINEAR_EXTRUSION.,.T.,.F.,.F.,(1,1,1,1,1,1,1,1,1,1,1,1,1,1,1),
(2,2),(-2.35619449019234,-1.5707963267949,-0.785398163397448,0.,0.785398163397448,
1.5707963267949,2.35619449019234,3.14159265358979,3.92699081698724,4.71238898038469,
5.49778714378214,6.28318530717959,7.06858347057703,7.85398163397448,8.63937979737193),
(0.,1.),.UNSPECIFIED.);
#8565=B_SPLINE_SURFACE_WITH_KNOTS('',3,1,((#13400,#13401),(#13402,#13403),
(#13404,#13405),(#13406,#13407),(#13408,#13409)),
 .SURF_OF_LINEAR_EXTRUSION.,.F.,.F.,.F.,(4,1,4),(2,2),(0.,0.500007362452027,
1.),(0.,1.),.UNSPECIFIED.);
#8566=ADVANCED_FACE('',(#8021,#8022,#8023),#8561,.T.);
#8567=ADVANCED_FACE('',(#8024,#8025),#826,.F.);
#8568=ADVANCED_FACE('',(#8026),#827,.F.);
#8569=ADVANCED_FACE('',(#8027),#828,.T.);
#8570=ADVANCED_FACE('',(#8028),#83,.F.);
#8571=ADVANCED_FACE('',(#8029),#84,.F.);
#8572=ADVANCED_FACE('',(#8030),#829,.T.);
#8573=ADVANCED_FACE('',(#8031,#8032),#85,.T.);
#8574=ADVANCED_FACE('',(#8033,#8034),#830,.T.);
#8575=ADVANCED_FACE('',(#8035,#8036),#831,.T.);
#8576=ADVANCED_FACE('',(#8037),#86,.T.);
#8577=ADVANCED_FACE('',(#8038),#87,.T.);
#8578=ADVANCED_FACE('',(#8039,#8040),#8562,.F.);
#8579=ADVANCED_FACE('',(#8041),#832,.T.);
#8580=ADVANCED_FACE('',(#8042,#8043),#8563,.T.);
#8581=ADVANCED_FACE('',(#8044,#8045),#8564,.T.);
#8582=ADVANCED_FACE('',(#8046,#8047,#8048),#88,.T.);
#8583=ADVANCED_FACE('',(#8049),#89,.T.);
#8584=ADVANCED_FACE('',(#8050,#8051,#8052),#833,.T.);
#8585=ADVANCED_FACE('',(#8053),#90,.F.);
#8586=ADVANCED_FACE('',(#8054),#91,.F.);
#8587=ADVANCED_FACE('',(#8055),#92,.T.);
#8588=ADVANCED_FACE('',(#8056),#93,.T.);
#8589=ADVANCED_FACE('',(#8057),#834,.F.);
#8590=ADVANCED_FACE('',(#8058),#94,.F.);
#8591=ADVANCED_FACE('',(#8059),#835,.T.);
#8592=ADVANCED_FACE('',(#8060),#95,.F.);
#8593=ADVANCED_FACE('',(#8061),#836,.F.);
#8594=ADVANCED_FACE('',(#8062),#8565,.F.);
#8595=ADVANCED_FACE('',(#8063,#8064),#79,.T.);
#8596=ADVANCED_FACE('',(#8065),#96,.T.);
#8597=ADVANCED_FACE('',(#8066,#8067),#97,.F.);
#8598=ADVANCED_FACE('',(#8068),#98,.T.);
#8599=ADVANCED_FACE('',(#8069),#837,.T.);
#8600=ADVANCED_FACE('',(#8070),#838,.T.);
#8601=ADVANCED_FACE('',(#8071),#839,.T.);
#8602=ADVANCED_FACE('',(#8072),#99,.T.);
#8603=ADVANCED_FACE('',(#8073),#840,.T.);
#8604=ADVANCED_FACE('',(#8074),#841,.T.);
#8605=ADVANCED_FACE('',(#8075),#100,.F.);
#8606=ADVANCED_FACE('',(#8076),#842,.T.);
#8607=ADVANCED_FACE('',(#8077),#101,.T.);
#8608=ADVANCED_FACE('',(#8078),#102,.T.);
#8609=ADVANCED_FACE('',(#8079),#103,.T.);
#8610=ADVANCED_FACE('',(#8080,#8081),#104,.T.);
#8611=ADVANCED_FACE('',(#8082),#105,.T.);
#8612=ADVANCED_FACE('',(#8083),#106,.T.);
#8613=ADVANCED_FACE('',(#8084,#8085),#843,.T.);
#8614=ADVANCED_FACE('',(#8086),#107,.T.);
#8615=ADVANCED_FACE('',(#8087,#8088),#844,.F.);
#8616=ADVANCED_FACE('',(#8089),#108,.T.);
#8617=ADVANCED_FACE('',(#8090),#109,.T.);
#8618=ADVANCED_FACE('',(#8091),#110,.F.);
#8619=ADVANCED_FACE('',(#8092),#111,.F.);
#8620=ADVANCED_FACE('',(#8093),#112,.F.);
#8621=ADVANCED_FACE('',(#8094),#113,.F.);
#8622=ADVANCED_FACE('',(#8095),#845,.T.);
#8623=ADVANCED_FACE('',(#8096),#114,.T.);
#8624=ADVANCED_FACE('',(#8097),#115,.F.);
#8625=ADVANCED_FACE('',(#8098),#116,.F.);
#8626=ADVANCED_FACE('',(#8099),#846,.T.);
#8627=ADVANCED_FACE('',(#8100),#117,.F.);
#8628=ADVANCED_FACE('',(#8101),#118,.F.);
#8629=ADVANCED_FACE('',(#8102),#847,.F.);
#8630=ADVANCED_FACE('',(#8103),#848,.T.);
#8631=ADVANCED_FACE('',(#8104),#849,.T.);
#8632=ADVANCED_FACE('',(#8105),#119,.F.);
#8633=ADVANCED_FACE('',(#8106),#120,.F.);
#8634=ADVANCED_FACE('',(#8107),#850,.F.);
#8635=ADVANCED_FACE('',(#8108),#121,.T.);
#8636=ADVANCED_FACE('',(#8109),#122,.T.);
#8637=ADVANCED_FACE('',(#8110),#123,.F.);
#8638=ADVANCED_FACE('',(#8111),#124,.F.);
#8639=ADVANCED_FACE('',(#8112),#125,.F.);
#8640=ADVANCED_FACE('',(#8113),#126,.F.);
#8641=ADVANCED_FACE('',(#8114),#127,.F.);
#8642=ADVANCED_FACE('',(#8115),#128,.T.);
#8643=ADVANCED_FACE('',(#8116),#129,.F.);
#8644=ADVANCED_FACE('',(#8117),#130,.F.);
#8645=ADVANCED_FACE('',(#8118,#8119),#131,.T.);
#8646=ADVANCED_FACE('',(#8120),#851,.T.);
#8647=ADVANCED_FACE('',(#8121),#852,.T.);
#8648=ADVANCED_FACE('',(#8122),#853,.T.);
#8649=ADVANCED_FACE('',(#8123),#854,.F.);
#8650=ADVANCED_FACE('',(#8124),#855,.F.);
#8651=ADVANCED_FACE('',(#8125),#856,.F.);
#8652=ADVANCED_FACE('',(#8126),#74,.F.);
#8653=ADVANCED_FACE('',(#8127),#132,.T.);
#8654=ADVANCED_FACE('',(#8128),#857,.F.);
#8655=ADVANCED_FACE('',(#8129),#133,.F.);
#8656=ADVANCED_FACE('',(#8130),#858,.F.);
#8657=ADVANCED_FACE('',(#8131),#134,.T.);
#8658=ADVANCED_FACE('',(#8132),#859,.T.);
#8659=ADVANCED_FACE('',(#8133,#8134,#8135,#8136),#860,.T.);
#8660=ADVANCED_FACE('',(#8137),#135,.T.);
#8661=ADVANCED_FACE('',(#8138),#861,.F.);
#8662=ADVANCED_FACE('',(#8139),#862,.T.);
#8663=ADVANCED_FACE('',(#8140),#863,.T.);
#8664=ADVANCED_FACE('',(#8141),#136,.T.);
#8665=ADVANCED_FACE('',(#8142,#8143),#864,.F.);
#8666=ADVANCED_FACE('',(#8144,#8145),#865,.F.);
#8667=ADVANCED_FACE('',(#8146),#137,.T.);
#8668=ADVANCED_FACE('',(#8147),#866,.T.);
#8669=ADVANCED_FACE('',(#8148),#138,.T.);
#8670=ADVANCED_FACE('',(#8149),#139,.T.);
#8671=ADVANCED_FACE('',(#8150),#140,.F.);
#8672=ADVANCED_FACE('',(#8151),#867,.F.);
#8673=ADVANCED_FACE('',(#8152),#868,.F.);
#8674=ADVANCED_FACE('',(#8153),#141,.T.);
#8675=ADVANCED_FACE('',(#8154),#869,.T.);
#8676=ADVANCED_FACE('',(#8155),#73,.F.);
#8677=ADVANCED_FACE('',(#8156),#870,.T.);
#8678=ADVANCED_FACE('',(#8157),#142,.T.);
#8679=ADVANCED_FACE('',(#8158),#871,.T.);
#8680=ADVANCED_FACE('',(#8159),#143,.T.);
#8681=ADVANCED_FACE('',(#8160),#872,.T.);
#8682=ADVANCED_FACE('',(#8161),#144,.T.);
#8683=ADVANCED_FACE('',(#8162),#145,.F.);
#8684=ADVANCED_FACE('',(#8163),#146,.T.);
#8685=ADVANCED_FACE('',(#8164),#873,.F.);
#8686=ADVANCED_FACE('',(#8165),#147,.T.);
#8687=ADVANCED_FACE('',(#8166),#148,.T.);
#8688=ADVANCED_FACE('',(#8167),#149,.T.);
#8689=ADVANCED_FACE('',(#8168),#874,.F.);
#8690=ADVANCED_FACE('',(#8169),#875,.T.);
#8691=ADVANCED_FACE('',(#8170),#150,.T.);
#8692=ADVANCED_FACE('',(#8171),#151,.T.);
#8693=ADVANCED_FACE('',(#8172),#876,.T.);
#8694=ADVANCED_FACE('',(#8173),#877,.T.);
#8695=ADVANCED_FACE('',(#8174),#878,.F.);
#8696=ADVANCED_FACE('',(#8175),#879,.F.);
#8697=ADVANCED_FACE('',(#8176),#152,.F.);
#8698=ADVANCED_FACE('',(#8177),#153,.F.);
#8699=ADVANCED_FACE('',(#8178),#154,.F.);
#8700=ADVANCED_FACE('',(#8179),#155,.T.);
#8701=ADVANCED_FACE('',(#8180),#156,.T.);
#8702=ADVANCED_FACE('',(#8181),#880,.T.);
#8703=ADVANCED_FACE('',(#8182),#157,.F.);
#8704=ADVANCED_FACE('',(#8183),#881,.T.);
#8705=ADVANCED_FACE('',(#8184),#882,.F.);
#8706=ADVANCED_FACE('',(#8185),#158,.F.);
#8707=ADVANCED_FACE('',(#8186),#883,.T.);
#8708=ADVANCED_FACE('',(#8187),#159,.F.);
#8709=ADVANCED_FACE('',(#8188),#884,.T.);
#8710=ADVANCED_FACE('',(#8189),#160,.F.);
#8711=ADVANCED_FACE('',(#8190),#161,.F.);
#8712=ADVANCED_FACE('',(#8191),#162,.F.);
#8713=ADVANCED_FACE('',(#8192),#163,.F.);
#8714=ADVANCED_FACE('',(#8193),#164,.F.);
#8715=ADVANCED_FACE('',(#8194),#165,.F.);
#8716=ADVANCED_FACE('',(#8195),#166,.F.);
#8717=ADVANCED_FACE('',(#8196),#80,.T.);
#8718=ADVANCED_FACE('',(#8197),#885,.F.);
#8719=ADVANCED_FACE('',(#8198),#886,.T.);
#8720=ADVANCED_FACE('',(#8199),#167,.F.);
#8721=ADVANCED_FACE('',(#8200),#887,.F.);
#8722=ADVANCED_FACE('',(#8201),#168,.F.);
#8723=ADVANCED_FACE('',(#8202),#888,.F.);
#8724=ADVANCED_FACE('',(#8203),#169,.F.);
#8725=ADVANCED_FACE('',(#8204),#170,.T.);
#8726=ADVANCED_FACE('',(#8205),#171,.F.);
#8727=ADVANCED_FACE('',(#8206),#172,.T.);
#8728=ADVANCED_FACE('',(#8207),#173,.T.);
#8729=ADVANCED_FACE('',(#8208),#889,.T.);
#8730=ADVANCED_FACE('',(#8209),#174,.F.);
#8731=ADVANCED_FACE('',(#8210,#8211),#75,.T.);
#8732=ADVANCED_FACE('',(#8212),#890,.T.);
#8733=ADVANCED_FACE('',(#8213),#76,.T.);
#8734=ADVANCED_FACE('',(#8214),#175,.T.);
#8735=ADVANCED_FACE('',(#8215),#891,.T.);
#8736=ADVANCED_FACE('',(#8216),#77,.T.);
#8737=ADVANCED_FACE('',(#8217),#176,.F.);
#8738=ADVANCED_FACE('',(#8218),#892,.T.);
#8739=ADVANCED_FACE('',(#8219),#177,.F.);
#8740=ADVANCED_FACE('',(#8220),#893,.T.);
#8741=ADVANCED_FACE('',(#8221),#894,.T.);
#8742=ADVANCED_FACE('',(#8222),#178,.T.);
#8743=ADVANCED_FACE('',(#8223),#179,.T.);
#8744=ADVANCED_FACE('',(#8224),#180,.T.);
#8745=ADVANCED_FACE('',(#8225),#181,.T.);
#8746=ADVANCED_FACE('',(#8226),#182,.T.);
#8747=ADVANCED_FACE('',(#8227),#183,.T.);
#8748=ADVANCED_FACE('',(#8228),#184,.T.);
#8749=ADVANCED_FACE('',(#8229),#185,.F.);
#8750=ADVANCED_FACE('',(#8230),#186,.F.);
#8751=ADVANCED_FACE('',(#8231),#187,.F.);
#8752=ADVANCED_FACE('',(#8232),#188,.F.);
#8753=ADVANCED_FACE('',(#8233),#895,.T.);
#8754=ADVANCED_FACE('',(#8234),#189,.T.);
#8755=ADVANCED_FACE('',(#8235),#190,.F.);
#8756=ADVANCED_FACE('',(#8236),#896,.T.);
#8757=ADVANCED_FACE('',(#8237),#897,.T.);
#8758=ADVANCED_FACE('',(#8238),#898,.T.);
#8759=ADVANCED_FACE('',(#8239),#191,.T.);
#8760=ADVANCED_FACE('',(#8240),#899,.T.);
#8761=ADVANCED_FACE('',(#8241),#192,.F.);
#8762=ADVANCED_FACE('',(#8242),#900,.F.);
#8763=ADVANCED_FACE('',(#8243),#901,.T.);
#8764=ADVANCED_FACE('',(#8244),#902,.F.);
#8765=ADVANCED_FACE('',(#8245),#903,.F.);
#8766=ADVANCED_FACE('',(#8246),#904,.F.);
#8767=ADVANCED_FACE('',(#8247),#193,.T.);
#8768=ADVANCED_FACE('',(#8248),#194,.T.);
#8769=ADVANCED_FACE('',(#8249),#195,.T.);
#8770=ADVANCED_FACE('',(#8250),#196,.T.);
#8771=ADVANCED_FACE('',(#8251),#197,.T.);
#8772=ADVANCED_FACE('',(#8252),#198,.F.);
#8773=ADVANCED_FACE('',(#8253),#199,.T.);
#8774=ADVANCED_FACE('',(#8254),#200,.T.);
#8775=ADVANCED_FACE('',(#8255),#201,.T.);
#8776=ADVANCED_FACE('',(#8256),#202,.T.);
#8777=ADVANCED_FACE('',(#8257),#203,.T.);
#8778=ADVANCED_FACE('',(#8258),#204,.T.);
#8779=ADVANCED_FACE('',(#8259),#205,.T.);
#8780=ADVANCED_FACE('',(#8260),#206,.T.);
#8781=ADVANCED_FACE('',(#8261),#207,.T.);
#8782=ADVANCED_FACE('',(#8262),#208,.T.);
#8783=ADVANCED_FACE('',(#8263),#209,.T.);
#8784=ADVANCED_FACE('',(#8264),#210,.T.);
#8785=ADVANCED_FACE('',(#8265),#211,.T.);
#8786=ADVANCED_FACE('',(#8266),#212,.T.);
#8787=ADVANCED_FACE('',(#8267),#213,.T.);
#8788=ADVANCED_FACE('',(#8268),#214,.T.);
#8789=ADVANCED_FACE('',(#8269),#215,.F.);
#8790=ADVANCED_FACE('',(#8270),#216,.T.);
#8791=ADVANCED_FACE('',(#8271,#8272),#905,.T.);
#8792=ADVANCED_FACE('',(#8273),#217,.T.);
#8793=ADVANCED_FACE('',(#8274),#906,.T.);
#8794=ADVANCED_FACE('',(#8275),#907,.T.);
#8795=ADVANCED_FACE('',(#8276),#218,.F.);
#8796=ADVANCED_FACE('',(#8277),#219,.F.);
#8797=ADVANCED_FACE('',(#8278),#908,.F.);
#8798=ADVANCED_FACE('',(#8279),#220,.F.);
#8799=ADVANCED_FACE('',(#8280),#221,.F.);
#8800=ADVANCED_FACE('',(#8281),#222,.F.);
#8801=ADVANCED_FACE('',(#8282),#909,.F.);
#8802=ADVANCED_FACE('',(#8283),#223,.F.);
#8803=ADVANCED_FACE('',(#8284),#224,.F.);
#8804=ADVANCED_FACE('',(#8285),#910,.F.);
#8805=ADVANCED_FACE('',(#8286),#225,.F.);
#8806=ADVANCED_FACE('',(#8287),#911,.F.);
#8807=ADVANCED_FACE('',(#8288),#226,.F.);
#8808=ADVANCED_FACE('',(#8289),#227,.F.);
#8809=ADVANCED_FACE('',(#8290),#912,.F.);
#8810=ADVANCED_FACE('',(#8291),#913,.F.);
#8811=ADVANCED_FACE('',(#8292),#228,.F.);
#8812=ADVANCED_FACE('',(#8293),#229,.F.);
#8813=ADVANCED_FACE('',(#8294),#230,.F.);
#8814=ADVANCED_FACE('',(#8295),#231,.T.);
#8815=ADVANCED_FACE('',(#8296),#914,.F.);
#8816=ADVANCED_FACE('',(#8297),#915,.F.);
#8817=ADVANCED_FACE('',(#8298),#916,.F.);
#8818=ADVANCED_FACE('',(#8299),#917,.F.);
#8819=ADVANCED_FACE('',(#8300),#918,.F.);
#8820=ADVANCED_FACE('',(#8301),#919,.F.);
#8821=ADVANCED_FACE('',(#8302),#920,.F.);
#8822=ADVANCED_FACE('',(#8303,#8304),#921,.T.);
#8823=ADVANCED_FACE('',(#8305,#8306),#232,.T.);
#8824=ADVANCED_FACE('',(#8307),#233,.T.);
#8825=ADVANCED_FACE('',(#8308,#8309),#234,.T.);
#8826=ADVANCED_FACE('',(#8310),#235,.T.);
#8827=ADVANCED_FACE('',(#8311,#8312),#922,.T.);
#8828=ADVANCED_FACE('',(#8313,#8314),#78,.T.);
#8829=ADVANCED_FACE('',(#8315),#236,.T.);
#8830=ADVANCED_FACE('',(#8316,#8317),#923,.T.);
#8831=ADVANCED_FACE('',(#8318,#8319),#70,.T.);
#8832=ADVANCED_FACE('',(#8320),#237,.T.);
#8833=ADVANCED_FACE('',(#8321,#8322),#238,.F.);
#8834=ADVANCED_FACE('',(#8323,#8324),#924,.T.);
#8835=ADVANCED_FACE('',(#8325,#8326),#81,.T.);
#8836=ADVANCED_FACE('',(#8327),#925,.T.);
#8837=ADVANCED_FACE('',(#8328),#926,.T.);
#8838=ADVANCED_FACE('',(#8329),#927,.T.);
#8839=ADVANCED_FACE('',(#8330),#928,.T.);
#8840=ADVANCED_FACE('',(#8331),#929,.T.);
#8841=ADVANCED_FACE('',(#8332),#930,.T.);
#8842=ADVANCED_FACE('',(#8333),#931,.T.);
#8843=ADVANCED_FACE('',(#8334),#932,.T.);
#8844=ADVANCED_FACE('',(#8335),#933,.T.);
#8845=ADVANCED_FACE('',(#8336),#934,.T.);
#8846=ADVANCED_FACE('',(#8337),#935,.T.);
#8847=ADVANCED_FACE('',(#8338),#936,.T.);
#8848=ADVANCED_FACE('',(#8339),#937,.T.);
#8849=ADVANCED_FACE('',(#8340),#938,.T.);
#8850=ADVANCED_FACE('',(#8341),#939,.T.);
#8851=ADVANCED_FACE('',(#8342),#940,.T.);
#8852=ADVANCED_FACE('',(#8343),#941,.T.);
#8853=ADVANCED_FACE('',(#8344),#942,.T.);
#8854=ADVANCED_FACE('',(#8345),#943,.T.);
#8855=ADVANCED_FACE('',(#8346),#239,.F.);
#8856=ADVANCED_FACE('',(#8347),#240,.F.);
#8857=ADVANCED_FACE('',(#8348),#241,.F.);
#8858=ADVANCED_FACE('',(#8349),#944,.T.);
#8859=ADVANCED_FACE('',(#8350),#242,.F.);
#8860=ADVANCED_FACE('',(#8351),#243,.T.);
#8861=ADVANCED_FACE('',(#8352),#244,.T.);
#8862=ADVANCED_FACE('',(#8353),#245,.T.);
#8863=ADVANCED_FACE('',(#8354),#246,.T.);
#8864=ADVANCED_FACE('',(#8355),#247,.T.);
#8865=ADVANCED_FACE('',(#8356),#248,.T.);
#8866=ADVANCED_FACE('',(#8357),#249,.T.);
#8867=ADVANCED_FACE('',(#8358),#250,.T.);
#8868=ADVANCED_FACE('',(#8359),#251,.T.);
#8869=ADVANCED_FACE('',(#8360),#252,.T.);
#8870=ADVANCED_FACE('',(#8361),#253,.T.);
#8871=ADVANCED_FACE('',(#8362),#254,.T.);
#8872=ADVANCED_FACE('',(#8363),#255,.T.);
#8873=ADVANCED_FACE('',(#8364),#256,.T.);
#8874=ADVANCED_FACE('',(#8365),#257,.T.);
#8875=ADVANCED_FACE('',(#8366),#258,.T.);
#8876=ADVANCED_FACE('',(#8367),#259,.T.);
#8877=ADVANCED_FACE('',(#8368),#260,.T.);
#8878=ADVANCED_FACE('',(#8369),#261,.T.);
#8879=ADVANCED_FACE('',(#8370),#262,.T.);
#8880=ADVANCED_FACE('',(#8371),#263,.T.);
#8881=ADVANCED_FACE('',(#8372),#264,.T.);
#8882=ADVANCED_FACE('',(#8373),#265,.F.);
#8883=ADVANCED_FACE('',(#8374,#8375),#945,.F.);
#8884=ADVANCED_FACE('',(#8376),#946,.T.);
#8885=ADVANCED_FACE('',(#8377),#947,.T.);
#8886=ADVANCED_FACE('',(#8378),#948,.T.);
#8887=ADVANCED_FACE('',(#8379),#949,.T.);
#8888=ADVANCED_FACE('',(#8380),#950,.T.);
#8889=ADVANCED_FACE('',(#8381),#951,.T.);
#8890=ADVANCED_FACE('',(#8382),#952,.T.);
#8891=ADVANCED_FACE('',(#8383),#953,.T.);
#8892=ADVANCED_FACE('',(#8384),#954,.T.);
#8893=ADVANCED_FACE('',(#8385),#955,.T.);
#8894=ADVANCED_FACE('',(#8386),#956,.T.);
#8895=ADVANCED_FACE('',(#8387),#957,.T.);
#8896=ADVANCED_FACE('',(#8388),#958,.T.);
#8897=ADVANCED_FACE('',(#8389),#959,.T.);
#8898=ADVANCED_FACE('',(#8390),#960,.T.);
#8899=ADVANCED_FACE('',(#8391),#961,.T.);
#8900=ADVANCED_FACE('',(#8392),#962,.T.);
#8901=ADVANCED_FACE('',(#8393),#963,.T.);
#8902=ADVANCED_FACE('',(#8394),#964,.T.);
#8903=ADVANCED_FACE('',(#8395),#965,.T.);
#8904=ADVANCED_FACE('',(#8396,#8397),#266,.F.);
#8905=ADVANCED_FACE('',(#8398),#267,.F.);
#8906=ADVANCED_FACE('',(#8399),#268,.F.);
#8907=ADVANCED_FACE('',(#8400),#966,.T.);
#8908=ADVANCED_FACE('',(#8401),#269,.T.);
#8909=ADVANCED_FACE('',(#8402),#270,.T.);
#8910=ADVANCED_FACE('',(#8403),#271,.T.);
#8911=ADVANCED_FACE('',(#8404),#272,.F.);
#8912=ADVANCED_FACE('',(#8405),#273,.F.);
#8913=ADVANCED_FACE('',(#8406),#967,.T.);
#8914=ADVANCED_FACE('',(#8407),#274,.T.);
#8915=ADVANCED_FACE('',(#8408),#275,.F.);
#8916=ADVANCED_FACE('',(#8409),#276,.F.);
#8917=ADVANCED_FACE('',(#8410),#968,.T.);
#8918=ADVANCED_FACE('',(#8411),#277,.T.);
#8919=ADVANCED_FACE('',(#8412),#278,.F.);
#8920=ADVANCED_FACE('',(#8413),#279,.F.);
#8921=ADVANCED_FACE('',(#8414),#969,.T.);
#8922=ADVANCED_FACE('',(#8415),#280,.T.);
#8923=ADVANCED_FACE('',(#8416),#281,.T.);
#8924=ADVANCED_FACE('',(#8417),#282,.F.);
#8925=ADVANCED_FACE('',(#8418),#283,.F.);
#8926=ADVANCED_FACE('',(#8419),#970,.T.);
#8927=ADVANCED_FACE('',(#8420),#284,.T.);
#8928=ADVANCED_FACE('',(#8421),#285,.T.);
#8929=ADVANCED_FACE('',(#8422),#286,.F.);
#8930=ADVANCED_FACE('',(#8423),#287,.F.);
#8931=ADVANCED_FACE('',(#8424),#971,.T.);
#8932=ADVANCED_FACE('',(#8425),#288,.T.);
#8933=ADVANCED_FACE('',(#8426),#289,.T.);
#8934=ADVANCED_FACE('',(#8427),#290,.F.);
#8935=ADVANCED_FACE('',(#8428),#291,.F.);
#8936=ADVANCED_FACE('',(#8429),#972,.T.);
#8937=ADVANCED_FACE('',(#8430),#292,.T.);
#8938=ADVANCED_FACE('',(#8431),#293,.T.);
#8939=ADVANCED_FACE('',(#8432),#294,.F.);
#8940=ADVANCED_FACE('',(#8433),#295,.F.);
#8941=ADVANCED_FACE('',(#8434),#973,.T.);
#8942=ADVANCED_FACE('',(#8435),#296,.T.);
#8943=ADVANCED_FACE('',(#8436),#297,.T.);
#8944=ADVANCED_FACE('',(#8437),#298,.F.);
#8945=ADVANCED_FACE('',(#8438),#299,.F.);
#8946=ADVANCED_FACE('',(#8439),#974,.T.);
#8947=ADVANCED_FACE('',(#8440),#300,.T.);
#8948=ADVANCED_FACE('',(#8441),#301,.T.);
#8949=ADVANCED_FACE('',(#8442),#302,.F.);
#8950=ADVANCED_FACE('',(#8443),#303,.F.);
#8951=ADVANCED_FACE('',(#8444),#975,.T.);
#8952=ADVANCED_FACE('',(#8445),#304,.T.);
#8953=ADVANCED_FACE('',(#8446),#305,.T.);
#8954=ADVANCED_FACE('',(#8447),#306,.F.);
#8955=ADVANCED_FACE('',(#8448),#307,.F.);
#8956=ADVANCED_FACE('',(#8449),#976,.T.);
#8957=ADVANCED_FACE('',(#8450),#308,.T.);
#8958=ADVANCED_FACE('',(#8451),#309,.T.);
#8959=ADVANCED_FACE('',(#8452),#310,.F.);
#8960=ADVANCED_FACE('',(#8453),#311,.F.);
#8961=ADVANCED_FACE('',(#8454),#977,.T.);
#8962=ADVANCED_FACE('',(#8455),#312,.T.);
#8963=ADVANCED_FACE('',(#8456),#313,.T.);
#8964=ADVANCED_FACE('',(#8457),#314,.F.);
#8965=ADVANCED_FACE('',(#8458),#315,.F.);
#8966=ADVANCED_FACE('',(#8459),#978,.T.);
#8967=ADVANCED_FACE('',(#8460),#316,.T.);
#8968=ADVANCED_FACE('',(#8461),#317,.T.);
#8969=ADVANCED_FACE('',(#8462),#318,.F.);
#8970=ADVANCED_FACE('',(#8463),#319,.F.);
#8971=ADVANCED_FACE('',(#8464),#979,.T.);
#8972=ADVANCED_FACE('',(#8465),#320,.T.);
#8973=ADVANCED_FACE('',(#8466),#321,.T.);
#8974=ADVANCED_FACE('',(#8467),#322,.F.);
#8975=ADVANCED_FACE('',(#8468),#323,.F.);
#8976=ADVANCED_FACE('',(#8469),#980,.T.);
#8977=ADVANCED_FACE('',(#8470),#324,.T.);
#8978=ADVANCED_FACE('',(#8471),#325,.T.);
#8979=ADVANCED_FACE('',(#8472),#326,.F.);
#8980=ADVANCED_FACE('',(#8473),#327,.F.);
#8981=ADVANCED_FACE('',(#8474),#981,.T.);
#8982=ADVANCED_FACE('',(#8475),#328,.T.);
#8983=ADVANCED_FACE('',(#8476),#329,.T.);
#8984=ADVANCED_FACE('',(#8477),#330,.F.);
#8985=ADVANCED_FACE('',(#8478),#331,.F.);
#8986=ADVANCED_FACE('',(#8479),#982,.T.);
#8987=ADVANCED_FACE('',(#8480),#332,.T.);
#8988=ADVANCED_FACE('',(#8481),#333,.T.);
#8989=ADVANCED_FACE('',(#8482),#334,.F.);
#8990=ADVANCED_FACE('',(#8483),#335,.F.);
#8991=ADVANCED_FACE('',(#8484),#983,.T.);
#8992=ADVANCED_FACE('',(#8485),#336,.T.);
#8993=ADVANCED_FACE('',(#8486),#337,.T.);
#8994=ADVANCED_FACE('',(#8487),#338,.F.);
#8995=ADVANCED_FACE('',(#8488),#339,.F.);
#8996=ADVANCED_FACE('',(#8489),#984,.T.);
#8997=ADVANCED_FACE('',(#8490),#340,.T.);
#8998=ADVANCED_FACE('',(#8491),#341,.T.);
#8999=ADVANCED_FACE('',(#8492),#342,.F.);
#9000=ADVANCED_FACE('',(#8493),#343,.F.);
#9001=ADVANCED_FACE('',(#8494),#985,.T.);
#9002=ADVANCED_FACE('',(#8495),#344,.T.);
#9003=ADVANCED_FACE('',(#8496),#345,.T.);
#9004=ADVANCED_FACE('',(#8497),#346,.F.);
#9005=ADVANCED_FACE('',(#8498),#347,.F.);
#9006=ADVANCED_FACE('',(#8499),#986,.T.);
#9007=ADVANCED_FACE('',(#8500),#348,.T.);
#9008=ADVANCED_FACE('',(#8501),#349,.F.);
#9009=ADVANCED_FACE('',(#8502),#350,.F.);
#9010=ADVANCED_FACE('',(#8503),#987,.T.);
#9011=ADVANCED_FACE('',(#8504),#351,.F.);
#9012=ADVANCED_FACE('',(#8505),#352,.F.);
#9013=ADVANCED_FACE('',(#8506),#988,.T.);
#9014=ADVANCED_FACE('',(#8507),#353,.F.);
#9015=ADVANCED_FACE('',(#8508),#354,.F.);
#9016=ADVANCED_FACE('',(#8509),#989,.T.);
#9017=ADVANCED_FACE('',(#8510),#355,.F.);
#9018=ADVANCED_FACE('',(#8511),#356,.F.);
#9019=ADVANCED_FACE('',(#8512),#990,.T.);
#9020=ADVANCED_FACE('',(#8513),#357,.F.);
#9021=ADVANCED_FACE('',(#8514),#358,.F.);
#9022=ADVANCED_FACE('',(#8515),#991,.T.);
#9023=ADVANCED_FACE('',(#8516),#359,.F.);
#9024=ADVANCED_FACE('',(#8517),#360,.F.);
#9025=ADVANCED_FACE('',(#8518),#992,.T.);
#9026=ADVANCED_FACE('',(#8519),#361,.F.);
#9027=ADVANCED_FACE('',(#8520),#362,.F.);
#9028=ADVANCED_FACE('',(#8521),#993,.T.);
#9029=ADVANCED_FACE('',(#8522),#363,.F.);
#9030=ADVANCED_FACE('',(#8523),#364,.F.);
#9031=ADVANCED_FACE('',(#8524),#994,.T.);
#9032=ADVANCED_FACE('',(#8525),#365,.F.);
#9033=ADVANCED_FACE('',(#8526),#366,.F.);
#9034=ADVANCED_FACE('',(#8527),#995,.T.);
#9035=ADVANCED_FACE('',(#8528),#367,.F.);
#9036=ADVANCED_FACE('',(#8529),#368,.F.);
#9037=ADVANCED_FACE('',(#8530),#996,.T.);
#9038=ADVANCED_FACE('',(#8531),#369,.F.);
#9039=ADVANCED_FACE('',(#8532),#370,.F.);
#9040=ADVANCED_FACE('',(#8533),#997,.T.);
#9041=ADVANCED_FACE('',(#8534),#371,.F.);
#9042=ADVANCED_FACE('',(#8535),#372,.F.);
#9043=ADVANCED_FACE('',(#8536),#998,.T.);
#9044=ADVANCED_FACE('',(#8537),#373,.F.);
#9045=ADVANCED_FACE('',(#8538),#374,.F.);
#9046=ADVANCED_FACE('',(#8539),#999,.T.);
#9047=ADVANCED_FACE('',(#8540),#375,.F.);
#9048=ADVANCED_FACE('',(#8541),#376,.F.);
#9049=ADVANCED_FACE('',(#8542),#1000,.T.);
#9050=ADVANCED_FACE('',(#8543),#377,.F.);
#9051=ADVANCED_FACE('',(#8544),#378,.F.);
#9052=ADVANCED_FACE('',(#8545),#1001,.T.);
#9053=ADVANCED_FACE('',(#8546),#379,.F.);
#9054=ADVANCED_FACE('',(#8547),#380,.F.);
#9055=ADVANCED_FACE('',(#8548),#1002,.T.);
#9056=ADVANCED_FACE('',(#8549),#381,.F.);
#9057=ADVANCED_FACE('',(#8550),#382,.F.);
#9058=ADVANCED_FACE('',(#8551),#1003,.T.);
#9059=ADVANCED_FACE('',(#8552),#383,.F.);
#9060=ADVANCED_FACE('',(#8553),#384,.F.);
#9061=ADVANCED_FACE('',(#8554),#1004,.T.);
#9062=ADVANCED_FACE('',(#8555),#385,.F.);
#9063=ADVANCED_FACE('',(#8556),#386,.F.);
#9064=ADVANCED_FACE('',(#8557),#1005,.T.);
#9065=ADVANCED_FACE('',(#8558,#8559,#8560),#82,.T.);
#9066=CLOSED_SHELL('',(#8566,#8567,#8568,#8569,#8570,#8571,#8572,#8573,
#8574,#8575,#8576,#8577,#8578,#8579,#8580,#8581,#8582,#8583,#8584,#8585,
#8586,#8587,#8588,#8589,#8590,#8591,#8592,#8593,#8594,#8595,#8596,#8597,
#8598,#8599,#8600,#8601,#8602,#8603,#8604,#8605,#8606,#8607,#8608,#8609,
#8610,#8611,#8612,#8613,#8614,#8615,#8616,#8617,#8618,#8619,#8620,#8621,
#8622,#8623,#8624,#8625,#8626,#8627,#8628,#8629,#8630,#8631,#8632,#8633,
#8634,#8635,#8636,#8637,#8638,#8639,#8640,#8641,#8642,#8643,#8644,#8645,
#8646,#8647,#8648,#8649,#8650,#8651,#8652,#8653,#8654,#8655,#8656,#8657,
#8658,#8659,#8660,#8661,#8662,#8663,#8664,#8665,#8666,#8667,#8668,#8669,
#8670,#8671,#8672,#8673,#8674,#8675,#8676,#8677,#8678,#8679,#8680,#8681,
#8682,#8683,#8684,#8685,#8686,#8687,#8688,#8689,#8690,#8691,#8692,#8693,
#8694,#8695,#8696,#8697,#8698,#8699,#8700,#8701,#8702,#8703,#8704,#8705,
#8706,#8707,#8708,#8709,#8710,#8711,#8712,#8713,#8714,#8715,#8716,#8717,
#8718,#8719,#8720,#8721,#8722,#8723,#8724,#8725,#8726,#8727,#8728,#8729,
#8730,#8731,#8732,#8733,#8734,#8735,#8736,#8737,#8738,#8739,#8740,#8741,
#8742,#8743,#8744,#8745,#8746,#8747,#8748,#8749,#8750,#8751,#8752,#8753,
#8754,#8755,#8756,#8757,#8758,#8759,#8760,#8761,#8762,#8763,#8764,#8765,
#8766,#8767,#8768,#8769,#8770,#8771,#8772,#8773,#8774,#8775,#8776,#8777,
#8778,#8779,#8780,#8781,#8782,#8783,#8784,#8785,#8786,#8787,#8788,#8789,
#8790,#8791,#8792,#8793,#8794,#8795,#8796,#8797,#8798,#8799,#8800,#8801,
#8802,#8803,#8804,#8805,#8806,#8807,#8808,#8809,#8810,#8811,#8812,#8813,
#8814,#8815,#8816,#8817,#8818,#8819,#8820,#8821));
#9067=CLOSED_SHELL('',(#8822,#8823,#8824,#8825,#8826,#8827,#8828,#8829,
#8830,#8831,#8832,#8833,#8834,#8835));
#9068=CLOSED_SHELL('',(#8836,#8837,#8838,#8839,#8840,#8841,#8842,#8843,
#8844,#8845,#8846,#8847,#8848,#8849,#8850,#8851,#8852,#8853,#8854,#8855,
#8856,#8857,#8858,#8859,#8860,#8861,#8862,#8863,#8864,#8865,#8866,#8867,
#8868,#8869,#8870,#8871,#8872,#8873,#8874,#8875,#8876,#8877,#8878,#8879,
#8880,#8881,#8882,#8883,#8884,#8885,#8886,#8887,#8888,#8889,#8890,#8891,
#8892,#8893,#8894,#8895,#8896,#8897,#8898,#8899,#8900,#8901,#8902,#8903,
#8904,#8905,#8906,#8907,#8908,#8909,#8910,#8911,#8912,#8913,#8914,#8915,
#8916,#8917,#8918,#8919,#8920,#8921,#8922,#8923,#8924,#8925,#8926,#8927,
#8928,#8929,#8930,#8931,#8932,#8933,#8934,#8935,#8936,#8937,#8938,#8939,
#8940,#8941,#8942,#8943,#8944,#8945,#8946,#8947,#8948,#8949,#8950,#8951,
#8952,#8953,#8954,#8955,#8956,#8957,#8958,#8959,#8960,#8961,#8962,#8963,
#8964,#8965,#8966,#8967,#8968,#8969,#8970,#8971,#8972,#8973,#8974,#8975,
#8976,#8977,#8978,#8979,#8980,#8981,#8982,#8983,#8984,#8985,#8986,#8987,
#8988,#8989,#8990,#8991,#8992,#8993,#8994,#8995,#8996,#8997,#8998,#8999,
#9000,#9001,#9002,#9003,#9004,#9005,#9006,#9007,#9008,#9009,#9010,#9011,
#9012,#9013,#9014,#9015,#9016,#9017,#9018,#9019,#9020,#9021,#9022,#9023,
#9024,#9025,#9026,#9027,#9028,#9029,#9030,#9031,#9032,#9033,#9034,#9035,
#9036,#9037,#9038,#9039,#9040,#9041,#9042,#9043,#9044,#9045,#9046,#9047,
#9048,#9049,#9050,#9051,#9052,#9053,#9054,#9055,#9056,#9057,#9058,#9059,
#9060,#9061,#9062,#9063,#9064,#9065));
#9069=STYLED_ITEM('',(#9072),#9093);
#9070=STYLED_ITEM('',(#9073),#9094);
#9071=STYLED_ITEM('',(#9074),#9095);
#9072=PRESENTATION_STYLE_ASSIGNMENT((#9075));
#9073=PRESENTATION_STYLE_ASSIGNMENT((#9076));
#9074=PRESENTATION_STYLE_ASSIGNMENT((#9077));
#9075=SURFACE_STYLE_USAGE(.BOTH.,#9078);
#9076=SURFACE_STYLE_USAGE(.BOTH.,#9079);
#9077=SURFACE_STYLE_USAGE(.BOTH.,#9080);
#9078=SURFACE_SIDE_STYLE('',(#9081));
#9079=SURFACE_SIDE_STYLE('',(#9082));
#9080=SURFACE_SIDE_STYLE('',(#9083));
#9081=SURFACE_STYLE_FILL_AREA(#9084);
#9082=SURFACE_STYLE_FILL_AREA(#9085);
#9083=SURFACE_STYLE_FILL_AREA(#9086);
#9084=FILL_AREA_STYLE('',(#9087));
#9085=FILL_AREA_STYLE('',(#9088));
#9086=FILL_AREA_STYLE('',(#9089));
#9087=FILL_AREA_STYLE_COLOUR('',#9090);
#9088=FILL_AREA_STYLE_COLOUR('',#9091);
#9089=FILL_AREA_STYLE_COLOUR('',#9092);
#9090=COLOUR_RGB('',0.545098039215686,0.525490196078431,0.419607843137255);
#9091=COLOUR_RGB('',0.,0.588235294117647,0.435294117647059);
#9092=COLOUR_RGB('',0.4,0.4,0.4);
#9093=MANIFOLD_SOLID_BREP('Body (0)',#9066);
#9094=MANIFOLD_SOLID_BREP('Body (2)',#9067);
#9095=MANIFOLD_SOLID_BREP('Body (1)',#9068);
#9096=SHAPE_DEFINITION_REPRESENTATION(#15911,#9097);
#9097=SHAPE_REPRESENTATION('OOM-W01-exported',(#9098),#15906);
#9098=AXIS2_PLACEMENT_3D('',#12751,#10049,#10050);
#9099=AXIS2_PLACEMENT_3D('',#12926,#10052,#10053);
#9100=AXIS2_PLACEMENT_3D('',#12927,#10054,#10055);
#9101=AXIS2_PLACEMENT_3D('',#12937,#10056,#10057);
#9102=AXIS2_PLACEMENT_3D('',#12940,#10058,#10059);
#9103=AXIS2_PLACEMENT_3D('',#12942,#10060,#10061);
#9104=AXIS2_PLACEMENT_3D('',#12944,#10062,#10063);
#9105=AXIS2_PLACEMENT_3D('',#12945,#10064,#10065);
#9106=AXIS2_PLACEMENT_3D('',#12949,#10067,#10068);
#9107=AXIS2_PLACEMENT_3D('',#12953,#10070,#10071);
#9108=AXIS2_PLACEMENT_3D('',#12957,#10073,#10074);
#9109=AXIS2_PLACEMENT_3D('',#12959,#10075,#10076);
#9110=AXIS2_PLACEMENT_3D('',#12963,#10078,#10079);
#9111=AXIS2_PLACEMENT_3D('',#12964,#10080,#10081);
#9112=AXIS2_PLACEMENT_3D('',#12965,#10082,#10083);
#9113=AXIS2_PLACEMENT_3D('',#12970,#10085,#10086);
#9114=AXIS2_PLACEMENT_3D('',#12974,#10088,#10089);
#9115=AXIS2_PLACEMENT_3D('',#12978,#10091,#10092);
#9116=AXIS2_PLACEMENT_3D('',#12991,#10094,#10095);
#9117=AXIS2_PLACEMENT_3D('',#12998,#10099,#10100);
#9118=AXIS2_PLACEMENT_3D('',#13000,#10101,#10102);
#9119=AXIS2_PLACEMENT_3D('',#13001,#10103,#10104);
#9120=AXIS2_PLACEMENT_3D('',#13011,#10109,#10110);
#9121=AXIS2_PLACEMENT_3D('',#13014,#10112,#10113);
#9122=AXIS2_PLACEMENT_3D('',#13015,#10114,#10115);
#9123=AXIS2_PLACEMENT_3D('',#13020,#10117,#10118);
#9124=AXIS2_PLACEMENT_3D('',#13024,#10120,#10121);
#9125=AXIS2_PLACEMENT_3D('',#13025,#10122,#10123);
#9126=AXIS2_PLACEMENT_3D('',#13033,#10125,#10126);
#9127=AXIS2_PLACEMENT_3D('',#13049,#10134,#10135);
#9128=AXIS2_PLACEMENT_3D('',#13053,#10137,#10138);
#9129=AXIS2_PLACEMENT_3D('',#13056,#10140,#10141);
#9130=AXIS2_PLACEMENT_3D('',#13066,#10145,#10146);
#9131=AXIS2_PLACEMENT_3D('',#13083,#10147,#10148);
#9132=AXIS2_PLACEMENT_3D('',#13091,#10149,#10150);
#9133=AXIS2_PLACEMENT_3D('',#13092,#10151,#10152);
#9134=AXIS2_PLACEMENT_3D('',#13094,#10153,#10154);
#9135=AXIS2_PLACEMENT_3D('',#13106,#10155,#10156);
#9136=AXIS2_PLACEMENT_3D('',#13109,#10158,#10159);
#9137=AXIS2_PLACEMENT_3D('',#13112,#10161,#10162);
#9138=AXIS2_PLACEMENT_3D('',#13113,#10163,#10164);
#9139=AXIS2_PLACEMENT_3D('',#13204,#10165,#10166);
#9140=AXIS2_PLACEMENT_3D('',#13227,#10167,#10168);
#9141=AXIS2_PLACEMENT_3D('',#13229,#10169,#10170);
#9142=AXIS2_PLACEMENT_3D('',#13253,#10171,#10172);
#9143=AXIS2_PLACEMENT_3D('',#13255,#10173,#10174);
#9144=AXIS2_PLACEMENT_3D('',#13257,#10175,#10176);
#9145=AXIS2_PLACEMENT_3D('',#13264,#10180,#10181);
#9146=AXIS2_PLACEMENT_3D('',#13267,#10183,#10184);
#9147=AXIS2_PLACEMENT_3D('',#13268,#10185,#10186);
#9148=AXIS2_PLACEMENT_3D('',#13269,#10187,#10188);
#9149=AXIS2_PLACEMENT_3D('',#13281,#10189,#10190);
#9150=AXIS2_PLACEMENT_3D('',#13285,#10192,#10193);
#9151=AXIS2_PLACEMENT_3D('',#13319,#10194,#10195);
#9152=AXIS2_PLACEMENT_3D('',#13320,#10196,#10197);
#9153=AXIS2_PLACEMENT_3D('',#13323,#10198,#10199);
#9154=AXIS2_PLACEMENT_3D('',#13325,#10200,#10201);
#9155=AXIS2_PLACEMENT_3D('',#13329,#10203,#10204);
#9156=AXIS2_PLACEMENT_3D('',#13332,#10206,#10207);
#9157=AXIS2_PLACEMENT_3D('',#13333,#10208,#10209);
#9158=AXIS2_PLACEMENT_3D('',#13338,#10212,#10213);
#9159=AXIS2_PLACEMENT_3D('',#13339,#10214,#10215);
#9160=AXIS2_PLACEMENT_3D('',#13343,#10217,#10218);
#9161=AXIS2_PLACEMENT_3D('',#13352,#10223,#10224);
#9162=AXIS2_PLACEMENT_3D('',#13355,#10226,#10227);
#9163=AXIS2_PLACEMENT_3D('',#13358,#10229,#10230);
#9164=AXIS2_PLACEMENT_3D('',#13362,#10232,#10233);
#9165=AXIS2_PLACEMENT_3D('',#13366,#10235,#10236);
#9166=AXIS2_PLACEMENT_3D('',#13367,#10237,#10238);
#9167=AXIS2_PLACEMENT_3D('',#13373,#10242,#10243);
#9168=AXIS2_PLACEMENT_3D('',#13377,#10245,#10246);
#9169=AXIS2_PLACEMENT_3D('',#13378,#10247,#10248);
#9170=AXIS2_PLACEMENT_3D('',#13379,#10249,#10250);
#9171=AXIS2_PLACEMENT_3D('',#13385,#10254,#10255);
#9172=AXIS2_PLACEMENT_3D('',#13389,#10257,#10258);
#9173=AXIS2_PLACEMENT_3D('',#13390,#10259,#10260);
#9174=AXIS2_PLACEMENT_3D('',#13392,#10261,#10262);
#9175=AXIS2_PLACEMENT_3D('',#13420,#10265,#10266);
#9176=AXIS2_PLACEMENT_3D('',#13471,#10267,#10268);
#9177=AXIS2_PLACEMENT_3D('',#13477,#10269,#10270);
#9178=AXIS2_PLACEMENT_3D('',#13493,#10278,#10279);
#9179=AXIS2_PLACEMENT_3D('',#13496,#10281,#10282);
#9180=AXIS2_PLACEMENT_3D('',#13497,#10283,#10284);
#9181=AXIS2_PLACEMENT_3D('',#13499,#10285,#10286);
#9182=AXIS2_PLACEMENT_3D('',#13503,#10288,#10289);
#9183=AXIS2_PLACEMENT_3D('',#13504,#10290,#10291);
#9184=AXIS2_PLACEMENT_3D('',#13505,#10292,#10293);
#9185=AXIS2_PLACEMENT_3D('',#13510,#10295,#10296);
#9186=AXIS2_PLACEMENT_3D('',#13514,#10298,#10299);
#9187=AXIS2_PLACEMENT_3D('',#13518,#10301,#10302);
#9188=AXIS2_PLACEMENT_3D('',#13521,#10304,#10305);
#9189=AXIS2_PLACEMENT_3D('',#13522,#10306,#10307);
#9190=AXIS2_PLACEMENT_3D('',#13525,#10309,#10310);
#9191=AXIS2_PLACEMENT_3D('',#13526,#10311,#10312);
#9192=AXIS2_PLACEMENT_3D('',#13531,#10315,#10316);
#9193=AXIS2_PLACEMENT_3D('',#13532,#10317,#10318);
#9194=AXIS2_PLACEMENT_3D('',#13536,#10320,#10321);
#9195=AXIS2_PLACEMENT_3D('',#13537,#10322,#10323);
#9196=AXIS2_PLACEMENT_3D('',#13541,#10326,#10327);
#9197=AXIS2_PLACEMENT_3D('',#13542,#10328,#10329);
#9198=AXIS2_PLACEMENT_3D('',#13547,#10331,#10332);
#9199=AXIS2_PLACEMENT_3D('',#13550,#10334,#10335);
#9200=AXIS2_PLACEMENT_3D('',#13551,#10336,#10337);
#9201=AXIS2_PLACEMENT_3D('',#13553,#10338,#10339);
#9202=AXIS2_PLACEMENT_3D('',#13556,#10341,#10342);
#9203=AXIS2_PLACEMENT_3D('',#13562,#10346,#10347);
#9204=AXIS2_PLACEMENT_3D('',#13566,#10349,#10350);
#9205=AXIS2_PLACEMENT_3D('',#13567,#10351,#10352);
#9206=AXIS2_PLACEMENT_3D('',#13568,#10353,#10354);
#9207=AXIS2_PLACEMENT_3D('',#13572,#10356,#10357);
#9208=AXIS2_PLACEMENT_3D('',#13574,#10358,#10359);
#9209=AXIS2_PLACEMENT_3D('',#13575,#10360,#10361);
#9210=AXIS2_PLACEMENT_3D('',#13576,#10362,#10363);
#9211=AXIS2_PLACEMENT_3D('',#13578,#10364,#10365);
#9212=AXIS2_PLACEMENT_3D('',#13579,#10366,#10367);
#9213=AXIS2_PLACEMENT_3D('',#13580,#10368,#10369);
#9214=AXIS2_PLACEMENT_3D('',#13584,#10371,#10372);
#9215=AXIS2_PLACEMENT_3D('',#13588,#10374,#10375);
#9216=AXIS2_PLACEMENT_3D('',#13589,#10376,#10377);
#9217=AXIS2_PLACEMENT_3D('',#13591,#10378,#10379);
#9218=AXIS2_PLACEMENT_3D('',#13592,#10380,#10381);
#9219=AXIS2_PLACEMENT_3D('',#13597,#10385,#10386);
#9220=AXIS2_PLACEMENT_3D('',#13598,#10387,#10388);
#9221=AXIS2_PLACEMENT_3D('',#13600,#10389,#10390);
#9222=AXIS2_PLACEMENT_3D('',#13602,#10391,#10392);
#9223=AXIS2_PLACEMENT_3D('',#13605,#10394,#10395);
#9224=AXIS2_PLACEMENT_3D('',#13607,#10396,#10397);
#9225=AXIS2_PLACEMENT_3D('',#13608,#10398,#10399);
#9226=AXIS2_PLACEMENT_3D('',#13611,#10401,#10402);
#9227=AXIS2_PLACEMENT_3D('',#13613,#10403,#10404);
#9228=AXIS2_PLACEMENT_3D('',#13615,#10406,#10407);
#9229=AXIS2_PLACEMENT_3D('',#13616,#10408,#10409);
#9230=AXIS2_PLACEMENT_3D('',#13619,#10411,#10412);
#9231=AXIS2_PLACEMENT_3D('',#13623,#10414,#10415);
#9232=AXIS2_PLACEMENT_3D('',#13627,#10417,#10418);
#9233=AXIS2_PLACEMENT_3D('',#13631,#10420,#10421);
#9234=AXIS2_PLACEMENT_3D('',#13642,#10424,#10425);
#9235=AXIS2_PLACEMENT_3D('',#13651,#10427,#10428);
#9236=AXIS2_PLACEMENT_3D('',#13652,#10429,#10430);
#9237=AXIS2_PLACEMENT_3D('',#13661,#10435,#10436);
#9238=AXIS2_PLACEMENT_3D('',#13662,#10437,#10438);
#9239=AXIS2_PLACEMENT_3D('',#13664,#10439,#10440);
#9240=AXIS2_PLACEMENT_3D('',#13665,#10441,#10442);
#9241=AXIS2_PLACEMENT_3D('',#13673,#10447,#10448);
#9242=AXIS2_PLACEMENT_3D('',#13674,#10449,#10450);
#9243=AXIS2_PLACEMENT_3D('',#13682,#10455,#10456);
#9244=AXIS2_PLACEMENT_3D('',#13685,#10458,#10459);
#9245=AXIS2_PLACEMENT_3D('',#13687,#10460,#10461);
#9246=AXIS2_PLACEMENT_3D('',#13693,#10464,#10465);
#9247=AXIS2_PLACEMENT_3D('',#13695,#10466,#10467);
#9248=AXIS2_PLACEMENT_3D('',#13697,#10468,#10469);
#9249=AXIS2_PLACEMENT_3D('',#13703,#10472,#10473);
#9250=AXIS2_PLACEMENT_3D('',#13706,#10475,#10476);
#9251=AXIS2_PLACEMENT_3D('',#13709,#10479,#10480);
#9252=AXIS2_PLACEMENT_3D('',#13712,#10482,#10483);
#9253=AXIS2_PLACEMENT_3D('',#13715,#10485,#10486);
#9254=AXIS2_PLACEMENT_3D('',#13718,#10488,#10489);
#9255=AXIS2_PLACEMENT_3D('',#13723,#10492,#10493);
#9256=AXIS2_PLACEMENT_3D('',#13726,#10495,#10496);
#9257=AXIS2_PLACEMENT_3D('',#13735,#10498,#10499);
#9258=AXIS2_PLACEMENT_3D('',#13742,#10500,#10501);
#9259=AXIS2_PLACEMENT_3D('',#13749,#10502,#10503);
#9260=AXIS2_PLACEMENT_3D('',#13752,#10505,#10506);
#9261=AXIS2_PLACEMENT_3D('',#13755,#10508,#10509);
#9262=AXIS2_PLACEMENT_3D('',#13763,#10513,#10514);
#9263=AXIS2_PLACEMENT_3D('',#13765,#10515,#10516);
#9264=AXIS2_PLACEMENT_3D('',#13767,#10517,#10518);
#9265=AXIS2_PLACEMENT_3D('',#13768,#10519,#10520);
#9266=AXIS2_PLACEMENT_3D('',#13774,#10526,#10527);
#9267=AXIS2_PLACEMENT_3D('',#13775,#10528,#10529);
#9268=AXIS2_PLACEMENT_3D('',#13776,#10530,#10531);
#9269=AXIS2_PLACEMENT_3D('',#13783,#10535,#10536);
#9270=AXIS2_PLACEMENT_3D('',#13785,#10538,#10539);
#9271=AXIS2_PLACEMENT_3D('',#13787,#10541,#10542);
#9272=AXIS2_PLACEMENT_3D('',#13789,#10544,#10545);
#9273=AXIS2_PLACEMENT_3D('',#13791,#10547,#10548);
#9274=AXIS2_PLACEMENT_3D('',#13793,#10550,#10551);
#9275=AXIS2_PLACEMENT_3D('',#13794,#10552,#10553);
#9276=AXIS2_PLACEMENT_3D('',#13800,#10558,#10559);
#9277=AXIS2_PLACEMENT_3D('',#13801,#10560,#10561);
#9278=AXIS2_PLACEMENT_3D('',#13808,#10562,#10563);
#9279=AXIS2_PLACEMENT_3D('',#13815,#10564,#10565);
#9280=AXIS2_PLACEMENT_3D('',#13821,#10566,#10567);
#9281=AXIS2_PLACEMENT_3D('',#13823,#10569,#10570);
#9282=AXIS2_PLACEMENT_3D('',#13824,#10571,#10572);
#9283=AXIS2_PLACEMENT_3D('',#13826,#10574,#10575);
#9284=AXIS2_PLACEMENT_3D('',#13827,#10576,#10577);
#9285=AXIS2_PLACEMENT_3D('',#13828,#10578,#10579);
#9286=AXIS2_PLACEMENT_3D('',#13830,#10581,#10582);
#9287=AXIS2_PLACEMENT_3D('',#13832,#10584,#10585);
#9288=AXIS2_PLACEMENT_3D('',#13833,#10586,#10587);
#9289=AXIS2_PLACEMENT_3D('',#13834,#10588,#10589);
#9290=AXIS2_PLACEMENT_3D('',#13836,#10591,#10592);
#9291=AXIS2_PLACEMENT_3D('',#13837,#10593,#10594);
#9292=AXIS2_PLACEMENT_3D('',#13839,#10596,#10597);
#9293=AXIS2_PLACEMENT_3D('',#13840,#10598,#10599);
#9294=AXIS2_PLACEMENT_3D('',#13845,#10601,#10602);
#9295=AXIS2_PLACEMENT_3D('',#13848,#10604,#10605);
#9296=AXIS2_PLACEMENT_3D('',#13849,#10606,#10607);
#9297=AXIS2_PLACEMENT_3D('',#13851,#10608,#10609);
#9298=AXIS2_PLACEMENT_3D('',#13854,#10611,#10612);
#9299=AXIS2_PLACEMENT_3D('',#13855,#10613,#10614);
#9300=AXIS2_PLACEMENT_3D('',#13857,#10615,#10616);
#9301=AXIS2_PLACEMENT_3D('',#13860,#10618,#10619);
#9302=AXIS2_PLACEMENT_3D('',#13861,#10620,#10621);
#9303=AXIS2_PLACEMENT_3D('',#13863,#10622,#10623);
#9304=AXIS2_PLACEMENT_3D('',#13866,#10625,#10626);
#9305=AXIS2_PLACEMENT_3D('',#13867,#10627,#10628);
#9306=AXIS2_PLACEMENT_3D('',#13869,#10629,#10630);
#9307=AXIS2_PLACEMENT_3D('',#13872,#10632,#10633);
#9308=AXIS2_PLACEMENT_3D('',#13873,#10634,#10635);
#9309=AXIS2_PLACEMENT_3D('',#13875,#10636,#10637);
#9310=AXIS2_PLACEMENT_3D('',#13878,#10639,#10640);
#9311=AXIS2_PLACEMENT_3D('',#13885,#10641,#10642);
#9312=AXIS2_PLACEMENT_3D('',#13887,#10643,#10644);
#9313=AXIS2_PLACEMENT_3D('',#13889,#10645,#10646);
#9314=AXIS2_PLACEMENT_3D('',#13895,#10647,#10648);
#9315=AXIS2_PLACEMENT_3D('',#13896,#10649,#10650);
#9316=AXIS2_PLACEMENT_3D('',#13898,#10651,#10652);
#9317=AXIS2_PLACEMENT_3D('',#13900,#10653,#10654);
#9318=AXIS2_PLACEMENT_3D('',#13901,#10655,#10656);
#9319=AXIS2_PLACEMENT_3D('',#13904,#10658,#10659);
#9320=AXIS2_PLACEMENT_3D('',#13905,#10660,#10661);
#9321=AXIS2_PLACEMENT_3D('',#13906,#10662,#10663);
#9322=AXIS2_PLACEMENT_3D('',#13908,#10664,#10665);
#9323=AXIS2_PLACEMENT_3D('',#13909,#10666,#10667);
#9324=AXIS2_PLACEMENT_3D('',#13911,#10669,#10670);
#9325=AXIS2_PLACEMENT_3D('',#13918,#10675,#10676);
#9326=AXIS2_PLACEMENT_3D('',#13919,#10677,#10678);
#9327=AXIS2_PLACEMENT_3D('',#13920,#10679,#10680);
#9328=AXIS2_PLACEMENT_3D('',#13925,#10682,#10683);
#9329=AXIS2_PLACEMENT_3D('',#13931,#10684,#10685);
#9330=AXIS2_PLACEMENT_3D('',#13941,#10688,#10689);
#9331=AXIS2_PLACEMENT_3D('',#13949,#10691,#10692);
#9332=AXIS2_PLACEMENT_3D('',#13955,#10693,#10694);
#9333=AXIS2_PLACEMENT_3D('',#13965,#10697,#10698);
#9334=AXIS2_PLACEMENT_3D('',#13971,#10702,#10703);
#9335=AXIS2_PLACEMENT_3D('',#13975,#10705,#10706);
#9336=AXIS2_PLACEMENT_3D('',#13978,#10708,#10709);
#9337=AXIS2_PLACEMENT_3D('',#13979,#10710,#10711);
#9338=AXIS2_PLACEMENT_3D('',#13985,#10715,#10716);
#9339=AXIS2_PLACEMENT_3D('',#13986,#10717,#10718);
#9340=AXIS2_PLACEMENT_3D('',#13987,#10719,#10720);
#9341=AXIS2_PLACEMENT_3D('',#13988,#10721,#10722);
#9342=AXIS2_PLACEMENT_3D('',#13991,#10724,#10725);
#9343=AXIS2_PLACEMENT_3D('',#13994,#10727,#10728);
#9344=AXIS2_PLACEMENT_3D('',#13995,#10729,#10730);
#9345=AXIS2_PLACEMENT_3D('',#13997,#10732,#10733);
#9346=AXIS2_PLACEMENT_3D('',#14012,#10734,#10735);
#9347=AXIS2_PLACEMENT_3D('',#14025,#10736,#10737);
#9348=AXIS2_PLACEMENT_3D('',#14026,#10738,#10739);
#9349=AXIS2_PLACEMENT_3D('',#14027,#10740,#10741);
#9350=AXIS2_PLACEMENT_3D('',#14028,#10742,#10743);
#9351=AXIS2_PLACEMENT_3D('',#14032,#10746,#10747);
#9352=AXIS2_PLACEMENT_3D('',#14033,#10748,#10749);
#9353=AXIS2_PLACEMENT_3D('',#14036,#10751,#10752);
#9354=AXIS2_PLACEMENT_3D('',#14037,#10753,#10754);
#9355=AXIS2_PLACEMENT_3D('',#14040,#10756,#10757);
#9356=AXIS2_PLACEMENT_3D('',#14041,#10758,#10759);
#9357=AXIS2_PLACEMENT_3D('',#14043,#10761,#10762);
#9358=AXIS2_PLACEMENT_3D('',#14045,#10764,#10765);
#9359=AXIS2_PLACEMENT_3D('',#14046,#10766,#10767);
#9360=AXIS2_PLACEMENT_3D('',#14048,#10769,#10770);
#9361=AXIS2_PLACEMENT_3D('',#14049,#10771,#10772);
#9362=AXIS2_PLACEMENT_3D('',#14050,#10773,#10774);
#9363=AXIS2_PLACEMENT_3D('',#14052,#10775,#10776);
#9364=AXIS2_PLACEMENT_3D('',#14055,#10778,#10779);
#9365=AXIS2_PLACEMENT_3D('',#14059,#10782,#10783);
#9366=AXIS2_PLACEMENT_3D('',#14060,#10784,#10785);
#9367=AXIS2_PLACEMENT_3D('',#14064,#10787,#10788);
#9368=AXIS2_PLACEMENT_3D('',#14065,#10789,#10790);
#9369=AXIS2_PLACEMENT_3D('',#14066,#10791,#10792);
#9370=AXIS2_PLACEMENT_3D('',#14067,#10793,#10794);
#9371=AXIS2_PLACEMENT_3D('',#14069,#10796,#10797);
#9372=AXIS2_PLACEMENT_3D('',#14071,#10799,#10800);
#9373=AXIS2_PLACEMENT_3D('',#14073,#10802,#10803);
#9374=AXIS2_PLACEMENT_3D('',#14075,#10805,#10806);
#9375=AXIS2_PLACEMENT_3D('',#14076,#10807,#10808);
#9376=AXIS2_PLACEMENT_3D('',#14083,#10812,#10813);
#9377=AXIS2_PLACEMENT_3D('',#14086,#10815,#10816);
#9378=AXIS2_PLACEMENT_3D('',#14092,#10820,#10821);
#9379=AXIS2_PLACEMENT_3D('',#14098,#10825,#10826);
#9380=AXIS2_PLACEMENT_3D('',#14101,#10829,#10830);
#9381=AXIS2_PLACEMENT_3D('',#14105,#10833,#10834);
#9382=AXIS2_PLACEMENT_3D('',#14107,#10836,#10837);
#9383=AXIS2_PLACEMENT_3D('',#14108,#10838,#10839);
#9384=AXIS2_PLACEMENT_3D('',#14109,#10840,#10841);
#9385=AXIS2_PLACEMENT_3D('',#14110,#10842,#10843);
#9386=AXIS2_PLACEMENT_3D('',#14113,#10846,#10847);
#9387=AXIS2_PLACEMENT_3D('',#14116,#10850,#10851);
#9388=AXIS2_PLACEMENT_3D('',#14117,#10852,#10853);
#9389=AXIS2_PLACEMENT_3D('',#14118,#10854,#10855);
#9390=AXIS2_PLACEMENT_3D('',#14119,#10856,#10857);
#9391=AXIS2_PLACEMENT_3D('',#14120,#10858,#10859);
#9392=AXIS2_PLACEMENT_3D('',#14121,#10860,#10861);
#9393=AXIS2_PLACEMENT_3D('',#14122,#10862,#10863);
#9394=AXIS2_PLACEMENT_3D('',#14123,#10864,#10865);
#9395=AXIS2_PLACEMENT_3D('',#14124,#10866,#10867);
#9396=AXIS2_PLACEMENT_3D('',#14127,#10869,#10870);
#9397=AXIS2_PLACEMENT_3D('',#14131,#10872,#10873);
#9398=AXIS2_PLACEMENT_3D('',#14134,#10875,#10876);
#9399=AXIS2_PLACEMENT_3D('',#14135,#10877,#10878);
#9400=AXIS2_PLACEMENT_3D('',#14136,#10879,#10880);
#9401=AXIS2_PLACEMENT_3D('',#14140,#10883,#10884);
#9402=AXIS2_PLACEMENT_3D('',#14143,#10886,#10887);
#9403=AXIS2_PLACEMENT_3D('',#14146,#10889,#10890);
#9404=AXIS2_PLACEMENT_3D('',#14147,#10891,#10892);
#9405=AXIS2_PLACEMENT_3D('',#14148,#10893,#10894);
#9406=AXIS2_PLACEMENT_3D('',#14150,#10896,#10897);
#9407=AXIS2_PLACEMENT_3D('',#14156,#10899,#10900);
#9408=AXIS2_PLACEMENT_3D('',#14157,#10901,#10902);
#9409=AXIS2_PLACEMENT_3D('',#14160,#10905,#10906);
#9410=AXIS2_PLACEMENT_3D('',#14162,#10908,#10909);
#9411=AXIS2_PLACEMENT_3D('',#14167,#10910,#10911);
#9412=AXIS2_PLACEMENT_3D('',#14181,#10919,#10920);
#9413=AXIS2_PLACEMENT_3D('',#14183,#10922,#10923);
#9414=AXIS2_PLACEMENT_3D('',#14186,#10925,#10926);
#9415=AXIS2_PLACEMENT_3D('',#14190,#10928,#10929);
#9416=AXIS2_PLACEMENT_3D('',#14191,#10930,#10931);
#9417=AXIS2_PLACEMENT_3D('',#14192,#10932,#10933);
#9418=AXIS2_PLACEMENT_3D('',#14193,#10934,#10935);
#9419=AXIS2_PLACEMENT_3D('',#14194,#10936,#10937);
#9420=AXIS2_PLACEMENT_3D('',#14195,#10938,#10939);
#9421=AXIS2_PLACEMENT_3D('',#14196,#10940,#10941);
#9422=AXIS2_PLACEMENT_3D('',#14197,#10942,#10943);
#9423=AXIS2_PLACEMENT_3D('',#14201,#10945,#10946);
#9424=AXIS2_PLACEMENT_3D('',#14202,#10947,#10948);
#9425=AXIS2_PLACEMENT_3D('',#14203,#10949,#10950);
#9426=AXIS2_PLACEMENT_3D('',#14208,#10952,#10953);
#9427=AXIS2_PLACEMENT_3D('',#14211,#10955,#10956);
#9428=AXIS2_PLACEMENT_3D('',#14217,#10960,#10961);
#9429=AXIS2_PLACEMENT_3D('',#14218,#10962,#10963);
#9430=AXIS2_PLACEMENT_3D('',#14222,#10965,#10966);
#9431=AXIS2_PLACEMENT_3D('',#14223,#10967,#10968);
#9432=AXIS2_PLACEMENT_3D('',#14229,#10972,#10973);
#9433=AXIS2_PLACEMENT_3D('',#14230,#10974,#10975);
#9434=AXIS2_PLACEMENT_3D('',#14231,#10976,#10977);
#9435=AXIS2_PLACEMENT_3D('',#14232,#10978,#10979);
#9436=AXIS2_PLACEMENT_3D('',#14234,#10981,#10982);
#9437=AXIS2_PLACEMENT_3D('',#14236,#10984,#10985);
#9438=AXIS2_PLACEMENT_3D('',#14237,#10986,#10987);
#9439=AXIS2_PLACEMENT_3D('',#14239,#10989,#10990);
#9440=AXIS2_PLACEMENT_3D('',#14240,#10991,#10992);
#9441=AXIS2_PLACEMENT_3D('',#14241,#10993,#10994);
#9442=AXIS2_PLACEMENT_3D('',#14244,#10995,#10996);
#9443=AXIS2_PLACEMENT_3D('',#14246,#10997,#10998);
#9444=AXIS2_PLACEMENT_3D('',#14248,#10999,#11000);
#9445=AXIS2_PLACEMENT_3D('',#14249,#11001,#11002);
#9446=AXIS2_PLACEMENT_3D('',#14250,#11003,#11004);
#9447=AXIS2_PLACEMENT_3D('',#14251,#11005,#11006);
#9448=AXIS2_PLACEMENT_3D('',#14253,#11007,#11008);
#9449=AXIS2_PLACEMENT_3D('',#14254,#11009,#11010);
#9450=AXIS2_PLACEMENT_3D('',#14255,#11011,#11012);
#9451=AXIS2_PLACEMENT_3D('',#14256,#11013,#11014);
#9452=AXIS2_PLACEMENT_3D('',#14257,#11015,#11016);
#9453=AXIS2_PLACEMENT_3D('',#14258,#11017,#11018);
#9454=AXIS2_PLACEMENT_3D('',#14259,#11019,#11020);
#9455=AXIS2_PLACEMENT_3D('',#14260,#11021,#11022);
#9456=AXIS2_PLACEMENT_3D('',#14261,#11023,#11024);
#9457=AXIS2_PLACEMENT_3D('',#14262,#11025,#11026);
#9458=AXIS2_PLACEMENT_3D('',#14266,#11029,#11030);
#9459=AXIS2_PLACEMENT_3D('',#14269,#11032,#11033);
#9460=AXIS2_PLACEMENT_3D('',#14272,#11035,#11036);
#9461=AXIS2_PLACEMENT_3D('',#14273,#11037,#11038);
#9462=AXIS2_PLACEMENT_3D('',#14274,#11039,#11040);
#9463=AXIS2_PLACEMENT_3D('',#14277,#11042,#11043);
#9464=AXIS2_PLACEMENT_3D('',#14279,#11044,#11045);
#9465=AXIS2_PLACEMENT_3D('',#14280,#11046,#11047);
#9466=AXIS2_PLACEMENT_3D('',#14281,#11048,#11049);
#9467=AXIS2_PLACEMENT_3D('',#14282,#11050,#11051);
#9468=AXIS2_PLACEMENT_3D('',#14285,#11053,#11054);
#9469=AXIS2_PLACEMENT_3D('',#14286,#11055,#11056);
#9470=AXIS2_PLACEMENT_3D('',#14291,#11059,#11060);
#9471=AXIS2_PLACEMENT_3D('',#14293,#11062,#11063);
#9472=AXIS2_PLACEMENT_3D('',#14297,#11066,#11067);
#9473=AXIS2_PLACEMENT_3D('',#14303,#11071,#11072);
#9474=AXIS2_PLACEMENT_3D('',#14309,#11076,#11077);
#9475=AXIS2_PLACEMENT_3D('',#14315,#11081,#11082);
#9476=AXIS2_PLACEMENT_3D('',#14321,#11086,#11087);
#9477=AXIS2_PLACEMENT_3D('',#14322,#11088,#11089);
#9478=AXIS2_PLACEMENT_3D('',#14330,#11093,#11094);
#9479=AXIS2_PLACEMENT_3D('',#14331,#11095,#11096);
#9480=AXIS2_PLACEMENT_3D('',#14334,#11097,#11098);
#9481=AXIS2_PLACEMENT_3D('',#14338,#11100,#11101);
#9482=AXIS2_PLACEMENT_3D('',#14342,#11103,#11104);
#9483=AXIS2_PLACEMENT_3D('',#14343,#11105,#11106);
#9484=AXIS2_PLACEMENT_3D('',#14347,#11108,#11109);
#9485=AXIS2_PLACEMENT_3D('',#14351,#11111,#11112);
#9486=AXIS2_PLACEMENT_3D('',#14355,#11114,#11115);
#9487=AXIS2_PLACEMENT_3D('',#14357,#11116,#11117);
#9488=AXIS2_PLACEMENT_3D('',#14359,#11118,#11119);
#9489=AXIS2_PLACEMENT_3D('',#14360,#11120,#11121);
#9490=AXIS2_PLACEMENT_3D('',#14369,#11126,#11127);
#9491=AXIS2_PLACEMENT_3D('',#14372,#11129,#11130);
#9492=AXIS2_PLACEMENT_3D('',#14375,#11132,#11133);
#9493=AXIS2_PLACEMENT_3D('',#14376,#11134,#11135);
#9494=AXIS2_PLACEMENT_3D('',#14379,#11136,#11137);
#9495=AXIS2_PLACEMENT_3D('',#14381,#11138,#11139);
#9496=AXIS2_PLACEMENT_3D('',#14385,#11141,#11142);
#9497=AXIS2_PLACEMENT_3D('',#14387,#11143,#11144);
#9498=AXIS2_PLACEMENT_3D('',#14389,#11145,#11146);
#9499=AXIS2_PLACEMENT_3D('',#14392,#11148,#11149);
#9500=AXIS2_PLACEMENT_3D('',#14393,#11150,#11151);
#9501=AXIS2_PLACEMENT_3D('',#14396,#11152,#11153);
#9502=AXIS2_PLACEMENT_3D('',#14399,#11155,#11156);
#9503=AXIS2_PLACEMENT_3D('',#14402,#11158,#11159);
#9504=AXIS2_PLACEMENT_3D('',#14405,#11161,#11162);
#9505=AXIS2_PLACEMENT_3D('',#14407,#11164,#11165);
#9506=AXIS2_PLACEMENT_3D('',#14408,#11166,#11167);
#9507=AXIS2_PLACEMENT_3D('',#14410,#11169,#11170);
#9508=AXIS2_PLACEMENT_3D('',#14413,#11173,#11174);
#9509=AXIS2_PLACEMENT_3D('',#14416,#11176,#11177);
#9510=AXIS2_PLACEMENT_3D('',#14419,#11179,#11180);
#9511=AXIS2_PLACEMENT_3D('',#14427,#11185,#11186);
#9512=AXIS2_PLACEMENT_3D('',#14444,#11195,#11196);
#9513=AXIS2_PLACEMENT_3D('',#14445,#11197,#11198);
#9514=AXIS2_PLACEMENT_3D('',#14448,#11200,#11201);
#9515=AXIS2_PLACEMENT_3D('',#14449,#11202,#11203);
#9516=AXIS2_PLACEMENT_3D('',#14450,#11204,#11205);
#9517=AXIS2_PLACEMENT_3D('',#14453,#11208,#11209);
#9518=AXIS2_PLACEMENT_3D('',#14456,#11212,#11213);
#9519=AXIS2_PLACEMENT_3D('',#14459,#11216,#11217);
#9520=AXIS2_PLACEMENT_3D('',#14465,#11221,#11222);
#9521=AXIS2_PLACEMENT_3D('',#14479,#11230,#11231);
#9522=AXIS2_PLACEMENT_3D('',#14488,#11237,#11238);
#9523=AXIS2_PLACEMENT_3D('',#14497,#11243,#11244);
#9524=AXIS2_PLACEMENT_3D('',#14506,#11249,#11250);
#9525=AXIS2_PLACEMENT_3D('',#14508,#11252,#11253);
#9526=AXIS2_PLACEMENT_3D('',#14511,#11256,#11257);
#9527=AXIS2_PLACEMENT_3D('',#14514,#11260,#11261);
#9528=AXIS2_PLACEMENT_3D('',#14517,#11264,#11265);
#9529=AXIS2_PLACEMENT_3D('',#14520,#11268,#11269);
#9530=AXIS2_PLACEMENT_3D('',#14522,#11271,#11272);
#9531=AXIS2_PLACEMENT_3D('',#14526,#11276,#11277);
#9532=AXIS2_PLACEMENT_3D('',#14529,#11280,#11281);
#9533=AXIS2_PLACEMENT_3D('',#14531,#11283,#11284);
#9534=AXIS2_PLACEMENT_3D('',#14533,#11286,#11287);
#9535=AXIS2_PLACEMENT_3D('',#14536,#11290,#11291);
#9536=AXIS2_PLACEMENT_3D('',#14537,#11292,#11293);
#9537=AXIS2_PLACEMENT_3D('',#14541,#11296,#11297);
#9538=AXIS2_PLACEMENT_3D('',#14545,#11300,#11301);
#9539=AXIS2_PLACEMENT_3D('',#14547,#11303,#11304);
#9540=AXIS2_PLACEMENT_3D('',#14549,#11306,#11307);
#9541=AXIS2_PLACEMENT_3D('',#14550,#11308,#11309);
#9542=AXIS2_PLACEMENT_3D('',#14552,#11311,#11312);
#9543=AXIS2_PLACEMENT_3D('',#14556,#11314,#11315);
#9544=AXIS2_PLACEMENT_3D('',#14560,#11317,#11318);
#9545=AXIS2_PLACEMENT_3D('',#14564,#11320,#11321);
#9546=AXIS2_PLACEMENT_3D('',#14565,#11322,#11323);
#9547=AXIS2_PLACEMENT_3D('',#14566,#11324,#11325);
#9548=AXIS2_PLACEMENT_3D('',#14568,#11326,#11327);
#9549=AXIS2_PLACEMENT_3D('',#14569,#11328,#11329);
#9550=AXIS2_PLACEMENT_3D('',#14570,#11330,#11331);
#9551=AXIS2_PLACEMENT_3D('',#14572,#11333,#11334);
#9552=AXIS2_PLACEMENT_3D('',#14574,#11335,#11336);
#9553=AXIS2_PLACEMENT_3D('',#14578,#11339,#11340);
#9554=AXIS2_PLACEMENT_3D('',#14581,#11342,#11343);
#9555=AXIS2_PLACEMENT_3D('',#14584,#11345,#11346);
#9556=AXIS2_PLACEMENT_3D('',#14585,#11347,#11348);
#9557=AXIS2_PLACEMENT_3D('',#14586,#11349,#11350);
#9558=AXIS2_PLACEMENT_3D('',#14588,#11352,#11353);
#9559=AXIS2_PLACEMENT_3D('',#14590,#11355,#11356);
#9560=AXIS2_PLACEMENT_3D('',#14591,#11357,#11358);
#9561=AXIS2_PLACEMENT_3D('',#14592,#11359,#11360);
#9562=AXIS2_PLACEMENT_3D('',#14593,#11361,#11362);
#9563=AXIS2_PLACEMENT_3D('',#14594,#11363,#11364);
#9564=AXIS2_PLACEMENT_3D('',#14595,#11365,#11366);
#9565=AXIS2_PLACEMENT_3D('',#14596,#11367,#11368);
#9566=AXIS2_PLACEMENT_3D('',#14597,#11369,#11370);
#9567=AXIS2_PLACEMENT_3D('',#14598,#11371,#11372);
#9568=AXIS2_PLACEMENT_3D('',#14599,#11373,#11374);
#9569=AXIS2_PLACEMENT_3D('',#14600,#11375,#11376);
#9570=AXIS2_PLACEMENT_3D('',#14601,#11377,#11378);
#9571=AXIS2_PLACEMENT_3D('',#14602,#11379,#11380);
#9572=AXIS2_PLACEMENT_3D('',#14603,#11381,#11382);
#9573=AXIS2_PLACEMENT_3D('',#14604,#11383,#11384);
#9574=AXIS2_PLACEMENT_3D('',#14605,#11385,#11386);
#9575=AXIS2_PLACEMENT_3D('',#14606,#11387,#11388);
#9576=AXIS2_PLACEMENT_3D('',#14607,#11389,#11390);
#9577=AXIS2_PLACEMENT_3D('',#14608,#11391,#11392);
#9578=AXIS2_PLACEMENT_3D('',#14609,#11393,#11394);
#9579=AXIS2_PLACEMENT_3D('',#14610,#11395,#11396);
#9580=AXIS2_PLACEMENT_3D('',#14613,#11399,#11400);
#9581=AXIS2_PLACEMENT_3D('',#14614,#11401,#11402);
#9582=AXIS2_PLACEMENT_3D('',#14616,#11404,#11405);
#9583=AXIS2_PLACEMENT_3D('',#14617,#11406,#11407);
#9584=AXIS2_PLACEMENT_3D('',#14621,#11410,#11411);
#9585=AXIS2_PLACEMENT_3D('',#14623,#11413,#11414);
#9586=AXIS2_PLACEMENT_3D('',#14624,#11415,#11416);
#9587=AXIS2_PLACEMENT_3D('',#14625,#11417,#11418);
#9588=AXIS2_PLACEMENT_3D('',#14626,#11419,#11420);
#9589=AXIS2_PLACEMENT_3D('',#14627,#11421,#11422);
#9590=AXIS2_PLACEMENT_3D('',#14628,#11423,#11424);
#9591=AXIS2_PLACEMENT_3D('',#14629,#11425,#11426);
#9592=AXIS2_PLACEMENT_3D('',#14630,#11427,#11428);
#9593=AXIS2_PLACEMENT_3D('',#14631,#11429,#11430);
#9594=AXIS2_PLACEMENT_3D('',#14632,#11431,#11432);
#9595=AXIS2_PLACEMENT_3D('',#14634,#11433,#11434);
#9596=AXIS2_PLACEMENT_3D('',#14636,#11435,#11436);
#9597=AXIS2_PLACEMENT_3D('',#14640,#11438,#11439);
#9598=AXIS2_PLACEMENT_3D('',#14641,#11440,#11441);
#9599=AXIS2_PLACEMENT_3D('',#14642,#11442,#11443);
#9600=AXIS2_PLACEMENT_3D('',#14643,#11444,#11445);
#9601=AXIS2_PLACEMENT_3D('',#14645,#11446,#11447);
#9602=AXIS2_PLACEMENT_3D('',#14647,#11448,#11449);
#9603=AXIS2_PLACEMENT_3D('',#14651,#11451,#11452);
#9604=AXIS2_PLACEMENT_3D('',#14652,#11453,#11454);
#9605=AXIS2_PLACEMENT_3D('',#14653,#11455,#11456);
#9606=AXIS2_PLACEMENT_3D('',#14654,#11457,#11458);
#9607=AXIS2_PLACEMENT_3D('',#14656,#11459,#11460);
#9608=AXIS2_PLACEMENT_3D('',#14657,#11461,#11462);
#9609=AXIS2_PLACEMENT_3D('',#14658,#11463,#11464);
#9610=AXIS2_PLACEMENT_3D('',#14660,#11465,#11466);
#9611=AXIS2_PLACEMENT_3D('',#14661,#11467,#11468);
#9612=AXIS2_PLACEMENT_3D('',#14663,#11469,#11470);
#9613=AXIS2_PLACEMENT_3D('',#14664,#11471,#11472);
#9614=AXIS2_PLACEMENT_3D('',#14665,#11473,#11474);
#9615=AXIS2_PLACEMENT_3D('',#14666,#11475,#11476);
#9616=AXIS2_PLACEMENT_3D('',#14667,#11477,#11478);
#9617=AXIS2_PLACEMENT_3D('',#14669,#11479,#11480);
#9618=AXIS2_PLACEMENT_3D('',#14670,#11481,#11482);
#9619=AXIS2_PLACEMENT_3D('',#14672,#11483,#11484);
#9620=AXIS2_PLACEMENT_3D('',#14673,#11485,#11486);
#9621=AXIS2_PLACEMENT_3D('',#14677,#11488,#11489);
#9622=AXIS2_PLACEMENT_3D('',#14681,#11491,#11492);
#9623=AXIS2_PLACEMENT_3D('',#14682,#11493,#11494);
#9624=AXIS2_PLACEMENT_3D('',#14686,#11496,#11497);
#9625=AXIS2_PLACEMENT_3D('',#14690,#11499,#11500);
#9626=AXIS2_PLACEMENT_3D('',#14691,#11501,#11502);
#9627=AXIS2_PLACEMENT_3D('',#14695,#11504,#11505);
#9628=AXIS2_PLACEMENT_3D('',#14699,#11507,#11508);
#9629=AXIS2_PLACEMENT_3D('',#14700,#11509,#11510);
#9630=AXIS2_PLACEMENT_3D('',#14704,#11512,#11513);
#9631=AXIS2_PLACEMENT_3D('',#14708,#11515,#11516);
#9632=AXIS2_PLACEMENT_3D('',#14709,#11517,#11518);
#9633=AXIS2_PLACEMENT_3D('',#14713,#11520,#11521);
#9634=AXIS2_PLACEMENT_3D('',#14717,#11523,#11524);
#9635=AXIS2_PLACEMENT_3D('',#14718,#11525,#11526);
#9636=AXIS2_PLACEMENT_3D('',#14722,#11528,#11529);
#9637=AXIS2_PLACEMENT_3D('',#14726,#11531,#11532);
#9638=AXIS2_PLACEMENT_3D('',#14727,#11533,#11534);
#9639=AXIS2_PLACEMENT_3D('',#14731,#11536,#11537);
#9640=AXIS2_PLACEMENT_3D('',#14735,#11539,#11540);
#9641=AXIS2_PLACEMENT_3D('',#14736,#11541,#11542);
#9642=AXIS2_PLACEMENT_3D('',#14740,#11544,#11545);
#9643=AXIS2_PLACEMENT_3D('',#14744,#11547,#11548);
#9644=AXIS2_PLACEMENT_3D('',#14745,#11549,#11550);
#9645=AXIS2_PLACEMENT_3D('',#14749,#11552,#11553);
#9646=AXIS2_PLACEMENT_3D('',#14753,#11555,#11556);
#9647=AXIS2_PLACEMENT_3D('',#14754,#11557,#11558);
#9648=AXIS2_PLACEMENT_3D('',#14758,#11560,#11561);
#9649=AXIS2_PLACEMENT_3D('',#14762,#11563,#11564);
#9650=AXIS2_PLACEMENT_3D('',#14763,#11565,#11566);
#9651=AXIS2_PLACEMENT_3D('',#14767,#11568,#11569);
#9652=AXIS2_PLACEMENT_3D('',#14771,#11571,#11572);
#9653=AXIS2_PLACEMENT_3D('',#14772,#11573,#11574);
#9654=AXIS2_PLACEMENT_3D('',#14776,#11576,#11577);
#9655=AXIS2_PLACEMENT_3D('',#14780,#11579,#11580);
#9656=AXIS2_PLACEMENT_3D('',#14781,#11581,#11582);
#9657=AXIS2_PLACEMENT_3D('',#14785,#11584,#11585);
#9658=AXIS2_PLACEMENT_3D('',#14789,#11587,#11588);
#9659=AXIS2_PLACEMENT_3D('',#14790,#11589,#11590);
#9660=AXIS2_PLACEMENT_3D('',#14794,#11592,#11593);
#9661=AXIS2_PLACEMENT_3D('',#14798,#11595,#11596);
#9662=AXIS2_PLACEMENT_3D('',#14799,#11597,#11598);
#9663=AXIS2_PLACEMENT_3D('',#14803,#11600,#11601);
#9664=AXIS2_PLACEMENT_3D('',#14807,#11603,#11604);
#9665=AXIS2_PLACEMENT_3D('',#14808,#11605,#11606);
#9666=AXIS2_PLACEMENT_3D('',#14812,#11608,#11609);
#9667=AXIS2_PLACEMENT_3D('',#14816,#11611,#11612);
#9668=AXIS2_PLACEMENT_3D('',#14817,#11613,#11614);
#9669=AXIS2_PLACEMENT_3D('',#14821,#11616,#11617);
#9670=AXIS2_PLACEMENT_3D('',#14825,#11619,#11620);
#9671=AXIS2_PLACEMENT_3D('',#14826,#11621,#11622);
#9672=AXIS2_PLACEMENT_3D('',#14830,#11624,#11625);
#9673=AXIS2_PLACEMENT_3D('',#14834,#11627,#11628);
#9674=AXIS2_PLACEMENT_3D('',#14835,#11629,#11630);
#9675=AXIS2_PLACEMENT_3D('',#14839,#11632,#11633);
#9676=AXIS2_PLACEMENT_3D('',#14843,#11635,#11636);
#9677=AXIS2_PLACEMENT_3D('',#14844,#11637,#11638);
#9678=AXIS2_PLACEMENT_3D('',#14856,#11642,#11643);
#9679=AXIS2_PLACEMENT_3D('',#14865,#11646,#11647);
#9680=AXIS2_PLACEMENT_3D('',#14874,#11650,#11651);
#9681=AXIS2_PLACEMENT_3D('',#14878,#11653,#11654);
#9682=AXIS2_PLACEMENT_3D('',#14882,#11656,#11657);
#9683=AXIS2_PLACEMENT_3D('',#14883,#11658,#11659);
#9684=AXIS2_PLACEMENT_3D('',#14889,#11661,#11662);
#9685=AXIS2_PLACEMENT_3D('',#14890,#11663,#11664);
#9686=AXIS2_PLACEMENT_3D('',#14892,#11665,#11666);
#9687=AXIS2_PLACEMENT_3D('',#14893,#11667,#11668);
#9688=AXIS2_PLACEMENT_3D('',#14894,#11669,#11670);
#9689=AXIS2_PLACEMENT_3D('',#14897,#11672,#11673);
#9690=AXIS2_PLACEMENT_3D('',#14900,#11675,#11676);
#9691=AXIS2_PLACEMENT_3D('',#14901,#11677,#11678);
#9692=AXIS2_PLACEMENT_3D('',#14904,#11680,#11681);
#9693=AXIS2_PLACEMENT_3D('',#14907,#11683,#11684);
#9694=AXIS2_PLACEMENT_3D('',#14908,#11685,#11686);
#9695=AXIS2_PLACEMENT_3D('',#14911,#11688,#11689);
#9696=AXIS2_PLACEMENT_3D('',#14914,#11691,#11692);
#9697=AXIS2_PLACEMENT_3D('',#14915,#11693,#11694);
#9698=AXIS2_PLACEMENT_3D('',#14918,#11696,#11697);
#9699=AXIS2_PLACEMENT_3D('',#14921,#11699,#11700);
#9700=AXIS2_PLACEMENT_3D('',#14922,#11701,#11702);
#9701=AXIS2_PLACEMENT_3D('',#14925,#11704,#11705);
#9702=AXIS2_PLACEMENT_3D('',#14928,#11707,#11708);
#9703=AXIS2_PLACEMENT_3D('',#14929,#11709,#11710);
#9704=AXIS2_PLACEMENT_3D('',#14932,#11712,#11713);
#9705=AXIS2_PLACEMENT_3D('',#14935,#11715,#11716);
#9706=AXIS2_PLACEMENT_3D('',#14936,#11717,#11718);
#9707=AXIS2_PLACEMENT_3D('',#14939,#11720,#11721);
#9708=AXIS2_PLACEMENT_3D('',#14942,#11723,#11724);
#9709=AXIS2_PLACEMENT_3D('',#14943,#11725,#11726);
#9710=AXIS2_PLACEMENT_3D('',#14946,#11728,#11729);
#9711=AXIS2_PLACEMENT_3D('',#14949,#11731,#11732);
#9712=AXIS2_PLACEMENT_3D('',#14950,#11733,#11734);
#9713=AXIS2_PLACEMENT_3D('',#14953,#11736,#11737);
#9714=AXIS2_PLACEMENT_3D('',#14956,#11739,#11740);
#9715=AXIS2_PLACEMENT_3D('',#14957,#11741,#11742);
#9716=AXIS2_PLACEMENT_3D('',#14960,#11744,#11745);
#9717=AXIS2_PLACEMENT_3D('',#14963,#11747,#11748);
#9718=AXIS2_PLACEMENT_3D('',#14964,#11749,#11750);
#9719=AXIS2_PLACEMENT_3D('',#14967,#11752,#11753);
#9720=AXIS2_PLACEMENT_3D('',#14970,#11755,#11756);
#9721=AXIS2_PLACEMENT_3D('',#14971,#11757,#11758);
#9722=AXIS2_PLACEMENT_3D('',#14974,#11760,#11761);
#9723=AXIS2_PLACEMENT_3D('',#14977,#11763,#11764);
#9724=AXIS2_PLACEMENT_3D('',#14978,#11765,#11766);
#9725=AXIS2_PLACEMENT_3D('',#14981,#11768,#11769);
#9726=AXIS2_PLACEMENT_3D('',#14984,#11771,#11772);
#9727=AXIS2_PLACEMENT_3D('',#14985,#11773,#11774);
#9728=AXIS2_PLACEMENT_3D('',#14988,#11776,#11777);
#9729=AXIS2_PLACEMENT_3D('',#14991,#11779,#11780);
#9730=AXIS2_PLACEMENT_3D('',#14992,#11781,#11782);
#9731=AXIS2_PLACEMENT_3D('',#14995,#11784,#11785);
#9732=AXIS2_PLACEMENT_3D('',#14998,#11787,#11788);
#9733=AXIS2_PLACEMENT_3D('',#14999,#11789,#11790);
#9734=AXIS2_PLACEMENT_3D('',#15002,#11792,#11793);
#9735=AXIS2_PLACEMENT_3D('',#15005,#11795,#11796);
#9736=AXIS2_PLACEMENT_3D('',#15006,#11797,#11798);
#9737=AXIS2_PLACEMENT_3D('',#15009,#11800,#11801);
#9738=AXIS2_PLACEMENT_3D('',#15012,#11803,#11804);
#9739=AXIS2_PLACEMENT_3D('',#15013,#11805,#11806);
#9740=AXIS2_PLACEMENT_3D('',#15016,#11808,#11809);
#9741=AXIS2_PLACEMENT_3D('',#15019,#11811,#11812);
#9742=AXIS2_PLACEMENT_3D('',#15020,#11813,#11814);
#9743=AXIS2_PLACEMENT_3D('',#15023,#11816,#11817);
#9744=AXIS2_PLACEMENT_3D('',#15026,#11819,#11820);
#9745=AXIS2_PLACEMENT_3D('',#15027,#11821,#11822);
#9746=AXIS2_PLACEMENT_3D('',#15030,#11824,#11825);
#9747=AXIS2_PLACEMENT_3D('',#15033,#11827,#11828);
#9748=AXIS2_PLACEMENT_3D('',#15034,#11829,#11830);
#9749=AXIS2_PLACEMENT_3D('',#15036,#11831,#11832);
#9750=AXIS2_PLACEMENT_3D('',#15037,#11833,#11834);
#9751=AXIS2_PLACEMENT_3D('',#15039,#11835,#11836);
#9752=AXIS2_PLACEMENT_3D('',#15043,#11838,#11839);
#9753=AXIS2_PLACEMENT_3D('',#15047,#11841,#11842);
#9754=AXIS2_PLACEMENT_3D('',#15048,#11843,#11844);
#9755=AXIS2_PLACEMENT_3D('',#15052,#11846,#11847);
#9756=AXIS2_PLACEMENT_3D('',#15056,#11849,#11850);
#9757=AXIS2_PLACEMENT_3D('',#15057,#11851,#11852);
#9758=AXIS2_PLACEMENT_3D('',#15061,#11854,#11855);
#9759=AXIS2_PLACEMENT_3D('',#15065,#11857,#11858);
#9760=AXIS2_PLACEMENT_3D('',#15066,#11859,#11860);
#9761=AXIS2_PLACEMENT_3D('',#15070,#11862,#11863);
#9762=AXIS2_PLACEMENT_3D('',#15074,#11865,#11866);
#9763=AXIS2_PLACEMENT_3D('',#15075,#11867,#11868);
#9764=AXIS2_PLACEMENT_3D('',#15079,#11870,#11871);
#9765=AXIS2_PLACEMENT_3D('',#15083,#11873,#11874);
#9766=AXIS2_PLACEMENT_3D('',#15084,#11875,#11876);
#9767=AXIS2_PLACEMENT_3D('',#15088,#11878,#11879);
#9768=AXIS2_PLACEMENT_3D('',#15092,#11881,#11882);
#9769=AXIS2_PLACEMENT_3D('',#15093,#11883,#11884);
#9770=AXIS2_PLACEMENT_3D('',#15097,#11886,#11887);
#9771=AXIS2_PLACEMENT_3D('',#15101,#11889,#11890);
#9772=AXIS2_PLACEMENT_3D('',#15102,#11891,#11892);
#9773=AXIS2_PLACEMENT_3D('',#15106,#11894,#11895);
#9774=AXIS2_PLACEMENT_3D('',#15110,#11897,#11898);
#9775=AXIS2_PLACEMENT_3D('',#15111,#11899,#11900);
#9776=AXIS2_PLACEMENT_3D('',#15115,#11902,#11903);
#9777=AXIS2_PLACEMENT_3D('',#15119,#11905,#11906);
#9778=AXIS2_PLACEMENT_3D('',#15120,#11907,#11908);
#9779=AXIS2_PLACEMENT_3D('',#15124,#11910,#11911);
#9780=AXIS2_PLACEMENT_3D('',#15128,#11913,#11914);
#9781=AXIS2_PLACEMENT_3D('',#15129,#11915,#11916);
#9782=AXIS2_PLACEMENT_3D('',#15133,#11918,#11919);
#9783=AXIS2_PLACEMENT_3D('',#15137,#11921,#11922);
#9784=AXIS2_PLACEMENT_3D('',#15138,#11923,#11924);
#9785=AXIS2_PLACEMENT_3D('',#15142,#11926,#11927);
#9786=AXIS2_PLACEMENT_3D('',#15146,#11929,#11930);
#9787=AXIS2_PLACEMENT_3D('',#15147,#11931,#11932);
#9788=AXIS2_PLACEMENT_3D('',#15151,#11934,#11935);
#9789=AXIS2_PLACEMENT_3D('',#15155,#11937,#11938);
#9790=AXIS2_PLACEMENT_3D('',#15156,#11939,#11940);
#9791=AXIS2_PLACEMENT_3D('',#15160,#11942,#11943);
#9792=AXIS2_PLACEMENT_3D('',#15164,#11945,#11946);
#9793=AXIS2_PLACEMENT_3D('',#15165,#11947,#11948);
#9794=AXIS2_PLACEMENT_3D('',#15169,#11950,#11951);
#9795=AXIS2_PLACEMENT_3D('',#15173,#11953,#11954);
#9796=AXIS2_PLACEMENT_3D('',#15174,#11955,#11956);
#9797=AXIS2_PLACEMENT_3D('',#15178,#11958,#11959);
#9798=AXIS2_PLACEMENT_3D('',#15182,#11961,#11962);
#9799=AXIS2_PLACEMENT_3D('',#15183,#11963,#11964);
#9800=AXIS2_PLACEMENT_3D('',#15187,#11966,#11967);
#9801=AXIS2_PLACEMENT_3D('',#15191,#11969,#11970);
#9802=AXIS2_PLACEMENT_3D('',#15192,#11971,#11972);
#9803=AXIS2_PLACEMENT_3D('',#15196,#11974,#11975);
#9804=AXIS2_PLACEMENT_3D('',#15200,#11977,#11978);
#9805=AXIS2_PLACEMENT_3D('',#15201,#11979,#11980);
#9806=AXIS2_PLACEMENT_3D('',#15205,#11982,#11983);
#9807=AXIS2_PLACEMENT_3D('',#15209,#11985,#11986);
#9808=AXIS2_PLACEMENT_3D('',#15210,#11987,#11988);
#9809=AXIS2_PLACEMENT_3D('',#15214,#11990,#11991);
#9810=AXIS2_PLACEMENT_3D('',#15218,#11993,#11994);
#9811=AXIS2_PLACEMENT_3D('',#15219,#11995,#11996);
#9812=AXIS2_PLACEMENT_3D('',#15222,#11998,#11999);
#9813=AXIS2_PLACEMENT_3D('',#15227,#12002,#12003);
#9814=AXIS2_PLACEMENT_3D('',#15232,#12006,#12007);
#9815=AXIS2_PLACEMENT_3D('',#15237,#12010,#12011);
#9816=AXIS2_PLACEMENT_3D('',#15242,#12014,#12015);
#9817=AXIS2_PLACEMENT_3D('',#15247,#12018,#12019);
#9818=AXIS2_PLACEMENT_3D('',#15252,#12022,#12023);
#9819=AXIS2_PLACEMENT_3D('',#15257,#12026,#12027);
#9820=AXIS2_PLACEMENT_3D('',#15262,#12030,#12031);
#9821=AXIS2_PLACEMENT_3D('',#15267,#12034,#12035);
#9822=AXIS2_PLACEMENT_3D('',#15272,#12038,#12039);
#9823=AXIS2_PLACEMENT_3D('',#15277,#12042,#12043);
#9824=AXIS2_PLACEMENT_3D('',#15282,#12046,#12047);
#9825=AXIS2_PLACEMENT_3D('',#15287,#12050,#12051);
#9826=AXIS2_PLACEMENT_3D('',#15292,#12054,#12055);
#9827=AXIS2_PLACEMENT_3D('',#15297,#12058,#12059);
#9828=AXIS2_PLACEMENT_3D('',#15302,#12062,#12063);
#9829=AXIS2_PLACEMENT_3D('',#15307,#12066,#12067);
#9830=AXIS2_PLACEMENT_3D('',#15312,#12070,#12071);
#9831=AXIS2_PLACEMENT_3D('',#15317,#12074,#12075);
#9832=AXIS2_PLACEMENT_3D('',#15320,#12077,#12078);
#9833=AXIS2_PLACEMENT_3D('',#15326,#12082,#12083);
#9834=AXIS2_PLACEMENT_3D('',#15332,#12087,#12088);
#9835=AXIS2_PLACEMENT_3D('',#15333,#12089,#12090);
#9836=AXIS2_PLACEMENT_3D('',#15334,#12091,#12092);
#9837=AXIS2_PLACEMENT_3D('',#15337,#12095,#12096);
#9838=AXIS2_PLACEMENT_3D('',#15340,#12098,#12099);
#9839=AXIS2_PLACEMENT_3D('',#15345,#12102,#12103);
#9840=AXIS2_PLACEMENT_3D('',#15350,#12106,#12107);
#9841=AXIS2_PLACEMENT_3D('',#15353,#12109,#12110);
#9842=AXIS2_PLACEMENT_3D('',#15356,#12113,#12114);
#9843=AXIS2_PLACEMENT_3D('',#15358,#12116,#12117);
#9844=AXIS2_PLACEMENT_3D('',#15359,#12118,#12119);
#9845=AXIS2_PLACEMENT_3D('',#15364,#12122,#12123);
#9846=AXIS2_PLACEMENT_3D('',#15367,#12125,#12126);
#9847=AXIS2_PLACEMENT_3D('',#15370,#12129,#12130);
#9848=AXIS2_PLACEMENT_3D('',#15372,#12132,#12133);
#9849=AXIS2_PLACEMENT_3D('',#15373,#12134,#12135);
#9850=AXIS2_PLACEMENT_3D('',#15376,#12137,#12138);
#9851=AXIS2_PLACEMENT_3D('',#15381,#12141,#12142);
#9852=AXIS2_PLACEMENT_3D('',#15387,#12146,#12147);
#9853=AXIS2_PLACEMENT_3D('',#15391,#12150,#12151);
#9854=AXIS2_PLACEMENT_3D('',#15392,#12152,#12153);
#9855=AXIS2_PLACEMENT_3D('',#15393,#12154,#12155);
#9856=AXIS2_PLACEMENT_3D('',#15396,#12158,#12159);
#9857=AXIS2_PLACEMENT_3D('',#15399,#12161,#12162);
#9858=AXIS2_PLACEMENT_3D('',#15404,#12165,#12166);
#9859=AXIS2_PLACEMENT_3D('',#15410,#12170,#12171);
#9860=AXIS2_PLACEMENT_3D('',#15414,#12174,#12175);
#9861=AXIS2_PLACEMENT_3D('',#15415,#12176,#12177);
#9862=AXIS2_PLACEMENT_3D('',#15416,#12178,#12179);
#9863=AXIS2_PLACEMENT_3D('',#15419,#12182,#12183);
#9864=AXIS2_PLACEMENT_3D('',#15422,#12185,#12186);
#9865=AXIS2_PLACEMENT_3D('',#15427,#12189,#12190);
#9866=AXIS2_PLACEMENT_3D('',#15433,#12194,#12195);
#9867=AXIS2_PLACEMENT_3D('',#15437,#12198,#12199);
#9868=AXIS2_PLACEMENT_3D('',#15438,#12200,#12201);
#9869=AXIS2_PLACEMENT_3D('',#15439,#12202,#12203);
#9870=AXIS2_PLACEMENT_3D('',#15442,#12206,#12207);
#9871=AXIS2_PLACEMENT_3D('',#15445,#12209,#12210);
#9872=AXIS2_PLACEMENT_3D('',#15450,#12213,#12214);
#9873=AXIS2_PLACEMENT_3D('',#15456,#12218,#12219);
#9874=AXIS2_PLACEMENT_3D('',#15460,#12222,#12223);
#9875=AXIS2_PLACEMENT_3D('',#15461,#12224,#12225);
#9876=AXIS2_PLACEMENT_3D('',#15462,#12226,#12227);
#9877=AXIS2_PLACEMENT_3D('',#15465,#12230,#12231);
#9878=AXIS2_PLACEMENT_3D('',#15468,#12233,#12234);
#9879=AXIS2_PLACEMENT_3D('',#15473,#12237,#12238);
#9880=AXIS2_PLACEMENT_3D('',#15479,#12242,#12243);
#9881=AXIS2_PLACEMENT_3D('',#15483,#12246,#12247);
#9882=AXIS2_PLACEMENT_3D('',#15484,#12248,#12249);
#9883=AXIS2_PLACEMENT_3D('',#15485,#12250,#12251);
#9884=AXIS2_PLACEMENT_3D('',#15488,#12254,#12255);
#9885=AXIS2_PLACEMENT_3D('',#15491,#12257,#12258);
#9886=AXIS2_PLACEMENT_3D('',#15496,#12261,#12262);
#9887=AXIS2_PLACEMENT_3D('',#15502,#12266,#12267);
#9888=AXIS2_PLACEMENT_3D('',#15506,#12270,#12271);
#9889=AXIS2_PLACEMENT_3D('',#15507,#12272,#12273);
#9890=AXIS2_PLACEMENT_3D('',#15508,#12274,#12275);
#9891=AXIS2_PLACEMENT_3D('',#15511,#12278,#12279);
#9892=AXIS2_PLACEMENT_3D('',#15514,#12281,#12282);
#9893=AXIS2_PLACEMENT_3D('',#15519,#12285,#12286);
#9894=AXIS2_PLACEMENT_3D('',#15525,#12290,#12291);
#9895=AXIS2_PLACEMENT_3D('',#15529,#12294,#12295);
#9896=AXIS2_PLACEMENT_3D('',#15530,#12296,#12297);
#9897=AXIS2_PLACEMENT_3D('',#15531,#12298,#12299);
#9898=AXIS2_PLACEMENT_3D('',#15534,#12302,#12303);
#9899=AXIS2_PLACEMENT_3D('',#15537,#12305,#12306);
#9900=AXIS2_PLACEMENT_3D('',#15542,#12309,#12310);
#9901=AXIS2_PLACEMENT_3D('',#15548,#12314,#12315);
#9902=AXIS2_PLACEMENT_3D('',#15552,#12318,#12319);
#9903=AXIS2_PLACEMENT_3D('',#15553,#12320,#12321);
#9904=AXIS2_PLACEMENT_3D('',#15554,#12322,#12323);
#9905=AXIS2_PLACEMENT_3D('',#15557,#12326,#12327);
#9906=AXIS2_PLACEMENT_3D('',#15560,#12329,#12330);
#9907=AXIS2_PLACEMENT_3D('',#15565,#12333,#12334);
#9908=AXIS2_PLACEMENT_3D('',#15571,#12338,#12339);
#9909=AXIS2_PLACEMENT_3D('',#15575,#12342,#12343);
#9910=AXIS2_PLACEMENT_3D('',#15576,#12344,#12345);
#9911=AXIS2_PLACEMENT_3D('',#15577,#12346,#12347);
#9912=AXIS2_PLACEMENT_3D('',#15580,#12350,#12351);
#9913=AXIS2_PLACEMENT_3D('',#15583,#12353,#12354);
#9914=AXIS2_PLACEMENT_3D('',#15588,#12357,#12358);
#9915=AXIS2_PLACEMENT_3D('',#15594,#12362,#12363);
#9916=AXIS2_PLACEMENT_3D('',#15598,#12366,#12367);
#9917=AXIS2_PLACEMENT_3D('',#15599,#12368,#12369);
#9918=AXIS2_PLACEMENT_3D('',#15600,#12370,#12371);
#9919=AXIS2_PLACEMENT_3D('',#15603,#12374,#12375);
#9920=AXIS2_PLACEMENT_3D('',#15606,#12377,#12378);
#9921=AXIS2_PLACEMENT_3D('',#15611,#12381,#12382);
#9922=AXIS2_PLACEMENT_3D('',#15617,#12386,#12387);
#9923=AXIS2_PLACEMENT_3D('',#15621,#12390,#12391);
#9924=AXIS2_PLACEMENT_3D('',#15622,#12392,#12393);
#9925=AXIS2_PLACEMENT_3D('',#15623,#12394,#12395);
#9926=AXIS2_PLACEMENT_3D('',#15626,#12398,#12399);
#9927=AXIS2_PLACEMENT_3D('',#15629,#12401,#12402);
#9928=AXIS2_PLACEMENT_3D('',#15634,#12405,#12406);
#9929=AXIS2_PLACEMENT_3D('',#15640,#12410,#12411);
#9930=AXIS2_PLACEMENT_3D('',#15644,#12414,#12415);
#9931=AXIS2_PLACEMENT_3D('',#15645,#12416,#12417);
#9932=AXIS2_PLACEMENT_3D('',#15646,#12418,#12419);
#9933=AXIS2_PLACEMENT_3D('',#15649,#12422,#12423);
#9934=AXIS2_PLACEMENT_3D('',#15652,#12425,#12426);
#9935=AXIS2_PLACEMENT_3D('',#15657,#12429,#12430);
#9936=AXIS2_PLACEMENT_3D('',#15663,#12434,#12435);
#9937=AXIS2_PLACEMENT_3D('',#15667,#12438,#12439);
#9938=AXIS2_PLACEMENT_3D('',#15668,#12440,#12441);
#9939=AXIS2_PLACEMENT_3D('',#15669,#12442,#12443);
#9940=AXIS2_PLACEMENT_3D('',#15672,#12446,#12447);
#9941=AXIS2_PLACEMENT_3D('',#15675,#12449,#12450);
#9942=AXIS2_PLACEMENT_3D('',#15680,#12453,#12454);
#9943=AXIS2_PLACEMENT_3D('',#15686,#12458,#12459);
#9944=AXIS2_PLACEMENT_3D('',#15690,#12462,#12463);
#9945=AXIS2_PLACEMENT_3D('',#15691,#12464,#12465);
#9946=AXIS2_PLACEMENT_3D('',#15692,#12466,#12467);
#9947=AXIS2_PLACEMENT_3D('',#15695,#12470,#12471);
#9948=AXIS2_PLACEMENT_3D('',#15698,#12473,#12474);
#9949=AXIS2_PLACEMENT_3D('',#15703,#12477,#12478);
#9950=AXIS2_PLACEMENT_3D('',#15709,#12482,#12483);
#9951=AXIS2_PLACEMENT_3D('',#15713,#12486,#12487);
#9952=AXIS2_PLACEMENT_3D('',#15714,#12488,#12489);
#9953=AXIS2_PLACEMENT_3D('',#15715,#12490,#12491);
#9954=AXIS2_PLACEMENT_3D('',#15718,#12494,#12495);
#9955=AXIS2_PLACEMENT_3D('',#15721,#12497,#12498);
#9956=AXIS2_PLACEMENT_3D('',#15726,#12501,#12502);
#9957=AXIS2_PLACEMENT_3D('',#15732,#12506,#12507);
#9958=AXIS2_PLACEMENT_3D('',#15736,#12510,#12511);
#9959=AXIS2_PLACEMENT_3D('',#15737,#12512,#12513);
#9960=AXIS2_PLACEMENT_3D('',#15738,#12514,#12515);
#9961=AXIS2_PLACEMENT_3D('',#15741,#12518,#12519);
#9962=AXIS2_PLACEMENT_3D('',#15744,#12521,#12522);
#9963=AXIS2_PLACEMENT_3D('',#15749,#12525,#12526);
#9964=AXIS2_PLACEMENT_3D('',#15755,#12530,#12531);
#9965=AXIS2_PLACEMENT_3D('',#15759,#12534,#12535);
#9966=AXIS2_PLACEMENT_3D('',#15760,#12536,#12537);
#9967=AXIS2_PLACEMENT_3D('',#15761,#12538,#12539);
#9968=AXIS2_PLACEMENT_3D('',#15764,#12542,#12543);
#9969=AXIS2_PLACEMENT_3D('',#15767,#12545,#12546);
#9970=AXIS2_PLACEMENT_3D('',#15772,#12549,#12550);
#9971=AXIS2_PLACEMENT_3D('',#15776,#12553,#12554);
#9972=AXIS2_PLACEMENT_3D('',#15780,#12557,#12558);
#9973=AXIS2_PLACEMENT_3D('',#15781,#12559,#12560);
#9974=AXIS2_PLACEMENT_3D('',#15782,#12561,#12562);
#9975=AXIS2_PLACEMENT_3D('',#15785,#12565,#12566);
#9976=AXIS2_PLACEMENT_3D('',#15787,#12568,#12569);
#9977=AXIS2_PLACEMENT_3D('',#15789,#12571,#12572);
#9978=AXIS2_PLACEMENT_3D('',#15790,#12573,#12574);
#9979=AXIS2_PLACEMENT_3D('',#15792,#12576,#12577);
#9980=AXIS2_PLACEMENT_3D('',#15794,#12579,#12580);
#9981=AXIS2_PLACEMENT_3D('',#15795,#12581,#12582);
#9982=AXIS2_PLACEMENT_3D('',#15797,#12584,#12585);
#9983=AXIS2_PLACEMENT_3D('',#15799,#12587,#12588);
#9984=AXIS2_PLACEMENT_3D('',#15800,#12589,#12590);
#9985=AXIS2_PLACEMENT_3D('',#15802,#12592,#12593);
#9986=AXIS2_PLACEMENT_3D('',#15804,#12595,#12596);
#9987=AXIS2_PLACEMENT_3D('',#15805,#12597,#12598);
#9988=AXIS2_PLACEMENT_3D('',#15807,#12600,#12601);
#9989=AXIS2_PLACEMENT_3D('',#15809,#12603,#12604);
#9990=AXIS2_PLACEMENT_3D('',#15810,#12605,#12606);
#9991=AXIS2_PLACEMENT_3D('',#15812,#12608,#12609);
#9992=AXIS2_PLACEMENT_3D('',#15814,#12611,#12612);
#9993=AXIS2_PLACEMENT_3D('',#15815,#12613,#12614);
#9994=AXIS2_PLACEMENT_3D('',#15817,#12616,#12617);
#9995=AXIS2_PLACEMENT_3D('',#15819,#12619,#12620);
#9996=AXIS2_PLACEMENT_3D('',#15820,#12621,#12622);
#9997=AXIS2_PLACEMENT_3D('',#15822,#12624,#12625);
#9998=AXIS2_PLACEMENT_3D('',#15824,#12627,#12628);
#9999=AXIS2_PLACEMENT_3D('',#15825,#12629,#12630);
#10000=AXIS2_PLACEMENT_3D('',#15827,#12632,#12633);
#10001=AXIS2_PLACEMENT_3D('',#15829,#12635,#12636);
#10002=AXIS2_PLACEMENT_3D('',#15830,#12637,#12638);
#10003=AXIS2_PLACEMENT_3D('',#15832,#12640,#12641);
#10004=AXIS2_PLACEMENT_3D('',#15834,#12643,#12644);
#10005=AXIS2_PLACEMENT_3D('',#15835,#12645,#12646);
#10006=AXIS2_PLACEMENT_3D('',#15837,#12648,#12649);
#10007=AXIS2_PLACEMENT_3D('',#15839,#12651,#12652);
#10008=AXIS2_PLACEMENT_3D('',#15840,#12653,#12654);
#10009=AXIS2_PLACEMENT_3D('',#15842,#12656,#12657);
#10010=AXIS2_PLACEMENT_3D('',#15844,#12659,#12660);
#10011=AXIS2_PLACEMENT_3D('',#15845,#12661,#12662);
#10012=AXIS2_PLACEMENT_3D('',#15847,#12664,#12665);
#10013=AXIS2_PLACEMENT_3D('',#15849,#12667,#12668);
#10014=AXIS2_PLACEMENT_3D('',#15850,#12669,#12670);
#10015=AXIS2_PLACEMENT_3D('',#15852,#12672,#12673);
#10016=AXIS2_PLACEMENT_3D('',#15854,#12675,#12676);
#10017=AXIS2_PLACEMENT_3D('',#15855,#12677,#12678);
#10018=AXIS2_PLACEMENT_3D('',#15857,#12680,#12681);
#10019=AXIS2_PLACEMENT_3D('',#15859,#12683,#12684);
#10020=AXIS2_PLACEMENT_3D('',#15860,#12685,#12686);
#10021=AXIS2_PLACEMENT_3D('',#15862,#12688,#12689);
#10022=AXIS2_PLACEMENT_3D('',#15864,#12691,#12692);
#10023=AXIS2_PLACEMENT_3D('',#15865,#12693,#12694);
#10024=AXIS2_PLACEMENT_3D('',#15867,#12696,#12697);
#10025=AXIS2_PLACEMENT_3D('',#15869,#12699,#12700);
#10026=AXIS2_PLACEMENT_3D('',#15870,#12701,#12702);
#10027=AXIS2_PLACEMENT_3D('',#15872,#12704,#12705);
#10028=AXIS2_PLACEMENT_3D('',#15874,#12707,#12708);
#10029=AXIS2_PLACEMENT_3D('',#15875,#12709,#12710);
#10030=AXIS2_PLACEMENT_3D('',#15877,#12712,#12713);
#10031=AXIS2_PLACEMENT_3D('',#15879,#12715,#12716);
#10032=AXIS2_PLACEMENT_3D('',#15880,#12717,#12718);
#10033=AXIS2_PLACEMENT_3D('',#15881,#12719,#12720);
#10034=AXIS2_PLACEMENT_3D('',#15883,#12721,#12722);
#10035=AXIS2_PLACEMENT_3D('',#15884,#12723,#12724);
#10036=AXIS2_PLACEMENT_3D('',#15886,#12725,#12726);
#10037=AXIS2_PLACEMENT_3D('',#15887,#12727,#12728);
#10038=AXIS2_PLACEMENT_3D('',#15889,#12729,#12730);
#10039=AXIS2_PLACEMENT_3D('',#15890,#12731,#12732);
#10040=AXIS2_PLACEMENT_3D('',#15892,#12733,#12734);
#10041=AXIS2_PLACEMENT_3D('',#15893,#12735,#12736);
#10042=AXIS2_PLACEMENT_3D('',#15895,#12737,#12738);
#10043=AXIS2_PLACEMENT_3D('',#15896,#12739,#12740);
#10044=AXIS2_PLACEMENT_3D('',#15898,#12741,#12742);
#10045=AXIS2_PLACEMENT_3D('',#15899,#12743,#12744);
#10046=AXIS2_PLACEMENT_3D('',#15901,#12745,#12746);
#10047=AXIS2_PLACEMENT_3D('',#15902,#12747,#12748);
#10048=AXIS2_PLACEMENT_3D('',#15904,#12749,#12750);
#10049=DIRECTION('',(0.,0.,1.));
#10050=DIRECTION('',(1.,0.,0.));
#10051=DIRECTION('',(-1.,0.,0.));
#10052=DIRECTION('',(-0.0342400292287151,0.0279517841478981,0.999022681504963));
#10053=DIRECTION('',(0.999413179670647,0.,0.0342534129775071));
#10054=DIRECTION('',(0.,0.308889076660114,-0.951098069769917));
#10055=DIRECTION('',(-0.101627652137046,0.946173766117519,0.307289805610441));
#10056=DIRECTION('',(-5.55111512312578E-17,2.77555756156289E-17,1.));
#10057=DIRECTION('',(-0.774652999930548,0.632386535038976,-6.05541321224721E-17));
#10058=DIRECTION('',(0.697557866140812,0.716528452599809,1.88345805530125E-17));
#10059=DIRECTION('',(-0.0315503738895713,0.0307150559150873,0.999030109279776));
#10060=DIRECTION('',(-5.55111512312578E-17,2.77555756156289E-17,1.));
#10061=DIRECTION('',(-0.774652999930548,0.632386535038976,-6.05541321224721E-17));
#10062=DIRECTION('',(0.953535090932598,-0.301281978153626,6.12940853633399E-17));
#10063=DIRECTION('',(0.00492623128978637,0.0155911562638052,0.999866315109994));
#10064=DIRECTION('',(-5.55111512312578E-17,2.77555756156289E-17,1.));
#10065=DIRECTION('',(1.,0.,5.55111512312578E-17));
#10066=DIRECTION('',(-5.55111512312578E-17,2.77555756156289E-17,1.));
#10067=DIRECTION('',(-5.55111512312578E-17,2.77555756156289E-17,1.));
#10068=DIRECTION('',(1.,0.,5.55111512312578E-17));
#10069=DIRECTION('',(-5.55111512312578E-17,2.77555756156289E-17,1.));
#10070=DIRECTION('',(-5.55111512312578E-17,2.77555756156289E-17,1.));
#10071=DIRECTION('',(1.,0.,5.55111512312578E-17));
#10072=DIRECTION('',(-5.55111512312578E-17,2.77555756156289E-17,1.));
#10073=DIRECTION('',(-5.55111512312578E-17,2.77555756156289E-17,1.));
#10074=DIRECTION('',(1.,0.,5.55111512312578E-17));
#10075=DIRECTION('',(-5.55111512312578E-17,2.77555756156289E-17,1.));
#10076=DIRECTION('',(1.,0.,5.55111512312578E-17));
#10077=DIRECTION('',(-5.55111512312578E-17,2.77555756156289E-17,1.));
#10078=DIRECTION('',(-5.55111512312578E-17,2.77555756156289E-17,1.));
#10079=DIRECTION('',(1.,0.,5.55111512312578E-17));
#10080=DIRECTION('',(-5.55111512312578E-17,2.77555756156289E-17,1.));
#10081=DIRECTION('',(1.,0.,5.55111512312578E-17));
#10082=DIRECTION('',(-5.55111512312578E-17,2.77555756156289E-17,1.));
#10083=DIRECTION('',(6.12323399573677E-17,1.,-2.77555756156289E-17));
#10084=DIRECTION('',(5.55111512312578E-17,-2.77555756156289E-17,-1.));
#10085=DIRECTION('',(-5.55111512312578E-17,2.77555756156289E-17,1.));
#10086=DIRECTION('',(6.12323399573677E-17,1.,-2.77555756156289E-17));
#10087=DIRECTION('',(5.55111512312578E-17,-2.77555756156289E-17,-1.));
#10088=DIRECTION('',(-5.55111512312578E-17,2.77555756156289E-17,1.));
#10089=DIRECTION('',(6.12323399573677E-17,1.,-2.77555756156289E-17));
#10090=DIRECTION('',(-5.55111512312578E-17,2.77555756156289E-17,1.));
#10091=DIRECTION('',(0.,-0.00769758050281369,-0.999970373188327));
#10092=DIRECTION('',(-7.21150642217605E-15,-0.999970373188327,0.00769758050281369));
#10093=DIRECTION('',(-5.55111512312578E-17,2.77555756156289E-17,1.));
#10094=DIRECTION('',(-0.697557866140812,-0.716528452599809,-1.88345805530125E-17));
#10095=DIRECTION('',(0.716528452599809,-0.697557866140812,0.));
#10096=DIRECTION('',(0.716528452599809,-0.697557866140812,5.91364393937152E-17));
#10097=DIRECTION('',(5.55111512312578E-17,-2.77555756156289E-17,-1.));
#10098=DIRECTION('',(-0.716528452599809,0.697557866140812,0.));
#10099=DIRECTION('',(-0.697557866140812,-0.716528452599809,-1.88345805530125E-17));
#10100=DIRECTION('',(0.716528452599809,-0.697557866140812,-1.8335922003581E-17));
#10101=DIRECTION('',(-0.697557866140812,-0.716528452599809,-1.88345805530125E-17));
#10102=DIRECTION('',(-0.0315503738895713,0.0307150559150873,0.999030109279776));
#10103=DIRECTION('',(-0.697557866140812,-0.716528452599809,-1.88345805530125E-17));
#10104=DIRECTION('',(0.716528452599809,-0.697557866140812,0.));
#10105=DIRECTION('',(-5.55111512312578E-17,2.77555756156289E-17,1.));
#10106=DIRECTION('',(-0.716528452599809,0.697557866140812,0.));
#10107=DIRECTION('',(5.55111512312578E-17,-2.77555756156289E-17,-1.));
#10108=DIRECTION('',(0.716528452599809,-0.697557866140812,5.91364393937152E-17));
#10109=DIRECTION('',(-0.697557866140812,-0.716528452599809,-1.88345805530125E-17));
#10110=DIRECTION('',(-0.0315503738895713,0.0307150559150873,0.999030109279776));
#10111=DIRECTION('',(0.698819935378297,-0.680318194163048,-0.220947624129798));
#10112=DIRECTION('',(-5.55111512312578E-17,2.77555756156289E-17,1.));
#10113=DIRECTION('',(1.,0.,5.55111512312578E-17));
#10114=DIRECTION('',(5.55111512312578E-17,-2.77555756156289E-17,-1.));
#10115=DIRECTION('',(-6.12323399573677E-17,1.,-2.77555756156289E-17));
#10116=DIRECTION('',(-5.55111512312578E-17,2.77555756156289E-17,1.));
#10117=DIRECTION('',(-5.55111512312578E-17,2.77555756156289E-17,1.));
#10118=DIRECTION('',(1.,0.,5.55111512312578E-17));
#10119=DIRECTION('',(5.55111512312578E-17,-2.77555756156289E-17,-1.));
#10120=DIRECTION('',(-5.55111512312578E-17,2.77555756156289E-17,1.));
#10121=DIRECTION('',(6.12323399573677E-17,1.,-2.77555756156289E-17));
#10122=DIRECTION('',(0.,0.308889076660114,-0.951098069769917));
#10123=DIRECTION('',(-1.79712250855473E-16,0.951098069769917,0.308889076660114));
#10124=DIRECTION('',(-5.55111512312578E-17,2.77555756156289E-17,1.));
#10125=DIRECTION('',(1.,1.54074395550979E-33,5.55111512312578E-17));
#10126=DIRECTION('',(5.55111512312578E-17,0.,-1.));
#10127=DIRECTION('',(1.0263416486754E-48,-1.,2.77555756156289E-17));
#10128=DIRECTION('',(-5.55111512312578E-17,2.77555756156289E-17,1.));
#10129=DIRECTION('',(1.0263416486754E-48,-1.,2.77555756156289E-17));
#10130=DIRECTION('',(5.55111512312578E-17,-2.77555756156289E-17,-1.));
#10131=DIRECTION('',(-1.3684555315672E-48,1.,-2.77555756156289E-17));
#10132=DIRECTION('',(-5.55111512312578E-17,2.77555756156289E-17,1.));
#10133=DIRECTION('',(-1.3684555315672E-48,1.,-2.77555756156289E-17));
#10134=DIRECTION('',(1.,1.54074395550979E-33,5.55111512312578E-17));
#10135=DIRECTION('',(5.55111512312578E-17,0.,-1.));
#10136=DIRECTION('',(-5.077530640911E-17,-0.404163848320941,0.914686604094762));
#10137=DIRECTION('',(1.,1.54074395550979E-33,5.55111512312578E-17));
#10138=DIRECTION('',(5.55111512312578E-17,0.,-1.));
#10139=DIRECTION('',(-5.55111512312578E-17,2.77555756156289E-17,1.));
#10140=DIRECTION('',(1.,0.,0.));
#10141=DIRECTION('',(0.,0.,-1.));
#10142=DIRECTION('',(1.,0.,0.));
#10143=DIRECTION('',(1.,0.,0.));
#10144=DIRECTION('',(1.,0.,0.));
#10145=DIRECTION('',(0.99956034240115,0.0296499898633449,5.46637927961434E-17));
#10146=DIRECTION('',(0.0296499898633449,-0.99956034240115,-1.8428255691179E-15));
#10147=DIRECTION('',(0.0522437098537843,-0.00863004722265084,-0.998597074432751));
#10148=DIRECTION('',(0.998634364910758,0.000451482243117999,0.0522417589967121));
#10149=DIRECTION('',(-0.0113152257975547,0.0741012524774883,-0.997186527208635));
#10150=DIRECTION('',(1.22514845490862E-16,-0.997250370396157,-0.0741059966853455));
#10151=DIRECTION('',(0.0113152257975547,-0.0741012524774883,0.997186527208635));
#10152=DIRECTION('',(0.,-0.997250370396157,-0.0741059966853455));
#10153=DIRECTION('',(0.,0.,-1.));
#10154=DIRECTION('',(-0.150949803218348,0.988541429029832,0.));
#10155=DIRECTION('',(0.,0.,-1.));
#10156=DIRECTION('',(-1.,0.,0.));
#10157=DIRECTION('',(1.,0.,0.));
#10158=DIRECTION('',(0.,0.,-1.));
#10159=DIRECTION('',(-1.,0.,0.));
#10160=DIRECTION('',(1.,0.,0.));
#10161=DIRECTION('',(0.,0.308889076660114,-0.951098069769917));
#10162=DIRECTION('',(0.,0.951098069769917,0.308889076660114));
#10163=DIRECTION('',(0.,0.308889076660114,-0.951098069769917));
#10164=DIRECTION('',(-0.101627652137046,0.946173766117519,0.307289805610441));
#10165=DIRECTION('',(1.,0.,0.));
#10166=DIRECTION('',(0.,0.,-1.));
#10167=DIRECTION('',(0.,0.00769758050281369,0.999970373188327));
#10168=DIRECTION('',(0.98744961915128,0.157929641555876,-0.00121571214733171));
#10169=DIRECTION('',(0.,0.00769758050281369,0.999970373188327));
#10170=DIRECTION('',(0.98744961915128,0.157929641555876,-0.00121571214733171));
#10171=DIRECTION('',(4.33680868994202E-19,0.00769758050281369,0.999970373188327));
#10172=DIRECTION('',(0.928118538499581,0.372273778691365,-0.00286569228188898));
#10173=DIRECTION('',(4.33680868994202E-19,0.00769758050281369,0.999970373188327));
#10174=DIRECTION('',(0.928118538499581,0.372273778691365,-0.00286569228188898));
#10175=DIRECTION('',(0.,-0.00769758050281369,-0.999970373188327));
#10176=DIRECTION('',(0.,0.999970373188327,-0.00769758050281369));
#10177=DIRECTION('',(1.,0.,0.));
#10178=DIRECTION('',(-0.00515672850447162,-0.999957077569419,0.00769747815568459));
#10179=DIRECTION('',(1.,0.,0.));
#10180=DIRECTION('',(0.,-0.00769758050281369,-0.999970373188327));
#10181=DIRECTION('',(-7.21150642217605E-15,-0.999970373188327,0.00769758050281369));
#10182=DIRECTION('',(-0.029649112200896,0.999530754648102,-0.0076941964034497));
#10183=DIRECTION('',(0.,-0.00769758050281369,-0.999970373188327));
#10184=DIRECTION('',(0.,0.999970373188327,-0.00769758050281369));
#10185=DIRECTION('',(1.,0.,0.));
#10186=DIRECTION('',(0.,0.,-1.));
#10187=DIRECTION('',(-0.996144064606843,0.0877325626467065,-5.77321715950039E-17));
#10188=DIRECTION('',(0.0877325626467065,0.996144064606843,-6.55509862430604E-16));
#10189=DIRECTION('',(-0.999986703199317,0.00515688128235937,-5.56535453189176E-17));
#10190=DIRECTION('',(0.00515688128235937,0.999986703199317,-1.07919500678045E-14));
#10191=DIRECTION('',(1.,0.,0.));
#10192=DIRECTION('',(0.99710420557461,-0.0760473748753073,5.7461141012697E-17));
#10193=DIRECTION('',(0.0760473748753073,0.99710420557461,-7.53408588459766E-16));
#10194=DIRECTION('',(-5.55111512312578E-17,2.77555756156289E-17,1.));
#10195=DIRECTION('',(1.,0.,5.55111512312578E-17));
#10196=DIRECTION('',(5.55111512312578E-17,-2.77555756156289E-17,-1.));
#10197=DIRECTION('',(-6.12323399573677E-17,1.,-2.77555756156289E-17));
#10198=DIRECTION('',(-5.55111512312578E-17,2.77555756156289E-17,1.));
#10199=DIRECTION('',(1.,0.,5.55111512312578E-17));
#10200=DIRECTION('',(5.55111512312578E-17,-2.77555756156289E-17,-1.));
#10201=DIRECTION('',(-6.12323399573677E-17,1.,-2.77555756156289E-17));
#10202=DIRECTION('',(-0.998152560222667,-0.0607574400459316,0.));
#10203=DIRECTION('',(-5.55111512312578E-17,2.77555756156289E-17,1.));
#10204=DIRECTION('',(1.,0.,5.55111512312578E-17));
#10205=DIRECTION('',(-0.998152560222667,-0.0607574400459316,0.));
#10206=DIRECTION('',(-5.55111512312578E-17,2.77555756156289E-17,1.));
#10207=DIRECTION('',(1.,0.,5.55111512312578E-17));
#10208=DIRECTION('',(5.55111512312578E-17,-2.77555756156289E-17,-1.));
#10209=DIRECTION('',(-6.12323399573677E-17,1.,-2.77555756156289E-17));
#10210=DIRECTION('',(-0.00515688128235937,-0.999986703199317,0.));
#10211=DIRECTION('',(-1.3684555315672E-48,1.,-2.77555756156289E-17));
#10212=DIRECTION('',(-5.55111512312578E-17,2.77555756156289E-17,1.));
#10213=DIRECTION('',(1.,0.,5.55111512312578E-17));
#10214=DIRECTION('',(-0.743709998004896,0.668502385087411,-5.98388666699702E-17));
#10215=DIRECTION('',(-0.668502385087411,-0.743709998004896,0.));
#10216=DIRECTION('',(-0.668502385087411,-0.743709998004896,-1.64672379113197E-17));
#10217=DIRECTION('',(-0.743709998004896,0.668502385087411,-5.98388666699702E-17));
#10218=DIRECTION('',(0.668502385087411,0.743709998004896,1.64672379113197E-17));
#10219=DIRECTION('',(-5.55111512312578E-17,2.77555756156289E-17,1.));
#10220=DIRECTION('',(0.66850238508741,0.743709998004897,0.));
#10221=DIRECTION('',(-5.55111512312578E-17,2.77555756156289E-17,1.));
#10222=DIRECTION('',(-5.55111512312578E-17,2.77555756156289E-17,1.));
#10223=DIRECTION('',(-5.55111512312578E-17,2.77555756156289E-17,1.));
#10224=DIRECTION('',(1.,0.,5.55111512312578E-17));
#10225=DIRECTION('',(1.,3.36890023011678E-33,5.55111512312578E-17));
#10226=DIRECTION('',(-5.55111512312578E-17,2.77555756156289E-17,1.));
#10227=DIRECTION('',(1.,0.,5.55111512312578E-17));
#10228=DIRECTION('',(0.668502385087409,0.743709998004898,1.64672379113195E-17));
#10229=DIRECTION('',(-5.55111512312578E-17,2.77555756156289E-17,1.));
#10230=DIRECTION('',(1.,0.,5.55111512312578E-17));
#10231=DIRECTION('',(-5.55111512312578E-17,2.77555756156289E-17,1.));
#10232=DIRECTION('',(-5.55111512312578E-17,2.77555756156289E-17,1.));
#10233=DIRECTION('',(1.,0.,5.55111512312578E-17));
#10234=DIRECTION('',(-5.55111512312578E-17,2.77555756156289E-17,1.));
#10235=DIRECTION('',(-5.55111512312578E-17,2.77555756156289E-17,1.));
#10236=DIRECTION('',(-0.872331321502374,-0.488915192570165,-3.48539933146703E-17));
#10237=DIRECTION('',(0.940952830078349,-0.338537695932884,6.16296834701652E-17));
#10238=DIRECTION('',(0.338537695932884,0.940952830078349,0.));
#10239=DIRECTION('',(-5.55111512312578E-17,2.77555756156289E-17,1.));
#10240=DIRECTION('',(0.338537695932884,0.940952830078349,-7.32407018956775E-18));
#10241=DIRECTION('',(0.338537695932884,0.940952830078349,0.));
#10242=DIRECTION('',(-5.55111512312578E-17,2.77555756156289E-17,1.));
#10243=DIRECTION('',(1.,0.,5.55111512312578E-17));
#10244=DIRECTION('',(-5.55111512312578E-17,2.77555756156289E-17,1.));
#10245=DIRECTION('',(-5.55111512312578E-17,2.77555756156289E-17,1.));
#10246=DIRECTION('',(1.,0.,5.55111512312578E-17));
#10247=DIRECTION('',(5.55111512312579E-17,-2.77555756156289E-17,-1.));
#10248=DIRECTION('',(-0.872331321502374,-0.488915192570165,-3.48539933146703E-17));
#10249=DIRECTION('',(-0.940952830078351,0.338537695932878,-6.16296834701652E-17));
#10250=DIRECTION('',(-0.338537695932878,-0.940952830078351,0.));
#10251=DIRECTION('',(-5.55111512312578E-17,2.77555756156289E-17,1.));
#10252=DIRECTION('',(-0.338537695932878,-0.940952830078351,7.32407018956815E-18));
#10253=DIRECTION('',(-0.338537695932878,-0.940952830078351,0.));
#10254=DIRECTION('',(-5.55111512312578E-17,2.77555756156289E-17,1.));
#10255=DIRECTION('',(1.,0.,5.55111512312578E-17));
#10256=DIRECTION('',(0.,0.,1.));
#10257=DIRECTION('',(-5.55111512312578E-17,2.77555756156289E-17,1.));
#10258=DIRECTION('',(1.,0.,5.55111512312578E-17));
#10259=DIRECTION('',(-5.55111512312578E-17,2.77555756156289E-17,1.));
#10260=DIRECTION('',(-0.872331321502374,-0.488915192570165,-3.48539933146703E-17));
#10261=DIRECTION('',(-5.55111512312578E-17,2.77555756156289E-17,1.));
#10262=DIRECTION('',(-0.872331321502374,-0.488915192570165,-3.48539933146703E-17));
#10263=DIRECTION('',(-5.55111512312578E-17,2.77555756156289E-17,1.));
#10264=DIRECTION('',(-5.55111512312578E-17,2.77555756156289E-17,1.));
#10265=DIRECTION('',(5.55111512312578E-17,-2.77555756156289E-17,-1.));
#10266=DIRECTION('',(1.,0.,0.));
#10267=DIRECTION('',(0.,0.,1.));
#10268=DIRECTION('',(1.,0.,0.));
#10269=DIRECTION('',(-0.828908467817743,0.559384261469736,-6.15396954813169E-17));
#10270=DIRECTION('',(-0.559384261469736,-0.828908467817743,0.));
#10271=DIRECTION('',(0.559384261469737,0.828908467817742,0.));
#10272=DIRECTION('',(5.55111512312578E-17,-2.77555756156289E-17,-1.));
#10273=DIRECTION('',(-0.559384261469736,-0.828908467817743,-8.04523267788155E-18));
#10274=DIRECTION('',(-5.55111512312578E-17,2.77555756156289E-17,1.));
#10275=DIRECTION('',(-0.559384261469736,-0.828908467817743,-8.04523267788155E-18));
#10276=DIRECTION('',(-5.55111512312578E-17,2.77555756156289E-17,1.));
#10277=DIRECTION('',(-0.559384261469736,-0.828908467817743,-8.04523267788155E-18));
#10278=DIRECTION('',(-0.828908467817743,0.559384261469736,-6.15396954813169E-17));
#10279=DIRECTION('',(0.559384261469736,0.828908467817743,8.04523267788155E-18));
#10280=DIRECTION('',(-5.55111512312578E-17,2.77555756156289E-17,1.));
#10281=DIRECTION('',(-5.55111512312578E-17,2.77555756156289E-17,1.));
#10282=DIRECTION('',(1.,0.,5.55111512312578E-17));
#10283=DIRECTION('',(-5.55111512312578E-17,2.77555756156289E-17,1.));
#10284=DIRECTION('',(1.,0.,5.55111512312578E-17));
#10285=DIRECTION('',(-5.55111512312578E-17,2.77555756156289E-17,1.));
#10286=DIRECTION('',(1.,0.,5.55111512312578E-17));
#10287=DIRECTION('',(0.872331321502375,0.488915192570165,3.48539933146703E-17));
#10288=DIRECTION('',(-5.55111512312578E-17,2.77555756156289E-17,1.));
#10289=DIRECTION('',(1.,0.,5.55111512312578E-17));
#10290=DIRECTION('',(-5.55111512312578E-17,2.77555756156289E-17,1.));
#10291=DIRECTION('',(1.,0.,5.55111512312578E-17));
#10292=DIRECTION('',(-5.55111512312578E-17,2.77555756156289E-17,1.));
#10293=DIRECTION('',(1.,0.,5.55111512312578E-17));
#10294=DIRECTION('',(1.,3.36890023011678E-33,5.55111512312578E-17));
#10295=DIRECTION('',(-5.55111512312578E-17,2.77555756156289E-17,1.));
#10296=DIRECTION('',(1.,0.,5.55111512312578E-17));
#10297=DIRECTION('',(-0.872331321502376,-0.488915192570163,-3.48539933146705E-17));
#10298=DIRECTION('',(-5.55111512312578E-17,2.77555756156289E-17,1.));
#10299=DIRECTION('',(1.,0.,5.55111512312578E-17));
#10300=DIRECTION('',(0.872331321502375,0.488915192570165,3.48539933146703E-17));
#10301=DIRECTION('',(-5.55111512312578E-17,2.77555756156289E-17,1.));
#10302=DIRECTION('',(1.,0.,5.55111512312578E-17));
#10303=DIRECTION('',(-1.,-3.36890023011678E-33,-5.55111512312578E-17));
#10304=DIRECTION('',(-5.55111512312578E-17,2.77555756156289E-17,1.));
#10305=DIRECTION('',(1.,0.,5.55111512312578E-17));
#10306=DIRECTION('',(5.55111512312578E-17,-2.77555756156289E-17,-1.));
#10307=DIRECTION('',(1.,0.,5.55111512312578E-17));
#10308=DIRECTION('',(-5.55111512312578E-17,2.77555756156289E-17,1.));
#10309=DIRECTION('',(-5.55111512312578E-17,2.77555756156289E-17,1.));
#10310=DIRECTION('',(1.,0.,5.55111512312578E-17));
#10311=DIRECTION('',(5.55111512312578E-17,-2.77555756156289E-17,-1.));
#10312=DIRECTION('',(1.,0.,5.55111512312578E-17));
#10313=DIRECTION('',(-5.55111512312578E-17,2.77555756156289E-17,1.));
#10314=DIRECTION('',(-5.55111512312578E-17,2.77555756156289E-17,1.));
#10315=DIRECTION('',(-5.55111512312578E-17,2.77555756156289E-17,1.));
#10316=DIRECTION('',(1.,0.,5.55111512312578E-17));
#10317=DIRECTION('',(5.55111512312578E-17,-2.77555756156289E-17,-1.));
#10318=DIRECTION('',(1.,0.,5.55111512312578E-17));
#10319=DIRECTION('',(-5.55111512312578E-17,2.77555756156289E-17,1.));
#10320=DIRECTION('',(-5.55111512312578E-17,2.77555756156289E-17,1.));
#10321=DIRECTION('',(1.,0.,5.55111512312578E-17));
#10322=DIRECTION('',(-5.55111512312578E-17,2.77555756156289E-17,1.));
#10323=DIRECTION('',(1.,0.,5.55111512312578E-17));
#10324=DIRECTION('',(0.559384261469737,0.828908467817742,8.04523267788158E-18));
#10325=DIRECTION('',(1.,3.36890023011678E-33,5.55111512312578E-17));
#10326=DIRECTION('',(-5.55111512312578E-17,2.77555756156289E-17,1.));
#10327=DIRECTION('',(1.,0.,5.55111512312578E-17));
#10328=DIRECTION('',(-5.55111512312578E-17,2.77555756156289E-17,1.));
#10329=DIRECTION('',(1.,0.,5.55111512312578E-17));
#10330=DIRECTION('',(-5.55111512312578E-17,2.77555756156289E-17,1.));
#10331=DIRECTION('',(-5.55111512312578E-17,2.77555756156289E-17,1.));
#10332=DIRECTION('',(1.,0.,5.55111512312578E-17));
#10333=DIRECTION('',(5.55111512312578E-17,-2.77555756156289E-17,-1.));
#10334=DIRECTION('',(-5.55111512312578E-17,2.77555756156289E-17,1.));
#10335=DIRECTION('',(1.,0.,5.55111512312578E-17));
#10336=DIRECTION('',(-5.55111512312578E-17,2.77555756156289E-17,1.));
#10337=DIRECTION('',(1.,0.,5.55111512312578E-17));
#10338=DIRECTION('',(-5.55111512312578E-17,2.77555756156289E-17,1.));
#10339=DIRECTION('',(1.,0.,5.55111512312578E-17));
#10340=DIRECTION('',(-5.55111512312578E-17,2.77555756156289E-17,1.));
#10341=DIRECTION('',(1.,0.,5.55111512312578E-17));
#10342=DIRECTION('',(1.54074395550979E-33,1.,-2.77555756156289E-17));
#10343=DIRECTION('',(1.54074395550979E-33,1.,-2.77555756156289E-17));
#10344=DIRECTION('',(-5.55111512312578E-17,2.77555756156289E-17,1.));
#10345=DIRECTION('',(1.54074395550979E-33,1.,-2.77555756156289E-17));
#10346=DIRECTION('',(-5.55111512312578E-17,2.77555756156289E-17,1.));
#10347=DIRECTION('',(1.,0.,5.55111512312578E-17));
#10348=DIRECTION('',(5.55111512312578E-17,-2.77555756156289E-17,-1.));
#10349=DIRECTION('',(-5.55111512312578E-17,2.77555756156289E-17,1.));
#10350=DIRECTION('',(1.,0.,5.55111512312578E-17));
#10351=DIRECTION('',(-5.55111512312578E-17,2.77555756156289E-17,1.));
#10352=DIRECTION('',(1.,0.,5.55111512312578E-17));
#10353=DIRECTION('',(-5.55111512312578E-17,2.77555756156289E-17,1.));
#10354=DIRECTION('',(1.,0.,5.55111512312578E-17));
#10355=DIRECTION('',(-0.0877325626467065,-0.996144064606843,2.2778416356268E-17));
#10356=DIRECTION('',(-5.55111512312578E-17,2.77555756156289E-17,1.));
#10357=DIRECTION('',(1.,0.,5.55111512312578E-17));
#10358=DIRECTION('',(-5.55111512312578E-17,2.77555756156289E-17,1.));
#10359=DIRECTION('',(1.,0.,5.55111512312578E-17));
#10360=DIRECTION('',(-5.55111512312578E-17,2.77555756156289E-17,1.));
#10361=DIRECTION('',(1.,0.,5.55111512312578E-17));
#10362=DIRECTION('',(-5.55111512312578E-17,2.77555756156289E-17,1.));
#10363=DIRECTION('',(1.,0.,5.55111512312578E-17));
#10364=DIRECTION('',(-5.55111512312578E-17,2.77555756156289E-17,1.));
#10365=DIRECTION('',(1.,0.,5.55111512312578E-17));
#10366=DIRECTION('',(-5.55111512312578E-17,2.77555756156289E-17,1.));
#10367=DIRECTION('',(1.,0.,5.55111512312578E-17));
#10368=DIRECTION('',(-5.55111512312578E-17,2.77555756156289E-17,1.));
#10369=DIRECTION('',(1.,0.,5.55111512312578E-17));
#10370=DIRECTION('',(1.,3.36890023011678E-33,5.55111512312578E-17));
#10371=DIRECTION('',(-5.55111512312578E-17,2.77555756156289E-17,1.));
#10372=DIRECTION('',(1.,0.,5.55111512312578E-17));
#10373=DIRECTION('',(1.,3.36890023011678E-33,5.55111512312578E-17));
#10374=DIRECTION('',(-5.55111512312578E-17,2.77555756156289E-17,1.));
#10375=DIRECTION('',(1.,0.,5.55111512312578E-17));
#10376=DIRECTION('',(-5.55111512312578E-17,2.77555756156289E-17,1.));
#10377=DIRECTION('',(1.,0.,5.55111512312578E-17));
#10378=DIRECTION('',(-5.55111512312578E-17,2.77555756156289E-17,1.));
#10379=DIRECTION('',(1.,0.,5.55111512312578E-17));
#10380=DIRECTION('',(-5.55111512312578E-17,2.77555756156289E-17,1.));
#10381=DIRECTION('',(1.,0.,5.55111512312578E-17));
#10382=DIRECTION('',(-0.0877325626467065,-0.996144064606843,2.2778416356268E-17));
#10383=DIRECTION('',(-1.,-3.36890023011678E-33,-5.55111512312578E-17));
#10384=DIRECTION('',(0.0877325626467065,0.996144064606843,-2.2778416356268E-17));
#10385=DIRECTION('',(-5.55111512312578E-17,2.77555756156289E-17,1.));
#10386=DIRECTION('',(1.,0.,5.55111512312578E-17));
#10387=DIRECTION('',(-5.55111512312578E-17,2.77555756156289E-17,1.));
#10388=DIRECTION('',(1.,0.,5.55111512312578E-17));
#10389=DIRECTION('',(-5.55111512312578E-17,2.77555756156289E-17,1.));
#10390=DIRECTION('',(1.,0.,5.55111512312578E-17));
#10391=DIRECTION('',(-5.55111512312578E-17,2.77555756156289E-17,1.));
#10392=DIRECTION('',(1.,0.,5.55111512312578E-17));
#10393=DIRECTION('',(0.872331321502375,0.488915192570165,3.48539933146703E-17));
#10394=DIRECTION('',(-5.55111512312578E-17,2.77555756156289E-17,1.));
#10395=DIRECTION('',(1.,0.,5.55111512312578E-17));
#10396=DIRECTION('',(-5.55111512312578E-17,2.77555756156289E-17,1.));
#10397=DIRECTION('',(1.,0.,5.55111512312578E-17));
#10398=DIRECTION('',(-5.55111512312578E-17,2.77555756156289E-17,1.));
#10399=DIRECTION('',(1.,0.,5.55111512312578E-17));
#10400=DIRECTION('',(0.559384261469737,0.828908467817742,8.04523267788158E-18));
#10401=DIRECTION('',(-5.55111512312578E-17,2.77555756156289E-17,1.));
#10402=DIRECTION('',(1.,0.,5.55111512312578E-17));
#10403=DIRECTION('',(-5.55111512312578E-17,2.77555756156289E-17,1.));
#10404=DIRECTION('',(1.,0.,5.55111512312578E-17));
#10405=DIRECTION('',(-1.,-3.36890023011678E-33,-5.55111512312578E-17));
#10406=DIRECTION('',(-5.55111512312578E-17,2.77555756156289E-17,1.));
#10407=DIRECTION('',(1.,0.,5.55111512312578E-17));
#10408=DIRECTION('',(-5.55111512312578E-17,2.77555756156289E-17,1.));
#10409=DIRECTION('',(1.,0.,5.55111512312578E-17));
#10410=DIRECTION('',(-5.55111512312578E-17,2.77555756156289E-17,1.));
#10411=DIRECTION('',(0.,0.,1.));
#10412=DIRECTION('',(0.519174510932519,0.854668255639567,0.));
#10413=DIRECTION('',(-5.55111512312578E-17,2.77555756156289E-17,1.));
#10414=DIRECTION('',(0.,0.,1.));
#10415=DIRECTION('',(0.519174510932519,0.854668255639567,0.));
#10416=DIRECTION('',(-5.55111512312578E-17,2.77555756156289E-17,1.));
#10417=DIRECTION('',(0.,0.,1.));
#10418=DIRECTION('',(0.519174510932519,0.854668255639567,0.));
#10419=DIRECTION('',(-5.55111512312578E-17,2.77555756156289E-17,1.));
#10420=DIRECTION('',(0.,0.,1.));
#10421=DIRECTION('',(0.519174510932519,0.854668255639567,0.));
#10422=DIRECTION('',(-5.55111512312578E-17,2.77555756156289E-17,1.));
#10423=DIRECTION('',(-5.55111512312578E-17,2.77555756156289E-17,1.));
#10424=DIRECTION('',(-0.1921948714823,0.295118498859833,-0.935930661430974));
#10425=DIRECTION('',(-0.510758320894853,0.78427810159617,0.352184322469611));
#10426=DIRECTION('',(-5.55111512312578E-17,2.77555756156289E-17,1.));
#10427=DIRECTION('',(2.71578639799428E-17,1.71481322106827E-17,-1.));
#10428=DIRECTION('',(-1.,0.,-2.71578639799428E-17));
#10429=DIRECTION('',(0.,0.,-1.));
#10430=DIRECTION('',(-1.,0.,0.));
#10431=DIRECTION('',(0.53401950064688,-0.845472159759774,0.));
#10432=DIRECTION('',(0.837966030941931,0.545722393701621,0.));
#10433=DIRECTION('',(-0.533899445162284,0.845547977618896,0.));
#10434=DIRECTION('',(0.836101366452787,0.548574976658416,0.));
#10435=DIRECTION('',(0.,0.,1.));
#10436=DIRECTION('',(1.,0.,0.));
#10437=DIRECTION('',(-0.1921948714823,0.295118498859833,-0.935930661430974));
#10438=DIRECTION('',(-0.510758320894853,0.78427810159617,0.352184322469611));
#10439=DIRECTION('',(-0.845472159759774,-0.53401950064688,-3.21111142918181E-17));
#10440=DIRECTION('',(0.53401950064688,-0.845472159759774,0.));
#10441=DIRECTION('',(-0.845472159759774,-0.53401950064688,-3.21111142918181E-17));
#10442=DIRECTION('',(-0.53401950064688,0.845472159759774,-2.30944876031606E-15));
#10443=DIRECTION('',(-5.55111512312578E-17,2.77555756156289E-17,1.));
#10444=DIRECTION('',(0.53401950064688,-0.845472159759774,3.30429442921215E-15));
#10445=DIRECTION('',(-2.71514880222457E-17,-1.71441062767713E-17,1.));
#10446=DIRECTION('',(0.53401950064688,-0.845472159759774,4.56058519286936E-21));
#10447=DIRECTION('',(0.845547977618896,0.533899445162284,3.21186552375427E-17));
#10448=DIRECTION('',(-0.533899445162284,0.845547977618896,0.));
#10449=DIRECTION('',(0.845547977618896,0.533899445162284,3.21186552375427E-17));
#10450=DIRECTION('',(-0.533899445162284,0.845547977618896,-2.28663514172301E-15));
#10451=DIRECTION('',(-0.533899445162284,0.845547977618896,-1.23259516440783E-32));
#10452=DIRECTION('',(2.71578639799428E-17,1.71481322106827E-17,-1.));
#10453=DIRECTION('',(-0.533899445162284,0.845547977618896,0.));
#10454=DIRECTION('',(-5.55111512312578E-17,2.77555756156289E-17,1.));
#10455=DIRECTION('',(0.,0.,1.));
#10456=DIRECTION('',(1.,0.,0.));
#10457=DIRECTION('',(-0.95904771998992,0.283244542369552,0.));
#10458=DIRECTION('',(-5.55111512312578E-17,2.77555756156289E-17,1.));
#10459=DIRECTION('',(-0.872331321502374,-0.488915192570165,-3.48539933146703E-17));
#10460=DIRECTION('',(-5.55111512312578E-17,2.77555756156289E-17,1.));
#10461=DIRECTION('',(-1.,1.22464679914735E-16,-5.55111512312578E-17));
#10462=DIRECTION('',(0.699638153616565,-0.714497343594785,0.));
#10463=DIRECTION('',(0.712304407601074,0.701870665373673,0.));
#10464=DIRECTION('',(-5.55111512312578E-17,2.77555756156289E-17,1.));
#10465=DIRECTION('',(-0.872331321502374,-0.488915192570165,-3.48539933146703E-17));
#10466=DIRECTION('',(5.55111512312579E-17,-2.77555756156289E-17,-1.));
#10467=DIRECTION('',(-0.872331321502374,-0.488915192570165,-3.48539933146703E-17));
#10468=DIRECTION('',(5.55111512312579E-17,-2.77555756156289E-17,-1.));
#10469=DIRECTION('',(-0.872331321502374,-0.488915192570165,-3.48539933146703E-17));
#10470=DIRECTION('',(-0.712304407601077,-0.70187066537367,0.));
#10471=DIRECTION('',(0.699638153588606,-0.714497343622162,0.));
#10472=DIRECTION('',(-5.55111512312578E-17,2.77555756156289E-17,1.));
#10473=DIRECTION('',(6.12323399573677E-17,1.,-2.77555756156289E-17));
#10474=DIRECTION('',(-0.961335254242446,0.275380698217233,0.));
#10475=DIRECTION('',(0.,0.,-1.));
#10476=DIRECTION('',(-1.,0.,0.));
#10477=DIRECTION('',(0.845547977618896,0.533899445162284,0.));
#10478=DIRECTION('',(0.836101366452787,0.548574976658416,0.));
#10479=DIRECTION('',(0.,0.,1.));
#10480=DIRECTION('',(1.,0.,0.));
#10481=DIRECTION('',(0.961335254242448,-0.275380698217229,0.));
#10482=DIRECTION('',(5.55111512312578E-17,-2.77555756156289E-17,-1.));
#10483=DIRECTION('',(-6.12323399573677E-17,1.,-2.77555756156289E-17));
#10484=DIRECTION('',(-0.824025721950474,0.566552389072714,0.));
#10485=DIRECTION('',(0.,0.,1.));
#10486=DIRECTION('',(1.,0.,0.));
#10487=DIRECTION('',(0.824025721965332,-0.566552389051103,0.));
#10488=DIRECTION('',(5.55111512312578E-17,-2.77555756156289E-17,-1.));
#10489=DIRECTION('',(-6.12323399573677E-17,1.,-2.77555756156289E-17));
#10490=DIRECTION('',(0.699638153616564,-0.714497343594786,0.));
#10491=DIRECTION('',(-0.117202786294538,-0.993108003635454,0.));
#10492=DIRECTION('',(-5.55111512312578E-17,2.77555756156289E-17,1.));
#10493=DIRECTION('',(1.,0.,5.55111512312578E-17));
#10494=DIRECTION('',(-5.55111512312578E-17,2.77555756156289E-17,1.));
#10495=DIRECTION('',(-5.55111512312578E-17,2.77555756156289E-17,1.));
#10496=DIRECTION('',(6.12323399573677E-17,1.,-2.77555756156289E-17));
#10497=DIRECTION('',(-5.55111512312578E-17,2.77555756156289E-17,1.));
#10498=DIRECTION('',(-0.22913059100661,-0.799879281249776,-0.554700196225226));
#10499=DIRECTION('',(-0.152753727337739,-0.533252854166512,0.832050294337846));
#10500=DIRECTION('',(5.55111512312578E-17,-2.77555756156289E-17,-1.));
#10501=DIRECTION('',(-6.12323399573677E-17,1.,-2.77555756156289E-17));
#10502=DIRECTION('',(0.484054627120026,0.47398788617453,-0.735545105159088));
#10503=DIRECTION('',(0.525545023730315,0.514615419275205,0.67747575475179));
#10504=DIRECTION('',(-5.55111512312578E-17,2.77555756156289E-17,1.));
#10505=DIRECTION('',(-5.55111512312578E-17,2.77555756156289E-17,1.));
#10506=DIRECTION('',(6.12323399573677E-17,1.,-2.77555756156289E-17));
#10507=DIRECTION('',(-5.55111512312578E-17,2.77555756156289E-17,1.));
#10508=DIRECTION('',(0.,0.,1.));
#10509=DIRECTION('',(1.,0.,0.));
#10510=DIRECTION('',(0.712304407601074,0.701870665373673,0.));
#10511=DIRECTION('',(0.699638153616564,-0.714497343594786,0.));
#10512=DIRECTION('',(-0.712304407601077,-0.70187066537367,0.));
#10513=DIRECTION('',(0.,0.,1.));
#10514=DIRECTION('',(1.,0.,0.));
#10515=DIRECTION('',(0.,0.,1.));
#10516=DIRECTION('',(1.,0.,0.));
#10517=DIRECTION('',(0.,0.,1.));
#10518=DIRECTION('',(1.,0.,0.));
#10519=DIRECTION('',(-0.714497343594786,-0.699638153616564,-2.02437104183386E-17));
#10520=DIRECTION('',(0.699638153616564,-0.714497343594786,0.));
#10521=DIRECTION('',(-5.55111512312578E-17,2.77555756156289E-17,1.));
#10522=DIRECTION('',(-5.55111512312578E-17,2.77555756156289E-17,1.));
#10523=DIRECTION('',(-0.699638153616564,0.714497343594786,-5.86690043998781E-17));
#10524=DIRECTION('',(-5.55111512312578E-17,2.77555756156289E-17,1.));
#10525=DIRECTION('',(-5.55111512312578E-17,2.77555756156289E-17,1.));
#10526=DIRECTION('',(-0.993108003635454,0.117202786294538,-5.83815993761407E-17));
#10527=DIRECTION('',(-0.117202786294538,-0.993108003635454,0.));
#10528=DIRECTION('',(-5.55111512312578E-17,2.77555756156289E-17,1.));
#10529=DIRECTION('',(1.,0.,5.55111512312578E-17));
#10530=DIRECTION('',(5.55111512312579E-17,-2.77555756156289E-17,-1.));
#10531=DIRECTION('',(-0.872331321502374,-0.488915192570165,-3.48539933146703E-17));
#10532=DIRECTION('',(-5.55111512312578E-17,2.77555756156289E-17,1.));
#10533=DIRECTION('',(-5.55111512312578E-17,2.77555756156289E-17,1.));
#10534=DIRECTION('',(-5.55111512312578E-17,2.77555756156289E-17,1.));
#10535=DIRECTION('',(0.286796250505021,0.95799160262304,-1.06692183313994E-17));
#10536=DIRECTION('',(-0.95799160262304,0.286796250505021,0.));
#10537=DIRECTION('',(-0.95799160262304,0.286796250505021,0.));
#10538=DIRECTION('',(0.701870665373673,-0.712304407601074,5.87320674968589E-17));
#10539=DIRECTION('',(0.712304407601074,0.701870665373673,0.));
#10540=DIRECTION('',(-5.55111512312578E-17,2.77555756156289E-17,1.));
#10541=DIRECTION('',(-5.55111512312578E-17,2.77555756156289E-17,1.));
#10542=DIRECTION('',(1.,0.,5.55111512312578E-17));
#10543=DIRECTION('',(-5.55111512312578E-17,2.77555756156289E-17,1.));
#10544=DIRECTION('',(-5.55111512312578E-17,2.77555756156289E-17,1.));
#10545=DIRECTION('',(1.,0.,5.55111512312578E-17));
#10546=DIRECTION('',(-5.55111512312578E-17,2.77555756156289E-17,1.));
#10547=DIRECTION('',(-5.55111512312578E-17,2.77555756156289E-17,1.));
#10548=DIRECTION('',(1.,0.,5.55111512312578E-17));
#10549=DIRECTION('',(-5.55111512312578E-17,2.77555756156289E-17,1.));
#10550=DIRECTION('',(-0.70187066537367,0.712304407601077,-5.87320674968588E-17));
#10551=DIRECTION('',(-0.712304407601077,-0.70187066537367,0.));
#10552=DIRECTION('',(0.275380698217233,0.961335254242446,-1.13957137561899E-17));
#10553=DIRECTION('',(-0.961335254242446,0.275380698217233,0.));
#10554=DIRECTION('',(-5.55111512312578E-17,2.77555756156289E-17,1.));
#10555=DIRECTION('',(0.961335254242446,-0.275380698217233,3.46410522907509E-17));
#10556=DIRECTION('',(-0.961335254242445,0.275380698217236,0.));
#10557=DIRECTION('',(-0.961335254242445,0.275380698217236,0.));
#10558=DIRECTION('',(-5.55111512312578E-17,2.77555756156289E-17,1.));
#10559=DIRECTION('',(1.,0.,5.55111512312578E-17));
#10560=DIRECTION('',(0.484054627120026,0.47398788617453,-0.735545105159088));
#10561=DIRECTION('',(0.525545023730315,0.514615419275205,0.67747575475179));
#10562=DIRECTION('',(-5.55111512312578E-17,2.77555756156289E-17,1.));
#10563=DIRECTION('',(6.12323399573677E-17,1.,-2.77555756156289E-17));
#10564=DIRECTION('',(-0.22913059100661,-0.799879281249776,-0.554700196225226));
#10565=DIRECTION('',(-0.152753727337739,-0.533252854166512,0.832050294337846));
#10566=DIRECTION('',(0.484054627120026,0.47398788617453,-0.735545105159088));
#10567=DIRECTION('',(-0.699638153616564,0.714497343594786,-5.86690043998781E-17));
#10568=DIRECTION('',(0.699638153616564,-0.714497343594786,0.));
#10569=DIRECTION('',(-5.55111512312578E-17,2.77555756156289E-17,1.));
#10570=DIRECTION('',(1.,0.,5.55111512312578E-17));
#10571=DIRECTION('',(-0.275380698217229,-0.961335254242448,1.13957137561901E-17));
#10572=DIRECTION('',(0.961335254242448,-0.275380698217229,0.));
#10573=DIRECTION('',(0.961335254242448,-0.275380698217229,0.));
#10574=DIRECTION('',(-5.55111512312578E-17,2.77555756156289E-17,1.));
#10575=DIRECTION('',(1.,0.,5.55111512312578E-17));
#10576=DIRECTION('',(-5.55111512312578E-17,2.77555756156289E-17,1.));
#10577=DIRECTION('',(1.,0.,5.55111512312578E-17));
#10578=DIRECTION('',(-0.566552389051103,-0.824025721965332,-8.57866711381424E-18));
#10579=DIRECTION('',(0.824025721965332,-0.566552389051103,0.));
#10580=DIRECTION('',(0.824025721965332,-0.566552389051103,0.));
#10581=DIRECTION('',(0.566552389072714,0.824025721950474,8.57866711542626E-18));
#10582=DIRECTION('',(-0.824025721950474,0.566552389072714,0.));
#10583=DIRECTION('',(-0.824025721950474,0.566552389072714,0.));
#10584=DIRECTION('',(-5.55111512312578E-17,2.77555756156289E-17,1.));
#10585=DIRECTION('',(1.,0.,5.55111512312578E-17));
#10586=DIRECTION('',(0.548574976658416,-0.836101366452787,5.36585031898801E-17));
#10587=DIRECTION('',(0.836101366452787,0.548574976658416,0.));
#10588=DIRECTION('',(0.533899445162284,-0.845547977618896,0.));
#10589=DIRECTION('',(0.845547977618896,0.533899445162284,0.));
#10590=DIRECTION('',(0.845547977618896,0.533899445162284,3.21186552375427E-17));
#10591=DIRECTION('',(2.71578639799428E-17,1.71481322106827E-17,-1.));
#10592=DIRECTION('',(-1.,0.,-2.71578639799428E-17));
#10593=DIRECTION('',(-0.1921948714823,0.295118498859833,-0.935930661430974));
#10594=DIRECTION('',(0.,0.95371090277003,0.300724980567917));
#10595=DIRECTION('',(0.837966030941931,0.545722393701621,2.25657842172213E-17));
#10596=DIRECTION('',(-5.55111512312578E-17,2.77555756156289E-17,1.));
#10597=DIRECTION('',(1.,0.,5.55111512312578E-17));
#10598=DIRECTION('',(5.55111512312579E-17,-2.77555756156289E-17,-1.));
#10599=DIRECTION('',(-0.872331321502374,-0.488915192570165,-3.48539933146703E-17));
#10600=DIRECTION('',(-5.55111512312578E-17,2.77555756156289E-17,1.));
#10601=DIRECTION('',(5.55111512312579E-17,-2.77555756156289E-17,-1.));
#10602=DIRECTION('',(-0.872331321502374,-0.488915192570165,-3.48539933146703E-17));
#10603=DIRECTION('',(-5.55111512312578E-17,2.77555756156289E-17,1.));
#10604=DIRECTION('',(-5.55111512312578E-17,2.77555756156289E-17,1.));
#10605=DIRECTION('',(1.,0.,5.55111512312578E-17));
#10606=DIRECTION('',(5.55111512312579E-17,-2.77555756156289E-17,-1.));
#10607=DIRECTION('',(-0.872331321502374,-0.488915192570165,-3.48539933146703E-17));
#10608=DIRECTION('',(5.55111512312579E-17,-2.77555756156289E-17,-1.));
#10609=DIRECTION('',(-0.872331321502374,-0.488915192570165,-3.48539933146703E-17));
#10610=DIRECTION('',(-5.55111512312578E-17,2.77555756156289E-17,1.));
#10611=DIRECTION('',(-5.55111512312578E-17,2.77555756156289E-17,1.));
#10612=DIRECTION('',(1.,0.,5.55111512312578E-17));
#10613=DIRECTION('',(5.55111512312579E-17,-2.77555756156289E-17,-1.));
#10614=DIRECTION('',(-0.872331321502374,-0.488915192570165,-3.48539933146703E-17));
#10615=DIRECTION('',(5.55111512312579E-17,-2.77555756156289E-17,-1.));
#10616=DIRECTION('',(-0.872331321502374,-0.488915192570165,-3.48539933146703E-17));
#10617=DIRECTION('',(-5.55111512312578E-17,2.77555756156289E-17,1.));
#10618=DIRECTION('',(-5.55111512312578E-17,2.77555756156289E-17,1.));
#10619=DIRECTION('',(1.,0.,5.55111512312578E-17));
#10620=DIRECTION('',(-5.55111512312578E-17,2.77555756156289E-17,1.));
#10621=DIRECTION('',(-0.872331321502374,-0.488915192570165,-3.48539933146703E-17));
#10622=DIRECTION('',(-5.55111512312578E-17,2.77555756156289E-17,1.));
#10623=DIRECTION('',(-0.872331321502374,-0.488915192570165,-3.48539933146703E-17));
#10624=DIRECTION('',(-5.55111512312578E-17,2.77555756156289E-17,1.));
#10625=DIRECTION('',(-5.55111512312578E-17,2.77555756156289E-17,1.));
#10626=DIRECTION('',(1.,0.,5.55111512312578E-17));
#10627=DIRECTION('',(-5.55111512312578E-17,2.77555756156289E-17,1.));
#10628=DIRECTION('',(-0.872331321502374,-0.488915192570165,-3.48539933146703E-17));
#10629=DIRECTION('',(-5.55111512312578E-17,2.77555756156289E-17,1.));
#10630=DIRECTION('',(-0.872331321502374,-0.488915192570165,-3.48539933146703E-17));
#10631=DIRECTION('',(-5.55111512312578E-17,2.77555756156289E-17,1.));
#10632=DIRECTION('',(-5.55111512312578E-17,2.77555756156289E-17,1.));
#10633=DIRECTION('',(1.,0.,5.55111512312578E-17));
#10634=DIRECTION('',(-5.55111512312578E-17,2.77555756156289E-17,1.));
#10635=DIRECTION('',(-0.872331321502374,-0.488915192570165,-3.48539933146703E-17));
#10636=DIRECTION('',(-5.55111512312578E-17,2.77555756156289E-17,1.));
#10637=DIRECTION('',(-0.872331321502374,-0.488915192570165,-3.48539933146703E-17));
#10638=DIRECTION('',(-5.55111512312578E-17,2.77555756156289E-17,1.));
#10639=DIRECTION('',(3.05158766383709E-18,1.01517090558368E-17,1.));
#10640=DIRECTION('',(0.,-1.,1.01517090558368E-17));
#10641=DIRECTION('',(3.05158766383709E-18,1.01517090558368E-17,1.));
#10642=DIRECTION('',(0.,-1.,1.01517090558368E-17));
#10643=DIRECTION('',(-0.615846056647189,-0.787866508053304,4.27329044821448E-15));
#10644=DIRECTION('',(0.787866508053304,-0.615846056647189,0.));
#10645=DIRECTION('',(3.05158766383709E-18,1.01517090558368E-17,1.));
#10646=DIRECTION('',(0.,-1.,1.01517090558368E-17));
#10647=DIRECTION('',(-5.55111512312578E-17,2.77555756156289E-17,1.));
#10648=DIRECTION('',(1.,0.,5.55111512312578E-17));
#10649=DIRECTION('',(-5.55111512312578E-17,2.77555756156289E-17,1.));
#10650=DIRECTION('',(-0.872331321502374,-0.488915192570165,-3.48539933146703E-17));
#10651=DIRECTION('',(-5.55111512312578E-17,2.77555756156289E-17,1.));
#10652=DIRECTION('',(-0.872331321502374,-0.488915192570165,-3.48539933146703E-17));
#10653=DIRECTION('',(-5.55111512312578E-17,2.77555756156289E-17,1.));
#10654=DIRECTION('',(-1.,1.22464679914735E-16,-5.55111512312578E-17));
#10655=DIRECTION('',(-5.55111512312578E-17,2.77555756156289E-17,1.));
#10656=DIRECTION('',(1.,0.,5.55111512312578E-17));
#10657=DIRECTION('',(-5.55111512312578E-17,2.77555756156289E-17,1.));
#10658=DIRECTION('',(-5.55111512312578E-17,2.77555756156289E-17,1.));
#10659=DIRECTION('',(-0.872331321502374,-0.488915192570165,-3.48539933146703E-17));
#10660=DIRECTION('',(-5.55111512312578E-17,2.77555756156289E-17,1.));
#10661=DIRECTION('',(1.,0.,5.55111512312578E-17));
#10662=DIRECTION('',(-5.55111512312578E-17,2.77555756156289E-17,1.));
#10663=DIRECTION('',(-1.,1.22464679914735E-16,-5.55111512312578E-17));
#10664=DIRECTION('',(-5.55111512312578E-17,2.77555756156289E-17,1.));
#10665=DIRECTION('',(-0.872331321502374,-0.488915192570165,-3.48539933146703E-17));
#10666=DIRECTION('',(-5.55111512312578E-17,2.77555756156289E-17,1.));
#10667=DIRECTION('',(1.,0.,5.55111512312578E-17));
#10668=DIRECTION('',(-5.55111512312578E-17,2.77555756156289E-17,1.));
#10669=DIRECTION('',(0.488915192570165,-0.872331321502374,5.13523031498626E-17));
#10670=DIRECTION('',(0.872331321502375,0.488915192570165,0.));
#10671=DIRECTION('',(-0.872331321502374,-0.488915192570165,0.));
#10672=DIRECTION('',(-5.55111512312578E-17,2.77555756156289E-17,1.));
#10673=DIRECTION('',(-5.55111512312578E-17,2.77555756156289E-17,1.));
#10674=DIRECTION('',(5.55111512312578E-17,-2.77555756156289E-17,-1.));
#10675=DIRECTION('',(-5.55111512312578E-17,2.77555756156289E-17,1.));
#10676=DIRECTION('',(1.,0.,5.55111512312578E-17));
#10677=DIRECTION('',(-5.55111512312578E-17,2.77555756156289E-17,1.));
#10678=DIRECTION('',(1.,0.,5.55111512312578E-17));
#10679=DIRECTION('',(0.,0.,1.));
#10680=DIRECTION('',(1.,0.,0.));
#10681=DIRECTION('',(-5.55111512312578E-17,2.77555756156289E-17,1.));
#10682=DIRECTION('',(-5.55111512312578E-17,2.77555756156289E-17,1.));
#10683=DIRECTION('',(1.,0.,5.55111512312578E-17));
#10684=DIRECTION('',(-5.55111512312578E-17,2.77555756156289E-17,1.));
#10685=DIRECTION('',(-1.,1.22464679914735E-16,-5.55111512312578E-17));
#10686=DIRECTION('',(-5.55111512312578E-17,2.77555756156289E-17,1.));
#10687=DIRECTION('',(-5.55111512312578E-17,2.77555756156289E-17,1.));
#10688=DIRECTION('',(-5.55111512312578E-17,2.77555756156289E-17,1.));
#10689=DIRECTION('',(-1.,1.22464679914735E-16,-5.55111512312578E-17));
#10690=DIRECTION('',(-5.55111512312578E-17,2.77555756156289E-17,1.));
#10691=DIRECTION('',(-5.55111512312578E-17,2.77555756156289E-17,1.));
#10692=DIRECTION('',(-1.,1.22464679914735E-16,-5.55111512312578E-17));
#10693=DIRECTION('',(-2.24356005063509E-17,0.914686604094762,0.404163848320941));
#10694=DIRECTION('',(-5.077530640911E-17,-0.404163848320941,0.914686604094762));
#10695=DIRECTION('',(-5.75095600712269E-17,5.06499136118909E-18,1.));
#10696=DIRECTION('',(-5.55111512312578E-17,2.77555756156289E-17,1.));
#10697=DIRECTION('',(-5.55111512312578E-17,2.77555756156289E-17,1.));
#10698=DIRECTION('',(1.,0.,5.55111512312578E-17));
#10699=DIRECTION('',(-5.55111512312578E-17,2.77555756156289E-17,1.));
#10700=DIRECTION('',(-5.55111512312578E-17,2.77555756156289E-17,1.));
#10701=DIRECTION('',(-5.55111512312578E-17,2.77555756156289E-17,1.));
#10702=DIRECTION('',(0.,0.,1.));
#10703=DIRECTION('',(1.,0.,0.));
#10704=DIRECTION('',(-5.55111512312578E-17,2.77555756156289E-17,1.));
#10705=DIRECTION('',(0.,0.,1.));
#10706=DIRECTION('',(1.,0.,0.));
#10707=DIRECTION('',(-5.55111512312578E-17,2.77555756156289E-17,1.));
#10708=DIRECTION('',(-0.996144064606843,0.0877325626467065,-5.77321715950039E-17));
#10709=DIRECTION('',(-0.0877325626467065,-0.996144064606843,0.));
#10710=DIRECTION('',(-0.996144064606843,0.0877325626467065,-5.77321715950039E-17));
#10711=DIRECTION('',(-0.0877325626467065,-0.996144064606843,2.2778416356268E-17));
#10712=DIRECTION('',(-5.55111512312578E-17,2.77555756156289E-17,1.));
#10713=DIRECTION('',(-0.0877325626467065,-0.996144064606843,2.2778416356268E-17));
#10714=DIRECTION('',(-5.55111512312578E-17,2.77555756156289E-17,1.));
#10715=DIRECTION('',(-5.55111512312578E-17,2.77555756156289E-17,1.));
#10716=DIRECTION('',(1.,0.,5.55111512312578E-17));
#10717=DIRECTION('',(-5.55111512312578E-17,2.77555756156289E-17,1.));
#10718=DIRECTION('',(1.,0.,5.55111512312578E-17));
#10719=DIRECTION('',(-5.55111512312578E-17,2.77555756156289E-17,1.));
#10720=DIRECTION('',(1.,0.,5.55111512312578E-17));
#10721=DIRECTION('',(-5.55111512312578E-17,2.77555756156289E-17,1.));
#10722=DIRECTION('',(1.,0.,5.55111512312578E-17));
#10723=DIRECTION('',(-5.55111512312578E-17,2.77555756156289E-17,1.));
#10724=DIRECTION('',(-5.55111512312578E-17,2.77555756156289E-17,1.));
#10725=DIRECTION('',(1.,0.,5.55111512312578E-17));
#10726=DIRECTION('',(-5.55111512312578E-17,2.77555756156289E-17,1.));
#10727=DIRECTION('',(-5.55111512312578E-17,2.77555756156289E-17,1.));
#10728=DIRECTION('',(1.,0.,5.55111512312578E-17));
#10729=DIRECTION('',(0.996144064606843,-0.0877325626467065,5.77321715950039E-17));
#10730=DIRECTION('',(0.0877325626467065,0.996144064606843,0.));
#10731=DIRECTION('',(0.0877325626467065,0.996144064606843,-2.2778416356268E-17));
#10732=DIRECTION('',(-5.55111512312578E-17,2.77555756156289E-17,1.));
#10733=DIRECTION('',(1.,0.,5.55111512312578E-17));
#10734=DIRECTION('',(-2.24356005063509E-17,0.914686604094762,0.404163848320941));
#10735=DIRECTION('',(-5.077530640911E-17,-0.404163848320941,0.914686604094762));
#10736=DIRECTION('',(-2.24356005063509E-17,0.914686604094762,0.404163848320941));
#10737=DIRECTION('',(-5.077530640911E-17,-0.404163848320941,0.914686604094762));
#10738=DIRECTION('',(-5.55111512312578E-17,2.77555756156289E-17,1.));
#10739=DIRECTION('',(1.,0.,5.55111512312578E-17));
#10740=DIRECTION('',(-5.55111512312578E-17,2.77555756156289E-17,1.));
#10741=DIRECTION('',(1.,0.,5.55111512312578E-17));
#10742=DIRECTION('',(0.743709998004898,-0.668502385087409,5.98388666699702E-17));
#10743=DIRECTION('',(0.668502385087409,0.743709998004898,0.));
#10744=DIRECTION('',(-5.55111512312578E-17,2.77555756156289E-17,1.));
#10745=DIRECTION('',(-0.668502385087407,-0.7437099980049,0.));
#10746=DIRECTION('',(0.743709998004898,-0.668502385087409,5.98388666699702E-17));
#10747=DIRECTION('',(0.668502385087409,0.743709998004898,1.64672379113195E-17));
#10748=DIRECTION('',(-5.55111512312578E-17,2.77555756156289E-17,1.));
#10749=DIRECTION('',(1.,0.,5.55111512312578E-17));
#10750=DIRECTION('',(-5.55111512312578E-17,2.77555756156289E-17,1.));
#10751=DIRECTION('',(-5.55111512312578E-17,2.77555756156289E-17,1.));
#10752=DIRECTION('',(-0.872331321502374,-0.488915192570165,-3.48539933146703E-17));
#10753=DIRECTION('',(-5.55111512312578E-17,2.77555756156289E-17,1.));
#10754=DIRECTION('',(-0.872331321502374,-0.488915192570165,-3.48539933146703E-17));
#10755=DIRECTION('',(-5.55111512312578E-17,2.77555756156289E-17,1.));
#10756=DIRECTION('',(-5.55111512312578E-17,2.77555756156289E-17,1.));
#10757=DIRECTION('',(-0.872331321502374,-0.488915192570165,-3.48539933146703E-17));
#10758=DIRECTION('',(-0.488915192570162,0.872331321502375,-5.13523031498625E-17));
#10759=DIRECTION('',(-0.872331321502376,-0.488915192570163,0.));
#10760=DIRECTION('',(0.872331321502375,0.488915192570163,0.));
#10761=DIRECTION('',(0.828908467817742,-0.559384261469737,6.15396954813169E-17));
#10762=DIRECTION('',(0.559384261469737,0.828908467817742,0.));
#10763=DIRECTION('',(-0.559384261469736,-0.828908467817743,0.));
#10764=DIRECTION('',(0.828908467817742,-0.559384261469737,6.15396954813169E-17));
#10765=DIRECTION('',(0.559384261469737,0.828908467817742,8.04523267788158E-18));
#10766=DIRECTION('',(0.283244542369552,0.95904771998992,-1.08956908842721E-17));
#10767=DIRECTION('',(-0.95904771998992,0.283244542369552,0.));
#10768=DIRECTION('',(-5.55111512312578E-17,2.77555756156289E-17,1.));
#10769=DIRECTION('',(-5.55111512312578E-17,2.77555756156289E-17,1.));
#10770=DIRECTION('',(1.,0.,5.55111512312578E-17));
#10771=DIRECTION('',(-5.55111512312578E-17,2.77555756156289E-17,1.));
#10772=DIRECTION('',(1.,0.,5.55111512312578E-17));
#10773=DIRECTION('',(0.,0.,1.));
#10774=DIRECTION('',(1.,0.,0.));
#10775=DIRECTION('',(0.,0.,-1.));
#10776=DIRECTION('',(-1.,0.,0.));
#10777=DIRECTION('',(5.55111512312578E-17,-2.77555756156289E-17,-1.));
#10778=DIRECTION('',(-0.287873607675228,-0.95766841130114,1.06004426334206E-17));
#10779=DIRECTION('',(0.95766841130114,-0.287873607675228,0.));
#10780=DIRECTION('',(-0.95766841130114,0.287873607675228,0.));
#10781=DIRECTION('',(3.05158766383709E-18,1.01517090558368E-17,1.));
#10782=DIRECTION('',(3.05158766383708E-18,1.01517090558368E-17,1.));
#10783=DIRECTION('',(0.,-1.,1.01517090558368E-17));
#10784=DIRECTION('',(0.,0.,1.));
#10785=DIRECTION('',(1.,0.,0.));
#10786=DIRECTION('',(3.05158766383708E-18,1.01517090558368E-17,1.));
#10787=DIRECTION('',(3.05158766383709E-18,1.01517090558368E-17,1.));
#10788=DIRECTION('',(0.,-1.,1.01517090558368E-17));
#10789=DIRECTION('',(0.787866508053305,-0.615846056647187,0.));
#10790=DIRECTION('',(0.615846056647188,0.787866508053306,0.));
#10791=DIRECTION('',(0.95766841130114,-0.287873607675228,5.00741785540681E-33));
#10792=DIRECTION('',(0.287873607675228,0.95766841130114,0.));
#10793=DIRECTION('',(-0.961335254242446,0.275380698217233,-3.46410522907509E-17));
#10794=DIRECTION('',(-0.275380698217233,-0.961335254242447,0.));
#10795=DIRECTION('',(0.961335254242446,-0.275380698217233,3.72966315293346E-17));
#10796=DIRECTION('',(-0.22913059100661,-0.799879281249776,-0.554700196225226));
#10797=DIRECTION('',(0.961335254242446,-0.275380698217233,6.10081764746452E-17));
#10798=DIRECTION('',(-0.961335254242446,0.275380698217233,-7.22246440986177E-17));
#10799=DIRECTION('',(-0.961335254242446,0.275380698217233,-6.07401469441481E-17));
#10800=DIRECTION('',(-0.275380698217233,-0.961335254242446,0.));
#10801=DIRECTION('',(-0.961335254242446,0.275380698217233,-6.10081764746452E-17));
#10802=DIRECTION('',(5.55111512312578E-17,-2.77555756156289E-17,-1.));
#10803=DIRECTION('',(-1.,0.,-5.55111512312578E-17));
#10804=DIRECTION('',(0.699638153616564,-0.714497343594786,5.86690043998781E-17));
#10805=DIRECTION('',(0.699638153616564,-0.714497343594786,5.70621372770229E-17));
#10806=DIRECTION('',(0.714497343594786,0.699638153616564,0.));
#10807=DIRECTION('',(0.0216132594546682,-0.999766406224847,1.0083382923867E-17));
#10808=DIRECTION('',(3.05158766383709E-18,1.01517090558368E-17,1.));
#10809=DIRECTION('',(-0.999766406224847,-0.0216132594546683,0.));
#10810=DIRECTION('',(0.,0.,-1.));
#10811=DIRECTION('',(-3.05158766383708E-18,-1.01517090558368E-17,-1.));
#10812=DIRECTION('',(0.0216132594546682,-0.999766406224847,1.0083382923867E-17));
#10813=DIRECTION('',(0.999766406224847,0.0216132594546682,-3.27028635368658E-18));
#10814=DIRECTION('',(-0.999766406224847,-0.0216132594546683,3.27028635368658E-18));
#10815=DIRECTION('',(0.,0.,1.));
#10816=DIRECTION('',(1.,0.,0.));
#10817=DIRECTION('',(0.957668411301139,-0.28787360767523,0.));
#10818=DIRECTION('',(-0.287873607675232,-0.957668411301139,0.));
#10819=DIRECTION('',(-0.95766841130114,0.287873607675228,0.));
#10820=DIRECTION('',(0.,0.,1.));
#10821=DIRECTION('',(1.,0.,0.));
#10822=DIRECTION('',(-0.95766841130114,0.287873607675228,0.));
#10823=DIRECTION('',(-0.287873607675232,-0.957668411301139,0.));
#10824=DIRECTION('',(0.957668411301139,-0.28787360767523,0.));
#10825=DIRECTION('',(0.95766841130114,-0.287873607675228,5.00741785540681E-33));
#10826=DIRECTION('',(0.287873607675228,0.95766841130114,0.));
#10827=DIRECTION('',(-0.95766841130114,0.287873607675228,-5.00741785540681E-33));
#10828=DIRECTION('',(0.95766841130114,-0.287873607675228,5.39260384428426E-33));
#10829=DIRECTION('',(-0.287873607675228,-0.95766841130114,1.06004426334206E-17));
#10830=DIRECTION('',(0.95766841130114,-0.287873607675228,0.));
#10831=DIRECTION('',(-0.95766841130114,0.287873607675228,0.));
#10832=DIRECTION('',(5.55111512312578E-17,-2.77555756156289E-17,-1.));
#10833=DIRECTION('',(0.28787360767523,0.957668411301139,-1.06004426334205E-17));
#10834=DIRECTION('',(-0.957668411301139,0.28787360767523,0.));
#10835=DIRECTION('',(5.55111512312578E-17,-2.77555756156289E-17,-1.));
#10836=DIRECTION('',(3.05158766383709E-18,1.01517090558368E-17,1.));
#10837=DIRECTION('',(-0.95766841130114,0.287873607675228,0.));
#10838=DIRECTION('',(5.55111512312578E-17,-2.77555756156289E-17,-1.));
#10839=DIRECTION('',(-1.,0.,-5.55111512312578E-17));
#10840=DIRECTION('',(0.837966030941931,0.545722393701621,0.));
#10841=DIRECTION('',(-0.545722393701621,0.837966030941931,0.));
#10842=DIRECTION('',(-2.24356005063509E-17,0.914686604094762,0.404163848320941));
#10843=DIRECTION('',(-1.,-1.54074395550979E-33,-5.55111512312578E-17));
#10844=DIRECTION('',(1.,3.08148791101958E-33,5.55111512312578E-17));
#10845=DIRECTION('',(1.,3.08148791101958E-33,5.55111512312578E-17));
#10846=DIRECTION('',(-2.24356005063509E-17,0.914686604094762,0.404163848320941));
#10847=DIRECTION('',(-1.,-1.54074395550979E-33,-5.55111512312578E-17));
#10848=DIRECTION('',(1.,3.08148791101958E-33,5.55111512312578E-17));
#10849=DIRECTION('',(-1.,-3.08148791101958E-33,-5.55111512312578E-17));
#10850=DIRECTION('',(1.,3.36890023011678E-33,5.55111512312578E-17));
#10851=DIRECTION('',(5.55111512312578E-17,0.,-1.));
#10852=DIRECTION('',(-1.,-3.36890023011678E-33,-5.55111512312578E-17));
#10853=DIRECTION('',(-5.55111512312578E-17,0.,1.));
#10854=DIRECTION('',(-1.,-3.36890023011678E-33,-5.55111512312578E-17));
#10855=DIRECTION('',(-5.55111512312578E-17,0.,1.));
#10856=DIRECTION('',(-1.,-3.36890023011678E-33,-5.55111512312578E-17));
#10857=DIRECTION('',(-5.55111512312578E-17,0.,1.));
#10858=DIRECTION('',(-5.55111512312578E-17,2.77555756156289E-17,1.));
#10859=DIRECTION('',(1.,0.,5.55111512312578E-17));
#10860=DIRECTION('',(-5.55111512312578E-17,2.77555756156289E-17,1.));
#10861=DIRECTION('',(1.,0.,5.55111512312578E-17));
#10862=DIRECTION('',(-5.55111512312578E-17,2.77555756156289E-17,1.));
#10863=DIRECTION('',(1.,0.,5.55111512312578E-17));
#10864=DIRECTION('',(0.,-0.00769758050281369,-0.999970373188327));
#10865=DIRECTION('',(0.,0.999970373188327,-0.00769758050281369));
#10866=DIRECTION('',(0.,-0.416096188466466,-0.909320604596464));
#10867=DIRECTION('',(0.,0.909320604596464,-0.416096188466466));
#10868=DIRECTION('',(-0.00468926920087425,-0.909310606904434,0.416091613620668));
#10869=DIRECTION('',(0.,-0.416096188466466,-0.909320604596464));
#10870=DIRECTION('',(-1.33409420153176E-16,-0.909320604596464,0.416096188466466));
#10871=DIRECTION('',(-0.997767021861289,-0.0607339723669311,0.027791269970752));
#10872=DIRECTION('',(0.,-0.416096188466466,-0.909320604596464));
#10873=DIRECTION('',(-1.33409420153176E-16,-0.909320604596464,0.416096188466466));
#10874=DIRECTION('',(0.0691860909298422,0.90714166460745,-0.415099126902324));
#10875=DIRECTION('',(1.,0.,0.));
#10876=DIRECTION('',(0.,0.,-1.));
#10877=DIRECTION('',(0.99956034240115,0.0296499898633449,5.46637927961434E-17));
#10878=DIRECTION('',(0.0296499898633449,-0.99956034240115,-1.8428255691179E-15));
#10879=DIRECTION('',(-5.55111512312578E-17,2.77555756156289E-17,1.));
#10880=DIRECTION('',(1.,0.,5.55111512312578E-17));
#10881=DIRECTION('',(-0.716528452599809,0.697557866140812,-5.91364393937152E-17));
#10882=DIRECTION('',(0.301281978153626,0.953535090932598,-9.74140586599686E-18));
#10883=DIRECTION('',(-5.55111512312578E-17,2.77555756156289E-17,1.));
#10884=DIRECTION('',(1.,0.,5.55111512312578E-17));
#10885=DIRECTION('',(-5.55111512312578E-17,2.77555756156289E-17,1.));
#10886=DIRECTION('',(5.55111512312578E-17,-2.77555756156289E-17,-1.));
#10887=DIRECTION('',(-6.12323399573677E-17,1.,-2.77555756156289E-17));
#10888=DIRECTION('',(-5.55111512312578E-17,2.77555756156289E-17,1.));
#10889=DIRECTION('',(-5.55111512312578E-17,2.77555756156289E-17,1.));
#10890=DIRECTION('',(1.,0.,5.55111512312578E-17));
#10891=DIRECTION('',(-5.55111512312578E-17,2.77555756156289E-17,1.));
#10892=DIRECTION('',(6.12323399573677E-17,1.,-2.77555756156289E-17));
#10893=DIRECTION('',(0.99710420557461,-0.0760473748753073,5.7461141012697E-17));
#10894=DIRECTION('',(0.0760473748753073,0.99710420557461,0.));
#10895=DIRECTION('',(-5.55111512312578E-17,2.77555756156289E-17,1.));
#10896=DIRECTION('',(-5.55111512312578E-17,2.77555756156289E-17,1.));
#10897=DIRECTION('',(1.,0.,5.55111512312578E-17));
#10898=DIRECTION('',(-5.55111512312578E-17,2.77555756156289E-17,1.));
#10899=DIRECTION('',(5.55111512312578E-17,-2.77555756156289E-17,-1.));
#10900=DIRECTION('',(-6.12323399573677E-17,1.,-2.77555756156289E-17));
#10901=DIRECTION('',(-0.0607574400459316,0.998152560222667,-3.10770143040076E-17));
#10902=DIRECTION('',(-0.998152560222667,-0.0607574400459316,0.));
#10903=DIRECTION('',(-5.55111512312578E-17,2.77555756156289E-17,1.));
#10904=DIRECTION('',(-0.998152560222667,-0.0607574400459316,0.));
#10905=DIRECTION('',(-5.55111512312578E-17,2.77555756156289E-17,1.));
#10906=DIRECTION('',(1.,0.,5.55111512312578E-17));
#10907=DIRECTION('',(-5.55111512312578E-17,2.77555756156289E-17,1.));
#10908=DIRECTION('',(5.55111512312578E-17,-2.77555756156289E-17,-1.));
#10909=DIRECTION('',(-6.12323399573677E-17,1.,-2.77555756156289E-17));
#10910=DIRECTION('',(-0.999986703199317,0.00515688128235937,-5.56535453189176E-17));
#10911=DIRECTION('',(-0.00515688128235937,-0.999986703199317,0.));
#10912=DIRECTION('',(0.00515688128235979,0.999986703199317,0.));
#10913=DIRECTION('',(-5.55111512312578E-17,2.77555756156289E-17,1.));
#10914=DIRECTION('',(-0.00515688128235937,-0.999986703199317,0.));
#10915=DIRECTION('',(0.00515688128235979,0.999986703199317,0.));
#10916=DIRECTION('',(5.55111512312578E-17,-2.77555756156289E-17,-1.));
#10917=DIRECTION('',(0.00515688128235979,0.999986703199317,0.));
#10918=DIRECTION('',(5.55111512312578E-17,-2.77555756156289E-17,-1.));
#10919=DIRECTION('',(0.99956034240115,0.0296499898633449,5.46637927961434E-17));
#10920=DIRECTION('',(-0.0296499898633449,0.99956034240115,0.));
#10921=DIRECTION('',(-0.0296499898633449,0.99956034240115,0.));
#10922=DIRECTION('',(5.55111512312578E-17,-2.77555756156289E-17,-1.));
#10923=DIRECTION('',(-1.,0.,-5.55111512312578E-17));
#10924=DIRECTION('',(-0.00515688128235937,-0.999986703199317,0.));
#10925=DIRECTION('',(5.55111512312578E-17,-2.77555756156289E-17,-1.));
#10926=DIRECTION('',(-6.12323399573677E-17,1.,-2.77555756156289E-17));
#10927=DIRECTION('',(0.716528452599809,-0.697557866140812,0.));
#10928=DIRECTION('',(5.55111512312578E-17,-2.77555756156289E-17,-1.));
#10929=DIRECTION('',(-1.,0.,-5.55111512312578E-17));
#10930=DIRECTION('',(5.55111512312578E-17,-2.77555756156289E-17,-1.));
#10931=DIRECTION('',(-1.,0.,-5.55111512312578E-17));
#10932=DIRECTION('',(5.55111512312578E-17,-2.77555756156289E-17,-1.));
#10933=DIRECTION('',(-1.,0.,-5.55111512312578E-17));
#10934=DIRECTION('',(5.55111512312578E-17,-2.77555756156289E-17,-1.));
#10935=DIRECTION('',(-1.,0.,-5.55111512312578E-17));
#10936=DIRECTION('',(5.55111512312578E-17,-2.77555756156289E-17,-1.));
#10937=DIRECTION('',(-1.,0.,-5.55111512312578E-17));
#10938=DIRECTION('',(0.,0.,1.));
#10939=DIRECTION('',(1.,0.,0.));
#10940=DIRECTION('',(-5.55111512312578E-17,2.77555756156289E-17,1.));
#10941=DIRECTION('',(1.,0.,5.55111512312578E-17));
#10942=DIRECTION('',(-5.55111512312578E-17,2.77555756156289E-17,1.));
#10943=DIRECTION('',(-1.,1.22464679914735E-16,-5.55111512312578E-17));
#10944=DIRECTION('',(-5.55111512312578E-17,2.77555756156289E-17,1.));
#10945=DIRECTION('',(-5.55111512312578E-17,2.77555756156289E-17,1.));
#10946=DIRECTION('',(1.,0.,5.55111512312578E-17));
#10947=DIRECTION('',(-5.55111512312578E-17,2.77555756156289E-17,1.));
#10948=DIRECTION('',(1.,0.,5.55111512312578E-17));
#10949=DIRECTION('',(5.55111512312579E-17,-2.77555756156289E-17,-1.));
#10950=DIRECTION('',(-0.872331321502374,-0.488915192570165,-3.48539933146703E-17));
#10951=DIRECTION('',(-5.55111512312578E-17,2.77555756156289E-17,1.));
#10952=DIRECTION('',(5.55111512312579E-17,-2.77555756156289E-17,-1.));
#10953=DIRECTION('',(-0.872331321502374,-0.488915192570165,-3.48539933146703E-17));
#10954=DIRECTION('',(-5.55111512312578E-17,2.77555756156289E-17,1.));
#10955=DIRECTION('',(-0.59551052138551,0.803347508192537,-5.53548471217013E-17));
#10956=DIRECTION('',(-0.803347508192537,-0.59551052138551,0.));
#10957=DIRECTION('',(-0.803347508192537,-0.59551052138551,0.));
#10958=DIRECTION('',(-5.55111512312578E-17,2.77555756156289E-17,1.));
#10959=DIRECTION('',(-0.803347508192537,-0.59551052138551,0.));
#10960=DIRECTION('',(-5.55111512312578E-17,2.77555756156289E-17,1.));
#10961=DIRECTION('',(1.,0.,5.55111512312578E-17));
#10962=DIRECTION('',(-5.55111512312578E-17,2.77555756156289E-17,1.));
#10963=DIRECTION('',(-0.872331321502374,-0.488915192570165,-3.48539933146703E-17));
#10964=DIRECTION('',(-5.55111512312578E-17,2.77555756156289E-17,1.));
#10965=DIRECTION('',(-5.55111512312578E-17,2.77555756156289E-17,1.));
#10966=DIRECTION('',(-0.872331321502374,-0.488915192570165,-3.48539933146703E-17));
#10967=DIRECTION('',(0.421129883463214,0.907000342477477,-1.79691194010646E-18));
#10968=DIRECTION('',(-0.907000342477477,0.421129883463214,0.));
#10969=DIRECTION('',(-0.907000342477477,0.421129883463214,0.));
#10970=DIRECTION('',(-5.55111512312578E-17,2.77555756156289E-17,1.));
#10971=DIRECTION('',(-0.907000342477477,0.421129883463214,0.));
#10972=DIRECTION('',(-5.55111512312578E-17,2.77555756156289E-17,1.));
#10973=DIRECTION('',(1.,0.,5.55111512312578E-17));
#10974=DIRECTION('',(-5.55111512312578E-17,2.77555756156289E-17,1.));
#10975=DIRECTION('',(-0.872331321502374,-0.488915192570165,-3.48539933146703E-17));
#10976=DIRECTION('',(-5.55111512312578E-17,2.77555756156289E-17,1.));
#10977=DIRECTION('',(-0.872331321502374,-0.488915192570165,-3.48539933146703E-17));
#10978=DIRECTION('',(-5.55111512312578E-17,2.77555756156289E-17,1.));
#10979=DIRECTION('',(1.,0.,5.55111512312578E-17));
#10980=DIRECTION('',(0.907000342477477,-0.421129883463212,0.));
#10981=DIRECTION('',(-5.55111512312578E-17,2.77555756156289E-17,1.));
#10982=DIRECTION('',(1.,0.,5.55111512312578E-17));
#10983=DIRECTION('',(0.907000342477477,-0.421129883463212,0.));
#10984=DIRECTION('',(-0.421129883463212,-0.907000342477477,1.79691194010659E-18));
#10985=DIRECTION('',(0.907000342477477,-0.421129883463212,0.));
#10986=DIRECTION('',(0.957668411301139,-0.287873607675232,6.11513736947097E-17));
#10987=DIRECTION('',(0.287873607675232,0.957668411301139,0.));
#10988=DIRECTION('',(5.55111512312578E-17,-2.77555756156289E-17,-1.));
#10989=DIRECTION('',(-0.287873607675228,-0.95766841130114,1.06004426334206E-17));
#10990=DIRECTION('',(0.95766841130114,-0.287873607675228,0.));
#10991=DIRECTION('',(-0.0342400292287151,0.0279517841478981,0.999022681504963));
#10992=DIRECTION('',(0.999413179670647,0.,0.0342534129775071));
#10993=DIRECTION('',(0.0534088871828764,-0.998572726830593,3.06807496407531E-17));
#10994=DIRECTION('',(-0.0326660661099848,-0.00174715190261,0.999464794570138));
#10995=DIRECTION('',(-5.55111512312578E-17,2.77555756156289E-17,1.));
#10996=DIRECTION('',(-0.774652999930548,0.632386535038976,-6.05541321224721E-17));
#10997=DIRECTION('',(-0.0534088871828764,0.998572726830593,-3.06807496407531E-17));
#10998=DIRECTION('',(-0.0326660661099848,-0.00174715190261,0.999464794570138));
#10999=DIRECTION('',(-5.55111512312578E-17,2.77555756156289E-17,1.));
#11000=DIRECTION('',(-0.774652999930548,0.632386535038976,-6.05541321224721E-17));
#11001=DIRECTION('',(-5.55111512312578E-17,2.77555756156289E-17,1.));
#11002=DIRECTION('',(-0.774652999930548,0.632386535038976,-6.05541321224721E-17));
#11003=DIRECTION('',(0.0113152257975547,-0.0741012524774883,0.997186527208635));
#11004=DIRECTION('',(0.,-0.997250370396157,-0.0741059966853455));
#11005=DIRECTION('',(0.0113152257975547,-0.0741012524774883,0.997186527208635));
#11006=DIRECTION('',(0.,-0.997250370396157,-0.0741059966853455));
#11007=DIRECTION('',(0.0113152257975547,-0.0741012524774883,0.997186527208635));
#11008=DIRECTION('',(0.,-0.997250370396157,-0.0741059966853455));
#11009=DIRECTION('',(0.,0.,1.));
#11010=DIRECTION('',(1.,0.,0.));
#11011=DIRECTION('',(0.,0.,-1.));
#11012=DIRECTION('',(-1.,0.,0.));
#11013=DIRECTION('',(0.,0.,-1.));
#11014=DIRECTION('',(-1.,0.,0.));
#11015=DIRECTION('',(0.0522437098537843,-0.00863004722265084,-0.998597074432751));
#11016=DIRECTION('',(-0.998634263124247,0.,-0.0522456554585313));
#11017=DIRECTION('',(0.0522437098537843,-0.00863004722265084,-0.998597074432751));
#11018=DIRECTION('',(-0.998634263124247,0.,-0.0522456554585313));
#11019=DIRECTION('',(-0.0522437098537843,0.00863004722265084,0.998597074432751));
#11020=DIRECTION('',(0.998634263124247,0.,0.0522456554585313));
#11021=DIRECTION('',(0.0522437098537843,-0.00863004722265084,-0.998597074432751));
#11022=DIRECTION('',(-0.998634263124247,0.,-0.0522456554585313));
#11023=DIRECTION('',(0.0522437098537843,-0.00863004722265084,-0.998597074432751));
#11024=DIRECTION('',(-0.998634263124247,0.,-0.0522456554585313));
#11025=DIRECTION('',(1.,1.54074395550979E-33,5.55111512312578E-17));
#11026=DIRECTION('',(5.55111512312578E-17,0.,-1.));
#11027=DIRECTION('',(-5.55111512312578E-17,2.77555756156289E-17,1.));
#11028=DIRECTION('',(-1.3684555315672E-48,1.,-2.77555756156289E-17));
#11029=DIRECTION('',(-5.55111512312578E-17,2.77555756156289E-17,1.));
#11030=DIRECTION('',(1.,0.,5.55111512312578E-17));
#11031=DIRECTION('',(-5.55111512312578E-17,2.77555756156289E-17,1.));
#11032=DIRECTION('',(-5.55111512312578E-17,2.77555756156289E-17,1.));
#11033=DIRECTION('',(1.,0.,5.55111512312578E-17));
#11034=DIRECTION('',(-5.55111512312578E-17,2.77555756156289E-17,1.));
#11035=DIRECTION('',(-5.55111512312578E-17,2.77555756156289E-17,1.));
#11036=DIRECTION('',(1.,0.,5.55111512312578E-17));
#11037=DIRECTION('',(-5.55111512312578E-17,2.77555756156289E-17,1.));
#11038=DIRECTION('',(1.,0.,5.55111512312578E-17));
#11039=DIRECTION('',(-5.55111512312578E-17,2.77555756156289E-17,1.));
#11040=DIRECTION('',(1.,0.,5.55111512312578E-17));
#11041=DIRECTION('',(0.998430175187074,0.0560105818208313,5.38694025096575E-17));
#11042=DIRECTION('',(9.96838006561284E-14,6.1476577704045E-15,-1.));
#11043=DIRECTION('',(0.997665062547523,0.0682965809689461,9.98709092232569E-14));
#11044=DIRECTION('',(-5.55111512312578E-17,2.77555756156289E-17,1.));
#11045=DIRECTION('',(1.,0.,5.55111512312578E-17));
#11046=DIRECTION('',(-5.55111512312578E-17,2.77555756156289E-17,1.));
#11047=DIRECTION('',(1.,0.,5.55111512312578E-17));
#11048=DIRECTION('',(-5.55111512312578E-17,2.77555756156289E-17,1.));
#11049=DIRECTION('',(1.,0.,5.55111512312578E-17));
#11050=DIRECTION('',(-5.55111512312578E-17,2.77555756156289E-17,1.));
#11051=DIRECTION('',(1.,0.,5.55111512312578E-17));
#11052=DIRECTION('',(-5.55111512312578E-17,2.77555756156289E-17,1.));
#11053=DIRECTION('',(0.,0.,-1.));
#11054=DIRECTION('',(-1.,0.,0.));
#11055=DIRECTION('',(0.,0.,-1.));
#11056=DIRECTION('',(-1.,0.,0.));
#11057=DIRECTION('',(-0.998430175187074,-0.0560105818208313,0.));
#11058=DIRECTION('',(0.998430175187074,0.0560105818208316,0.));
#11059=DIRECTION('',(0.0560105818208313,-0.998430175187074,3.08212161023374E-17));
#11060=DIRECTION('',(0.998430175187074,0.0560105818208313,0.));
#11061=DIRECTION('',(-5.55111512312578E-17,2.77555756156289E-17,1.));
#11062=DIRECTION('',(-0.0560105818208316,0.998430175187074,-3.08212161023374E-17));
#11063=DIRECTION('',(-0.998430175187074,-0.0560105818208316,0.));
#11064=DIRECTION('',(-5.55111512312578E-17,2.77555756156289E-17,1.));
#11065=DIRECTION('',(-0.998430175187074,-0.0560105818208316,-5.38694025096575E-17));
#11066=DIRECTION('',(0.0626854085366864,-0.998033335894442,3.11807289146097E-17));
#11067=DIRECTION('',(0.998033335894442,0.0626854085366864,0.));
#11068=DIRECTION('',(-5.55111512312578E-17,2.77555756156289E-17,1.));
#11069=DIRECTION('',(0.998033335894442,0.0626854085366864,5.36621098460365E-17));
#11070=DIRECTION('',(-0.998033335894442,-0.0626854085366864,0.));
#11071=DIRECTION('',(-0.0626854085366864,0.998033335894442,-3.11807289146097E-17));
#11072=DIRECTION('',(-0.998033335894442,-0.0626854085366864,0.));
#11073=DIRECTION('',(-5.55111512312578E-17,2.77555756156289E-17,1.));
#11074=DIRECTION('',(0.998033335894442,0.0626854085366864,0.));
#11075=DIRECTION('',(-0.998033335894442,-0.0626854085366864,-5.36621098460365E-17));
#11076=DIRECTION('',(0.0534088871828764,-0.998572726830593,3.06807496407531E-17));
#11077=DIRECTION('',(0.998572726830594,0.0534088871828764,0.));
#11078=DIRECTION('',(0.998572726830594,0.0534088871828764,5.39495272477517E-17));
#11079=DIRECTION('',(0.998572726830594,0.0534088871828764,5.39495272477517E-17));
#11080=DIRECTION('',(-5.55111512312578E-17,2.77555756156289E-17,1.));
#11081=DIRECTION('',(-0.0534088871828764,0.998572726830593,-3.06807496407531E-17));
#11082=DIRECTION('',(-0.998572726830594,-0.0534088871828764,0.));
#11083=DIRECTION('',(-5.55111512312578E-17,2.77555756156289E-17,1.));
#11084=DIRECTION('',(-0.998572726830594,-0.0534088871828764,-5.39495272477517E-17));
#11085=DIRECTION('',(-0.998572726830594,-0.0534088871828764,-5.39495272477517E-17));
#11086=DIRECTION('',(-5.55111512312578E-17,2.77555756156289E-17,1.));
#11087=DIRECTION('',(1.,0.,5.55111512312578E-17));
#11088=DIRECTION('',(5.55111512312578E-17,-2.77555756156289E-17,-1.));
#11089=DIRECTION('',(-1.,0.,-5.55111512312578E-17));
#11090=DIRECTION('',(-0.301281978153626,-0.953535090932598,9.74140586599688E-18));
#11091=DIRECTION('',(-0.997865354641845,-0.0653049309432692,-5.35800786610868E-17));
#11092=DIRECTION('',(0.232646836391945,0.972561283167709,-1.40795045173674E-17));
#11093=DIRECTION('',(-5.55111512312578E-17,2.77555756156289E-17,1.));
#11094=DIRECTION('',(1.,0.,5.55111512312578E-17));
#11095=DIRECTION('',(5.55111512312578E-17,-2.77555756156289E-17,-1.));
#11096=DIRECTION('',(-1.,0.,-5.55111512312578E-17));
#11097=DIRECTION('',(-5.55111512312578E-17,2.77555756156289E-17,1.));
#11098=DIRECTION('',(1.,0.,5.55111512312578E-17));
#11099=DIRECTION('',(-0.997865354641845,-0.0653049309432705,-5.35800786610868E-17));
#11100=DIRECTION('',(-5.55111512312578E-17,2.77555756156289E-17,1.));
#11101=DIRECTION('',(1.,0.,5.55111512312578E-17));
#11102=DIRECTION('',(0.301281978153626,0.953535090932598,-9.74140586599686E-18));
#11103=DIRECTION('',(-5.55111512312578E-17,2.77555756156289E-17,1.));
#11104=DIRECTION('',(1.,0.,5.55111512312578E-17));
#11105=DIRECTION('',(-5.55111512312578E-17,2.77555756156289E-17,1.));
#11106=DIRECTION('',(1.,0.,5.55111512312578E-17));
#11107=DIRECTION('',(-0.998042922173307,-0.0625325954984054,-5.36668834052514E-17));
#11108=DIRECTION('',(-5.55111512312578E-17,2.77555756156289E-17,1.));
#11109=DIRECTION('',(1.,0.,5.55111512312578E-17));
#11110=DIRECTION('',(0.301281978153626,0.953535090932598,-9.74140586599686E-18));
#11111=DIRECTION('',(-5.55111512312578E-17,2.77555756156289E-17,1.));
#11112=DIRECTION('',(1.,0.,5.55111512312578E-17));
#11113=DIRECTION('',(0.997865354641845,0.0653049309432692,5.35800786610868E-17));
#11114=DIRECTION('',(-5.55111512312578E-17,2.77555756156289E-17,1.));
#11115=DIRECTION('',(1.,0.,5.55111512312578E-17));
#11116=DIRECTION('',(-5.55111512312578E-17,2.77555756156289E-17,1.));
#11117=DIRECTION('',(1.,0.,5.55111512312578E-17));
#11118=DIRECTION('',(-5.55111512312578E-17,2.77555756156289E-17,1.));
#11119=DIRECTION('',(1.,0.,5.55111512312578E-17));
#11120=DIRECTION('',(-5.55111512312578E-17,2.77555756156289E-17,1.));
#11121=DIRECTION('',(1.,0.,5.55111512312578E-17));
#11122=DIRECTION('',(-0.998042922173307,-0.0625325954984054,-5.36668834052514E-17));
#11123=DIRECTION('',(0.232646836391945,0.972561283167709,-1.40795045173674E-17));
#11124=DIRECTION('',(0.997865354641845,0.0653049309432692,5.35800786610868E-17));
#11125=DIRECTION('',(-0.301281978153626,-0.953535090932598,9.74140586599688E-18));
#11126=DIRECTION('',(-5.55111512312578E-17,2.77555756156289E-17,1.));
#11127=DIRECTION('',(1.,0.,5.55111512312578E-17));
#11128=DIRECTION('',(-5.55111512312578E-17,2.77555756156289E-17,1.));
#11129=DIRECTION('',(0.,0.,-1.));
#11130=DIRECTION('',(-1.,0.,0.));
#11131=DIRECTION('',(-5.55111512312578E-17,2.77555756156289E-17,1.));
#11132=DIRECTION('',(-5.55111512312578E-17,2.77555756156289E-17,1.));
#11133=DIRECTION('',(1.,0.,5.55111512312578E-17));
#11134=DIRECTION('',(-5.55111512312578E-17,2.77555756156289E-17,1.));
#11135=DIRECTION('',(6.12323399573677E-17,1.,-2.77555756156289E-17));
#11136=DIRECTION('',(5.55111512312578E-17,-2.77555756156289E-17,-1.));
#11137=DIRECTION('',(-6.12323399573677E-17,1.,-2.77555756156289E-17));
#11138=DIRECTION('',(-5.55111512312578E-17,2.77555756156289E-17,1.));
#11139=DIRECTION('',(6.12323399573677E-17,1.,-2.77555756156289E-17));
#11140=DIRECTION('',(-0.139173100960065,0.99026806874157,-3.52111193164166E-17));
#11141=DIRECTION('',(-5.55111512312578E-17,2.77555756156289E-17,1.));
#11142=DIRECTION('',(6.12323399573677E-17,1.,-2.77555756156289E-17));
#11143=DIRECTION('',(0.,0.,1.));
#11144=DIRECTION('',(0.778953216423338,-0.627082041381936,0.));
#11145=DIRECTION('',(-5.55111512312578E-17,2.77555756156289E-17,1.));
#11146=DIRECTION('',(6.12323399573677E-17,1.,-2.77555756156289E-17));
#11147=DIRECTION('',(-0.986983841469676,0.160819453667027,5.92947535301253E-18));
#11148=DIRECTION('',(-5.55111512312578E-17,2.77555756156289E-17,1.));
#11149=DIRECTION('',(1.,0.,5.55111512312578E-17));
#11150=DIRECTION('',(-5.55111512312578E-17,2.77555756156289E-17,1.));
#11151=DIRECTION('',(1.,0.,5.55111512312578E-17));
#11152=DIRECTION('',(-5.55111512312578E-17,2.77555756156289E-17,1.));
#11153=DIRECTION('',(1.,0.,5.55111512312578E-17));
#11154=DIRECTION('',(-0.139173100960065,0.99026806874157,-3.52111193164168E-17));
#11155=DIRECTION('',(-5.55111512312578E-17,2.77555756156289E-17,1.));
#11156=DIRECTION('',(1.,0.,5.55111512312578E-17));
#11157=DIRECTION('',(-5.55111512312578E-17,2.77555756156289E-17,1.));
#11158=DIRECTION('',(-5.55111512312578E-17,2.77555756156289E-17,1.));
#11159=DIRECTION('',(6.12323399573677E-17,1.,-2.77555756156289E-17));
#11160=DIRECTION('',(-5.55111512312578E-17,2.77555756156289E-17,1.));
#11161=DIRECTION('',(-5.55111512312578E-17,2.77555756156289E-17,1.));
#11162=DIRECTION('',(1.,0.,5.55111512312578E-17));
#11163=DIRECTION('',(-5.55111512312578E-17,2.77555756156289E-17,1.));
#11164=DIRECTION('',(0.,0.,1.));
#11165=DIRECTION('',(0.778953216423338,-0.627082041381936,0.));
#11166=DIRECTION('',(-5.55111512312578E-17,2.77555756156289E-17,1.));
#11167=DIRECTION('',(1.,0.,5.55111512312578E-17));
#11168=DIRECTION('',(-5.55111512312578E-17,2.77555756156289E-17,1.));
#11169=DIRECTION('',(0.99026806874157,0.139173100960065,5.11080909960403E-17));
#11170=DIRECTION('',(-0.139173100960065,0.99026806874157,0.));
#11171=DIRECTION('',(-5.55111512312578E-17,2.77555756156289E-17,1.));
#11172=DIRECTION('',(-5.55111512312578E-17,2.77555756156289E-17,1.));
#11173=DIRECTION('',(-5.55111512312578E-17,2.77555756156289E-17,1.));
#11174=DIRECTION('',(1.,0.,5.55111512312578E-17));
#11175=DIRECTION('',(-5.55111512312578E-17,2.77555756156289E-17,1.));
#11176=DIRECTION('',(-5.55111512312578E-17,2.77555756156289E-17,1.));
#11177=DIRECTION('',(1.,0.,5.55111512312578E-17));
#11178=DIRECTION('',(-5.55111512312578E-17,2.77555756156289E-17,1.));
#11179=DIRECTION('',(-5.55111512312578E-17,2.77555756156289E-17,1.));
#11180=DIRECTION('',(1.,0.,5.55111512312578E-17));
#11181=DIRECTION('',(-0.232646836391945,-0.972561283167709,1.40795045173674E-17));
#11182=DIRECTION('',(0.232646836391945,0.972561283167709,-1.40795045173674E-17));
#11183=DIRECTION('',(-0.986983841469676,0.160819453667027,5.92947535301253E-18));
#11184=DIRECTION('',(0.301281978153626,0.953535090932598,0.));
#11185=DIRECTION('',(5.55111512312578E-17,-2.77555756156289E-17,-1.));
#11186=DIRECTION('',(-6.12323399573677E-17,1.,-2.77555756156289E-17));
#11187=DIRECTION('',(-0.232646836391945,-0.972561283167709,1.40795045173674E-17));
#11188=DIRECTION('',(0.997865354641845,0.0653049309432692,5.35800786610868E-17));
#11189=DIRECTION('',(0.301281978153626,0.953535090932598,0.));
#11190=DIRECTION('',(-0.997865354641845,-0.0653049309432694,-5.35800786610868E-17));
#11191=DIRECTION('',(-0.232646836391945,-0.972561283167709,1.40795045173674E-17));
#11192=DIRECTION('',(0.998042922173307,0.0625325954984054,5.36668834052514E-17));
#11193=DIRECTION('',(0.301281978153626,0.953535090932598,0.));
#11194=DIRECTION('',(-0.998042922173307,-0.0625325954984053,-5.36668834052514E-17));
#11195=DIRECTION('',(-5.55111512312578E-17,2.77555756156289E-17,1.));
#11196=DIRECTION('',(1.,0.,5.55111512312578E-17));
#11197=DIRECTION('',(5.55111512312578E-17,-2.77555756156289E-17,-1.));
#11198=DIRECTION('',(-1.,0.,-5.55111512312578E-17));
#11199=DIRECTION('',(-5.55111512312578E-17,2.77555756156289E-17,1.));
#11200=DIRECTION('',(-5.55111512312578E-17,2.77555756156289E-17,1.));
#11201=DIRECTION('',(1.,0.,5.55111512312578E-17));
#11202=DIRECTION('',(-5.55111512312578E-17,2.77555756156289E-17,1.));
#11203=DIRECTION('',(-1.,1.22464679914735E-16,-5.55111512312578E-17));
#11204=DIRECTION('',(-5.55111512312578E-17,2.77555756156289E-17,1.));
#11205=DIRECTION('',(1.,0.,5.55111512312578E-17));
#11206=DIRECTION('',(-5.55111512312578E-17,2.77555756156289E-17,1.));
#11207=DIRECTION('',(5.55111512312578E-17,-2.77555756156289E-17,-1.));
#11208=DIRECTION('',(-5.55111512312578E-17,2.77555756156289E-17,1.));
#11209=DIRECTION('',(1.,0.,5.55111512312578E-17));
#11210=DIRECTION('',(-5.55111512312578E-17,2.77555756156289E-17,1.));
#11211=DIRECTION('',(-5.55111512312578E-17,2.77555756156289E-17,1.));
#11212=DIRECTION('',(-5.55111512312578E-17,2.77555756156289E-17,1.));
#11213=DIRECTION('',(1.,0.,5.55111512312578E-17));
#11214=DIRECTION('',(-5.55111512312578E-17,2.77555756156289E-17,1.));
#11215=DIRECTION('',(-5.55111512312578E-17,2.77555756156289E-17,1.));
#11216=DIRECTION('',(0.0534088871828764,-0.998572726830593,3.06807496407531E-17));
#11217=DIRECTION('',(0.998572726830594,0.0534088871828764,0.));
#11218=DIRECTION('',(0.998572726830594,0.0534088871828764,5.39495272477517E-17));
#11219=DIRECTION('',(0.998572726830594,0.0534088871828764,5.39495272477517E-17));
#11220=DIRECTION('',(-5.55111512312578E-17,2.77555756156289E-17,1.));
#11221=DIRECTION('',(-0.0534088871828764,0.998572726830593,-3.06807496407531E-17));
#11222=DIRECTION('',(-0.998572726830594,-0.0534088871828764,0.));
#11223=DIRECTION('',(-0.998572726830594,-0.0534088871828764,-5.39495272477517E-17));
#11224=DIRECTION('',(-5.55111512312578E-17,2.77555756156289E-17,1.));
#11225=DIRECTION('',(-0.998572726830594,-0.0534088871828764,-5.39495272477517E-17));
#11226=DIRECTION('',(-0.998572726830594,-0.0534088871828764,-5.39495272477517E-17));
#11227=DIRECTION('',(5.55111512312578E-17,-2.77555756156289E-17,-1.));
#11228=DIRECTION('',(-0.998572726830594,-0.0534088871828764,-5.39495272477517E-17));
#11229=DIRECTION('',(-5.55111512312578E-17,2.77555756156289E-17,1.));
#11230=DIRECTION('',(0.0625325954984053,-0.998042922173306,3.11725121596195E-17));
#11231=DIRECTION('',(0.998042922173307,0.0625325954984053,0.));
#11232=DIRECTION('',(0.998042922173307,0.0625325954984053,5.36668834052514E-17));
#11233=DIRECTION('',(5.55111512312578E-17,-2.77555756156289E-17,-1.));
#11234=DIRECTION('',(-0.998042922172316,-0.0625325955142123,0.));
#11235=DIRECTION('',(-5.55111512312578E-17,2.77555756156289E-17,1.));
#11236=DIRECTION('',(-5.55111512312578E-17,2.77555756156289E-17,1.));
#11237=DIRECTION('',(0.0602771838522321,-0.998181677404892,3.10511628939624E-17));
#11238=DIRECTION('',(0.998181677404892,0.0602771838522321,0.));
#11239=DIRECTION('',(5.55111512312578E-17,-2.77555756156289E-17,-1.));
#11240=DIRECTION('',(-0.998181677404892,-0.0602771838522321,-5.37371861163858E-17));
#11241=DIRECTION('',(-5.55111512312578E-17,2.77555756156289E-17,1.));
#11242=DIRECTION('',(0.998181677404892,0.0602771838522321,5.37371861163858E-17));
#11243=DIRECTION('',(-0.060277183852232,0.998181677404892,-3.10511628939624E-17));
#11244=DIRECTION('',(-0.998181677404892,-0.060277183852232,0.));
#11245=DIRECTION('',(-0.998181677404892,-0.060277183852232,-5.37371861163858E-17));
#11246=DIRECTION('',(-5.55111512312578E-17,2.77555756156289E-17,1.));
#11247=DIRECTION('',(0.998181677404892,0.060277183852232,5.37371861163858E-17));
#11248=DIRECTION('',(5.55111512312578E-17,-2.77555756156289E-17,-1.));
#11249=DIRECTION('',(-5.55111512312578E-17,2.77555756156289E-17,1.));
#11250=DIRECTION('',(1.,0.,5.55111512312578E-17));
#11251=DIRECTION('',(-0.301281978153626,-0.953535090932598,9.74140586599686E-18));
#11252=DIRECTION('',(-5.55111512312578E-17,2.77555756156289E-17,1.));
#11253=DIRECTION('',(1.,0.,5.55111512312578E-17));
#11254=DIRECTION('',(-0.301281978153626,-0.953535090932598,9.74140586599685E-18));
#11255=DIRECTION('',(0.301281978153626,0.953535090932598,-9.74140586599686E-18));
#11256=DIRECTION('',(0.0653049309432692,-0.997865354641845,3.13214792027167E-17));
#11257=DIRECTION('',(0.997865354641845,0.0653049309432692,0.));
#11258=DIRECTION('',(5.55111512312578E-17,-2.77555756156289E-17,-1.));
#11259=DIRECTION('',(5.55111512312578E-17,-2.77555756156289E-17,-1.));
#11260=DIRECTION('',(-0.0653049309432705,0.997865354641845,-3.13214792027168E-17));
#11261=DIRECTION('',(-0.997865354641845,-0.0653049309432705,0.));
#11262=DIRECTION('',(5.55111512312578E-17,-2.77555756156289E-17,-1.));
#11263=DIRECTION('',(5.55111512312578E-17,-2.77555756156289E-17,-1.));
#11264=DIRECTION('',(0.953535090932598,-0.301281978153626,6.12940853633399E-17));
#11265=DIRECTION('',(0.301281978153626,0.953535090932598,0.));
#11266=DIRECTION('',(5.55111512312578E-17,-2.77555756156289E-17,-1.));
#11267=DIRECTION('',(5.55111512312578E-17,-2.77555756156289E-17,-1.));
#11268=DIRECTION('',(0.972561283167709,-0.232646836391945,6.04452433308023E-17));
#11269=DIRECTION('',(0.232646836391945,0.972561283167709,0.));
#11270=DIRECTION('',(5.55111512312578E-17,-2.77555756156289E-17,-1.));
#11271=DIRECTION('',(-0.953535090932598,0.301281978153626,-6.12940853633399E-17));
#11272=DIRECTION('',(-0.301281978153626,-0.953535090932598,0.));
#11273=DIRECTION('',(5.55111512312578E-17,-2.77555756156289E-17,-1.));
#11274=DIRECTION('',(5.55111512312578E-17,-2.77555756156289E-17,-1.));
#11275=DIRECTION('',(5.55111512312578E-17,-2.77555756156289E-17,-1.));
#11276=DIRECTION('',(-0.0625325954984054,0.998042922173306,-3.11725121596195E-17));
#11277=DIRECTION('',(-0.998042922173307,-0.0625325954984054,0.));
#11278=DIRECTION('',(5.55111512312578E-17,-2.77555756156289E-17,-1.));
#11279=DIRECTION('',(5.55111512312578E-17,-2.77555756156289E-17,-1.));
#11280=DIRECTION('',(0.0653049309432694,-0.997865354641845,3.13214792027168E-17));
#11281=DIRECTION('',(0.997865354641845,0.0653049309432694,0.));
#11282=DIRECTION('',(5.55111512312578E-17,-2.77555756156289E-17,-1.));
#11283=DIRECTION('',(0.953535090932598,-0.301281978153626,6.12940853633399E-17));
#11284=DIRECTION('',(0.301281978153626,0.953535090932598,0.));
#11285=DIRECTION('',(0.301281978153626,0.953535090932598,-9.74140586599686E-18));
#11286=DIRECTION('',(0.953535090932598,-0.301281978153626,6.12940853633399E-17));
#11287=DIRECTION('',(0.301281978153626,0.953535090932598,0.));
#11288=DIRECTION('',(5.55111512312578E-17,-2.77555756156289E-17,-1.));
#11289=DIRECTION('',(5.55111512312578E-17,-2.77555756156289E-17,-1.));
#11290=DIRECTION('',(-0.0653049309432692,0.997865354641845,-3.13214792027167E-17));
#11291=DIRECTION('',(-0.997865354641845,-0.0653049309432692,0.));
#11292=DIRECTION('',(0.972561283167709,-0.232646836391945,6.04452433308023E-17));
#11293=DIRECTION('',(0.232646836391945,0.972561283167709,0.));
#11294=DIRECTION('',(5.55111512312578E-17,-2.77555756156289E-17,-1.));
#11295=DIRECTION('',(0.232646836391945,0.972561283167709,-1.40795045173674E-17));
#11296=DIRECTION('',(0.0625325954984053,-0.998042922173306,3.11725121596195E-17));
#11297=DIRECTION('',(0.998042922173307,0.0625325954984053,0.));
#11298=DIRECTION('',(0.998042922173307,0.0625325954984053,5.36668834052514E-17));
#11299=DIRECTION('',(5.55111512312578E-17,-2.77555756156289E-17,-1.));
#11300=DIRECTION('',(-0.953535090932598,0.301281978153626,-6.12940853633399E-17));
#11301=DIRECTION('',(-0.301281978153626,-0.953535090932598,0.));
#11302=DIRECTION('',(-0.301281978153626,-0.953535090932598,9.74140586599688E-18));
#11303=DIRECTION('',(-0.0625325954984053,0.998042922173306,-3.11725121596195E-17));
#11304=DIRECTION('',(-0.998042922173307,-0.0625325954984054,0.));
#11305=DIRECTION('',(5.55111512312578E-17,-2.77555756156289E-17,-1.));
#11306=DIRECTION('',(0.972561283167709,-0.232646836391945,6.04452433308023E-17));
#11307=DIRECTION('',(0.232646836391945,0.972561283167709,0.));
#11308=DIRECTION('',(0.953535090932598,-0.301281978153626,6.12940853633399E-17));
#11309=DIRECTION('',(0.301281978153626,0.953535090932598,0.));
#11310=DIRECTION('',(0.301281978153626,0.953535090932598,-9.74140586599686E-18));
#11311=DIRECTION('',(0.,0.,1.));
#11312=DIRECTION('',(1.,0.,0.));
#11313=DIRECTION('',(-0.716528452599809,0.697557866140812,0.));
#11314=DIRECTION('',(-5.55111512312578E-17,2.77555756156289E-17,1.));
#11315=DIRECTION('',(6.12323399573677E-17,1.,-2.77555756156289E-17));
#11316=DIRECTION('',(0.00515688128235676,0.999986703199317,0.));
#11317=DIRECTION('',(0.,0.,1.));
#11318=DIRECTION('',(1.,0.,0.));
#11319=DIRECTION('',(0.232646836391945,0.972561283167708,0.));
#11320=DIRECTION('',(0.,0.,1.));
#11321=DIRECTION('',(1.,0.,0.));
#11322=DIRECTION('',(0.,0.,1.));
#11323=DIRECTION('',(1.,0.,0.));
#11324=DIRECTION('',(0.,0.,1.));
#11325=DIRECTION('',(1.,0.,0.));
#11326=DIRECTION('',(-4.08070700976371E-49,-2.77555756156289E-17,-1.));
#11327=DIRECTION('',(0.,1.,-2.77555756156289E-17));
#11328=DIRECTION('',(0.,0.,1.));
#11329=DIRECTION('',(1.,0.,0.));
#11330=DIRECTION('',(-5.55111512312578E-17,2.77555756156289E-17,1.));
#11331=DIRECTION('',(1.,0.,5.55111512312578E-17));
#11332=DIRECTION('',(0.00515688128235676,0.999986703199317,0.));
#11333=DIRECTION('',(-5.55111512312578E-17,2.77555756156289E-17,1.));
#11334=DIRECTION('',(1.,0.,5.55111512312578E-17));
#11335=DIRECTION('',(0.,0.,-1.));
#11336=DIRECTION('',(-0.0633370564474164,0.997992192995805,0.));
#11337=DIRECTION('',(0.986983841469675,-0.160819453667031,0.));
#11338=DIRECTION('',(0.232646836391945,0.972561283167708,0.));
#11339=DIRECTION('',(-5.55111512312578E-17,2.77555756156289E-17,1.));
#11340=DIRECTION('',(1.,0.,5.55111512312578E-17));
#11341=DIRECTION('',(-5.55111512312578E-17,2.77555756156289E-17,1.));
#11342=DIRECTION('',(-5.55111512312578E-17,2.77555756156289E-17,1.));
#11343=DIRECTION('',(1.,0.,5.55111512312578E-17));
#11344=DIRECTION('',(-5.55111512312578E-17,2.77555756156289E-17,1.));
#11345=DIRECTION('',(-5.55111512312578E-17,2.77555756156289E-17,1.));
#11346=DIRECTION('',(1.,0.,5.55111512312578E-17));
#11347=DIRECTION('',(-5.55111512312578E-17,2.77555756156289E-17,1.));
#11348=DIRECTION('',(1.,0.,5.55111512312578E-17));
#11349=DIRECTION('',(-0.160819453667031,-0.986983841469676,1.84670316298766E-17));
#11350=DIRECTION('',(0.986983841469676,-0.160819453667031,0.));
#11351=DIRECTION('',(-5.55111512312578E-17,2.77555756156289E-17,1.));
#11352=DIRECTION('',(0.972561283167708,-0.232646836391945,6.04452433308023E-17));
#11353=DIRECTION('',(0.232646836391945,0.972561283167709,0.));
#11354=DIRECTION('',(-5.55111512312578E-17,2.77555756156289E-17,1.));
#11355=DIRECTION('',(-5.55111512312578E-17,2.77555756156289E-17,1.));
#11356=DIRECTION('',(1.,0.,5.55111512312578E-17));
#11357=DIRECTION('',(9.96838006561284E-14,6.1476577704045E-15,-1.));
#11358=DIRECTION('',(0.997665062547523,0.0682965809689461,9.98709092232569E-14));
#11359=DIRECTION('',(-5.55111512312578E-17,2.77555756156289E-17,1.));
#11360=DIRECTION('',(1.,0.,5.55111512312578E-17));
#11361=DIRECTION('',(-5.55111512312578E-17,2.77555756156289E-17,1.));
#11362=DIRECTION('',(1.,0.,5.55111512312578E-17));
#11363=DIRECTION('',(-5.55111512312578E-17,2.77555756156289E-17,1.));
#11364=DIRECTION('',(1.,0.,5.55111512312578E-17));
#11365=DIRECTION('',(9.96838006561284E-14,6.1476577704045E-15,-1.));
#11366=DIRECTION('',(0.997665062547523,0.0682965809689461,9.98709092232569E-14));
#11367=DIRECTION('',(-5.55111512312578E-17,2.77555756156289E-17,1.));
#11368=DIRECTION('',(1.,0.,5.55111512312578E-17));
#11369=DIRECTION('',(9.96838006561284E-14,6.1476577704045E-15,-1.));
#11370=DIRECTION('',(0.997665062547523,0.0682965809689461,9.98709092232569E-14));
#11371=DIRECTION('',(-5.55111512312578E-17,2.77555756156289E-17,1.));
#11372=DIRECTION('',(1.,0.,5.55111512312578E-17));
#11373=DIRECTION('',(-5.55111512312578E-17,2.77555756156289E-17,1.));
#11374=DIRECTION('',(1.,0.,5.55111512312578E-17));
#11375=DIRECTION('',(-5.55111512312578E-17,2.77555756156289E-17,1.));
#11376=DIRECTION('',(1.,0.,5.55111512312578E-17));
#11377=DIRECTION('',(-5.55111512312578E-17,2.77555756156289E-17,1.));
#11378=DIRECTION('',(1.,0.,5.55111512312578E-17));
#11379=DIRECTION('',(-5.55111512312578E-17,2.77555756156289E-17,1.));
#11380=DIRECTION('',(1.,0.,5.55111512312578E-17));
#11381=DIRECTION('',(-5.55111512312578E-17,2.77555756156289E-17,1.));
#11382=DIRECTION('',(1.,0.,5.55111512312578E-17));
#11383=DIRECTION('',(9.96838006561284E-14,6.1476577704045E-15,-1.));
#11384=DIRECTION('',(0.997665062547523,0.0682965809689461,9.98709092232569E-14));
#11385=DIRECTION('',(-5.55111512312578E-17,2.77555756156289E-17,1.));
#11386=DIRECTION('',(1.,0.,5.55111512312578E-17));
#11387=DIRECTION('',(-5.55111512312578E-17,2.77555756156289E-17,1.));
#11388=DIRECTION('',(1.,0.,5.55111512312578E-17));
#11389=DIRECTION('',(9.96838006561284E-14,6.1476577704045E-15,-1.));
#11390=DIRECTION('',(0.997665062547523,0.0682965809689461,9.98709092232569E-14));
#11391=DIRECTION('',(-5.55111512312578E-17,2.77555756156289E-17,1.));
#11392=DIRECTION('',(1.,0.,5.55111512312578E-17));
#11393=DIRECTION('',(-5.55111512312578E-17,2.77555756156289E-17,1.));
#11394=DIRECTION('',(1.,0.,5.55111512312578E-17));
#11395=DIRECTION('',(0.697557866140812,0.716528452599809,1.88345805530125E-17));
#11396=DIRECTION('',(-0.716528452599809,0.697557866140812,0.));
#11397=DIRECTION('',(-5.55111512312578E-17,2.77555756156289E-17,1.));
#11398=DIRECTION('',(-5.55111512312578E-17,2.77555756156289E-17,1.));
#11399=DIRECTION('',(-5.55111512312578E-17,2.77555756156289E-17,1.));
#11400=DIRECTION('',(1.,0.,5.55111512312578E-17));
#11401=DIRECTION('',(-5.55111512312578E-17,2.77555756156289E-17,1.));
#11402=DIRECTION('',(1.,0.,5.55111512312578E-17));
#11403=DIRECTION('',(-5.55111512312578E-17,2.77555756156289E-17,1.));
#11404=DIRECTION('',(0.999986703199317,-0.00515688128235676,5.56535453189175E-17));
#11405=DIRECTION('',(0.00515688128235676,0.999986703199317,0.));
#11406=DIRECTION('',(-5.55111512312578E-17,2.77555756156289E-17,1.));
#11407=DIRECTION('',(1.,0.,5.55111512312578E-17));
#11408=DIRECTION('',(-0.301281978153626,-0.953535090932598,9.74140586599685E-18));
#11409=DIRECTION('',(-0.716528452599809,0.697557866140812,-5.91364393937152E-17));
#11410=DIRECTION('',(0.697557866140812,0.716528452599809,1.88345805530125E-17));
#11411=DIRECTION('',(-0.716528452599809,0.697557866140812,0.));
#11412=DIRECTION('',(5.55111512312578E-17,-2.77555756156289E-17,-1.));
#11413=DIRECTION('',(0.953535090932598,-0.301281978153626,6.12940853633399E-17));
#11414=DIRECTION('',(0.301281978153626,0.953535090932598,0.));
#11415=DIRECTION('',(-5.55111512312578E-17,2.77555756156289E-17,1.));
#11416=DIRECTION('',(1.,0.,5.55111512312578E-17));
#11417=DIRECTION('',(-5.55111512312578E-17,2.77555756156289E-17,1.));
#11418=DIRECTION('',(1.,0.,5.55111512312578E-17));
#11419=DIRECTION('',(-5.55111512312578E-17,2.77555756156289E-17,1.));
#11420=DIRECTION('',(1.,0.,5.55111512312578E-17));
#11421=DIRECTION('',(-5.55111512312578E-17,2.77555756156289E-17,1.));
#11422=DIRECTION('',(1.,0.,5.55111512312578E-17));
#11423=DIRECTION('',(-5.55111512312578E-17,2.77555756156289E-17,1.));
#11424=DIRECTION('',(1.,0.,5.55111512312578E-17));
#11425=DIRECTION('',(-5.55111512312578E-17,2.77555756156289E-17,1.));
#11426=DIRECTION('',(1.,0.,5.55111512312578E-17));
#11427=DIRECTION('',(-5.55111512312578E-17,2.77555756156289E-17,1.));
#11428=DIRECTION('',(1.,0.,5.55111512312578E-17));
#11429=DIRECTION('',(0.,0.,-1.));
#11430=DIRECTION('',(-1.,0.,0.));
#11431=DIRECTION('',(5.55111512312578E-17,-2.77555756156289E-17,-1.));
#11432=DIRECTION('',(-1.,0.,-5.55111512312578E-17));
#11433=DIRECTION('',(0.,0.,1.));
#11434=DIRECTION('',(1.,0.,0.));
#11435=DIRECTION('',(0.,0.,1.));
#11436=DIRECTION('',(1.,0.,0.));
#11437=DIRECTION('',(-0.995212356273516,-0.0977362057812616,0.));
#11438=DIRECTION('',(0.,0.,1.));
#11439=DIRECTION('',(0.0977362057812616,-0.995212356273516,0.));
#11440=DIRECTION('',(5.55111512312578E-17,-2.77555756156289E-17,-1.));
#11441=DIRECTION('',(-1.,0.,-5.55111512312578E-17));
#11442=DIRECTION('',(0.,0.,1.));
#11443=DIRECTION('',(1.,0.,0.));
#11444=DIRECTION('',(0.,0.,1.));
#11445=DIRECTION('',(1.,0.,0.));
#11446=DIRECTION('',(0.,0.,1.));
#11447=DIRECTION('',(1.,0.,0.));
#11448=DIRECTION('',(0.,0.,-1.));
#11449=DIRECTION('',(-1.,0.,0.));
#11450=DIRECTION('',(0.995212356273516,0.0977362057812616,0.));
#11451=DIRECTION('',(0.,0.,-1.));
#11452=DIRECTION('',(-1.,0.,0.));
#11453=DIRECTION('',(0.,0.,1.));
#11454=DIRECTION('',(1.,0.,0.));
#11455=DIRECTION('',(-0.00484030413703369,0.0492870625250045,-0.998772925605975));
#11456=DIRECTION('',(-0.0976162761857782,0.993991156674514,0.0495241665904908));
#11457=DIRECTION('',(0.,0.,1.));
#11458=DIRECTION('',(1.,0.,0.));
#11459=DIRECTION('',(0.,0.,1.));
#11460=DIRECTION('',(1.,0.,0.));
#11461=DIRECTION('',(0.,0.,1.));
#11462=DIRECTION('',(1.,0.,0.));
#11463=DIRECTION('',(0.,0.,1.));
#11464=DIRECTION('',(1.,0.,0.));
#11465=DIRECTION('',(0.,0.,1.));
#11466=DIRECTION('',(1.,0.,0.));
#11467=DIRECTION('',(0.,0.,1.));
#11468=DIRECTION('',(1.,0.,0.));
#11469=DIRECTION('',(0.,0.,1.));
#11470=DIRECTION('',(1.,0.,0.));
#11471=DIRECTION('',(-0.00484030413703369,0.0492870625250045,-0.998772925605975));
#11472=DIRECTION('',(0.,0.998784625709348,0.0492876398972096));
#11473=DIRECTION('',(0.00484030413703369,-0.0492870625250045,0.998772925605975));
#11474=DIRECTION('',(0.,-0.998784625709348,-0.0492876398972096));
#11475=DIRECTION('',(-0.00484030413703369,0.0492870625250045,-0.998772925605975));
#11476=DIRECTION('',(0.,0.998784625709348,0.0492876398972096));
#11477=DIRECTION('',(-0.00484030413703369,0.0492870625250045,-0.998772925605975));
#11478=DIRECTION('',(0.,0.998784625709348,0.0492876398972096));
#11479=DIRECTION('',(0.00484030413703369,-0.0492870625250045,0.998772925605975));
#11480=DIRECTION('',(1.22352215164989E-16,0.998784625709348,0.0492876398972096));
#11481=DIRECTION('',(0.00484030413703225,-0.0492870625250078,0.998772925605974));
#11482=DIRECTION('',(0.,-0.998784625709348,-0.049287639897213));
#11483=DIRECTION('',(-0.00484030413703225,0.0492870625250078,-0.998772925605974));
#11484=DIRECTION('',(0.,0.998784625709348,0.049287639897213));
#11485=DIRECTION('',(5.55111512312578E-17,-2.77555756156289E-17,-1.));
#11486=DIRECTION('',(-1.,0.,-5.55111512312578E-17));
#11487=DIRECTION('',(-5.55111512312578E-17,2.77555756156289E-17,1.));
#11488=DIRECTION('',(-5.55111512312578E-17,2.77555756156289E-17,1.));
#11489=DIRECTION('',(1.,0.,5.55111512312578E-17));
#11490=DIRECTION('',(-5.55111512312578E-17,2.77555756156289E-17,1.));
#11491=DIRECTION('',(5.0485788220812E-17,-3.60977156686928E-17,-1.));
#11492=DIRECTION('',(-0.987688340595137,0.156434465040236,-5.55111512312578E-17));
#11493=DIRECTION('',(5.55111512312578E-17,-2.77555756156289E-17,-1.));
#11494=DIRECTION('',(-1.,0.,-5.55111512312578E-17));
#11495=DIRECTION('',(-5.55111512312578E-17,2.77555756156289E-17,1.));
#11496=DIRECTION('',(-5.55111512312578E-17,2.77555756156289E-17,1.));
#11497=DIRECTION('',(1.,0.,5.55111512312578E-17));
#11498=DIRECTION('',(-5.55111512312578E-17,2.77555756156289E-17,1.));
#11499=DIRECTION('',(3.68600302679595E-17,-4.99319342447254E-17,-1.));
#11500=DIRECTION('',(-0.891006524188366,0.453990499739551,-5.55111512312578E-17));
#11501=DIRECTION('',(5.55111512312578E-17,-2.77555756156289E-17,-1.));
#11502=DIRECTION('',(-1.,0.,-5.55111512312578E-17));
#11503=DIRECTION('',(-5.55111512312578E-17,2.77555756156289E-17,1.));
#11504=DIRECTION('',(-5.55111512312578E-17,2.77555756156289E-17,1.));
#11505=DIRECTION('',(1.,0.,5.55111512312578E-17));
#11506=DIRECTION('',(-5.55111512312578E-17,2.77555756156289E-17,1.));
#11507=DIRECTION('',(1.96261557335469E-17,-5.88784672006417E-17,-1.));
#11508=DIRECTION('',(-0.707106781186544,0.707106781186551,-5.55111512312578E-17));
#11509=DIRECTION('',(5.55111512312578E-17,-2.77555756156289E-17,-1.));
#11510=DIRECTION('',(-1.,0.,-5.55111512312578E-17));
#11511=DIRECTION('',(-5.55111512312578E-17,2.77555756156289E-17,1.));
#11512=DIRECTION('',(-5.55111512312578E-17,2.77555756156289E-17,1.));
#11513=DIRECTION('',(1.,0.,5.55111512312578E-17));
#11514=DIRECTION('',(-5.55111512312578E-17,2.77555756156289E-17,1.));
#11515=DIRECTION('',(4.71136332467131E-19,-6.2061565556556E-17,-1.));
#11516=DIRECTION('',(-0.453990499739543,0.89100652418837,-5.55111512312578E-17));
#11517=DIRECTION('',(5.55111512312578E-17,-2.77555756156289E-17,-1.));
#11518=DIRECTION('',(-1.,0.,-5.55111512312578E-17));
#11519=DIRECTION('',(-5.55111512312578E-17,2.77555756156289E-17,1.));
#11520=DIRECTION('',(-5.55111512312578E-17,2.77555756156289E-17,1.));
#11521=DIRECTION('',(1.,0.,5.55111512312578E-17));
#11522=DIRECTION('',(-5.55111512312578E-17,2.77555756156289E-17,1.));
#11523=DIRECTION('',(-1.87300011754344E-17,-5.91696454674413E-17,-1.));
#11524=DIRECTION('',(-0.156434465040227,0.987688340595138,-5.55111512312578E-17));
#11525=DIRECTION('',(5.55111512312578E-17,-2.77555756156289E-17,-1.));
#11526=DIRECTION('',(-1.,0.,-5.55111512312578E-17));
#11527=DIRECTION('',(-5.55111512312578E-17,2.77555756156289E-17,1.));
#11528=DIRECTION('',(-5.55111512312578E-17,2.77555756156289E-17,1.));
#11529=DIRECTION('',(1.,0.,5.55111512312578E-17));
#11530=DIRECTION('',(-5.55111512312578E-17,2.77555756156289E-17,1.));
#11531=DIRECTION('',(-3.60977156686927E-17,-5.04857882208121E-17,-1.));
#11532=DIRECTION('',(0.156434465040235,0.987688340595137,-5.55111512312578E-17));
#11533=DIRECTION('',(5.55111512312578E-17,-2.77555756156289E-17,-1.));
#11534=DIRECTION('',(-1.,0.,-5.55111512312578E-17));
#11535=DIRECTION('',(-5.55111512312578E-17,2.77555756156289E-17,1.));
#11536=DIRECTION('',(-5.55111512312578E-17,2.77555756156289E-17,1.));
#11537=DIRECTION('',(1.,0.,5.55111512312578E-17));
#11538=DIRECTION('',(-5.55111512312578E-17,2.77555756156289E-17,1.));
#11539=DIRECTION('',(-4.99319342447254E-17,-3.68600302679595E-17,-1.));
#11540=DIRECTION('',(0.45399049973955,0.891006524188366,-5.55111512312578E-17));
#11541=DIRECTION('',(5.55111512312578E-17,-2.77555756156289E-17,-1.));
#11542=DIRECTION('',(-1.,0.,-5.55111512312578E-17));
#11543=DIRECTION('',(-5.55111512312578E-17,2.77555756156289E-17,1.));
#11544=DIRECTION('',(-5.55111512312578E-17,2.77555756156289E-17,1.));
#11545=DIRECTION('',(1.,0.,5.55111512312578E-17));
#11546=DIRECTION('',(-5.55111512312578E-17,2.77555756156289E-17,1.));
#11547=DIRECTION('',(-5.88784672006416E-17,-1.9626155733547E-17,-1.));
#11548=DIRECTION('',(0.70710678118655,0.707106781186545,-5.55111512312578E-17));
#11549=DIRECTION('',(5.55111512312578E-17,-2.77555756156289E-17,-1.));
#11550=DIRECTION('',(-1.,0.,-5.55111512312578E-17));
#11551=DIRECTION('',(-5.55111512312578E-17,2.77555756156289E-17,1.));
#11552=DIRECTION('',(-5.55111512312578E-17,2.77555756156289E-17,1.));
#11553=DIRECTION('',(1.,0.,5.55111512312578E-17));
#11554=DIRECTION('',(-5.55111512312578E-17,2.77555756156289E-17,1.));
#11555=DIRECTION('',(-6.2061565556556E-17,-4.71136332467193E-19,-1.));
#11556=DIRECTION('',(0.891006524188369,0.453990499739544,-5.55111512312578E-17));
#11557=DIRECTION('',(5.55111512312578E-17,-2.77555756156289E-17,-1.));
#11558=DIRECTION('',(-1.,0.,-5.55111512312578E-17));
#11559=DIRECTION('',(-5.55111512312578E-17,2.77555756156289E-17,1.));
#11560=DIRECTION('',(-5.55111512312578E-17,2.77555756156289E-17,1.));
#11561=DIRECTION('',(1.,0.,5.55111512312578E-17));
#11562=DIRECTION('',(-5.55111512312578E-17,2.77555756156289E-17,1.));
#11563=DIRECTION('',(-5.91696454674413E-17,1.87300011754344E-17,-1.));
#11564=DIRECTION('',(0.987688340595138,0.156434465040228,-5.55111512312578E-17));
#11565=DIRECTION('',(5.55111512312578E-17,-2.77555756156289E-17,-1.));
#11566=DIRECTION('',(-1.,0.,-5.55111512312578E-17));
#11567=DIRECTION('',(-5.55111512312578E-17,2.77555756156289E-17,1.));
#11568=DIRECTION('',(-5.55111512312578E-17,2.77555756156289E-17,1.));
#11569=DIRECTION('',(1.,0.,5.55111512312578E-17));
#11570=DIRECTION('',(-5.55111512312578E-17,2.77555756156289E-17,1.));
#11571=DIRECTION('',(-5.04857882208121E-17,3.60977156686927E-17,-1.));
#11572=DIRECTION('',(0.987688340595137,-0.156434465040233,-5.55111512312578E-17));
#11573=DIRECTION('',(5.55111512312578E-17,-2.77555756156289E-17,-1.));
#11574=DIRECTION('',(-1.,0.,-5.55111512312578E-17));
#11575=DIRECTION('',(-5.55111512312578E-17,2.77555756156289E-17,1.));
#11576=DIRECTION('',(-5.55111512312578E-17,2.77555756156289E-17,1.));
#11577=DIRECTION('',(1.,0.,5.55111512312578E-17));
#11578=DIRECTION('',(-5.55111512312578E-17,2.77555756156289E-17,1.));
#11579=DIRECTION('',(-3.68600302679596E-17,4.99319342447253E-17,-1.));
#11580=DIRECTION('',(0.891006524188367,-0.453990499739549,-5.55111512312578E-17));
#11581=DIRECTION('',(5.55111512312578E-17,-2.77555756156289E-17,-1.));
#11582=DIRECTION('',(-1.,0.,-5.55111512312578E-17));
#11583=DIRECTION('',(-5.55111512312578E-17,2.77555756156289E-17,1.));
#11584=DIRECTION('',(-5.55111512312578E-17,2.77555756156289E-17,1.));
#11585=DIRECTION('',(1.,0.,5.55111512312578E-17));
#11586=DIRECTION('',(-5.55111512312578E-17,2.77555756156289E-17,1.));
#11587=DIRECTION('',(-1.96261557335471E-17,5.88784672006416E-17,-1.));
#11588=DIRECTION('',(0.707106781186546,-0.707106781186549,-5.55111512312578E-17));
#11589=DIRECTION('',(5.55111512312578E-17,-2.77555756156289E-17,-1.));
#11590=DIRECTION('',(-1.,0.,-5.55111512312578E-17));
#11591=DIRECTION('',(-5.55111512312578E-17,2.77555756156289E-17,1.));
#11592=DIRECTION('',(-5.55111512312578E-17,2.77555756156289E-17,1.));
#11593=DIRECTION('',(1.,0.,5.55111512312578E-17));
#11594=DIRECTION('',(-5.55111512312578E-17,2.77555756156289E-17,1.));
#11595=DIRECTION('',(-4.71136332467267E-19,6.2061565556556E-17,-1.));
#11596=DIRECTION('',(0.453990499739545,-0.891006524188369,-5.55111512312578E-17));
#11597=DIRECTION('',(5.55111512312578E-17,-2.77555756156289E-17,-1.));
#11598=DIRECTION('',(-1.,0.,-5.55111512312578E-17));
#11599=DIRECTION('',(-5.55111512312578E-17,2.77555756156289E-17,1.));
#11600=DIRECTION('',(-5.55111512312578E-17,2.77555756156289E-17,1.));
#11601=DIRECTION('',(1.,0.,5.55111512312578E-17));
#11602=DIRECTION('',(-5.55111512312578E-17,2.77555756156289E-17,1.));
#11603=DIRECTION('',(1.87300011754343E-17,5.91696454674413E-17,-1.));
#11604=DIRECTION('',(0.15643446504023,-0.987688340595138,-5.55111512312578E-17));
#11605=DIRECTION('',(5.55111512312578E-17,-2.77555756156289E-17,-1.));
#11606=DIRECTION('',(-1.,0.,-5.55111512312578E-17));
#11607=DIRECTION('',(-5.55111512312578E-17,2.77555756156289E-17,1.));
#11608=DIRECTION('',(-5.55111512312578E-17,2.77555756156289E-17,1.));
#11609=DIRECTION('',(1.,0.,5.55111512312578E-17));
#11610=DIRECTION('',(-5.55111512312578E-17,2.77555756156289E-17,1.));
#11611=DIRECTION('',(3.60977156686926E-17,5.04857882208122E-17,-1.));
#11612=DIRECTION('',(-0.156434465040232,-0.987688340595138,-5.55111512312578E-17));
#11613=DIRECTION('',(5.55111512312578E-17,-2.77555756156289E-17,-1.));
#11614=DIRECTION('',(-1.,0.,-5.55111512312578E-17));
#11615=DIRECTION('',(-5.55111512312578E-17,2.77555756156289E-17,1.));
#11616=DIRECTION('',(-5.55111512312578E-17,2.77555756156289E-17,1.));
#11617=DIRECTION('',(1.,0.,5.55111512312578E-17));
#11618=DIRECTION('',(-5.55111512312578E-17,2.77555756156289E-17,1.));
#11619=DIRECTION('',(4.99319342447253E-17,3.68600302679597E-17,-1.));
#11620=DIRECTION('',(-0.453990499739548,-0.891006524188367,-5.55111512312578E-17));
#11621=DIRECTION('',(5.55111512312578E-17,-2.77555756156289E-17,-1.));
#11622=DIRECTION('',(-1.,0.,-5.55111512312578E-17));
#11623=DIRECTION('',(-5.55111512312578E-17,2.77555756156289E-17,1.));
#11624=DIRECTION('',(-5.55111512312578E-17,2.77555756156289E-17,1.));
#11625=DIRECTION('',(1.,0.,5.55111512312578E-17));
#11626=DIRECTION('',(-5.55111512312578E-17,2.77555756156289E-17,1.));
#11627=DIRECTION('',(5.88784672006416E-17,1.96261557335472E-17,-1.));
#11628=DIRECTION('',(-0.707106781186548,-0.707106781186547,-5.55111512312578E-17));
#11629=DIRECTION('',(5.55111512312578E-17,-2.77555756156289E-17,-1.));
#11630=DIRECTION('',(-1.,0.,-5.55111512312578E-17));
#11631=DIRECTION('',(-5.55111512312578E-17,2.77555756156289E-17,1.));
#11632=DIRECTION('',(-5.55111512312578E-17,2.77555756156289E-17,1.));
#11633=DIRECTION('',(1.,0.,5.55111512312578E-17));
#11634=DIRECTION('',(-5.55111512312578E-17,2.77555756156289E-17,1.));
#11635=DIRECTION('',(6.2061565556556E-17,4.71136332467353E-19,-1.));
#11636=DIRECTION('',(-0.891006524188368,-0.453990499739547,-5.55111512312578E-17));
#11637=DIRECTION('',(-0.22495105434387,-0.974370064785234,1.45569100134384E-17));
#11638=DIRECTION('',(0.974370064785234,-0.22495105434387,0.));
#11639=DIRECTION('',(5.55111512312578E-17,-2.77555756156289E-17,-1.));
#11640=DIRECTION('',(-0.974370064785234,0.22495105434387,-6.03320500201604E-17));
#11641=DIRECTION('',(5.55111512312578E-17,-2.77555756156289E-17,-1.));
#11642=DIRECTION('',(-0.601815023152044,0.798635510047296,-5.55740330518801E-17));
#11643=DIRECTION('',(-0.798635510047296,-0.601815023152044,0.));
#11644=DIRECTION('',(0.798635510047296,0.601815023152044,2.76294541951702E-17));
#11645=DIRECTION('',(5.55111512312578E-17,-2.77555756156289E-17,-1.));
#11646=DIRECTION('',(0.998629534754574,-0.052335956242947,5.68876897186791E-17));
#11647=DIRECTION('',(0.052335956242947,0.998629534754574,0.));
#11648=DIRECTION('',(-0.052335956242947,-0.998629534754574,2.48123083820462E-17));
#11649=DIRECTION('',(5.55111512312578E-17,-2.77555756156289E-17,-1.));
#11650=DIRECTION('',(5.55111512312578E-17,-2.77555756156289E-17,-1.));
#11651=DIRECTION('',(-1.,0.,-5.55111512312578E-17));
#11652=DIRECTION('',(-5.55111512312578E-17,2.77555756156289E-17,1.));
#11653=DIRECTION('',(-5.55111512312578E-17,2.77555756156289E-17,1.));
#11654=DIRECTION('',(1.,0.,5.55111512312578E-17));
#11655=DIRECTION('',(-5.55111512312578E-17,2.77555756156289E-17,1.));
#11656=DIRECTION('',(5.91696454674414E-17,-1.87300011754342E-17,-1.));
#11657=DIRECTION('',(-0.987688340595138,-0.156434465040231,-5.55111512312578E-17));
#11658=DIRECTION('',(0.601815023152044,-0.798635510047296,5.55740330518801E-17));
#11659=DIRECTION('',(0.798635510047296,0.601815023152044,0.));
#11660=DIRECTION('',(-0.798635510047296,-0.601815023152044,-2.76294541951701E-17));
#11661=DIRECTION('',(-5.55111512312578E-17,2.77555756156289E-17,1.));
#11662=DIRECTION('',(1.,0.,5.55111512312578E-17));
#11663=DIRECTION('',(-5.55111512312578E-17,2.77555756156289E-17,1.));
#11664=DIRECTION('',(1.,0.,5.55111512312578E-17));
#11665=DIRECTION('',(-5.55111512312578E-17,2.77555756156289E-17,1.));
#11666=DIRECTION('',(1.,0.,5.55111512312578E-17));
#11667=DIRECTION('',(-5.55111512312578E-17,2.77555756156289E-17,1.));
#11668=DIRECTION('',(1.,0.,5.55111512312578E-17));
#11669=DIRECTION('',(-5.55111512312578E-17,2.77555756156289E-17,1.));
#11670=DIRECTION('',(1.,0.,5.55111512312578E-17));
#11671=DIRECTION('',(0.630990065360577,0.775790910887885,6.69380579844817E-17));
#11672=DIRECTION('',(-5.55111512312578E-17,2.77555756156289E-17,1.));
#11673=DIRECTION('',(0.951056516295155,0.309016994374944,4.42172975516454E-17));
#11674=DIRECTION('',(-0.936729312473375,0.350054560251911,-4.88900308907904E-17));
#11675=DIRECTION('',(-5.55111512312578E-17,2.77555756156289E-17,1.));
#11676=DIRECTION('',(1.,0.,5.55111512312578E-17));
#11677=DIRECTION('',(-5.55111512312578E-17,2.77555756156289E-17,1.));
#11678=DIRECTION('',(1.,0.,5.55111512312578E-17));
#11679=DIRECTION('',(0.360374637832706,0.932807654560653,4.75577939595411E-17));
#11680=DIRECTION('',(-5.55111512312578E-17,2.77555756156289E-17,1.));
#11681=DIRECTION('',(0.80901699437495,0.587785252292469,2.85951467076504E-17));
#11682=DIRECTION('',(-0.999055324708772,0.0434563939029819,-4.38400109919199E-17));
#11683=DIRECTION('',(-5.55111512312578E-17,2.77555756156289E-17,1.));
#11684=DIRECTION('',(1.,0.,5.55111512312578E-17));
#11685=DIRECTION('',(-5.55111512312578E-17,2.77555756156289E-17,1.));
#11686=DIRECTION('',(1.,0.,5.55111512312578E-17));
#11687=DIRECTION('',(0.0544832298760237,0.99851468575193,2.87536732794074E-17));
#11688=DIRECTION('',(-5.55111512312578E-17,2.77555756156289E-17,1.));
#11689=DIRECTION('',(0.587785252292477,0.809016994374945,1.01739036698081E-17));
#11690=DIRECTION('',(-0.963586840933921,-0.267395587059672,-3.32432389622738E-17));
#11691=DIRECTION('',(-5.55111512312578E-17,2.77555756156289E-17,1.));
#11692=DIRECTION('',(1.,0.,5.55111512312578E-17));
#11693=DIRECTION('',(-5.55111512312578E-17,2.77555756156289E-17,1.));
#11694=DIRECTION('',(1.,0.,5.55111512312578E-17));
#11695=DIRECTION('',(-0.256741376227908,0.966480142440909,1.23663742922646E-17));
#11696=DIRECTION('',(-5.55111512312578E-17,2.77555756156289E-17,1.));
#11697=DIRECTION('',(0.309016994374952,0.951056516295152,-9.24323194498998E-18));
#11698=DIRECTION('',(-0.833795763464163,-0.55207302490632,-1.8137000680166E-17));
#11699=DIRECTION('',(-5.55111512312578E-17,2.77555756156289E-17,1.));
#11700=DIRECTION('',(1.,0.,5.55111512312578E-17));
#11701=DIRECTION('',(-5.55111512312578E-17,2.77555756156289E-17,1.));
#11702=DIRECTION('',(1.,0.,5.55111512312578E-17));
#11703=DIRECTION('',(-0.542834347604302,0.839839788924657,0.));
#11704=DIRECTION('',(-5.55111512312578E-17,2.77555756156289E-17,1.));
#11705=DIRECTION('',(6.12323399573677E-17,1.,-2.77555756156289E-17));
#11706=DIRECTION('',(-0.622386947269845,-0.782709708556195,0.));
#11707=DIRECTION('',(-5.55111512312578E-17,2.77555756156289E-17,1.));
#11708=DIRECTION('',(1.,0.,5.55111512312578E-17));
#11709=DIRECTION('',(-5.55111512312578E-17,2.77555756156289E-17,1.));
#11710=DIRECTION('',(1.,0.,5.55111512312578E-17));
#11711=DIRECTION('',(-0.775790910887887,0.630990065360575,-7.13494272006312E-18));
#11712=DIRECTION('',(-5.55111512312578E-17,2.77555756156289E-17,1.));
#11713=DIRECTION('',(-0.309016994374947,0.951056516295154,-4.35510101605432E-17));
#11714=DIRECTION('',(-0.350054560251908,-0.936729312473376,1.93923870837347E-17));
#11715=DIRECTION('',(-5.55111512312578E-17,2.77555756156289E-17,1.));
#11716=DIRECTION('',(1.,0.,5.55111512312578E-17));
#11717=DIRECTION('',(-5.55111512312578E-17,2.77555756156289E-17,1.));
#11718=DIRECTION('',(1.,0.,5.55111512312578E-17));
#11719=DIRECTION('',(-0.932807654560654,0.360374637832702,-8.34003596241612E-18));
#11720=DIRECTION('',(-5.55111512312578E-17,2.77555756156289E-17,1.));
#11721=DIRECTION('',(-0.587785252292473,0.809016994374948,-5.50833683932132E-17));
#11722=DIRECTION('',(-0.0434563939029777,-0.999055324708772,3.81418986085766E-17));
#11723=DIRECTION('',(-5.55111512312578E-17,2.77555756156289E-17,1.));
#11724=DIRECTION('',(1.,0.,5.55111512312578E-17));
#11725=DIRECTION('',(-5.55111512312578E-17,2.77555756156289E-17,1.));
#11726=DIRECTION('',(1.,0.,5.55111512312578E-17));
#11727=DIRECTION('',(-0.998514685751931,0.0544832298760198,-3.49731680411916E-18));
#11728=DIRECTION('',(-5.55111512312578E-17,2.77555756156289E-17,1.));
#11729=DIRECTION('',(-0.809016994374947,0.587785252292474,-6.12237827391606E-17));
#11730=DIRECTION('',(0.267395587059676,-0.96358684093392,5.44132017509459E-17));
#11731=DIRECTION('',(-5.55111512312578E-17,2.77555756156289E-17,1.));
#11732=DIRECTION('',(1.,0.,5.55111512312578E-17));
#11733=DIRECTION('',(-5.55111512312578E-17,2.77555756156289E-17,1.));
#11734=DIRECTION('',(1.,0.,5.55111512312578E-17));
#11735=DIRECTION('',(-0.966480142440908,-0.256741376227911,6.91917566240527E-18));
#11736=DIRECTION('',(-5.55111512312578E-17,2.77555756156289E-17,1.));
#11737=DIRECTION('',(-0.951056516295153,0.309016994374948,-6.13711866594217E-17));
#11738=DIRECTION('',(0.552073024906323,-0.833795763464161,6.66135479904323E-17));
#11739=DIRECTION('',(-5.55111512312578E-17,2.77555756156289E-17,1.));
#11740=DIRECTION('',(1.,0.,5.55111512312578E-17));
#11741=DIRECTION('',(-5.55111512312578E-17,2.77555756156289E-17,1.));
#11742=DIRECTION('',(1.,0.,5.55111512312578E-17));
#11743=DIRECTION('',(-0.839839788924657,-0.542834347604301,2.18898025785632E-17));
#11744=DIRECTION('',(-5.55111512312578E-17,2.77555756156289E-17,1.));
#11745=DIRECTION('',(-1.,1.23268770453989E-15,-5.55111512312579E-17));
#11746=DIRECTION('',(0.782709708556194,-0.622386947269845,7.35486824323042E-17));
#11747=DIRECTION('',(-5.55111512312578E-17,2.77555756156289E-17,1.));
#11748=DIRECTION('',(1.,0.,5.55111512312578E-17));
#11749=DIRECTION('',(-5.55111512312578E-17,2.77555756156289E-17,1.));
#11750=DIRECTION('',(1.,0.,5.55111512312578E-17));
#11751=DIRECTION('',(-0.630990065360576,-0.775790910887886,3.99491346753099E-17));
#11752=DIRECTION('',(-5.55111512312578E-17,2.77555756156289E-17,1.));
#11753=DIRECTION('',(-0.951056516295154,-0.309016994374946,-4.42172975516453E-17));
#11754=DIRECTION('',(0.936729312473376,-0.350054560251909,7.45397457974682E-17));
#11755=DIRECTION('',(-5.55111512312578E-17,2.77555756156289E-17,1.));
#11756=DIRECTION('',(1.,0.,5.55111512312578E-17));
#11757=DIRECTION('',(-5.55111512312578E-17,2.77555756156289E-17,1.));
#11758=DIRECTION('',(1.,0.,5.55111512312578E-17));
#11759=DIRECTION('',(-0.360374637832703,-0.932807654560654,5.93293987002504E-17));
#11760=DIRECTION('',(-5.55111512312578E-17,2.7755575615629E-17,1.));
#11761=DIRECTION('',(-0.809016994374949,-0.587785252292472,-2.85951467076502E-17));
#11762=DIRECTION('',(0.999055324708772,-0.0434563939029792,6.94897258985976E-17));
#11763=DIRECTION('',(-5.55111512312578E-17,2.77555756156289E-17,1.));
#11764=DIRECTION('',(1.,0.,5.55111512312578E-17));
#11765=DIRECTION('',(-5.55111512312578E-17,2.77555756156289E-17,1.));
#11766=DIRECTION('',(1.,0.,5.55111512312578E-17));
#11767=DIRECTION('',(-0.0544832298760209,-0.998514685751931,7.81335193803842E-17));
#11768=DIRECTION('',(-5.55111512312578E-17,2.77555756156289E-17,1.));
#11769=DIRECTION('',(-0.587785252292475,-0.809016994374946,-1.01739036698079E-17));
#11770=DIRECTION('',(0.96358684093392,0.267395587059674,5.88929538689514E-17));
#11771=DIRECTION('',(-5.55111512312578E-17,2.77555756156289E-17,1.));
#11772=DIRECTION('',(1.,0.,5.55111512312578E-17));
#11773=DIRECTION('',(-5.55111512312578E-17,2.77555756156289E-17,1.));
#11774=DIRECTION('',(1.,0.,5.55111512312578E-17));
#11775=DIRECTION('',(0.25674137622791,-0.966480142440909,9.45208183675269E-17));
#11776=DIRECTION('',(-5.55111512312578E-17,2.77555756156289E-17,1.));
#11777=DIRECTION('',(-0.30901699437495,-0.951056516295153,9.24323194499014E-18));
#11778=DIRECTION('',(0.833795763464162,0.552073024906322,4.37867155868436E-17));
#11779=DIRECTION('',(-5.55111512312578E-17,2.77555756156289E-17,1.));
#11780=DIRECTION('',(1.,0.,5.55111512312578E-17));
#11781=DIRECTION('',(-5.55111512312578E-17,2.77555756156289E-17,1.));
#11782=DIRECTION('',(1.,0.,5.55111512312578E-17));
#11783=DIRECTION('',(0.5428343476043,-0.839839788924658,1.06887192659791E-16));
#11784=DIRECTION('',(-5.55111512312578E-17,2.77555756156289E-17,1.));
#11785=DIRECTION('',(-2.40414306912242E-15,-1.,2.77555756156288E-17));
#11786=DIRECTION('',(0.622386947269846,0.782709708556194,2.56497149066779E-17));
#11787=DIRECTION('',(-5.55111512312578E-17,2.77555756156289E-17,1.));
#11788=DIRECTION('',(1.,0.,5.55111512312578E-17));
#11789=DIRECTION('',(-5.55111512312578E-17,2.77555756156289E-17,1.));
#11790=DIRECTION('',(1.,0.,5.55111512312578E-17));
#11791=DIRECTION('',(0.775790910887886,-0.630990065360576,1.14022135379855E-16));
#11792=DIRECTION('',(-5.55111512312578E-17,2.77555756156289E-17,1.));
#11793=DIRECTION('',(0.309016994374945,-0.951056516295154,4.35510101605431E-17));
#11794=DIRECTION('',(0.35005456025191,0.936729312473375,6.25732782294326E-18));
#11795=DIRECTION('',(-5.55111512312578E-17,2.77555756156289E-17,1.));
#11796=DIRECTION('',(1.,0.,5.55111512312578E-17));
#11797=DIRECTION('',(-5.55111512312578E-17,2.77555756156289E-17,1.));
#11798=DIRECTION('',(1.,0.,5.55111512312578E-17));
#11799=DIRECTION('',(0.932807654560653,-0.360374637832705,1.15227228622208E-16));
#11800=DIRECTION('',(-5.55111512312578E-17,2.77555756156289E-17,1.));
#11801=DIRECTION('',(0.58778525229247,-0.809016994374949,5.50833683932131E-17));
#11802=DIRECTION('',(0.0434563939029805,0.999055324708772,-1.24921837018986E-17));
#11803=DIRECTION('',(-5.55111512312578E-17,2.77555756156289E-17,1.));
#11804=DIRECTION('',(1.,0.,5.55111512312578E-17));
#11805=DIRECTION('',(-5.55111512312578E-17,2.77555756156289E-17,1.));
#11806=DIRECTION('',(1.,0.,5.55111512312578E-17));
#11807=DIRECTION('',(0.99851468575193,-0.0544832298760227,1.10384509463911E-16));
#11808=DIRECTION('',(-5.55111512312578E-17,2.77555756156289E-17,1.));
#11809=DIRECTION('',(0.809016994374945,-0.587785252292476,6.12237827391606E-17));
#11810=DIRECTION('',(-0.267395587059673,0.963586840933921,-2.8763486844268E-17));
#11811=DIRECTION('',(-5.55111512312578E-17,2.77555756156289E-17,1.));
#11812=DIRECTION('',(1.,0.,5.55111512312578E-17));
#11813=DIRECTION('',(-5.55111512312578E-17,2.77555756156289E-17,1.));
#11814=DIRECTION('',(1.,0.,5.55111512312578E-17));
#11815=DIRECTION('',(0.966480142440909,0.256741376227908,9.99680169973863E-17));
#11816=DIRECTION('',(-5.55111512312578E-17,2.77555756156289E-17,1.));
#11817=DIRECTION('',(0.951056516295152,-0.309016994374951,6.13711866594218E-17));
#11818=DIRECTION('',(-0.552073024906321,0.833795763464162,-4.09638330837544E-17));
#11819=DIRECTION('',(-5.55111512312578E-17,2.77555756156289E-17,1.));
#11820=DIRECTION('',(1.,0.,5.55111512312578E-17));
#11821=DIRECTION('',(-5.55111512312578E-17,2.77555756156289E-17,1.));
#11822=DIRECTION('',(1.,0.,5.55111512312578E-17));
#11823=DIRECTION('',(0.839839788924659,0.542834347604299,8.49973900812284E-17));
#11824=DIRECTION('',(-5.55111512312578E-17,2.77555756156289E-17,1.));
#11825=DIRECTION('',(1.,-3.79764303862997E-15,5.55111512312579E-17));
#11826=DIRECTION('',(-0.782709708556193,0.622386947269847,-4.78989675256264E-17));
#11827=DIRECTION('',(0.,0.,1.));
#11828=DIRECTION('',(1.,0.,0.));
#11829=DIRECTION('',(0.,0.,1.));
#11830=DIRECTION('',(1.,0.,0.));
#11831=DIRECTION('',(-5.55111512312578E-17,2.77555756156289E-17,1.));
#11832=DIRECTION('',(1.,0.,5.55111512312578E-17));
#11833=DIRECTION('',(-5.55111512312578E-17,2.77555756156289E-17,1.));
#11834=DIRECTION('',(1.,0.,5.55111512312578E-17));
#11835=DIRECTION('',(-5.55111512312578E-17,2.77555756156289E-17,1.));
#11836=DIRECTION('',(1.,0.,5.55111512312578E-17));
#11837=DIRECTION('',(5.91696454674414E-17,-1.87300011754342E-17,-1.));
#11838=DIRECTION('',(5.55111512312578E-17,-2.77555756156289E-17,-1.));
#11839=DIRECTION('',(-1.,0.,-5.55111512312578E-17));
#11840=DIRECTION('',(5.0485788220812E-17,-3.60977156686928E-17,-1.));
#11841=DIRECTION('',(-5.55111512312578E-17,2.77555756156289E-17,1.));
#11842=DIRECTION('',(6.12323399573677E-17,1.,-2.77555756156289E-17));
#11843=DIRECTION('',(-5.55111512312578E-17,2.77555756156289E-17,1.));
#11844=DIRECTION('',(1.,0.,5.55111512312578E-17));
#11845=DIRECTION('',(5.0485788220812E-17,-3.60977156686928E-17,-1.));
#11846=DIRECTION('',(5.55111512312578E-17,-2.77555756156289E-17,-1.));
#11847=DIRECTION('',(-0.951056516295152,0.309016994374952,-6.13711866594218E-17));
#11848=DIRECTION('',(3.68600302679595E-17,-4.99319342447254E-17,-1.));
#11849=DIRECTION('',(-5.55111512312578E-17,2.77555756156289E-17,1.));
#11850=DIRECTION('',(6.12323399573677E-17,1.,-2.77555756156289E-17));
#11851=DIRECTION('',(-5.55111512312578E-17,2.77555756156289E-17,1.));
#11852=DIRECTION('',(1.,0.,5.55111512312578E-17));
#11853=DIRECTION('',(3.68600302679595E-17,-4.99319342447254E-17,-1.));
#11854=DIRECTION('',(5.55111512312578E-17,-2.77555756156289E-17,-1.));
#11855=DIRECTION('',(-0.809016994374945,0.587785252292477,-6.12237827391606E-17));
#11856=DIRECTION('',(1.96261557335469E-17,-5.88784672006417E-17,-1.));
#11857=DIRECTION('',(-5.55111512312578E-17,2.77555756156289E-17,1.));
#11858=DIRECTION('',(6.12323399573677E-17,1.,-2.77555756156289E-17));
#11859=DIRECTION('',(-5.55111512312578E-17,2.77555756156289E-17,1.));
#11860=DIRECTION('',(1.,0.,5.55111512312578E-17));
#11861=DIRECTION('',(1.96261557335469E-17,-5.88784672006417E-17,-1.));
#11862=DIRECTION('',(5.55111512312578E-17,-2.77555756156289E-17,-1.));
#11863=DIRECTION('',(-0.587785252292469,0.80901699437495,-5.50833683932131E-17));
#11864=DIRECTION('',(4.71136332467137E-19,-6.2061565556556E-17,-1.));
#11865=DIRECTION('',(-5.55111512312578E-17,2.77555756156289E-17,1.));
#11866=DIRECTION('',(6.12323399573677E-17,1.,-2.77555756156289E-17));
#11867=DIRECTION('',(-5.55111512312578E-17,2.77555756156289E-17,1.));
#11868=DIRECTION('',(1.,0.,5.55111512312578E-17));
#11869=DIRECTION('',(4.71136332467137E-19,-6.2061565556556E-17,-1.));
#11870=DIRECTION('',(5.55111512312578E-17,-2.77555756156289E-17,-1.));
#11871=DIRECTION('',(-0.309016994374944,0.951056516295155,-4.3551010160543E-17));
#11872=DIRECTION('',(-1.87300011754344E-17,-5.91696454674413E-17,-1.));
#11873=DIRECTION('',(-5.55111512312578E-17,2.77555756156289E-17,1.));
#11874=DIRECTION('',(6.12323399573677E-17,1.,-2.77555756156289E-17));
#11875=DIRECTION('',(-5.55111512312578E-17,2.77555756156289E-17,1.));
#11876=DIRECTION('',(1.,0.,5.55111512312578E-17));
#11877=DIRECTION('',(-1.87300011754344E-17,-5.91696454674413E-17,-1.));
#11878=DIRECTION('',(5.55111512312578E-17,-2.77555756156289E-17,-1.));
#11879=DIRECTION('',(3.7364106986726E-15,1.,-2.77555756156287E-17));
#11880=DIRECTION('',(-3.60977156686927E-17,-5.04857882208121E-17,-1.));
#11881=DIRECTION('',(-5.55111512312578E-17,2.77555756156289E-17,1.));
#11882=DIRECTION('',(6.12323399573677E-17,1.,-2.77555756156289E-17));
#11883=DIRECTION('',(-5.55111512312578E-17,2.77555756156289E-17,1.));
#11884=DIRECTION('',(1.,0.,5.55111512312578E-17));
#11885=DIRECTION('',(-3.60977156686927E-17,-5.04857882208121E-17,-1.));
#11886=DIRECTION('',(5.55111512312578E-17,-2.77555756156289E-17,-1.));
#11887=DIRECTION('',(0.309016994374951,0.951056516295152,-9.24323194499006E-18));
#11888=DIRECTION('',(-4.99319342447254E-17,-3.68600302679595E-17,-1.));
#11889=DIRECTION('',(-5.55111512312578E-17,2.77555756156289E-17,1.));
#11890=DIRECTION('',(6.12323399573677E-17,1.,-2.77555756156289E-17));
#11891=DIRECTION('',(-5.55111512312578E-17,2.77555756156289E-17,1.));
#11892=DIRECTION('',(1.,0.,5.55111512312578E-17));
#11893=DIRECTION('',(-4.99319342447254E-17,-3.68600302679595E-17,-1.));
#11894=DIRECTION('',(5.55111512312578E-17,-2.77555756156289E-17,-1.));
#11895=DIRECTION('',(0.587785252292476,0.809016994374945,1.0173903669808E-17));
#11896=DIRECTION('',(-5.88784672006416E-17,-1.9626155733547E-17,-1.));
#11897=DIRECTION('',(-5.55111512312578E-17,2.77555756156289E-17,1.));
#11898=DIRECTION('',(6.12323399573677E-17,1.,-2.77555756156289E-17));
#11899=DIRECTION('',(-5.55111512312578E-17,2.77555756156289E-17,1.));
#11900=DIRECTION('',(1.,0.,5.55111512312578E-17));
#11901=DIRECTION('',(-5.88784672006416E-17,-1.9626155733547E-17,-1.));
#11902=DIRECTION('',(5.55111512312578E-17,-2.77555756156289E-17,-1.));
#11903=DIRECTION('',(0.809016994374949,0.58778525229247,2.85951467076503E-17));
#11904=DIRECTION('',(-6.2061565556556E-17,-4.71136332467199E-19,-1.));
#11905=DIRECTION('',(-5.55111512312578E-17,2.77555756156289E-17,1.));
#11906=DIRECTION('',(6.12323399573677E-17,1.,-2.77555756156289E-17));
#11907=DIRECTION('',(-5.55111512312578E-17,2.77555756156289E-17,1.));
#11908=DIRECTION('',(1.,0.,5.55111512312578E-17));
#11909=DIRECTION('',(-6.2061565556556E-17,-4.71136332467199E-19,-1.));
#11910=DIRECTION('',(5.55111512312578E-17,-2.77555756156289E-17,-1.));
#11911=DIRECTION('',(0.951056516295154,0.309016994374945,4.42172975516454E-17));
#11912=DIRECTION('',(-5.91696454674413E-17,1.87300011754343E-17,-1.));
#11913=DIRECTION('',(-5.55111512312578E-17,2.77555756156289E-17,1.));
#11914=DIRECTION('',(6.12323399573677E-17,1.,-2.77555756156289E-17));
#11915=DIRECTION('',(-5.55111512312578E-17,2.77555756156289E-17,1.));
#11916=DIRECTION('',(1.,0.,5.55111512312578E-17));
#11917=DIRECTION('',(-5.91696454674413E-17,1.87300011754343E-17,-1.));
#11918=DIRECTION('',(5.55111512312578E-17,-2.77555756156289E-17,-1.));
#11919=DIRECTION('',(1.,-2.34291072916505E-15,5.55111512312579E-17));
#11920=DIRECTION('',(-5.04857882208121E-17,3.60977156686927E-17,-1.));
#11921=DIRECTION('',(-5.55111512312578E-17,2.77555756156289E-17,1.));
#11922=DIRECTION('',(6.12323399573677E-17,1.,-2.77555756156289E-17));
#11923=DIRECTION('',(-5.55111512312578E-17,2.77555756156289E-17,1.));
#11924=DIRECTION('',(1.,0.,5.55111512312578E-17));
#11925=DIRECTION('',(-5.04857882208121E-17,3.60977156686927E-17,-1.));
#11926=DIRECTION('',(5.55111512312578E-17,-2.77555756156289E-17,-1.));
#11927=DIRECTION('',(0.951056516295153,-0.30901699437495,6.13711866594217E-17));
#11928=DIRECTION('',(-3.68600302679596E-17,4.99319342447253E-17,-1.));
#11929=DIRECTION('',(-5.55111512312578E-17,2.77555756156289E-17,1.));
#11930=DIRECTION('',(6.12323399573677E-17,1.,-2.77555756156289E-17));
#11931=DIRECTION('',(-5.55111512312578E-17,2.77555756156289E-17,1.));
#11932=DIRECTION('',(1.,0.,5.55111512312578E-17));
#11933=DIRECTION('',(-3.68600302679596E-17,4.99319342447253E-17,-1.));
#11934=DIRECTION('',(5.55111512312578E-17,-2.77555756156289E-17,-1.));
#11935=DIRECTION('',(0.809016994374946,-0.587785252292475,6.12237827391606E-17));
#11936=DIRECTION('',(-1.96261557335471E-17,5.88784672006416E-17,-1.));
#11937=DIRECTION('',(-5.55111512312578E-17,2.77555756156289E-17,1.));
#11938=DIRECTION('',(6.12323399573677E-17,1.,-2.77555756156289E-17));
#11939=DIRECTION('',(-5.55111512312578E-17,2.77555756156289E-17,1.));
#11940=DIRECTION('',(1.,0.,5.55111512312578E-17));
#11941=DIRECTION('',(-1.96261557335471E-17,5.88784672006416E-17,-1.));
#11942=DIRECTION('',(5.55111512312578E-17,-2.7755575615629E-17,-1.));
#11943=DIRECTION('',(0.587785252292472,-0.809016994374949,5.50833683932132E-17));
#11944=DIRECTION('',(-4.71136332467273E-19,6.2061565556556E-17,-1.));
#11945=DIRECTION('',(-5.55111512312578E-17,2.77555756156289E-17,1.));
#11946=DIRECTION('',(6.12323399573677E-17,1.,-2.77555756156289E-17));
#11947=DIRECTION('',(-5.55111512312578E-17,2.77555756156289E-17,1.));
#11948=DIRECTION('',(1.,0.,5.55111512312578E-17));
#11949=DIRECTION('',(-4.71136332467273E-19,6.2061565556556E-17,-1.));
#11950=DIRECTION('',(5.55111512312578E-17,-2.77555756156289E-17,-1.));
#11951=DIRECTION('',(0.309016994374946,-0.951056516295154,4.35510101605431E-17));
#11952=DIRECTION('',(1.87300011754343E-17,5.91696454674413E-17,-1.));
#11953=DIRECTION('',(-5.55111512312578E-17,2.77555756156289E-17,1.));
#11954=DIRECTION('',(6.12323399573677E-17,1.,-2.77555756156289E-17));
#11955=DIRECTION('',(-5.55111512312578E-17,2.77555756156289E-17,1.));
#11956=DIRECTION('',(1.,0.,5.55111512312578E-17));
#11957=DIRECTION('',(1.87300011754343E-17,5.91696454674413E-17,-1.));
#11958=DIRECTION('',(5.55111512312578E-17,-2.77555756156289E-17,-1.));
#11959=DIRECTION('',(-1.17145536458252E-15,-1.,2.77555756156288E-17));
#11960=DIRECTION('',(3.60977156686926E-17,5.04857882208122E-17,-1.));
#11961=DIRECTION('',(-5.55111512312578E-17,2.77555756156289E-17,1.));
#11962=DIRECTION('',(6.12323399573677E-17,1.,-2.77555756156289E-17));
#11963=DIRECTION('',(-5.55111512312578E-17,2.77555756156289E-17,1.));
#11964=DIRECTION('',(1.,0.,5.55111512312578E-17));
#11965=DIRECTION('',(3.60977156686926E-17,5.04857882208122E-17,-1.));
#11966=DIRECTION('',(5.55111512312578E-17,-2.77555756156289E-17,-1.));
#11967=DIRECTION('',(-0.309016994374948,-0.951056516295153,9.24323194499023E-18));
#11968=DIRECTION('',(4.99319342447253E-17,3.68600302679597E-17,-1.));
#11969=DIRECTION('',(-5.55111512312578E-17,2.77555756156289E-17,1.));
#11970=DIRECTION('',(6.12323399573677E-17,1.,-2.77555756156289E-17));
#11971=DIRECTION('',(-5.55111512312578E-17,2.77555756156289E-17,1.));
#11972=DIRECTION('',(1.,0.,5.55111512312578E-17));
#11973=DIRECTION('',(4.99319342447253E-17,3.68600302679597E-17,-1.));
#11974=DIRECTION('',(5.55111512312578E-17,-2.77555756156289E-17,-1.));
#11975=DIRECTION('',(-0.587785252292474,-0.809016994374947,-1.01739036698079E-17));
#11976=DIRECTION('',(5.88784672006416E-17,1.96261557335472E-17,-1.));
#11977=DIRECTION('',(-5.55111512312578E-17,2.77555756156289E-17,1.));
#11978=DIRECTION('',(6.12323399573677E-17,1.,-2.77555756156289E-17));
#11979=DIRECTION('',(-5.55111512312578E-17,2.77555756156289E-17,1.));
#11980=DIRECTION('',(1.,0.,5.55111512312578E-17));
#11981=DIRECTION('',(5.88784672006416E-17,1.96261557335472E-17,-1.));
#11982=DIRECTION('',(5.55111512312578E-17,-2.77555756156289E-17,-1.));
#11983=DIRECTION('',(-0.809016994374948,-0.587785252292473,-2.85951467076501E-17));
#11984=DIRECTION('',(6.2061565556556E-17,4.71136332467359E-19,-1.));
#11985=DIRECTION('',(-5.55111512312578E-17,2.77555756156289E-17,1.));
#11986=DIRECTION('',(6.12323399573677E-17,1.,-2.77555756156289E-17));
#11987=DIRECTION('',(-5.55111512312578E-17,2.77555756156289E-17,1.));
#11988=DIRECTION('',(1.,0.,5.55111512312578E-17));
#11989=DIRECTION('',(6.2061565556556E-17,4.71136332467359E-19,-1.));
#11990=DIRECTION('',(5.55111512312578E-17,-2.77555756156289E-17,-1.));
#11991=DIRECTION('',(-0.951056516295154,-0.309016994374947,-4.42172975516453E-17));
#11992=DIRECTION('',(5.91696454674414E-17,-1.87300011754342E-17,-1.));
#11993=DIRECTION('',(-5.55111512312578E-17,2.77555756156289E-17,1.));
#11994=DIRECTION('',(6.12323399573677E-17,1.,-2.77555756156289E-17));
#11995=DIRECTION('',(-5.55111512312578E-17,2.77555756156289E-17,1.));
#11996=DIRECTION('',(1.,0.,5.55111512312578E-17));
#11997=DIRECTION('',(-0.492281556617243,-0.870436022355753,-2.56497149066778E-17));
#11998=DIRECTION('',(-5.91696454674414E-17,1.87300011754342E-17,1.));
#11999=DIRECTION('',(-0.156434465040231,0.987688340595138,-2.77555756156289E-17));
#12000=DIRECTION('',(-0.667531044103266,0.744581966715823,-1.06887192659791E-16));
#12001=DIRECTION('',(-0.737167105696813,-0.675710484067388,-2.56497149066778E-17));
#12002=DIRECTION('',(-5.0485788220812E-17,3.60977156686928E-17,1.));
#12003=DIRECTION('',(0.156434465040236,0.987688340595137,-2.77555756156289E-17));
#12004=DIRECTION('',(-0.404771267903404,0.914417968261709,-1.06887192659791E-16));
#12005=DIRECTION('',(-0.909893602325537,-0.414841695646734,-2.56497149066778E-17));
#12006=DIRECTION('',(-3.68600302679595E-17,4.99319342447254E-17,1.));
#12007=DIRECTION('',(0.453990499739551,0.891006524188366,-2.77555756156289E-17));
#12008=DIRECTION('',(-0.102389659793904,0.994744367949519,-1.06887192659791E-16));
#12009=DIRECTION('',(-0.993553373557134,-0.113365311684126,-2.56497149066778E-17));
#12010=DIRECTION('',(-1.96261557335469E-17,5.88784672006417E-17,1.));
#12011=DIRECTION('',(0.707106781186551,0.707106781186544,-2.77555756156289E-17));
#12012=DIRECTION('',(0.210014561606931,0.97769825811088,-1.06887192659791E-16));
#12013=DIRECTION('',(-0.979957218091553,0.199208058848695,-2.56497149066778E-17));
#12014=DIRECTION('',(-4.71136332467131E-19,6.2061565556556E-17,1.));
#12015=DIRECTION('',(0.89100652418837,0.453990499739543,-2.77555756156289E-17));
#12016=DIRECTION('',(0.501861094460186,0.864948230744028,-1.06887192659791E-16));
#12017=DIRECTION('',(-0.870436022355751,0.492281556617246,-2.56497149066778E-17));
#12018=DIRECTION('',(1.87300011754344E-17,5.91696454674413E-17,1.));
#12019=DIRECTION('',(0.987688340595138,0.156434465040227,-2.77555756156289E-17));
#12020=DIRECTION('',(0.744581966715826,0.667531044103263,-1.06887192659791E-16));
#12021=DIRECTION('',(-0.675710484067389,0.737167105696812,-2.56497149066778E-17));
#12022=DIRECTION('',(3.60977156686927E-17,5.04857882208121E-17,1.));
#12023=DIRECTION('',(0.987688340595137,-0.156434465040235,-2.77555756156289E-17));
#12024=DIRECTION('',(0.914417968261708,0.404771267903404,-1.06887192659791E-16));
#12025=DIRECTION('',(-0.414841695646735,0.909893602325537,-2.56497149066778E-17));
#12026=DIRECTION('',(4.99319342447254E-17,3.68600302679595E-17,1.));
#12027=DIRECTION('',(0.891006524188366,-0.45399049973955,-2.77555756156289E-17));
#12028=DIRECTION('',(0.994744367949519,0.102389659793905,-1.06887192659791E-16));
#12029=DIRECTION('',(-0.113365311684127,0.993553373557133,-2.56497149066778E-17));
#12030=DIRECTION('',(5.88784672006416E-17,1.9626155733547E-17,1.));
#12031=DIRECTION('',(0.707106781186545,-0.70710678118655,-2.77555756156289E-17));
#12032=DIRECTION('',(0.97769825811088,-0.210014561606929,-1.06887192659791E-16));
#12033=DIRECTION('',(0.199208058848694,0.979957218091553,-2.56497149066778E-17));
#12034=DIRECTION('',(6.2061565556556E-17,4.71136332467193E-19,1.));
#12035=DIRECTION('',(0.453990499739544,-0.891006524188369,-2.77555756156289E-17));
#12036=DIRECTION('',(0.864948230744028,-0.501861094460186,-1.06887192659791E-16));
#12037=DIRECTION('',(0.492281556617245,0.870436022355752,-2.56497149066778E-17));
#12038=DIRECTION('',(5.91696454674413E-17,-1.87300011754344E-17,1.));
#12039=DIRECTION('',(0.156434465040228,-0.987688340595138,-2.77555756156289E-17));
#12040=DIRECTION('',(0.667531044103264,-0.744581966715825,-1.06887192659791E-16));
#12041=DIRECTION('',(0.737167105696811,0.67571048406739,-2.56497149066778E-17));
#12042=DIRECTION('',(5.04857882208121E-17,-3.60977156686927E-17,1.));
#12043=DIRECTION('',(-0.156434465040233,-0.987688340595137,-2.77555756156289E-17));
#12044=DIRECTION('',(0.404771267903406,-0.914417968261708,-1.06887192659791E-16));
#12045=DIRECTION('',(0.909893602325536,0.414841695646736,-2.56497149066778E-17));
#12046=DIRECTION('',(3.68600302679596E-17,-4.99319342447253E-17,1.));
#12047=DIRECTION('',(-0.453990499739549,-0.891006524188367,-2.77555756156289E-17));
#12048=DIRECTION('',(0.102389659793907,-0.994744367949519,-1.06887192659791E-16));
#12049=DIRECTION('',(0.993553373557134,0.113365311684129,-2.56497149066778E-17));
#12050=DIRECTION('',(1.96261557335471E-17,-5.88784672006416E-17,1.));
#12051=DIRECTION('',(-0.707106781186549,-0.707106781186546,-2.77555756156289E-17));
#12052=DIRECTION('',(-0.210014561606928,-0.977698258110881,-1.06887192659791E-16));
#12053=DIRECTION('',(0.979957218091553,-0.199208058848693,-2.56497149066778E-17));
#12054=DIRECTION('',(4.71136332467267E-19,-6.2061565556556E-17,1.));
#12055=DIRECTION('',(-0.891006524188369,-0.453990499739545,-2.77555756156289E-17));
#12056=DIRECTION('',(-0.501861094460185,-0.864948230744029,-1.06887192659791E-16));
#12057=DIRECTION('',(0.870436022355752,-0.492281556617244,-2.56497149066778E-17));
#12058=DIRECTION('',(-1.87300011754343E-17,-5.91696454674413E-17,1.));
#12059=DIRECTION('',(-0.987688340595138,-0.15643446504023,-2.77555756156289E-17));
#12060=DIRECTION('',(-0.744581966715824,-0.667531044103265,-1.06887192659791E-16));
#12061=DIRECTION('',(0.675710484067391,-0.73716710569681,-2.56497149066778E-17));
#12062=DIRECTION('',(-3.60977156686926E-17,-5.04857882208122E-17,1.));
#12063=DIRECTION('',(-0.987688340595138,0.156434465040232,-2.77555756156289E-17));
#12064=DIRECTION('',(-0.914417968261707,-0.404771267903407,-1.06887192659791E-16));
#12065=DIRECTION('',(0.414841695646737,-0.909893602325536,-2.56497149066778E-17));
#12066=DIRECTION('',(-4.99319342447253E-17,-3.68600302679597E-17,1.));
#12067=DIRECTION('',(-0.891006524188367,0.453990499739548,-2.77555756156289E-17));
#12068=DIRECTION('',(-0.994744367949519,-0.102389659793908,-1.06887192659791E-16));
#12069=DIRECTION('',(0.11336531168413,-0.993553373557133,-2.56497149066778E-17));
#12070=DIRECTION('',(-5.88784672006416E-17,-1.96261557335472E-17,1.));
#12071=DIRECTION('',(-0.707106781186547,0.707106781186548,-2.77555756156289E-17));
#12072=DIRECTION('',(-0.977698258110881,0.210014561606927,-1.06887192659791E-16));
#12073=DIRECTION('',(-0.199208058848691,-0.979957218091553,-2.56497149066778E-17));
#12074=DIRECTION('',(-6.2061565556556E-17,-4.71136332467353E-19,1.));
#12075=DIRECTION('',(-0.453990499739546,0.891006524188368,-2.77555756156289E-17));
#12076=DIRECTION('',(-0.864948230744029,0.501861094460183,-1.06887192659791E-16));
#12077=DIRECTION('',(0.782709708556195,-0.622386947269844,6.07238249789653E-17));
#12078=DIRECTION('',(0.622386947269844,0.782709708556195,0.));
#12079=DIRECTION('',(-0.622386947269844,-0.782709708556195,-1.28248574533389E-17));
#12080=DIRECTION('',(-0.622386947269844,-0.782709708556195,-1.28248574533389E-17));
#12081=DIRECTION('',(5.55111512312578E-17,-2.77555756156289E-17,-1.));
#12082=DIRECTION('',(-0.839839788924657,-0.542834347604302,-3.15537937513325E-17));
#12083=DIRECTION('',(0.542834347604302,-0.839839788924657,0.));
#12084=DIRECTION('',(-0.542834347604302,0.839839788924657,-5.34435963298957E-17));
#12085=DIRECTION('',(-0.542834347604302,0.839839788924657,-5.34435963298957E-17));
#12086=DIRECTION('',(5.55111512312578E-17,-2.77555756156289E-17,-1.));
#12087=DIRECTION('',(5.55111512312578E-17,-2.77555756156289E-17,-1.));
#12088=DIRECTION('',(-1.,0.,-5.55111512312578E-17));
#12089=DIRECTION('',(5.55111512312578E-17,-2.77555756156289E-17,-1.));
#12090=DIRECTION('',(-1.,0.,-5.55111512312578E-17));
#12091=DIRECTION('',(5.55111512312578E-17,-2.77555756156289E-17,-1.));
#12092=DIRECTION('',(-1.,0.,-5.55111512312578E-17));
#12093=DIRECTION('',(-0.667531044103266,0.744581966715823,-5.34435963298957E-17));
#12094=DIRECTION('',(-0.737167105696813,-0.675710484067388,-1.28248574533389E-17));
#12095=DIRECTION('',(-5.91696454674414E-17,1.87300011754342E-17,1.));
#12096=DIRECTION('',(-0.987688340595138,-0.156434465040231,-5.55111512312578E-17));
#12097=DIRECTION('',(-0.667531044103266,0.744581966715823,-5.34435963298957E-17));
#12098=DIRECTION('',(5.91696454674414E-17,-1.87300011754342E-17,-1.));
#12099=DIRECTION('',(-0.987688340595138,-0.156434465040231,-5.55111512312578E-17));
#12100=DIRECTION('',(-0.492281556617243,-0.870436022355753,-1.28248574533389E-17));
#12101=DIRECTION('',(-0.775790910887887,0.630990065360575,-6.05785390499588E-17));
#12102=DIRECTION('',(-5.0485788220812E-17,3.60977156686928E-17,1.));
#12103=DIRECTION('',(-0.987688340595137,0.156434465040236,-5.55111512312578E-17));
#12104=DIRECTION('',(-0.833795763464163,-0.55207302490632,-3.09618581335049E-17));
#12105=DIRECTION('',(-0.404771267903404,0.914417968261709,-5.34435963298957E-17));
#12106=DIRECTION('',(5.0485788220812E-17,-3.60977156686928E-17,-1.));
#12107=DIRECTION('',(-0.987688340595137,0.156434465040236,-5.55111512312578E-17));
#12108=DIRECTION('',(-0.737167105696813,-0.675710484067388,-1.28248574533389E-17));
#12109=DIRECTION('',(0.870436022355753,-0.492281556617243,6.07238249789653E-17));
#12110=DIRECTION('',(0.492281556617243,0.870436022355753,2.56497149066778E-17));
#12111=DIRECTION('',(-0.492281556617243,-0.870436022355753,-1.28248574533389E-17));
#12112=DIRECTION('',(-5.91696454674414E-17,1.87300011754342E-17,1.));
#12113=DIRECTION('',(-0.744581966715823,-0.667531044103266,-3.15537937513325E-17));
#12114=DIRECTION('',(0.667531044103266,-0.744581966715823,1.06887192659791E-16));
#12115=DIRECTION('',(-5.91696454674414E-17,1.87300011754342E-17,1.));
#12116=DIRECTION('',(-5.91696454674414E-17,1.87300011754342E-17,1.));
#12117=DIRECTION('',(-0.987688340595138,-0.156434465040231,-5.55111512312578E-17));
#12118=DIRECTION('',(5.55111512312578E-17,-2.77555756156289E-17,-1.));
#12119=DIRECTION('',(-0.951056516295154,-0.309016994374947,-4.42172975516453E-17));
#12120=DIRECTION('',(-0.86494823074403,0.501861094460183,-5.34435963298957E-17));
#12121=DIRECTION('',(-0.350054560251908,-0.936729312473376,6.56752963039577E-18));
#12122=DIRECTION('',(5.55111512312578E-17,-2.77555756156289E-17,-1.));
#12123=DIRECTION('',(-0.951056516295154,-0.309016994374947,-4.42172975516453E-17));
#12124=DIRECTION('',(-0.775790910887887,0.630990065360575,-6.05785390499588E-17));
#12125=DIRECTION('',(0.936729312473376,-0.350054560251908,6.17148883441293E-17));
#12126=DIRECTION('',(0.350054560251908,0.936729312473376,-1.93923870837347E-17));
#12127=DIRECTION('',(-0.350054560251908,-0.936729312473376,6.56752963039577E-18));
#12128=DIRECTION('',(5.55111512312578E-17,-2.77555756156289E-17,-1.));
#12129=DIRECTION('',(-0.630990065360575,-0.775790910887887,-1.34944616545857E-17));
#12130=DIRECTION('',(0.775790910887887,-0.630990065360575,7.13494272006312E-18));
#12131=DIRECTION('',(5.55111512312578E-17,-2.77555756156289E-17,-1.));
#12132=DIRECTION('',(5.55111512312578E-17,-2.77555756156289E-17,-1.));
#12133=DIRECTION('',(-0.951056516295154,-0.309016994374947,-4.42172975516453E-17));
#12134=DIRECTION('',(-6.2061565556556E-17,-4.71136332467353E-19,1.));
#12135=DIRECTION('',(-0.891006524188368,-0.453990499739547,-5.55111512312578E-17));
#12136=DIRECTION('',(-0.86494823074403,0.501861094460183,-5.34435963298957E-17));
#12137=DIRECTION('',(6.2061565556556E-17,4.71136332467353E-19,-1.));
#12138=DIRECTION('',(-0.891006524188368,-0.453990499739547,-5.55111512312578E-17));
#12139=DIRECTION('',(-0.199208058848691,-0.979957218091553,-1.28248574533389E-17));
#12140=DIRECTION('',(-0.932807654560654,0.360374637832702,-6.17836322923118E-17));
#12141=DIRECTION('',(0.999055324708772,-0.0434563939029776,5.66648684452587E-17));
#12142=DIRECTION('',(0.0434563939029776,0.999055324708772,-3.81418986085766E-17));
#12143=DIRECTION('',(-0.0434563939029776,-0.999055324708772,2.53170411552377E-17));
#12144=DIRECTION('',(-0.0434563939029776,-0.999055324708772,2.53170411552377E-17));
#12145=DIRECTION('',(5.55111512312578E-17,-2.77555756156289E-17,-1.));
#12146=DIRECTION('',(-0.360374637832702,-0.932807654560654,5.88580237035481E-18));
#12147=DIRECTION('',(0.932807654560654,-0.360374637832702,8.34003596241612E-18));
#12148=DIRECTION('',(-0.932807654560654,0.360374637832702,-6.17836322923118E-17));
#12149=DIRECTION('',(5.55111512312578E-17,-2.77555756156289E-17,-1.));
#12150=DIRECTION('',(5.55111512312578E-17,-2.77555756156289E-17,-1.));
#12151=DIRECTION('',(-0.809016994374948,-0.587785252292473,-2.85951467076501E-17));
#12152=DIRECTION('',(5.55111512312578E-17,-2.77555756156289E-17,-1.));
#12153=DIRECTION('',(-0.809016994374948,-0.587785252292473,-2.85951467076501E-17));
#12154=DIRECTION('',(5.55111512312578E-17,-2.77555756156289E-17,-1.));
#12155=DIRECTION('',(-0.809016994374948,-0.587785252292473,-2.85951467076501E-17));
#12156=DIRECTION('',(-0.199208058848691,-0.979957218091553,-1.28248574533389E-17));
#12157=DIRECTION('',(-0.977698258110881,0.210014561606927,-5.34435963298957E-17));
#12158=DIRECTION('',(-5.88784672006416E-17,-1.96261557335472E-17,1.));
#12159=DIRECTION('',(-0.707106781186548,-0.707106781186547,-5.55111512312578E-17));
#12160=DIRECTION('',(-0.977698258110881,0.210014561606927,-5.34435963298957E-17));
#12161=DIRECTION('',(5.88784672006416E-17,1.96261557335472E-17,-1.));
#12162=DIRECTION('',(-0.707106781186548,-0.707106781186547,-5.55111512312578E-17));
#12163=DIRECTION('',(0.11336531168413,-0.993553373557133,-1.28248574533389E-17));
#12164=DIRECTION('',(-0.998514685751931,0.0544832298760198,-5.69409131340149E-17));
#12165=DIRECTION('',(0.96358684093392,0.267395587059676,4.60680964156125E-17));
#12166=DIRECTION('',(-0.267395587059676,0.96358684093392,-5.44132017509459E-17));
#12167=DIRECTION('',(0.267395587059676,-0.96358684093392,4.1588344297607E-17));
#12168=DIRECTION('',(0.267395587059676,-0.96358684093392,4.1588344297607E-17));
#12169=DIRECTION('',(5.55111512312578E-17,-2.77555756156289E-17,-1.));
#12170=DIRECTION('',(-0.0544832298760198,-0.998514685751931,2.46899230504885E-17));
#12171=DIRECTION('',(0.998514685751931,-0.0544832298760198,3.49731680411916E-18));
#12172=DIRECTION('',(-0.998514685751931,0.0544832298760198,-5.69409131340149E-17));
#12173=DIRECTION('',(5.55111512312578E-17,-2.77555756156289E-17,-1.));
#12174=DIRECTION('',(5.55111512312578E-17,-2.77555756156289E-17,-1.));
#12175=DIRECTION('',(-0.587785252292474,-0.809016994374947,-1.01739036698079E-17));
#12176=DIRECTION('',(5.55111512312578E-17,-2.77555756156289E-17,-1.));
#12177=DIRECTION('',(-0.587785252292474,-0.809016994374947,-1.01739036698079E-17));
#12178=DIRECTION('',(5.55111512312578E-17,-2.77555756156289E-17,-1.));
#12179=DIRECTION('',(-0.587785252292474,-0.809016994374947,-1.01739036698079E-17));
#12180=DIRECTION('',(0.11336531168413,-0.993553373557133,-1.28248574533389E-17));
#12181=DIRECTION('',(-0.994744367949519,-0.102389659793908,-5.34435963298957E-17));
#12182=DIRECTION('',(-4.99319342447253E-17,-3.68600302679597E-17,1.));
#12183=DIRECTION('',(-0.453990499739548,-0.891006524188367,-5.55111512312578E-17));
#12184=DIRECTION('',(-0.994744367949519,-0.102389659793908,-5.34435963298957E-17));
#12185=DIRECTION('',(4.99319342447253E-17,3.68600302679597E-17,-1.));
#12186=DIRECTION('',(-0.453990499739548,-0.891006524188367,-5.55111512312578E-17));
#12187=DIRECTION('',(0.414841695646737,-0.909893602325536,-1.28248574533389E-17));
#12188=DIRECTION('',(-0.966480142440908,-0.256741376227911,-4.65244206674904E-17));
#12189=DIRECTION('',(0.833795763464161,0.552073024906323,3.09618581335047E-17));
#12190=DIRECTION('',(-0.552073024906323,0.833795763464161,-6.66135479904323E-17));
#12191=DIRECTION('',(0.552073024906323,-0.833795763464161,5.37886905370934E-17));
#12192=DIRECTION('',(0.552073024906323,-0.833795763464161,5.37886905370934E-17));
#12193=DIRECTION('',(5.55111512312578E-17,-2.77555756156289E-17,-1.));
#12194=DIRECTION('',(0.256741376227911,-0.966480142440908,4.10772220376313E-17));
#12195=DIRECTION('',(0.966480142440908,0.256741376227911,-6.91917566240527E-18));
#12196=DIRECTION('',(-0.966480142440908,-0.256741376227911,-4.65244206674904E-17));
#12197=DIRECTION('',(5.55111512312578E-17,-2.77555756156289E-17,-1.));
#12198=DIRECTION('',(5.55111512312578E-17,-2.77555756156289E-17,-1.));
#12199=DIRECTION('',(-0.309016994374948,-0.951056516295153,9.24323194499023E-18));
#12200=DIRECTION('',(5.55111512312578E-17,-2.77555756156289E-17,-1.));
#12201=DIRECTION('',(-0.309016994374948,-0.951056516295153,9.24323194499023E-18));
#12202=DIRECTION('',(5.55111512312578E-17,-2.77555756156289E-17,-1.));
#12203=DIRECTION('',(-0.309016994374948,-0.951056516295153,9.24323194499023E-18));
#12204=DIRECTION('',(0.414841695646737,-0.909893602325536,-1.28248574533389E-17));
#12205=DIRECTION('',(-0.914417968261707,-0.404771267903407,-5.34435963298957E-17));
#12206=DIRECTION('',(-3.60977156686926E-17,-5.04857882208122E-17,1.));
#12207=DIRECTION('',(-0.156434465040232,-0.987688340595138,-5.55111512312578E-17));
#12208=DIRECTION('',(-0.914417968261707,-0.404771267903407,-5.34435963298957E-17));
#12209=DIRECTION('',(3.60977156686926E-17,5.04857882208122E-17,-1.));
#12210=DIRECTION('',(-0.156434465040232,-0.987688340595138,-5.55111512312578E-17));
#12211=DIRECTION('',(0.675710484067391,-0.73716710569681,-1.28248574533389E-17));
#12212=DIRECTION('',(-0.839839788924657,-0.542834347604301,-3.15537937513326E-17));
#12213=DIRECTION('',(0.622386947269845,0.782709708556194,1.2824857453339E-17));
#12214=DIRECTION('',(-0.782709708556194,0.622386947269845,-7.35486824323042E-17));
#12215=DIRECTION('',(0.782709708556194,-0.622386947269845,6.07238249789653E-17));
#12216=DIRECTION('',(0.782709708556194,-0.622386947269845,6.07238249789653E-17));
#12217=DIRECTION('',(5.55111512312578E-17,-2.77555756156289E-17,-1.));
#12218=DIRECTION('',(0.542834347604301,-0.839839788924657,5.34435963298957E-17));
#12219=DIRECTION('',(0.839839788924657,0.542834347604301,-2.18898025785632E-17));
#12220=DIRECTION('',(-0.839839788924657,-0.542834347604301,-3.15537937513326E-17));
#12221=DIRECTION('',(5.55111512312578E-17,-2.77555756156289E-17,-1.));
#12222=DIRECTION('',(5.55111512312578E-17,-2.77555756156289E-17,-1.));
#12223=DIRECTION('',(-1.17145536458252E-15,-1.,2.77555756156288E-17));
#12224=DIRECTION('',(5.55111512312578E-17,-2.77555756156289E-17,-1.));
#12225=DIRECTION('',(-1.17145536458252E-15,-1.,2.77555756156288E-17));
#12226=DIRECTION('',(5.55111512312578E-17,-2.77555756156289E-17,-1.));
#12227=DIRECTION('',(-1.17145536458252E-15,-1.,2.77555756156288E-17));
#12228=DIRECTION('',(0.675710484067391,-0.73716710569681,-1.28248574533389E-17));
#12229=DIRECTION('',(-0.744581966715824,-0.667531044103265,-5.34435963298957E-17));
#12230=DIRECTION('',(-1.87300011754343E-17,-5.91696454674413E-17,1.));
#12231=DIRECTION('',(0.15643446504023,-0.987688340595138,-5.55111512312578E-17));
#12232=DIRECTION('',(-0.744581966715824,-0.667531044103265,-5.34435963298957E-17));
#12233=DIRECTION('',(1.87300011754343E-17,5.91696454674413E-17,-1.));
#12234=DIRECTION('',(0.15643446504023,-0.987688340595138,-5.55111512312578E-17));
#12235=DIRECTION('',(0.870436022355752,-0.492281556617244,-1.28248574533389E-17));
#12236=DIRECTION('',(-0.630990065360576,-0.775790910887886,-1.34944616545858E-17));
#12237=DIRECTION('',(0.350054560251909,0.936729312473375,-6.5675296303957E-18));
#12238=DIRECTION('',(-0.936729312473375,0.350054560251909,-7.45397457974682E-17));
#12239=DIRECTION('',(0.936729312473375,-0.350054560251909,6.17148883441293E-17));
#12240=DIRECTION('',(0.936729312473375,-0.350054560251909,6.17148883441293E-17));
#12241=DIRECTION('',(5.55111512312578E-17,-2.77555756156289E-17,-1.));
#12242=DIRECTION('',(0.775790910887886,-0.630990065360576,6.05785390499588E-17));
#12243=DIRECTION('',(0.630990065360576,0.775790910887886,-3.99491346753099E-17));
#12244=DIRECTION('',(-0.630990065360576,-0.775790910887886,-1.34944616545858E-17));
#12245=DIRECTION('',(5.55111512312578E-17,-2.77555756156289E-17,-1.));
#12246=DIRECTION('',(5.55111512312578E-17,-2.77555756156289E-17,-1.));
#12247=DIRECTION('',(0.309016994374946,-0.951056516295154,4.35510101605431E-17));
#12248=DIRECTION('',(5.55111512312578E-17,-2.77555756156289E-17,-1.));
#12249=DIRECTION('',(0.309016994374946,-0.951056516295154,4.35510101605431E-17));
#12250=DIRECTION('',(5.55111512312578E-17,-2.77555756156289E-17,-1.));
#12251=DIRECTION('',(0.309016994374946,-0.951056516295154,4.35510101605431E-17));
#12252=DIRECTION('',(0.870436022355752,-0.492281556617244,-1.28248574533389E-17));
#12253=DIRECTION('',(-0.501861094460185,-0.864948230744029,-5.34435963298957E-17));
#12254=DIRECTION('',(4.71136332467267E-19,-6.2061565556556E-17,1.));
#12255=DIRECTION('',(0.453990499739545,-0.891006524188369,-5.55111512312578E-17));
#12256=DIRECTION('',(-0.501861094460185,-0.864948230744029,-5.34435963298957E-17));
#12257=DIRECTION('',(-4.71136332467267E-19,6.2061565556556E-17,-1.));
#12258=DIRECTION('',(0.453990499739545,-0.891006524188369,-5.55111512312578E-17));
#12259=DIRECTION('',(0.979957218091553,-0.199208058848693,-1.28248574533389E-17));
#12260=DIRECTION('',(-0.360374637832703,-0.932807654560654,5.88580237035473E-18));
#12261=DIRECTION('',(0.0434563939029792,0.999055324708772,-2.53170411552376E-17));
#12262=DIRECTION('',(-0.999055324708772,0.0434563939029792,-6.94897258985976E-17));
#12263=DIRECTION('',(0.999055324708772,-0.0434563939029792,5.66648684452587E-17));
#12264=DIRECTION('',(0.999055324708772,-0.0434563939029792,5.66648684452587E-17));
#12265=DIRECTION('',(5.55111512312578E-17,-2.77555756156289E-17,-1.));
#12266=DIRECTION('',(0.932807654560654,-0.360374637832703,6.17836322923119E-17));
#12267=DIRECTION('',(0.360374637832703,0.932807654560654,-5.93293987002504E-17));
#12268=DIRECTION('',(-0.360374637832703,-0.932807654560654,5.88580237035473E-18));
#12269=DIRECTION('',(5.55111512312578E-17,-2.77555756156289E-17,-1.));
#12270=DIRECTION('',(5.55111512312578E-17,-2.77555756156289E-17,-1.));
#12271=DIRECTION('',(0.587785252292472,-0.809016994374949,5.50833683932132E-17));
#12272=DIRECTION('',(5.55111512312578E-17,-2.7755575615629E-17,-1.));
#12273=DIRECTION('',(0.587785252292472,-0.809016994374949,5.50833683932132E-17));
#12274=DIRECTION('',(5.55111512312578E-17,-2.7755575615629E-17,-1.));
#12275=DIRECTION('',(0.587785252292472,-0.809016994374949,5.50833683932132E-17));
#12276=DIRECTION('',(0.979957218091553,-0.199208058848693,-1.28248574533389E-17));
#12277=DIRECTION('',(-0.210014561606928,-0.977698258110881,-5.34435963298957E-17));
#12278=DIRECTION('',(1.96261557335471E-17,-5.88784672006416E-17,1.));
#12279=DIRECTION('',(0.707106781186546,-0.707106781186549,-5.55111512312578E-17));
#12280=DIRECTION('',(-0.210014561606928,-0.977698258110881,-5.34435963298957E-17));
#12281=DIRECTION('',(-1.96261557335471E-17,5.88784672006416E-17,-1.));
#12282=DIRECTION('',(0.707106781186546,-0.707106781186549,-5.55111512312578E-17));
#12283=DIRECTION('',(0.993553373557133,0.113365311684129,-1.28248574533389E-17));
#12284=DIRECTION('',(-0.054483229876021,-0.998514685751931,2.46899230504885E-17));
#12285=DIRECTION('',(-0.267395587059674,0.96358684093392,-4.1588344297607E-17));
#12286=DIRECTION('',(-0.96358684093392,-0.267395587059674,-5.88929538689514E-17));
#12287=DIRECTION('',(0.96358684093392,0.267395587059674,4.60680964156125E-17));
#12288=DIRECTION('',(0.96358684093392,0.267395587059674,4.60680964156125E-17));
#12289=DIRECTION('',(5.55111512312578E-17,-2.77555756156289E-17,-1.));
#12290=DIRECTION('',(0.998514685751931,-0.054483229876021,5.69409131340149E-17));
#12291=DIRECTION('',(0.054483229876021,0.998514685751931,-7.81335193803842E-17));
#12292=DIRECTION('',(-0.054483229876021,-0.998514685751931,2.46899230504885E-17));
#12293=DIRECTION('',(5.55111512312578E-17,-2.77555756156289E-17,-1.));
#12294=DIRECTION('',(5.55111512312578E-17,-2.77555756156289E-17,-1.));
#12295=DIRECTION('',(0.809016994374946,-0.587785252292475,6.12237827391606E-17));
#12296=DIRECTION('',(5.55111512312578E-17,-2.77555756156289E-17,-1.));
#12297=DIRECTION('',(0.809016994374946,-0.587785252292475,6.12237827391606E-17));
#12298=DIRECTION('',(5.55111512312578E-17,-2.77555756156289E-17,-1.));
#12299=DIRECTION('',(0.809016994374946,-0.587785252292475,6.12237827391606E-17));
#12300=DIRECTION('',(0.993553373557133,0.113365311684129,-1.28248574533389E-17));
#12301=DIRECTION('',(0.102389659793907,-0.994744367949519,-5.34435963298957E-17));
#12302=DIRECTION('',(3.68600302679596E-17,-4.99319342447253E-17,1.));
#12303=DIRECTION('',(0.891006524188367,-0.453990499739549,-5.55111512312578E-17));
#12304=DIRECTION('',(0.102389659793907,-0.994744367949519,-5.34435963298957E-17));
#12305=DIRECTION('',(-3.68600302679596E-17,4.99319342447253E-17,-1.));
#12306=DIRECTION('',(0.891006524188367,-0.453990499739549,-5.55111512312578E-17));
#12307=DIRECTION('',(0.909893602325536,0.414841695646736,-1.28248574533389E-17));
#12308=DIRECTION('',(0.25674137622791,-0.966480142440909,4.10772220376312E-17));
#12309=DIRECTION('',(-0.552073024906322,0.833795763464161,-5.37886905370934E-17));
#12310=DIRECTION('',(-0.833795763464161,-0.552073024906322,-4.37867155868436E-17));
#12311=DIRECTION('',(0.833795763464161,0.552073024906322,3.09618581335047E-17));
#12312=DIRECTION('',(0.833795763464161,0.552073024906322,3.09618581335047E-17));
#12313=DIRECTION('',(5.55111512312578E-17,-2.77555756156289E-17,-1.));
#12314=DIRECTION('',(0.966480142440909,0.25674137622791,4.65244206674905E-17));
#12315=DIRECTION('',(-0.25674137622791,0.966480142440909,-9.45208183675269E-17));
#12316=DIRECTION('',(0.25674137622791,-0.966480142440909,4.10772220376312E-17));
#12317=DIRECTION('',(5.55111512312578E-17,-2.77555756156289E-17,-1.));
#12318=DIRECTION('',(5.55111512312578E-17,-2.77555756156289E-17,-1.));
#12319=DIRECTION('',(0.951056516295153,-0.30901699437495,6.13711866594217E-17));
#12320=DIRECTION('',(5.55111512312578E-17,-2.77555756156289E-17,-1.));
#12321=DIRECTION('',(0.951056516295153,-0.30901699437495,6.13711866594217E-17));
#12322=DIRECTION('',(5.55111512312578E-17,-2.77555756156289E-17,-1.));
#12323=DIRECTION('',(0.951056516295153,-0.30901699437495,6.13711866594217E-17));
#12324=DIRECTION('',(0.909893602325536,0.414841695646736,-1.28248574533389E-17));
#12325=DIRECTION('',(0.404771267903406,-0.914417968261708,-5.34435963298957E-17));
#12326=DIRECTION('',(5.04857882208121E-17,-3.60977156686927E-17,1.));
#12327=DIRECTION('',(0.987688340595137,-0.156434465040233,-5.55111512312578E-17));
#12328=DIRECTION('',(0.404771267903406,-0.914417968261708,-5.34435963298957E-17));
#12329=DIRECTION('',(-5.04857882208121E-17,3.60977156686927E-17,-1.));
#12330=DIRECTION('',(0.987688340595137,-0.156434465040233,-5.55111512312578E-17));
#12331=DIRECTION('',(0.737167105696811,0.67571048406739,-1.28248574533389E-17));
#12332=DIRECTION('',(0.5428343476043,-0.839839788924658,5.34435963298956E-17));
#12333=DIRECTION('',(-0.782709708556194,0.622386947269846,-6.07238249789653E-17));
#12334=DIRECTION('',(-0.622386947269846,-0.782709708556194,-2.56497149066779E-17));
#12335=DIRECTION('',(0.622386947269846,0.782709708556194,1.2824857453339E-17));
#12336=DIRECTION('',(0.622386947269846,0.782709708556194,1.2824857453339E-17));
#12337=DIRECTION('',(5.55111512312578E-17,-2.77555756156289E-17,-1.));
#12338=DIRECTION('',(0.839839788924658,0.5428343476043,3.15537937513326E-17));
#12339=DIRECTION('',(-0.5428343476043,0.839839788924658,-1.06887192659791E-16));
#12340=DIRECTION('',(0.5428343476043,-0.839839788924658,5.34435963298956E-17));
#12341=DIRECTION('',(5.55111512312578E-17,-2.77555756156289E-17,-1.));
#12342=DIRECTION('',(5.55111512312578E-17,-2.77555756156289E-17,-1.));
#12343=DIRECTION('',(1.,-2.34291072916505E-15,5.55111512312579E-17));
#12344=DIRECTION('',(5.55111512312578E-17,-2.77555756156289E-17,-1.));
#12345=DIRECTION('',(1.,-2.34291072916505E-15,5.55111512312579E-17));
#12346=DIRECTION('',(5.55111512312578E-17,-2.77555756156289E-17,-1.));
#12347=DIRECTION('',(1.,-2.34291072916505E-15,5.55111512312579E-17));
#12348=DIRECTION('',(0.737167105696811,0.67571048406739,-1.28248574533389E-17));
#12349=DIRECTION('',(0.667531044103264,-0.744581966715825,-5.34435963298957E-17));
#12350=DIRECTION('',(5.91696454674413E-17,-1.87300011754344E-17,1.));
#12351=DIRECTION('',(0.987688340595138,0.156434465040228,-5.55111512312578E-17));
#12352=DIRECTION('',(0.667531044103264,-0.744581966715825,-5.34435963298957E-17));
#12353=DIRECTION('',(-5.91696454674413E-17,1.87300011754344E-17,-1.));
#12354=DIRECTION('',(0.987688340595138,0.156434465040228,-5.55111512312578E-17));
#12355=DIRECTION('',(0.492281556617245,0.870436022355751,-1.28248574533389E-17));
#12356=DIRECTION('',(0.775790910887886,-0.630990065360577,6.05785390499588E-17));
#12357=DIRECTION('',(-0.936729312473375,0.35005456025191,-6.17148883441293E-17));
#12358=DIRECTION('',(-0.35005456025191,-0.936729312473375,-6.25732782294326E-18));
#12359=DIRECTION('',(0.35005456025191,0.936729312473375,-6.56752963039563E-18));
#12360=DIRECTION('',(0.35005456025191,0.936729312473375,-6.56752963039563E-18));
#12361=DIRECTION('',(5.55111512312578E-17,-2.77555756156289E-17,-1.));
#12362=DIRECTION('',(0.630990065360577,0.775790910887886,1.34944616545859E-17));
#12363=DIRECTION('',(-0.775790910887886,0.630990065360577,-1.14022135379855E-16));
#12364=DIRECTION('',(0.775790910887886,-0.630990065360577,6.05785390499588E-17));
#12365=DIRECTION('',(5.55111512312578E-17,-2.77555756156289E-17,-1.));
#12366=DIRECTION('',(5.55111512312578E-17,-2.77555756156289E-17,-1.));
#12367=DIRECTION('',(0.951056516295154,0.309016994374945,4.42172975516454E-17));
#12368=DIRECTION('',(5.55111512312578E-17,-2.77555756156289E-17,-1.));
#12369=DIRECTION('',(0.951056516295154,0.309016994374945,4.42172975516454E-17));
#12370=DIRECTION('',(5.55111512312578E-17,-2.77555756156289E-17,-1.));
#12371=DIRECTION('',(0.951056516295154,0.309016994374945,4.42172975516454E-17));
#12372=DIRECTION('',(0.492281556617245,0.870436022355751,-1.28248574533389E-17));
#12373=DIRECTION('',(0.864948230744028,-0.501861094460186,-5.34435963298957E-17));
#12374=DIRECTION('',(6.2061565556556E-17,4.71136332467193E-19,1.));
#12375=DIRECTION('',(0.891006524188369,0.453990499739544,-5.55111512312578E-17));
#12376=DIRECTION('',(0.864948230744028,-0.501861094460186,-5.34435963298957E-17));
#12377=DIRECTION('',(-6.2061565556556E-17,-4.71136332467193E-19,-1.));
#12378=DIRECTION('',(0.891006524188369,0.453990499739544,-5.55111512312578E-17));
#12379=DIRECTION('',(0.199208058848694,0.979957218091553,-1.28248574533389E-17));
#12380=DIRECTION('',(0.932807654560653,-0.360374637832705,6.17836322923118E-17));
#12381=DIRECTION('',(-0.999055324708772,0.0434563939029805,-5.66648684452587E-17));
#12382=DIRECTION('',(-0.0434563939029805,-0.999055324708772,1.24921837018986E-17));
#12383=DIRECTION('',(0.0434563939029805,0.999055324708772,-2.53170411552375E-17));
#12384=DIRECTION('',(0.0434563939029805,0.999055324708772,-2.53170411552375E-17));
#12385=DIRECTION('',(5.55111512312578E-17,-2.77555756156289E-17,-1.));
#12386=DIRECTION('',(0.360374637832705,0.932807654560653,-5.8858023703546E-18));
#12387=DIRECTION('',(-0.932807654560653,0.360374637832705,-1.15227228622208E-16));
#12388=DIRECTION('',(0.932807654560653,-0.360374637832705,6.17836322923118E-17));
#12389=DIRECTION('',(5.55111512312578E-17,-2.77555756156289E-17,-1.));
#12390=DIRECTION('',(5.55111512312578E-17,-2.77555756156289E-17,-1.));
#12391=DIRECTION('',(0.809016994374949,0.58778525229247,2.85951467076503E-17));
#12392=DIRECTION('',(5.55111512312578E-17,-2.77555756156289E-17,-1.));
#12393=DIRECTION('',(0.809016994374949,0.58778525229247,2.85951467076503E-17));
#12394=DIRECTION('',(5.55111512312578E-17,-2.77555756156289E-17,-1.));
#12395=DIRECTION('',(0.809016994374949,0.58778525229247,2.85951467076503E-17));
#12396=DIRECTION('',(0.199208058848694,0.979957218091553,-1.28248574533389E-17));
#12397=DIRECTION('',(0.97769825811088,-0.21001456160693,-5.34435963298957E-17));
#12398=DIRECTION('',(5.88784672006416E-17,1.9626155733547E-17,1.));
#12399=DIRECTION('',(0.70710678118655,0.707106781186545,-5.55111512312578E-17));
#12400=DIRECTION('',(0.97769825811088,-0.21001456160693,-5.34435963298957E-17));
#12401=DIRECTION('',(-5.88784672006416E-17,-1.9626155733547E-17,-1.));
#12402=DIRECTION('',(0.70710678118655,0.707106781186545,-5.55111512312578E-17));
#12403=DIRECTION('',(-0.113365311684127,0.993553373557133,-1.28248574533389E-17));
#12404=DIRECTION('',(0.998514685751931,-0.0544832298760228,5.69409131340149E-17));
#12405=DIRECTION('',(-0.963586840933921,-0.267395587059673,-4.60680964156126E-17));
#12406=DIRECTION('',(0.267395587059673,-0.963586840933921,2.8763486844268E-17));
#12407=DIRECTION('',(-0.267395587059673,0.963586840933921,-4.15883442976069E-17));
#12408=DIRECTION('',(-0.267395587059673,0.963586840933921,-4.15883442976069E-17));
#12409=DIRECTION('',(5.55111512312578E-17,-2.77555756156289E-17,-1.));
#12410=DIRECTION('',(0.0544832298760228,0.998514685751931,-2.46899230504884E-17));
#12411=DIRECTION('',(-0.998514685751931,0.0544832298760228,-1.10384509463911E-16));
#12412=DIRECTION('',(0.998514685751931,-0.0544832298760228,5.69409131340149E-17));
#12413=DIRECTION('',(5.55111512312578E-17,-2.77555756156289E-17,-1.));
#12414=DIRECTION('',(5.55111512312578E-17,-2.77555756156289E-17,-1.));
#12415=DIRECTION('',(0.587785252292476,0.809016994374945,1.0173903669808E-17));
#12416=DIRECTION('',(5.55111512312578E-17,-2.77555756156289E-17,-1.));
#12417=DIRECTION('',(0.587785252292476,0.809016994374945,1.0173903669808E-17));
#12418=DIRECTION('',(5.55111512312578E-17,-2.77555756156289E-17,-1.));
#12419=DIRECTION('',(0.587785252292476,0.809016994374945,1.0173903669808E-17));
#12420=DIRECTION('',(-0.113365311684127,0.993553373557133,-1.28248574533389E-17));
#12421=DIRECTION('',(0.994744367949519,0.102389659793905,-5.34435963298957E-17));
#12422=DIRECTION('',(4.99319342447254E-17,3.68600302679595E-17,1.));
#12423=DIRECTION('',(0.45399049973955,0.891006524188366,-5.55111512312578E-17));
#12424=DIRECTION('',(0.994744367949519,0.102389659793905,-5.34435963298957E-17));
#12425=DIRECTION('',(-4.99319342447254E-17,-3.68600302679595E-17,-1.));
#12426=DIRECTION('',(0.45399049973955,0.891006524188366,-5.55111512312578E-17));
#12427=DIRECTION('',(-0.414841695646735,0.909893602325537,-1.28248574533389E-17));
#12428=DIRECTION('',(0.966480142440909,0.256741376227908,4.65244206674906E-17));
#12429=DIRECTION('',(-0.833795763464162,-0.552073024906321,-3.09618581335048E-17));
#12430=DIRECTION('',(0.552073024906321,-0.833795763464162,4.09638330837544E-17));
#12431=DIRECTION('',(-0.552073024906321,0.833795763464162,-5.37886905370933E-17));
#12432=DIRECTION('',(-0.552073024906321,0.833795763464162,-5.37886905370933E-17));
#12433=DIRECTION('',(5.55111512312578E-17,-2.77555756156289E-17,-1.));
#12434=DIRECTION('',(-0.256741376227908,0.966480142440909,-4.10772220376311E-17));
#12435=DIRECTION('',(-0.966480142440909,-0.256741376227908,-9.99680169973863E-17));
#12436=DIRECTION('',(0.966480142440909,0.256741376227908,4.65244206674906E-17));
#12437=DIRECTION('',(5.55111512312578E-17,-2.77555756156289E-17,-1.));
#12438=DIRECTION('',(5.55111512312578E-17,-2.77555756156289E-17,-1.));
#12439=DIRECTION('',(0.309016994374951,0.951056516295152,-9.24323194499006E-18));
#12440=DIRECTION('',(5.55111512312578E-17,-2.77555756156289E-17,-1.));
#12441=DIRECTION('',(0.309016994374951,0.951056516295152,-9.24323194499006E-18));
#12442=DIRECTION('',(5.55111512312578E-17,-2.77555756156289E-17,-1.));
#12443=DIRECTION('',(0.309016994374951,0.951056516295152,-9.24323194499006E-18));
#12444=DIRECTION('',(-0.414841695646735,0.909893602325537,-1.28248574533389E-17));
#12445=DIRECTION('',(0.914417968261708,0.404771267903404,-5.34435963298957E-17));
#12446=DIRECTION('',(3.60977156686927E-17,5.04857882208121E-17,1.));
#12447=DIRECTION('',(0.156434465040235,0.987688340595137,-5.55111512312578E-17));
#12448=DIRECTION('',(0.914417968261708,0.404771267903404,-5.34435963298957E-17));
#12449=DIRECTION('',(-3.60977156686927E-17,-5.04857882208121E-17,-1.));
#12450=DIRECTION('',(0.156434465040235,0.987688340595137,-5.55111512312578E-17));
#12451=DIRECTION('',(-0.675710484067389,0.737167105696812,-1.28248574533389E-17));
#12452=DIRECTION('',(0.839839788924659,0.542834347604299,3.15537937513327E-17));
#12453=DIRECTION('',(-0.622386947269847,-0.782709708556193,-1.28248574533391E-17));
#12454=DIRECTION('',(0.782709708556193,-0.622386947269847,4.78989675256264E-17));
#12455=DIRECTION('',(-0.782709708556193,0.622386947269847,-6.07238249789653E-17));
#12456=DIRECTION('',(-0.782709708556193,0.622386947269847,-6.07238249789653E-17));
#12457=DIRECTION('',(5.55111512312578E-17,-2.77555756156289E-17,-1.));
#12458=DIRECTION('',(-0.542834347604299,0.839839788924659,-5.34435963298956E-17));
#12459=DIRECTION('',(-0.839839788924659,-0.542834347604299,-8.49973900812284E-17));
#12460=DIRECTION('',(0.839839788924659,0.542834347604299,3.15537937513327E-17));
#12461=DIRECTION('',(5.55111512312578E-17,-2.77555756156289E-17,-1.));
#12462=DIRECTION('',(5.55111512312578E-17,-2.77555756156289E-17,-1.));
#12463=DIRECTION('',(3.7364106986726E-15,1.,-2.77555756156287E-17));
#12464=DIRECTION('',(5.55111512312578E-17,-2.77555756156289E-17,-1.));
#12465=DIRECTION('',(3.7364106986726E-15,1.,-2.77555756156287E-17));
#12466=DIRECTION('',(5.55111512312578E-17,-2.77555756156289E-17,-1.));
#12467=DIRECTION('',(3.7364106986726E-15,1.,-2.77555756156287E-17));
#12468=DIRECTION('',(-0.675710484067389,0.737167105696812,-1.28248574533389E-17));
#12469=DIRECTION('',(0.744581966715826,0.667531044103263,-5.34435963298957E-17));
#12470=DIRECTION('',(1.87300011754344E-17,5.91696454674413E-17,1.));
#12471=DIRECTION('',(-0.156434465040227,0.987688340595138,-5.55111512312578E-17));
#12472=DIRECTION('',(0.744581966715826,0.667531044103263,-5.34435963298957E-17));
#12473=DIRECTION('',(-1.87300011754344E-17,-5.91696454674413E-17,-1.));
#12474=DIRECTION('',(-0.156434465040227,0.987688340595138,-5.55111512312578E-17));
#12475=DIRECTION('',(-0.870436022355751,0.492281556617246,-1.28248574533389E-17));
#12476=DIRECTION('',(0.630990065360577,0.775790910887885,1.3494461654586E-17));
#12477=DIRECTION('',(-0.350054560251911,-0.936729312473375,6.56752963039555E-18));
#12478=DIRECTION('',(0.936729312473375,-0.350054560251911,4.88900308907904E-17));
#12479=DIRECTION('',(-0.936729312473375,0.350054560251911,-6.17148883441293E-17));
#12480=DIRECTION('',(-0.936729312473375,0.350054560251911,-6.17148883441293E-17));
#12481=DIRECTION('',(5.55111512312578E-17,-2.77555756156289E-17,-1.));
#12482=DIRECTION('',(-0.775790910887885,0.630990065360577,-6.05785390499588E-17));
#12483=DIRECTION('',(-0.630990065360577,-0.775790910887885,-6.69380579844817E-17));
#12484=DIRECTION('',(0.630990065360577,0.775790910887885,1.3494461654586E-17));
#12485=DIRECTION('',(5.55111512312578E-17,-2.77555756156289E-17,-1.));
#12486=DIRECTION('',(5.55111512312578E-17,-2.77555756156289E-17,-1.));
#12487=DIRECTION('',(-0.309016994374944,0.951056516295155,-4.3551010160543E-17));
#12488=DIRECTION('',(5.55111512312578E-17,-2.77555756156289E-17,-1.));
#12489=DIRECTION('',(-0.309016994374944,0.951056516295155,-4.3551010160543E-17));
#12490=DIRECTION('',(5.55111512312578E-17,-2.77555756156289E-17,-1.));
#12491=DIRECTION('',(-0.309016994374944,0.951056516295155,-4.3551010160543E-17));
#12492=DIRECTION('',(-0.870436022355751,0.492281556617246,-1.28248574533389E-17));
#12493=DIRECTION('',(0.501861094460187,0.864948230744028,-5.34435963298957E-17));
#12494=DIRECTION('',(-4.71136332467131E-19,6.2061565556556E-17,1.));
#12495=DIRECTION('',(-0.453990499739543,0.89100652418837,-5.55111512312578E-17));
#12496=DIRECTION('',(0.501861094460187,0.864948230744028,-5.34435963298957E-17));
#12497=DIRECTION('',(4.71136332467131E-19,-6.2061565556556E-17,-1.));
#12498=DIRECTION('',(-0.453990499739543,0.89100652418837,-5.55111512312578E-17));
#12499=DIRECTION('',(-0.979957218091553,0.199208058848695,-1.28248574533389E-17));
#12500=DIRECTION('',(0.360374637832706,0.932807654560653,-5.88580237035456E-18));
#12501=DIRECTION('',(-0.0434563939029819,-0.999055324708772,2.53170411552375E-17));
#12502=DIRECTION('',(0.999055324708772,-0.0434563939029819,4.38400109919199E-17));
#12503=DIRECTION('',(-0.999055324708772,0.0434563939029819,-5.66648684452588E-17));
#12504=DIRECTION('',(-0.999055324708772,0.0434563939029819,-5.66648684452588E-17));
#12505=DIRECTION('',(5.55111512312578E-17,-2.77555756156289E-17,-1.));
#12506=DIRECTION('',(-0.932807654560653,0.360374637832706,-6.17836322923119E-17));
#12507=DIRECTION('',(-0.360374637832706,-0.932807654560653,-4.75577939595412E-17));
#12508=DIRECTION('',(0.360374637832706,0.932807654560653,-5.88580237035456E-18));
#12509=DIRECTION('',(5.55111512312578E-17,-2.77555756156289E-17,-1.));
#12510=DIRECTION('',(5.55111512312578E-17,-2.77555756156289E-17,-1.));
#12511=DIRECTION('',(-0.587785252292469,0.80901699437495,-5.50833683932131E-17));
#12512=DIRECTION('',(5.55111512312578E-17,-2.77555756156289E-17,-1.));
#12513=DIRECTION('',(-0.587785252292469,0.80901699437495,-5.50833683932131E-17));
#12514=DIRECTION('',(5.55111512312578E-17,-2.77555756156289E-17,-1.));
#12515=DIRECTION('',(-0.587785252292469,0.80901699437495,-5.50833683932131E-17));
#12516=DIRECTION('',(-0.979957218091553,0.199208058848695,-1.28248574533389E-17));
#12517=DIRECTION('',(0.210014561606931,0.97769825811088,-5.34435963298957E-17));
#12518=DIRECTION('',(-1.96261557335469E-17,5.88784672006417E-17,1.));
#12519=DIRECTION('',(-0.707106781186544,0.707106781186551,-5.55111512312578E-17));
#12520=DIRECTION('',(0.210014561606931,0.97769825811088,-5.34435963298957E-17));
#12521=DIRECTION('',(1.96261557335469E-17,-5.88784672006417E-17,-1.));
#12522=DIRECTION('',(-0.707106781186544,0.707106781186551,-5.55111512312578E-17));
#12523=DIRECTION('',(-0.993553373557134,-0.113365311684126,-1.28248574533389E-17));
#12524=DIRECTION('',(0.0544832298760237,0.99851468575193,-2.46899230504883E-17));
#12525=DIRECTION('',(0.267395587059672,-0.963586840933921,4.15883442976068E-17));
#12526=DIRECTION('',(0.963586840933921,0.267395587059672,3.32432389622738E-17));
#12527=DIRECTION('',(-0.963586840933921,-0.267395587059672,-4.60680964156127E-17));
#12528=DIRECTION('',(-0.963586840933921,-0.267395587059672,-4.60680964156127E-17));
#12529=DIRECTION('',(5.55111512312578E-17,-2.77555756156289E-17,-1.));
#12530=DIRECTION('',(-0.99851468575193,0.0544832298760237,-5.6940913134015E-17));
#12531=DIRECTION('',(-0.0544832298760237,-0.99851468575193,-2.87536732794074E-17));
#12532=DIRECTION('',(0.0544832298760237,0.99851468575193,-2.46899230504883E-17));
#12533=DIRECTION('',(5.55111512312578E-17,-2.77555756156289E-17,-1.));
#12534=DIRECTION('',(5.55111512312578E-17,-2.77555756156289E-17,-1.));
#12535=DIRECTION('',(-0.809016994374945,0.587785252292477,-6.12237827391606E-17));
#12536=DIRECTION('',(5.55111512312578E-17,-2.77555756156289E-17,-1.));
#12537=DIRECTION('',(-0.809016994374945,0.587785252292477,-6.12237827391606E-17));
#12538=DIRECTION('',(5.55111512312578E-17,-2.77555756156289E-17,-1.));
#12539=DIRECTION('',(-0.809016994374945,0.587785252292477,-6.12237827391606E-17));
#12540=DIRECTION('',(-0.993553373557134,-0.113365311684126,-1.28248574533389E-17));
#12541=DIRECTION('',(-0.102389659793904,0.994744367949519,-5.34435963298957E-17));
#12542=DIRECTION('',(-3.68600302679595E-17,4.99319342447254E-17,1.));
#12543=DIRECTION('',(-0.891006524188366,0.453990499739551,-5.55111512312578E-17));
#12544=DIRECTION('',(-0.102389659793904,0.994744367949519,-5.34435963298957E-17));
#12545=DIRECTION('',(3.68600302679595E-17,-4.99319342447254E-17,-1.));
#12546=DIRECTION('',(-0.891006524188366,0.453990499739551,-5.55111512312578E-17));
#12547=DIRECTION('',(-0.909893602325537,-0.414841695646734,-1.28248574533389E-17));
#12548=DIRECTION('',(-0.256741376227907,0.96648014244091,-4.10772220376311E-17));
#12549=DIRECTION('',(0.55207302490632,-0.833795763464163,5.37886905370933E-17));
#12550=DIRECTION('',(0.833795763464163,0.55207302490632,1.8137000680166E-17));
#12551=DIRECTION('',(-0.833795763464163,-0.55207302490632,-3.09618581335049E-17));
#12552=DIRECTION('',(5.55111512312578E-17,-2.77555756156289E-17,-1.));
#12553=DIRECTION('',(-0.96648014244091,-0.256741376227907,-4.65244206674906E-17));
#12554=DIRECTION('',(0.256741376227907,-0.96648014244091,-1.23663742922646E-17));
#12555=DIRECTION('',(-0.256741376227907,0.96648014244091,-4.10772220376311E-17));
#12556=DIRECTION('',(5.55111512312578E-17,-2.77555756156289E-17,-1.));
#12557=DIRECTION('',(5.55111512312578E-17,-2.77555756156289E-17,-1.));
#12558=DIRECTION('',(-0.951056516295152,0.309016994374952,-6.13711866594218E-17));
#12559=DIRECTION('',(5.55111512312578E-17,-2.77555756156289E-17,-1.));
#12560=DIRECTION('',(-0.951056516295152,0.309016994374952,-6.13711866594218E-17));
#12561=DIRECTION('',(5.55111512312578E-17,-2.77555756156289E-17,-1.));
#12562=DIRECTION('',(-0.951056516295152,0.309016994374952,-6.13711866594218E-17));
#12563=DIRECTION('',(-0.404771267903404,0.914417968261709,-5.34435963298957E-17));
#12564=DIRECTION('',(-0.909893602325537,-0.414841695646734,-1.28248574533389E-17));
#12565=DIRECTION('',(0.414841695646734,-0.909893602325537,6.07238249789653E-17));
#12566=DIRECTION('',(0.909893602325537,0.414841695646734,2.56497149066778E-17));
#12567=DIRECTION('',(-3.68600302679595E-17,4.99319342447254E-17,1.));
#12568=DIRECTION('',(-0.994744367949519,-0.102389659793904,-3.15537937513325E-17));
#12569=DIRECTION('',(0.102389659793904,-0.994744367949519,1.06887192659791E-16));
#12570=DIRECTION('',(-3.68600302679595E-17,4.99319342447254E-17,1.));
#12571=DIRECTION('',(-3.68600302679595E-17,4.99319342447254E-17,1.));
#12572=DIRECTION('',(-0.891006524188366,0.453990499739551,-5.55111512312578E-17));
#12573=DIRECTION('',(0.675710484067388,-0.737167105696813,6.07238249789653E-17));
#12574=DIRECTION('',(0.737167105696813,0.675710484067388,2.56497149066778E-17));
#12575=DIRECTION('',(-5.0485788220812E-17,3.60977156686928E-17,1.));
#12576=DIRECTION('',(-0.914417968261709,-0.404771267903404,-3.15537937513325E-17));
#12577=DIRECTION('',(0.404771267903404,-0.914417968261709,1.06887192659791E-16));
#12578=DIRECTION('',(-5.0485788220812E-17,3.60977156686928E-17,1.));
#12579=DIRECTION('',(-5.0485788220812E-17,3.60977156686928E-17,1.));
#12580=DIRECTION('',(-0.987688340595137,0.156434465040236,-5.55111512312578E-17));
#12581=DIRECTION('',(0.113365311684126,-0.993553373557134,6.07238249789653E-17));
#12582=DIRECTION('',(0.993553373557134,0.113365311684126,2.56497149066778E-17));
#12583=DIRECTION('',(-1.96261557335469E-17,5.88784672006417E-17,1.));
#12584=DIRECTION('',(-0.97769825811088,0.210014561606931,-3.15537937513325E-17));
#12585=DIRECTION('',(-0.210014561606931,-0.97769825811088,1.06887192659791E-16));
#12586=DIRECTION('',(-1.96261557335469E-17,5.88784672006417E-17,1.));
#12587=DIRECTION('',(-1.96261557335469E-17,5.88784672006417E-17,1.));
#12588=DIRECTION('',(-0.707106781186544,0.707106781186551,-5.55111512312578E-17));
#12589=DIRECTION('',(-0.199208058848695,-0.979957218091553,6.07238249789653E-17));
#12590=DIRECTION('',(0.979957218091553,-0.199208058848695,2.56497149066778E-17));
#12591=DIRECTION('',(-4.71136332467137E-19,6.2061565556556E-17,1.));
#12592=DIRECTION('',(-0.864948230744028,0.501861094460187,-3.15537937513325E-17));
#12593=DIRECTION('',(-0.501861094460187,-0.864948230744028,1.06887192659791E-16));
#12594=DIRECTION('',(-4.71136332467137E-19,6.2061565556556E-17,1.));
#12595=DIRECTION('',(-4.71136332467137E-19,6.2061565556556E-17,1.));
#12596=DIRECTION('',(-0.453990499739543,0.89100652418837,-5.55111512312578E-17));
#12597=DIRECTION('',(-0.492281556617246,-0.870436022355751,6.07238249789653E-17));
#12598=DIRECTION('',(0.870436022355751,-0.492281556617246,2.56497149066778E-17));
#12599=DIRECTION('',(1.87300011754344E-17,5.91696454674413E-17,1.));
#12600=DIRECTION('',(-0.667531044103263,0.744581966715826,-3.15537937513325E-17));
#12601=DIRECTION('',(-0.744581966715826,-0.667531044103263,1.06887192659791E-16));
#12602=DIRECTION('',(1.87300011754344E-17,5.91696454674413E-17,1.));
#12603=DIRECTION('',(1.87300011754344E-17,5.91696454674413E-17,1.));
#12604=DIRECTION('',(-0.156434465040227,0.987688340595138,-5.55111512312578E-17));
#12605=DIRECTION('',(-0.737167105696812,-0.675710484067389,6.07238249789653E-17));
#12606=DIRECTION('',(0.675710484067389,-0.737167105696812,2.56497149066778E-17));
#12607=DIRECTION('',(3.60977156686927E-17,5.04857882208121E-17,1.));
#12608=DIRECTION('',(-0.404771267903404,0.914417968261708,-3.15537937513325E-17));
#12609=DIRECTION('',(-0.914417968261708,-0.404771267903404,1.06887192659791E-16));
#12610=DIRECTION('',(3.60977156686927E-17,5.04857882208121E-17,1.));
#12611=DIRECTION('',(3.60977156686927E-17,5.04857882208121E-17,1.));
#12612=DIRECTION('',(0.156434465040235,0.987688340595137,-5.55111512312578E-17));
#12613=DIRECTION('',(-0.909893602325537,-0.414841695646735,6.07238249789653E-17));
#12614=DIRECTION('',(0.414841695646735,-0.909893602325537,2.56497149066778E-17));
#12615=DIRECTION('',(4.99319342447254E-17,3.68600302679595E-17,1.));
#12616=DIRECTION('',(-0.102389659793905,0.994744367949519,-3.15537937513325E-17));
#12617=DIRECTION('',(-0.994744367949519,-0.102389659793905,1.06887192659791E-16));
#12618=DIRECTION('',(4.99319342447254E-17,3.68600302679595E-17,1.));
#12619=DIRECTION('',(4.99319342447254E-17,3.68600302679595E-17,1.));
#12620=DIRECTION('',(0.45399049973955,0.891006524188366,-5.55111512312578E-17));
#12621=DIRECTION('',(-0.993553373557133,-0.113365311684127,6.07238249789653E-17));
#12622=DIRECTION('',(0.113365311684127,-0.993553373557133,2.56497149066778E-17));
#12623=DIRECTION('',(5.88784672006416E-17,1.9626155733547E-17,1.));
#12624=DIRECTION('',(0.21001456160693,0.97769825811088,-3.15537937513325E-17));
#12625=DIRECTION('',(-0.97769825811088,0.21001456160693,1.06887192659791E-16));
#12626=DIRECTION('',(5.88784672006416E-17,1.9626155733547E-17,1.));
#12627=DIRECTION('',(5.88784672006416E-17,1.9626155733547E-17,1.));
#12628=DIRECTION('',(0.70710678118655,0.707106781186545,-5.55111512312578E-17));
#12629=DIRECTION('',(-0.979957218091553,0.199208058848694,6.07238249789653E-17));
#12630=DIRECTION('',(-0.199208058848694,-0.979957218091553,2.56497149066778E-17));
#12631=DIRECTION('',(6.2061565556556E-17,4.71136332467199E-19,1.));
#12632=DIRECTION('',(0.501861094460186,0.864948230744028,-3.15537937513325E-17));
#12633=DIRECTION('',(-0.864948230744028,0.501861094460186,1.06887192659791E-16));
#12634=DIRECTION('',(6.2061565556556E-17,4.71136332467199E-19,1.));
#12635=DIRECTION('',(6.2061565556556E-17,4.71136332467199E-19,1.));
#12636=DIRECTION('',(0.891006524188369,0.453990499739544,-5.55111512312578E-17));
#12637=DIRECTION('',(-0.870436022355751,0.492281556617245,6.07238249789653E-17));
#12638=DIRECTION('',(-0.492281556617245,-0.870436022355751,2.56497149066778E-17));
#12639=DIRECTION('',(5.91696454674413E-17,-1.87300011754343E-17,1.));
#12640=DIRECTION('',(0.744581966715825,0.667531044103264,-3.15537937513325E-17));
#12641=DIRECTION('',(-0.667531044103264,0.744581966715825,1.06887192659791E-16));
#12642=DIRECTION('',(5.91696454674413E-17,-1.87300011754343E-17,1.));
#12643=DIRECTION('',(5.91696454674413E-17,-1.87300011754343E-17,1.));
#12644=DIRECTION('',(0.987688340595138,0.156434465040228,-5.55111512312578E-17));
#12645=DIRECTION('',(-0.67571048406739,0.737167105696811,6.07238249789653E-17));
#12646=DIRECTION('',(-0.737167105696811,-0.67571048406739,2.56497149066778E-17));
#12647=DIRECTION('',(5.04857882208121E-17,-3.60977156686927E-17,1.));
#12648=DIRECTION('',(0.914417968261708,0.404771267903406,-3.15537937513325E-17));
#12649=DIRECTION('',(-0.404771267903406,0.914417968261708,1.06887192659791E-16));
#12650=DIRECTION('',(5.04857882208121E-17,-3.60977156686927E-17,1.));
#12651=DIRECTION('',(5.04857882208121E-17,-3.60977156686927E-17,1.));
#12652=DIRECTION('',(0.987688340595137,-0.156434465040233,-5.55111512312578E-17));
#12653=DIRECTION('',(-0.414841695646736,0.909893602325536,6.07238249789653E-17));
#12654=DIRECTION('',(-0.909893602325536,-0.414841695646736,2.56497149066778E-17));
#12655=DIRECTION('',(3.68600302679596E-17,-4.99319342447253E-17,1.));
#12656=DIRECTION('',(0.994744367949519,0.102389659793907,-3.15537937513325E-17));
#12657=DIRECTION('',(-0.102389659793907,0.994744367949519,1.06887192659791E-16));
#12658=DIRECTION('',(3.68600302679596E-17,-4.99319342447253E-17,1.));
#12659=DIRECTION('',(3.68600302679596E-17,-4.99319342447253E-17,1.));
#12660=DIRECTION('',(0.891006524188367,-0.453990499739549,-5.55111512312578E-17));
#12661=DIRECTION('',(-0.113365311684129,0.993553373557133,6.07238249789653E-17));
#12662=DIRECTION('',(-0.993553373557133,-0.113365311684129,2.56497149066778E-17));
#12663=DIRECTION('',(1.96261557335471E-17,-5.88784672006416E-17,1.));
#12664=DIRECTION('',(0.977698258110881,-0.210014561606928,-3.15537937513325E-17));
#12665=DIRECTION('',(0.210014561606928,0.977698258110881,1.06887192659791E-16));
#12666=DIRECTION('',(1.96261557335471E-17,-5.88784672006416E-17,1.));
#12667=DIRECTION('',(1.96261557335471E-17,-5.88784672006416E-17,1.));
#12668=DIRECTION('',(0.707106781186546,-0.707106781186549,-5.55111512312578E-17));
#12669=DIRECTION('',(0.199208058848693,0.979957218091553,6.07238249789653E-17));
#12670=DIRECTION('',(-0.979957218091553,0.199208058848693,2.56497149066778E-17));
#12671=DIRECTION('',(4.71136332467273E-19,-6.2061565556556E-17,1.));
#12672=DIRECTION('',(0.864948230744029,-0.501861094460185,-3.15537937513325E-17));
#12673=DIRECTION('',(0.501861094460185,0.864948230744029,1.06887192659791E-16));
#12674=DIRECTION('',(4.71136332467273E-19,-6.2061565556556E-17,1.));
#12675=DIRECTION('',(4.71136332467273E-19,-6.2061565556556E-17,1.));
#12676=DIRECTION('',(0.453990499739545,-0.891006524188369,-5.55111512312578E-17));
#12677=DIRECTION('',(0.492281556617244,0.870436022355752,6.07238249789653E-17));
#12678=DIRECTION('',(-0.870436022355752,0.492281556617244,2.56497149066778E-17));
#12679=DIRECTION('',(-1.87300011754343E-17,-5.91696454674413E-17,1.));
#12680=DIRECTION('',(0.667531044103265,-0.744581966715824,-3.15537937513325E-17));
#12681=DIRECTION('',(0.744581966715824,0.667531044103265,1.06887192659791E-16));
#12682=DIRECTION('',(-1.87300011754343E-17,-5.91696454674413E-17,1.));
#12683=DIRECTION('',(-1.87300011754343E-17,-5.91696454674413E-17,1.));
#12684=DIRECTION('',(0.15643446504023,-0.987688340595138,-5.55111512312578E-17));
#12685=DIRECTION('',(0.73716710569681,0.675710484067391,6.07238249789653E-17));
#12686=DIRECTION('',(-0.675710484067391,0.73716710569681,2.56497149066778E-17));
#12687=DIRECTION('',(-3.60977156686926E-17,-5.04857882208122E-17,1.));
#12688=DIRECTION('',(0.404771267903407,-0.914417968261707,-3.15537937513325E-17));
#12689=DIRECTION('',(0.914417968261707,0.404771267903407,1.06887192659791E-16));
#12690=DIRECTION('',(-3.60977156686926E-17,-5.04857882208122E-17,1.));
#12691=DIRECTION('',(-3.60977156686926E-17,-5.04857882208122E-17,1.));
#12692=DIRECTION('',(-0.156434465040232,-0.987688340595138,-5.55111512312578E-17));
#12693=DIRECTION('',(0.909893602325536,0.414841695646737,6.07238249789653E-17));
#12694=DIRECTION('',(-0.414841695646737,0.909893602325536,2.56497149066778E-17));
#12695=DIRECTION('',(-4.99319342447253E-17,-3.68600302679597E-17,1.));
#12696=DIRECTION('',(0.102389659793908,-0.994744367949519,-3.15537937513325E-17));
#12697=DIRECTION('',(0.994744367949519,0.102389659793908,1.06887192659791E-16));
#12698=DIRECTION('',(-4.99319342447253E-17,-3.68600302679597E-17,1.));
#12699=DIRECTION('',(-4.99319342447253E-17,-3.68600302679597E-17,1.));
#12700=DIRECTION('',(-0.453990499739548,-0.891006524188367,-5.55111512312578E-17));
#12701=DIRECTION('',(0.993553373557133,0.11336531168413,6.07238249789653E-17));
#12702=DIRECTION('',(-0.11336531168413,0.993553373557133,2.56497149066778E-17));
#12703=DIRECTION('',(-5.88784672006416E-17,-1.96261557335472E-17,1.));
#12704=DIRECTION('',(-0.210014561606927,-0.977698258110881,-3.15537937513325E-17));
#12705=DIRECTION('',(0.977698258110881,-0.210014561606927,1.06887192659791E-16));
#12706=DIRECTION('',(-5.88784672006416E-17,-1.96261557335472E-17,1.));
#12707=DIRECTION('',(-5.88784672006416E-17,-1.96261557335472E-17,1.));
#12708=DIRECTION('',(-0.707106781186548,-0.707106781186547,-5.55111512312578E-17));
#12709=DIRECTION('',(0.979957218091553,-0.199208058848691,6.07238249789653E-17));
#12710=DIRECTION('',(0.199208058848691,0.979957218091553,2.56497149066778E-17));
#12711=DIRECTION('',(-6.2061565556556E-17,-4.71136332467359E-19,1.));
#12712=DIRECTION('',(-0.501861094460183,-0.86494823074403,-3.15537937513325E-17));
#12713=DIRECTION('',(0.86494823074403,-0.501861094460183,1.06887192659791E-16));
#12714=DIRECTION('',(-6.2061565556556E-17,-4.71136332467359E-19,1.));
#12715=DIRECTION('',(-6.2061565556556E-17,-4.71136332467359E-19,1.));
#12716=DIRECTION('',(-0.891006524188368,-0.453990499739547,-5.55111512312578E-17));
#12717=DIRECTION('',(5.55111512312578E-17,-2.77555756156289E-17,-1.));
#12718=DIRECTION('',(-1.,0.,-5.55111512312578E-17));
#12719=DIRECTION('',(0.,0.,-1.));
#12720=DIRECTION('',(-1.,0.,0.));
#12721=DIRECTION('',(0.,0.,1.));
#12722=DIRECTION('',(1.,0.,0.));
#12723=DIRECTION('',(0.,1.,0.));
#12724=DIRECTION('',(-1.,0.,0.));
#12725=DIRECTION('',(0.,0.,1.));
#12726=DIRECTION('',(1.,0.,0.));
#12727=DIRECTION('',(-1.,0.,0.));
#12728=DIRECTION('',(0.,-1.,0.));
#12729=DIRECTION('',(0.,0.,1.));
#12730=DIRECTION('',(1.,0.,0.));
#12731=DIRECTION('',(0.,-1.,0.));
#12732=DIRECTION('',(1.,0.,0.));
#12733=DIRECTION('',(0.,0.,1.));
#12734=DIRECTION('',(1.,0.,0.));
#12735=DIRECTION('',(0.,0.,1.));
#12736=DIRECTION('',(-1.,0.,0.));
#12737=DIRECTION('',(0.,0.,1.));
#12738=DIRECTION('',(1.,0.,0.));
#12739=DIRECTION('',(1.,0.,0.));
#12740=DIRECTION('',(0.,1.,0.));
#12741=DIRECTION('',(0.,0.,1.));
#12742=DIRECTION('',(1.,0.,0.));
#12743=DIRECTION('',(-0.577350269189626,0.577350269189626,-0.577350269189626));
#12744=DIRECTION('',(-0.707106783206459,-0.707106779166636,4.03982361452115E-9));
#12745=DIRECTION('',(0.,0.,1.));
#12746=DIRECTION('',(1.,0.,0.));
#12747=DIRECTION('',(-0.718873086818576,0.585048618558824,-0.375419230954334));
#12748=DIRECTION('',(-0.63121905868799,-0.775604602841581,-2.2008943917351E-8));
#12749=DIRECTION('',(0.,0.,1.));
#12750=DIRECTION('',(1.,0.,0.));
#12751=CARTESIAN_POINT('',(0.,0.,0.));
#12752=CARTESIAN_POINT('',(23.5660329673985,31.7140945601074,-23.7141111733008));
#12753=CARTESIAN_POINT('',(8.79982643009749,31.7140945601074,-23.7141111733008));
#12754=CARTESIAN_POINT('',(23.567272766407,31.7132213240238,-23.7138747302519));
#12755=CARTESIAN_POINT('',(8.80106622910604,31.7132213240238,-23.7138747302519));
#12756=CARTESIAN_POINT('',(23.5685125654155,31.7123480879402,-23.713638287203));
#12757=CARTESIAN_POINT('',(8.80230602811458,31.7123480879402,-23.713638287203));
#12758=CARTESIAN_POINT('',(23.5697523644241,31.7114748518567,-23.7134018441541));
#12759=CARTESIAN_POINT('',(8.80354582712313,31.7114748518567,-23.7134018441541));
#12760=CARTESIAN_POINT('',(23.5709921634326,31.7106016157731,-23.7131654011052));
#12761=CARTESIAN_POINT('',(8.80478562613168,31.7106016157731,-23.7131654011052));
#12762=CARTESIAN_POINT('',(23.5722319624412,31.7097283796895,-23.7129289580563));
#12763=CARTESIAN_POINT('',(8.80602542514022,31.7097283796895,-23.7129289580563));
#12764=CARTESIAN_POINT('',(23.8436607809171,31.5185510704799,-23.661164553537));
#12765=CARTESIAN_POINT('',(9.07745424361613,31.5185510704799,-23.661164553537));
#12766=CARTESIAN_POINT('',(24.115089599393,31.3273737612702,-23.6094001490178));
#12767=CARTESIAN_POINT('',(9.34888306209204,31.3273737612702,-23.6094001490178));
#12768=CARTESIAN_POINT('',(24.3836768698395,31.1348523339194,-23.5570330009525));
#12769=CARTESIAN_POINT('',(9.6174703325385,31.1348523339194,-23.5570330009525));
#12770=CARTESIAN_POINT('',(25.0315641439492,30.6537878656743,-23.4250114054805));
#12771=CARTESIAN_POINT('',(10.2653576066482,30.6537878656743,-23.4250114054805));
#12772=CARTESIAN_POINT('',(26.0118588103873,29.8224227542989,-23.1898477257513));
#12773=CARTESIAN_POINT('',(11.2456522730863,29.8224227542989,-23.1898477257513));
#12774=CARTESIAN_POINT('',(27.1746600375786,28.8334263132426,-23.0199170010353));
#12775=CARTESIAN_POINT('',(12.4084535002776,28.8334263132426,-23.0199170010353));
#12776=CARTESIAN_POINT('',(28.5576776803185,27.3954217283357,-22.754942888111));
#12777=CARTESIAN_POINT('',(13.7914711430175,27.3954217283357,-22.754942888111));
#12778=CARTESIAN_POINT('',(30.1757952958886,25.6720157810277,-22.6368359401937));
#12779=CARTESIAN_POINT('',(15.4095887585876,25.6720157810277,-22.6368359401937));
#12780=CARTESIAN_POINT('',(31.2938620436528,24.007390579738,-22.321760699849));
#12781=CARTESIAN_POINT('',(16.5276555063518,24.007390579738,-22.321760699849));
#12782=CARTESIAN_POINT('',(32.3993904288182,22.8116734547548,-22.107157573389));
#12783=CARTESIAN_POINT('',(17.6331838915172,22.8116734547548,-22.107157573389));
#12784=CARTESIAN_POINT('',(32.2796082519855,21.6503016023274,-21.9922524731772));
#12785=CARTESIAN_POINT('',(17.5134017146845,21.6503016023274,-21.9922524731772));
#12786=CARTESIAN_POINT('',(32.4233592829944,21.1829297884073,-21.8352546709873));
#12787=CARTESIAN_POINT('',(17.6571527456935,21.1829297884073,-21.8352546709873));
#12788=CARTESIAN_POINT('',(32.4511293348037,20.9009905404392,-21.7665307357863));
#12789=CARTESIAN_POINT('',(17.6849227975027,20.9009905404392,-21.7665307357863));
#12790=CARTESIAN_POINT('',(32.4545281771582,20.8595269503683,-21.7567258329272));
#12791=CARTESIAN_POINT('',(17.6883216398572,20.8595269503683,-21.7567258329272));
#12792=CARTESIAN_POINT('',(32.4890753082115,20.3920734192187,-21.6478492144312));
#12793=CARTESIAN_POINT('',(17.7228687709105,20.3920734192187,-21.6478492144312));
#12794=CARTESIAN_POINT('',(32.5236224392648,19.9246198880692,-21.5389725959353));
#12795=CARTESIAN_POINT('',(17.7574159019638,19.9246198880692,-21.5389725959353));
#12796=CARTESIAN_POINT('',(32.5550808266246,19.4989598171089,-21.4398302725456));
#12797=CARTESIAN_POINT('',(17.7888742893236,19.4989598171089,-21.4398302725456));
#12798=CARTESIAN_POINT('',(32.5865392139844,19.0732997461485,-21.3406879491559));
#12799=CARTESIAN_POINT('',(17.8203326766835,19.0732997461485,-21.3406879491559));
#12800=CARTESIAN_POINT('',(32.6179976013443,18.6476396751881,-21.2415456257661));
#12801=CARTESIAN_POINT('',(17.8517910640433,18.6476396751881,-21.2415456257661));
#12802=CARTESIAN_POINT('',(23.4322288965339,29.2548688677912,-23.0975232373785));
#12803=CARTESIAN_POINT('',(23.7397090197036,29.0120153723819,-23.0518152481712));
#12804=CARTESIAN_POINT('',(24.0429615538787,28.7635827722527,-23.0084948927678));
#12805=CARTESIAN_POINT('',(24.3419044899425,28.5096074463185,-22.9667841825724));
#12806=CARTESIAN_POINT('',(23.4322288965339,29.2548688677912,-23.0975232373785));
#12807=CARTESIAN_POINT('',(24.3419044899425,28.5096074463185,-22.9667841825724));
#12808=CARTESIAN_POINT('',(23.4322288965339,29.2548688677912,-23.0975232373785));
#12809=CARTESIAN_POINT('',(23.1011315326207,29.5163756973002,-23.1467420115232));
#12810=CARTESIAN_POINT('',(22.535725481584,29.3399374442072,-23.1108731520347));
#12811=CARTESIAN_POINT('',(22.4095539497878,28.9406139141981,-23.0402474219187));
#12812=CARTESIAN_POINT('',(22.4095539497878,28.940613914198,-23.0402474219187));
#12813=CARTESIAN_POINT('',(22.1550293973154,28.1350626038485,-22.9073105174535));
#12814=CARTESIAN_POINT('',(22.2400176549808,28.4040441290557,-22.9485276322882));
#12815=CARTESIAN_POINT('',(22.3248592292395,28.6725614121717,-22.9928387363734));
#12816=CARTESIAN_POINT('',(22.4095539497878,28.940613914198,-23.0402474219187));
#12817=CARTESIAN_POINT('',(22.1550293973154,28.1350626038485,-22.9073105174535));
#12818=CARTESIAN_POINT('',(22.1550293973154,28.1350626038485,-22.9073105174535));
#12819=CARTESIAN_POINT('',(22.0277448636877,27.7322165056825,-22.8455807987451));
#12820=CARTESIAN_POINT('',(22.3911201701335,27.2627272645731,-22.7852039729212));
#12821=CARTESIAN_POINT('',(22.8172754115347,27.2906168375314,-22.7887808268584));
#12822=CARTESIAN_POINT('',(22.8172754115347,27.2906168375314,-22.7887808268584));
#12823=CARTESIAN_POINT('',(23.9635026103506,27.3656312547729,-22.7984716782937));
#12824=CARTESIAN_POINT('',(23.5814270791951,27.3406264622314,-22.7952174254881));
#12825=CARTESIAN_POINT('',(23.1993513414773,27.3156216561714,-22.7919877093781));
#12826=CARTESIAN_POINT('',(22.8172754115347,27.2906168375314,-22.7887808268584));
#12827=CARTESIAN_POINT('',(23.9635026103506,27.3656312547729,-22.7984716782937));
#12828=CARTESIAN_POINT('',(23.9635026103506,27.365631254773,-22.7984716782937));
#12829=CARTESIAN_POINT('',(24.2241796417713,27.3826911671712,-22.8006919433766));
#12830=CARTESIAN_POINT('',(24.6958088228723,27.7626995523618,-22.8490023429625));
#12831=CARTESIAN_POINT('',(24.5398601600348,28.341428674496,-22.9391639561322));
#12832=CARTESIAN_POINT('',(24.3419044899425,28.5096074463185,-22.9667841825724));
#12833=CARTESIAN_POINT('',(30.7020759746873,20.753903032969,-21.7321245106729));
#12834=CARTESIAN_POINT('',(27.3177687246532,20.5418585290634,-21.6827363105258));
#12835=CARTESIAN_POINT('',(23.9334614746191,20.3298140251579,-21.6333481103787));
#12836=CARTESIAN_POINT('',(20.549154224585,20.1177695212523,-21.5839599102315));
#12837=CARTESIAN_POINT('',(30.7020759746873,20.753903032969,-21.7321245106729));
#12838=CARTESIAN_POINT('',(20.549154224585,20.1177695212523,-21.5839599102315));
#12839=CARTESIAN_POINT('',(30.7020759746873,20.753903032969,-21.7321245106729));
#12840=CARTESIAN_POINT('',(31.1657015558667,20.7829515941947,-21.7388903363811));
#12841=CARTESIAN_POINT('',(31.4565497335279,21.3723124836612,-21.9053633777842));
#12842=CARTESIAN_POINT('',(31.2063099978272,21.7570396745386,-21.9765744824479));
#12843=CARTESIAN_POINT('',(31.2063099978272,21.7570396745386,-21.9765744824479));
#12844=CARTESIAN_POINT('',(27.78207042131,26.1700365347592,-22.6523038111672));
#12845=CARTESIAN_POINT('',(28.4163860052381,25.4796816479126,-22.5671925027261));
#12846=CARTESIAN_POINT('',(29.6165259125039,24.0585895641136,-22.3136177579147));
#12847=CARTESIAN_POINT('',(30.6990530146317,22.5369140364234,-22.1209253786819));
#12848=CARTESIAN_POINT('',(31.2063099978272,21.7570396745386,-21.9765744824479));
#12849=CARTESIAN_POINT('',(27.78207042131,26.1700365347592,-22.6523038111672));
#12850=CARTESIAN_POINT('',(27.78207042131,26.1700365347592,-22.6523038111672));
#12851=CARTESIAN_POINT('',(27.6504453745603,26.3132901399952,-22.6699650199351));
#12852=CARTESIAN_POINT('',(27.4559274530449,26.3916246592918,-22.6792756880634));
#12853=CARTESIAN_POINT('',(27.2609870200758,26.3788668543897,-22.6777376115289));
#12854=CARTESIAN_POINT('',(27.2609870200758,26.3788668543897,-22.6777376115289));
#12855=CARTESIAN_POINT('',(21.9240669214881,26.0295940824002,-22.6348088386657));
#12856=CARTESIAN_POINT('',(23.703037443655,26.1460181536036,-22.6494735146516));
#12857=CARTESIAN_POINT('',(25.4820114632558,26.2624424536953,-22.6637015261584));
#12858=CARTESIAN_POINT('',(27.2609870200758,26.3788668543897,-22.677737611529));
#12859=CARTESIAN_POINT('',(21.9240669214881,26.0295940824002,-22.6348088386657));
#12860=CARTESIAN_POINT('',(21.9240669214881,26.0295940824002,-22.6348088386657));
#12861=CARTESIAN_POINT('',(21.6616002391573,26.0124170469567,-22.6326452340385));
#12862=CARTESIAN_POINT('',(21.4252726790246,25.825436774257,-22.6095281904463));
#12863=CARTESIAN_POINT('',(21.346717317495,25.5768148876829,-22.5752033392188));
#12864=CARTESIAN_POINT('',(21.3467173174951,25.5768148876829,-22.5752033392188));
#12865=CARTESIAN_POINT('',(19.8887102284048,20.9623307064648,-21.7817581086919));
#12866=CARTESIAN_POINT('',(20.1288254217828,21.7222774651628,-21.9724229303105));
#12867=CARTESIAN_POINT('',(20.6176776568476,23.2694584922916,-22.1792118584061));
#12868=CARTESIAN_POINT('',(21.1024559793899,24.8037458887711,-22.4684730801017));
#12869=CARTESIAN_POINT('',(21.346717317495,25.5768148876829,-22.5752033392188));
#12870=CARTESIAN_POINT('',(19.8887102284048,20.9623307064648,-21.7817581086919));
#12871=CARTESIAN_POINT('',(19.8887102284048,20.9623307064648,-21.7817581086919));
#12872=CARTESIAN_POINT('',(19.7626063059255,20.5632211549237,-21.6816245788362));
#12873=CARTESIAN_POINT('',(20.119327515754,20.0908386356956,-21.5776873214989));
#12874=CARTESIAN_POINT('',(20.549154224585,20.1177695212523,-21.5839599102316));
#12875=CARTESIAN_POINT('',(25.1211548502011,20.1866364341469,-21.6));
#12876=CARTESIAN_POINT('',(31.1885993717964,20.1866364341469,-21.6));
#12877=CARTESIAN_POINT('',(32.391406733663,20.1866364341469,-21.6));
#12878=CARTESIAN_POINT('',(31.2296955415592,19.5846080526424,-21.4597789725631));
#12879=CARTESIAN_POINT('',(31.2160156335682,19.7852853981027,-21.5065195987998));
#12880=CARTESIAN_POINT('',(31.2023169103263,19.9859615252717,-21.5532599412789));
#12881=CARTESIAN_POINT('',(31.1885993717963,20.1866364341469,-21.6));
#12882=CARTESIAN_POINT('',(31.2296955415465,19.5846080526416,-21.4597789725627));
#12883=CARTESIAN_POINT('',(17.9316680656257,18.751417260109,-21.265716910758));
#12884=CARTESIAN_POINT('',(22.3643438909377,19.0291475242104,-21.3304042646752));
#12885=CARTESIAN_POINT('',(26.7970197162345,19.3068777885401,-21.3950916186457));
#12886=CARTESIAN_POINT('',(31.2296955415465,19.5846080526416,-21.4597789725629));
#12887=CARTESIAN_POINT('',(17.9316680656257,18.751417260109,-21.265716910758));
#12888=CARTESIAN_POINT('',(21.6727107957969,30.5915397319469,-23.406725836991));
#12889=CARTESIAN_POINT('',(21.3656509521383,29.6197181256924,-23.1379549638079));
#12890=CARTESIAN_POINT('',(20.741018283982,27.6428021094076,-22.8027867698905));
#12891=CARTESIAN_POINT('',(19.9518900045387,25.1452696970547,-22.5443212755251));
#12892=CARTESIAN_POINT('',(19.3296051657204,23.1757843863006,-22.1639576635843));
#12893=CARTESIAN_POINT('',(18.8563156796437,21.6778583041983,-22.0052693700685));
#12894=CARTESIAN_POINT('',(18.396269660353,20.2218468111585,-21.5916460147167));
#12895=CARTESIAN_POINT('',(18.0862591683871,19.2406866220946,-21.3796747485256));
#12896=CARTESIAN_POINT('',(17.9316680656257,18.751417260109,-21.265716910758));
#12897=CARTESIAN_POINT('',(21.6727107957969,30.5915397319469,-23.406725836991));
#12898=CARTESIAN_POINT('',(21.6727107957969,30.5915397319469,-23.406725836991));
#12899=CARTESIAN_POINT('',(21.8144950007059,31.0402762131305,-23.530830194314));
#12900=CARTESIAN_POINT('',(22.5490273625931,31.7942602746704,-23.7361253929024));
#12901=CARTESIAN_POINT('',(23.6197130342491,31.6275985088426,-23.690874700092));
#12902=CARTESIAN_POINT('',(24.0040258711106,31.3388567677687,-23.6123707678452));
#12903=CARTESIAN_POINT('',(24.0040258711106,31.3388567677687,-23.6123707678452));
#12904=CARTESIAN_POINT('',(31.6769913502653,23.3853633526567,-22.2190041220717));
#12905=CARTESIAN_POINT('',(31.1444714537292,24.1498121740094,-22.3434857128505));
#12906=CARTESIAN_POINT('',(30.026670772149,25.6248713425295,-22.6092222783631));
#12907=CARTESIAN_POINT('',(28.1758890524415,27.7016003985458,-22.8247052050348));
#12908=CARTESIAN_POINT('',(26.1740315876089,29.6164816177739,-23.1320926763217));
#12909=CARTESIAN_POINT('',(24.7461016651576,30.7813207288173,-23.4607862713877));
#12910=CARTESIAN_POINT('',(24.0040258711106,31.3388567677687,-23.6123707678452));
#12911=CARTESIAN_POINT('',(31.6769913502653,23.3853633526567,-22.2190041220717));
#12912=CARTESIAN_POINT('',(32.1352625295008,22.217832390855,-22.0494393482849));
#12913=CARTESIAN_POINT('',(32.0761509291262,22.6384332824018,-22.1085740278852));
#12914=CARTESIAN_POINT('',(31.9199480406693,23.036591491122,-22.1622106848547));
#12915=CARTESIAN_POINT('',(31.6769913502652,23.3853633526567,-22.2190041220717));
#12916=CARTESIAN_POINT('',(32.1352625295008,22.217832390855,-22.0494393482849));
#12917=CARTESIAN_POINT('',(32.3635984886875,20.5931376203268,-21.6946799448857));
#12918=CARTESIAN_POINT('',(32.2877125187554,21.1330943531353,-21.8204435968528));
#12919=CARTESIAN_POINT('',(32.2126047526113,21.6675138782724,-21.9720669277105));
#12920=CARTESIAN_POINT('',(32.1352625295008,22.217832390855,-22.0494393482849));
#12921=CARTESIAN_POINT('',(32.3635984886875,20.5931376203268,-21.6946799448857));
#12922=CARTESIAN_POINT('',(32.3914067336628,20.1866364341469,-21.6));
#12923=CARTESIAN_POINT('',(32.3821459328659,20.322137387827,-21.6315601116615));
#12924=CARTESIAN_POINT('',(32.3728765178788,20.4576377832206,-21.6631200932902));
#12925=CARTESIAN_POINT('',(32.3635984886882,20.5931376203268,-21.6946799448857));
#12926=CARTESIAN_POINT('',(15.2901289169173,3.05223545414665,-28.5541268291858));
#12927=CARTESIAN_POINT('',(15.3506347623025,3.00284161985413,-30.3195082632877));
#12928=CARTESIAN_POINT('',(17.5036002712357,4.17300761709628,-29.9394722755008));
#12929=CARTESIAN_POINT('',(13.1693967939356,4.17300761709628,-29.9394722755008));
#12930=CARTESIAN_POINT('',(13.1693967939356,4.17300761709628,-29.9394722755008));
#12931=CARTESIAN_POINT('',(12.7816580189006,3.42423789388443,-30.1901305118808));
#12932=CARTESIAN_POINT('',(12.8150606713954,1.56898716323862,-30.7572829532813));
#12933=CARTESIAN_POINT('',(15.359387936434,0.00623152533220837,-31.1446025943162));
#12934=CARTESIAN_POINT('',(17.9318486905186,1.56179283954862,-30.759511950407));
#12935=CARTESIAN_POINT('',(17.9051852210703,3.43300402245925,-30.1871959616976));
#12936=CARTESIAN_POINT('',(17.5036002712357,4.17300761709628,-29.9394722755008));
#12937=CARTESIAN_POINT('',(15.0003761864803,3.28877455647451,-20.1));
#12938=CARTESIAN_POINT('',(15.0805402063903,5.74482958921176,-20.1));
#12939=CARTESIAN_POINT('',(14.4190111391282,5.67704045047089,-20.1));
#12940=CARTESIAN_POINT('',(26.5943277380988,-6.17592621896322,-358.377181101905));
#12941=CARTESIAN_POINT('',(14.3787292549708,5.71625584387925,-18.75));
#12942=CARTESIAN_POINT('',(14.9541069272187,3.32654638017607,-18.75));
#12943=CARTESIAN_POINT('',(15.0916536891298,5.78000293691563,-18.75));
#12944=CARTESIAN_POINT('',(14.4472010162648,3.74035807734584,-3.95998626931105));
#12945=CARTESIAN_POINT('',(1.04073866499764,-0.861239615128218,-16.6));
#12946=CARTESIAN_POINT('',(34.0812663465002,-15.7531676432832,-42.6));
#12947=CARTESIAN_POINT('',(34.0812663465002,-15.7531676432832,-15.75));
#12948=CARTESIAN_POINT('',(34.0812663465002,-15.7531676432832,-1.19999999999999));
#12949=CARTESIAN_POINT('',(1.04073866499764,-0.861239615128218,-15.75));
#12950=CARTESIAN_POINT('',(25.97045906992,-27.1662777333344,-15.75));
#12951=CARTESIAN_POINT('',(25.97045906992,-27.1662777333344,-16.6));
#12952=CARTESIAN_POINT('',(25.97045906992,-27.1662777333344,-18.75));
#12953=CARTESIAN_POINT('',(1.04073866499764,-0.861239615128218,-18.75));
#12954=CARTESIAN_POINT('',(25.522513353129,-27.5836777147376,-18.75));
#12955=CARTESIAN_POINT('',(25.522513353129,-27.5836777147376,-16.6));
#12956=CARTESIAN_POINT('',(25.522513353129,-27.5836777147376,-16.6));
#12957=CARTESIAN_POINT('',(1.04073866499764,-0.861239615128218,-16.6));
#12958=CARTESIAN_POINT('',(25.4605241223559,-27.6403372116582,-16.6));
#12959=CARTESIAN_POINT('',(1.04073866499764,-0.861239615128218,-16.6));
#12960=CARTESIAN_POINT('',(7.95713889885034,-36.4366440073912,-16.6));
#12961=CARTESIAN_POINT('',(7.95713889885034,-36.4366440073912,-16.6));
#12962=CARTESIAN_POINT('',(7.95713889885034,-36.4366440073912,-1.19999999999999));
#12963=CARTESIAN_POINT('',(1.04073866499764,-0.861239615128218,-1.19999999999999));
#12964=CARTESIAN_POINT('',(10.8442934323791,-11.3584694446843,-32.6));
#12965=CARTESIAN_POINT('',(10.8442934323791,-11.3584694446843,-18.75));
#12966=CARTESIAN_POINT('',(23.4668203517193,-3.82442576479159,-18.75));
#12967=CARTESIAN_POINT('',(21.098394064649,-0.825501191467112,-18.75));
#12968=CARTESIAN_POINT('',(23.4668203517193,-3.82442576479159,-16.6));
#12969=CARTESIAN_POINT('',(23.4668203517193,-3.82442576479159,-21.6));
#12970=CARTESIAN_POINT('',(10.8442934323791,-11.3584694446843,-21.6));
#12971=CARTESIAN_POINT('',(24.091975052897,-4.98752511268831,-21.6));
#12972=CARTESIAN_POINT('',(24.0919750528893,-4.98752511267233,-16.6));
#12973=CARTESIAN_POINT('',(24.091975052897,-4.98752511268831,-18.75));
#12974=CARTESIAN_POINT('',(10.8442934323791,-11.3584694446843,-18.75));
#12975=CARTESIAN_POINT('',(25.5440979694091,-11.434275599535,-18.75));
#12976=CARTESIAN_POINT('',(25.5440979694091,-11.434275599535,-32.6));
#12977=CARTESIAN_POINT('',(25.5440979694091,-11.434275599535,-32.4264166854976));
#12978=CARTESIAN_POINT('',(10.8442934323791,-11.3584694446843,-32.4270002267657));
#12979=CARTESIAN_POINT('',(25.5188981318175,-10.4947698932087,-32.43364882057));
#12980=CARTESIAN_POINT('',(22.4718898970165,-2.36463820012831,-31.6709517838731));
#12981=CARTESIAN_POINT('',(24.2705711985402,-4.69004766956502,-32.1296932186169));
#12982=CARTESIAN_POINT('',(25.3439598410995,-7.52249758080887,-32.456528803832));
#12983=CARTESIAN_POINT('',(25.5188981318175,-10.4947698932087,-32.43364882057));
#12984=CARTESIAN_POINT('',(22.4718898970165,-2.36463820012831,-31.6709517838731));
#12985=CARTESIAN_POINT('',(21.098394064649,-0.825501191467109,-31.3434039227641));
#12986=CARTESIAN_POINT('',(21.5893145909761,-1.30342425725319,-31.4525858742604));
#12987=CARTESIAN_POINT('',(22.0524136465438,-1.82232197978033,-31.5639672186698));
#12988=CARTESIAN_POINT('',(22.4718898970165,-2.36463820012831,-31.6709517838731));
#12989=CARTESIAN_POINT('',(21.098394064649,-0.825501191467113,-31.3434039227641));
#12990=CARTESIAN_POINT('',(21.098394064649,-0.825501191467113,-32.6));
#12991=CARTESIAN_POINT('',(9.79211522186224,10.1814360975567,-32.6));
#12992=CARTESIAN_POINT('',(9.79211522186225,10.1814360975567,-21.6));
#12993=CARTESIAN_POINT('',(19.242597078864,0.981162285325384,-21.6));
#12994=CARTESIAN_POINT('',(18.4099142288086,1.79179928089651,-21.6));
#12995=CARTESIAN_POINT('',(19.242597078864,0.981162285325385,-16.6));
#12996=CARTESIAN_POINT('',(19.2425970788641,0.981162285325383,-18.7499999999968));
#12997=CARTESIAN_POINT('',(21.098394064649,-0.82550119146711,-18.75));
#12998=CARTESIAN_POINT('',(33.1693729258019,-12.5768925368705,20.0960593042295));
#12999=CARTESIAN_POINT('',(18.7085550662887,1.50106516618094,-30.7559286858692));
#13000=CARTESIAN_POINT('',(26.5943277380988,-6.17592621896317,-358.377181101903));
#13001=CARTESIAN_POINT('',(9.79211522186224,10.1814360975567,-32.6));
#13002=CARTESIAN_POINT('',(9.79211522186382,10.1814360975551,-32.6));
#13003=CARTESIAN_POINT('',(9.79211522186382,10.1814360975551,-27.9881089150891));
#13004=CARTESIAN_POINT('',(9.79211522186382,10.1814360975551,-18.75));
#13005=CARTESIAN_POINT('',(21.098394064649,-0.82550119146711,-18.75));
#13006=CARTESIAN_POINT('',(13.1066119972538,6.95469291717935,-18.7499999999968));
#13007=CARTESIAN_POINT('',(13.1066119972538,6.95469291717935,-32.6));
#13008=CARTESIAN_POINT('',(13.1066119972538,6.95469291717935,-21.6));
#13009=CARTESIAN_POINT('',(9.79211522186225,10.1814360975567,-21.6));
#13010=CARTESIAN_POINT('',(13.5075351523514,6.56438447996157,-21.6));
#13011=CARTESIAN_POINT('',(26.5943277380988,-6.17592621896317,-358.377181101903));
#13012=CARTESIAN_POINT('',(13.7407646384787,6.33732990582179,-29.2365631490833));
#13013=CARTESIAN_POINT('',(10.5042032166572,9.48820112502853,-28.2132515343188));
#13014=CARTESIAN_POINT('',(-0.0645768458691771,0.0566842198124981,-32.6));
#13015=CARTESIAN_POINT('',(-0.0645768458691779,0.0566842198124985,-16.6));
#13016=CARTESIAN_POINT('',(-14.1886502401981,-0.362278613351735,-16.6));
#13017=CARTESIAN_POINT('',(7.27105136083903,12.1336680285667,-16.6));
#13018=CARTESIAN_POINT('',(7.27105136082286,12.1336680285765,-18.75));
#13019=CARTESIAN_POINT('',(7.2710513608552,12.1336680285569,-20.1));
#13020=CARTESIAN_POINT('',(-0.0645768458691778,0.0566842198124984,-20.1));
#13021=CARTESIAN_POINT('',(8.33419662264315,11.4200280643231,-20.1));
#13022=CARTESIAN_POINT('',(8.33419662264314,11.4200280643231,-16.6));
#13023=CARTESIAN_POINT('',(8.33419662264315,11.4200280643231,-18.75));
#13024=CARTESIAN_POINT('',(-0.0645768458691778,0.0566842198124985,-18.75));
#13025=CARTESIAN_POINT('',(-0.0645768458691771,0.0566842198124981,-31.2763347651166));
#13026=CARTESIAN_POINT('',(-13.5820048849947,4.17300761709628,-29.9394722755008));
#13027=CARTESIAN_POINT('',(-14.1886502401981,-0.362278613351734,-31.2353811814361));
#13028=CARTESIAN_POINT('',(-14.2343528381017,1.17844718856698,-30.8687565425328));
#13029=CARTESIAN_POINT('',(-14.0213671859498,2.73020351424469,-30.4224655385181));
#13030=CARTESIAN_POINT('',(-13.5820048849947,4.17300761709629,-29.9394722755008));
#13031=CARTESIAN_POINT('',(-14.1886502401981,-0.362278613351735,-31.2353811814361));
#13032=CARTESIAN_POINT('',(-14.1886502401981,-0.362278613351735,-32.6));
#13033=CARTESIAN_POINT('',(25.522513353129,-41.0107142916679,-0.299999999999995));
#13034=CARTESIAN_POINT('',(25.522513353129,-41.0107142916679,-11.9));
#13035=CARTESIAN_POINT('',(25.522513353129,-49.4535853884231,-11.9));
#13036=CARTESIAN_POINT('',(25.522513353129,-51.7823966814338,-11.9));
#13037=CARTESIAN_POINT('',(25.522513353129,-51.7823966814338,-16.6));
#13038=CARTESIAN_POINT('',(25.522513353129,-51.7823966814338,-6.99999999999999));
#13039=CARTESIAN_POINT('',(25.522513353129,-41.0107142916679,-6.99999999999999));
#13040=CARTESIAN_POINT('',(25.522513353129,-49.4535853884231,-7.));
#13041=CARTESIAN_POINT('',(25.522513353129,-49.4535853884231,-0.299999999999995));
#13042=CARTESIAN_POINT('',(25.522513353129,-71.5251669446603,-16.6));
#13043=CARTESIAN_POINT('',(25.522513353129,-56.552848870107,-16.6));
#13044=CARTESIAN_POINT('',(25.522513353129,-30.2390319019021,-16.6));
#13045=CARTESIAN_POINT('',(25.522513353129,-30.2390319019021,-42.6));
#13046=CARTESIAN_POINT('',(25.522513353129,-30.2390319019021,-1.19999999999999));
#13047=CARTESIAN_POINT('',(25.522513353129,-71.5251669446603,-1.19999999999999));
#13048=CARTESIAN_POINT('',(25.522513353129,-46.9619614605762,-1.19999999999999));
#13049=CARTESIAN_POINT('',(25.522513353129,-46.9619614605762,6.20000000000001));
#13050=CARTESIAN_POINT('',(25.522513353129,-53.7306423308774,3.20918752242505));
#13051=CARTESIAN_POINT('',(25.522513353129,-50.3555743544177,-4.42912421377317));
#13052=CARTESIAN_POINT('',(25.522513353129,-55.9242761292615,8.17372717139964));
#13053=CARTESIAN_POINT('',(25.522513353129,-63.3332376224291,4.90000000000001));
#13054=CARTESIAN_POINT('',(25.522513353129,-56.5528488701069,9.33128969571879));
#13055=CARTESIAN_POINT('',(25.522513353129,-56.5528488701069,-16.6));
#13056=CARTESIAN_POINT('',(-19.,-12.5768925368705,20.0960593042295));
#13057=CARTESIAN_POINT('',(-13.5820048849947,4.17300761709628,-29.9394722755008));
#13058=CARTESIAN_POINT('',(-13.5820048849947,4.17300761709628,-29.9394722755008));
#13059=CARTESIAN_POINT('',(18.8064394006742,4.17300761709658,-29.9394722755008));
#13060=CARTESIAN_POINT('',(18.7085550662898,1.50106516618033,-30.7559286858693));
#13061=CARTESIAN_POINT('',(19.0763251661798,2.35227910300594,-30.5202770570439));
#13062=CARTESIAN_POINT('',(19.1017169285585,3.31361114790488,-30.2271639337515));
#13063=CARTESIAN_POINT('',(18.8064394006734,4.17300761709621,-29.9394722755008));
#13064=CARTESIAN_POINT('',(-19.,-2.36463820012831,-31.6709517838731));
#13065=CARTESIAN_POINT('',(-14.1292541848203,-2.36463820012831,-31.6709517838731));
#13066=CARTESIAN_POINT('',(-13.8263277633509,-12.5768925368705,20.0960593042295));
#13067=CARTESIAN_POINT('',(-3.77748632458394,-1.06586757045126,-31.3977255620679));
#13068=CARTESIAN_POINT('',(-3.99545661197398,-0.0572963967680057,-31.1722675191055));
#13069=CARTESIAN_POINT('',(-3.6314837974287,2.11684072834411,-30.6098382641645));
#13070=CARTESIAN_POINT('',(-0.852395889831218,4.08731788957294,-29.9670116300518));
#13071=CARTESIAN_POINT('',(2.54310880355953,3.39789836953228,-30.2028952055837));
#13072=CARTESIAN_POINT('',(3.78454191319175,1.57141788664953,-30.7468944991623));
#13073=CARTESIAN_POINT('',(4.0130328514191,0.571013478616205,-31.0042943446639));
#13074=CARTESIAN_POINT('',(-3.77748632458392,-1.06586757045125,-31.3977255620679));
#13075=CARTESIAN_POINT('',(4.01303285141905,0.571013478616191,-31.0042943446639));
#13076=CARTESIAN_POINT('',(-3.777486324584,-1.06586757045088,-31.3977255620678));
#13077=CARTESIAN_POINT('',(-3.72531991794885,-1.30724695567291,-31.451683998739));
#13078=CARTESIAN_POINT('',(-3.58841142950068,-1.67029894743454,-31.5297425633728));
#13079=CARTESIAN_POINT('',(-3.3028585295911,-2.03456421311694,-31.6051036752264));
#13080=CARTESIAN_POINT('',(-3.09952800780707,-2.27033517705327,-31.6522689976437));
#13081=CARTESIAN_POINT('',(-2.97407705809747,-2.23884807653354,-31.6459778838262));
#13082=CARTESIAN_POINT('',(-2.97407705809743,-2.2388480765336,-31.6459778838262));
#13083=CARTESIAN_POINT('',(984.3261987772,-12.5768925368705,20.0960593042295));
#13084=CARTESIAN_POINT('',(3.7968725384501,-0.660296832274781,-31.305383500883));
#13085=CARTESIAN_POINT('',(3.79687253845004,-0.660296832274738,-31.305383500883));
#13086=CARTESIAN_POINT('',(3.91003191933719,-0.635678282989907,-31.299676087187));
#13087=CARTESIAN_POINT('',(3.99381585938978,-0.384352981254134,-31.2410784096086));
#13088=CARTESIAN_POINT('',(4.08729031851695,0.0196136435591895,-31.1437119698008));
#13089=CARTESIAN_POINT('',(4.06176837737431,0.357634185014033,-31.0591959392244));
#13090=CARTESIAN_POINT('',(4.01303285141896,0.571013478616554,-31.0042943446638));
#13091=CARTESIAN_POINT('',(12.6307258172599,-42.0380821307311,-27.5266846224565));
#13092=CARTESIAN_POINT('',(12.5736056254009,-41.6640129045191,-32.5605643498642));
#13093=CARTESIAN_POINT('',(12.5736056254009,-44.3846142956245,-32.762733116762));
#13094=CARTESIAN_POINT('',(12.5925416142979,-41.7880210789273,-30.891776351698));
#13095=CARTESIAN_POINT('',(11.4323525515067,-44.262995352519,-30.891776351698));
#13096=CARTESIAN_POINT('',(13.7568816038066,-44.262995352519,-30.891776351698));
#13097=CARTESIAN_POINT('',(11.4323525515067,-44.262995352519,-30.891776351698));
#13098=CARTESIAN_POINT('',(10.311805915481,-43.7252819381168,-31.020389872999));
#13099=CARTESIAN_POINT('',(9.36148335156966,-41.7095840678966,-31.4645500346469));
#13100=CARTESIAN_POINT('',(10.7060625203358,-39.4380526942198,-31.8023534547053));
#13101=CARTESIAN_POINT('',(12.5786059673095,-38.7521926567692,-31.8863145999513));
#13102=CARTESIAN_POINT('',(14.4511219516076,-39.4365965957382,-31.802501092322));
#13103=CARTESIAN_POINT('',(15.8099462448924,-41.7009774094559,-31.4660861447482));
#13104=CARTESIAN_POINT('',(14.8765022716594,-43.723895873318,-31.0207214002954));
#13105=CARTESIAN_POINT('',(13.7568816038066,-44.262995352519,-30.891776351698));
#13106=CARTESIAN_POINT('',(12.538425463913,-41.4373601508072,-30.891776351698));
#13107=CARTESIAN_POINT('',(-19.,-44.262995352519,-30.891776351698));
#13108=CARTESIAN_POINT('',(18.3883464667532,-44.262995352519,-30.891776351698));
#13109=CARTESIAN_POINT('',(12.538425463913,-41.4373601508072,-30.891776351698));
#13110=CARTESIAN_POINT('',(6.68850446107288,-44.262995352519,-30.891776351698));
#13111=CARTESIAN_POINT('',(-19.,-44.262995352519,-30.891776351698));
#13112=CARTESIAN_POINT('',(-19.,4.1725789728343,-29.9396114867289));
#13113=CARTESIAN_POINT('',(15.3506347623025,3.00284161985413,-30.3195082632877));
#13114=CARTESIAN_POINT('',(-3.25018235048187,-51.0838036127831,-28.7380211508956));
#13115=CARTESIAN_POINT('',(-3.28353627797996,-49.8584295184582,-29.2062641913175));
#13116=CARTESIAN_POINT('',(-3.05913371106191,-49.2344135019119,-29.4286001099066));
#13117=CARTESIAN_POINT('',(-2.19092148667909,-48.3179174706735,-29.7414011000538));
#13118=CARTESIAN_POINT('',(-1.54711182921433,-48.0262760038174,-29.8343320220511));
#13119=CARTESIAN_POINT('',(-0.25054441610128,-48.0099496732742,-29.8396141638078));
#13120=CARTESIAN_POINT('',(0.402213339546994,-48.2852853303734,-29.7520384149395));
#13121=CARTESIAN_POINT('',(1.3056743651595,-49.1765990413984,-29.4487840064744));
#13122=CARTESIAN_POINT('',(1.55637763512374,-49.7917618871481,-29.2306775062686));
#13123=CARTESIAN_POINT('',(1.57734439082707,-51.0165254083643,-28.7646814161613));
#13124=CARTESIAN_POINT('',(1.34760787656618,-51.6259986977697,-28.5168794945295));
#13125=CARTESIAN_POINT('',(0.704802412649669,-52.3015217418511,-28.2315511832926));
#13126=CARTESIAN_POINT('',(0.440833809256638,-52.4870836915973,-28.1512239002833));
#13127=CARTESIAN_POINT('',(-0.147386589464993,-52.7472352305745,-28.037709177974));
#13128=CARTESIAN_POINT('',(-0.47163838479359,-52.8218620961923,-28.0046006528786));
#13129=CARTESIAN_POINT('',(-1.12293925257387,-52.8302810835578,-28.0008812212723));
#13130=CARTESIAN_POINT('',(-1.44998832502555,-52.7640752160087,-28.0302744945162));
#13131=CARTESIAN_POINT('',(-2.04866495032235,-52.519789186846,-28.1370239050261));
#13132=CARTESIAN_POINT('',(-2.32029250316746,-52.3416728599558,-28.2143037147861));
#13133=CARTESIAN_POINT('',(-2.99242585606574,-51.6851111630955,-28.4924052446538));
#13134=CARTESIAN_POINT('',(-3.25018235048187,-51.0838036127831,-28.7380211508956));
#13135=CARTESIAN_POINT('',(-3.28353627797996,-49.8584295184582,-29.2062641913175));
#13136=CARTESIAN_POINT('',(-3.25018235048187,-49.7915353891228,-25.4849985033725));
#13137=CARTESIAN_POINT('',(-3.28353627797996,-48.6520500308268,-25.9204215232942));
#13138=CARTESIAN_POINT('',(-3.05913371106191,-48.0717724507067,-26.1271735062428));
#13139=CARTESIAN_POINT('',(-2.19092148667909,-47.2195153209296,-26.4180496966111));
#13140=CARTESIAN_POINT('',(-1.54711182921433,-46.9483155437403,-26.5044669184532));
#13141=CARTESIAN_POINT('',(-0.25054441610128,-46.9331335558928,-26.5093788251274));
#13142=CARTESIAN_POINT('',(0.402213339546994,-47.189170427681,-26.4279414224277));
#13143=CARTESIAN_POINT('',(1.3056743651595,-48.0180103126315,-26.1459426761795));
#13144=CARTESIAN_POINT('',(1.55637763512374,-48.5900552570659,-25.9431236638593));
#13145=CARTESIAN_POINT('',(1.57734439082707,-49.7289728384513,-25.50979010135));
#13146=CARTESIAN_POINT('',(1.34760787656618,-50.2957270180658,-25.2793570745994));
#13147=CARTESIAN_POINT('',(0.704802412649669,-50.9239014029229,-25.0140279522787));
#13148=CARTESIAN_POINT('',(0.440833809256638,-51.0964569725011,-24.9393309570633));
#13149=CARTESIAN_POINT('',(-0.147386589464993,-51.3383740090824,-24.8337726915332));
#13150=CARTESIAN_POINT('',(-0.47163838479359,-51.4077701397016,-24.8029848041805));
#13151=CARTESIAN_POINT('',(-1.12293925257387,-51.4155990246756,-24.7995260744129));
#13152=CARTESIAN_POINT('',(-1.44998832502555,-51.3540336487999,-24.826859118786));
#13153=CARTESIAN_POINT('',(-2.04866495032235,-51.1268700791143,-24.92612626573));
#13154=CARTESIAN_POINT('',(-2.32029250316746,-50.9612382549188,-24.997989390731));
#13155=CARTESIAN_POINT('',(-2.99242585606574,-50.350696181396,-25.2565982701512));
#13156=CARTESIAN_POINT('',(-3.25018235048187,-49.7915353891228,-25.4849985033725));
#13157=CARTESIAN_POINT('',(-3.28353627797996,-48.6520500308268,-25.9204215232942));
#13158=CARTESIAN_POINT('',(-3.25018235048187,-49.7786127068862,-25.4524682768972));
#13159=CARTESIAN_POINT('',(-3.28353627797996,-48.6399862359505,-25.887563096614));
#13160=CARTESIAN_POINT('',(-3.05913371106191,-48.0601460401946,-26.0941592402061));
#13161=CARTESIAN_POINT('',(-2.19092148667909,-47.2085312994322,-26.3848161825767));
#13162=CARTESIAN_POINT('',(-1.54711182921433,-46.9375359391395,-26.4711682674172));
#13163=CARTESIAN_POINT('',(-0.25054441610128,-46.922365394719,-26.4760764717406));
#13164=CARTESIAN_POINT('',(0.402213339546994,-47.1782092786541,-26.3947004525026));
#13165=CARTESIAN_POINT('',(1.3056743651595,-48.0064244253438,-26.1129142628765));
#13166=CARTESIAN_POINT('',(1.55637763512374,-48.578038190765,-25.9102481254352));
#13167=CARTESIAN_POINT('',(1.57734439082707,-49.7160973127522,-25.4772411882019));
#13168=CARTESIAN_POINT('',(1.34760787656618,-50.2824243012688,-25.2469818504001));
#13169=CARTESIAN_POINT('',(0.704802412649669,-50.9101251995336,-24.9818527199686));
#13170=CARTESIAN_POINT('',(0.440833809256638,-51.0825507053101,-24.9072120276312));
#13171=CARTESIAN_POINT('',(-0.147386589464993,-51.3242853968675,-24.8017333266688));
#13172=CARTESIAN_POINT('',(-0.47163838479359,-51.3936292201367,-24.7709686456935));
#13173=CARTESIAN_POINT('',(-1.12293925257387,-51.4014522040868,-24.7675125229443));
#13174=CARTESIAN_POINT('',(-1.44998832502555,-51.3399332331278,-24.7948249650287));
#13175=CARTESIAN_POINT('',(-2.04866495032235,-51.1129408880369,-24.8940172893371));
#13176=CARTESIAN_POINT('',(-2.32029250316746,-50.9474339088684,-24.9658262474904));
#13177=CARTESIAN_POINT('',(-2.99242585606574,-50.337352031579,-25.2242402004062));
#13178=CARTESIAN_POINT('',(-3.25018235048187,-49.7786127068862,-25.4524682768972));
#13179=CARTESIAN_POINT('',(-3.28353627797996,-48.6399862359505,-25.887563096614));
#13180=CARTESIAN_POINT('',(-2.74208306984278,-52.286438688365,-28.2454494761987));
#13181=CARTESIAN_POINT('',(-3.50596182472605,-50.4825636914788,-28.9844151345295));
#13182=CARTESIAN_POINT('',(-2.8352255166385,-48.6100059394436,-29.6497460123228));
#13183=CARTESIAN_POINT('',(-0.903301701942986,-47.7344054685029,-29.9266044460605));
#13184=CARTESIAN_POINT('',(1.05546358846361,-48.5610492178198,-29.6656747610118));
#13185=CARTESIAN_POINT('',(1.805110462208,-50.4070507755334,-29.013163774134));
#13186=CARTESIAN_POINT('',(1.12526064055678,-52.2356095665838,-28.2677469097419));
#13187=CARTESIAN_POINT('',(-0.791727620704096,-53.1085953210754,-27.875812309128));
#13188=CARTESIAN_POINT('',(-2.74208306984278,-52.286438688365,-28.2454494761987));
#13189=CARTESIAN_POINT('',(-3.50596182472605,-50.4825636914788,-28.9844151345295));
#13190=CARTESIAN_POINT('',(-2.8352255166385,-48.6100059394436,-29.6497460123228));
#13191=CARTESIAN_POINT('',(-3.26685931423092,-50.4711165656207,-28.9721426711066));
#13192=CARTESIAN_POINT('',(1.00162640715289,-47.3989209000332,-26.3631438068802));
#13193=CARTESIAN_POINT('',(1.83193687479697,-49.1605500311676,-25.7427002997073));
#13194=CARTESIAN_POINT('',(1.07179217151162,-50.9159632618482,-25.0247962899182));
#13195=CARTESIAN_POINT('',(-0.800713647872191,-51.6503502980404,-24.693581273992));
#13196=CARTESIAN_POINT('',(-2.69041665391592,-50.9531478639917,-25.0082324015849));
#13197=CARTESIAN_POINT('',(-3.53077464814807,-49.2377964410675,-25.7131918535961));
#13198=CARTESIAN_POINT('',(-2.78717226604703,-47.4420779866112,-26.3492774606361));
#13199=CARTESIAN_POINT('',(-0.897431653172387,-46.7007880240243,-26.5822948695805));
#13200=CARTESIAN_POINT('',(1.00162640715289,-47.3989209000332,-26.3631438068802));
#13201=CARTESIAN_POINT('',(1.83193687479697,-49.1605500311676,-25.7427002997073));
#13202=CARTESIAN_POINT('',(1.07179217151162,-50.9159632618482,-25.0247962899182));
#13203=CARTESIAN_POINT('',(1.5668610129754,-49.1595140477586,-25.7264568826046));
#13204=CARTESIAN_POINT('',(-19.,-32.6470204278534,17.6728339254366));
#13205=CARTESIAN_POINT('',(-6.52784122323807,-15.9539525598208,-25.8914324975033));
#13206=CARTESIAN_POINT('',(-6.52784122323807,-16.0039868330891,-32.3912399232274));
#13207=CARTESIAN_POINT('',(-6.02269090217249,-13.8364132167705,-25.9077329099936));
#13208=CARTESIAN_POINT('',(-6.02269090217249,-13.8864474900388,-32.4075403357177));
#13209=CARTESIAN_POINT('',(-7.1631303840885,-11.9820644230834,-25.9220073320189));
#13210=CARTESIAN_POINT('',(-7.1631303840885,-12.0320986963517,-32.421814757743));
#13211=CARTESIAN_POINT('',(-9.28110568754541,-11.4771585527312,-25.9258940007519));
#13212=CARTESIAN_POINT('',(-9.28110568754541,-11.5271928259995,-32.425701426476));
#13213=CARTESIAN_POINT('',(-11.1359356045495,-12.6174626168444,-25.9171161583612));
#13214=CARTESIAN_POINT('',(-11.1359356045495,-12.6674968901127,-32.4169235840853));
#13215=CARTESIAN_POINT('',(-11.641085925615,-14.7350019598947,-25.9008157458709));
#13216=CARTESIAN_POINT('',(-11.641085925615,-14.785036233163,-32.4006231715951));
#13217=CARTESIAN_POINT('',(-10.500646443699,-16.5893507535818,-25.8865413238456));
#13218=CARTESIAN_POINT('',(-10.500646443699,-16.6393850268501,-32.3863487495697));
#13219=CARTESIAN_POINT('',(-8.38267114024209,-17.0942566239341,-25.8826546551126));
#13220=CARTESIAN_POINT('',(-8.38267114024209,-17.1442908972023,-32.3824620808368));
#13221=CARTESIAN_POINT('',(-6.52784122323807,-15.9539525598208,-25.8914324975033));
#13222=CARTESIAN_POINT('',(-6.52784122323807,-16.0039868330891,-32.3912399232274));
#13223=CARTESIAN_POINT('',(-6.02269090217249,-13.8364132167705,-25.9077329099936));
#13224=CARTESIAN_POINT('',(-6.02269090217249,-13.8864474900388,-32.4075403357177));
#13225=CARTESIAN_POINT('',(-7.1631303840885,-11.9820644230834,-25.9220073320189));
#13226=CARTESIAN_POINT('',(-7.1631303840885,-12.0320986963517,-32.421814757743));
#13227=CARTESIAN_POINT('',(-8.83188841389375,-14.3357418616009,-32.4040817536564));
#13228=CARTESIAN_POINT('',(-6.29695586933609,-13.9303125815993,-32.4072026706402));
#13229=CARTESIAN_POINT('',(-8.83188841389375,-14.2857075883326,-25.9042743279322));
#13230=CARTESIAN_POINT('',(-6.29695586933609,-13.8802783083311,-25.9073952449161));
#13231=CARTESIAN_POINT('',(23.439368124716,-29.5309133955279,-25.7869196521045));
#13232=CARTESIAN_POINT('',(23.439368124716,-29.5809476687962,-32.2867270778286));
#13233=CARTESIAN_POINT('',(23.4638575187472,-27.3633752197592,-25.8036049460375));
#13234=CARTESIAN_POINT('',(23.4638575187472,-27.4134094930275,-32.3034123717616));
#13235=CARTESIAN_POINT('',(21.948237214347,-25.8135840593245,-25.8155349417052));
#13236=CARTESIAN_POINT('',(21.948237214347,-25.8636183325928,-32.3153423674293));
#13237=CARTESIAN_POINT('',(19.780337030425,-25.7893865571605,-25.8157212094446));
#13238=CARTESIAN_POINT('',(19.780337030425,-25.8394208304288,-32.3155286351687));
#13239=CARTESIAN_POINT('',(18.2300834928516,-27.3049572818594,-25.8040546361402));
#13240=CARTESIAN_POINT('',(18.2300834928516,-27.3549915551276,-32.3038620618643));
#13241=CARTESIAN_POINT('',(18.2055940988205,-29.472495457628,-25.7873693422072));
#13242=CARTESIAN_POINT('',(18.2055940988205,-29.5225297308963,-32.2871767679313));
#13243=CARTESIAN_POINT('',(19.7212144032207,-31.0222866180627,-25.7754393465395));
#13244=CARTESIAN_POINT('',(19.7212144032207,-31.072320891331,-32.2752467722636));
#13245=CARTESIAN_POINT('',(21.8891145871426,-31.0464841202267,-25.7752530788001));
#13246=CARTESIAN_POINT('',(21.8891145871426,-31.096518393495,-32.2750605045242));
#13247=CARTESIAN_POINT('',(23.439368124716,-29.5309133955279,-25.7869196521045));
#13248=CARTESIAN_POINT('',(23.439368124716,-29.5809476687962,-32.2867270778286));
#13249=CARTESIAN_POINT('',(23.4638575187472,-27.3633752197592,-25.8036049460375));
#13250=CARTESIAN_POINT('',(23.4638575187472,-27.4134094930275,-32.3034123717616));
#13251=CARTESIAN_POINT('',(21.948237214347,-25.8135840593245,-25.8155349417052));
#13252=CARTESIAN_POINT('',(21.948237214347,-25.8636183325928,-32.3153423674293));
#13253=CARTESIAN_POINT('',(20.8347258087838,-28.4679696119619,-32.2952945698465));
#13254=CARTESIAN_POINT('',(23.2071725690086,-27.5163673289165,-32.3026198220507));
#13255=CARTESIAN_POINT('',(20.8347258087838,-28.4179353386936,-25.7954871441223));
#13256=CARTESIAN_POINT('',(23.2071725690086,-27.4663330556482,-25.8028123963266));
#13257=CARTESIAN_POINT('',(-19.,-33.031395103816,-32.2601661940125));
#13258=CARTESIAN_POINT('',(-19.,-10.4947698932087,-32.43364882057));
#13259=CARTESIAN_POINT('',(-13.8880898327929,-10.4947698932087,-32.43364882057));
#13260=CARTESIAN_POINT('',(25.5441048595913,-11.4329395031144,-32.4264269705121));
#13261=CARTESIAN_POINT('',(25.4327266767535,-33.0313951038161,-32.2601661940125));
#13262=CARTESIAN_POINT('',(-19.,-33.0313951038161,-32.2601661940125));
#13263=CARTESIAN_POINT('',(-12.4640107748374,-33.0313951038161,-32.2601661940125));
#13264=CARTESIAN_POINT('',(-1.84550647913308,-28.6158128633739,-32.2941565007996));
#13265=CARTESIAN_POINT('',(-13.3404504167463,-28.9567877468024,-32.2915317414217));
#13266=CARTESIAN_POINT('',(-13.3405207864047,-28.9544154451508,-32.2915500029456));
#13267=CARTESIAN_POINT('',(-19.,-32.9813608305477,-25.7603587682884));
#13268=CARTESIAN_POINT('',(-19.,-32.6470204278534,17.6728339254366));
#13269=CARTESIAN_POINT('',(-3.85467034238613,-32.6470204278534,17.6728339254366));
#13270=CARTESIAN_POINT('',(-4.8036144020752,-43.4216400694773,-31.0853429928892));
#13271=CARTESIAN_POINT('',(-5.62874855149498,-52.7904817019607,-28.0184476578039));
#13272=CARTESIAN_POINT('',(-8.03848214297493,-38.3058620080925,-31.9399643910279));
#13273=CARTESIAN_POINT('',(-6.26768134586635,-39.4375927225835,-31.8108790533305));
#13274=CARTESIAN_POINT('',(-5.06002427838183,-41.3907598380776,-31.5341284769667));
#13275=CARTESIAN_POINT('',(-4.8036144020752,-43.4216400694773,-31.0853429928892));
#13276=CARTESIAN_POINT('',(-8.03848214297492,-38.3058620080925,-31.9399643910279));
#13277=CARTESIAN_POINT('',(-8.03848214297493,-38.3058620080925,-31.9399643910279));
#13278=CARTESIAN_POINT('',(-10.0188392121438,-37.0402024689183,-32.0843256661372));
#13279=CARTESIAN_POINT('',(-11.5662811308923,-35.1902374855305,-32.2435478386375));
#13280=CARTESIAN_POINT('',(-12.4640107748374,-33.0313951038161,-32.2601661940125));
#13281=CARTESIAN_POINT('',(25.4347049080787,-32.6470204278534,17.6728339254366));
#13282=CARTESIAN_POINT('',(25.3275561421836,-53.4245670287119,-27.7336171808719));
#13283=CARTESIAN_POINT('',(-19.,-53.4245670287119,-27.7336171808719));
#13284=CARTESIAN_POINT('',(-5.42150964057757,-53.4245670287119,-27.7336171808719));
#13285=CARTESIAN_POINT('',(-3.83684289610818,-32.6470204278534,17.6728339254366));
#13286=CARTESIAN_POINT('',(-5.53776462171227,-54.9488580485989,-27.0046803693217));
#13287=CARTESIAN_POINT('',(-5.57055478380337,-56.0945440601718,-26.4141922878645));
#13288=CARTESIAN_POINT('',(-5.57773108149196,-55.7147983445587,-26.6161586576992));
#13289=CARTESIAN_POINT('',(-5.56705422831379,-55.3328922111178,-26.8129806369505));
#13290=CARTESIAN_POINT('',(-5.53776462171227,-54.9488580485989,-27.0046803693217));
#13291=CARTESIAN_POINT('',(-5.57055478380292,-56.0945440601718,-26.4141922878645));
#13292=CARTESIAN_POINT('',(-5.62874855149525,-52.7904817019607,-28.0184476578039));
#13293=CARTESIAN_POINT('',(-5.72839085750409,-53.9218528681508,-27.5196712942809));
#13294=CARTESIAN_POINT('',(-5.70317219298702,-55.0223904266963,-26.9844132761608));
#13295=CARTESIAN_POINT('',(-5.57055478380292,-56.0945440601718,-26.4141922878645));
#13296=CARTESIAN_POINT('',(17.6787870813195,-46.183839985179,-30.391776351698));
#13297=CARTESIAN_POINT('',(16.3943057629419,-47.5749126743434,-29.9999974550053));
#13298=CARTESIAN_POINT('',(12.5485706346161,-49.2929019551241,-29.4008640479329));
#13299=CARTESIAN_POINT('',(8.6827272812122,-47.575109903409,-29.9999419078105));
#13300=CARTESIAN_POINT('',(7.39806384650656,-46.183839985179,-30.391776351698));
#13301=CARTESIAN_POINT('',(17.6787870813195,-46.183839985179,-30.391776351698));
#13302=CARTESIAN_POINT('',(7.39806384650656,-46.183839985179,-30.391776351698));
#13303=CARTESIAN_POINT('',(17.6787870813196,-46.183839985179,-30.391776351698));
#13304=CARTESIAN_POINT('',(17.8055906481452,-46.0465137538231,-30.4304526335535));
#13305=CARTESIAN_POINT('',(18.0387965186247,-45.7581723934181,-30.5103781833974));
#13306=CARTESIAN_POINT('',(18.3275901576815,-45.2818268474637,-30.6377083639165));
#13307=CARTESIAN_POINT('',(18.4892394276452,-44.8384429226055,-30.7510604553298));
#13308=CARTESIAN_POINT('',(18.5548480057236,-44.485496018225,-30.8383965733997));
#13309=CARTESIAN_POINT('',(18.4853429283311,-44.2629953525189,-30.8917763516981));
#13310=CARTESIAN_POINT('',(18.3883464667532,-44.2629953525189,-30.8917763516981));
#13311=CARTESIAN_POINT('',(6.68850446107288,-44.262995352519,-30.891776351698));
#13312=CARTESIAN_POINT('',(6.59051062574652,-44.262995352519,-30.891776351698));
#13313=CARTESIAN_POINT('',(6.52204793136644,-44.4889760363088,-30.8375527490661));
#13314=CARTESIAN_POINT('',(6.58841083753505,-44.8407514734132,-30.7504743486924));
#13315=CARTESIAN_POINT('',(6.75094495129581,-45.2849130354906,-30.6368922312036));
#13316=CARTESIAN_POINT('',(7.03671745629743,-45.7560625846081,-30.5109451476198));
#13317=CARTESIAN_POINT('',(7.27122150718106,-46.046471763827,-30.430464459531));
#13318=CARTESIAN_POINT('',(7.39806384650654,-46.183839985179,-30.391776351698));
#13319=CARTESIAN_POINT('',(-5.73355343813563,-71.5251669446603,-16.6));
#13320=CARTESIAN_POINT('',(14.257749360369,-56.408867965788,-16.6));
#13321=CARTESIAN_POINT('',(16.9198752052354,-67.1377993700768,-16.6));
#13322=CARTESIAN_POINT('',(14.9293785012616,-67.4427157710164,-16.6));
#13323=CARTESIAN_POINT('',(10.0077593244475,-54.1676227757704,-16.6));
#13324=CARTESIAN_POINT('',(4.39104206096644,-67.7490554696745,-16.6));
#13325=CARTESIAN_POINT('',(6.49455678945597,-55.8665419294406,-16.6));
#13326=CARTESIAN_POINT('',(7.22773296368656,-67.9115141147283,-16.6));
#13327=CARTESIAN_POINT('',(14.9293785012616,-67.4427157710164,-16.6));
#13328=CARTESIAN_POINT('',(7.98164448014563,-67.8656236010066,-16.6));
#13329=CARTESIAN_POINT('',(10.0077593244475,-54.1676227757706,-16.6));
#13330=CARTESIAN_POINT('',(13.6803513425977,-67.5187439211534,-16.6));
#13331=CARTESIAN_POINT('',(14.9293785012616,-67.4427157710164,-16.6));
#13332=CARTESIAN_POINT('',(-5.73355343813563,-71.5251669446603,-16.6));
#13333=CARTESIAN_POINT('',(14.257749360369,-56.408867965788,-16.6));
#13334=CARTESIAN_POINT('',(25.3118722771023,-56.4658735233417,-16.6));
#13335=CARTESIAN_POINT('',(25.1454678284544,-58.320534686624,-16.6));
#13336=CARTESIAN_POINT('',(25.5440979694091,-11.434275599535,-16.6));
#13337=CARTESIAN_POINT('',(25.522513353129,-71.5251669446603,-16.6));
#13338=CARTESIAN_POINT('',(10.0077593244475,-54.1676227757704,-16.6));
#13339=CARTESIAN_POINT('',(-0.606436224713978,-65.7320401383422,-17.6));
#13340=CARTESIAN_POINT('',(-5.77790142649996,-71.4853036430038,13.));
#13341=CARTESIAN_POINT('',(-1.5625619852234,-66.7957316124541,13.));
#13342=CARTESIAN_POINT('',(-2.74957242423382,-68.1162826694451,13.));
#13343=CARTESIAN_POINT('',(-1.5625619852234,-66.7957316124541,1.10000000000001));
#13344=CARTESIAN_POINT('',(-0.606436224713986,-65.7320401383422,12.952365183705));
#13345=CARTESIAN_POINT('',(-0.606436224713984,-65.7320401383422,-17.6));
#13346=CARTESIAN_POINT('',(-0.606436224713981,-65.7320401383422,-7.9));
#13347=CARTESIAN_POINT('',(-2.75356029083135,-68.1207191775646,-7.9));
#13348=CARTESIAN_POINT('',(-2.75356029083133,-68.1207191775646,-7.90000000000001));
#13349=CARTESIAN_POINT('',(-2.75356029083134,-68.1207191775646,-17.6));
#13350=CARTESIAN_POINT('',(-2.75156635753259,-68.1185009235048,16.));
#13351=CARTESIAN_POINT('',(-2.74957242423382,-68.1162826694451,16.));
#13352=CARTESIAN_POINT('',(-5.73355343813563,-71.5251669446603,13.));
#13353=CARTESIAN_POINT('',(-4.6977017273713,-66.7957316124541,13.));
#13354=CARTESIAN_POINT('',(-0.0162603312385925,-66.7957316124541,13.));
#13355=CARTESIAN_POINT('',(-5.38123721203672,-71.2557995622521,13.));
#13356=CARTESIAN_POINT('',(-1.97693851029043,-68.9769892970324,13.));
#13357=CARTESIAN_POINT('',(-4.9226349287943,-72.2540813858544,13.));
#13358=CARTESIAN_POINT('',(23.0148725806592,-68.2243441120736,-11.9));
#13359=CARTESIAN_POINT('',(23.9558254107376,-68.5628818080065,-11.9));
#13360=CARTESIAN_POINT('',(23.9558254107376,-68.5628818080065,-11.9));
#13361=CARTESIAN_POINT('',(23.9558254107376,-68.5628818080065,-7.));
#13362=CARTESIAN_POINT('',(23.0148725806592,-68.2243441120736,-7.));
#13363=CARTESIAN_POINT('',(23.2981171230288,-67.2652963920837,-7.00000000000383));
#13364=CARTESIAN_POINT('',(23.2981171230288,-67.2652963920837,-11.9));
#13365=CARTESIAN_POINT('',(23.2981171230288,-67.2652963920837,-11.9));
#13366=CARTESIAN_POINT('',(23.0148725806592,-68.2243441120736,-11.9));
#13367=CARTESIAN_POINT('',(23.1664634968712,-70.7568836451192,-11.9));
#13368=CARTESIAN_POINT('',(23.1664634968712,-70.7568836451192,-11.9));
#13369=CARTESIAN_POINT('',(23.1664634968712,-70.7568836451192,-11.9));
#13370=CARTESIAN_POINT('',(23.1664634968712,-70.7568836451192,-7.));
#13371=CARTESIAN_POINT('',(24.220162278343,-67.8281673976011,-7.));
#13372=CARTESIAN_POINT('',(23.1664634968712,-70.7568836451192,-11.9));
#13373=CARTESIAN_POINT('',(23.5898922704065,-70.909225608289,-11.9));
#13374=CARTESIAN_POINT('',(24.0133210439417,-71.0615675714588,-11.9));
#13375=CARTESIAN_POINT('',(24.0133210439417,-71.0615675714588,-11.9));
#13376=CARTESIAN_POINT('',(24.0133210439417,-71.0615675714588,-7.));
#13377=CARTESIAN_POINT('',(23.5898922704065,-70.909225608289,-7.));
#13378=CARTESIAN_POINT('',(23.5898922704065,-70.909225608289,-11.9));
#13379=CARTESIAN_POINT('',(24.8660171284243,-68.6915307822625,-11.9));
#13380=CARTESIAN_POINT('',(24.8660171284243,-68.6915307822625,-11.9));
#13381=CARTESIAN_POINT('',(24.8660171284243,-68.6915307822625,-11.9));
#13382=CARTESIAN_POINT('',(24.8660171284243,-68.6915307822625,-7.));
#13383=CARTESIAN_POINT('',(25.0670198254135,-68.1328513239406,-7.));
#13384=CARTESIAN_POINT('',(24.8660171284243,-68.6915307822625,-11.9));
#13385=CARTESIAN_POINT('',(25.8540176000066,-69.046995362992,-11.9));
#13386=CARTESIAN_POINT('',(26.1015514198,-68.0265900474147,-4.81699044884764));
#13387=CARTESIAN_POINT('',(26.1015514198,-68.0265900474147,-7.));
#13388=CARTESIAN_POINT('',(26.1015514198,-68.0265900474147,-4.81699044884764));
#13389=CARTESIAN_POINT('',(25.8540176000066,-69.046995362992,-7.));
#13390=CARTESIAN_POINT('',(25.8540176000066,-69.046995362992,-11.9));
#13391=CARTESIAN_POINT('',(25.9459810957819,-68.0010303944368,-11.9));
#13392=CARTESIAN_POINT('',(25.8540176000066,-69.046995362992,-11.9));
#13393=CARTESIAN_POINT('',(26.1551536630369,-68.0411041802378,-11.9));
#13394=CARTESIAN_POINT('',(26.1551536630369,-68.0411041802378,-11.9));
#13395=CARTESIAN_POINT('',(26.1551536630369,-68.0411041802378,-4.83522610627902));
#13396=CARTESIAN_POINT('',(26.1551536630369,-68.0411041802378,-4.83522610627902));
#13397=CARTESIAN_POINT('',(26.1373732774259,-68.0357812234272,-4.82905492762568));
#13398=CARTESIAN_POINT('',(26.1195055126287,-68.0309454198446,-4.82297663284689));
#13399=CARTESIAN_POINT('',(26.1015514198,-68.0265900474147,-4.81699044884764));
#13400=CARTESIAN_POINT('',(23.2981171230288,-67.2652963920837,-3.87830504449404));
#13401=CARTESIAN_POINT('',(23.2981171230288,-67.2652963920837,-7.01873016973689));
#13402=CARTESIAN_POINT('',(23.7658679116745,-67.3925548473835,-4.0329435527369));
#13403=CARTESIAN_POINT('',(23.7658679116745,-67.3925548473835,-7.17336867797974));
#13404=CARTESIAN_POINT('',(24.7013557139978,-67.6470680103011,-4.34221601521528));
#13405=CARTESIAN_POINT('',(24.7013557139978,-67.6470680103011,-7.48264114045813));
#13406=CARTESIAN_POINT('',(25.6348240996101,-67.9000839435886,-4.65873385786848));
#13407=CARTESIAN_POINT('',(25.6348240996101,-67.9000839435886,-7.79915898311132));
#13408=CARTESIAN_POINT('',(26.1015514198,-68.0265900474147,-4.81699044884764));
#13409=CARTESIAN_POINT('',(26.1015514198,-68.0265900474147,-7.95741557409048));
#13410=CARTESIAN_POINT('',(23.2981171230288,-67.2652963920837,-3.87830504449405));
#13411=CARTESIAN_POINT('',(24.2339238906297,-67.5203736664157,-4.1860689655305));
#13412=CARTESIAN_POINT('',(25.1683277135459,-67.7738720808863,-4.49958445031689));
#13413=CARTESIAN_POINT('',(26.1015514198,-68.0265900474147,-4.81699044884764));
#13414=CARTESIAN_POINT('',(23.2981171230288,-67.2652963920837,-3.87830504449404));
#13415=CARTESIAN_POINT('',(23.2981171230288,-67.2652963920837,-11.9));
#13416=CARTESIAN_POINT('',(26.1015514198,-68.0265900474147,-6.99999999999999));
#13417=CARTESIAN_POINT('',(25.1669532377929,-67.7732678836285,-6.99999999999999));
#13418=CARTESIAN_POINT('',(24.232475337902,-67.5195022341854,-7.));
#13419=CARTESIAN_POINT('',(23.2981171230288,-67.2652963920837,-7.));
#13420=CARTESIAN_POINT('',(10.0077593244475,-54.1676227757704,-2.80000000000001));
#13421=CARTESIAN_POINT('',(29.1219957575848,-66.5250928491539,-5.36995658908416));
#13422=CARTESIAN_POINT('',(29.5582844577739,-67.2271568049762,-5.6443146330156));
#13423=CARTESIAN_POINT('',(30.3433393363721,-67.4477589748756,-5.92610454548524));
#13424=CARTESIAN_POINT('',(31.1046985810081,-67.0292271044777,-6.07791633827842));
#13425=CARTESIAN_POINT('',(31.3154406951327,-66.1716088811769,-5.98699996040607));
#13426=CARTESIAN_POINT('',(30.8760127284645,-65.4675491925258,-5.72437292594768));
#13427=CARTESIAN_POINT('',(30.0933251387937,-65.2504596004648,-5.43578516699056));
#13428=CARTESIAN_POINT('',(29.33360319621,-65.666376444097,-5.26958839496078));
#13429=CARTESIAN_POINT('',(29.1219957575848,-66.5250928491539,-5.36995658908416));
#13430=CARTESIAN_POINT('',(29.5582844577739,-67.2271568049762,-5.6443146330156));
#13431=CARTESIAN_POINT('',(30.3433393363721,-67.4477589748756,-5.92610454548524));
#13432=CARTESIAN_POINT('',(29.6164121541755,-67.1469131739889,-5.64555327777201));
#13433=CARTESIAN_POINT('',(23.2981171230288,-67.2652963920837,-3.87830504449405));
#13434=CARTESIAN_POINT('',(22.4451211006664,-67.0133730904991,-3.59281460672032));
#13435=CARTESIAN_POINT('',(21.5910846899203,-66.7611425212723,-3.31201900797633));
#13436=CARTESIAN_POINT('',(20.7354801485611,-66.5084488213497,-3.0382997289241));
#13437=CARTESIAN_POINT('',(20.7354801485611,-66.5084488213497,-3.0382997289241));
#13438=CARTESIAN_POINT('',(27.6916392766805,-68.5010855743767,-5.37190977599467));
#13439=CARTESIAN_POINT('',(27.1797185129075,-68.3478306239118,-5.19203892783341));
#13440=CARTESIAN_POINT('',(26.6675735929245,-68.1945085672632,-5.01307573238128));
#13441=CARTESIAN_POINT('',(26.1551536630369,-68.0411041802378,-4.83522610627902));
#13442=CARTESIAN_POINT('',(27.6916392766805,-68.5010855743768,-5.37190977599467));
#13443=CARTESIAN_POINT('',(28.0961488512172,-68.4274760832718,-5.4701849374133));
#13444=CARTESIAN_POINT('',(27.9799528201343,-68.5159713835512,-5.4569134025581));
#13445=CARTESIAN_POINT('',(27.8244240675835,-68.5408376766403,-5.41856565450721));
#13446=CARTESIAN_POINT('',(27.6916392766805,-68.5010855743768,-5.37190977599467));
#13447=CARTESIAN_POINT('',(28.0961488512171,-68.4274760832718,-5.4701849374133));
#13448=CARTESIAN_POINT('',(28.096148851217,-68.4274760832719,-5.47018493741327));
#13449=CARTESIAN_POINT('',(28.4095758940062,-68.188768960414,-5.50598356051753));
#13450=CARTESIAN_POINT('',(28.8399428705291,-68.165135008407,-5.62709196215182));
#13451=CARTESIAN_POINT('',(29.1686740580842,-68.3385726440361,-5.76082606888165));
#13452=CARTESIAN_POINT('',(29.1686740580839,-68.3385726440366,-5.76082606888169));
#13453=CARTESIAN_POINT('',(31.6763798165494,-64.6346807019694,-5.84541951430176));
#13454=CARTESIAN_POINT('',(32.0843070440953,-64.9816530094758,-6.03404253355124));
#13455=CARTESIAN_POINT('',(32.6502713303908,-65.9709353118306,-6.37569877357755));
#13456=CARTESIAN_POINT('',(32.2635945612367,-67.7432670036651,-6.5674101950469));
#13457=CARTESIAN_POINT('',(30.7649462638854,-68.7466311083358,-6.31507653123626));
#13458=CARTESIAN_POINT('',(29.6363132697967,-68.585297756461,-5.95107060489725));
#13459=CARTESIAN_POINT('',(29.1686740580839,-68.3385726440366,-5.76082606888169));
#13460=CARTESIAN_POINT('',(31.6763798165494,-64.6346807019694,-5.84541951430175));
#13461=CARTESIAN_POINT('',(31.749378634785,-64.0161313232578,-5.7740621918448));
#13462=CARTESIAN_POINT('',(31.7250238798319,-64.2224993016585,-5.79698024197685));
#13463=CARTESIAN_POINT('',(31.7006911567238,-64.4286805950636,-5.82077461972051));
#13464=CARTESIAN_POINT('',(31.6763798165494,-64.6346807019694,-5.84541951430176));
#13465=CARTESIAN_POINT('',(31.749378634785,-64.0161313232578,-5.77406219184481));
#13466=CARTESIAN_POINT('',(31.749378634785,-64.0161313232578,-5.77406219184481));
#13467=CARTESIAN_POINT('',(29.6255379347985,-61.8471836600769,-4.74418471351221));
#13468=CARTESIAN_POINT('',(27.4975415028352,-59.6739920038507,-3.73214928740808));
#13469=CARTESIAN_POINT('',(25.3509381652983,-57.4817982612803,-2.79999999999416));
#13470=CARTESIAN_POINT('',(25.3509381653199,-57.4817982612567,-2.80000000000001));
#13471=CARTESIAN_POINT('',(10.0077593244475,-54.1676227757704,-2.80000000000001));
#13472=CARTESIAN_POINT('',(19.6764725110047,-66.5334175908112,-2.80000000000001));
#13473=CARTESIAN_POINT('',(20.7354801485611,-66.5084488213497,-3.0382997289241));
#13474=CARTESIAN_POINT('',(20.3953539500868,-66.4079961666729,-2.92948883167797));
#13475=CARTESIAN_POINT('',(20.0248691905016,-66.412398200586,-2.84340751380076));
#13476=CARTESIAN_POINT('',(19.6764725110047,-66.5334175908112,-2.80000000000005));
#13477=CARTESIAN_POINT('',(-3.64962098927353,-61.9053782034108,-16.6));
#13478=CARTESIAN_POINT('',(-7.75618259215923,-67.9905756619584,-7.9));
#13479=CARTESIAN_POINT('',(-7.75618259215924,-67.9905756619584,-7.90000000000001));
#13480=CARTESIAN_POINT('',(-3.64962098927353,-61.9053782034108,-7.9));
#13481=CARTESIAN_POINT('',(-7.75618259215924,-67.9905756619584,-7.90000000000001));
#13482=CARTESIAN_POINT('',(-7.75618259215924,-67.9905756619584,-9.8));
#13483=CARTESIAN_POINT('',(-8.76219364035932,-69.4813059774311,-9.8));
#13484=CARTESIAN_POINT('',(-8.76219364035933,-69.4813059774311,-9.8));
#13485=CARTESIAN_POINT('',(-8.76219364035933,-69.4813059774311,-0.299999999999981));
#13486=CARTESIAN_POINT('',(-8.76219364035933,-69.4813059774311,16.));
#13487=CARTESIAN_POINT('',(-8.76219364035932,-69.4813059774311,16.));
#13488=CARTESIAN_POINT('',(-7.66421289766439,-67.8542928528048,16.));
#13489=CARTESIAN_POINT('',(-7.66421289766439,-67.8542928528048,16.));
#13490=CARTESIAN_POINT('',(-7.66421289766439,-67.8542928528048,13.));
#13491=CARTESIAN_POINT('',(-8.76219364035932,-69.4813059774311,13.));
#13492=CARTESIAN_POINT('',(-6.94984874209843,-66.7957316124541,13.));
#13493=CARTESIAN_POINT('',(-6.94984874209843,-66.7957316124541,1.10000000000001));
#13494=CARTESIAN_POINT('',(-3.64962098927353,-61.9053782034108,11.948706998286));
#13495=CARTESIAN_POINT('',(-3.64962098927353,-61.9053782034108,-0.299999999999995));
#13496=CARTESIAN_POINT('',(-5.73355343813563,-71.5251669446603,-9.8));
#13497=CARTESIAN_POINT('',(-5.33769110521845,-71.2391751952333,-9.8));
#13498=CARTESIAN_POINT('',(-3.38769110521845,-71.2391751952333,-9.8));
#13499=CARTESIAN_POINT('',(-5.33769110521842,-71.2391751952334,-9.8));
#13500=CARTESIAN_POINT('',(-2.10643221680198,-73.680786547605,-9.8));
#13501=CARTESIAN_POINT('',(-3.94717018209977,-74.712464230833,-9.8));
#13502=CARTESIAN_POINT('',(-3.9471701820998,-74.7124642308329,-9.8));
#13503=CARTESIAN_POINT('',(-5.73355343813563,-71.5251669446603,-9.8));
#13504=CARTESIAN_POINT('',(-5.73355343813563,-71.5251669446603,13.));
#13505=CARTESIAN_POINT('',(10.0077593244475,-54.1676227757706,13.));
#13506=CARTESIAN_POINT('',(4.32698163302662,-66.7957316124541,13.));
#13507=CARTESIAN_POINT('',(20.3871558605271,-63.3332376224291,13.));
#13508=CARTESIAN_POINT('',(-5.73355343813563,-66.7957316124541,13.));
#13509=CARTESIAN_POINT('',(0.684253369042914,-66.7957316124541,13.));
#13510=CARTESIAN_POINT('',(10.0077593244475,-54.1676227757704,13.));
#13511=CARTESIAN_POINT('',(3.18827404760721,-68.305922413653,13.));
#13512=CARTESIAN_POINT('',(-4.97389208649712,-72.880568455678,13.));
#13513=CARTESIAN_POINT('',(-1.3072824903101,-70.8255452178193,13.));
#13514=CARTESIAN_POINT('',(-5.38123721203672,-71.2557995622521,13.));
#13515=CARTESIAN_POINT('',(-2.06086403647011,-73.6552469675018,13.));
#13516=CARTESIAN_POINT('',(-3.94717018209977,-74.712464230833,13.));
#13517=CARTESIAN_POINT('',(5.75156613476313,-69.2766173029941,13.));
#13518=CARTESIAN_POINT('',(10.0077593244475,-54.1676227757704,13.));
#13519=CARTESIAN_POINT('',(22.7509300670179,-63.3332376224291,13.));
#13520=CARTESIAN_POINT('',(-5.73355343813563,-63.3332376224291,13.));
#13521=CARTESIAN_POINT('',(-5.38123721203672,-71.2557995622521,16.));
#13522=CARTESIAN_POINT('',(-5.38123721203672,-71.2557995622521,16.));
#13523=CARTESIAN_POINT('',(-1.97734874636985,-68.9774456853425,16.));
#13524=CARTESIAN_POINT('',(-1.97693851029043,-68.9769892970324,16.));
#13525=CARTESIAN_POINT('',(-5.38123721203672,-71.2557995622521,16.));
#13526=CARTESIAN_POINT('',(-5.38123721203672,-71.2557995622521,16.));
#13527=CARTESIAN_POINT('',(-1.30803246749402,-70.8259655572365,16.));
#13528=CARTESIAN_POINT('',(-2.06086403647012,-73.6552469675018,16.));
#13529=CARTESIAN_POINT('',(-2.06086403647011,-73.6552469675018,16.));
#13530=CARTESIAN_POINT('',(-1.3072824903101,-70.8255452178193,16.));
#13531=CARTESIAN_POINT('',(-5.38123721203672,-71.2557995622521,16.));
#13532=CARTESIAN_POINT('',(-5.38123721203672,-71.2557995622521,16.));
#13533=CARTESIAN_POINT('',(-4.70014893778698,-67.2162024736477,16.));
#13534=CARTESIAN_POINT('',(-4.70014893778698,-67.2162024736477,16.));
#13535=CARTESIAN_POINT('',(-4.70014893778698,-67.2162024736477,13.));
#13536=CARTESIAN_POINT('',(-5.38123721203672,-71.2557995622521,13.));
#13537=CARTESIAN_POINT('',(-5.73355343813563,-71.5251669446603,13.));
#13538=CARTESIAN_POINT('',(-7.02148585794206,-70.6560129265175,13.));
#13539=CARTESIAN_POINT('',(-4.41639651964901,-66.7957316124541,13.));
#13540=CARTESIAN_POINT('',(-5.73355343813563,-66.7957316124541,13.));
#13541=CARTESIAN_POINT('',(1.04073866499765,-0.861239615128282,-1.19999999999999));
#13542=CARTESIAN_POINT('',(1.04073866499765,-0.861239615128282,-16.6));
#13543=CARTESIAN_POINT('',(8.33882294115158,-38.3998855340131,-16.6));
#13544=CARTESIAN_POINT('',(23.772513353129,-31.6131239647626,-16.6));
#13545=CARTESIAN_POINT('',(23.772513353129,-31.6131239647626,-1.19999999999999));
#13546=CARTESIAN_POINT('',(23.772513353129,-31.6131239647626,-1.19999999999999));
#13547=CARTESIAN_POINT('',(1.04073866499765,-0.861239615128282,-1.19999999999999));
#13548=CARTESIAN_POINT('',(8.33882294115158,-38.3998855340131,-1.19999999999999));
#13549=CARTESIAN_POINT('',(8.33882294115158,-38.3998855340131,-1.19999999999999));
#13550=CARTESIAN_POINT('',(-3.87493546308453,24.4231697674411,-1.2));
#13551=CARTESIAN_POINT('',(-3.8749354630845,24.4231697674409,-16.6));
#13552=CARTESIAN_POINT('',(2.74074342384206,-39.233290742327,-16.6));
#13553=CARTESIAN_POINT('',(-3.8749354630845,24.4231697674409,-1.19999999999999));
#13554=CARTESIAN_POINT('',(2.74074342383978,-39.233290742327,-1.19999999999999));
#13555=CARTESIAN_POINT('',(2.74074342383978,-39.233290742327,-1.19999999999999));
#13556=CARTESIAN_POINT('',(23.772513353129,-71.5251669446603,-1.19999999999999));
#13557=CARTESIAN_POINT('',(23.772513353129,-71.5251669446603,-16.6));
#13558=CARTESIAN_POINT('',(23.772513353129,-46.6225288319225,-16.6));
#13559=CARTESIAN_POINT('',(23.772513353129,-46.6225288319225,-1.19999999999999));
#13560=CARTESIAN_POINT('',(23.772513353129,-46.6225288319225,-1.19999999999999));
#13561=CARTESIAN_POINT('',(23.772513353129,-71.5251669446603,-1.19999999999999));
#13562=CARTESIAN_POINT('',(10.0077593244475,-54.1676227757704,-1.19999999999999));
#13563=CARTESIAN_POINT('',(2.96254537446416,-40.140440004788,-1.19999999999999));
#13564=CARTESIAN_POINT('',(2.96254537446422,-40.1404400047881,-16.6));
#13565=CARTESIAN_POINT('',(2.96254537446416,-40.140440004788,-1.19999999999999));
#13566=CARTESIAN_POINT('',(10.0077593244475,-54.1676227757704,-1.19999999999999));
#13567=CARTESIAN_POINT('',(10.0077593244475,-54.1676227757704,-16.6));
#13568=CARTESIAN_POINT('',(-5.73355343813563,-71.5251669446603,-1.19999999999999));
#13569=CARTESIAN_POINT('',(-7.26685940453999,-71.390125371324,-1.19999999999999));
#13570=CARTESIAN_POINT('',(-4.28866734370276,-37.5747636041205,-1.19999999999999));
#13571=CARTESIAN_POINT('',(-4.46469392424824,-39.5734266789646,-1.19999999999999));
#13572=CARTESIAN_POINT('',(-3.87493546308451,24.4231697674431,-1.2));
#13573=CARTESIAN_POINT('',(-2.85802829350567,-39.5680645664509,-1.19999999999999));
#13574=CARTESIAN_POINT('',(-3.8749354630845,24.4231697674409,-1.19999999999999));
#13575=CARTESIAN_POINT('',(1.0407386650004,-0.861239615131793,-1.19999999999999));
#13576=CARTESIAN_POINT('',(1.04073866499764,-0.861239615128218,-1.19999999999999));
#13577=CARTESIAN_POINT('',(31.8107049571831,-23.5685324062786,-1.19999999999999));
#13578=CARTESIAN_POINT('',(22.3402243974662,-16.5796077873718,-1.19999999999999));
#13579=CARTESIAN_POINT('',(-3.8749354630845,24.4231697674409,-1.19999999999999));
#13580=CARTESIAN_POINT('',(-5.73355343813563,-71.5251669446603,-1.19999999999999));
#13581=CARTESIAN_POINT('',(-3.76851412949103,-47.9490968236743,-1.19999999999999));
#13582=CARTESIAN_POINT('',(-4.40497223742863,-47.9490968236743,-1.19999999999999));
#13583=CARTESIAN_POINT('',(-2.36439905449232,-47.9490968236743,-1.19999999999999));
#13584=CARTESIAN_POINT('',(10.0077593244475,-54.1676227757706,-1.19999999999999));
#13585=CARTESIAN_POINT('',(21.8322598627864,-46.9619614605762,-1.19999999999999));
#13586=CARTESIAN_POINT('',(25.522513353129,-46.9619614605762,-1.19999999999999));
#13587=CARTESIAN_POINT('',(23.9532009130924,-46.9619614605762,-1.19999999999999));
#13588=CARTESIAN_POINT('',(10.0077593244475,-54.1676227757704,-1.19999999999999));
#13589=CARTESIAN_POINT('',(10.0077593244475,-54.1676227757704,-1.19999999999999));
#13590=CARTESIAN_POINT('',(-3.42917879466915,-46.0530932099473,-1.19999999999999));
#13591=CARTESIAN_POINT('',(10.0077593244475,-54.1676227757704,-1.19999999999999));
#13592=CARTESIAN_POINT('',(-5.73355343813563,-71.5251669446603,-1.19999999999999));
#13593=CARTESIAN_POINT('',(-7.26685940453999,-71.390125371324,-1.19999999999999));
#13594=CARTESIAN_POINT('',(-5.20235731229333,-47.9490968236742,-1.19999999999999));
#13595=CARTESIAN_POINT('',(-4.80366477486098,-47.9490968236743,-1.19999999999999));
#13596=CARTESIAN_POINT('',(-5.67302890116904,-71.5304974715587,-1.19999999999999));
#13597=CARTESIAN_POINT('',(-5.73355343813563,-71.5251669446603,16.));
#13598=CARTESIAN_POINT('',(-5.73355343813563,-71.5251669446603,16.));
#13599=CARTESIAN_POINT('',(-8.75856810639307,-73.5743900620187,16.));
#13600=CARTESIAN_POINT('',(-5.73355343813563,-71.5251669446603,16.));
#13601=CARTESIAN_POINT('',(-8.50420266761266,-73.9070846542143,16.));
#13602=CARTESIAN_POINT('',(-5.73355343813563,-71.5251669446603,16.));
#13603=CARTESIAN_POINT('',(-3.9471701820998,-74.7124642308329,16.));
#13604=CARTESIAN_POINT('',(-3.94717018209977,-74.712464230833,16.));
#13605=CARTESIAN_POINT('',(-5.33769110521842,-71.2391751952334,16.));
#13606=CARTESIAN_POINT('',(-1.55403923032759,-69.7947104190498,16.));
#13607=CARTESIAN_POINT('',(-5.33769110521842,-71.2391751952334,16.));
#13608=CARTESIAN_POINT('',(-5.33769110521842,-71.2391751952334,16.));
#13609=CARTESIAN_POINT('',(-4.71446383122453,-67.2374146120713,16.));
#13610=CARTESIAN_POINT('',(-7.02148585794206,-70.6560129265175,16.));
#13611=CARTESIAN_POINT('',(-5.33769110521845,-71.2391751952333,16.));
#13612=CARTESIAN_POINT('',(-3.38769110521845,-71.2391751952333,16.));
#13613=CARTESIAN_POINT('',(-5.73355343813563,-71.5251669446603,-1.19999999999999));
#13614=CARTESIAN_POINT('',(24.7378571331107,-46.9619614605762,-1.19999999999999));
#13615=CARTESIAN_POINT('',(11.8212021988794,-63.367247314162,-7.));
#13616=CARTESIAN_POINT('',(30.2185997915962,-66.3485585852643,-17.6));
#13617=CARTESIAN_POINT('',(29.1686740580841,-68.3385726440361,-17.6));
#13618=CARTESIAN_POINT('',(29.1686741027244,-68.3385725594256,-13.95));
#13619=CARTESIAN_POINT('',(30.2185997915963,-66.3485584771018,-13.95));
#13620=CARTESIAN_POINT('',(28.0473522930446,-66.9386300216458,-13.95));
#13621=CARTESIAN_POINT('',(28.0473523249211,-66.9386300307771,-13.95));
#13622=CARTESIAN_POINT('',(28.0473522975478,-66.9386300382162,-11.9));
#13623=CARTESIAN_POINT('',(30.2185997915962,-66.3485585852644,-11.9));
#13624=CARTESIAN_POINT('',(27.9744085378596,-66.1869862588835,-11.9));
#13625=CARTESIAN_POINT('',(27.9744085301126,-66.1869862583258,-13.95));
#13626=CARTESIAN_POINT('',(27.9744085378596,-66.1869862588835,-13.95));
#13627=CARTESIAN_POINT('',(30.2185997915963,-66.3485584771018,-13.95));
#13628=CARTESIAN_POINT('',(28.7809255092412,-64.6177805354107,-13.95));
#13629=CARTESIAN_POINT('',(28.7809254379969,-64.6177804864273,-13.95));
#13630=CARTESIAN_POINT('',(28.7809254911605,-64.6177805504295,-11.9));
#13631=CARTESIAN_POINT('',(30.2185997915962,-66.3485585852644,-11.9));
#13632=CARTESIAN_POINT('',(31.6763798165494,-64.6346807019694,-11.9));
#13633=CARTESIAN_POINT('',(31.6763798165494,-64.6346807019694,-11.9));
#13634=CARTESIAN_POINT('',(32.385477507769,-66.954480166951,-19.1));
#13635=CARTESIAN_POINT('',(32.385477507769,-66.954480166951,-19.2227152923233));
#13636=CARTESIAN_POINT('',(32.385477507769,-66.954480166951,-16.26));
#13637=CARTESIAN_POINT('',(32.385477507769,-66.954480166951,-19.2227152923233));
#13638=CARTESIAN_POINT('',(32.4202676153491,-66.8300648776839,-19.2012301396466));
#13639=CARTESIAN_POINT('',(32.4437482380679,-66.7049579372723,-19.1734014490643));
#13640=CARTESIAN_POINT('',(32.4566749159785,-66.5799019180428,-19.136623186649));
#13641=CARTESIAN_POINT('',(32.4566749159785,-66.5799019180428,-19.136623186649));
#13642=CARTESIAN_POINT('',(30.2185997915962,-66.3485585852643,-18.6040834606535));
#13643=CARTESIAN_POINT('',(29.5251652369696,-68.4890371575584,-19.136623186649));
#13644=CARTESIAN_POINT('',(29.5251652369696,-68.4890371575584,-19.136623186649));
#13645=CARTESIAN_POINT('',(29.6924941712565,-68.5432454390732,-19.1880774574316));
#13646=CARTESIAN_POINT('',(29.8672490047936,-68.5783690588037,-19.2218520686346));
#13647=CARTESIAN_POINT('',(30.0483933342895,-68.5921115179787,-19.2451263973412));
#13648=CARTESIAN_POINT('',(30.0483933342895,-68.5921115179787,-19.2451263973412));
#13649=CARTESIAN_POINT('',(30.0483933342895,-68.5921115179787,-19.1));
#13650=CARTESIAN_POINT('',(30.0483933342895,-68.5921115179787,-16.26));
#13651=CARTESIAN_POINT('',(30.2185997915962,-66.3485585852643,-16.26));
#13652=CARTESIAN_POINT('',(30.2185997915962,-66.3485585852643,-19.3));
#13653=CARTESIAN_POINT('',(30.0483933342895,-68.5921115179787,-19.3));
#13654=CARTESIAN_POINT('',(30.329400151229,-69.0370080810017,-19.3));
#13655=CARTESIAN_POINT('',(31.7305246048175,-71.2553010767308,-19.3));
#13656=CARTESIAN_POINT('',(31.4810169987539,-68.2870217098932,-19.3));
#13657=CARTESIAN_POINT('',(32.7181511344963,-67.4813425093551,-19.3));
#13658=CARTESIAN_POINT('',(34.1137764800121,-69.6916242376979,-19.3));
#13659=CARTESIAN_POINT('',(34.1137764800121,-69.6916242376979,-19.3));
#13660=CARTESIAN_POINT('',(31.7305246048175,-71.2553010767308,-19.3));
#13661=CARTESIAN_POINT('',(30.2185997915962,-66.3485585852643,-17.6));
#13662=CARTESIAN_POINT('',(30.2185997915962,-66.3485585852643,-18.6040834606535));
#13663=CARTESIAN_POINT('',(29.6728773978946,-65.5105925543224,-18.2277902831962));
#13664=CARTESIAN_POINT('',(30.0483933342895,-68.5921115179787,-19.1));
#13665=CARTESIAN_POINT('',(30.329400151229,-69.0370080810017,-16.75));
#13666=CARTESIAN_POINT('',(31.7305246048175,-71.2553010767308,-19.1));
#13667=CARTESIAN_POINT('',(31.7305246048175,-71.2553010767308,-14.45));
#13668=CARTESIAN_POINT('',(30.0483933342895,-68.5921115179787,-14.45));
#13669=CARTESIAN_POINT('',(30.9845680133155,-70.074285159259,-14.45));
#13670=CARTESIAN_POINT('',(30.9845680133155,-70.074285159259,-19.1));
#13671=CARTESIAN_POINT('',(30.9845680133154,-70.074285159259,-16.26));
#13672=CARTESIAN_POINT('',(30.0483933342895,-68.5921115179787,-16.26));
#13673=CARTESIAN_POINT('',(34.1137764800121,-69.6916242376979,-19.1));
#13674=CARTESIAN_POINT('',(32.7181511344963,-67.4813425093551,-16.75));
#13675=CARTESIAN_POINT('',(34.1137764800121,-69.6916242376979,-16.26));
#13676=CARTESIAN_POINT('',(33.3945474591257,-68.5525658446507,-16.26));
#13677=CARTESIAN_POINT('',(33.3945474591257,-68.5525658446507,-19.1));
#13678=CARTESIAN_POINT('',(33.3945474591257,-68.5525658446507,-14.45));
#13679=CARTESIAN_POINT('',(34.1137764800121,-69.6916242376979,-14.45));
#13680=CARTESIAN_POINT('',(34.1137764800121,-69.6916242376979,-14.45));
#13681=CARTESIAN_POINT('',(34.1137764800121,-69.6916242376979,-19.1));
#13682=CARTESIAN_POINT('',(30.2185997915962,-66.3485585852644,-11.9));
#13683=CARTESIAN_POINT('',(23.2981171230288,-67.2652963920837,-11.9));
#13684=CARTESIAN_POINT('',(20.7354801485611,-66.5084488213497,-11.9));
#13685=CARTESIAN_POINT('',(20.2448499429126,-68.1696909979824,-11.9));
#13686=CARTESIAN_POINT('',(19.6764725110044,-66.5334175908113,-11.9));
#13687=CARTESIAN_POINT('',(10.0077593244475,-54.1676227757704,-11.9));
#13688=CARTESIAN_POINT('',(25.3509381653199,-57.4817982612567,-11.9));
#13689=CARTESIAN_POINT('',(25.3509381653118,-57.4817982612941,-11.9));
#13690=CARTESIAN_POINT('',(26.9463904315608,-59.1111353695901,-11.9));
#13691=CARTESIAN_POINT('',(26.9463904315608,-59.1111353695901,-11.9));
#13692=CARTESIAN_POINT('',(28.6829684179061,-57.3999945515031,-11.9));
#13693=CARTESIAN_POINT('',(27.6109942035228,-56.3120847763689,-11.9));
#13694=CARTESIAN_POINT('',(28.591073559967,-55.1407091533481,-11.9));
#13695=CARTESIAN_POINT('',(29.4697032758662,-55.593256016095,-11.9));
#13696=CARTESIAN_POINT('',(29.7761131810116,-54.6536274667935,-11.9));
#13697=CARTESIAN_POINT('',(27.6109942035228,-56.3120847763689,-11.9));
#13698=CARTESIAN_POINT('',(29.525213216356,-58.254759840623,-11.9));
#13699=CARTESIAN_POINT('',(29.5252132163546,-58.2547598406244,-11.9));
#13700=CARTESIAN_POINT('',(27.785960326887,-59.9685363802009,-11.9));
#13701=CARTESIAN_POINT('',(27.3807856372803,-59.5547564312969,-11.9));
#13702=CARTESIAN_POINT('',(27.3807856372803,-59.5547564312969,-11.9));
#13703=CARTESIAN_POINT('',(11.7984105489186,-55.0653063673799,-11.9));
#13704=CARTESIAN_POINT('',(22.6992847394239,-67.0709932345931,-11.9));
#13705=CARTESIAN_POINT('',(23.5403389600107,-67.311918653152,-11.9));
#13706=CARTESIAN_POINT('',(30.2185997915962,-66.3485585852644,-14.45));
#13707=CARTESIAN_POINT('',(26.4610540426508,-72.9305412949815,-14.45));
#13708=CARTESIAN_POINT('',(31.7305246048175,-71.2553010767308,-14.45));
#13709=CARTESIAN_POINT('',(30.2185997915962,-66.3485585852644,-11.9));
#13710=CARTESIAN_POINT('',(24.7708340916276,-66.0000502014991,-11.9));
#13711=CARTESIAN_POINT('',(24.7708340916276,-66.0000502014991,-11.9));
#13712=CARTESIAN_POINT('',(11.7984105489186,-55.0653063673799,-11.9));
#13713=CARTESIAN_POINT('',(25.7790067500681,-64.6775550714887,-11.9));
#13714=CARTESIAN_POINT('',(27.9744085301255,-66.1869862583312,-11.9));
#13715=CARTESIAN_POINT('',(30.2185997915962,-66.3485585852644,-11.9));
#13716=CARTESIAN_POINT('',(26.6959038484119,-63.1842403294706,-11.9));
#13717=CARTESIAN_POINT('',(26.6959038484072,-63.1842403294792,-11.9));
#13718=CARTESIAN_POINT('',(11.7984105489186,-55.0653063673799,-11.9));
#13719=CARTESIAN_POINT('',(27.9796346649068,-60.1663240499017,-11.9));
#13720=CARTESIAN_POINT('',(27.785960326887,-59.9685363802009,-11.9));
#13721=CARTESIAN_POINT('',(31.749378634785,-64.0161313232578,-11.9));
#13722=CARTESIAN_POINT('',(31.749378634785,-64.0161313232578,-11.9));
#13723=CARTESIAN_POINT('',(11.7984105489186,-55.0653063673799,-17.15));
#13724=CARTESIAN_POINT('',(24.7708340916276,-66.0000502014991,-13.95));
#13725=CARTESIAN_POINT('',(24.7708340916276,-66.0000502014991,-13.95));
#13726=CARTESIAN_POINT('',(11.7984105489186,-55.0653063673799,-13.95));
#13727=CARTESIAN_POINT('',(23.5403389600107,-67.311918653152,-13.95));
#13728=CARTESIAN_POINT('',(23.5403389600107,-67.311918653152,-17.15));
#13729=CARTESIAN_POINT('',(23.5403389600107,-67.311918653152,-15.347224362268));
#13730=CARTESIAN_POINT('',(23.5403389600107,-67.311918653152,-15.347224362268));
#13731=CARTESIAN_POINT('',(23.5403389600107,-67.311918653152,-15.5485711685929));
#13732=CARTESIAN_POINT('',(23.5920853813999,-67.2627073675216,-15.7423377641533));
#13733=CARTESIAN_POINT('',(23.6794057338884,-67.1770506143479,-15.9019245584932));
#13734=CARTESIAN_POINT('',(23.6794057338884,-67.1770506143479,-15.9019245584932));
#13735=CARTESIAN_POINT('',(11.7984105489186,-55.0653063673799,-28.4593995366322));
#13736=CARTESIAN_POINT('',(24.1065683476963,-66.7427053453041,-16.7047001962252));
#13737=CARTESIAN_POINT('',(24.1065683476963,-66.7427053453041,-16.7047001962252));
#13738=CARTESIAN_POINT('',(24.2546158113051,-66.5866610457772,-16.9908706466102));
#13739=CARTESIAN_POINT('',(24.4934112351024,-66.3266156591925,-17.15));
#13740=CARTESIAN_POINT('',(24.724898448072,-66.0543147795288,-17.15));
#13741=CARTESIAN_POINT('',(24.7248984480719,-66.0543147795288,-17.15));
#13742=CARTESIAN_POINT('',(11.7984105489186,-55.0653063673799,-17.15));
#13743=CARTESIAN_POINT('',(24.9529099526159,-65.7803211003313,-17.15));
#13744=CARTESIAN_POINT('',(24.9529099526159,-65.7803211003313,-17.15));
#13745=CARTESIAN_POINT('',(25.112144294346,-65.5848339166417,-17.15));
#13746=CARTESIAN_POINT('',(25.2619607763605,-65.3910011185899,-17.0552735976213));
#13747=CARTESIAN_POINT('',(25.3737921125553,-65.2418190652991,-16.8855451051591));
#13748=CARTESIAN_POINT('',(25.3737921125553,-65.2418190652991,-16.8855451051591));
#13749=CARTESIAN_POINT('',(11.7984105489186,-55.0653063673799,-19.2615822865978));
#13750=CARTESIAN_POINT('',(26.6959038484072,-63.1842403294792,-13.95));
#13751=CARTESIAN_POINT('',(26.6959038484072,-63.1842403294792,-13.95));
#13752=CARTESIAN_POINT('',(11.7984105489186,-55.0653063673799,-13.95));
#13753=CARTESIAN_POINT('',(25.7790067500681,-64.6775550714887,-13.95));
#13754=CARTESIAN_POINT('',(25.7790067500681,-64.6775550714887,-13.95));
#13755=CARTESIAN_POINT('',(30.2185997915962,-66.3485585852644,-6.90000000000001));
#13756=CARTESIAN_POINT('',(24.9883183980832,-61.0405258188433,-6.90000000000001));
#13757=CARTESIAN_POINT('',(26.9463904315608,-59.1111353695901,-6.90000000000001));
#13758=CARTESIAN_POINT('',(28.6829684179061,-57.3999945515031,-6.90000000000001));
#13759=CARTESIAN_POINT('',(32.1660284069471,-64.4416300669731,-6.90000000000001));
#13760=CARTESIAN_POINT('',(27.785960326887,-59.9685363802009,-6.90000000000001));
#13761=CARTESIAN_POINT('',(25.8305631965316,-61.8952911079646,-6.90000000000001));
#13762=CARTESIAN_POINT('',(29.525213216356,-58.254759840623,-6.90000000000001));
#13763=CARTESIAN_POINT('',(27.6109942035228,-56.3120847763689,-6.90000000000001));
#13764=CARTESIAN_POINT('',(29.7761131810116,-54.6536274667935,-6.90000000000001));
#13765=CARTESIAN_POINT('',(29.4697032758662,-55.593256016095,-6.90000000000001));
#13766=CARTESIAN_POINT('',(28.591073559967,-55.1407091533481,-6.90000000000001));
#13767=CARTESIAN_POINT('',(27.6109942035228,-56.3120847763689,-6.90000000000001));
#13768=CARTESIAN_POINT('',(27.785960326887,-59.9685363802009,-11.9));
#13769=CARTESIAN_POINT('',(25.3509381653199,-57.4817982612567,-11.9));
#13770=CARTESIAN_POINT('',(31.749378634785,-64.0161313232578,-11.9));
#13771=CARTESIAN_POINT('',(27.3807856372525,-59.5547564313241,-11.9));
#13772=CARTESIAN_POINT('',(27.785960326887,-59.9685363802009,-11.9));
#13773=CARTESIAN_POINT('',(26.9463904315608,-59.1111353695901,-11.9));
#13774=CARTESIAN_POINT('',(31.749378634785,-64.0161313232578,-11.9));
#13775=CARTESIAN_POINT('',(27.8215971740843,-68.0669844514083,-11.9));
#13776=CARTESIAN_POINT('',(27.821597184641,-68.0669843473491,-13.95));
#13777=CARTESIAN_POINT('',(28.0961488049361,-68.4274760225043,-13.95));
#13778=CARTESIAN_POINT('',(27.6916391343432,-68.5010854245484,-13.95));
#13779=CARTESIAN_POINT('',(28.096148851217,-68.4274760832719,-11.9));
#13780=CARTESIAN_POINT('',(27.6916392766805,-68.5010855743768,-11.9));
#13781=CARTESIAN_POINT('',(27.6916392766805,-68.5010855743768,-11.9));
#13782=CARTESIAN_POINT('',(27.6916391343432,-68.5010854245484,-13.95));
#13783=CARTESIAN_POINT('',(27.6916392766805,-68.5010855743767,-11.9));
#13784=CARTESIAN_POINT('',(27.6916392766805,-68.5010855743767,-11.9));
#13785=CARTESIAN_POINT('',(26.9463904315608,-59.1111353695901,-11.9));
#13786=CARTESIAN_POINT('',(28.6829684179061,-57.3999945515031,-11.9));
#13787=CARTESIAN_POINT('',(27.6109942035228,-56.3120847763689,-11.9));
#13788=CARTESIAN_POINT('',(28.591073559967,-55.1407091533481,-11.9));
#13789=CARTESIAN_POINT('',(29.4697032758662,-55.593256016095,-11.9));
#13790=CARTESIAN_POINT('',(29.7761131810116,-54.6536274667935,-11.9));
#13791=CARTESIAN_POINT('',(27.6109942035228,-56.3120847763689,-11.9));
#13792=CARTESIAN_POINT('',(29.525213216356,-58.254759840623,-11.9));
#13793=CARTESIAN_POINT('',(29.5252132163546,-58.2547598406244,-11.9));
#13794=CARTESIAN_POINT('',(23.5403389600107,-67.311918653152,-17.15));
#13795=CARTESIAN_POINT('',(22.6992847394239,-67.0709932345931,-17.15));
#13796=CARTESIAN_POINT('',(22.6992847394239,-67.0709932345931,-15.347224362268));
#13797=CARTESIAN_POINT('',(23.5403389600107,-67.311918653152,-15.347224362268));
#13798=CARTESIAN_POINT('',(27.6916391343432,-68.5010854245484,-13.95));
#13799=CARTESIAN_POINT('',(27.6916391343432,-68.5010854245484,-11.9));
#13800=CARTESIAN_POINT('',(11.7984105489186,-55.0653063673799,-17.15));
#13801=CARTESIAN_POINT('',(11.7984105489186,-55.0653063673799,-19.2615822865978));
#13802=CARTESIAN_POINT('',(24.8425998022601,-64.6993450840247,-16.8855451051591));
#13803=CARTESIAN_POINT('',(24.8425998022601,-64.6993450840247,-16.8855451051591));
#13804=CARTESIAN_POINT('',(24.7316964983456,-64.8495047136079,-17.0552928228203));
#13805=CARTESIAN_POINT('',(24.583018298299,-65.0444365598438,-17.15));
#13806=CARTESIAN_POINT('',(24.4246963152756,-65.2408890542382,-17.15));
#13807=CARTESIAN_POINT('',(24.4246963152756,-65.2408890542382,-17.15));
#13808=CARTESIAN_POINT('',(11.7984105489186,-55.0653063673799,-17.15));
#13809=CARTESIAN_POINT('',(23.929488485748,-65.8264644538208,-17.15));
#13810=CARTESIAN_POINT('',(23.929488485748,-65.8264644538208,-17.15));
#13811=CARTESIAN_POINT('',(23.6901223822451,-66.0963024056196,-17.15));
#13812=CARTESIAN_POINT('',(23.4429290901015,-66.3532937708736,-16.992102645409));
#13813=CARTESIAN_POINT('',(23.2884946854143,-66.5083628562315,-16.7047001962252));
#13814=CARTESIAN_POINT('',(23.2884946854143,-66.5083628562315,-16.7047001962252));
#13815=CARTESIAN_POINT('',(11.7984105489186,-55.0653063673799,-28.4593995366322));
#13816=CARTESIAN_POINT('',(22.8441997566826,-66.9378004629121,-15.9019245584932));
#13817=CARTESIAN_POINT('',(22.8441997566826,-66.9378004629121,-15.9019245584932));
#13818=CARTESIAN_POINT('',(22.7535830742571,-67.0221073292473,-15.7429226864044));
#13819=CARTESIAN_POINT('',(22.6992847394239,-67.0709932345931,-15.5490483091633));
#13820=CARTESIAN_POINT('',(22.6992847394239,-67.0709932345931,-15.347224362268));
#13821=CARTESIAN_POINT('',(13.4364493350079,-53.4613333895577,-17.15));
#13822=CARTESIAN_POINT('',(13.6415975680036,-53.2604515637013,-16.8855451051591));
#13823=CARTESIAN_POINT('',(11.7984105489186,-55.0653063673799,-11.9));
#13824=CARTESIAN_POINT('',(24.7708340916276,-66.0000502014991,-13.95));
#13825=CARTESIAN_POINT('',(24.7708340916276,-66.0000502014991,-13.95));
#13826=CARTESIAN_POINT('',(11.7984105489186,-55.0653063673799,-13.95));
#13827=CARTESIAN_POINT('',(28.7020403987455,-69.2230233368235,-13.95));
#13828=CARTESIAN_POINT('',(26.6959038484119,-63.1842403294706,-13.95));
#13829=CARTESIAN_POINT('',(26.6959038484119,-63.1842403294706,-13.95));
#13830=CARTESIAN_POINT('',(27.9744085301255,-66.1869862583312,-13.95));
#13831=CARTESIAN_POINT('',(27.9744085301255,-66.1869862583312,-13.95));
#13832=CARTESIAN_POINT('',(11.7984105489186,-55.0653063673799,-13.95));
#13833=CARTESIAN_POINT('',(31.7305246048175,-71.2553010767308,-19.1));
#13834=CARTESIAN_POINT('',(26.4610540426508,-72.9305412949815,-14.66));
#13835=CARTESIAN_POINT('',(26.4610540426508,-72.9305412949815,-16.26));
#13836=CARTESIAN_POINT('',(26.4610540426508,-72.9305412949815,-16.26));
#13837=CARTESIAN_POINT('',(30.2098281075835,-65.8404824362095,-18.4420751524042));
#13838=CARTESIAN_POINT('',(31.2171023248572,-67.3871691539631,-19.136623186649));
#13839=CARTESIAN_POINT('',(19.5160573816956,-68.2598899400064,-11.9));
#13840=CARTESIAN_POINT('',(19.5160573816956,-68.2598899400064,-7.));
#13841=CARTESIAN_POINT('',(20.0155742469226,-71.5300445881233,-7.));
#13842=CARTESIAN_POINT('',(16.8470913723504,-70.2143844941576,-7.));
#13843=CARTESIAN_POINT('',(16.8470913723504,-70.2143844941576,-11.9));
#13844=CARTESIAN_POINT('',(16.8470913723504,-70.2143844941576,-11.9));
#13845=CARTESIAN_POINT('',(19.5160573816956,-68.2598899400064,-11.9));
#13846=CARTESIAN_POINT('',(20.0155742469226,-71.5300445881233,-11.9));
#13847=CARTESIAN_POINT('',(20.0155742469226,-71.5300445881233,-11.9));
#13848=CARTESIAN_POINT('',(19.6306569251658,-69.0101313349204,-11.9));
#13849=CARTESIAN_POINT('',(19.6306569251658,-69.0101313349204,-7.));
#13850=CARTESIAN_POINT('',(21.5935363059311,-70.6365472364728,-7.));
#13851=CARTESIAN_POINT('',(19.6306569251658,-69.0101313349204,-11.9));
#13852=CARTESIAN_POINT('',(21.5935363059311,-70.6365472364728,-11.9));
#13853=CARTESIAN_POINT('',(21.5935363059311,-70.6365472364728,-11.9));
#13854=CARTESIAN_POINT('',(21.2085284288166,-70.3175348001011,-11.9));
#13855=CARTESIAN_POINT('',(21.2085284288166,-70.3175348001011,-7.));
#13856=CARTESIAN_POINT('',(20.8235205517022,-69.9985223637293,-7.));
#13857=CARTESIAN_POINT('',(21.2085284288166,-70.3175348001011,-11.9));
#13858=CARTESIAN_POINT('',(20.8235205517022,-69.9985223637293,-11.9));
#13859=CARTESIAN_POINT('',(20.8235205517022,-69.9985223637293,-11.9));
#13860=CARTESIAN_POINT('',(19.6306569251659,-69.0101313349205,-11.9));
#13861=CARTESIAN_POINT('',(19.6306569251659,-69.0101313349205,-7.));
#13862=CARTESIAN_POINT('',(19.8645754618048,-70.541510639848,-7.));
#13863=CARTESIAN_POINT('',(19.6306569251659,-69.0101313349205,-11.9));
#13864=CARTESIAN_POINT('',(19.8645754618048,-70.541510639848,-11.9));
#13865=CARTESIAN_POINT('',(19.8645754618048,-70.541510639848,-11.9));
#13866=CARTESIAN_POINT('',(19.5160573816956,-68.2598899400066,-11.9));
#13867=CARTESIAN_POINT('',(19.5160573816956,-68.2598899400066,-7.));
#13868=CARTESIAN_POINT('',(18.9390754890694,-70.4946941295697,-7.));
#13869=CARTESIAN_POINT('',(19.5160573816956,-68.2598899400066,-11.9));
#13870=CARTESIAN_POINT('',(18.9390754890694,-70.4946941295697,-11.9));
#13871=CARTESIAN_POINT('',(18.9390754890694,-70.4946941295697,-11.9));
#13872=CARTESIAN_POINT('',(19.4144627803563,-68.6533928273791,-11.9));
#13873=CARTESIAN_POINT('',(19.4144627803563,-68.6533928273791,-7.));
#13874=CARTESIAN_POINT('',(17.517483960324,-68.7870151253535,-7.));
#13875=CARTESIAN_POINT('',(19.4144627803563,-68.6533928273791,-11.9));
#13876=CARTESIAN_POINT('',(17.517483960324,-68.7870151253535,-11.9));
#13877=CARTESIAN_POINT('',(17.517483960324,-68.7870151253535,-11.9));
#13878=CARTESIAN_POINT('',(10.0077593244475,-54.1676227757704,6.7));
#13879=CARTESIAN_POINT('',(22.165353603111,-65.6124411099188,5.7));
#13880=CARTESIAN_POINT('',(22.1581269382426,-65.6102951578258,5.7));
#13881=CARTESIAN_POINT('',(22.1509044773337,-65.6081372802489,5.70006799013941));
#13882=CARTESIAN_POINT('',(22.1436862211205,-65.6059674838635,5.70020426008847));
#13883=CARTESIAN_POINT('',(22.165353603111,-65.6124411099188,5.7));
#13884=CARTESIAN_POINT('',(22.1436862211205,-65.6059674838635,5.70020426008847));
#13885=CARTESIAN_POINT('',(10.0077593244475,-54.1676227757704,5.7));
#13886=CARTESIAN_POINT('',(23.162793691127,-64.450425708713,5.7));
#13887=CARTESIAN_POINT('',(23.162793691127,-64.450425708713,6.7));
#13888=CARTESIAN_POINT('',(22.3749271830737,-63.8345796520658,6.7));
#13889=CARTESIAN_POINT('',(10.0077593244475,-54.1676227757704,6.7));
#13890=CARTESIAN_POINT('',(21.0862098354709,-65.2880917571757,6.7));
#13891=CARTESIAN_POINT('',(22.1436862211205,-65.6059674838635,5.70020426008847));
#13892=CARTESIAN_POINT('',(21.6129209755619,-65.4464202916783,5.71022431906661));
#13893=CARTESIAN_POINT('',(21.0862098354709,-65.2880917571757,6.14338645017884));
#13894=CARTESIAN_POINT('',(21.0862098354709,-65.2880917571757,6.7));
#13895=CARTESIAN_POINT('',(11.8212021988794,-63.367247314162,-7.));
#13896=CARTESIAN_POINT('',(13.6346450733113,-72.5668718525536,-7.));
#13897=CARTESIAN_POINT('',(15.2944405657498,-68.9476057779325,-7.));
#13898=CARTESIAN_POINT('',(19.5012082712799,-68.6472825157016,-7.));
#13899=CARTESIAN_POINT('',(17.6723964291691,-67.8661713902959,-7.));
#13900=CARTESIAN_POINT('',(10.0077593244475,-54.1676227757704,-6.99999999999999));
#13901=CARTESIAN_POINT('',(13.6346450733113,-72.5668718525536,-11.9));
#13902=CARTESIAN_POINT('',(15.2944405657498,-68.9476057779325,-11.9));
#13903=CARTESIAN_POINT('',(15.2944405657604,-68.9476057779373,-11.9));
#13904=CARTESIAN_POINT('',(13.6346450733113,-72.5668718525536,-11.9));
#13905=CARTESIAN_POINT('',(11.8212021988794,-63.367247314162,-11.9));
#13906=CARTESIAN_POINT('',(10.0077593244475,-54.1676227757704,-11.9));
#13907=CARTESIAN_POINT('',(17.6723964291696,-67.8661713902956,-11.9));
#13908=CARTESIAN_POINT('',(19.5012082712799,-68.6472825157016,-11.9));
#13909=CARTESIAN_POINT('',(19.5012082712799,-68.6472825157016,-11.9));
#13910=CARTESIAN_POINT('',(17.6723964291696,-67.8661713902956,-11.9));
#13911=CARTESIAN_POINT('',(-3.94717018209977,-74.712464230833,-16.6));
#13912=CARTESIAN_POINT('',(5.75156613476313,-69.2766173029941,-7.9));
#13913=CARTESIAN_POINT('',(5.75156613476313,-69.2766173029941,-7.89999999999999));
#13914=CARTESIAN_POINT('',(-2.10643221680198,-73.680786547605,-7.90000000000001));
#13915=CARTESIAN_POINT('',(5.75156613476313,-69.2766173029941,-42.6));
#13916=CARTESIAN_POINT('',(-3.9471701820998,-74.7124642308329,-16.6));
#13917=CARTESIAN_POINT('',(-2.10643221680198,-73.680786547605,-7.90000000000001));
#13918=CARTESIAN_POINT('',(-5.73355343813563,-71.5251669446603,-16.6));
#13919=CARTESIAN_POINT('',(10.0077593244475,-54.1676227757704,-16.6));
#13920=CARTESIAN_POINT('',(10.0077593244475,-54.1676227757704,-15.6));
#13921=CARTESIAN_POINT('',(-1.17589145575212,-65.1822880597513,-15.6));
#13922=CARTESIAN_POINT('',(21.9848970875305,-64.3138076299766,-15.6));
#13923=CARTESIAN_POINT('',(21.9848970875305,-64.3138076299766,-15.6));
#13924=CARTESIAN_POINT('',(21.9848970875305,-64.3138076299766,-16.6));
#13925=CARTESIAN_POINT('',(10.0077593244475,-54.1676227757704,-16.6));
#13926=CARTESIAN_POINT('',(25.522513353129,-56.5528488701069,9.33128969571879));
#13927=CARTESIAN_POINT('',(25.4011882492672,-57.342010597119,10.5387989458509));
#13928=CARTESIAN_POINT('',(24.9324995050728,-59.554230663279,12.4613833846546));
#13929=CARTESIAN_POINT('',(23.5952449885736,-62.1593666507717,13.));
#13930=CARTESIAN_POINT('',(22.7509300670179,-63.3332376224291,13.));
#13931=CARTESIAN_POINT('',(10.0077593244475,-54.1676227757704,-7.89999999999999));
#13932=CARTESIAN_POINT('',(3.18827404760721,-68.305922413653,-7.9));
#13933=CARTESIAN_POINT('',(3.18827404760721,-68.305922413653,-17.6));
#13934=CARTESIAN_POINT('',(0.684253369042914,-66.7957316124541,13.));
#13935=CARTESIAN_POINT('',(0.543696915176848,-66.6919568547576,13.));
#13936=CARTESIAN_POINT('',(0.405295472141308,-66.5861482047534,12.9986429349114));
#13937=CARTESIAN_POINT('',(0.269026810125102,-66.4783492005624,12.9957668270953));
#13938=CARTESIAN_POINT('',(0.269026810125072,-66.4783492005624,12.9957668270954));
#13939=CARTESIAN_POINT('',(0.269026810125057,-66.4783492005624,-17.6));
#13940=CARTESIAN_POINT('',(0.269026810125061,-66.4783492005624,-7.89999999999999));
#13941=CARTESIAN_POINT('',(10.0077593244475,-54.1676227757704,-7.89999999999999));
#13942=CARTESIAN_POINT('',(-0.606436224713985,-65.7320401383422,12.952365183705));
#13943=CARTESIAN_POINT('',(-1.25660969999883,-65.1352899354408,12.8988097883757));
#13944=CARTESIAN_POINT('',(-1.85179844875903,-64.4884932184927,12.7962133836771));
#13945=CARTESIAN_POINT('',(-2.39084648951651,-63.794224978081,12.6152489301714));
#13946=CARTESIAN_POINT('',(-2.39084648951651,-63.794224978081,12.6152489301714));
#13947=CARTESIAN_POINT('',(-2.39084648951651,-63.794224978081,-17.6));
#13948=CARTESIAN_POINT('',(-2.39084648951651,-63.794224978081,-7.89999999999999));
#13949=CARTESIAN_POINT('',(10.0077593244475,-54.1676227757704,-7.89999999999999));
#13950=CARTESIAN_POINT('',(-3.64962098927353,-61.9053782034108,11.948706998286));
#13951=CARTESIAN_POINT('',(-5.03611599954826,-59.4581711502185,10.8455610328631));
#13952=CARTESIAN_POINT('',(-5.45595916497458,-57.129780897513,8.66793161464147));
#13953=CARTESIAN_POINT('',(-5.59216592680954,-55.9109610237264,5.90954979501921));
#13954=CARTESIAN_POINT('',(-5.59216592680954,-55.9109610237264,5.90954979501921));
#13955=CARTESIAN_POINT('',(10.0077593244475,-54.1676227757704,1.96410007596085));
#13956=CARTESIAN_POINT('',(-5.67963133357999,-54.7177776939755,3.20918752242502));
#13957=CARTESIAN_POINT('',(-5.67963133357999,-54.7177776939755,3.20918752242504));
#13958=CARTESIAN_POINT('',(-5.69518526407285,-54.2742651926142,2.20544870355485));
#13959=CARTESIAN_POINT('',(-5.70170867944903,-53.6188947360902,1.32012015426978));
#13960=CARTESIAN_POINT('',(-5.62874855149524,-52.7904817019607,0.60348389975516));
#13961=CARTESIAN_POINT('',(-5.62874855149498,-52.7904817019607,0.603483899755165));
#13962=CARTESIAN_POINT('',(-5.62874855149498,-52.7904817019607,-16.6));
#13963=CARTESIAN_POINT('',(-5.57055478380345,-56.0945440601675,-16.6));
#13964=CARTESIAN_POINT('',(-5.57055478380345,-56.0945440601675,-16.6));
#13965=CARTESIAN_POINT('',(10.0077593244475,-54.1676227757704,-16.6));
#13966=CARTESIAN_POINT('',(-1.17589145575212,-65.1822880597513,-16.6));
#13967=CARTESIAN_POINT('',(-1.17589145575212,-65.1822880597513,-16.6));
#13968=CARTESIAN_POINT('',(19.6764725110047,-66.5334175908112,-11.9));
#13969=CARTESIAN_POINT('',(22.3749271830737,-63.8345796520658,-16.6));
#13970=CARTESIAN_POINT('',(22.3749271830737,-63.8345796520658,9.09999999999999));
#13971=CARTESIAN_POINT('',(10.0077593244475,-54.1676227757704,9.09999999999999));
#13972=CARTESIAN_POINT('',(24.0629903410721,-61.1567126421912,9.09999999999999));
#13973=CARTESIAN_POINT('',(24.0629903410721,-61.1567126421912,9.09999999999999));
#13974=CARTESIAN_POINT('',(24.0629903410721,-61.1567126421912,4.09999999999999));
#13975=CARTESIAN_POINT('',(10.0077593244475,-54.1676227757704,4.09999999999999));
#13976=CARTESIAN_POINT('',(21.0862098354709,-65.2880917571757,4.09999999999999));
#13977=CARTESIAN_POINT('',(21.0862098354709,-65.2880917571757,-16.6));
#13978=CARTESIAN_POINT('',(-4.46469392424824,-39.5734266789646,-16.6));
#13979=CARTESIAN_POINT('',(-5.20235731229333,-47.9490968236743,6.20000000000001));
#13980=CARTESIAN_POINT('',(-4.28866734370276,-37.5747636041205,-16.6));
#13981=CARTESIAN_POINT('',(-4.28866734370276,-37.5747636041205,-16.6));
#13982=CARTESIAN_POINT('',(-7.26685940453999,-71.390125371324,-16.6));
#13983=CARTESIAN_POINT('',(-4.80361440207521,-43.4216400694773,-16.6));
#13984=CARTESIAN_POINT('',(-4.80361440207521,-43.4216400694773,-32.6));
#13985=CARTESIAN_POINT('',(-3.8749354630845,24.4231697674409,-16.6));
#13986=CARTESIAN_POINT('',(-3.8749354630845,24.4231697674409,-16.6));
#13987=CARTESIAN_POINT('',(10.0077593244475,-54.1676227757704,-16.6));
#13988=CARTESIAN_POINT('',(10.0077593244475,-54.1676227757704,-16.6));
#13989=CARTESIAN_POINT('',(-3.42917879466919,-46.0530932099477,-16.6));
#13990=CARTESIAN_POINT('',(-3.42917879466919,-46.0530932099477,-16.6));
#13991=CARTESIAN_POINT('',(-3.8749354630845,24.4231697674409,-16.6));
#13992=CARTESIAN_POINT('',(-2.85802829350567,-39.5680645664509,-16.6));
#13993=CARTESIAN_POINT('',(-2.85802829350567,-39.5680645664509,-16.6));
#13994=CARTESIAN_POINT('',(-3.8749354630845,24.4231697674409,-16.6));
#13995=CARTESIAN_POINT('',(-3.42917879466919,-46.0530932099477,-16.6));
#13996=CARTESIAN_POINT('',(-5.67302890116904,-71.5304974715587,-16.6));
#13997=CARTESIAN_POINT('',(10.0077593244475,-54.1676227757706,-16.6));
#13998=CARTESIAN_POINT('',(-3.72909401697249,-55.9109610237264,5.90954979501921));
#13999=CARTESIAN_POINT('',(-3.65644032177969,-56.4834449675314,7.20517135205158));
#14000=CARTESIAN_POINT('',(-3.3911605914532,-58.0793564948598,9.55831310220977));
#14001=CARTESIAN_POINT('',(-2.01572533775761,-61.4108443627134,11.936994608686));
#14002=CARTESIAN_POINT('',(0.639874642577902,-64.6582066101899,12.9225105434434));
#14003=CARTESIAN_POINT('',(3.03430286002977,-66.2142177190608,13.));
#14004=CARTESIAN_POINT('',(4.32698163302662,-66.7957316124541,13.));
#14005=CARTESIAN_POINT('',(-3.72909401697249,-55.9109610237264,5.90954979501921));
#14006=CARTESIAN_POINT('',(20.3871558605271,-63.3332376224291,13.));
#14007=CARTESIAN_POINT('',(21.5151181764132,-62.0559018026062,13.));
#14008=CARTESIAN_POINT('',(23.2398082154528,-59.0426330105159,12.3517448098193));
#14009=CARTESIAN_POINT('',(23.6547409729834,-56.6137131582022,9.73403202637066));
#14010=CARTESIAN_POINT('',(23.7429162935591,-55.9242761292615,8.17372717139964));
#14011=CARTESIAN_POINT('',(23.7429162935591,-55.9242761292615,8.17372717139964));
#14012=CARTESIAN_POINT('',(10.0077593244475,-54.1676227757706,4.19814326613083));
#14013=CARTESIAN_POINT('',(23.8478971872452,-53.7306423308774,3.20918752242504));
#14014=CARTESIAN_POINT('',(23.8478971872452,-53.7306423308774,3.20918752242505));
#14015=CARTESIAN_POINT('',(23.8288115183608,-53.1261569548133,1.8411416713326));
#14016=CARTESIAN_POINT('',(23.6969016439757,-51.0725437667964,-0.47897627232533));
#14017=CARTESIAN_POINT('',(22.6103709942149,-48.2388429416781,-1.19999999999999));
#14018=CARTESIAN_POINT('',(21.8322598627864,-46.9619614605762,-1.19999999999999));
#14019=CARTESIAN_POINT('',(-2.36439905449232,-47.9490968236743,-1.19999999999999));
#14020=CARTESIAN_POINT('',(-3.02573248369896,-49.2648623266989,-1.19999999999999));
#14021=CARTESIAN_POINT('',(-3.8642386944977,-52.0969601281469,-0.450867387164107));
#14022=CARTESIAN_POINT('',(-3.85201529074419,-54.1224050115532,1.86176513589028));
#14023=CARTESIAN_POINT('',(-3.82834191601913,-54.7177776939755,3.20918752242504));
#14024=CARTESIAN_POINT('',(-3.82834191601913,-54.7177776939755,3.20918752242504));
#14025=CARTESIAN_POINT('',(10.0077593244475,-54.1676227757706,1.96410007596145));
#14026=CARTESIAN_POINT('',(10.0077593244475,-54.1676227757706,-16.6));
#14027=CARTESIAN_POINT('',(-5.33769110521845,-71.2391751952333,-17.6));
#14028=CARTESIAN_POINT('',(-1.97775898244925,-68.9779020736526,-17.6));
#14029=CARTESIAN_POINT('',(-1.97775898244926,-68.9779020736526,-17.6));
#14030=CARTESIAN_POINT('',(-1.97775898244925,-68.9779020736526,-7.90000000000001));
#14031=CARTESIAN_POINT('',(0.269026810125055,-66.4783492005624,-7.9));
#14032=CARTESIAN_POINT('',(-0.0162603312385918,-66.7957316124541,1.10000000000001));
#14033=CARTESIAN_POINT('',(-5.33769110521842,-71.2391751952334,-17.6));
#14034=CARTESIAN_POINT('',(-1.30878244467794,-70.8263858966537,-17.6));
#14035=CARTESIAN_POINT('',(-1.30878244467794,-70.8263858966538,-7.90000000000001));
#14036=CARTESIAN_POINT('',(-5.33769110521842,-71.2391751952334,-7.90000000000001));
#14037=CARTESIAN_POINT('',(-5.33769110521842,-71.2391751952334,-7.90000000000001));
#14038=CARTESIAN_POINT('',(-4.71446383122453,-67.2374146120713,-7.90000000000001));
#14039=CARTESIAN_POINT('',(-4.71446383122453,-67.2374146120713,-17.6));
#14040=CARTESIAN_POINT('',(-5.33769110521842,-71.2391751952334,-7.90000000000001));
#14041=CARTESIAN_POINT('',(3.18827404760721,-68.305922413653,-17.6));
#14042=CARTESIAN_POINT('',(-1.30878244467795,-70.8263858966537,-7.9));
#14043=CARTESIAN_POINT('',(-4.71446383122452,-67.2374146120713,-17.6));
#14044=CARTESIAN_POINT('',(-2.39084648951651,-63.794224978081,-7.9));
#14045=CARTESIAN_POINT('',(-4.41639651964901,-66.7957316124541,1.10000000000001));
#14046=CARTESIAN_POINT('',(23.2981171230288,-67.2652963920837,-11.9));
#14047=CARTESIAN_POINT('',(20.7354801485611,-66.5084488213497,-11.9));
#14048=CARTESIAN_POINT('',(20.2448499429126,-68.1696909979824,-11.9));
#14049=CARTESIAN_POINT('',(23.162793691127,-64.450425708713,-16.6));
#14050=CARTESIAN_POINT('',(23.162793691127,-64.450425708713,9.09999999999999));
#14051=CARTESIAN_POINT('',(23.4506672988022,-63.4927572974119,9.1));
#14052=CARTESIAN_POINT('',(23.162793691127,-64.450425708713,6.7));
#14053=CARTESIAN_POINT('',(23.4506672988022,-63.4927572974119,6.7));
#14054=CARTESIAN_POINT('',(23.4506672988022,-63.4927572974119,6.7));
#14055=CARTESIAN_POINT('',(35.5196627475739,-69.6267648427507,9.1));
#14056=CARTESIAN_POINT('',(35.5196627475739,-69.6267648427507,4.09999999999999));
#14057=CARTESIAN_POINT('',(22.1436862211205,-65.6059674838635,4.09999999999999));
#14058=CARTESIAN_POINT('',(22.1436862211205,-65.6059674838635,9.1));
#14059=CARTESIAN_POINT('',(24.0868330729283,-59.1417057075808,9.1));
#14060=CARTESIAN_POINT('',(24.0868330729283,-59.1417057075808,4.09999999999999));
#14061=CARTESIAN_POINT('',(24.2327225742473,-65.8901289495985,4.09999999999999));
#14062=CARTESIAN_POINT('',(24.2327225742473,-65.8901289495985,5.7));
#14063=CARTESIAN_POINT('',(24.2327225742473,-65.8901289495985,5.7));
#14064=CARTESIAN_POINT('',(24.0868330729283,-59.1417057075808,5.7));
#14065=CARTESIAN_POINT('',(23.162793691127,-64.450425708713,6.7));
#14066=CARTESIAN_POINT('',(23.162793691127,-64.450425708713,6.7));
#14067=CARTESIAN_POINT('',(23.815719658228,-66.3505833989096,-15.347224362268));
#14068=CARTESIAN_POINT('',(22.7455348466345,-66.9095372616005,-15.9019245584932));
#14069=CARTESIAN_POINT('',(9.72215032170837,-62.3133893532983,-17.15));
#14070=CARTESIAN_POINT('',(9.64039900778871,-62.5987776200156,-16.7047001962252));
#14071=CARTESIAN_POINT('',(9.86952959879531,-61.7988983387658,-16.15));
#14072=CARTESIAN_POINT('',(9.86952959879531,-61.7988983387659,-17.15));
#14073=CARTESIAN_POINT('',(11.7984105489186,-55.0653063673799,-17.15));
#14074=CARTESIAN_POINT('',(13.1575429408836,-53.7344394498759,-17.15));
#14075=CARTESIAN_POINT('',(13.1575429408836,-53.7344394498759,-16.15));
#14076=CARTESIAN_POINT('',(30.9433831438382,-65.7450558134142,5.7));
#14077=CARTESIAN_POINT('',(30.9433831438382,-65.7450558134142,4.09999999999999));
#14078=CARTESIAN_POINT('',(30.9433831438382,-65.7450558134142,4.1));
#14079=CARTESIAN_POINT('',(30.9433831438382,-65.7450558134142,5.7));
#14080=CARTESIAN_POINT('',(30.9433831438382,-65.7450558134142,5.7));
#14081=CARTESIAN_POINT('',(30.9433831438382,-65.7450558134142,5.7));
#14082=CARTESIAN_POINT('',(30.9433831438382,-65.7450558134142,6.7));
#14083=CARTESIAN_POINT('',(27.7026986013178,-65.8151139343834,6.7));
#14084=CARTESIAN_POINT('',(27.7026986013178,-65.8151139343834,5.7));
#14085=CARTESIAN_POINT('',(30.9433831438382,-65.7450558134142,5.7));
#14086=CARTESIAN_POINT('',(30.2185997915962,-66.3485585852644,4.09999999999999));
#14087=CARTESIAN_POINT('',(31.3350644903567,-63.3426866139045,4.09999999999999));
#14088=CARTESIAN_POINT('',(36.9053215785192,-65.0170970723943,4.1));
#14089=CARTESIAN_POINT('',(36.8477468569841,-65.2086307546545,4.1));
#14090=CARTESIAN_POINT('',(36.2105594059944,-67.328360655628,4.1));
#14091=CARTESIAN_POINT('',(36.2105594059944,-67.3283606556279,4.1));
#14092=CARTESIAN_POINT('',(30.2185997915962,-66.3485585852644,9.09999999999999));
#14093=CARTESIAN_POINT('',(36.2105594059944,-67.3283606556279,9.1));
#14094=CARTESIAN_POINT('',(36.2105594059944,-67.328360655628,9.1));
#14095=CARTESIAN_POINT('',(36.8477468569841,-65.2086307546545,9.1));
#14096=CARTESIAN_POINT('',(36.9053215785192,-65.0170970723943,9.1));
#14097=CARTESIAN_POINT('',(31.3350644903567,-63.3426866139045,9.09999999999999));
#14098=CARTESIAN_POINT('',(35.9226857983192,-68.2860290669291,6.7));
#14099=CARTESIAN_POINT('',(35.9226857983192,-68.2860290669291,5.7));
#14100=CARTESIAN_POINT('',(36.2105594059944,-67.3283606556279,6.7));
#14101=CARTESIAN_POINT('',(36.2105594059944,-67.3283606556279,9.1));
#14102=CARTESIAN_POINT('',(36.2105594059945,-67.3283606556279,5.7));
#14103=CARTESIAN_POINT('',(36.2105594059945,-67.3283606556279,5.7));
#14104=CARTESIAN_POINT('',(36.2105594059944,-67.328360655628,9.1));
#14105=CARTESIAN_POINT('',(31.3350644903567,-63.3426866139045,9.1));
#14106=CARTESIAN_POINT('',(36.9053215785192,-65.0170970723943,9.1));
#14107=CARTESIAN_POINT('',(36.2105594059945,-67.3283606556279,5.7));
#14108=CARTESIAN_POINT('',(28.7020403987455,-69.2230233368235,-17.6));
#14109=CARTESIAN_POINT('',(31.4810169987539,-68.2870217098932,-16.75));
#14110=CARTESIAN_POINT('',(-4.6977017273713,-52.7695320445319,-1.19999999999999));
#14111=CARTESIAN_POINT('',(-5.62689639753757,-54.7177776939755,3.20918752242504));
#14112=CARTESIAN_POINT('',(-4.6977017273713,-55.9109610237264,5.90954979501921));
#14113=CARTESIAN_POINT('',(24.5851631798161,-51.7823966814338,-1.19999999999999));
#14114=CARTESIAN_POINT('',(23.6478130065032,-53.7306423308774,3.20918752242505));
#14115=CARTESIAN_POINT('',(24.5851631798161,-55.9242761292615,8.17372717139964));
#14116=CARTESIAN_POINT('',(-4.6977017273713,-66.7957316124541,1.10000000000001));
#14117=CARTESIAN_POINT('',(-5.73355343813563,-63.3332376224291,4.90000000000001));
#14118=CARTESIAN_POINT('',(-5.73355343813563,-47.9490968236743,6.20000000000001));
#14119=CARTESIAN_POINT('',(-5.73355343813563,-46.9619614605762,6.20000000000001));
#14120=CARTESIAN_POINT('',(-5.33769110521842,-71.2391751952334,-7.90000000000001));
#14121=CARTESIAN_POINT('',(-5.33769110521842,-71.2391751952334,-7.90000000000001));
#14122=CARTESIAN_POINT('',(-5.33769110521842,-71.2391751952334,-7.90000000000001));
#14123=CARTESIAN_POINT('',(-19.,-32.9813608305477,-25.7603587682884));
#14124=CARTESIAN_POINT('',(-19.,-87.8362924396135,-11.9871492028532));
#14125=CARTESIAN_POINT('',(25.51610271847,-16.8629207745928,-44.4638678465867));
#14126=CARTESIAN_POINT('',(25.3118722771023,-56.4658735233417,-26.3419451633491));
#14127=CARTESIAN_POINT('',(14.257749360369,-56.408867965788,-26.3680303472761));
#14128=CARTESIAN_POINT('',(14.9293785012616,-67.4427157710164,-21.3190498307595));
#14129=CARTESIAN_POINT('',(15.2421903676519,-67.423674946021,-21.3277627254919));
#14130=CARTESIAN_POINT('',(7.22773296368656,-67.9115141147283,-21.1045323074659));
#14131=CARTESIAN_POINT('',(6.49455678945597,-55.8665419294406,-26.6161934214324));
#14132=CARTESIAN_POINT('',(-5.53776462171227,-54.9488580485989,-27.0361165630671));
#14133=CARTESIAN_POINT('',(-5.37797497513374,-52.8537570819714,-27.9948142130043));
#14134=CARTESIAN_POINT('',(-19.,-10.183787640895,7.96515425623838));
#14135=CARTESIAN_POINT('',(-13.8973145091207,-10.183787640895,7.96515425623838));
#14136=CARTESIAN_POINT('',(-0.0645768458691778,0.0566842198124985,-18.75));
#14137=CARTESIAN_POINT('',(9.79211522186224,10.1814360975567,-18.75));
#14138=CARTESIAN_POINT('',(14.9085425366944,5.20046973530083,-18.75));
#14139=CARTESIAN_POINT('',(12.071698239688,-3.77793183151403,-18.75));
#14140=CARTESIAN_POINT('',(-1.84550647913308,-28.6158128633739,-32.6));
#14141=CARTESIAN_POINT('',(-8.03848214297492,-38.3058620080925,-32.6));
#14142=CARTESIAN_POINT('',(-8.03848214297493,-38.3058620080925,-16.6));
#14143=CARTESIAN_POINT('',(-1.84550647913308,-28.6158128633739,-16.6));
#14144=CARTESIAN_POINT('',(-13.3404504167463,-28.9567877468024,-16.6));
#14145=CARTESIAN_POINT('',(-13.3404504167463,-28.9567877468024,-32.6));
#14146=CARTESIAN_POINT('',(-11.8789223621362,-44.3149368827612,-32.6));
#14147=CARTESIAN_POINT('',(-11.8789223621362,-44.3149368827612,-16.6));
#14148=CARTESIAN_POINT('',(-5.53776462171227,-54.9488580485989,-32.6));
#14149=CARTESIAN_POINT('',(-5.53776462171227,-54.9488580485989,-32.6));
#14150=CARTESIAN_POINT('',(6.49455678945597,-55.8665419294406,-32.6));
#14151=CARTESIAN_POINT('',(7.22773296368656,-67.9115141147283,-32.6));
#14152=CARTESIAN_POINT('',(4.39104206096643,-67.7490554696745,-16.6));
#14153=CARTESIAN_POINT('',(2.35920855217211,-67.3893679593581,-16.1558857416702));
#14154=CARTESIAN_POINT('',(0.445402118011999,-66.5172373245646,-15.8183827646131));
#14155=CARTESIAN_POINT('',(-1.17589145575212,-65.1822880597513,-15.6));
#14156=CARTESIAN_POINT('',(6.49455678945597,-55.8665419294406,-16.6));
#14157=CARTESIAN_POINT('',(14.9293785012616,-67.4427157710164,-32.6));
#14158=CARTESIAN_POINT('',(14.9293785012616,-67.4427157710164,-32.6));
#14159=CARTESIAN_POINT('',(14.9293785012616,-67.4427157710164,-16.6));
#14160=CARTESIAN_POINT('',(14.257749360369,-56.408867965788,-32.6));
#14161=CARTESIAN_POINT('',(25.3118722771023,-56.4658735233417,-32.6));
#14162=CARTESIAN_POINT('',(14.257749360369,-56.408867965788,-16.6));
#14163=CARTESIAN_POINT('',(21.9848970875305,-64.3138076299766,-15.6));
#14164=CARTESIAN_POINT('',(20.5603241721489,-65.7063401264782,-15.7868769487825));
#14165=CARTESIAN_POINT('',(18.8057650605362,-66.6698612376398,-16.1260098936986));
#14166=CARTESIAN_POINT('',(16.9198752052354,-67.1377993700768,-16.6));
#14167=CARTESIAN_POINT('',(25.5440979694091,-11.434275599535,-32.6));
#14168=CARTESIAN_POINT('',(25.5363351015825,-12.9395971650746,-18.75));
#14169=CARTESIAN_POINT('',(25.5363351015825,-12.9395971650746,-18.75));
#14170=CARTESIAN_POINT('',(25.4640997167202,-26.9469827160786,-18.75));
#14171=CARTESIAN_POINT('',(25.4640997167202,-26.9469827160786,-18.75));
#14172=CARTESIAN_POINT('',(25.4640997167202,-26.9469827160786,-16.6));
#14173=CARTESIAN_POINT('',(25.5440979694091,-11.434275599535,-16.6));
#14174=CARTESIAN_POINT('',(25.5363351015825,-12.9395971650746,-18.75));
#14175=CARTESIAN_POINT('',(25.5425349648975,-11.7373626094868,-18.75));
#14176=CARTESIAN_POINT('',(25.5425349648975,-11.7373626094868,-16.6));
#14177=CARTESIAN_POINT('',(25.5425349648975,-11.7373626094868,-20.));
#14178=CARTESIAN_POINT('',(24.4952232069342,-214.824805333859,-20.));
#14179=CARTESIAN_POINT('',(25.5363351015825,-12.9395971650746,-20.));
#14180=CARTESIAN_POINT('',(25.5363351015825,-12.9395971650746,-16.6));
#14181=CARTESIAN_POINT('',(-13.3404504167463,-28.9567877468024,-32.6));
#14182=CARTESIAN_POINT('',(-13.3404504167463,-28.9567877468024,-16.6));
#14183=CARTESIAN_POINT('',(-0.0645768458691779,0.0566842198124985,-16.6));
#14184=CARTESIAN_POINT('',(25.5440979694091,-11.434275599535,-16.6));
#14185=CARTESIAN_POINT('',(25.5440979694091,-11.434275599535,-16.6));
#14186=CARTESIAN_POINT('',(10.8442934323791,-11.3584694446843,-16.6));
#14187=CARTESIAN_POINT('',(21.098394064649,-0.825501191467112,-16.6));
#14188=CARTESIAN_POINT('',(9.79211522186224,10.1814360975567,-16.6));
#14189=CARTESIAN_POINT('',(9.79211522186225,10.1814360975567,-16.6));
#14190=CARTESIAN_POINT('',(-0.0645768458691779,0.0566842198124985,-16.6));
#14191=CARTESIAN_POINT('',(-0.0645768458691779,0.0566842198124985,-16.6));
#14192=CARTESIAN_POINT('',(-0.0645768458691779,0.0566842198124985,-16.6));
#14193=CARTESIAN_POINT('',(-0.0645768458691779,0.0566842198124985,-16.6));
#14194=CARTESIAN_POINT('',(-0.0645768458691779,0.0566842198124985,-16.6));
#14195=CARTESIAN_POINT('',(10.0077593244475,-54.1676227757704,-15.6));
#14196=CARTESIAN_POINT('',(10.0077593244475,-54.1676227757704,-16.6));
#14197=CARTESIAN_POINT('',(10.0077593244475,-54.1676227757704,-11.9));
#14198=CARTESIAN_POINT('',(25.650030271739,-52.8575633484492,-11.9));
#14199=CARTESIAN_POINT('',(25.650030271739,-52.8575633484492,-11.9));
#14200=CARTESIAN_POINT('',(25.650030271739,-52.8575633484492,-6.99999999999999));
#14201=CARTESIAN_POINT('',(10.0077593244475,-54.1676227757704,-6.99999999999999));
#14202=CARTESIAN_POINT('',(27.8995660959611,-55.7582443689378,-11.9));
#14203=CARTESIAN_POINT('',(27.8995660959611,-55.7582443689378,-7.));
#14204=CARTESIAN_POINT('',(29.8861536347041,-51.4796698750458,-7.));
#14205=CARTESIAN_POINT('',(32.1961438290034,-53.8109001433843,-7.));
#14206=CARTESIAN_POINT('',(32.1961438290034,-53.8109001433843,-11.9));
#14207=CARTESIAN_POINT('',(32.1961438290034,-53.8109001433843,-11.9));
#14208=CARTESIAN_POINT('',(27.8995660959611,-55.7582443689378,-11.9));
#14209=CARTESIAN_POINT('',(29.8861536347041,-51.4796698750458,-11.9));
#14210=CARTESIAN_POINT('',(29.8861536347041,-51.4796698750458,-11.9));
#14211=CARTESIAN_POINT('',(32.1961438290074,-53.8109001433931,-11.9));
#14212=CARTESIAN_POINT('',(32.1961438290074,-53.8109001433931,-7.));
#14213=CARTESIAN_POINT('',(31.1181573244649,-54.6099967968588,-7.));
#14214=CARTESIAN_POINT('',(31.1181573244649,-54.6099967968588,-11.9));
#14215=CARTESIAN_POINT('',(31.1181573244649,-54.6099967968588,-11.9));
#14216=CARTESIAN_POINT('',(32.1961438290074,-53.8109001433931,-11.9));
#14217=CARTESIAN_POINT('',(27.8995660959611,-55.7582443689379,-11.9));
#14218=CARTESIAN_POINT('',(27.8995660959611,-55.7582443689379,-7.));
#14219=CARTESIAN_POINT('',(29.3386847862019,-52.6587703202666,-7.));
#14220=CARTESIAN_POINT('',(29.3386847862019,-52.6587703202666,-11.9));
#14221=CARTESIAN_POINT('',(29.3386847862019,-52.6587703202666,-11.9));
#14222=CARTESIAN_POINT('',(27.8995660959611,-55.7582443689379,-11.9));
#14223=CARTESIAN_POINT('',(29.3386847862019,-52.6587703202666,-11.9));
#14224=CARTESIAN_POINT('',(29.3386847862019,-52.6587703202666,-7.));
#14225=CARTESIAN_POINT('',(28.4734567507619,-52.2570357622192,-7.));
#14226=CARTESIAN_POINT('',(28.4734567507619,-52.2570357622192,-11.9));
#14227=CARTESIAN_POINT('',(28.4734567507619,-52.2570357622192,-11.9));
#14228=CARTESIAN_POINT('',(29.3386847862019,-52.6587703202666,-11.9));
#14229=CARTESIAN_POINT('',(27.4614610104617,-54.4366020173843,-11.9));
#14230=CARTESIAN_POINT('',(27.4614610104617,-54.4366020173843,-7.));
#14231=CARTESIAN_POINT('',(27.4614610104617,-54.4366020173843,-11.9));
#14232=CARTESIAN_POINT('',(10.0077593244475,-54.1676227757704,-11.9));
#14233=CARTESIAN_POINT('',(24.8835693053521,-49.1569168870146,-11.9));
#14234=CARTESIAN_POINT('',(10.0077593244475,-54.1676227757704,-6.99999999999999));
#14235=CARTESIAN_POINT('',(24.8835693053521,-49.1569168870146,-7.));
#14236=CARTESIAN_POINT('',(24.8835693053521,-49.1569168870146,-11.9));
#14237=CARTESIAN_POINT('',(36.8477468569841,-65.2086307546545,9.1));
#14238=CARTESIAN_POINT('',(36.2105594059944,-67.328360655628,9.1));
#14239=CARTESIAN_POINT('',(36.2105594059944,-67.3283606556279,9.1));
#14240=CARTESIAN_POINT('',(15.2901289169173,3.05223545414665,-28.5541268291858));
#14241=CARTESIAN_POINT('',(12.0509703647148,5.69651651089446,65.9549298373675));
#14242=CARTESIAN_POINT('',(17.4635356386357,5.98600878353274,-18.75));
#14243=CARTESIAN_POINT('',(17.473311067013,5.98653162452102,-21.6));
#14244=CARTESIAN_POINT('',(14.9541069272187,3.32654638017607,-18.75));
#14245=CARTESIAN_POINT('',(18.4155728793005,2.13864388558552,-18.75));
#14246=CARTESIAN_POINT('',(16.5326159115051,2.03793350810266,-64.8062188112558));
#14247=CARTESIAN_POINT('',(18.5416721616693,2.14538833410181,-21.6));
#14248=CARTESIAN_POINT('',(15.0517864745487,3.24680586347278,-21.6));
#14249=CARTESIAN_POINT('',(15.0517864745487,3.24680586347278,-21.6));
#14250=CARTESIAN_POINT('',(12.5702110576616,-41.6417825287759,-32.8597203080268));
#14251=CARTESIAN_POINT('',(12.5702110576616,-41.6417825287759,-32.8597203080268));
#14252=CARTESIAN_POINT('',(12.5702110576616,-44.0632088087624,-33.039657275919));
#14253=CARTESIAN_POINT('',(12.5736056254009,-41.6640129045191,-32.5605643498642));
#14254=CARTESIAN_POINT('',(12.538425463913,-41.4373601508072,-30.2597955328283));
#14255=CARTESIAN_POINT('',(12.538425463913,-41.4373601508072,-30.391776351698));
#14256=CARTESIAN_POINT('',(12.538425463913,-41.4373601508072,-30.391776351698));
#14257=CARTESIAN_POINT('',(0.13758122594781,-0.269788395526969,-31.5002018764138));
#14258=CARTESIAN_POINT('',(0.13758122594781,-0.269788395526969,-31.5002018764138));
#14259=CARTESIAN_POINT('',(-0.586237073199138,-0.150222114347102,-17.6649892169002));
#14260=CARTESIAN_POINT('',(0.121908112991675,-0.267199381360174,-31.200622754084));
#14261=CARTESIAN_POINT('',(0.121908112991675,-0.267199381360174,-31.200622754084));
#14262=CARTESIAN_POINT('',(25.522513353129,-41.0107142916679,-0.299999999999995));
#14263=CARTESIAN_POINT('',(25.522513353129,-30.2390319019021,-42.6));
#14264=CARTESIAN_POINT('',(25.522513353129,-30.2390319019021,-18.75));
#14265=CARTESIAN_POINT('',(25.522513353129,0.0566842198124985,-18.75));
#14266=CARTESIAN_POINT('',(22.3402243974662,-16.5796077873718,-16.6));
#14267=CARTESIAN_POINT('',(31.8107049571831,-23.5685324062786,-16.6));
#14268=CARTESIAN_POINT('',(31.8107049571831,-23.5685324062786,-18.75));
#14269=CARTESIAN_POINT('',(22.3402243974662,-16.5796077873718,-18.75));
#14270=CARTESIAN_POINT('',(34.0812663465002,-15.7531676432832,-18.75));
#14271=CARTESIAN_POINT('',(34.0812663465002,-15.7531676432832,-42.6));
#14272=CARTESIAN_POINT('',(-0.0645768458691778,0.0566842198124985,-18.75));
#14273=CARTESIAN_POINT('',(1.04073866499764,-0.861239615128218,-18.75));
#14274=CARTESIAN_POINT('',(25.7640957276801,-26.9485297804633,-18.75));
#14275=CARTESIAN_POINT('',(0.742524518568208,-14.3304963894995,-18.75));
#14276=CARTESIAN_POINT('',(33.2563182384655,-12.5065165572466,-18.7500000003213));
#14277=CARTESIAN_POINT('',(-3180.05405732986,-199.324338402615,-18.7500000003215));
#14278=CARTESIAN_POINT('',(33.5119581692571,-16.9567636443135,-18.75));
#14279=CARTESIAN_POINT('',(1.04073866499764,-0.861239615128218,-18.75));
#14280=CARTESIAN_POINT('',(1.04073866499764,-0.861239615128218,-16.6));
#14281=CARTESIAN_POINT('',(25.7640957276801,-26.9485297804633,-16.6));
#14282=CARTESIAN_POINT('',(25.7640957276801,-26.9485297804633,-15.75));
#14283=CARTESIAN_POINT('',(25.4640997167202,-26.9469827160786,-15.75));
#14284=CARTESIAN_POINT('',(25.4640997167202,-26.9469827160786,-18.75));
#14285=CARTESIAN_POINT('',(-3165.51617111078,-198.374076541926,-20.));
#14286=CARTESIAN_POINT('',(-3180.05405732986,-199.324338402615,-20.));
#14287=CARTESIAN_POINT('',(33.2563182384655,-12.5065165572465,-20.));
#14288=CARTESIAN_POINT('',(33.1864458750384,-11.3085495506433,-20.));
#14289=CARTESIAN_POINT('',(-3165.8752365926,-191.973467938093,-20.));
#14290=CARTESIAN_POINT('',(-3165.94244929078,-190.775351727869,-20.));
#14291=CARTESIAN_POINT('',(34.4541300559262,-12.4393209350838,-16.6));
#14292=CARTESIAN_POINT('',(33.2563182384655,-12.5065165572466,-18.7500000003213));
#14293=CARTESIAN_POINT('',(25.5425349648975,-11.7373626094868,-16.6));
#14294=CARTESIAN_POINT('',(33.1864458750384,-11.3085495506433,-18.7500000003213));
#14295=CARTESIAN_POINT('',(33.1864458750384,-11.3085495506433,-18.7500000003213));
#14296=CARTESIAN_POINT('',(0.675311820383214,-13.132380179275,-18.75));
#14297=CARTESIAN_POINT('',(33.974856410782,-4.36679188348869,-16.6));
#14298=CARTESIAN_POINT('',(32.7773023854929,-4.4420089735599,-18.7500000003213));
#14299=CARTESIAN_POINT('',(32.7773023854929,-4.44200897355987,-18.7500000003213));
#14300=CARTESIAN_POINT('',(32.7773023854925,-4.44200897355989,-21.6));
#14301=CARTESIAN_POINT('',(0.345921836127021,-6.47898936893291,-18.75));
#14302=CARTESIAN_POINT('',(33.974856410782,-4.36679188348869,-21.6));
#14303=CARTESIAN_POINT('',(23.4668203517193,-3.82442576479156,-16.6));
#14304=CARTESIAN_POINT('',(32.7044235018161,-3.24422177105962,-18.7500000003213));
#14305=CARTESIAN_POINT('',(32.7044235018161,-3.24422177105958,-21.6));
#14306=CARTESIAN_POINT('',(32.7044235018161,-3.24422177105962,-18.7500000003213));
#14307=CARTESIAN_POINT('',(23.4668203517193,-3.82442576479156,-21.6));
#14308=CARTESIAN_POINT('',(0.270699345882997,-5.28134936585958,-18.75));
#14309=CARTESIAN_POINT('',(33.5981480514667,1.74897216210548,-16.6));
#14310=CARTESIAN_POINT('',(-0.0588078266407704,-0.0511777029106537,-18.75));
#14311=CARTESIAN_POINT('',(32.399796531811,1.68487806119622,-18.7499999999968));
#14312=CARTESIAN_POINT('',(-0.0588078266407702,-0.0511777029106539,-21.6));
#14313=CARTESIAN_POINT('',(32.3997965318115,1.68487806119626,-21.6));
#14314=CARTESIAN_POINT('',(32.399796531811,1.68487806119622,-18.7500000003213));
#14315=CARTESIAN_POINT('',(18.0724860558353,2.12029380956598,-16.6));
#14316=CARTESIAN_POINT('',(32.32463038611,2.88257295879296,-18.7500000003213));
#14317=CARTESIAN_POINT('',(32.3246303861104,2.88257295879301,-21.6));
#14318=CARTESIAN_POINT('',(32.32463038611,2.88257295879296,-18.7499999999968));
#14319=CARTESIAN_POINT('',(-0.122898491260222,1.14710956928606,-21.6));
#14320=CARTESIAN_POINT('',(-0.122898491260222,1.14710956928606,-18.75));
#14321=CARTESIAN_POINT('',(-0.0645768458691778,0.0566842198124985,-18.75));
#14322=CARTESIAN_POINT('',(3.04116570996907,3.43746562392199,-18.75));
#14323=CARTESIAN_POINT('',(13.8569803206699,34.5075786337258,-18.75));
#14324=CARTESIAN_POINT('',(21.6624518319817,30.5590708731908,-18.7499999999985));
#14325=CARTESIAN_POINT('',(10.9274561305689,-3.41639345772968,-18.75));
#14326=CARTESIAN_POINT('',(20.5835515542748,27.1444316016515,-18.75));
#14327=CARTESIAN_POINT('',(-1.74170543304613,25.6833633732922,-18.75));
#14328=CARTESIAN_POINT('',(11.9606465686233,26.5801087578943,-18.75));
#14329=CARTESIAN_POINT('',(5.30850904168676,-1.22861415164914,-18.75));
#14330=CARTESIAN_POINT('',(-0.0645768458691778,0.0566842198124985,-18.75));
#14331=CARTESIAN_POINT('',(3.04116570996907,3.43746562392199,-18.75));
#14332=CARTESIAN_POINT('',(23.4322288965339,29.2548688677912,-18.75));
#14333=CARTESIAN_POINT('',(24.3419044899425,28.5096074463185,-18.75));
#14334=CARTESIAN_POINT('',(23.9210544052374,28.0142437352902,-18.75));
#14335=CARTESIAN_POINT('',(23.9635026103506,27.3656312547729,-18.75));
#14336=CARTESIAN_POINT('',(-1.74170543304616,25.6833633732921,-18.75));
#14337=CARTESIAN_POINT('',(22.8172754115347,27.2906168375314,-18.75));
#14338=CARTESIAN_POINT('',(22.7748272064215,27.9392293180486,-18.75));
#14339=CARTESIAN_POINT('',(22.1550293973153,28.1350626038485,-18.75));
#14340=CARTESIAN_POINT('',(12.071698239688,-3.77793183151403,-18.75));
#14341=CARTESIAN_POINT('',(22.4095539497878,28.940613914198,-18.75));
#14342=CARTESIAN_POINT('',(23.029351758894,28.7447806283982,-18.75));
#14343=CARTESIAN_POINT('',(-0.0645768458691778,0.0566842198124985,-18.75));
#14344=CARTESIAN_POINT('',(-1.23598708122126,18.7528167733433,-18.75));
#14345=CARTESIAN_POINT('',(30.7020759746873,20.753903032969,-18.75));
#14346=CARTESIAN_POINT('',(20.549154224585,20.1177695212523,-18.75));
#14347=CARTESIAN_POINT('',(20.508508037511,20.7664974206649,-18.75));
#14348=CARTESIAN_POINT('',(19.8887102284048,20.9623307064648,-18.75));
#14349=CARTESIAN_POINT('',(12.071698239688,-3.77793183151403,-18.75));
#14350=CARTESIAN_POINT('',(21.3467173174951,25.5768148876829,-18.75));
#14351=CARTESIAN_POINT('',(21.9665151266012,25.380981601883,-18.75));
#14352=CARTESIAN_POINT('',(21.9240669214881,26.0295940824002,-18.75));
#14353=CARTESIAN_POINT('',(-1.66333951591421,24.485924947722,-18.75));
#14354=CARTESIAN_POINT('',(27.2609870200758,26.3788668543897,-18.75));
#14355=CARTESIAN_POINT('',(27.303435225189,25.7302543738725,-18.75));
#14356=CARTESIAN_POINT('',(27.78207042131,26.1700365347592,-18.75));
#14357=CARTESIAN_POINT('',(3.04116570996907,3.43746562392199,-18.75));
#14358=CARTESIAN_POINT('',(31.2063099978272,21.7570396745386,-18.75));
#14359=CARTESIAN_POINT('',(30.6614297876133,21.4026309323816,-18.75));
#14360=CARTESIAN_POINT('',(-0.0645768458691778,0.0566842198124985,-18.75));
#14361=CARTESIAN_POINT('',(-1.23598708122126,18.7528167733433,-18.75));
#14362=CARTESIAN_POINT('',(18.319240034462,19.9780537645958,-18.75));
#14363=CARTESIAN_POINT('',(10.2605845427557,19.4731369589873,-18.75));
#14364=CARTESIAN_POINT('',(5.30850904168676,-1.22861415164914,-18.75));
#14365=CARTESIAN_POINT('',(11.6684048894686,25.3584160545601,-18.75));
#14366=CARTESIAN_POINT('',(-1.66333951591421,24.485924947722,-18.75));
#14367=CARTESIAN_POINT('',(20.1955617559611,25.9164726978921,-18.75));
#14368=CARTESIAN_POINT('',(10.9274561305689,-3.41639345772968,-18.75));
#14369=CARTESIAN_POINT('',(23.1030134321958,30.1396167647165,-28.1));
#14370=CARTESIAN_POINT('',(21.6727107957969,30.5915397319469,-28.1));
#14371=CARTESIAN_POINT('',(21.6727107957969,30.5915397319469,-20.1));
#14372=CARTESIAN_POINT('',(23.1030134321958,30.1396167647165,-20.1));
#14373=CARTESIAN_POINT('',(24.0040258711106,31.3388567677688,-20.1));
#14374=CARTESIAN_POINT('',(24.0040258711106,31.3388567677688,-28.1));
#14375=CARTESIAN_POINT('',(13.4801058966418,35.3067347293402,0.4));
#14376=CARTESIAN_POINT('',(13.4801058966418,35.3067347293402,0.4));
#14377=CARTESIAN_POINT('',(13.5824738569302,35.9349890877838,0.4));
#14378=CARTESIAN_POINT('',(13.2819629438966,34.7018197696357,0.4));
#14379=CARTESIAN_POINT('',(3.04116570996907,3.43746562392199,0.4));
#14380=CARTESIAN_POINT('',(31.3512405921668,20.1967444956212,0.400000000000001));
#14381=CARTESIAN_POINT('',(31.8245259877995,20.4769246774342,0.400000000000001));
#14382=CARTESIAN_POINT('',(32.3691734256074,20.5534698829622,0.400000000000001));
#14383=CARTESIAN_POINT('',(32.3691734256074,20.5534698829622,0.400000000000001));
#14384=CARTESIAN_POINT('',(32.1352625295008,22.217832390855,0.400000000000001));
#14385=CARTESIAN_POINT('',(29.4615387438985,21.8420650182628,0.400000000000001));
#14386=CARTESIAN_POINT('',(31.6769913502653,23.3853633526567,0.400000000000001));
#14387=CARTESIAN_POINT('',(3.04116570996907,3.43746562392199,0.400000000000001));
#14388=CARTESIAN_POINT('',(18.9778538318539,34.4850276152166,0.400000000000001));
#14389=CARTESIAN_POINT('',(13.6726882265117,24.1496017884932,0.4));
#14390=CARTESIAN_POINT('',(15.5410047886328,35.6158654494906,0.4));
#14391=CARTESIAN_POINT('',(15.5410047886328,35.6158654494906,0.4));
#14392=CARTESIAN_POINT('',(-0.064576845869178,0.0566842198124986,-15.75));
#14393=CARTESIAN_POINT('',(31.8245259877995,20.4769246774342,-15.75));
#14394=CARTESIAN_POINT('',(32.373662254817,20.4461129938637,-15.75));
#14395=CARTESIAN_POINT('',(32.3691734256074,20.5534698829622,-15.75));
#14396=CARTESIAN_POINT('',(-3165.51617111078,-198.374076541926,-15.7500000000002));
#14397=CARTESIAN_POINT('',(32.3635984886874,20.5931376203268,-15.75));
#14398=CARTESIAN_POINT('',(34.565799087138,4.92366615949494,-15.75));
#14399=CARTESIAN_POINT('',(13.6726882265117,24.1496017884932,-20.1));
#14400=CARTESIAN_POINT('',(18.9778538318539,34.4850276152166,-20.1));
#14401=CARTESIAN_POINT('',(18.9778538318539,34.4850276152166,-20.1));
#14402=CARTESIAN_POINT('',(13.6726882265117,24.1496017884932,-20.1));
#14403=CARTESIAN_POINT('',(15.5410047886328,35.6158654494906,-20.1));
#14404=CARTESIAN_POINT('',(15.5410047886328,35.6158654494906,-20.1));
#14405=CARTESIAN_POINT('',(3.04116570996907,3.43746562392199,-20.1));
#14406=CARTESIAN_POINT('',(31.6769913502653,23.3853633526567,-20.1));
#14407=CARTESIAN_POINT('',(3.04116570996907,3.43746562392199,-20.1));
#14408=CARTESIAN_POINT('',(29.4615387438985,21.8420650182628,-20.1));
#14409=CARTESIAN_POINT('',(32.1352625295008,22.217832390855,-20.1));
#14410=CARTESIAN_POINT('',(32.3691734256074,20.5534698829622,-20.1));
#14411=CARTESIAN_POINT('',(32.3635984886874,20.5931376203268,-28.1));
#14412=CARTESIAN_POINT('',(32.3691734256074,20.5534698829622,-20.1));
#14413=CARTESIAN_POINT('',(13.4801058966418,35.3067347293402,-20.1));
#14414=CARTESIAN_POINT('',(13.5824738569302,35.9349890877838,-20.1));
#14415=CARTESIAN_POINT('',(13.5824738569302,35.9349890877838,-15.75));
#14416=CARTESIAN_POINT('',(13.4801058966418,35.3067347293402,-15.75));
#14417=CARTESIAN_POINT('',(13.2819629438966,34.7018197696357,-15.75));
#14418=CARTESIAN_POINT('',(13.2819629438966,34.7018197696357,-20.1));
#14419=CARTESIAN_POINT('',(13.4801058966418,35.3067347293402,-20.1));
#14420=CARTESIAN_POINT('',(9.96859279027291,18.2524890538912,-20.1));
#14421=CARTESIAN_POINT('',(9.96859279027291,18.2524890538912,-20.1));
#14422=CARTESIAN_POINT('',(10.7071678996953,26.4980753076573,-20.1));
#14423=CARTESIAN_POINT('',(12.9877567349225,36.0318924803513,-20.1));
#14424=CARTESIAN_POINT('',(15.5410047886328,35.6158654494906,-20.1));
#14425=CARTESIAN_POINT('',(20.5835515542748,27.1444316016515,-20.1));
#14426=CARTESIAN_POINT('',(21.6624518319817,30.5590708731908,-20.1));
#14427=CARTESIAN_POINT('',(3.04116570996907,3.43746562392199,-20.1));
#14428=CARTESIAN_POINT('',(13.8569803206699,34.5075786337258,-20.1));
#14429=CARTESIAN_POINT('',(14.1753242909427,35.838389853938,-20.1));
#14430=CARTESIAN_POINT('',(11.9606465686233,26.5801087578943,-20.1));
#14431=CARTESIAN_POINT('',(11.9606465686233,26.5801087578943,-20.1));
#14432=CARTESIAN_POINT('',(20.5835515542748,27.1444316016515,-20.1));
#14433=CARTESIAN_POINT('',(20.5835515542748,27.1444316016515,-20.1));
#14434=CARTESIAN_POINT('',(20.1955617559611,25.9164726978921,-20.1));
#14435=CARTESIAN_POINT('',(20.1955617559611,25.9164726978921,-20.1));
#14436=CARTESIAN_POINT('',(11.6684048894686,25.3584160545601,-20.1));
#14437=CARTESIAN_POINT('',(11.6684048894686,25.3584160545601,-20.1));
#14438=CARTESIAN_POINT('',(10.2605845427557,19.4731369589873,-20.1));
#14439=CARTESIAN_POINT('',(10.2605845427557,19.4731369589873,-20.1));
#14440=CARTESIAN_POINT('',(18.319240034462,19.9780537645958,-20.1));
#14441=CARTESIAN_POINT('',(20.5835515542748,27.1444316016515,-20.1));
#14442=CARTESIAN_POINT('',(17.9316680656996,18.7514172603428,-20.1));
#14443=CARTESIAN_POINT('',(17.9316680656996,18.7514172603428,-20.1));
#14444=CARTESIAN_POINT('',(3.04116570996907,3.43746562392199,-20.1));
#14445=CARTESIAN_POINT('',(3.04116570996907,3.43746562392199,-15.75));
#14446=CARTESIAN_POINT('',(31.3512405921668,20.1967444956212,-15.75));
#14447=CARTESIAN_POINT('',(31.3512405921668,20.1967444956212,-20.1));
#14448=CARTESIAN_POINT('',(31.8245259877995,20.4769246774342,-20.1));
#14449=CARTESIAN_POINT('',(31.8245259877995,20.4769246774342,-15.75));
#14450=CARTESIAN_POINT('',(3.04116570996907,3.43746562392199,-20.1));
#14451=CARTESIAN_POINT('',(13.8569803206699,34.5075786337258,-20.1));
#14452=CARTESIAN_POINT('',(21.6624518319817,30.5590708731908,-16.6));
#14453=CARTESIAN_POINT('',(3.04116570996907,3.43746562392199,-20.1));
#14454=CARTESIAN_POINT('',(27.78207042131,26.1700365347592,-20.1));
#14455=CARTESIAN_POINT('',(31.2063099978272,21.7570396745386,-20.1));
#14456=CARTESIAN_POINT('',(3.04116570996907,3.43746562392199,-20.1));
#14457=CARTESIAN_POINT('',(24.3419044899425,28.5096074463185,-20.1));
#14458=CARTESIAN_POINT('',(23.4322288965339,29.2548688677912,-20.1));
#14459=CARTESIAN_POINT('',(33.5981480514667,6.84897216210548,-16.6));
#14460=CARTESIAN_POINT('',(-0.330804383007852,5.03427450001577,-18.75));
#14461=CARTESIAN_POINT('',(32.0777207705039,6.76765176656813,-18.7500000003213));
#14462=CARTESIAN_POINT('',(-0.330804383007851,5.03427450001577,-21.6));
#14463=CARTESIAN_POINT('',(32.0777207705039,6.76765176656811,-21.6));
#14464=CARTESIAN_POINT('',(32.0777207705034,6.76765176656804,-18.7500000003213));
#14465=CARTESIAN_POINT('',(18.0724860558353,7.22029380956597,-16.6));
#14466=CARTESIAN_POINT('',(-0.394895047627303,6.23256177221248,-18.75));
#14467=CARTESIAN_POINT('',(32.0006583942942,7.96524524384906,-18.7500000003213));
#14468=CARTESIAN_POINT('',(15.5033152239204,7.08288112901861,-18.75));
#14469=CARTESIAN_POINT('',(32.0006583942933,7.96524524384903,-18.7500000003213));
#14470=CARTESIAN_POINT('',(32.0006583942942,7.96524524384906,-21.6));
#14471=CARTESIAN_POINT('',(-0.394895047627303,6.23256177221248,-21.6));
#14472=CARTESIAN_POINT('',(-0.394895047627303,6.23256177221248,-18.75));
#14473=CARTESIAN_POINT('',(14.223207294067,7.01441426809758,-18.75));
#14474=CARTESIAN_POINT('',(14.223207294067,7.01441426809758,-16.6));
#14475=CARTESIAN_POINT('',(14.223207294067,7.01441426809758,-20.1));
#14476=CARTESIAN_POINT('',(14.9911302545687,7.05548680058377,-20.1));
#14477=CARTESIAN_POINT('',(15.5033152239203,7.08288112901861,-20.1));
#14478=CARTESIAN_POINT('',(15.5033152239203,7.08288112901861,-16.6));
#14479=CARTESIAN_POINT('',(32.4273800040009,19.6596492320954,-16.6));
#14480=CARTESIAN_POINT('',(-1.16094796662317,17.5551652667353,-18.75));
#14481=CARTESIAN_POINT('',(19.2155598624365,18.8318597790014,-18.75));
#14482=CARTESIAN_POINT('',(31.2296955415601,19.5846080526424,-18.7500000003213));
#14483=CARTESIAN_POINT('',(19.2155598624365,18.8318597790014,-16.6));
#14484=CARTESIAN_POINT('',(19.2155598624365,18.8318597790014,-20.1));
#14485=CARTESIAN_POINT('',(19.2155598624495,18.8318597787935,-20.1));
#14486=CARTESIAN_POINT('',(17.9316680656257,18.751417260109,-28.1));
#14487=CARTESIAN_POINT('',(31.2296955415592,19.5846080526424,-18.7500000003213));
#14488=CARTESIAN_POINT('',(32.9382507880633,12.0326075896657,-16.6));
#14489=CARTESIAN_POINT('',(16.7585365407741,11.0555633977747,-16.6));
#14490=CARTESIAN_POINT('',(16.7585365407741,11.0555633977747,-18.75));
#14491=CARTESIAN_POINT('',(16.7585365407741,11.0555633977747,-20.1));
#14492=CARTESIAN_POINT('',(32.9382507880633,12.0326075896657,-20.1));
#14493=CARTESIAN_POINT('',(31.7403449765679,11.9602696671495,-20.1));
#14494=CARTESIAN_POINT('',(31.7403449765679,11.9602696671495,-18.7500000003213));
#14495=CARTESIAN_POINT('',(31.7403449765679,11.9602696671495,-18.7500000003213));
#14496=CARTESIAN_POINT('',(-0.665228721902853,10.0033947135458,-18.75));
#14497=CARTESIAN_POINT('',(17.1457715065084,12.2811333124661,-16.6));
#14498=CARTESIAN_POINT('',(-0.73756134252553,11.2012127264317,-18.75));
#14499=CARTESIAN_POINT('',(31.6613500297174,13.1576853622289,-18.7500000003213));
#14500=CARTESIAN_POINT('',(17.1457715065084,12.2811333124661,-18.75));
#14501=CARTESIAN_POINT('',(31.6613500297174,13.1576853622289,-18.7500000003213));
#14502=CARTESIAN_POINT('',(31.6613500297174,13.1576853622289,-20.1));
#14503=CARTESIAN_POINT('',(17.1457715065084,12.2811333124661,-20.1));
#14504=CARTESIAN_POINT('',(17.1457715065084,12.2811333124661,-20.1));
#14505=CARTESIAN_POINT('',(17.1457715065084,12.2811333124661,-16.6));
#14506=CARTESIAN_POINT('',(13.4801058966418,35.3067347293402,-20.1));
#14507=CARTESIAN_POINT('',(19.2155598624365,18.8318597790014,-20.1));
#14508=CARTESIAN_POINT('',(-3180.05405732986,-199.324338402615,-20.1000000000002));
#14509=CARTESIAN_POINT('',(16.7585365407741,11.0555633977747,-20.1));
#14510=CARTESIAN_POINT('',(15.8628177433416,12.2036596004086,-20.1));
#14511=CARTESIAN_POINT('',(26.6595945293114,26.3395089441301,-16.6));
#14512=CARTESIAN_POINT('',(27.2609870200758,26.3788668543897,-18.75));
#14513=CARTESIAN_POINT('',(21.9240669214881,26.0295940824002,-24.1));
#14514=CARTESIAN_POINT('',(25.5115465065209,27.4669424179136,-16.6));
#14515=CARTESIAN_POINT('',(23.9635026103506,27.3656312547729,-24.1));
#14516=CARTESIAN_POINT('',(22.8172754115347,27.2906168375314,-18.75));
#14517=CARTESIAN_POINT('',(22.6889626748781,29.8249217832553,-16.6));
#14518=CARTESIAN_POINT('',(22.1550293973153,28.1350626038485,-24.1));
#14519=CARTESIAN_POINT('',(22.4095539497878,28.940613914198,-18.7499999999985));
#14520=CARTESIAN_POINT('',(14.1753242909427,35.838389853938,-16.6));
#14521=CARTESIAN_POINT('',(11.9606465686233,26.5801087578943,-16.6));
#14522=CARTESIAN_POINT('',(18.319240034462,19.9780537645958,-16.6));
#14523=CARTESIAN_POINT('',(18.319240034462,19.9780537645958,-16.6));
#14524=CARTESIAN_POINT('',(20.1955617559611,25.9164726978921,-16.6));
#14525=CARTESIAN_POINT('',(20.5835515542748,27.1444316016515,-16.6));
#14526=CARTESIAN_POINT('',(19.6031318311989,20.0584962832544,-16.6));
#14527=CARTESIAN_POINT('',(20.549154224585,20.1177695212523,-18.75));
#14528=CARTESIAN_POINT('',(30.7020759746873,20.753903032969,-24.1));
#14529=CARTESIAN_POINT('',(20.1955617559611,25.9164726978921,-16.6));
#14530=CARTESIAN_POINT('',(11.6684048894686,25.3584160545601,-16.6));
#14531=CARTESIAN_POINT('',(19.2155598624365,18.8318597790014,-16.6));
#14532=CARTESIAN_POINT('',(12.071698239688,-3.77793183151403,-18.75));
#14533=CARTESIAN_POINT('',(21.4806090065947,26.0005721423422,-16.6));
#14534=CARTESIAN_POINT('',(19.8887102284048,20.9623307064648,-24.1));
#14535=CARTESIAN_POINT('',(21.3467173174951,25.5768148876829,-18.75));
#14536=CARTESIAN_POINT('',(11.9606465686233,26.5801087578943,-16.6));
#14537=CARTESIAN_POINT('',(9.96859279027291,18.2524890538912,-16.6));
#14538=CARTESIAN_POINT('',(9.96859279027291,18.2524890538912,-16.6));
#14539=CARTESIAN_POINT('',(9.96859279027291,18.2524890538912,-18.75));
#14540=CARTESIAN_POINT('',(5.30850904168676,-1.22861415164914,-18.75));
#14541=CARTESIAN_POINT('',(17.9316680656996,18.7514172603428,-16.6));
#14542=CARTESIAN_POINT('',(-1.16094796662317,17.5551652667353,-18.75));
#14543=CARTESIAN_POINT('',(17.9316680656996,18.7514172603428,-18.75));
#14544=CARTESIAN_POINT('',(17.9316680656996,18.7514172603428,-16.6));
#14545=CARTESIAN_POINT('',(15.8628177433416,12.2036596004086,-16.6));
#14546=CARTESIAN_POINT('',(10.9274561305689,-3.41639345772968,-18.75));
#14547=CARTESIAN_POINT('',(10.2605845427557,19.4731369589873,-16.6));
#14548=CARTESIAN_POINT('',(10.2605845427557,19.4731369589873,-16.6));
#14549=CARTESIAN_POINT('',(11.6684048894686,25.3584160545601,-16.6));
#14550=CARTESIAN_POINT('',(16.7585365407741,11.0555633977747,-16.6));
#14551=CARTESIAN_POINT('',(12.071698239688,-3.77793183151403,-18.75));
#14552=CARTESIAN_POINT('',(8.74300631892311E-16,-4.93038065763132E-32,-15.75));
#14553=CARTESIAN_POINT('',(13.1763318530273,6.88681894281789,-15.75));
#14554=CARTESIAN_POINT('',(21.098394064649,-0.825501191467112,-15.75));
#14555=CARTESIAN_POINT('',(9.79211522186224,10.1814360975567,-15.75));
#14556=CARTESIAN_POINT('',(10.8442934323791,-11.3584694446843,-15.75));
#14557=CARTESIAN_POINT('',(25.5440979694091,-11.434275599535,-15.75));
#14558=CARTESIAN_POINT('',(25.5425349648975,-11.7373626094868,-15.75));
#14559=CARTESIAN_POINT('',(25.5289105441422,-14.3793159235474,-15.75));
#14560=CARTESIAN_POINT('',(8.74300631892311E-16,-4.93038065763132E-32,-15.75));
#14561=CARTESIAN_POINT('',(10.8766115072916,27.2064206046928,-15.75));
#14562=CARTESIAN_POINT('',(10.7071678996953,26.4980753076573,-15.75));
#14563=CARTESIAN_POINT('',(7.2710513608552,12.1336680285569,-15.75));
#14564=CARTESIAN_POINT('',(-0.064576845869178,0.0566842198124986,-15.75));
#14565=CARTESIAN_POINT('',(8.74300631892311E-16,1.38777878078144E-17,-14.75));
#14566=CARTESIAN_POINT('',(8.74300631892311E-16,2.77555756156289E-17,-14.75));
#14567=CARTESIAN_POINT('',(29.3,2.77555756156289E-17,-14.75));
#14568=CARTESIAN_POINT('',(8.74300631892311E-16,1.38777878078144E-17,-15.25));
#14569=CARTESIAN_POINT('',(8.74300631892311E-16,-4.93038065763132E-32,-15.75));
#14570=CARTESIAN_POINT('',(-0.064576845869178,0.0566842198124986,-15.75));
#14571=CARTESIAN_POINT('',(25.5425349648975,-11.7373626094868,-15.75));
#14572=CARTESIAN_POINT('',(1.04073866499764,-0.861239615128218,-15.75));
#14573=CARTESIAN_POINT('',(34.5787269223616,-14.596207162116,-15.75));
#14574=CARTESIAN_POINT('',(-3165.51617111078,-198.374076541926,-15.75));
#14575=CARTESIAN_POINT('',(12.9877567349225,36.0318924803513,-15.75));
#14576=CARTESIAN_POINT('',(12.9877567349225,36.0318924803513,-15.75));
#14577=CARTESIAN_POINT('',(10.7071678996953,26.4980753076573,-15.75));
#14578=CARTESIAN_POINT('',(1.04073866499764,-0.861239615128218,-16.6));
#14579=CARTESIAN_POINT('',(33.5119581692571,-16.9567636443135,-20.175));
#14580=CARTESIAN_POINT('',(33.5119581692571,-16.9567636443135,-21.6));
#14581=CARTESIAN_POINT('',(1.04073866499764,-0.861239615128218,-21.6));
#14582=CARTESIAN_POINT('',(34.5787269223616,-14.596207162116,-21.6));
#14583=CARTESIAN_POINT('',(34.5787269223616,-14.5962071621157,-18.675));
#14584=CARTESIAN_POINT('',(-3165.51617111078,-198.374076541926,-18.75));
#14585=CARTESIAN_POINT('',(-3165.51617111078,-198.374076541926,-21.6000000000002));
#14586=CARTESIAN_POINT('',(12.9877567349225,36.0318924803513,-18.75));
#14587=CARTESIAN_POINT('',(12.9877567349225,36.0318924803513,-18.75));
#14588=CARTESIAN_POINT('',(10.7071678996953,26.4980753076573,-18.75));
#14589=CARTESIAN_POINT('',(7.2710513608552,12.1336680285569,-32.6));
#14590=CARTESIAN_POINT('',(-3180.05405732986,-199.324338402615,-18.7500000003215));
#14591=CARTESIAN_POINT('',(-3180.05405732986,-199.324338402615,-18.7500000003215));
#14592=CARTESIAN_POINT('',(-3180.05405732986,-199.324338402615,-21.6000000000002));
#14593=CARTESIAN_POINT('',(-0.0645768458691778,0.0566842198124985,-18.75));
#14594=CARTESIAN_POINT('',(-0.0645768458691778,0.0566842198124985,-18.75));
#14595=CARTESIAN_POINT('',(-3180.05405732986,-199.324338402615,-18.7500000003215));
#14596=CARTESIAN_POINT('',(-0.0645768458691778,0.0566842198124985,-18.75));
#14597=CARTESIAN_POINT('',(-3180.05405732986,-199.324338402615,-18.7500000003215));
#14598=CARTESIAN_POINT('',(-3180.05405732986,-199.324338402615,-18.7500000003215));
#14599=CARTESIAN_POINT('',(-3180.05405732986,-199.324338402615,-21.6000000000002));
#14600=CARTESIAN_POINT('',(-0.0645768458691777,0.0566842198124984,-21.6));
#14601=CARTESIAN_POINT('',(-3180.05405732986,-199.324338402615,-21.6000000000002));
#14602=CARTESIAN_POINT('',(-3180.05405732986,-199.324338402615,-21.6000000000002));
#14603=CARTESIAN_POINT('',(-0.0645768458691778,0.0566842198124985,-18.75));
#14604=CARTESIAN_POINT('',(-3180.05405732986,-199.324338402615,-18.7500000003215));
#14605=CARTESIAN_POINT('',(-3180.05405732986,-199.324338402615,-18.7500000003215));
#14606=CARTESIAN_POINT('',(-0.0645768458691778,0.0566842198124985,-18.75));
#14607=CARTESIAN_POINT('',(-3180.05405732986,-199.324338402615,-18.7500000003215));
#14608=CARTESIAN_POINT('',(-3180.05405732986,-199.324338402615,-18.7500000003215));
#14609=CARTESIAN_POINT('',(-0.0645768458691778,0.0566842198124985,-18.75));
#14610=CARTESIAN_POINT('',(13.1763318530273,6.88681894281789,-18.75));
#14611=CARTESIAN_POINT('',(9.79211522186224,10.1814360975567,-16.175));
#14612=CARTESIAN_POINT('',(21.098394064649,-0.825501191467112,-18.75));
#14613=CARTESIAN_POINT('',(-0.0645768458691771,0.0566842198124981,-32.6));
#14614=CARTESIAN_POINT('',(10.8442934323791,-11.3584694446843,-18.75));
#14615=CARTESIAN_POINT('',(25.5440979694091,-11.434275599535,-18.75));
#14616=CARTESIAN_POINT('',(25.5425349648975,-11.7373626094868,-18.75));
#14617=CARTESIAN_POINT('',(13.4801058966418,35.3067347293402,-20.1));
#14618=CARTESIAN_POINT('',(16.7585365407741,11.0555633977747,-20.1));
#14619=CARTESIAN_POINT('',(14.9085425366944,5.20046973530083,-20.1));
#14620=CARTESIAN_POINT('',(9.79211522186224,10.1814360975567,-20.1));
#14621=CARTESIAN_POINT('',(13.1763318530273,6.88681894281789,-18.75));
#14622=CARTESIAN_POINT('',(14.9085425366944,5.20046973530083,-16.6));
#14623=CARTESIAN_POINT('',(16.7585365407741,11.0555633977747,-16.6));
#14624=CARTESIAN_POINT('',(23.9210544052374,28.0142437352902,-20.1));
#14625=CARTESIAN_POINT('',(22.7748272064215,27.9392293180486,-16.6));
#14626=CARTESIAN_POINT('',(20.508508037511,20.7664974206649,-16.6));
#14627=CARTESIAN_POINT('',(23.029351758894,28.7447806283982,-20.1));
#14628=CARTESIAN_POINT('',(27.303435225189,25.7302543738725,-20.1));
#14629=CARTESIAN_POINT('',(21.9665151266012,25.380981601883,-16.6));
#14630=CARTESIAN_POINT('',(30.6614297876133,21.4026309323816,-20.1));
#14631=CARTESIAN_POINT('',(10.0077593244475,-54.1676227757706,22.9));
#14632=CARTESIAN_POINT('',(10.0077593244475,-54.1676227757706,-16.6));
#14633=CARTESIAN_POINT('',(-3.63927530288218,-54.1676227757706,-16.6));
#14634=CARTESIAN_POINT('',(10.0077593244475,-54.1676227757706,22.9));
#14635=CARTESIAN_POINT('',(23.6547939517772,-54.1676227757706,22.9));
#14636=CARTESIAN_POINT('',(10.0077593244475,-54.1676227757706,22.9));
#14637=CARTESIAN_POINT('',(10.0601989786965,-54.7015967667825,22.9));
#14638=CARTESIAN_POINT('',(18.7519438722377,-53.8480119392245,22.9));
#14639=CARTESIAN_POINT('',(0.896797200939184,-55.601501310935,22.9));
#14640=CARTESIAN_POINT('',(9.7488466550155,-53.9557243147471,22.9));
#14641=CARTESIAN_POINT('',(-0.0645768458691779,0.0566842198124985,-16.6));
#14642=CARTESIAN_POINT('',(9.75793711029528,-54.0482891257736,26.2757706866834));
#14643=CARTESIAN_POINT('',(9.75793711029528,-54.0482891257736,26.2757706866834));
#14644=CARTESIAN_POINT('',(11.08600704009,-54.0482891257736,26.2757706866834));
#14645=CARTESIAN_POINT('',(9.75793711029528,-54.0482891257736,26.2757706866834));
#14646=CARTESIAN_POINT('',(13.28600704009,-54.0482891257736,26.2757706866834));
#14647=CARTESIAN_POINT('',(9.75793711029528,-54.0482891257736,24.7757706866834));
#14648=CARTESIAN_POINT('',(9.75793711029527,-54.0482891257735,24.7757706866834));
#14649=CARTESIAN_POINT('',(13.7667220763608,-53.6546008542137,24.7757706866834));
#14650=CARTESIAN_POINT('',(5.74915214422975,-54.4419773973332,24.7757706866834));
#14651=CARTESIAN_POINT('',(9.75793711029528,-54.0482891257736,24.7757706866834));
#14652=CARTESIAN_POINT('',(9.75793711029528,-54.0482891257736,24.7757706866834));
#14653=CARTESIAN_POINT('',(9.75793711029528,-54.0482891257736,24.7757706866834));
#14654=CARTESIAN_POINT('',(9.75793711029528,-54.0482891257736,25.7757706866834));
#14655=CARTESIAN_POINT('',(13.78600704009,-54.0482891257736,25.7757706866834));
#14656=CARTESIAN_POINT('',(9.75793711029528,-54.0482891257736,25.7757706866834));
#14657=CARTESIAN_POINT('',(9.75793711029528,-54.0482891257736,27.3257706866834));
#14658=CARTESIAN_POINT('',(9.75793711029528,-54.0482891257736,27.3257706866834));
#14659=CARTESIAN_POINT('',(10.18600704009,-54.0482891257736,27.3257706866834));
#14660=CARTESIAN_POINT('',(9.75793711029528,-54.0482891257736,26.2757706866834));
#14661=CARTESIAN_POINT('',(9.75793711029528,-54.0482891257736,26.4257706866834));
#14662=CARTESIAN_POINT('',(11.08600704009,-54.0482891257736,26.4257706866834));
#14663=CARTESIAN_POINT('',(9.75793711029528,-54.0482891257736,26.4257706866834));
#14664=CARTESIAN_POINT('',(9.74903188814075,-53.9576104765186,22.9382219433297));
#14665=CARTESIAN_POINT('',(9.74903188814075,-53.9576104765186,22.9382219433297));
#14666=CARTESIAN_POINT('',(9.75793711029528,-54.0482891257736,24.7757706866834));
#14667=CARTESIAN_POINT('',(9.75793711029528,-54.0482891257736,24.7757706866834));
#14668=CARTESIAN_POINT('',(9.75793711029528,-46.0543563712375,25.1702522083511));
#14669=CARTESIAN_POINT('',(9.75131080246181,-53.9808158349943,23.4084646923827));
#14670=CARTESIAN_POINT('',(9.75309680615825,-53.9990020632486,23.7769977610774));
#14671=CARTESIAN_POINT('',(9.75309680615825,-62.9917194434941,23.3332285995125));
#14672=CARTESIAN_POINT('',(9.75309680615825,-53.9990020632486,23.7769977610774));
#14673=CARTESIAN_POINT('',(0.,0.,0.));
#14674=CARTESIAN_POINT('',(5.53155481836375,33.3442933841975,-4.725));
#14675=CARTESIAN_POINT('',(5.53155481836375,33.3442933841975,-1.15));
#14676=CARTESIAN_POINT('',(5.53155481836375,33.3442933841975,-8.45));
#14677=CARTESIAN_POINT('',(6.38378239159465E-17,-3.19189119579732E-17,-1.15));
#14678=CARTESIAN_POINT('',(8.74381391365969,32.6494367216847,-1.15));
#14679=CARTESIAN_POINT('',(8.7438139136597,32.6494367216847,-4.725));
#14680=CARTESIAN_POINT('',(8.7438139136597,32.6494367216847,-8.45));
#14681=CARTESIAN_POINT('',(4.26604910465862E-16,-3.05025697400454E-16,-8.45));
#14682=CARTESIAN_POINT('',(0.,0.,0.));
#14683=CARTESIAN_POINT('',(15.56477457639,30.0029630601073,-4.725));
#14684=CARTESIAN_POINT('',(15.56477457639,30.0029630601073,-1.15));
#14685=CARTESIAN_POINT('',(15.56477457639,30.0029630601073,-8.45));
#14686=CARTESIAN_POINT('',(6.38378239159465E-17,-3.19189119579732E-17,-1.15));
#14687=CARTESIAN_POINT('',(18.4050920036283,28.3494724525515,-1.15));
#14688=CARTESIAN_POINT('',(18.4050920036283,28.3494724525515,-4.725));
#14689=CARTESIAN_POINT('',(18.4050920036283,28.3494724525515,-8.45));
#14690=CARTESIAN_POINT('',(3.11467255764258E-16,-4.2192484436793E-16,-8.45));
#14691=CARTESIAN_POINT('',(0.,0.,0.));
#14692=CARTESIAN_POINT('',(24.0744057527178,23.7247336687582,-4.725));
#14693=CARTESIAN_POINT('',(24.0744057527178,23.7247336687582,-1.15));
#14694=CARTESIAN_POINT('',(24.0744057527178,23.7247336687582,-8.45));
#14695=CARTESIAN_POINT('',(6.38378239159465E-17,-3.19189119579732E-17,-1.15));
#14696=CARTESIAN_POINT('',(26.2647514524654,21.2744642973735,-1.15));
#14697=CARTESIAN_POINT('',(26.2647514524654,21.2744642973735,-4.725));
#14698=CARTESIAN_POINT('',(26.2647514524654,21.2744642973735,-8.45));
#14699=CARTESIAN_POINT('',(1.65841015948471E-16,-4.97523047845422E-16,-8.45));
#14700=CARTESIAN_POINT('',(0.,0.,0.));
#14701=CARTESIAN_POINT('',(30.2274663577216,15.1241620459717,-4.725));
#14702=CARTESIAN_POINT('',(30.2274663577215,15.1241620459717,-1.15));
#14703=CARTESIAN_POINT('',(30.2274663577216,15.1241620459717,-8.45));
#14704=CARTESIAN_POINT('',(6.38378239159465E-17,-3.19189119579732E-17,-1.15));
#14705=CARTESIAN_POINT('',(31.5534340318513,12.1169633488598,-1.15));
#14706=CARTESIAN_POINT('',(31.5534340318513,12.1169633488598,-4.725));
#14707=CARTESIAN_POINT('',(31.5534340318512,12.1169633488598,-8.45));
#14708=CARTESIAN_POINT('',(3.98110200934724E-18,-5.24420228952898E-16,-8.45));
#14709=CARTESIAN_POINT('',(0.,0.,0.));
#14710=CARTESIAN_POINT('',(33.4216519484894,5.04313206589233,-4.725));
#14711=CARTESIAN_POINT('',(33.4216519484894,5.04313206589233,-1.15));
#14712=CARTESIAN_POINT('',(33.4216519484894,5.04313206589233,-8.45));
#14713=CARTESIAN_POINT('',(6.38378239159465E-17,-3.19189119579732E-17,-1.15));
#14714=CARTESIAN_POINT('',(33.7534466424974,1.77336960391178,-1.15));
#14715=CARTESIAN_POINT('',(33.7534466424974,1.77336960391178,-4.725));
#14716=CARTESIAN_POINT('',(33.7534466424974,1.77336960391177,-8.45));
#14717=CARTESIAN_POINT('',(-1.58268509932421E-16,-4.99983504199879E-16,
-8.45));
#14718=CARTESIAN_POINT('',(0.,0.,0.));
#14719=CARTESIAN_POINT('',(33.3442933841975,-5.53155481836387,-4.725));
#14720=CARTESIAN_POINT('',(33.3442933841975,-5.53155481836388,-1.15));
#14721=CARTESIAN_POINT('',(33.3442933841975,-5.53155481836388,-8.45));
#14722=CARTESIAN_POINT('',(6.38378239159465E-17,-3.19189119579732E-17,-1.15));
#14723=CARTESIAN_POINT('',(32.6494367216847,-8.74381391365967,-1.15));
#14724=CARTESIAN_POINT('',(32.6494367216847,-8.74381391365966,-4.725));
#14725=CARTESIAN_POINT('',(32.6494367216847,-8.74381391365967,-8.45));
#14726=CARTESIAN_POINT('',(-3.05025697400454E-16,-4.26604910465862E-16,
-8.45));
#14727=CARTESIAN_POINT('',(0.,0.,0.));
#14728=CARTESIAN_POINT('',(30.0029630601073,-15.56477457639,-4.725));
#14729=CARTESIAN_POINT('',(30.0029630601073,-15.56477457639,-1.15));
#14730=CARTESIAN_POINT('',(30.0029630601073,-15.56477457639,-8.45));
#14731=CARTESIAN_POINT('',(6.38378239159465E-17,-3.19189119579732E-17,-1.15));
#14732=CARTESIAN_POINT('',(28.3494724525515,-18.4050920036283,-1.15));
#14733=CARTESIAN_POINT('',(28.3494724525515,-18.4050920036283,-4.725));
#14734=CARTESIAN_POINT('',(28.3494724525515,-18.4050920036283,-8.45));
#14735=CARTESIAN_POINT('',(-4.21924844367929E-16,-3.11467255764258E-16,
-8.45));
#14736=CARTESIAN_POINT('',(0.,0.,0.));
#14737=CARTESIAN_POINT('',(23.7247336687582,-24.0744057527177,-4.725));
#14738=CARTESIAN_POINT('',(23.7247336687582,-24.0744057527178,-1.15));
#14739=CARTESIAN_POINT('',(23.7247336687582,-24.0744057527178,-8.45));
#14740=CARTESIAN_POINT('',(6.38378239159465E-17,-3.19189119579732E-17,-1.15));
#14741=CARTESIAN_POINT('',(21.2744642973735,-26.2647514524653,-1.15));
#14742=CARTESIAN_POINT('',(21.2744642973735,-26.2647514524653,-4.725));
#14743=CARTESIAN_POINT('',(21.2744642973735,-26.2647514524653,-8.45));
#14744=CARTESIAN_POINT('',(-4.97523047845422E-16,-1.65841015948472E-16,
-8.45));
#14745=CARTESIAN_POINT('',(0.,0.,0.));
#14746=CARTESIAN_POINT('',(15.1241620459718,-30.2274663577215,-4.725));
#14747=CARTESIAN_POINT('',(15.1241620459718,-30.2274663577215,-1.15));
#14748=CARTESIAN_POINT('',(15.1241620459718,-30.2274663577215,-8.45));
#14749=CARTESIAN_POINT('',(6.38378239159465E-17,-3.19189119579732E-17,-1.15));
#14750=CARTESIAN_POINT('',(12.1169633488598,-31.5534340318512,-1.15));
#14751=CARTESIAN_POINT('',(12.1169633488598,-31.5534340318512,-4.725));
#14752=CARTESIAN_POINT('',(12.1169633488598,-31.5534340318512,-8.45));
#14753=CARTESIAN_POINT('',(-5.24420228952898E-16,-3.98110200934775E-18,
-8.45));
#14754=CARTESIAN_POINT('',(0.,0.,0.));
#14755=CARTESIAN_POINT('',(5.04313206589236,-33.4216519484894,-4.725));
#14756=CARTESIAN_POINT('',(5.04313206589236,-33.4216519484894,-1.15));
#14757=CARTESIAN_POINT('',(5.04313206589236,-33.4216519484894,-8.45));
#14758=CARTESIAN_POINT('',(6.38378239159465E-17,-3.19189119579732E-17,-1.15));
#14759=CARTESIAN_POINT('',(1.77336960391182,-33.7534466424974,-1.15));
#14760=CARTESIAN_POINT('',(1.77336960391182,-33.7534466424974,-4.725));
#14761=CARTESIAN_POINT('',(1.77336960391182,-33.7534466424974,-8.45));
#14762=CARTESIAN_POINT('',(-4.99983504199879E-16,1.5826850993242E-16,-8.45));
#14763=CARTESIAN_POINT('',(0.,0.,0.));
#14764=CARTESIAN_POINT('',(-5.53155481836383,-33.3442933841975,-4.725));
#14765=CARTESIAN_POINT('',(-5.53155481836382,-33.3442933841975,-1.15));
#14766=CARTESIAN_POINT('',(-5.53155481836383,-33.3442933841975,-8.45));
#14767=CARTESIAN_POINT('',(6.38378239159465E-17,-3.19189119579732E-17,-1.15));
#14768=CARTESIAN_POINT('',(-8.74381391365963,-32.6494367216847,-1.15));
#14769=CARTESIAN_POINT('',(-8.74381391365962,-32.6494367216847,-4.725));
#14770=CARTESIAN_POINT('',(-8.74381391365963,-32.6494367216847,-8.45));
#14771=CARTESIAN_POINT('',(-4.26604910465862E-16,3.05025697400453E-16,-8.45));
#14772=CARTESIAN_POINT('',(0.,0.,0.));
#14773=CARTESIAN_POINT('',(-15.5647745763899,-30.0029630601073,-4.725));
#14774=CARTESIAN_POINT('',(-15.5647745763899,-30.0029630601073,-1.15));
#14775=CARTESIAN_POINT('',(-15.5647745763899,-30.0029630601073,-8.45));
#14776=CARTESIAN_POINT('',(6.38378239159465E-17,-3.19189119579732E-17,-1.15));
#14777=CARTESIAN_POINT('',(-18.4050920036282,-28.3494724525516,-1.15));
#14778=CARTESIAN_POINT('',(-18.4050920036282,-28.3494724525516,-4.725));
#14779=CARTESIAN_POINT('',(-18.4050920036282,-28.3494724525516,-8.45));
#14780=CARTESIAN_POINT('',(-3.11467255764259E-16,4.21924844367929E-16,-8.45));
#14781=CARTESIAN_POINT('',(0.,0.,0.));
#14782=CARTESIAN_POINT('',(-24.0744057527177,-23.7247336687583,-4.725));
#14783=CARTESIAN_POINT('',(-24.0744057527177,-23.7247336687583,-1.15));
#14784=CARTESIAN_POINT('',(-24.0744057527177,-23.7247336687583,-8.45));
#14785=CARTESIAN_POINT('',(6.38378239159465E-17,-3.19189119579732E-17,-1.15));
#14786=CARTESIAN_POINT('',(-26.2647514524653,-21.2744642973735,-1.15));
#14787=CARTESIAN_POINT('',(-26.2647514524653,-21.2744642973735,-4.725));
#14788=CARTESIAN_POINT('',(-26.2647514524653,-21.2744642973735,-8.45));
#14789=CARTESIAN_POINT('',(-1.65841015948473E-16,4.97523047845422E-16,-8.45));
#14790=CARTESIAN_POINT('',(0.,0.,0.));
#14791=CARTESIAN_POINT('',(-30.2274663577215,-15.1241620459718,-4.725));
#14792=CARTESIAN_POINT('',(-30.2274663577215,-15.1241620459718,-1.15));
#14793=CARTESIAN_POINT('',(-30.2274663577215,-15.1241620459718,-8.45));
#14794=CARTESIAN_POINT('',(6.38378239159465E-17,-3.19189119579732E-17,-1.15));
#14795=CARTESIAN_POINT('',(-31.5534340318512,-12.1169633488598,-1.15));
#14796=CARTESIAN_POINT('',(-31.5534340318512,-12.1169633488598,-4.725));
#14797=CARTESIAN_POINT('',(-31.5534340318512,-12.1169633488598,-8.45));
#14798=CARTESIAN_POINT('',(-3.98110200934835E-18,5.24420228952898E-16,-8.45));
#14799=CARTESIAN_POINT('',(0.,0.,0.));
#14800=CARTESIAN_POINT('',(-33.4216519484894,-5.0431320658924,-4.725));
#14801=CARTESIAN_POINT('',(-33.4216519484894,-5.04313206589239,-1.15));
#14802=CARTESIAN_POINT('',(-33.4216519484894,-5.0431320658924,-8.45));
#14803=CARTESIAN_POINT('',(6.38378239159465E-17,-3.19189119579732E-17,-1.15));
#14804=CARTESIAN_POINT('',(-33.7534466424974,-1.77336960391188,-1.15));
#14805=CARTESIAN_POINT('',(-33.7534466424974,-1.77336960391186,-4.725));
#14806=CARTESIAN_POINT('',(-33.7534466424974,-1.77336960391185,-8.45));
#14807=CARTESIAN_POINT('',(1.5826850993242E-16,4.99983504199879E-16,-8.45));
#14808=CARTESIAN_POINT('',(0.,0.,0.));
#14809=CARTESIAN_POINT('',(-33.3442933841975,5.53155481836379,-4.725));
#14810=CARTESIAN_POINT('',(-33.3442933841975,5.53155481836379,-1.15));
#14811=CARTESIAN_POINT('',(-33.3442933841975,5.53155481836379,-8.45));
#14812=CARTESIAN_POINT('',(6.38378239159465E-17,-3.19189119579732E-17,-1.15));
#14813=CARTESIAN_POINT('',(-32.6494367216847,8.74381391365958,-1.15));
#14814=CARTESIAN_POINT('',(-32.6494367216847,8.74381391365957,-4.725));
#14815=CARTESIAN_POINT('',(-32.6494367216847,8.74381391365958,-8.45));
#14816=CARTESIAN_POINT('',(3.05025697400452E-16,4.26604910465863E-16,-8.45));
#14817=CARTESIAN_POINT('',(0.,0.,0.));
#14818=CARTESIAN_POINT('',(-30.0029630601074,15.5647745763899,-4.725));
#14819=CARTESIAN_POINT('',(-30.0029630601074,15.5647745763899,-1.15));
#14820=CARTESIAN_POINT('',(-30.0029630601074,15.5647745763899,-8.45));
#14821=CARTESIAN_POINT('',(6.38378239159465E-17,-3.19189119579732E-17,-1.15));
#14822=CARTESIAN_POINT('',(-28.3494724525516,18.4050920036282,-1.15));
#14823=CARTESIAN_POINT('',(-28.3494724525516,18.4050920036282,-4.725));
#14824=CARTESIAN_POINT('',(-28.3494724525516,18.4050920036282,-8.45));
#14825=CARTESIAN_POINT('',(4.21924844367928E-16,3.11467255764259E-16,-8.45));
#14826=CARTESIAN_POINT('',(0.,0.,0.));
#14827=CARTESIAN_POINT('',(-23.7247336687583,24.0744057527177,-4.725));
#14828=CARTESIAN_POINT('',(-23.7247336687583,24.0744057527177,-1.15));
#14829=CARTESIAN_POINT('',(-23.7247336687583,24.0744057527177,-8.45));
#14830=CARTESIAN_POINT('',(6.38378239159465E-17,-3.19189119579732E-17,-1.15));
#14831=CARTESIAN_POINT('',(-21.2744642973736,26.2647514524653,-1.15));
#14832=CARTESIAN_POINT('',(-21.2744642973736,26.2647514524653,-4.725));
#14833=CARTESIAN_POINT('',(-21.2744642973736,26.2647514524653,-8.45));
#14834=CARTESIAN_POINT('',(4.97523047845421E-16,1.65841015948474E-16,-8.45));
#14835=CARTESIAN_POINT('',(0.,0.,0.));
#14836=CARTESIAN_POINT('',(-15.1241620459719,30.2274663577215,-4.725));
#14837=CARTESIAN_POINT('',(-15.1241620459719,30.2274663577215,-1.15));
#14838=CARTESIAN_POINT('',(-15.1241620459719,30.2274663577215,-8.45));
#14839=CARTESIAN_POINT('',(6.38378239159465E-17,-3.19189119579732E-17,-1.15));
#14840=CARTESIAN_POINT('',(-12.1169633488599,31.5534340318512,-1.15));
#14841=CARTESIAN_POINT('',(-12.1169633488599,31.5534340318512,-4.725));
#14842=CARTESIAN_POINT('',(-12.1169633488599,31.5534340318512,-8.45));
#14843=CARTESIAN_POINT('',(5.24420228952898E-16,3.9811020093491E-18,-8.45));
#14844=CARTESIAN_POINT('',(-18.3983296474444,26.2170130901207,0.));
#14845=CARTESIAN_POINT('',(-18.3983296474444,26.2170130901207,0.));
#14846=CARTESIAN_POINT('',(-18.3983296474444,26.2170130901207,-1.0257849807928));
#14847=CARTESIAN_POINT('',(-18.3983296474444,26.2170130901207,-1.15));
#14848=CARTESIAN_POINT('',(-18.3983296474444,26.2170130901207,-1.15));
#14849=CARTESIAN_POINT('',(-19.4619837514101,26.4625769890865,-1.15));
#14850=CARTESIAN_POINT('',(-19.4619837514101,26.4625769890865,0.));
#14851=CARTESIAN_POINT('',(-19.4619837514101,26.4625769890865,-1.08329266840485));
#14852=CARTESIAN_POINT('',(-18.3983296474444,26.2170130901207,-1.0257849807928));
#14853=CARTESIAN_POINT('',(-18.7528907112067,26.298869961555,-1.04476531992988));
#14854=CARTESIAN_POINT('',(-19.1074418366173,26.3807245385401,-1.06393927496244));
#14855=CARTESIAN_POINT('',(-19.4619837514101,26.4625769890865,-1.08329266840485));
#14856=CARTESIAN_POINT('',(-19.4619837514101,26.4625769890865,0.));
#14857=CARTESIAN_POINT('',(-19.4619837514101,26.4625769890865,-1.15));
#14858=CARTESIAN_POINT('',(-17.4653949762919,27.9671145469666,-1.15));
#14859=CARTESIAN_POINT('',(-17.4653949762919,27.9671145469666,0.));
#14860=CARTESIAN_POINT('',(-17.4653949762919,27.9671145469666,-1.09198871848363));
#14861=CARTESIAN_POINT('',(-19.4619837514101,26.4625769890865,-1.08329266840485));
#14862=CARTESIAN_POINT('',(-18.7964479976704,26.9640941518052,-1.08397318895232));
#14863=CARTESIAN_POINT('',(-18.1309184292538,27.4656066535488,-1.08688025585894));
#14864=CARTESIAN_POINT('',(-17.4653949762919,27.9671145469666,-1.09198871848363));
#14865=CARTESIAN_POINT('',(-17.4653949762919,27.9671145469666,-1.73472347597681E-15));
#14866=CARTESIAN_POINT('',(-17.4653949762919,27.9671145469666,-1.15));
#14867=CARTESIAN_POINT('',(-17.5225266110317,26.8769780153018,-1.15));
#14868=CARTESIAN_POINT('',(-17.5225266110317,26.8769780153018,-1.73472347597681E-15));
#14869=CARTESIAN_POINT('',(-17.5225266110317,26.8769780153018,-1.02970114383757));
#14870=CARTESIAN_POINT('',(-17.4653949762919,27.9671145469666,-1.09198871848363));
#14871=CARTESIAN_POINT('',(-17.4844384297652,27.6037438082354,-1.07108395021194));
#14872=CARTESIAN_POINT('',(-17.503482296232,27.2403651891195,-1.05031748063268));
#14873=CARTESIAN_POINT('',(-17.5225266110317,26.8769780153018,-1.02970114383757));
#14874=CARTESIAN_POINT('',(0.,0.,0.));
#14875=CARTESIAN_POINT('',(-5.04313206589245,33.4216519484894,-4.725));
#14876=CARTESIAN_POINT('',(-5.04313206589244,33.4216519484894,-1.15));
#14877=CARTESIAN_POINT('',(-5.04313206589244,33.4216519484894,-8.45));
#14878=CARTESIAN_POINT('',(6.38378239159465E-17,-3.19189119579732E-17,-1.15));
#14879=CARTESIAN_POINT('',(-1.7733696039119,33.7534466424974,-1.15));
#14880=CARTESIAN_POINT('',(-1.7733696039119,33.7534466424974,-4.725));
#14881=CARTESIAN_POINT('',(-1.77336960391189,33.7534466424974,-8.45));
#14882=CARTESIAN_POINT('',(4.99983504199879E-16,-1.58268509932419E-16,-8.45));
#14883=CARTESIAN_POINT('',(-17.5225266110317,26.8769780153018,-1.73472347597681E-15));
#14884=CARTESIAN_POINT('',(-17.5225266110317,26.8769780153018,-1.15));
#14885=CARTESIAN_POINT('',(-17.5225266110317,26.8769780153018,-1.02970114383757));
#14886=CARTESIAN_POINT('',(-17.8144597104386,26.6569906458847,-1.02795884936464));
#14887=CARTESIAN_POINT('',(-18.1063940537261,26.4370023391363,-1.02665269611402));
#14888=CARTESIAN_POINT('',(-18.3983296474444,26.2170130901207,-1.0257849807928));
#14889=CARTESIAN_POINT('',(0.,0.,0.));
#14890=CARTESIAN_POINT('',(0.,0.,0.));
#14891=CARTESIAN_POINT('',(17.4,0.,9.65894031423886E-16));
#14892=CARTESIAN_POINT('',(6.38378239159465E-17,-3.19189119579732E-17,-1.15));
#14893=CARTESIAN_POINT('',(6.38378239159465E-17,-3.19189119579732E-17,-1.15));
#14894=CARTESIAN_POINT('',(6.38378239159465E-17,-3.19189119579732E-17,-1.15));
#14895=CARTESIAN_POINT('',(33.4216519484894,5.04313206589233,-1.15));
#14896=CARTESIAN_POINT('',(35.0900262236426,7.09436816242799,-1.15));
#14897=CARTESIAN_POINT('',(6.38378239159465E-17,-3.19189119579732E-17,-1.15));
#14898=CARTESIAN_POINT('',(34.0023453812656,11.2018082724678,-1.15));
#14899=CARTESIAN_POINT('',(34.0023453812656,11.2018082724678,-1.15));
#14900=CARTESIAN_POINT('',(6.38378239159465E-17,-3.19189119579732E-17,-1.15));
#14901=CARTESIAN_POINT('',(6.38378239159465E-17,-3.19189119579732E-17,-1.15));
#14902=CARTESIAN_POINT('',(30.2274663577216,15.1241620459717,-1.15));
#14903=CARTESIAN_POINT('',(31.1803177704204,17.5905595060421,-1.15));
#14904=CARTESIAN_POINT('',(6.38378239159465E-17,-3.19189119579733E-17,-1.15));
#14905=CARTESIAN_POINT('',(28.8766030202486,21.160855323237,-1.15));
#14906=CARTESIAN_POINT('',(28.8766030202486,21.160855323237,-1.15));
#14907=CARTESIAN_POINT('',(6.38378239159465E-17,-3.19189119579732E-17,-1.15));
#14908=CARTESIAN_POINT('',(6.38378239159465E-17,-3.19189119579732E-17,-1.15));
#14909=CARTESIAN_POINT('',(24.0744057527178,23.7247336687582,-1.15));
#14910=CARTESIAN_POINT('',(24.2184625677811,26.3648643245701,-1.15));
#14911=CARTESIAN_POINT('',(6.38378239159465E-17,-3.19189119579732E-17,-1.15));
#14912=CARTESIAN_POINT('',(20.9242175604859,29.0485304186193,-1.15));
#14913=CARTESIAN_POINT('',(20.9242175604859,29.0485304186193,-1.15));
#14914=CARTESIAN_POINT('',(6.38378239159465E-17,-3.19189119579732E-17,-1.15));
#14915=CARTESIAN_POINT('',(6.38378239159465E-17,-3.19189119579732E-17,-1.15));
#14916=CARTESIAN_POINT('',(15.56477457639,30.0029630601073,-1.15));
#14917=CARTESIAN_POINT('',(14.8859355090565,32.5583925281979,-1.15));
#14918=CARTESIAN_POINT('',(6.38378239159465E-17,-3.19189119579732E-17,-1.15));
#14919=CARTESIAN_POINT('',(10.9236238983067,34.0927329636147,-1.15));
#14920=CARTESIAN_POINT('',(10.9236238983067,34.0927329636147,-1.15));
#14921=CARTESIAN_POINT('',(6.38378239159465E-17,-3.19189119579732E-17,-1.15));
#14922=CARTESIAN_POINT('',(6.38378239159465E-17,-3.19189119579732E-17,-1.15));
#14923=CARTESIAN_POINT('',(5.53155481836375,33.3442933841975,-1.15));
#14924=CARTESIAN_POINT('',(4.09626936629399,35.564878423506,-1.15));
#14925=CARTESIAN_POINT('',(6.38378239159465E-17,-3.19189119579732E-17,-1.15));
#14926=CARTESIAN_POINT('',(-0.146250180402068,35.7997012680935,-1.15));
#14927=CARTESIAN_POINT('',(-0.146250180402068,35.7997012680935,-1.15));
#14928=CARTESIAN_POINT('',(6.38378239159465E-17,-3.19189119579732E-17,-1.15));
#14929=CARTESIAN_POINT('',(6.38378239159465E-17,-3.19189119579732E-17,-1.15));
#14930=CARTESIAN_POINT('',(-5.04313206589245,33.4216519484894,-1.15));
#14931=CARTESIAN_POINT('',(-7.09436816242811,35.0900262236426,-1.15));
#14932=CARTESIAN_POINT('',(6.38378239159465E-17,-3.19189119579732E-17,-1.15));
#14933=CARTESIAN_POINT('',(-11.201808272468,34.0023453812655,-1.15));
#14934=CARTESIAN_POINT('',(-11.201808272468,34.0023453812655,-1.15));
#14935=CARTESIAN_POINT('',(6.38378239159465E-17,-3.19189119579732E-17,-1.15));
#14936=CARTESIAN_POINT('',(6.38378239159465E-17,-3.19189119579732E-17,-1.15));
#14937=CARTESIAN_POINT('',(-15.1241620459719,30.2274663577215,-1.15));
#14938=CARTESIAN_POINT('',(-17.5905595060423,31.1803177704203,-1.15));
#14939=CARTESIAN_POINT('',(6.38378239159465E-17,-3.19189119579732E-17,-1.15));
#14940=CARTESIAN_POINT('',(-21.1608553232371,28.8766030202485,-1.15));
#14941=CARTESIAN_POINT('',(-21.1608553232371,28.8766030202485,-1.15));
#14942=CARTESIAN_POINT('',(6.38378239159465E-17,-3.19189119579732E-17,-1.15));
#14943=CARTESIAN_POINT('',(6.38378239159465E-17,-3.19189119579732E-17,-1.15));
#14944=CARTESIAN_POINT('',(-23.7247336687583,24.0744057527177,-1.15));
#14945=CARTESIAN_POINT('',(-26.3648643245702,24.218462567781,-1.15));
#14946=CARTESIAN_POINT('',(6.38378239159465E-17,-3.19189119579732E-17,-1.15));
#14947=CARTESIAN_POINT('',(-29.0485304186194,20.9242175604858,-1.15));
#14948=CARTESIAN_POINT('',(-29.0485304186194,20.9242175604858,-1.15));
#14949=CARTESIAN_POINT('',(6.38378239159465E-17,-3.19189119579732E-17,-1.15));
#14950=CARTESIAN_POINT('',(6.38378239159465E-17,-3.19189119579732E-17,-1.15));
#14951=CARTESIAN_POINT('',(-30.0029630601074,15.5647745763899,-1.15));
#14952=CARTESIAN_POINT('',(-32.5583925281979,14.8859355090564,-1.15));
#14953=CARTESIAN_POINT('',(6.38378239159465E-17,-3.19189119579732E-17,-1.15));
#14954=CARTESIAN_POINT('',(-34.0927329636148,10.9236238983065,-1.15));
#14955=CARTESIAN_POINT('',(-34.0927329636148,10.9236238983065,-1.15));
#14956=CARTESIAN_POINT('',(6.38378239159465E-17,-3.19189119579732E-17,-1.15));
#14957=CARTESIAN_POINT('',(6.38378239159465E-17,-3.19189119579732E-17,-1.15));
#14958=CARTESIAN_POINT('',(-33.3442933841975,5.53155481836379,-1.15));
#14959=CARTESIAN_POINT('',(-35.564878423506,4.09626936629403,-1.15));
#14960=CARTESIAN_POINT('',(6.38378239159465E-17,-3.19189119579732E-17,-1.15));
#14961=CARTESIAN_POINT('',(-35.7997012680935,-0.146250180402026,-1.15));
#14962=CARTESIAN_POINT('',(-35.7997012680935,-0.146250180402026,-1.15));
#14963=CARTESIAN_POINT('',(6.38378239159465E-17,-3.19189119579732E-17,-1.15));
#14964=CARTESIAN_POINT('',(6.38378239159465E-17,-3.19189119579732E-17,-1.15));
#14965=CARTESIAN_POINT('',(-33.4216519484894,-5.0431320658924,-1.15));
#14966=CARTESIAN_POINT('',(-35.0900262236426,-7.09436816242806,-1.15));
#14967=CARTESIAN_POINT('',(6.38378239159465E-17,-3.19189119579733E-17,-1.15));
#14968=CARTESIAN_POINT('',(-34.0023453812655,-11.2018082724679,-1.15));
#14969=CARTESIAN_POINT('',(-34.0023453812655,-11.2018082724679,-1.15));
#14970=CARTESIAN_POINT('',(6.38378239159465E-17,-3.19189119579732E-17,-1.15));
#14971=CARTESIAN_POINT('',(6.38378239159465E-17,-3.19189119579732E-17,-1.15));
#14972=CARTESIAN_POINT('',(-30.2274663577215,-15.1241620459718,-1.15));
#14973=CARTESIAN_POINT('',(-31.1803177704203,-17.5905595060422,-1.15));
#14974=CARTESIAN_POINT('',(6.38378239159465E-17,-3.19189119579733E-17,-1.15));
#14975=CARTESIAN_POINT('',(-28.8766030202486,-21.1608553232371,-1.15));
#14976=CARTESIAN_POINT('',(-28.8766030202486,-21.1608553232371,-1.15));
#14977=CARTESIAN_POINT('',(6.38378239159465E-17,-3.19189119579732E-17,-1.15));
#14978=CARTESIAN_POINT('',(6.38378239159465E-17,-3.19189119579732E-17,-1.15));
#14979=CARTESIAN_POINT('',(-24.0744057527177,-23.7247336687583,-1.15));
#14980=CARTESIAN_POINT('',(-24.218462567781,-26.3648643245701,-1.15));
#14981=CARTESIAN_POINT('',(6.38378239159465E-17,-3.19189119579732E-17,-1.15));
#14982=CARTESIAN_POINT('',(-20.9242175604859,-29.0485304186194,-1.15));
#14983=CARTESIAN_POINT('',(-20.9242175604859,-29.0485304186194,-1.15));
#14984=CARTESIAN_POINT('',(6.38378239159465E-17,-3.19189119579732E-17,-1.15));
#14985=CARTESIAN_POINT('',(6.38378239159465E-17,-3.19189119579732E-17,-1.15));
#14986=CARTESIAN_POINT('',(-15.5647745763899,-30.0029630601073,-1.15));
#14987=CARTESIAN_POINT('',(-14.8859355090564,-32.5583925281979,-1.15));
#14988=CARTESIAN_POINT('',(6.38378239159465E-17,-3.19189119579732E-17,-1.15));
#14989=CARTESIAN_POINT('',(-10.9236238983066,-34.0927329636148,-1.15));
#14990=CARTESIAN_POINT('',(-10.9236238983066,-34.0927329636148,-1.15));
#14991=CARTESIAN_POINT('',(6.38378239159465E-17,-3.19189119579732E-17,-1.15));
#14992=CARTESIAN_POINT('',(6.38378239159465E-17,-3.19189119579732E-17,-1.15));
#14993=CARTESIAN_POINT('',(-5.53155481836383,-33.3442933841975,-1.15));
#14994=CARTESIAN_POINT('',(-4.09626936629407,-35.564878423506,-1.15));
#14995=CARTESIAN_POINT('',(6.38378239159465E-17,-3.19189119579732E-17,-1.15));
#14996=CARTESIAN_POINT('',(0.146250180401984,-35.7997012680935,-1.15));
#14997=CARTESIAN_POINT('',(0.146250180401984,-35.7997012680935,-1.15));
#14998=CARTESIAN_POINT('',(6.38378239159465E-17,-3.19189119579732E-17,-1.15));
#14999=CARTESIAN_POINT('',(6.38378239159465E-17,-3.19189119579732E-17,-1.15));
#15000=CARTESIAN_POINT('',(5.04313206589236,-33.4216519484894,-1.15));
#15001=CARTESIAN_POINT('',(7.09436816242802,-35.0900262236426,-1.15));
#15002=CARTESIAN_POINT('',(6.38378239159465E-17,-3.19189119579732E-17,-1.15));
#15003=CARTESIAN_POINT('',(11.2018082724679,-34.0023453812655,-1.15));
#15004=CARTESIAN_POINT('',(11.2018082724679,-34.0023453812655,-1.15));
#15005=CARTESIAN_POINT('',(6.38378239159465E-17,-3.19189119579732E-17,-1.15));
#15006=CARTESIAN_POINT('',(6.38378239159465E-17,-3.19189119579732E-17,-1.15));
#15007=CARTESIAN_POINT('',(15.1241620459718,-30.2274663577215,-1.15));
#15008=CARTESIAN_POINT('',(17.5905595060422,-31.1803177704203,-1.15));
#15009=CARTESIAN_POINT('',(6.38378239159465E-17,-3.19189119579732E-17,-1.15));
#15010=CARTESIAN_POINT('',(21.1608553232371,-28.8766030202486,-1.15));
#15011=CARTESIAN_POINT('',(21.1608553232371,-28.8766030202486,-1.15));
#15012=CARTESIAN_POINT('',(6.38378239159465E-17,-3.19189119579732E-17,-1.15));
#15013=CARTESIAN_POINT('',(6.38378239159465E-17,-3.19189119579732E-17,-1.15));
#15014=CARTESIAN_POINT('',(23.7247336687582,-24.0744057527177,-1.15));
#15015=CARTESIAN_POINT('',(26.3648643245701,-24.218462567781,-1.15));
#15016=CARTESIAN_POINT('',(6.38378239159465E-17,-3.19189119579732E-17,-1.15));
#15017=CARTESIAN_POINT('',(29.0485304186193,-20.9242175604859,-1.15));
#15018=CARTESIAN_POINT('',(29.0485304186193,-20.9242175604859,-1.15));
#15019=CARTESIAN_POINT('',(6.38378239159465E-17,-3.19189119579732E-17,-1.15));
#15020=CARTESIAN_POINT('',(6.38378239159465E-17,-3.19189119579732E-17,-1.15));
#15021=CARTESIAN_POINT('',(30.0029630601073,-15.56477457639,-1.15));
#15022=CARTESIAN_POINT('',(32.5583925281979,-14.8859355090565,-1.15));
#15023=CARTESIAN_POINT('',(6.38378239159465E-17,-3.19189119579732E-17,-1.15));
#15024=CARTESIAN_POINT('',(34.0927329636148,-10.9236238983066,-1.15));
#15025=CARTESIAN_POINT('',(34.0927329636148,-10.9236238983066,-1.15));
#15026=CARTESIAN_POINT('',(6.38378239159465E-17,-3.19189119579732E-17,-1.15));
#15027=CARTESIAN_POINT('',(6.38378239159465E-17,-3.19189119579732E-17,-1.15));
#15028=CARTESIAN_POINT('',(33.3442933841975,-5.53155481836387,-1.15));
#15029=CARTESIAN_POINT('',(35.564878423506,-4.09626936629412,-1.15));
#15030=CARTESIAN_POINT('',(6.38378239159465E-17,-3.19189119579732E-17,-1.15));
#15031=CARTESIAN_POINT('',(35.7997012680935,0.146250180401934,-1.15));
#15032=CARTESIAN_POINT('',(35.7997012680935,0.146250180401934,-1.15));
#15033=CARTESIAN_POINT('',(8.69033703550233E-16,-4.09394740330526E-16,-15.15));
#15034=CARTESIAN_POINT('',(8.24629519011577E-16,-3.88578058618805E-16,-15.15));
#15035=CARTESIAN_POINT('',(29.3,-3.88578058618805E-16,-15.15));
#15036=CARTESIAN_POINT('',(8.74300631892311E-16,-4.37150315946155E-16,-15.75));
#15037=CARTESIAN_POINT('',(8.74300631892311E-16,-4.37150315946155E-16,-15.75));
#15038=CARTESIAN_POINT('',(29.3,-4.37150315946155E-16,-15.75));
#15039=CARTESIAN_POINT('',(8.74300631892311E-16,-4.37150315946155E-16,-15.75));
#15040=CARTESIAN_POINT('',(0.24725550175929,33.7990956198069,-12.175));
#15041=CARTESIAN_POINT('',(0.247255501759296,33.7990956198069,-8.45));
#15042=CARTESIAN_POINT('',(0.247255501759296,33.7990956198069,-15.75));
#15043=CARTESIAN_POINT('',(4.69069227904129E-16,-2.34534613952064E-16,-8.45));
#15044=CARTESIAN_POINT('',(3.52866588743361,33.6153018290014,-8.45));
#15045=CARTESIAN_POINT('',(3.52866588743362,33.6153018290014,-12.175));
#15046=CARTESIAN_POINT('',(3.52866588743361,33.6153018290014,-15.75));
#15047=CARTESIAN_POINT('',(8.74300631892311E-16,-4.37150315946155E-16,-15.75));
#15048=CARTESIAN_POINT('',(8.74300631892311E-16,-4.37150315946155E-16,-15.75));
#15049=CARTESIAN_POINT('',(10.6796488971623,32.068443982104,-12.175));
#15050=CARTESIAN_POINT('',(10.6796488971623,32.068443982104,-8.45));
#15051=CARTESIAN_POINT('',(10.6796488971623,32.068443982104,-15.75));
#15052=CARTESIAN_POINT('',(4.69069227904129E-16,-2.34534613952064E-16,-8.45));
#15053=CARTESIAN_POINT('',(13.7436602222768,30.879634125012,-8.45));
#15054=CARTESIAN_POINT('',(13.7436602222768,30.879634125012,-12.175));
#15055=CARTESIAN_POINT('',(13.7436602222768,30.879634125012,-15.75));
#15056=CARTESIAN_POINT('',(8.74300631892311E-16,-4.37150315946155E-16,-15.75));
#15057=CARTESIAN_POINT('',(8.74300631892311E-16,-4.37150315946155E-16,-15.75));
#15058=CARTESIAN_POINT('',(20.0666438490217,27.1987096134452,-12.175));
#15059=CARTESIAN_POINT('',(20.0666438490217,27.1987096134452,-8.45));
#15060=CARTESIAN_POINT('',(20.0666438490217,27.1987096134452,-15.75));
#15061=CARTESIAN_POINT('',(4.69069227904129E-16,-2.34534613952064E-16,-8.45));
#15062=CARTESIAN_POINT('',(22.6133293368521,25.1212526818044,-8.45));
#15063=CARTESIAN_POINT('',(22.6133293368522,25.1212526818043,-12.175));
#15064=CARTESIAN_POINT('',(22.6133293368521,25.1212526818044,-15.75));
#15065=CARTESIAN_POINT('',(8.74300631892311E-16,-4.37150315946155E-16,-15.75));
#15066=CARTESIAN_POINT('',(8.74300631892311E-16,-4.37150315946155E-16,-15.75));
#15067=CARTESIAN_POINT('',(27.48937588841,19.6665760432695,-12.175));
#15068=CARTESIAN_POINT('',(27.48937588841,19.6665760432695,-8.45));
#15069=CARTESIAN_POINT('',(27.48937588841,19.6665760432695,-15.75));
#15070=CARTESIAN_POINT('',(4.69069227904129E-16,-2.34534613952064E-16,-8.45));
#15071=CARTESIAN_POINT('',(29.2694482196064,16.9038279960423,-8.45));
#15072=CARTESIAN_POINT('',(29.2694482196063,16.9038279960423,-12.175));
#15073=CARTESIAN_POINT('',(29.2694482196063,16.9038279960423,-15.75));
#15074=CARTESIAN_POINT('',(8.74300631892311E-16,-4.37150315946155E-16,-15.75));
#15075=CARTESIAN_POINT('',(8.74300631892311E-16,-4.37150315946155E-16,-15.75));
#15076=CARTESIAN_POINT('',(32.2212562860967,10.2093409848861,-12.175));
#15077=CARTESIAN_POINT('',(32.2212562860967,10.2093409848861,-8.45));
#15078=CARTESIAN_POINT('',(32.2212562860967,10.2093409848861,-15.75));
#15079=CARTESIAN_POINT('',(4.69069227904129E-16,-2.34534613952064E-16,-8.45));
#15080=CARTESIAN_POINT('',(33.0604695783883,7.03173885013253,-8.45));
#15081=CARTESIAN_POINT('',(33.0604695783883,7.03173885013254,-12.175));
#15082=CARTESIAN_POINT('',(33.0604695783883,7.03173885013255,-15.75));
#15083=CARTESIAN_POINT('',(8.74300631892311E-16,-4.37150315946155E-16,-15.75));
#15084=CARTESIAN_POINT('',(8.74300631892311E-16,-4.37150315946155E-16,-15.75));
#15085=CARTESIAN_POINT('',(33.7990956198069,-0.247255501759417,-12.175));
#15086=CARTESIAN_POINT('',(33.7990956198069,-0.247255501759417,-8.45));
#15087=CARTESIAN_POINT('',(33.7990956198069,-0.247255501759421,-15.75));
#15088=CARTESIAN_POINT('',(4.69069227904129E-16,-2.34534613952064E-16,-8.45));
#15089=CARTESIAN_POINT('',(33.6153018290014,-3.52866588743359,-8.45));
#15090=CARTESIAN_POINT('',(33.6153018290014,-3.52866588743359,-12.175));
#15091=CARTESIAN_POINT('',(33.6153018290014,-3.52866588743357,-15.75));
#15092=CARTESIAN_POINT('',(8.74300631892311E-16,-4.37150315946155E-16,-15.75));
#15093=CARTESIAN_POINT('',(8.74300631892311E-16,-4.37150315946155E-16,-15.75));
#15094=CARTESIAN_POINT('',(32.068443982104,-10.6796488971623,-12.175));
#15095=CARTESIAN_POINT('',(32.068443982104,-10.6796488971623,-8.45));
#15096=CARTESIAN_POINT('',(32.068443982104,-10.6796488971623,-15.75));
#15097=CARTESIAN_POINT('',(4.69069227904129E-16,-2.34534613952064E-16,-8.45));
#15098=CARTESIAN_POINT('',(30.879634125012,-13.7436602222768,-8.45));
#15099=CARTESIAN_POINT('',(30.879634125012,-13.7436602222768,-12.175));
#15100=CARTESIAN_POINT('',(30.879634125012,-13.7436602222768,-15.75));
#15101=CARTESIAN_POINT('',(8.74300631892311E-16,-4.37150315946155E-16,-15.75));
#15102=CARTESIAN_POINT('',(8.74300631892311E-16,-4.37150315946155E-16,-15.75));
#15103=CARTESIAN_POINT('',(27.1987096134453,-20.0666438490217,-12.175));
#15104=CARTESIAN_POINT('',(27.1987096134453,-20.0666438490217,-8.45));
#15105=CARTESIAN_POINT('',(27.1987096134453,-20.0666438490217,-15.75));
#15106=CARTESIAN_POINT('',(4.69069227904128E-16,-2.34534613952064E-16,-8.45));
#15107=CARTESIAN_POINT('',(25.1212526818044,-22.6133293368521,-8.45));
#15108=CARTESIAN_POINT('',(25.1212526818044,-22.6133293368521,-12.175));
#15109=CARTESIAN_POINT('',(25.1212526818044,-22.6133293368521,-15.75));
#15110=CARTESIAN_POINT('',(8.74300631892311E-16,-4.37150315946155E-16,-15.75));
#15111=CARTESIAN_POINT('',(8.74300631892311E-16,-4.37150315946155E-16,-15.75));
#15112=CARTESIAN_POINT('',(19.6665760432696,-27.48937588841,-12.175));
#15113=CARTESIAN_POINT('',(19.6665760432696,-27.48937588841,-8.45));
#15114=CARTESIAN_POINT('',(19.6665760432696,-27.48937588841,-15.75));
#15115=CARTESIAN_POINT('',(4.69069227904129E-16,-2.34534613952064E-16,-8.45));
#15116=CARTESIAN_POINT('',(16.9038279960423,-29.2694482196063,-8.45));
#15117=CARTESIAN_POINT('',(16.9038279960423,-29.2694482196063,-12.175));
#15118=CARTESIAN_POINT('',(16.9038279960423,-29.2694482196063,-15.75));
#15119=CARTESIAN_POINT('',(8.74300631892311E-16,-4.37150315946155E-16,-15.75));
#15120=CARTESIAN_POINT('',(8.74300631892311E-16,-4.37150315946155E-16,-15.75));
#15121=CARTESIAN_POINT('',(10.2093409848861,-32.2212562860967,-12.175));
#15122=CARTESIAN_POINT('',(10.2093409848861,-32.2212562860967,-8.45));
#15123=CARTESIAN_POINT('',(10.2093409848861,-32.2212562860967,-15.75));
#15124=CARTESIAN_POINT('',(4.69069227904129E-16,-2.34534613952064E-16,-8.45));
#15125=CARTESIAN_POINT('',(7.03173885013258,-33.0604695783883,-8.45));
#15126=CARTESIAN_POINT('',(7.03173885013259,-33.0604695783883,-12.175));
#15127=CARTESIAN_POINT('',(7.03173885013259,-33.0604695783883,-15.75));
#15128=CARTESIAN_POINT('',(8.74300631892311E-16,-4.37150315946155E-16,-15.75));
#15129=CARTESIAN_POINT('',(8.74300631892311E-16,-4.37150315946155E-16,-15.75));
#15130=CARTESIAN_POINT('',(-0.24725550175937,-33.7990956198069,-12.175));
#15131=CARTESIAN_POINT('',(-0.24725550175937,-33.7990956198069,-8.45));
#15132=CARTESIAN_POINT('',(-0.247255501759372,-33.7990956198069,-15.75));
#15133=CARTESIAN_POINT('',(4.69069227904129E-16,-2.34534613952064E-16,-8.45));
#15134=CARTESIAN_POINT('',(-3.52866588743354,-33.6153018290014,-8.45));
#15135=CARTESIAN_POINT('',(-3.52866588743354,-33.6153018290014,-12.175));
#15136=CARTESIAN_POINT('',(-3.52866588743354,-33.6153018290014,-15.75));
#15137=CARTESIAN_POINT('',(8.74300631892311E-16,-4.37150315946155E-16,-15.75));
#15138=CARTESIAN_POINT('',(8.74300631892311E-16,-4.37150315946155E-16,-15.75));
#15139=CARTESIAN_POINT('',(-10.6796488971623,-32.068443982104,-12.175));
#15140=CARTESIAN_POINT('',(-10.6796488971623,-32.068443982104,-8.45));
#15141=CARTESIAN_POINT('',(-10.6796488971623,-32.068443982104,-15.75));
#15142=CARTESIAN_POINT('',(4.69069227904129E-16,-2.34534613952064E-16,-8.45));
#15143=CARTESIAN_POINT('',(-13.7436602222768,-30.879634125012,-8.45));
#15144=CARTESIAN_POINT('',(-13.7436602222768,-30.879634125012,-12.175));
#15145=CARTESIAN_POINT('',(-13.7436602222767,-30.879634125012,-15.75));
#15146=CARTESIAN_POINT('',(8.74300631892311E-16,-4.37150315946155E-16,-15.75));
#15147=CARTESIAN_POINT('',(8.74300631892311E-16,-4.37150315946155E-16,-15.75));
#15148=CARTESIAN_POINT('',(-20.0666438490216,-27.1987096134453,-12.175));
#15149=CARTESIAN_POINT('',(-20.0666438490216,-27.1987096134453,-8.45));
#15150=CARTESIAN_POINT('',(-20.0666438490216,-27.1987096134453,-15.75));
#15151=CARTESIAN_POINT('',(4.69069227904129E-16,-2.34534613952064E-16,-8.45));
#15152=CARTESIAN_POINT('',(-22.6133293368521,-25.1212526818044,-8.45));
#15153=CARTESIAN_POINT('',(-22.6133293368521,-25.1212526818044,-12.175));
#15154=CARTESIAN_POINT('',(-22.6133293368521,-25.1212526818044,-15.75));
#15155=CARTESIAN_POINT('',(8.74300631892311E-16,-4.37150315946155E-16,-15.75));
#15156=CARTESIAN_POINT('',(8.74300631892311E-16,-4.37150315946155E-16,-15.75));
#15157=CARTESIAN_POINT('',(-27.48937588841,-19.6665760432696,-12.175));
#15158=CARTESIAN_POINT('',(-27.4893758884099,-19.6665760432696,-8.45));
#15159=CARTESIAN_POINT('',(-27.48937588841,-19.6665760432696,-15.75));
#15160=CARTESIAN_POINT('',(4.69069227904129E-16,-2.34534613952065E-16,-8.45));
#15161=CARTESIAN_POINT('',(-29.2694482196063,-16.9038279960423,-8.45));
#15162=CARTESIAN_POINT('',(-29.2694482196063,-16.9038279960423,-12.175));
#15163=CARTESIAN_POINT('',(-29.2694482196063,-16.9038279960423,-15.75));
#15164=CARTESIAN_POINT('',(8.74300631892311E-16,-4.37150315946155E-16,-15.75));
#15165=CARTESIAN_POINT('',(8.74300631892311E-16,-4.37150315946155E-16,-15.75));
#15166=CARTESIAN_POINT('',(-32.2212562860967,-10.2093409848861,-12.175));
#15167=CARTESIAN_POINT('',(-32.2212562860967,-10.2093409848861,-8.45));
#15168=CARTESIAN_POINT('',(-32.2212562860967,-10.2093409848861,-15.75));
#15169=CARTESIAN_POINT('',(4.69069227904129E-16,-2.34534613952064E-16,-8.45));
#15170=CARTESIAN_POINT('',(-33.0604695783883,-7.03173885013262,-8.45));
#15171=CARTESIAN_POINT('',(-33.0604695783883,-7.03173885013262,-12.175));
#15172=CARTESIAN_POINT('',(-33.0604695783883,-7.03173885013263,-15.75));
#15173=CARTESIAN_POINT('',(8.74300631892311E-16,-4.37150315946155E-16,-15.75));
#15174=CARTESIAN_POINT('',(8.74300631892311E-16,-4.37150315946155E-16,-15.75));
#15175=CARTESIAN_POINT('',(-33.7990956198069,0.24725550175933,-12.175));
#15176=CARTESIAN_POINT('',(-33.7990956198069,0.24725550175933,-8.45));
#15177=CARTESIAN_POINT('',(-33.7990956198069,0.247255501759341,-15.75));
#15178=CARTESIAN_POINT('',(4.69069227904129E-16,-2.34534613952064E-16,-8.45));
#15179=CARTESIAN_POINT('',(-33.6153018290014,3.5286658874335,-8.45));
#15180=CARTESIAN_POINT('',(-33.6153018290014,3.52866588743349,-12.175));
#15181=CARTESIAN_POINT('',(-33.6153018290014,3.52866588743348,-15.75));
#15182=CARTESIAN_POINT('',(8.74300631892311E-16,-4.37150315946155E-16,-15.75));
#15183=CARTESIAN_POINT('',(8.74300631892311E-16,-4.37150315946155E-16,-15.75));
#15184=CARTESIAN_POINT('',(-32.068443982104,10.6796488971622,-12.175));
#15185=CARTESIAN_POINT('',(-32.068443982104,10.6796488971622,-8.45));
#15186=CARTESIAN_POINT('',(-32.068443982104,10.6796488971622,-15.75));
#15187=CARTESIAN_POINT('',(4.69069227904129E-16,-2.34534613952064E-16,-8.45));
#15188=CARTESIAN_POINT('',(-30.879634125012,13.7436602222767,-8.45));
#15189=CARTESIAN_POINT('',(-30.879634125012,13.7436602222767,-12.175));
#15190=CARTESIAN_POINT('',(-30.879634125012,13.7436602222767,-15.75));
#15191=CARTESIAN_POINT('',(8.74300631892311E-16,-4.37150315946155E-16,-15.75));
#15192=CARTESIAN_POINT('',(8.74300631892311E-16,-4.37150315946155E-16,-15.75));
#15193=CARTESIAN_POINT('',(-27.1987096134453,20.0666438490216,-12.175));
#15194=CARTESIAN_POINT('',(-27.1987096134453,20.0666438490216,-8.45));
#15195=CARTESIAN_POINT('',(-27.1987096134453,20.0666438490216,-15.75));
#15196=CARTESIAN_POINT('',(4.69069227904129E-16,-2.34534613952064E-16,-8.45));
#15197=CARTESIAN_POINT('',(-25.1212526818044,22.613329336852,-8.45));
#15198=CARTESIAN_POINT('',(-25.1212526818044,22.613329336852,-12.175));
#15199=CARTESIAN_POINT('',(-25.1212526818044,22.613329336852,-15.75));
#15200=CARTESIAN_POINT('',(8.74300631892311E-16,-4.37150315946155E-16,-15.75));
#15201=CARTESIAN_POINT('',(8.74300631892311E-16,-4.37150315946155E-16,-15.75));
#15202=CARTESIAN_POINT('',(-19.6665760432696,27.4893758884099,-12.175));
#15203=CARTESIAN_POINT('',(-19.6665760432696,27.4893758884099,-8.45));
#15204=CARTESIAN_POINT('',(-19.6665760432696,27.4893758884099,-15.75));
#15205=CARTESIAN_POINT('',(4.69069227904129E-16,-2.34534613952064E-16,-8.45));
#15206=CARTESIAN_POINT('',(-16.9038279960424,29.2694482196063,-8.45));
#15207=CARTESIAN_POINT('',(-16.9038279960424,29.2694482196063,-12.175));
#15208=CARTESIAN_POINT('',(-16.9038279960424,29.2694482196063,-15.75));
#15209=CARTESIAN_POINT('',(8.74300631892311E-16,-4.37150315946155E-16,-15.75));
#15210=CARTESIAN_POINT('',(8.74300631892311E-16,-4.37150315946155E-16,-15.75));
#15211=CARTESIAN_POINT('',(-10.2093409848862,32.2212562860967,-12.175));
#15212=CARTESIAN_POINT('',(-10.2093409848862,32.2212562860967,-8.45));
#15213=CARTESIAN_POINT('',(-10.2093409848862,32.2212562860967,-15.75));
#15214=CARTESIAN_POINT('',(4.69069227904129E-16,-2.34534613952064E-16,-8.45));
#15215=CARTESIAN_POINT('',(-7.03173885013266,33.0604695783882,-8.45));
#15216=CARTESIAN_POINT('',(-7.03173885013266,33.0604695783882,-12.175));
#15217=CARTESIAN_POINT('',(-7.03173885013267,33.0604695783883,-15.75));
#15218=CARTESIAN_POINT('',(8.74300631892311E-16,-4.37150315946155E-16,-15.75));
#15219=CARTESIAN_POINT('',(8.74300631892311E-16,-4.37150315946155E-16,-15.75));
#15220=CARTESIAN_POINT('',(-5.74475671446733,35.3360689705516,-15.75));
#15221=CARTESIAN_POINT('',(-5.74475671446733,35.3360689705516,-15.75));
#15222=CARTESIAN_POINT('',(9.31921916112202E-16,-2.94997518513089E-16,-15.75));
#15223=CARTESIAN_POINT('',(-1.5177352373764,35.7678134605573,-15.75));
#15224=CARTESIAN_POINT('',(0.247255501759291,33.7990956198069,-15.75));
#15225=CARTESIAN_POINT('',(5.45585751848139,35.3818261080181,-15.75));
#15226=CARTESIAN_POINT('',(5.45585751848139,35.3818261080181,-15.75));
#15227=CARTESIAN_POINT('',(7.95151164477789E-16,-5.68539021781912E-16,-15.75));
#15228=CARTESIAN_POINT('',(9.60941022342779,34.4862180466035,-15.75));
#15229=CARTESIAN_POINT('',(10.6796488971623,32.068443982104,-15.75));
#15230=CARTESIAN_POINT('',(16.1224144043264,31.9641635863535,-15.75));
#15231=CARTESIAN_POINT('',(16.1224144043264,31.9641635863535,-15.75));
#15232=CARTESIAN_POINT('',(5.80545476720362E-16,-7.86427964354425E-16,-15.75));
#15233=CARTESIAN_POINT('',(19.7959196588648,29.8288713306383,-15.75));
#15234=CARTESIAN_POINT('',(20.0666438490217,27.1987096134452,-15.75));
#15235=CARTESIAN_POINT('',(25.2107970368096,25.4176260254335,-15.75));
#15236=CARTESIAN_POINT('',(25.2107970368096,25.4176260254335,-15.75));
#15237=CARTESIAN_POINT('',(3.09111952803364E-16,-9.27335858410106E-16,-15.75));
#15238=CARTESIAN_POINT('',(28.0446665518095,22.2516668588629,-15.75));
#15239=CARTESIAN_POINT('',(27.48937588841,19.6665760432695,-15.75));
#15240=CARTESIAN_POINT('',(31.8313712013782,16.3830341341301,-15.75));
#15241=CARTESIAN_POINT('',(31.8313712013782,16.3830341341301,-15.75));
#15242=CARTESIAN_POINT('',(7.42039723635734E-18,-9.77469657515757E-16,-15.75));
#15243=CARTESIAN_POINT('',(33.5482060839816,12.4963141984627,-15.75));
#15244=CARTESIAN_POINT('',(32.2212562860967,10.2093409848861,-15.75));
#15245=CARTESIAN_POINT('',(35.3360689705517,5.74475671446719,-15.75));
#15246=CARTESIAN_POINT('',(35.3360689705517,5.74475671446719,-15.75));
#15247=CARTESIAN_POINT('',(-2.94997518513092E-16,-9.319219161122E-16,-15.75));
#15248=CARTESIAN_POINT('',(35.7678134605573,1.51773523737626,-15.75));
#15249=CARTESIAN_POINT('',(33.7990956198069,-0.247255501759418,-15.75));
#15250=CARTESIAN_POINT('',(35.3818261080181,-5.45585751848135,-15.75));
#15251=CARTESIAN_POINT('',(35.3818261080181,-5.45585751848135,-15.75));
#15252=CARTESIAN_POINT('',(-5.68539021781911E-16,-7.9515116447779E-16,-15.75));
#15253=CARTESIAN_POINT('',(34.4862180466035,-9.60941022342775,-15.75));
#15254=CARTESIAN_POINT('',(32.068443982104,-10.6796488971623,-15.75));
#15255=CARTESIAN_POINT('',(31.9641635863535,-16.1224144043264,-15.75));
#15256=CARTESIAN_POINT('',(31.9641635863535,-16.1224144043264,-15.75));
#15257=CARTESIAN_POINT('',(-7.86427964354425E-16,-5.80545476720363E-16,
-15.75));
#15258=CARTESIAN_POINT('',(29.8288713306383,-19.7959196588647,-15.75));
#15259=CARTESIAN_POINT('',(27.1987096134453,-20.0666438490217,-15.75));
#15260=CARTESIAN_POINT('',(25.4176260254335,-25.2107970368096,-15.75));
#15261=CARTESIAN_POINT('',(25.4176260254335,-25.2107970368096,-15.75));
#15262=CARTESIAN_POINT('',(-9.27335858410106E-16,-3.09111952803365E-16,
-15.75));
#15263=CARTESIAN_POINT('',(22.2516668588629,-28.0446665518095,-15.75));
#15264=CARTESIAN_POINT('',(19.6665760432696,-27.48937588841,-15.75));
#15265=CARTESIAN_POINT('',(16.3830341341301,-31.8313712013782,-15.75));
#15266=CARTESIAN_POINT('',(16.3830341341301,-31.8313712013782,-15.75));
#15267=CARTESIAN_POINT('',(-9.77469657515757E-16,-7.42039723635831E-18,
-15.75));
#15268=CARTESIAN_POINT('',(12.4963141984627,-33.5482060839816,-15.75));
#15269=CARTESIAN_POINT('',(10.2093409848861,-32.2212562860967,-15.75));
#15270=CARTESIAN_POINT('',(5.74475671446724,-35.3360689705517,-15.75));
#15271=CARTESIAN_POINT('',(5.74475671446724,-35.3360689705517,-15.75));
#15272=CARTESIAN_POINT('',(-9.31921916112201E-16,2.94997518513091E-16,-15.75));
#15273=CARTESIAN_POINT('',(1.51773523737631,-35.7678134605573,-15.75));
#15274=CARTESIAN_POINT('',(-0.24725550175937,-33.7990956198069,-15.75));
#15275=CARTESIAN_POINT('',(-5.4558575184813,-35.3818261080181,-15.75));
#15276=CARTESIAN_POINT('',(-5.4558575184813,-35.3818261080181,-15.75));
#15277=CARTESIAN_POINT('',(-7.95151164477791E-16,5.6853902178191E-16,-15.75));
#15278=CARTESIAN_POINT('',(-9.6094102234277,-34.4862180466035,-15.75));
#15279=CARTESIAN_POINT('',(-10.6796488971623,-32.068443982104,-15.75));
#15280=CARTESIAN_POINT('',(-16.1224144043263,-31.9641635863536,-15.75));
#15281=CARTESIAN_POINT('',(-16.1224144043263,-31.9641635863536,-15.75));
#15282=CARTESIAN_POINT('',(-5.80545476720364E-16,7.86427964354424E-16,-15.75));
#15283=CARTESIAN_POINT('',(-19.7959196588647,-29.8288713306383,-15.75));
#15284=CARTESIAN_POINT('',(-20.0666438490216,-27.1987096134453,-15.75));
#15285=CARTESIAN_POINT('',(-25.2107970368095,-25.4176260254335,-15.75));
#15286=CARTESIAN_POINT('',(-25.2107970368095,-25.4176260254335,-15.75));
#15287=CARTESIAN_POINT('',(-3.09111952803367E-16,9.27335858410105E-16,-15.75));
#15288=CARTESIAN_POINT('',(-28.0446665518095,-22.251666858863,-15.75));
#15289=CARTESIAN_POINT('',(-27.48937588841,-19.6665760432696,-15.75));
#15290=CARTESIAN_POINT('',(-31.8313712013782,-16.3830341341301,-15.75));
#15291=CARTESIAN_POINT('',(-31.8313712013782,-16.3830341341301,-15.75));
#15292=CARTESIAN_POINT('',(-7.42039723635941E-18,9.77469657515757E-16,-15.75));
#15293=CARTESIAN_POINT('',(-33.5482060839816,-12.4963141984628,-15.75));
#15294=CARTESIAN_POINT('',(-32.2212562860967,-10.2093409848861,-15.75));
#15295=CARTESIAN_POINT('',(-35.3360689705517,-5.74475671446729,-15.75));
#15296=CARTESIAN_POINT('',(-35.3360689705517,-5.74475671446729,-15.75));
#15297=CARTESIAN_POINT('',(2.9499751851309E-16,9.31921916112201E-16,-15.75));
#15298=CARTESIAN_POINT('',(-35.7678134605573,-1.51773523737635,-15.75));
#15299=CARTESIAN_POINT('',(-33.7990956198069,0.247255501759331,-15.75));
#15300=CARTESIAN_POINT('',(-35.3818261080181,5.45585751848126,-15.75));
#15301=CARTESIAN_POINT('',(-35.3818261080181,5.45585751848126,-15.75));
#15302=CARTESIAN_POINT('',(5.68539021781909E-16,7.95151164477792E-16,-15.75));
#15303=CARTESIAN_POINT('',(-34.4862180466035,9.60941022342765,-15.75));
#15304=CARTESIAN_POINT('',(-32.068443982104,10.6796488971622,-15.75));
#15305=CARTESIAN_POINT('',(-31.9641635863536,16.1224144043263,-15.75));
#15306=CARTESIAN_POINT('',(-31.9641635863536,16.1224144043263,-15.75));
#15307=CARTESIAN_POINT('',(7.86427964354423E-16,5.80545476720365E-16,-15.75));
#15308=CARTESIAN_POINT('',(-29.8288713306383,19.7959196588646,-15.75));
#15309=CARTESIAN_POINT('',(-27.1987096134453,20.0666438490216,-15.75));
#15310=CARTESIAN_POINT('',(-25.4176260254336,25.2107970368095,-15.75));
#15311=CARTESIAN_POINT('',(-25.4176260254336,25.2107970368095,-15.75));
#15312=CARTESIAN_POINT('',(9.27335858410105E-16,3.09111952803368E-16,-15.75));
#15313=CARTESIAN_POINT('',(-22.251666858863,28.0446665518094,-15.75));
#15314=CARTESIAN_POINT('',(-19.6665760432696,27.4893758884099,-15.75));
#15315=CARTESIAN_POINT('',(-16.3830341341302,31.8313712013781,-15.75));
#15316=CARTESIAN_POINT('',(-16.3830341341302,31.8313712013781,-15.75));
#15317=CARTESIAN_POINT('',(9.77469657515757E-16,7.42039723636081E-18,-15.75));
#15318=CARTESIAN_POINT('',(-12.4963141984628,33.5482060839816,-15.75));
#15319=CARTESIAN_POINT('',(-10.2093409848862,32.2212562860967,-15.75));
#15320=CARTESIAN_POINT('',(-0.146250180402068,35.7997012680935,-1.15));
#15321=CARTESIAN_POINT('',(-17.529361736251,13.9388151435339,-8.45));
#15322=CARTESIAN_POINT('',(-0.146250180402067,35.7997012680935,-8.45));
#15323=CARTESIAN_POINT('',(-0.804347802929553,34.9720820505158,-8.45));
#15324=CARTESIAN_POINT('',(-17.529361736251,13.9388151435339,-8.45));
#15325=CARTESIAN_POINT('',(-0.146250180402068,35.7997012680935,-1.15));
#15326=CARTESIAN_POINT('',(5.53155481836375,33.3442933841975,-1.15));
#15327=CARTESIAN_POINT('',(19.1030357956163,12.3473358968293,-8.45));
#15328=CARTESIAN_POINT('',(4.67639400017875,34.6673454058884,-8.45));
#15329=CARTESIAN_POINT('',(19.1030357956163,12.3473358968293,-8.45));
#15330=CARTESIAN_POINT('',(4.09626936629399,35.564878423506,-8.45));
#15331=CARTESIAN_POINT('',(4.09626936629399,35.564878423506,-1.15));
#15332=CARTESIAN_POINT('',(6.38378239159465E-17,-3.19189119579732E-17,-1.15));
#15333=CARTESIAN_POINT('',(4.69069227904129E-16,-2.34534613952064E-16,-8.45));
#15334=CARTESIAN_POINT('',(4.69069227904129E-16,-2.34534613952064E-16,-8.45));
#15335=CARTESIAN_POINT('',(16.9362968396092,15.1836928880418,-8.45));
#15336=CARTESIAN_POINT('',(-15.1330351146962,16.5094015246865,-8.45));
#15337=CARTESIAN_POINT('',(4.99983504199879E-16,-1.58268509932419E-16,-8.45));
#15338=CARTESIAN_POINT('',(16.9362968396092,15.1836928880418,-8.45));
#15339=CARTESIAN_POINT('',(-1.5177352373764,35.7678134605573,-8.45));
#15340=CARTESIAN_POINT('',(4.99983504199879E-16,-1.58268509932419E-16,-8.45));
#15341=CARTESIAN_POINT('',(-5.74475671446733,35.3360689705516,-8.45));
#15342=CARTESIAN_POINT('',(-19.494057295243,11.0250088732722,-8.45));
#15343=CARTESIAN_POINT('',(-6.26528389365233,34.4156899693734,-8.45));
#15344=CARTESIAN_POINT('',(14.3525300470643,17.646176968563,-8.45));
#15345=CARTESIAN_POINT('',(4.26604910465862E-16,-3.05025697400454E-16,-8.45));
#15346=CARTESIAN_POINT('',(-12.3640829449535,18.673471648739,-8.45));
#15347=CARTESIAN_POINT('',(10.0419874629408,33.5089836630452,-8.45));
#15348=CARTESIAN_POINT('',(20.7993946109943,9.20694651737843,-8.45));
#15349=CARTESIAN_POINT('',(9.60941022342778,34.4862180466035,-8.45));
#15350=CARTESIAN_POINT('',(4.26604910465862E-16,-3.05025697400454E-16,-8.45));
#15351=CARTESIAN_POINT('',(5.45585751848139,35.3818261080181,-8.45));
#15352=CARTESIAN_POINT('',(-15.1330351146962,16.5094015246865,-8.45));
#15353=CARTESIAN_POINT('',(-5.74475671446733,35.3360689705516,-15.75));
#15354=CARTESIAN_POINT('',(-19.494057295243,11.0250088732722,-8.45));
#15355=CARTESIAN_POINT('',(-5.74475671446733,35.3360689705516,-15.75));
#15356=CARTESIAN_POINT('',(0.247255501759291,33.7990956198069,-15.75));
#15357=CARTESIAN_POINT('',(-1.5177352373764,35.7678134605573,-15.75));
#15358=CARTESIAN_POINT('',(9.31921916112202E-16,-2.94997518513089E-16,-15.75));
#15359=CARTESIAN_POINT('',(4.69069227904129E-16,-2.34534613952064E-16,-8.45));
#15360=CARTESIAN_POINT('',(11.4153563314444,19.6741536078144,-8.45));
#15361=CARTESIAN_POINT('',(-11.5719479016283,33.0118693820584,-8.45));
#15362=CARTESIAN_POINT('',(-20.9787444665593,7.83973029464397,-8.45));
#15363=CARTESIAN_POINT('',(-11.201808272468,34.0023453812655,-8.45));
#15364=CARTESIAN_POINT('',(4.69069227904129E-16,-2.34534613952064E-16,-8.45));
#15365=CARTESIAN_POINT('',(-7.09436816242811,35.0900262236426,-8.45));
#15366=CARTESIAN_POINT('',(14.3525300470643,17.646176968563,-8.45));
#15367=CARTESIAN_POINT('',(-11.201808272468,34.0023453812655,-1.15));
#15368=CARTESIAN_POINT('',(-20.9787444665593,7.83973029464397,-8.45));
#15369=CARTESIAN_POINT('',(-11.201808272468,34.0023453812655,-1.15));
#15370=CARTESIAN_POINT('',(-5.04313206589245,33.4216519484894,-1.15));
#15371=CARTESIAN_POINT('',(-7.09436816242811,35.0900262236426,-1.15));
#15372=CARTESIAN_POINT('',(6.38378239159465E-17,-3.19189119579732E-17,-1.15));
#15373=CARTESIAN_POINT('',(5.24420228952898E-16,3.98110200934914E-18,-8.45));
#15374=CARTESIAN_POINT('',(11.4153563314444,19.6741536078144,-8.45));
#15375=CARTESIAN_POINT('',(-12.4963141984628,33.5482060839816,-8.45));
#15376=CARTESIAN_POINT('',(5.24420228952898E-16,3.9811020093491E-18,-8.45));
#15377=CARTESIAN_POINT('',(-16.3830341341302,31.8313712013781,-8.45));
#15378=CARTESIAN_POINT('',(-21.9468653246477,4.46141153758843,-8.45));
#15379=CARTESIAN_POINT('',(-16.5936721471729,30.7951870104441,-8.45));
#15380=CARTESIAN_POINT('',(8.19709865754878,21.2176872904692,-8.45));
#15381=CARTESIAN_POINT('',(-21.1608553232371,28.8766030202485,-1.15));
#15382=CARTESIAN_POINT('',(-22.3745815209732,0.973238021901469,-8.45));
#15383=CARTESIAN_POINT('',(-21.1608553232371,28.8766030202485,-8.45));
#15384=CARTESIAN_POINT('',(-21.2068051132136,27.8202249312665,-8.45));
#15385=CARTESIAN_POINT('',(-22.3745815209732,0.973238021901469,-8.45));
#15386=CARTESIAN_POINT('',(-21.1608553232371,28.8766030202485,-1.15));
#15387=CARTESIAN_POINT('',(-15.1241620459719,30.2274663577215,-1.15));
#15388=CARTESIAN_POINT('',(8.19709865754878,21.2176872904692,-8.45));
#15389=CARTESIAN_POINT('',(-17.5905595060423,31.1803177704203,-8.45));
#15390=CARTESIAN_POINT('',(-17.5905595060423,31.1803177704203,-1.15));
#15391=CARTESIAN_POINT('',(6.38378239159465E-17,-3.19189119579732E-17,-1.15));
#15392=CARTESIAN_POINT('',(4.69069227904129E-16,-2.34534613952064E-16,-8.45));
#15393=CARTESIAN_POINT('',(4.69069227904129E-16,-2.34534613952064E-16,-8.45));
#15394=CARTESIAN_POINT('',(-21.9468653246477,4.46141153758843,-8.45));
#15395=CARTESIAN_POINT('',(4.77700121009353,22.2387710945657,-8.45));
#15396=CARTESIAN_POINT('',(4.97523047845421E-16,1.65841015948474E-16,-8.45));
#15397=CARTESIAN_POINT('',(4.77700121009353,22.2387710945657,-8.45));
#15398=CARTESIAN_POINT('',(-22.251666858863,28.0446665518094,-8.45));
#15399=CARTESIAN_POINT('',(4.97523047845421E-16,1.65841015948474E-16,-8.45));
#15400=CARTESIAN_POINT('',(-25.4176260254336,25.2107970368095,-8.45));
#15401=CARTESIAN_POINT('',(-22.2513612632736,-2.53889984387652,-8.45));
#15402=CARTESIAN_POINT('',(-25.297756156016,24.1602365842481,-8.45));
#15403=CARTESIAN_POINT('',(1.23927813888771,22.7122625480642,-8.45));
#15404=CARTESIAN_POINT('',(-29.0485304186194,20.9242175604858,-1.15));
#15405=CARTESIAN_POINT('',(-21.5802386432381,-5.98852156937277,-8.45));
#15406=CARTESIAN_POINT('',(-29.0485304186194,20.9242175604858,-8.45));
#15407=CARTESIAN_POINT('',(-28.7657924838182,19.9053430292974,-8.45));
#15408=CARTESIAN_POINT('',(-21.5802386432381,-5.98852156937277,-8.45));
#15409=CARTESIAN_POINT('',(-29.0485304186194,20.9242175604858,-1.15));
#15410=CARTESIAN_POINT('',(-23.7247336687583,24.0744057527177,-1.15));
#15411=CARTESIAN_POINT('',(1.23927813888771,22.7122625480642,-8.45));
#15412=CARTESIAN_POINT('',(-26.3648643245702,24.218462567781,-8.45));
#15413=CARTESIAN_POINT('',(-26.3648643245702,24.218462567781,-1.15));
#15414=CARTESIAN_POINT('',(6.38378239159465E-17,-3.19189119579732E-17,-1.15));
#15415=CARTESIAN_POINT('',(4.69069227904129E-16,-2.34534613952064E-16,-8.45));
#15416=CARTESIAN_POINT('',(4.69069227904129E-16,-2.34534613952064E-16,-8.45));
#15417=CARTESIAN_POINT('',(-22.2513612632736,-2.53889984387652,-8.45));
#15418=CARTESIAN_POINT('',(-2.32896007302586,22.6265027199516,-8.45));
#15419=CARTESIAN_POINT('',(4.21924844367928E-16,3.11467255764259E-16,-8.45));
#15420=CARTESIAN_POINT('',(-2.32896007302586,22.6265027199516,-8.45));
#15421=CARTESIAN_POINT('',(-29.8288713306383,19.7959196588646,-8.45));
#15422=CARTESIAN_POINT('',(4.21924844367928E-16,3.11467255764259E-16,-8.45));
#15423=CARTESIAN_POINT('',(-31.9641635863536,16.1224144043263,-8.45));
#15424=CARTESIAN_POINT('',(-20.3777389271002,-9.29068601906745,-8.45));
#15425=CARTESIAN_POINT('',(-31.5255195324769,15.1603138669193,-8.45));
#15426=CARTESIAN_POINT('',(-5.83985155856621,21.9836033018165,-8.45));
#15427=CARTESIAN_POINT('',(-34.0927329636148,10.9236238983065,-1.15));
#15428=CARTESIAN_POINT('',(-18.673471648739,-12.3640829449536,-8.45));
#15429=CARTESIAN_POINT('',(-34.0927329636148,10.9236238983065,-8.45));
#15430=CARTESIAN_POINT('',(-33.5089836630452,10.0419874629406,-8.45));
#15431=CARTESIAN_POINT('',(-18.673471648739,-12.3640829449536,-8.45));
#15432=CARTESIAN_POINT('',(-34.0927329636148,10.9236238983065,-1.15));
#15433=CARTESIAN_POINT('',(-30.0029630601074,15.5647745763899,-1.15));
#15434=CARTESIAN_POINT('',(-5.83985155856621,21.9836033018165,-8.45));
#15435=CARTESIAN_POINT('',(-32.5583925281979,14.8859355090564,-8.45));
#15436=CARTESIAN_POINT('',(-32.5583925281979,14.8859355090564,-1.15));
#15437=CARTESIAN_POINT('',(6.38378239159465E-17,-3.19189119579732E-17,-1.15));
#15438=CARTESIAN_POINT('',(4.69069227904129E-16,-2.34534613952064E-16,-8.45));
#15439=CARTESIAN_POINT('',(4.69069227904129E-16,-2.34534613952064E-16,-8.45));
#15440=CARTESIAN_POINT('',(-20.3777389271002,-9.29068601906745,-8.45));
#15441=CARTESIAN_POINT('',(-9.20694651737851,20.7993946109943,-8.45));
#15442=CARTESIAN_POINT('',(3.05025697400452E-16,4.26604910465863E-16,-8.45));
#15443=CARTESIAN_POINT('',(-9.20694651737851,20.7993946109943,-8.45));
#15444=CARTESIAN_POINT('',(-34.4862180466036,9.60941022342765,-8.45));
#15445=CARTESIAN_POINT('',(3.05025697400452E-16,4.26604910465863E-16,-8.45));
#15446=CARTESIAN_POINT('',(-35.3818261080181,5.45585751848126,-8.45));
#15447=CARTESIAN_POINT('',(-16.5094015246865,-15.1330351146962,-8.45));
#15448=CARTESIAN_POINT('',(-34.6673454058885,4.6763940001787,-8.45));
#15449=CARTESIAN_POINT('',(-12.3473358968293,19.1030357956163,-8.45));
#15450=CARTESIAN_POINT('',(-35.7997012680935,-0.146250180402026,-1.15));
#15451=CARTESIAN_POINT('',(-13.9388151435339,-17.529361736251,-8.45));
#15452=CARTESIAN_POINT('',(-35.7997012680935,-0.146250180402026,-8.45));
#15453=CARTESIAN_POINT('',(-34.9720820505158,-0.804347802929506,-8.45));
#15454=CARTESIAN_POINT('',(-13.9388151435339,-17.529361736251,-8.45));
#15455=CARTESIAN_POINT('',(-35.7997012680935,-0.146250180402026,-1.15));
#15456=CARTESIAN_POINT('',(-33.3442933841975,5.53155481836379,-1.15));
#15457=CARTESIAN_POINT('',(-12.3473358968293,19.1030357956163,-8.45));
#15458=CARTESIAN_POINT('',(-35.564878423506,4.09626936629403,-8.45));
#15459=CARTESIAN_POINT('',(-35.564878423506,4.09626936629403,-1.15));
#15460=CARTESIAN_POINT('',(6.38378239159465E-17,-3.19189119579732E-17,-1.15));
#15461=CARTESIAN_POINT('',(4.69069227904129E-16,-2.34534613952064E-16,-8.45));
#15462=CARTESIAN_POINT('',(4.69069227904129E-16,-2.34534613952064E-16,-8.45));
#15463=CARTESIAN_POINT('',(-16.5094015246865,-15.1330351146962,-8.45));
#15464=CARTESIAN_POINT('',(-15.1836928880417,16.9362968396092,-8.45));
#15465=CARTESIAN_POINT('',(1.5826850993242E-16,4.99983504199879E-16,-8.45));
#15466=CARTESIAN_POINT('',(-15.1836928880417,16.9362968396092,-8.45));
#15467=CARTESIAN_POINT('',(-35.7678134605573,-1.51773523737635,-8.45));
#15468=CARTESIAN_POINT('',(1.5826850993242E-16,4.99983504199879E-16,-8.45));
#15469=CARTESIAN_POINT('',(-35.3360689705516,-5.74475671446729,-8.45));
#15470=CARTESIAN_POINT('',(-11.0250088732723,-19.494057295243,-8.45));
#15471=CARTESIAN_POINT('',(-34.4156899693734,-6.26528389365228,-8.45));
#15472=CARTESIAN_POINT('',(-17.646176968563,14.3525300470644,-8.45));
#15473=CARTESIAN_POINT('',(-34.0023453812655,-11.2018082724679,-1.15));
#15474=CARTESIAN_POINT('',(-7.839730294644,-20.9787444665593,-8.45));
#15475=CARTESIAN_POINT('',(-34.0023453812655,-11.2018082724679,-8.45));
#15476=CARTESIAN_POINT('',(-33.0118693820585,-11.5719479016282,-8.45));
#15477=CARTESIAN_POINT('',(-7.839730294644,-20.9787444665593,-8.45));
#15478=CARTESIAN_POINT('',(-34.0023453812655,-11.2018082724679,-1.15));
#15479=CARTESIAN_POINT('',(-33.4216519484894,-5.0431320658924,-1.15));
#15480=CARTESIAN_POINT('',(-17.646176968563,14.3525300470644,-8.45));
#15481=CARTESIAN_POINT('',(-35.0900262236426,-7.09436816242806,-8.45));
#15482=CARTESIAN_POINT('',(-35.0900262236426,-7.09436816242806,-1.15));
#15483=CARTESIAN_POINT('',(6.38378239159465E-17,-3.19189119579733E-17,-1.15));
#15484=CARTESIAN_POINT('',(4.69069227904129E-16,-2.34534613952064E-16,-8.45));
#15485=CARTESIAN_POINT('',(4.69069227904129E-16,-2.34534613952064E-16,-8.45));
#15486=CARTESIAN_POINT('',(-11.0250088732723,-19.494057295243,-8.45));
#15487=CARTESIAN_POINT('',(-19.6741536078144,11.4153563314445,-8.45));
#15488=CARTESIAN_POINT('',(-3.9811020093484E-18,5.24420228952898E-16,-8.45));
#15489=CARTESIAN_POINT('',(-19.6741536078144,11.4153563314445,-8.45));
#15490=CARTESIAN_POINT('',(-33.5482060839816,-12.4963141984628,-8.45));
#15491=CARTESIAN_POINT('',(-3.98110200934835E-18,5.24420228952898E-16,-8.45));
#15492=CARTESIAN_POINT('',(-31.8313712013781,-16.3830341341301,-8.45));
#15493=CARTESIAN_POINT('',(-4.46141153758846,-21.9468653246477,-8.45));
#15494=CARTESIAN_POINT('',(-30.7951870104441,-16.5936721471729,-8.45));
#15495=CARTESIAN_POINT('',(-21.2176872904692,8.19709865754881,-8.45));
#15496=CARTESIAN_POINT('',(-28.8766030202486,-21.1608553232371,-1.15));
#15497=CARTESIAN_POINT('',(-0.973238021901502,-22.3745815209732,-8.45));
#15498=CARTESIAN_POINT('',(-28.8766030202486,-21.1608553232371,-8.45));
#15499=CARTESIAN_POINT('',(-27.8202249312665,-21.2068051132136,-8.45));
#15500=CARTESIAN_POINT('',(-0.973238021901502,-22.3745815209732,-8.45));
#15501=CARTESIAN_POINT('',(-28.8766030202486,-21.1608553232371,-1.15));
#15502=CARTESIAN_POINT('',(-30.2274663577215,-15.1241620459718,-1.15));
#15503=CARTESIAN_POINT('',(-21.2176872904692,8.19709865754881,-8.45));
#15504=CARTESIAN_POINT('',(-31.1803177704203,-17.5905595060422,-8.45));
#15505=CARTESIAN_POINT('',(-31.1803177704203,-17.5905595060422,-1.15));
#15506=CARTESIAN_POINT('',(6.38378239159465E-17,-3.19189119579733E-17,-1.15));
#15507=CARTESIAN_POINT('',(4.69069227904129E-16,-2.34534613952065E-16,-8.45));
#15508=CARTESIAN_POINT('',(4.69069227904129E-16,-2.34534613952065E-16,-8.45));
#15509=CARTESIAN_POINT('',(-4.46141153758846,-21.9468653246477,-8.45));
#15510=CARTESIAN_POINT('',(-22.2387710945657,4.77700121009357,-8.45));
#15511=CARTESIAN_POINT('',(-1.65841015948473E-16,4.97523047845422E-16,-8.45));
#15512=CARTESIAN_POINT('',(-22.2387710945657,4.77700121009357,-8.45));
#15513=CARTESIAN_POINT('',(-28.0446665518095,-22.251666858863,-8.45));
#15514=CARTESIAN_POINT('',(-1.65841015948473E-16,4.97523047845422E-16,-8.45));
#15515=CARTESIAN_POINT('',(-25.2107970368095,-25.4176260254335,-8.45));
#15516=CARTESIAN_POINT('',(2.53889984387648,-22.2513612632736,-8.45));
#15517=CARTESIAN_POINT('',(-24.1602365842481,-25.297756156016,-8.45));
#15518=CARTESIAN_POINT('',(-22.7122625480642,1.23927813888774,-8.45));
#15519=CARTESIAN_POINT('',(-20.9242175604859,-29.0485304186194,-1.15));
#15520=CARTESIAN_POINT('',(5.98852156937275,-21.5802386432381,-8.45));
#15521=CARTESIAN_POINT('',(-20.9242175604859,-29.0485304186194,-8.45));
#15522=CARTESIAN_POINT('',(-19.9053430292974,-28.7657924838181,-8.45));
#15523=CARTESIAN_POINT('',(5.98852156937275,-21.5802386432381,-8.45));
#15524=CARTESIAN_POINT('',(-20.9242175604859,-29.0485304186194,-1.15));
#15525=CARTESIAN_POINT('',(-24.0744057527177,-23.7247336687583,-1.15));
#15526=CARTESIAN_POINT('',(-22.7122625480642,1.23927813888774,-8.45));
#15527=CARTESIAN_POINT('',(-24.218462567781,-26.3648643245701,-8.45));
#15528=CARTESIAN_POINT('',(-24.218462567781,-26.3648643245701,-1.15));
#15529=CARTESIAN_POINT('',(6.38378239159465E-17,-3.19189119579732E-17,-1.15));
#15530=CARTESIAN_POINT('',(4.69069227904129E-16,-2.34534613952064E-16,-8.45));
#15531=CARTESIAN_POINT('',(4.69069227904129E-16,-2.34534613952064E-16,-8.45));
#15532=CARTESIAN_POINT('',(2.53889984387648,-22.2513612632736,-8.45));
#15533=CARTESIAN_POINT('',(-22.6265027199516,-2.32896007302584,-8.45));
#15534=CARTESIAN_POINT('',(-3.11467255764259E-16,4.21924844367929E-16,-8.45));
#15535=CARTESIAN_POINT('',(-22.6265027199516,-2.32896007302584,-8.45));
#15536=CARTESIAN_POINT('',(-19.7959196588647,-29.8288713306383,-8.45));
#15537=CARTESIAN_POINT('',(-3.11467255764259E-16,4.21924844367929E-16,-8.45));
#15538=CARTESIAN_POINT('',(-16.1224144043263,-31.9641635863536,-8.45));
#15539=CARTESIAN_POINT('',(9.29068601906742,-20.3777389271002,-8.45));
#15540=CARTESIAN_POINT('',(-15.1603138669194,-31.5255195324769,-8.45));
#15541=CARTESIAN_POINT('',(-21.9836033018165,-5.83985155856618,-8.45));
#15542=CARTESIAN_POINT('',(-10.9236238983066,-34.0927329636148,-1.15));
#15543=CARTESIAN_POINT('',(12.3640829449535,-18.673471648739,-8.45));
#15544=CARTESIAN_POINT('',(-10.9236238983066,-34.0927329636148,-8.45));
#15545=CARTESIAN_POINT('',(-10.0419874629407,-33.5089836630452,-8.45));
#15546=CARTESIAN_POINT('',(12.3640829449535,-18.673471648739,-8.45));
#15547=CARTESIAN_POINT('',(-10.9236238983066,-34.0927329636148,-1.15));
#15548=CARTESIAN_POINT('',(-15.5647745763899,-30.0029630601073,-1.15));
#15549=CARTESIAN_POINT('',(-21.9836033018165,-5.83985155856618,-8.45));
#15550=CARTESIAN_POINT('',(-14.8859355090564,-32.5583925281979,-8.45));
#15551=CARTESIAN_POINT('',(-14.8859355090564,-32.5583925281979,-1.15));
#15552=CARTESIAN_POINT('',(6.38378239159465E-17,-3.19189119579732E-17,-1.15));
#15553=CARTESIAN_POINT('',(4.69069227904129E-16,-2.34534613952064E-16,-8.45));
#15554=CARTESIAN_POINT('',(4.69069227904129E-16,-2.34534613952064E-16,-8.45));
#15555=CARTESIAN_POINT('',(9.29068601906742,-20.3777389271002,-8.45));
#15556=CARTESIAN_POINT('',(-20.7993946109943,-9.20694651737848,-8.45));
#15557=CARTESIAN_POINT('',(-4.26604910465862E-16,3.05025697400453E-16,-8.45));
#15558=CARTESIAN_POINT('',(-20.7993946109943,-9.20694651737848,-8.45));
#15559=CARTESIAN_POINT('',(-9.6094102234277,-34.4862180466035,-8.45));
#15560=CARTESIAN_POINT('',(-4.26604910465862E-16,3.05025697400453E-16,-8.45));
#15561=CARTESIAN_POINT('',(-5.4558575184813,-35.3818261080181,-8.45));
#15562=CARTESIAN_POINT('',(15.1330351146962,-16.5094015246865,-8.45));
#15563=CARTESIAN_POINT('',(-4.67639400017874,-34.6673454058885,-8.45));
#15564=CARTESIAN_POINT('',(-19.1030357956163,-12.3473358968293,-8.45));
#15565=CARTESIAN_POINT('',(0.146250180401984,-35.7997012680935,-1.15));
#15566=CARTESIAN_POINT('',(17.529361736251,-13.9388151435339,-8.45));
#15567=CARTESIAN_POINT('',(0.146250180401984,-35.7997012680935,-8.45));
#15568=CARTESIAN_POINT('',(0.804347802929473,-34.9720820505158,-8.45));
#15569=CARTESIAN_POINT('',(17.529361736251,-13.9388151435339,-8.45));
#15570=CARTESIAN_POINT('',(0.146250180401984,-35.7997012680935,-1.15));
#15571=CARTESIAN_POINT('',(-5.53155481836383,-33.3442933841975,-1.15));
#15572=CARTESIAN_POINT('',(-19.1030357956163,-12.3473358968293,-8.45));
#15573=CARTESIAN_POINT('',(-4.09626936629407,-35.564878423506,-8.45));
#15574=CARTESIAN_POINT('',(-4.09626936629407,-35.564878423506,-1.15));
#15575=CARTESIAN_POINT('',(6.38378239159465E-17,-3.19189119579732E-17,-1.15));
#15576=CARTESIAN_POINT('',(4.69069227904129E-16,-2.34534613952064E-16,-8.45));
#15577=CARTESIAN_POINT('',(4.69069227904129E-16,-2.34534613952064E-16,-8.45));
#15578=CARTESIAN_POINT('',(15.1330351146962,-16.5094015246865,-8.45));
#15579=CARTESIAN_POINT('',(-16.9362968396093,-15.1836928880417,-8.45));
#15580=CARTESIAN_POINT('',(-4.99983504199879E-16,1.5826850993242E-16,-8.45));
#15581=CARTESIAN_POINT('',(-16.9362968396093,-15.1836928880417,-8.45));
#15582=CARTESIAN_POINT('',(1.51773523737631,-35.7678134605573,-8.45));
#15583=CARTESIAN_POINT('',(-4.99983504199879E-16,1.5826850993242E-16,-8.45));
#15584=CARTESIAN_POINT('',(5.74475671446725,-35.3360689705517,-8.45));
#15585=CARTESIAN_POINT('',(19.494057295243,-11.0250088732723,-8.45));
#15586=CARTESIAN_POINT('',(6.26528389365224,-34.4156899693734,-8.45));
#15587=CARTESIAN_POINT('',(-14.3525300470644,-17.6461769685629,-8.45));
#15588=CARTESIAN_POINT('',(11.2018082724679,-34.0023453812655,-1.15));
#15589=CARTESIAN_POINT('',(20.9787444665592,-7.83973029464402,-8.45));
#15590=CARTESIAN_POINT('',(11.2018082724679,-34.0023453812655,-8.45));
#15591=CARTESIAN_POINT('',(11.5719479016282,-33.0118693820585,-8.45));
#15592=CARTESIAN_POINT('',(20.9787444665592,-7.83973029464402,-8.45));
#15593=CARTESIAN_POINT('',(11.2018082724679,-34.0023453812655,-1.15));
#15594=CARTESIAN_POINT('',(5.04313206589236,-33.4216519484894,-1.15));
#15595=CARTESIAN_POINT('',(-14.3525300470644,-17.6461769685629,-8.45));
#15596=CARTESIAN_POINT('',(7.09436816242802,-35.0900262236426,-8.45));
#15597=CARTESIAN_POINT('',(7.09436816242802,-35.0900262236426,-1.15));
#15598=CARTESIAN_POINT('',(6.38378239159465E-17,-3.19189119579732E-17,-1.15));
#15599=CARTESIAN_POINT('',(4.69069227904129E-16,-2.34534613952064E-16,-8.45));
#15600=CARTESIAN_POINT('',(4.69069227904129E-16,-2.34534613952064E-16,-8.45));
#15601=CARTESIAN_POINT('',(19.494057295243,-11.0250088732723,-8.45));
#15602=CARTESIAN_POINT('',(-11.4153563314445,-19.6741536078144,-8.45));
#15603=CARTESIAN_POINT('',(-5.24420228952898E-16,-3.9811020093478E-18,-8.45));
#15604=CARTESIAN_POINT('',(-11.4153563314445,-19.6741536078144,-8.45));
#15605=CARTESIAN_POINT('',(12.4963141984627,-33.5482060839816,-8.45));
#15606=CARTESIAN_POINT('',(-5.24420228952898E-16,-3.98110200934775E-18,
-8.45));
#15607=CARTESIAN_POINT('',(16.3830341341301,-31.8313712013782,-8.45));
#15608=CARTESIAN_POINT('',(21.9468653246477,-4.46141153758849,-8.45));
#15609=CARTESIAN_POINT('',(16.5936721471728,-30.7951870104442,-8.45));
#15610=CARTESIAN_POINT('',(-8.19709865754884,-21.2176872904692,-8.45));
#15611=CARTESIAN_POINT('',(21.1608553232371,-28.8766030202486,-1.15));
#15612=CARTESIAN_POINT('',(22.3745815209732,-0.973238021901532,-8.45));
#15613=CARTESIAN_POINT('',(21.1608553232371,-28.8766030202486,-8.45));
#15614=CARTESIAN_POINT('',(21.2068051132136,-27.8202249312666,-8.45));
#15615=CARTESIAN_POINT('',(22.3745815209732,-0.973238021901532,-8.45));
#15616=CARTESIAN_POINT('',(21.1608553232371,-28.8766030202486,-1.15));
#15617=CARTESIAN_POINT('',(15.1241620459718,-30.2274663577215,-1.15));
#15618=CARTESIAN_POINT('',(-8.19709865754884,-21.2176872904692,-8.45));
#15619=CARTESIAN_POINT('',(17.5905595060422,-31.1803177704203,-8.45));
#15620=CARTESIAN_POINT('',(17.5905595060422,-31.1803177704203,-1.15));
#15621=CARTESIAN_POINT('',(6.38378239159465E-17,-3.19189119579732E-17,-1.15));
#15622=CARTESIAN_POINT('',(4.69069227904129E-16,-2.34534613952064E-16,-8.45));
#15623=CARTESIAN_POINT('',(4.69069227904129E-16,-2.34534613952064E-16,-8.45));
#15624=CARTESIAN_POINT('',(21.9468653246477,-4.46141153758849,-8.45));
#15625=CARTESIAN_POINT('',(-4.77700121009359,-22.2387710945657,-8.45));
#15626=CARTESIAN_POINT('',(-4.97523047845422E-16,-1.65841015948472E-16,
-8.45));
#15627=CARTESIAN_POINT('',(-4.77700121009359,-22.2387710945657,-8.45));
#15628=CARTESIAN_POINT('',(22.2516668588629,-28.0446665518095,-8.45));
#15629=CARTESIAN_POINT('',(-4.97523047845422E-16,-1.65841015948472E-16,
-8.45));
#15630=CARTESIAN_POINT('',(25.4176260254335,-25.2107970368096,-8.45));
#15631=CARTESIAN_POINT('',(22.2513612632736,2.53889984387645,-8.45));
#15632=CARTESIAN_POINT('',(25.297756156016,-24.1602365842482,-8.45));
#15633=CARTESIAN_POINT('',(-1.23927813888778,-22.7122625480642,-8.45));
#15634=CARTESIAN_POINT('',(29.0485304186193,-20.9242175604859,-1.15));
#15635=CARTESIAN_POINT('',(21.5802386432381,5.9885215693727,-8.45));
#15636=CARTESIAN_POINT('',(29.0485304186193,-20.9242175604859,-8.45));
#15637=CARTESIAN_POINT('',(28.7657924838181,-19.9053430292975,-8.45));
#15638=CARTESIAN_POINT('',(21.5802386432381,5.9885215693727,-8.45));
#15639=CARTESIAN_POINT('',(29.0485304186193,-20.9242175604859,-1.15));
#15640=CARTESIAN_POINT('',(23.7247336687582,-24.0744057527177,-1.15));
#15641=CARTESIAN_POINT('',(-1.23927813888778,-22.7122625480642,-8.45));
#15642=CARTESIAN_POINT('',(26.3648643245701,-24.218462567781,-8.45));
#15643=CARTESIAN_POINT('',(26.3648643245701,-24.218462567781,-1.15));
#15644=CARTESIAN_POINT('',(6.38378239159465E-17,-3.19189119579732E-17,-1.15));
#15645=CARTESIAN_POINT('',(4.69069227904128E-16,-2.34534613952064E-16,-8.45));
#15646=CARTESIAN_POINT('',(4.69069227904128E-16,-2.34534613952064E-16,-8.45));
#15647=CARTESIAN_POINT('',(22.2513612632736,2.53889984387645,-8.45));
#15648=CARTESIAN_POINT('',(2.3289600730258,-22.6265027199516,-8.45));
#15649=CARTESIAN_POINT('',(-4.21924844367929E-16,-3.11467255764258E-16,
-8.45));
#15650=CARTESIAN_POINT('',(2.3289600730258,-22.6265027199516,-8.45));
#15651=CARTESIAN_POINT('',(29.8288713306383,-19.7959196588647,-8.45));
#15652=CARTESIAN_POINT('',(-4.21924844367929E-16,-3.11467255764258E-16,
-8.45));
#15653=CARTESIAN_POINT('',(31.9641635863535,-16.1224144043264,-8.45));
#15654=CARTESIAN_POINT('',(20.3777389271002,9.29068601906739,-8.45));
#15655=CARTESIAN_POINT('',(31.5255195324768,-15.1603138669194,-8.45));
#15656=CARTESIAN_POINT('',(5.83985155856615,-21.9836033018165,-8.45));
#15657=CARTESIAN_POINT('',(34.0927329636148,-10.9236238983066,-1.15));
#15658=CARTESIAN_POINT('',(18.673471648739,12.3640829449535,-8.45));
#15659=CARTESIAN_POINT('',(34.0927329636148,-10.9236238983066,-8.45));
#15660=CARTESIAN_POINT('',(33.5089836630452,-10.0419874629407,-8.45));
#15661=CARTESIAN_POINT('',(18.673471648739,12.3640829449535,-8.45));
#15662=CARTESIAN_POINT('',(34.0927329636148,-10.9236238983066,-1.15));
#15663=CARTESIAN_POINT('',(30.0029630601073,-15.56477457639,-1.15));
#15664=CARTESIAN_POINT('',(5.83985155856615,-21.9836033018165,-8.45));
#15665=CARTESIAN_POINT('',(32.5583925281979,-14.8859355090565,-8.45));
#15666=CARTESIAN_POINT('',(32.5583925281979,-14.8859355090565,-1.15));
#15667=CARTESIAN_POINT('',(6.38378239159465E-17,-3.19189119579732E-17,-1.15));
#15668=CARTESIAN_POINT('',(4.69069227904129E-16,-2.34534613952064E-16,-8.45));
#15669=CARTESIAN_POINT('',(4.69069227904129E-16,-2.34534613952064E-16,-8.45));
#15670=CARTESIAN_POINT('',(20.3777389271002,9.29068601906739,-8.45));
#15671=CARTESIAN_POINT('',(9.20694651737845,-20.7993946109943,-8.45));
#15672=CARTESIAN_POINT('',(-3.05025697400454E-16,-4.26604910465862E-16,
-8.45));
#15673=CARTESIAN_POINT('',(9.20694651737845,-20.7993946109943,-8.45));
#15674=CARTESIAN_POINT('',(34.4862180466035,-9.60941022342775,-8.45));
#15675=CARTESIAN_POINT('',(-3.05025697400454E-16,-4.26604910465862E-16,
-8.45));
#15676=CARTESIAN_POINT('',(35.3818261080181,-5.45585751848135,-8.45));
#15677=CARTESIAN_POINT('',(16.5094015246865,15.1330351146962,-8.45));
#15678=CARTESIAN_POINT('',(34.6673454058885,-4.67639400017879,-8.45));
#15679=CARTESIAN_POINT('',(12.3473358968293,-19.1030357956163,-8.45));
#15680=CARTESIAN_POINT('',(35.7997012680935,0.146250180401934,-1.15));
#15681=CARTESIAN_POINT('',(13.9388151435339,17.5293617362509,-8.45));
#15682=CARTESIAN_POINT('',(35.7997012680935,0.146250180401934,-8.45));
#15683=CARTESIAN_POINT('',(34.9720820505158,0.804347802929421,-8.45));
#15684=CARTESIAN_POINT('',(13.9388151435339,17.5293617362509,-8.45));
#15685=CARTESIAN_POINT('',(35.7997012680935,0.146250180401934,-1.15));
#15686=CARTESIAN_POINT('',(33.3442933841975,-5.53155481836387,-1.15));
#15687=CARTESIAN_POINT('',(12.3473358968293,-19.1030357956163,-8.45));
#15688=CARTESIAN_POINT('',(35.564878423506,-4.09626936629412,-8.45));
#15689=CARTESIAN_POINT('',(35.564878423506,-4.09626936629412,-1.15));
#15690=CARTESIAN_POINT('',(6.38378239159465E-17,-3.19189119579732E-17,-1.15));
#15691=CARTESIAN_POINT('',(4.69069227904129E-16,-2.34534613952064E-16,-8.45));
#15692=CARTESIAN_POINT('',(4.69069227904129E-16,-2.34534613952064E-16,-8.45));
#15693=CARTESIAN_POINT('',(16.5094015246865,15.1330351146962,-8.45));
#15694=CARTESIAN_POINT('',(15.1836928880417,-16.9362968396093,-8.45));
#15695=CARTESIAN_POINT('',(-1.58268509932421E-16,-4.99983504199879E-16,
-8.45));
#15696=CARTESIAN_POINT('',(15.1836928880417,-16.9362968396093,-8.45));
#15697=CARTESIAN_POINT('',(35.7678134605573,1.51773523737626,-8.45));
#15698=CARTESIAN_POINT('',(-1.58268509932421E-16,-4.99983504199879E-16,
-8.45));
#15699=CARTESIAN_POINT('',(35.3360689705517,5.7447567144672,-8.45));
#15700=CARTESIAN_POINT('',(11.0250088732723,19.494057295243,-8.45));
#15701=CARTESIAN_POINT('',(34.4156899693734,6.2652838936522,-8.45));
#15702=CARTESIAN_POINT('',(17.6461769685629,-14.3525300470644,-8.45));
#15703=CARTESIAN_POINT('',(34.0023453812656,11.2018082724678,-1.15));
#15704=CARTESIAN_POINT('',(7.83973029464404,20.9787444665592,-8.45));
#15705=CARTESIAN_POINT('',(34.0023453812656,11.2018082724678,-8.45));
#15706=CARTESIAN_POINT('',(33.0118693820585,11.5719479016282,-8.45));
#15707=CARTESIAN_POINT('',(7.83973029464404,20.9787444665592,-8.45));
#15708=CARTESIAN_POINT('',(34.0023453812656,11.2018082724678,-1.15));
#15709=CARTESIAN_POINT('',(33.4216519484894,5.04313206589233,-1.15));
#15710=CARTESIAN_POINT('',(17.6461769685629,-14.3525300470644,-8.45));
#15711=CARTESIAN_POINT('',(35.0900262236426,7.09436816242799,-8.45));
#15712=CARTESIAN_POINT('',(35.0900262236426,7.09436816242799,-1.15));
#15713=CARTESIAN_POINT('',(6.38378239159465E-17,-3.19189119579732E-17,-1.15));
#15714=CARTESIAN_POINT('',(4.69069227904129E-16,-2.34534613952064E-16,-8.45));
#15715=CARTESIAN_POINT('',(4.69069227904129E-16,-2.34534613952064E-16,-8.45));
#15716=CARTESIAN_POINT('',(11.0250088732723,19.494057295243,-8.45));
#15717=CARTESIAN_POINT('',(19.6741536078144,-11.4153563314445,-8.45));
#15718=CARTESIAN_POINT('',(3.98110200934729E-18,-5.24420228952898E-16,-8.45));
#15719=CARTESIAN_POINT('',(19.6741536078144,-11.4153563314445,-8.45));
#15720=CARTESIAN_POINT('',(33.5482060839816,12.4963141984627,-8.45));
#15721=CARTESIAN_POINT('',(3.98110200934724E-18,-5.24420228952898E-16,-8.45));
#15722=CARTESIAN_POINT('',(31.8313712013782,16.3830341341301,-8.45));
#15723=CARTESIAN_POINT('',(4.46141153758851,21.9468653246477,-8.45));
#15724=CARTESIAN_POINT('',(30.7951870104442,16.5936721471728,-8.45));
#15725=CARTESIAN_POINT('',(21.2176872904692,-8.19709865754887,-8.45));
#15726=CARTESIAN_POINT('',(28.8766030202486,21.160855323237,-1.15));
#15727=CARTESIAN_POINT('',(0.973238021901564,22.3745815209732,-8.45));
#15728=CARTESIAN_POINT('',(28.8766030202486,21.160855323237,-8.45));
#15729=CARTESIAN_POINT('',(27.8202249312666,21.2068051132135,-8.45));
#15730=CARTESIAN_POINT('',(0.973238021901564,22.3745815209732,-8.45));
#15731=CARTESIAN_POINT('',(28.8766030202486,21.160855323237,-1.15));
#15732=CARTESIAN_POINT('',(30.2274663577216,15.1241620459717,-1.15));
#15733=CARTESIAN_POINT('',(21.2176872904692,-8.19709865754887,-8.45));
#15734=CARTESIAN_POINT('',(31.1803177704204,17.5905595060421,-8.45));
#15735=CARTESIAN_POINT('',(31.1803177704204,17.5905595060421,-1.15));
#15736=CARTESIAN_POINT('',(6.38378239159465E-17,-3.19189119579733E-17,-1.15));
#15737=CARTESIAN_POINT('',(4.69069227904129E-16,-2.34534613952064E-16,-8.45));
#15738=CARTESIAN_POINT('',(4.69069227904129E-16,-2.34534613952064E-16,-8.45));
#15739=CARTESIAN_POINT('',(4.46141153758851,21.9468653246477,-8.45));
#15740=CARTESIAN_POINT('',(22.2387710945657,-4.77700121009363,-8.45));
#15741=CARTESIAN_POINT('',(1.65841015948471E-16,-4.97523047845422E-16,-8.45));
#15742=CARTESIAN_POINT('',(22.2387710945657,-4.77700121009363,-8.45));
#15743=CARTESIAN_POINT('',(28.0446665518095,22.2516668588629,-8.45));
#15744=CARTESIAN_POINT('',(1.65841015948471E-16,-4.97523047845422E-16,-8.45));
#15745=CARTESIAN_POINT('',(25.2107970368096,25.4176260254335,-8.45));
#15746=CARTESIAN_POINT('',(-2.53889984387642,22.2513612632736,-8.45));
#15747=CARTESIAN_POINT('',(24.1602365842482,25.2977561560159,-8.45));
#15748=CARTESIAN_POINT('',(22.7122625480642,-1.2392781388878,-8.45));
#15749=CARTESIAN_POINT('',(20.9242175604859,29.0485304186193,-1.15));
#15750=CARTESIAN_POINT('',(-5.98852156937268,21.5802386432381,-8.45));
#15751=CARTESIAN_POINT('',(20.9242175604859,29.0485304186193,-8.45));
#15752=CARTESIAN_POINT('',(19.9053430292975,28.7657924838181,-8.45));
#15753=CARTESIAN_POINT('',(-5.98852156937268,21.5802386432381,-8.45));
#15754=CARTESIAN_POINT('',(20.9242175604859,29.0485304186193,-1.15));
#15755=CARTESIAN_POINT('',(24.0744057527178,23.7247336687582,-1.15));
#15756=CARTESIAN_POINT('',(22.7122625480642,-1.2392781388878,-8.45));
#15757=CARTESIAN_POINT('',(24.2184625677811,26.3648643245701,-8.45));
#15758=CARTESIAN_POINT('',(24.2184625677811,26.3648643245701,-1.15));
#15759=CARTESIAN_POINT('',(6.38378239159465E-17,-3.19189119579732E-17,-1.15));
#15760=CARTESIAN_POINT('',(4.69069227904129E-16,-2.34534613952064E-16,-8.45));
#15761=CARTESIAN_POINT('',(4.69069227904129E-16,-2.34534613952064E-16,-8.45));
#15762=CARTESIAN_POINT('',(-2.53889984387642,22.2513612632736,-8.45));
#15763=CARTESIAN_POINT('',(22.6265027199516,2.32896007302578,-8.45));
#15764=CARTESIAN_POINT('',(3.11467255764258E-16,-4.2192484436793E-16,-8.45));
#15765=CARTESIAN_POINT('',(22.6265027199516,2.32896007302578,-8.45));
#15766=CARTESIAN_POINT('',(19.7959196588647,29.8288713306383,-8.45));
#15767=CARTESIAN_POINT('',(3.11467255764258E-16,-4.2192484436793E-16,-8.45));
#15768=CARTESIAN_POINT('',(16.1224144043264,31.9641635863535,-8.45));
#15769=CARTESIAN_POINT('',(-9.29068601906737,20.3777389271002,-8.45));
#15770=CARTESIAN_POINT('',(15.1603138669194,31.5255195324768,-8.45));
#15771=CARTESIAN_POINT('',(21.9836033018166,5.83985155856613,-8.45));
#15772=CARTESIAN_POINT('',(10.9236238983067,34.0927329636147,-1.15));
#15773=CARTESIAN_POINT('',(-12.3640829449535,18.673471648739,-8.45));
#15774=CARTESIAN_POINT('',(10.9236238983067,34.0927329636147,-8.45));
#15775=CARTESIAN_POINT('',(10.9236238983067,34.0927329636147,-1.15));
#15776=CARTESIAN_POINT('',(15.56477457639,30.0029630601073,-1.15));
#15777=CARTESIAN_POINT('',(21.9836033018166,5.83985155856613,-8.45));
#15778=CARTESIAN_POINT('',(14.8859355090565,32.5583925281979,-8.45));
#15779=CARTESIAN_POINT('',(14.8859355090565,32.5583925281979,-1.15));
#15780=CARTESIAN_POINT('',(6.38378239159465E-17,-3.19189119579732E-17,-1.15));
#15781=CARTESIAN_POINT('',(4.69069227904129E-16,-2.34534613952064E-16,-8.45));
#15782=CARTESIAN_POINT('',(4.69069227904129E-16,-2.34534613952064E-16,-8.45));
#15783=CARTESIAN_POINT('',(20.7993946109943,9.20694651737843,-8.45));
#15784=CARTESIAN_POINT('',(-9.29068601906737,20.3777389271002,-8.45));
#15785=CARTESIAN_POINT('',(16.1224144043264,31.9641635863535,-15.75));
#15786=CARTESIAN_POINT('',(16.1224144043264,31.9641635863535,-15.75));
#15787=CARTESIAN_POINT('',(20.0666438490217,27.1987096134452,-15.75));
#15788=CARTESIAN_POINT('',(19.7959196588648,29.8288713306383,-15.75));
#15789=CARTESIAN_POINT('',(5.80545476720362E-16,-7.86427964354425E-16,-15.75));
#15790=CARTESIAN_POINT('',(5.45585751848139,35.3818261080181,-15.75));
#15791=CARTESIAN_POINT('',(5.45585751848139,35.3818261080181,-15.75));
#15792=CARTESIAN_POINT('',(10.6796488971623,32.068443982104,-15.75));
#15793=CARTESIAN_POINT('',(9.60941022342779,34.4862180466035,-15.75));
#15794=CARTESIAN_POINT('',(7.95151164477789E-16,-5.68539021781912E-16,-15.75));
#15795=CARTESIAN_POINT('',(25.2107970368096,25.4176260254335,-15.75));
#15796=CARTESIAN_POINT('',(25.2107970368096,25.4176260254335,-15.75));
#15797=CARTESIAN_POINT('',(27.48937588841,19.6665760432695,-15.75));
#15798=CARTESIAN_POINT('',(28.0446665518095,22.2516668588629,-15.75));
#15799=CARTESIAN_POINT('',(3.09111952803364E-16,-9.27335858410106E-16,-15.75));
#15800=CARTESIAN_POINT('',(31.8313712013782,16.3830341341301,-15.75));
#15801=CARTESIAN_POINT('',(31.8313712013782,16.3830341341301,-15.75));
#15802=CARTESIAN_POINT('',(32.2212562860967,10.2093409848861,-15.75));
#15803=CARTESIAN_POINT('',(33.5482060839816,12.4963141984627,-15.75));
#15804=CARTESIAN_POINT('',(7.42039723635734E-18,-9.77469657515757E-16,-15.75));
#15805=CARTESIAN_POINT('',(35.3360689705517,5.74475671446719,-15.75));
#15806=CARTESIAN_POINT('',(35.3360689705517,5.74475671446719,-15.75));
#15807=CARTESIAN_POINT('',(33.7990956198069,-0.247255501759418,-15.75));
#15808=CARTESIAN_POINT('',(35.7678134605573,1.51773523737626,-15.75));
#15809=CARTESIAN_POINT('',(-2.94997518513092E-16,-9.319219161122E-16,-15.75));
#15810=CARTESIAN_POINT('',(35.3818261080181,-5.45585751848135,-15.75));
#15811=CARTESIAN_POINT('',(35.3818261080181,-5.45585751848135,-15.75));
#15812=CARTESIAN_POINT('',(32.068443982104,-10.6796488971623,-15.75));
#15813=CARTESIAN_POINT('',(34.4862180466035,-9.60941022342775,-15.75));
#15814=CARTESIAN_POINT('',(-5.68539021781911E-16,-7.9515116447779E-16,-15.75));
#15815=CARTESIAN_POINT('',(31.9641635863535,-16.1224144043264,-15.75));
#15816=CARTESIAN_POINT('',(31.9641635863535,-16.1224144043264,-15.75));
#15817=CARTESIAN_POINT('',(27.1987096134453,-20.0666438490217,-15.75));
#15818=CARTESIAN_POINT('',(29.8288713306383,-19.7959196588647,-15.75));
#15819=CARTESIAN_POINT('',(-7.86427964354425E-16,-5.80545476720363E-16,
-15.75));
#15820=CARTESIAN_POINT('',(25.4176260254335,-25.2107970368096,-15.75));
#15821=CARTESIAN_POINT('',(25.4176260254335,-25.2107970368096,-15.75));
#15822=CARTESIAN_POINT('',(19.6665760432696,-27.48937588841,-15.75));
#15823=CARTESIAN_POINT('',(22.2516668588629,-28.0446665518095,-15.75));
#15824=CARTESIAN_POINT('',(-9.27335858410106E-16,-3.09111952803365E-16,
-15.75));
#15825=CARTESIAN_POINT('',(16.3830341341301,-31.8313712013782,-15.75));
#15826=CARTESIAN_POINT('',(16.3830341341301,-31.8313712013782,-15.75));
#15827=CARTESIAN_POINT('',(10.2093409848861,-32.2212562860967,-15.75));
#15828=CARTESIAN_POINT('',(12.4963141984627,-33.5482060839816,-15.75));
#15829=CARTESIAN_POINT('',(-9.77469657515757E-16,-7.42039723635831E-18,
-15.75));
#15830=CARTESIAN_POINT('',(5.74475671446724,-35.3360689705517,-15.75));
#15831=CARTESIAN_POINT('',(5.74475671446724,-35.3360689705517,-15.75));
#15832=CARTESIAN_POINT('',(-0.24725550175937,-33.7990956198069,-15.75));
#15833=CARTESIAN_POINT('',(1.51773523737631,-35.7678134605573,-15.75));
#15834=CARTESIAN_POINT('',(-9.31921916112201E-16,2.94997518513091E-16,-15.75));
#15835=CARTESIAN_POINT('',(-5.4558575184813,-35.3818261080181,-15.75));
#15836=CARTESIAN_POINT('',(-5.4558575184813,-35.3818261080181,-15.75));
#15837=CARTESIAN_POINT('',(-10.6796488971623,-32.068443982104,-15.75));
#15838=CARTESIAN_POINT('',(-9.6094102234277,-34.4862180466035,-15.75));
#15839=CARTESIAN_POINT('',(-7.95151164477791E-16,5.6853902178191E-16,-15.75));
#15840=CARTESIAN_POINT('',(-16.1224144043263,-31.9641635863536,-15.75));
#15841=CARTESIAN_POINT('',(-16.1224144043263,-31.9641635863536,-15.75));
#15842=CARTESIAN_POINT('',(-20.0666438490216,-27.1987096134453,-15.75));
#15843=CARTESIAN_POINT('',(-19.7959196588647,-29.8288713306383,-15.75));
#15844=CARTESIAN_POINT('',(-5.80545476720364E-16,7.86427964354424E-16,-15.75));
#15845=CARTESIAN_POINT('',(-25.2107970368095,-25.4176260254335,-15.75));
#15846=CARTESIAN_POINT('',(-25.2107970368095,-25.4176260254335,-15.75));
#15847=CARTESIAN_POINT('',(-27.48937588841,-19.6665760432696,-15.75));
#15848=CARTESIAN_POINT('',(-28.0446665518095,-22.251666858863,-15.75));
#15849=CARTESIAN_POINT('',(-3.09111952803367E-16,9.27335858410105E-16,-15.75));
#15850=CARTESIAN_POINT('',(-31.8313712013782,-16.3830341341301,-15.75));
#15851=CARTESIAN_POINT('',(-31.8313712013782,-16.3830341341301,-15.75));
#15852=CARTESIAN_POINT('',(-32.2212562860967,-10.2093409848861,-15.75));
#15853=CARTESIAN_POINT('',(-33.5482060839816,-12.4963141984628,-15.75));
#15854=CARTESIAN_POINT('',(-7.42039723635941E-18,9.77469657515757E-16,-15.75));
#15855=CARTESIAN_POINT('',(-35.3360689705517,-5.74475671446729,-15.75));
#15856=CARTESIAN_POINT('',(-35.3360689705517,-5.74475671446729,-15.75));
#15857=CARTESIAN_POINT('',(-33.7990956198069,0.247255501759331,-15.75));
#15858=CARTESIAN_POINT('',(-35.7678134605573,-1.51773523737635,-15.75));
#15859=CARTESIAN_POINT('',(2.9499751851309E-16,9.31921916112201E-16,-15.75));
#15860=CARTESIAN_POINT('',(-35.3818261080181,5.45585751848126,-15.75));
#15861=CARTESIAN_POINT('',(-35.3818261080181,5.45585751848126,-15.75));
#15862=CARTESIAN_POINT('',(-32.068443982104,10.6796488971622,-15.75));
#15863=CARTESIAN_POINT('',(-34.4862180466035,9.60941022342765,-15.75));
#15864=CARTESIAN_POINT('',(5.68539021781909E-16,7.95151164477792E-16,-15.75));
#15865=CARTESIAN_POINT('',(-31.9641635863536,16.1224144043263,-15.75));
#15866=CARTESIAN_POINT('',(-31.9641635863536,16.1224144043263,-15.75));
#15867=CARTESIAN_POINT('',(-27.1987096134453,20.0666438490216,-15.75));
#15868=CARTESIAN_POINT('',(-29.8288713306383,19.7959196588646,-15.75));
#15869=CARTESIAN_POINT('',(7.86427964354423E-16,5.80545476720365E-16,-15.75));
#15870=CARTESIAN_POINT('',(-25.4176260254336,25.2107970368095,-15.75));
#15871=CARTESIAN_POINT('',(-25.4176260254336,25.2107970368095,-15.75));
#15872=CARTESIAN_POINT('',(-19.6665760432696,27.4893758884099,-15.75));
#15873=CARTESIAN_POINT('',(-22.251666858863,28.0446665518094,-15.75));
#15874=CARTESIAN_POINT('',(9.27335858410105E-16,3.09111952803368E-16,-15.75));
#15875=CARTESIAN_POINT('',(-16.3830341341302,31.8313712013781,-15.75));
#15876=CARTESIAN_POINT('',(-16.3830341341302,31.8313712013781,-15.75));
#15877=CARTESIAN_POINT('',(-10.2093409848862,32.2212562860967,-15.75));
#15878=CARTESIAN_POINT('',(-12.4963141984628,33.5482060839816,-15.75));
#15879=CARTESIAN_POINT('',(9.77469657515757E-16,7.42039723636081E-18,-15.75));
#15880=CARTESIAN_POINT('',(0.,0.,0.));
#15881=CARTESIAN_POINT('',(0.552660763263702,-19.573522567749,178.655059814453));
#15882=CARTESIAN_POINT('',(0.,0.,0.));
#15883=CARTESIAN_POINT('',(-44.5437091703348,-44.5437091703348,178.655059814453));
#15884=CARTESIAN_POINT('',(0.552660763263702,-96.9789581298828,-2.85840225219727));
#15885=CARTESIAN_POINT('',(0.,0.,0.));
#15886=CARTESIAN_POINT('',(-24.1795698989215,-24.1795698989215,96.9789581298828));
#15887=CARTESIAN_POINT('',(113.969604492188,-19.573522567749,-2.85840225219727));
#15888=CARTESIAN_POINT('',(0.,0.,0.));
#15889=CARTESIAN_POINT('',(-28.4158138147923,-28.4158138147923,113.969604492188));
#15890=CARTESIAN_POINT('',(0.552660763263702,96.9789581298828,-2.85840225219727));
#15891=CARTESIAN_POINT('',(0.,0.,0.));
#15892=CARTESIAN_POINT('',(-24.1795698989215,-24.1795698989215,96.9789581298828));
#15893=CARTESIAN_POINT('',(0.552660763263702,-19.573522567749,-178.655059814453));
#15894=CARTESIAN_POINT('',(0.,0.,0.));
#15895=CARTESIAN_POINT('',(-44.5437091703348,-44.5437091703348,178.655059814453));
#15896=CARTESIAN_POINT('',(-113.969604492188,-19.573522567749,-2.85840225219727));
#15897=CARTESIAN_POINT('',(0.,0.,0.));
#15898=CARTESIAN_POINT('',(-28.4158138147923,-28.4158138147923,113.969604492188));
#15899=CARTESIAN_POINT('',(103.17698486646,-118.947845419248,90.8605060180028));
#15900=CARTESIAN_POINT('',(0.,0.,0.));
#15901=CARTESIAN_POINT('',(-45.0541105893637,-45.0541105893637,180.702168098528));
#15902=CARTESIAN_POINT('',(101.109245361977,-98.765641169325,42.3028892405041));
#15903=CARTESIAN_POINT('',(0.,0.,0.));
#15904=CARTESIAN_POINT('',(-36.4888377154101,-36.4888377154101,146.348734894936));
#15905=MECHANICAL_DESIGN_GEOMETRIC_PRESENTATION_REPRESENTATION('',(#9069,
#9070,#9071),#15906);
#15906=(
GEOMETRIC_REPRESENTATION_CONTEXT(3)
GLOBAL_UNCERTAINTY_ASSIGNED_CONTEXT((#15907))
GLOBAL_UNIT_ASSIGNED_CONTEXT((#15910,#15909,#15908))
REPRESENTATION_CONTEXT('OOM-W01-exported','TOP_LEVEL_ASSEMBLY_PART')
);
#15907=UNCERTAINTY_MEASURE_WITH_UNIT(LENGTH_MEASURE(0.005),#15910,
'DISTANCE_ACCURACY_VALUE','Maximum Tolerance applied to model');
#15908=(
NAMED_UNIT(*)
SI_UNIT($,.STERADIAN.)
SOLID_ANGLE_UNIT()
);
#15909=(
NAMED_UNIT(*)
PLANE_ANGLE_UNIT()
SI_UNIT($,.RADIAN.)
);
#15910=(
LENGTH_UNIT()
NAMED_UNIT(*)
SI_UNIT(.MILLI.,.METRE.)
);
#15911=PRODUCT_DEFINITION_SHAPE('','',#15912);
#15912=PRODUCT_DEFINITION('','',#15914,#15913);
#15913=PRODUCT_DEFINITION_CONTEXT('',#15920,'design');
#15914=PRODUCT_DEFINITION_FORMATION_WITH_SPECIFIED_SOURCE('','',#15916,
 .NOT_KNOWN.);
#15915=PRODUCT_RELATED_PRODUCT_CATEGORY('','',(#15916));
#15916=PRODUCT('OOM-W01-exported','OOM-W01-exported','OOM-W01-exported',
(#15918));
#15917=PRODUCT_CATEGORY('','');
#15918=PRODUCT_CONTEXT('',#15920,'mechanical');
#15919=APPLICATION_PROTOCOL_DEFINITION('international standard',
'ap242_managed_model_based_3d_engineering',2020,#15920);
#15920=APPLICATION_CONTEXT('managed model based 3d engineering');
ENDSEC;
END-ISO-10303-21;
