ISO-10303-21;
HEADER;
/* Generated by software containing ST-Developer
 * from STEP Tools, Inc. (www.steptools.com) 
 */
/* OPTION: using custom renumber hook */

FILE_DESCRIPTION(
/* description */ (
'CAx-IF Rec.Pracs.---Representation and Presentation of Product Manufa
cturing Information (PMI)---4.0---2014-10-13',
'CAx-IF Rec.Pracs.---3D Tessellated Geometry---0.4---2014-09-14','2;1'),

/* implementation_level */ '2;1');

FILE_NAME(
/* name */ 'OOM-P02',
/* time_stamp */ '2026-08-08T22:24:52+03:00',
/* author */ (''),
/* organization */ (''),
/* preprocessor_version */ 'ST-DEVELOPER v18.102',
/* originating_system */ 'SIEMENS PLM Software NX2206.9140',
/* authorisation */ $);

FILE_SCHEMA (('AP242_MANAGED_MODEL_BASED_3D_ENGINEERING_MIM_LF { 1 0 10303 442 3 1 4 }'));
ENDSEC;

DATA;
#10=DEFAULT_MODEL_GEOMETRIC_VIEW('','',#53,#27,'','',#9532,*);
#11=MECHANICAL_DESIGN_AND_DRAUGHTING_RELATIONSHIP('','',#19,#20);
#12=MECHANICAL_DESIGN_AND_DRAUGHTING_RELATIONSHIP('','',#21,#20);
#13=MECHANICAL_DESIGN_AND_DRAUGHTING_RELATIONSHIP('','',#22,#20);
#14=MECHANICAL_DESIGN_AND_DRAUGHTING_RELATIONSHIP('','',#23,#20);
#15=MECHANICAL_DESIGN_AND_DRAUGHTING_RELATIONSHIP('','',#24,#20);
#16=MECHANICAL_DESIGN_AND_DRAUGHTING_RELATIONSHIP('','',#25,#20);
#17=MECHANICAL_DESIGN_AND_DRAUGHTING_RELATIONSHIP('','',#26,#20);
#18=MECHANICAL_DESIGN_AND_DRAUGHTING_RELATIONSHIP('','',#27,#20);
#19=DRAUGHTING_MODEL('Top',(#46,#37),#9527);
#20=DRAUGHTING_MODEL('',(#38),#9527);
#21=DRAUGHTING_MODEL('Front',(#47,#39),#9527);
#22=DRAUGHTING_MODEL('Right',(#48,#40),#9527);
#23=DRAUGHTING_MODEL('Back',(#49,#41),#9527);
#24=DRAUGHTING_MODEL('Bottom',(#50,#42),#9527);
#25=DRAUGHTING_MODEL('Left',(#51,#43),#9527);
#26=DRAUGHTING_MODEL('Isometric',(#52,#44),#9527);
#27=DRAUGHTING_MODEL('Trimetric',(#53,#45),#9527);
#28=REPRESENTATION_MAP(#5441,#71);
#29=REPRESENTATION_MAP(#5441,#71);
#30=REPRESENTATION_MAP(#5441,#71);
#31=REPRESENTATION_MAP(#5441,#71);
#32=REPRESENTATION_MAP(#5441,#71);
#33=REPRESENTATION_MAP(#5441,#71);
#34=REPRESENTATION_MAP(#5441,#71);
#35=REPRESENTATION_MAP(#5441,#71);
#36=REPRESENTATION_MAP(#5441,#71);
#37=MAPPED_ITEM('',#28,#5441);
#38=MAPPED_ITEM('',#29,#5441);
#39=MAPPED_ITEM('',#30,#5441);
#40=MAPPED_ITEM('',#31,#5441);
#41=MAPPED_ITEM('',#32,#5441);
#42=MAPPED_ITEM('',#33,#5441);
#43=MAPPED_ITEM('',#34,#5441);
#44=MAPPED_ITEM('',#35,#5441);
#45=MAPPED_ITEM('',#36,#5441);
#46=CAMERA_MODEL_D3('Top',#6065,#54);
#47=CAMERA_MODEL_D3('Front',#6067,#55);
#48=CAMERA_MODEL_D3('Right',#6069,#56);
#49=CAMERA_MODEL_D3('Back',#6071,#57);
#50=CAMERA_MODEL_D3('Bottom',#6073,#58);
#51=CAMERA_MODEL_D3('Left',#6075,#59);
#52=CAMERA_MODEL_D3('Isometric',#6077,#60);
#53=CAMERA_MODEL_D3('Trimetric',#6079,#61);
#54=VIEW_VOLUME(.PARALLEL.,#9503,143.211868286133,0.,.F.,0.,.F.,.F.,#62);
#55=VIEW_VOLUME(.PARALLEL.,#9506,76.6781921386719,0.,.F.,0.,.F.,.F.,#63);
#56=VIEW_VOLUME(.PARALLEL.,#9509,91.3592910766602,0.,.F.,0.,.F.,.F.,#64);
#57=VIEW_VOLUME(.PARALLEL.,#9512,76.6781921386719,0.,.F.,0.,.F.,.F.,#65);
#58=VIEW_VOLUME(.PARALLEL.,#9515,143.211868286133,0.,.F.,0.,.F.,.F.,#66);
#59=VIEW_VOLUME(.PARALLEL.,#9518,91.3592910766602,0.,.F.,0.,.F.,.F.,#67);
#60=VIEW_VOLUME(.PARALLEL.,#9521,164.381866068484,0.,.F.,0.,.F.,.F.,#68);
#61=VIEW_VOLUME(.PARALLEL.,#9524,133.464507426896,0.,.F.,0.,.F.,.F.,#69);
#62=PLANAR_BOX('',71.4134580605,71.4134580605,#6066);
#63=PLANAR_BOX('',38.2360409369803,38.2360409369803,#6068);
#64=PLANAR_BOX('',45.5568590775226,45.5568590775226,#6070);
#65=PLANAR_BOX('',38.2360409369803,38.2360409369803,#6072);
#66=PLANAR_BOX('',71.4134580605,71.4134580605,#6074);
#67=PLANAR_BOX('',45.5568590775226,45.5568590775226,#6076);
#68=PLANAR_BOX('',81.9700045734623,81.9700045734623,#6078);
#69=PLANAR_BOX('',66.552878038383,66.552878038383,#6080);
#70=SHAPE_REPRESENTATION_RELATIONSHIP('','',#5440,#71);
#71=ADVANCED_BREP_SHAPE_REPRESENTATION('',(#5438),#9527);
#72=SPHERICAL_SURFACE('',#5819,1.26368613138686);
#73=SPHERICAL_SURFACE('',#5960,0.505474452554745);
#74=SPHERICAL_SURFACE('',#5964,0.505474452554745);
#75=B_SPLINE_CURVE_WITH_KNOTS('',3,(#8144,#8145,#8146,#8147),
 .UNSPECIFIED.,.F.,.F.,(4,4),(7.01938610477076E-14,0.00026904760791822),
 .UNSPECIFIED.);
#76=B_SPLINE_CURVE_WITH_KNOTS('',3,(#8155,#8156,#8157,#8158),
 .UNSPECIFIED.,.F.,.F.,(4,4),(9.50147178826268E-18,0.000820940223169698),
 .UNSPECIFIED.);
#77=B_SPLINE_CURVE_WITH_KNOTS('',3,(#8163,#8164,#8165,#8166),
 .UNSPECIFIED.,.F.,.F.,(4,4),(1.73472347597681E-18,0.000366955121159967),
 .UNSPECIFIED.);
#78=B_SPLINE_CURVE_WITH_KNOTS('',3,(#8168,#8169,#8170,#8171),
 .UNSPECIFIED.,.F.,.F.,(4,4),(5.37320482268694E-14,0.000431465443137824),
 .UNSPECIFIED.);
#79=B_SPLINE_CURVE_WITH_KNOTS('',3,(#8188,#8189,#8190,#8191),
 .UNSPECIFIED.,.F.,.F.,(4,4),(1.21740021254998E-17,0.000529363707044459),
 .UNSPECIFIED.);
#80=B_SPLINE_CURVE_WITH_KNOTS('',3,(#8222,#8223,#8224,#8225),
 .UNSPECIFIED.,.F.,.F.,(4,4),(1.06935536865904E-17,0.000790274972346476),
 .UNSPECIFIED.);
#81=B_SPLINE_CURVE_WITH_KNOTS('',3,(#8231,#8232,#8233,#8234),
 .UNSPECIFIED.,.F.,.F.,(4,4),(0.,0.000790546433746339),.UNSPECIFIED.);
#82=B_SPLINE_CURVE_WITH_KNOTS('',3,(#8514,#8515,#8516,#8517),
 .UNSPECIFIED.,.F.,.F.,(4,4),(0.,0.000830226549255752),.UNSPECIFIED.);
#83=B_SPLINE_CURVE_WITH_KNOTS('',3,(#8769,#8770,#8771,#8772),
 .UNSPECIFIED.,.F.,.F.,(4,4),(4.82235537337327E-18,0.00414313159405325),
 .UNSPECIFIED.);
#84=B_SPLINE_CURVE_WITH_KNOTS('',3,(#9131,#9132,#9133,#9134,#9135,#9136,
#9137),.UNSPECIFIED.,.F.,.F.,(4,1,1,1,4),(3.46944695195361E-18,0.00144254054714664,
0.00288508109429328,0.00432762164143992,0.00577016218858656),
 .UNSPECIFIED.);
#85=B_SPLINE_CURVE_WITH_KNOTS('',3,(#9212,#9213,#9214,#9215),
 .UNSPECIFIED.,.F.,.F.,(4,4),(-1.42969765247549E-6,0.00070966930025694),
 .UNSPECIFIED.);
#86=B_SPLINE_CURVE_WITH_KNOTS('',3,(#9297,#9298,#9299,#9300),
 .UNSPECIFIED.,.F.,.F.,(4,4),(3.46944695195361E-18,0.000796211424459827),
 .UNSPECIFIED.);
#87=B_SPLINE_CURVE_WITH_KNOTS('',3,(#9304,#9305,#9306,#9307),
 .UNSPECIFIED.,.F.,.F.,(4,4),(2.60208521396521E-17,0.000792609518984278),
 .UNSPECIFIED.);
#88=B_SPLINE_CURVE_WITH_KNOTS('',3,(#9317,#9318,#9319,#9320),
 .UNSPECIFIED.,.F.,.F.,(4,4),(6.2546344413855E-18,0.00139593592627865),
 .UNSPECIFIED.);
#89=B_SPLINE_CURVE_WITH_KNOTS('',3,(#9324,#9325,#9326,#9327),
 .UNSPECIFIED.,.F.,.F.,(4,4),(3.2033725173539E-17,0.00139593592628029),
 .UNSPECIFIED.);
#90=B_SPLINE_CURVE_WITH_KNOTS('',3,(#9330,#9331,#9332,#9333),
 .UNSPECIFIED.,.F.,.F.,(4,4),(0.,0.000888227911692224),.UNSPECIFIED.);
#91=B_SPLINE_CURVE_WITH_KNOTS('',3,(#9334,#9335,#9336,#9337),
 .UNSPECIFIED.,.F.,.F.,(4,4),(4.2642100105412E-17,0.00122739755502143),
 .UNSPECIFIED.);
#92=B_SPLINE_CURVE_WITH_KNOTS('',3,(#9398,#9399,#9400,#9401,#9402),
 .UNSPECIFIED.,.F.,.F.,(4,1,4),(0.000280169450286766,0.000882209955455213,
0.00148425046062366),.UNSPECIFIED.);
#93=CONICAL_SURFACE('',#5527,17.1861313868613,0.411904194168803);
#94=(
BOUNDED_SURFACE()
B_SPLINE_SURFACE(2,2,((#7999,#8000,#8001,#8002,#8003),(#8004,#8005,#8006,
#8007,#8008),(#8009,#8010,#8011,#8012,#8013)),.UNSPECIFIED.,.F.,.F.,.F.)
B_SPLINE_SURFACE_WITH_KNOTS((3,3),(3,2,3),(-3.14159265358979,-1.5707963267949),
(1.43083749336716,2.28621507347848,3.14159265358979),
 .PIECEWISE_BEZIER_KNOTS.)
GEOMETRIC_REPRESENTATION_ITEM()
RATIONAL_B_SPLINE_SURFACE(((1.,0.909926797055014,1.,0.909926797055014,1.),
(0.707106781186546,0.643415408580955,0.707106781186546,0.643415408580955,
0.707106781186546),(1.,0.909926797055014,1.,0.909926797055014,1.)))
REPRESENTATION_ITEM('')
SURFACE()
);
#95=(
BOUNDED_SURFACE()
B_SPLINE_SURFACE(2,2,((#9101,#9102,#9103,#9104,#9105,#9106,#9107,#9108,
#9109),(#9110,#9111,#9112,#9113,#9114,#9115,#9116,#9117,#9118),(#9119,#9120,
#9121,#9122,#9123,#9124,#9125,#9126,#9127)),.TOROIDAL_SURF.,.F.,.T.,.F.)
B_SPLINE_SURFACE_WITH_KNOTS((3,3),(3,2,2,2,3),(0.,1.5707963267949),(-3.14159265358979,
-1.5707963267949,0.,1.5707963267949,3.14159265358979),
 .PIECEWISE_BEZIER_KNOTS.)
GEOMETRIC_REPRESENTATION_ITEM()
RATIONAL_B_SPLINE_SURFACE(((1.,0.707106781186548,1.,0.707106781186548,1.,
0.707106781186548,1.,0.707106781186548,1.),(0.707106781186547,0.5,0.707106781186547,
0.5,0.707106781186547,0.5,0.707106781186547,0.5,0.707106781186547),(1.,
0.707106781186548,1.,0.707106781186548,1.,0.707106781186548,1.,0.707106781186548,
1.)))
REPRESENTATION_ITEM('')
SURFACE()
);
#96=ELLIPSE('',#5468,16.0136650262745,15.9224452554745);
#97=ELLIPSE('',#5941,0.505641126700762,0.505474452554745);
#98=ELLIPSE('',#5942,0.303384676020457,0.303284671532847);
#99=ELLIPSE('',#5944,0.714848826236036,0.505474452554745);
#100=LINE('',#7813,#538);
#101=LINE('',#7817,#539);
#102=LINE('',#7821,#540);
#103=LINE('',#7825,#541);
#104=LINE('',#7829,#542);
#105=LINE('',#7832,#543);
#106=LINE('',#7834,#544);
#107=LINE('',#7836,#545);
#108=LINE('',#7837,#546);
#109=LINE('',#7839,#547);
#110=LINE('',#7841,#548);
#111=LINE('',#7845,#549);
#112=LINE('',#7849,#550);
#113=LINE('',#7851,#551);
#114=LINE('',#7853,#552);
#115=LINE('',#7857,#553);
#116=LINE('',#7861,#554);
#117=LINE('',#7863,#555);
#118=LINE('',#7865,#556);
#119=LINE('',#7870,#557);
#120=LINE('',#7874,#558);
#121=LINE('',#7876,#559);
#122=LINE('',#7878,#560);
#123=LINE('',#7880,#561);
#124=LINE('',#7887,#562);
#125=LINE('',#7891,#563);
#126=LINE('',#7895,#564);
#127=LINE('',#7899,#565);
#128=LINE('',#7903,#566);
#129=LINE('',#7908,#567);
#130=LINE('',#7909,#568);
#131=LINE('',#7911,#569);
#132=LINE('',#7913,#570);
#133=LINE('',#7917,#571);
#134=LINE('',#7919,#572);
#135=LINE('',#7921,#573);
#136=LINE('',#7925,#574);
#137=LINE('',#7927,#575);
#138=LINE('',#7929,#576);
#139=LINE('',#7933,#577);
#140=LINE('',#7935,#578);
#141=LINE('',#7937,#579);
#142=LINE('',#7941,#580);
#143=LINE('',#7943,#581);
#144=LINE('',#7948,#582);
#145=LINE('',#7952,#583);
#146=LINE('',#7954,#584);
#147=LINE('',#7958,#585);
#148=LINE('',#7963,#586);
#149=LINE('',#7964,#587);
#150=LINE('',#7966,#588);
#151=LINE('',#7968,#589);
#152=LINE('',#7972,#590);
#153=LINE('',#7974,#591);
#154=LINE('',#7976,#592);
#155=LINE('',#7978,#593);
#156=LINE('',#7980,#594);
#157=LINE('',#7984,#595);
#158=LINE('',#7986,#596);
#159=LINE('',#8024,#597);
#160=LINE('',#8028,#598);
#161=LINE('',#8030,#599);
#162=LINE('',#8049,#600);
#163=LINE('',#8054,#601);
#164=LINE('',#8058,#602);
#165=LINE('',#8062,#603);
#166=LINE('',#8066,#604);
#167=LINE('',#8070,#605);
#168=LINE('',#8083,#606);
#169=LINE('',#8087,#607);
#170=LINE('',#8091,#608);
#171=LINE('',#8095,#609);
#172=LINE('',#8099,#610);
#173=LINE('',#8103,#611);
#174=LINE('',#8105,#612);
#175=LINE('',#8106,#613);
#176=LINE('',#8108,#614);
#177=LINE('',#8110,#615);
#178=LINE('',#8112,#616);
#179=LINE('',#8114,#617);
#180=LINE('',#8116,#618);
#181=LINE('',#8118,#619);
#182=LINE('',#8120,#620);
#183=LINE('',#8122,#621);
#184=LINE('',#8124,#622);
#185=LINE('',#8126,#623);
#186=LINE('',#8132,#624);
#187=LINE('',#8136,#625);
#188=LINE('',#8138,#626);
#189=LINE('',#8140,#627);
#190=LINE('',#8142,#628);
#191=LINE('',#8149,#629);
#192=LINE('',#8153,#630);
#193=LINE('',#8175,#631);
#194=LINE('',#8177,#632);
#195=LINE('',#8178,#633);
#196=LINE('',#8182,#634);
#197=LINE('',#8195,#635);
#198=LINE('',#8212,#636);
#199=LINE('',#8220,#637);
#200=LINE('',#8241,#638);
#201=LINE('',#8245,#639);
#202=LINE('',#8247,#640);
#203=LINE('',#8248,#641);
#204=LINE('',#8250,#642);
#205=LINE('',#8257,#643);
#206=LINE('',#8261,#644);
#207=LINE('',#8265,#645);
#208=LINE('',#8270,#646);
#209=LINE('',#8272,#647);
#210=LINE('',#8274,#648);
#211=LINE('',#8275,#649);
#212=LINE('',#8277,#650);
#213=LINE('',#8279,#651);
#214=LINE('',#8282,#652);
#215=LINE('',#8286,#653);
#216=LINE('',#8288,#654);
#217=LINE('',#8290,#655);
#218=LINE('',#8294,#656);
#219=LINE('',#8296,#657);
#220=LINE('',#8297,#658);
#221=LINE('',#8304,#659);
#222=LINE('',#8305,#660);
#223=LINE('',#8311,#661);
#224=LINE('',#8313,#662);
#225=LINE('',#8315,#663);
#226=LINE('',#8317,#664);
#227=LINE('',#8319,#665);
#228=LINE('',#8328,#666);
#229=LINE('',#8336,#667);
#230=LINE('',#8342,#668);
#231=LINE('',#8343,#669);
#232=LINE('',#8349,#670);
#233=LINE('',#8357,#671);
#234=LINE('',#8359,#672);
#235=LINE('',#8364,#673);
#236=LINE('',#8368,#674);
#237=LINE('',#8374,#675);
#238=LINE('',#8377,#676);
#239=LINE('',#8379,#677);
#240=LINE('',#8381,#678);
#241=LINE('',#8383,#679);
#242=LINE('',#8386,#680);
#243=LINE('',#8388,#681);
#244=LINE('',#8390,#682);
#245=LINE('',#8392,#683);
#246=LINE('',#8398,#684);
#247=LINE('',#8402,#685);
#248=LINE('',#8404,#686);
#249=LINE('',#8406,#687);
#250=LINE('',#8411,#688);
#251=LINE('',#8412,#689);
#252=LINE('',#8414,#690);
#253=LINE('',#8416,#691);
#254=LINE('',#8418,#692);
#255=LINE('',#8420,#693);
#256=LINE('',#8424,#694);
#257=LINE('',#8426,#695);
#258=LINE('',#8428,#696);
#259=LINE('',#8432,#697);
#260=LINE('',#8441,#698);
#261=LINE('',#8445,#699);
#262=LINE('',#8447,#700);
#263=LINE('',#8450,#701);
#264=LINE('',#8451,#702);
#265=LINE('',#8456,#703);
#266=LINE('',#8464,#704);
#267=LINE('',#8466,#705);
#268=LINE('',#8468,#706);
#269=LINE('',#8473,#707);
#270=LINE('',#8474,#708);
#271=LINE('',#8476,#709);
#272=LINE('',#8478,#710);
#273=LINE('',#8494,#711);
#274=LINE('',#8496,#712);
#275=LINE('',#8502,#713);
#276=LINE('',#8505,#714);
#277=LINE('',#8510,#715);
#278=LINE('',#8522,#716);
#279=LINE('',#8525,#717);
#280=LINE('',#8527,#718);
#281=LINE('',#8529,#719);
#282=LINE('',#8536,#720);
#283=LINE('',#8540,#721);
#284=LINE('',#8546,#722);
#285=LINE('',#8548,#723);
#286=LINE('',#8551,#724);
#287=LINE('',#8552,#725);
#288=LINE('',#8554,#726);
#289=LINE('',#8556,#727);
#290=LINE('',#8558,#728);
#291=LINE('',#8559,#729);
#292=LINE('',#8561,#730);
#293=LINE('',#8566,#731);
#294=LINE('',#8570,#732);
#295=LINE('',#8572,#733);
#296=LINE('',#8574,#734);
#297=LINE('',#8576,#735);
#298=LINE('',#8579,#736);
#299=LINE('',#8581,#737);
#300=LINE('',#8583,#738);
#301=LINE('',#8585,#739);
#302=LINE('',#8590,#740);
#303=LINE('',#8594,#741);
#304=LINE('',#8597,#742);
#305=LINE('',#8599,#743);
#306=LINE('',#8601,#744);
#307=LINE('',#8606,#745);
#308=LINE('',#8612,#746);
#309=LINE('',#8622,#747);
#310=LINE('',#8626,#748);
#311=LINE('',#8628,#749);
#312=LINE('',#8631,#750);
#313=LINE('',#8632,#751);
#314=LINE('',#8640,#752);
#315=LINE('',#8642,#753);
#316=LINE('',#8644,#754);
#317=LINE('',#8646,#755);
#318=LINE('',#8650,#756);
#319=LINE('',#8660,#757);
#320=LINE('',#8662,#758);
#321=LINE('',#8664,#759);
#322=LINE('',#8666,#760);
#323=LINE('',#8668,#761);
#324=LINE('',#8672,#762);
#325=LINE('',#8682,#763);
#326=LINE('',#8687,#764);
#327=LINE('',#8693,#765);
#328=LINE('',#8703,#766);
#329=LINE('',#8705,#767);
#330=LINE('',#8709,#768);
#331=LINE('',#8714,#769);
#332=LINE('',#8720,#770);
#333=LINE('',#8722,#771);
#334=LINE('',#8726,#772);
#335=LINE('',#8728,#773);
#336=LINE('',#8735,#774);
#337=LINE('',#8737,#775);
#338=LINE('',#8750,#776);
#339=LINE('',#8752,#777);
#340=LINE('',#8755,#778);
#341=LINE('',#8759,#779);
#342=LINE('',#8763,#780);
#343=LINE('',#8767,#781);
#344=LINE('',#8779,#782);
#345=LINE('',#8783,#783);
#346=LINE('',#8785,#784);
#347=LINE('',#8789,#785);
#348=LINE('',#8793,#786);
#349=LINE('',#8797,#787);
#350=LINE('',#8802,#788);
#351=LINE('',#8806,#789);
#352=LINE('',#8810,#790);
#353=LINE('',#8812,#791);
#354=LINE('',#8816,#792);
#355=LINE('',#8834,#793);
#356=LINE('',#8836,#794);
#357=LINE('',#8845,#795);
#358=LINE('',#8852,#796);
#359=LINE('',#8853,#797);
#360=LINE('',#8855,#798);
#361=LINE('',#8857,#799);
#362=LINE('',#8859,#800);
#363=LINE('',#8861,#801);
#364=LINE('',#8863,#802);
#365=LINE('',#8865,#803);
#366=LINE('',#8867,#804);
#367=LINE('',#8869,#805);
#368=LINE('',#8871,#806);
#369=LINE('',#8873,#807);
#370=LINE('',#8875,#808);
#371=LINE('',#8877,#809);
#372=LINE('',#8879,#810);
#373=LINE('',#8881,#811);
#374=LINE('',#8884,#812);
#375=LINE('',#8886,#813);
#376=LINE('',#8888,#814);
#377=LINE('',#8890,#815);
#378=LINE('',#8895,#816);
#379=LINE('',#8899,#817);
#380=LINE('',#8901,#818);
#381=LINE('',#8903,#819);
#382=LINE('',#8905,#820);
#383=LINE('',#8906,#821);
#384=LINE('',#8908,#822);
#385=LINE('',#8910,#823);
#386=LINE('',#8912,#824);
#387=LINE('',#8914,#825);
#388=LINE('',#8916,#826);
#389=LINE('',#8918,#827);
#390=LINE('',#8920,#828);
#391=LINE('',#8922,#829);
#392=LINE('',#8924,#830);
#393=LINE('',#8926,#831);
#394=LINE('',#8928,#832);
#395=LINE('',#8929,#833);
#396=LINE('',#8931,#834);
#397=LINE('',#8933,#835);
#398=LINE('',#8935,#836);
#399=LINE('',#8944,#837);
#400=LINE('',#8952,#838);
#401=LINE('',#8961,#839);
#402=LINE('',#8969,#840);
#403=LINE('',#8971,#841);
#404=LINE('',#8977,#842);
#405=LINE('',#8981,#843);
#406=LINE('',#8983,#844);
#407=LINE('',#8985,#845);
#408=LINE('',#8990,#846);
#409=LINE('',#8991,#847);
#410=LINE('',#8993,#848);
#411=LINE('',#8995,#849);
#412=LINE('',#8997,#850);
#413=LINE('',#9009,#851);
#414=LINE('',#9014,#852);
#415=LINE('',#9015,#853);
#416=LINE('',#9018,#854);
#417=LINE('',#9020,#855);
#418=LINE('',#9029,#856);
#419=LINE('',#9033,#857);
#420=LINE('',#9039,#858);
#421=LINE('',#9041,#859);
#422=LINE('',#9043,#860);
#423=LINE('',#9047,#861);
#424=LINE('',#9054,#862);
#425=LINE('',#9056,#863);
#426=LINE('',#9058,#864);
#427=LINE('',#9065,#865);
#428=LINE('',#9066,#866);
#429=LINE('',#9069,#867);
#430=LINE('',#9076,#868);
#431=LINE('',#9078,#869);
#432=LINE('',#9081,#870);
#433=LINE('',#9082,#871);
#434=LINE('',#9088,#872);
#435=LINE('',#9090,#873);
#436=LINE('',#9092,#874);
#437=LINE('',#9093,#875);
#438=LINE('',#9142,#876);
#439=LINE('',#9143,#877);
#440=LINE('',#9145,#878);
#441=LINE('',#9149,#879);
#442=LINE('',#9150,#880);
#443=LINE('',#9152,#881);
#444=LINE('',#9154,#882);
#445=LINE('',#9157,#883);
#446=LINE('',#9161,#884);
#447=LINE('',#9165,#885);
#448=LINE('',#9167,#886);
#449=LINE('',#9169,#887);
#450=LINE('',#9171,#888);
#451=LINE('',#9173,#889);
#452=LINE('',#9177,#890);
#453=LINE('',#9180,#891);
#454=LINE('',#9182,#892);
#455=LINE('',#9184,#893);
#456=LINE('',#9186,#894);
#457=LINE('',#9188,#895);
#458=LINE('',#9190,#896);
#459=LINE('',#9192,#897);
#460=LINE('',#9194,#898);
#461=LINE('',#9196,#899);
#462=LINE('',#9198,#900);
#463=LINE('',#9200,#901);
#464=LINE('',#9203,#902);
#465=LINE('',#9208,#903);
#466=LINE('',#9209,#904);
#467=LINE('',#9210,#905);
#468=LINE('',#9217,#906);
#469=LINE('',#9222,#907);
#470=LINE('',#9224,#908);
#471=LINE('',#9230,#909);
#472=LINE('',#9232,#910);
#473=LINE('',#9234,#911);
#474=LINE('',#9235,#912);
#475=LINE('',#9237,#913);
#476=LINE('',#9239,#914);
#477=LINE('',#9247,#915);
#478=LINE('',#9251,#916);
#479=LINE('',#9253,#917);
#480=LINE('',#9255,#918);
#481=LINE('',#9266,#919);
#482=LINE('',#9273,#920);
#483=LINE('',#9276,#921);
#484=LINE('',#9279,#922);
#485=LINE('',#9280,#923);
#486=LINE('',#9284,#924);
#487=LINE('',#9286,#925);
#488=LINE('',#9288,#926);
#489=LINE('',#9295,#927);
#490=LINE('',#9309,#928);
#491=LINE('',#9312,#929);
#492=LINE('',#9316,#930);
#493=LINE('',#9328,#931);
#494=LINE('',#9339,#932);
#495=LINE('',#9341,#933);
#496=LINE('',#9343,#934);
#497=LINE('',#9347,#935);
#498=LINE('',#9349,#936);
#499=LINE('',#9351,#937);
#500=LINE('',#9356,#938);
#501=LINE('',#9358,#939);
#502=LINE('',#9367,#940);
#503=LINE('',#9371,#941);
#504=LINE('',#9386,#942);
#505=LINE('',#9390,#943);
#506=LINE('',#9392,#944);
#507=LINE('',#9394,#945);
#508=LINE('',#9409,#946);
#509=LINE('',#9411,#947);
#510=LINE('',#9415,#948);
#511=LINE('',#9419,#949);
#512=LINE('',#9421,#950);
#513=LINE('',#9425,#951);
#514=LINE('',#9427,#952);
#515=LINE('',#9442,#953);
#516=LINE('',#9444,#954);
#517=LINE('',#9448,#955);
#518=LINE('',#9451,#956);
#519=LINE('',#9453,#957);
#520=LINE('',#9454,#958);
#521=LINE('',#9460,#959);
#522=LINE('',#9461,#960);
#523=LINE('',#9463,#961);
#524=LINE('',#9467,#962);
#525=LINE('',#9469,#963);
#526=LINE('',#9471,#964);
#527=LINE('',#9475,#965);
#528=LINE('',#9477,#966);
#529=LINE('',#9479,#967);
#530=LINE('',#9481,#968);
#531=LINE('',#9483,#969);
#532=LINE('',#9485,#970);
#533=LINE('',#9487,#971);
#534=LINE('',#9491,#972);
#535=LINE('',#9492,#973);
#536=LINE('',#9494,#974);
#537=LINE('',#9500,#975);
#538=VECTOR('',#6099,1000.);
#539=VECTOR('',#6102,1000.);
#540=VECTOR('',#6105,1000.);
#541=VECTOR('',#6110,1000.);
#542=VECTOR('',#6115,1000.);
#543=VECTOR('',#6116,1000.);
#544=VECTOR('',#6117,1000.);
#545=VECTOR('',#6118,1000.);
#546=VECTOR('',#6119,1000.);
#547=VECTOR('',#6120,1000.);
#548=VECTOR('',#6121,1000.);
#549=VECTOR('',#6126,1000.);
#550=VECTOR('',#6131,1000.);
#551=VECTOR('',#6132,1000.);
#552=VECTOR('',#6133,1000.);
#553=VECTOR('',#6138,1000.);
#554=VECTOR('',#6143,1000.);
#555=VECTOR('',#6144,1000.);
#556=VECTOR('',#6145,1000.);
#557=VECTOR('',#6150,1000.);
#558=VECTOR('',#6153,1000.);
#559=VECTOR('',#6156,1000.);
#560=VECTOR('',#6157,1000.);
#561=VECTOR('',#6158,1000.);
#562=VECTOR('',#6165,1000.);
#563=VECTOR('',#6168,1000.);
#564=VECTOR('',#6171,1000.);
#565=VECTOR('',#6174,1000.);
#566=VECTOR('',#6177,1000.);
#567=VECTOR('',#6182,1000.);
#568=VECTOR('',#6183,1000.);
#569=VECTOR('',#6186,1000.);
#570=VECTOR('',#6187,1000.);
#571=VECTOR('',#6192,1000.);
#572=VECTOR('',#6195,1000.);
#573=VECTOR('',#6196,1000.);
#574=VECTOR('',#6201,1000.);
#575=VECTOR('',#6204,1000.);
#576=VECTOR('',#6205,1000.);
#577=VECTOR('',#6210,1000.);
#578=VECTOR('',#6213,1000.);
#579=VECTOR('',#6214,1000.);
#580=VECTOR('',#6219,1000.);
#581=VECTOR('',#6222,1000.);
#582=VECTOR('',#6227,1000.);
#583=VECTOR('',#6230,1000.);
#584=VECTOR('',#6231,1000.);
#585=VECTOR('',#6234,1000.);
#586=VECTOR('',#6239,1000.);
#587=VECTOR('',#6240,1000.);
#588=VECTOR('',#6243,1000.);
#589=VECTOR('',#6244,1000.);
#590=VECTOR('',#6249,1000.);
#591=VECTOR('',#6252,1000.);
#592=VECTOR('',#6253,1000.);
#593=VECTOR('',#6256,1000.);
#594=VECTOR('',#6257,1000.);
#595=VECTOR('',#6262,1000.);
#596=VECTOR('',#6265,1000.);
#597=VECTOR('',#6292,1000.);
#598=VECTOR('',#6295,1000.);
#599=VECTOR('',#6296,1000.);
#600=VECTOR('',#6321,1000.);
#601=VECTOR('',#6324,1000.);
#602=VECTOR('',#6327,1000.);
#603=VECTOR('',#6330,1000.);
#604=VECTOR('',#6333,1000.);
#605=VECTOR('',#6336,1000.);
#606=VECTOR('',#6351,1000.);
#607=VECTOR('',#6354,1000.);
#608=VECTOR('',#6357,1000.);
#609=VECTOR('',#6360,1000.);
#610=VECTOR('',#6363,1000.);
#611=VECTOR('',#6366,1000.);
#612=VECTOR('',#6369,1000.);
#613=VECTOR('',#6370,1000.);
#614=VECTOR('',#6373,1000.);
#615=VECTOR('',#6376,1000.);
#616=VECTOR('',#6379,1000.);
#617=VECTOR('',#6382,1000.);
#618=VECTOR('',#6385,1000.);
#619=VECTOR('',#6388,1000.);
#620=VECTOR('',#6391,1000.);
#621=VECTOR('',#6394,1000.);
#622=VECTOR('',#6397,1000.);
#623=VECTOR('',#6400,1000.);
#624=VECTOR('',#6407,1000.);
#625=VECTOR('',#6410,1000.);
#626=VECTOR('',#6413,1000.);
#627=VECTOR('',#6414,1000.);
#628=VECTOR('',#6415,1000.);
#629=VECTOR('',#6416,1000.);
#630=VECTOR('',#6421,1000.);
#631=VECTOR('',#6430,1000.);
#632=VECTOR('',#6431,1000.);
#633=VECTOR('',#6432,1000.);
#634=VECTOR('',#6437,1000.);
#635=VECTOR('',#6446,1000.);
#636=VECTOR('',#6465,1000.);
#637=VECTOR('',#6474,1000.);
#638=VECTOR('',#6489,1000.);
#639=VECTOR('',#6492,1000.);
#640=VECTOR('',#6495,1000.);
#641=VECTOR('',#6496,1000.);
#642=VECTOR('',#6499,1000.);
#643=VECTOR('',#6506,1000.);
#644=VECTOR('',#6509,1000.);
#645=VECTOR('',#6512,1000.);
#646=VECTOR('',#6517,1000.);
#647=VECTOR('',#6520,1000.);
#648=VECTOR('',#6521,1000.);
#649=VECTOR('',#6522,1000.);
#650=VECTOR('',#6523,1000.);
#651=VECTOR('',#6526,1000.);
#652=VECTOR('',#6527,1000.);
#653=VECTOR('',#6530,1000.);
#654=VECTOR('',#6531,1000.);
#655=VECTOR('',#6532,1000.);
#656=VECTOR('',#6535,1000.);
#657=VECTOR('',#6536,1000.);
#658=VECTOR('',#6537,1000.);
#659=VECTOR('',#6544,1000.);
#660=VECTOR('',#6545,1000.);
#661=VECTOR('',#6550,1000.);
#662=VECTOR('',#6553,1000.);
#663=VECTOR('',#6554,1000.);
#664=VECTOR('',#6555,1000.);
#665=VECTOR('',#6556,1000.);
#666=VECTOR('',#6565,1000.);
#667=VECTOR('',#6572,1000.);
#668=VECTOR('',#6577,1000.);
#669=VECTOR('',#6578,1000.);
#670=VECTOR('',#6583,1000.);
#671=VECTOR('',#6590,1000.);
#672=VECTOR('',#6593,1000.);
#673=VECTOR('',#6596,1000.);
#674=VECTOR('',#6601,1000.);
#675=VECTOR('',#6608,1000.);
#676=VECTOR('',#6609,1000.);
#677=VECTOR('',#6610,1000.);
#678=VECTOR('',#6611,1000.);
#679=VECTOR('',#6614,1000.);
#680=VECTOR('',#6615,1000.);
#681=VECTOR('',#6616,1000.);
#682=VECTOR('',#6617,1000.);
#683=VECTOR('',#6620,1000.);
#684=VECTOR('',#6627,1000.);
#685=VECTOR('',#6630,1000.);
#686=VECTOR('',#6633,1000.);
#687=VECTOR('',#6636,1000.);
#688=VECTOR('',#6641,1000.);
#689=VECTOR('',#6642,1000.);
#690=VECTOR('',#6645,1000.);
#691=VECTOR('',#6646,1000.);
#692=VECTOR('',#6647,1000.);
#693=VECTOR('',#6650,1000.);
#694=VECTOR('',#6655,1000.);
#695=VECTOR('',#6656,1000.);
#696=VECTOR('',#6659,1000.);
#697=VECTOR('',#6664,1000.);
#698=VECTOR('',#6675,1000.);
#699=VECTOR('',#6678,1000.);
#700=VECTOR('',#6681,1000.);
#701=VECTOR('',#6682,1000.);
#702=VECTOR('',#6683,1000.);
#703=VECTOR('',#6692,1000.);
#704=VECTOR('',#6703,1000.);
#705=VECTOR('',#6706,1000.);
#706=VECTOR('',#6707,1000.);
#707=VECTOR('',#6716,1000.);
#708=VECTOR('',#6717,1000.);
#709=VECTOR('',#6720,1000.);
#710=VECTOR('',#6723,1000.);
#711=VECTOR('',#6744,1000.);
#712=VECTOR('',#6747,1000.);
#713=VECTOR('',#6756,1000.);
#714=VECTOR('',#6761,1000.);
#715=VECTOR('',#6764,1000.);
#716=VECTOR('',#6775,1000.);
#717=VECTOR('',#6776,1000.);
#718=VECTOR('',#6777,1000.);
#719=VECTOR('',#6778,1000.);
#720=VECTOR('',#6785,1000.);
#721=VECTOR('',#6788,1000.);
#722=VECTOR('',#6793,1000.);
#723=VECTOR('',#6796,1000.);
#724=VECTOR('',#6797,1000.);
#725=VECTOR('',#6798,1000.);
#726=VECTOR('',#6801,1000.);
#727=VECTOR('',#6802,1000.);
#728=VECTOR('',#6803,1000.);
#729=VECTOR('',#6804,1000.);
#730=VECTOR('',#6807,1000.);
#731=VECTOR('',#6810,1000.);
#732=VECTOR('',#6815,1000.);
#733=VECTOR('',#6816,1000.);
#734=VECTOR('',#6817,1000.);
#735=VECTOR('',#6820,1000.);
#736=VECTOR('',#6821,1000.);
#737=VECTOR('',#6822,1000.);
#738=VECTOR('',#6823,1000.);
#739=VECTOR('',#6826,1000.);
#740=VECTOR('',#6829,1000.);
#741=VECTOR('',#6834,1000.);
#742=VECTOR('',#6835,1000.);
#743=VECTOR('',#6836,1000.);
#744=VECTOR('',#6837,1000.);
#745=VECTOR('',#6842,1000.);
#746=VECTOR('',#6847,1000.);
#747=VECTOR('',#6858,1000.);
#748=VECTOR('',#6861,1000.);
#749=VECTOR('',#6864,1000.);
#750=VECTOR('',#6865,1000.);
#751=VECTOR('',#6866,1000.);
#752=VECTOR('',#6881,1000.);
#753=VECTOR('',#6882,1000.);
#754=VECTOR('',#6883,1000.);
#755=VECTOR('',#6886,1000.);
#756=VECTOR('',#6891,1000.);
#757=VECTOR('',#6904,1000.);
#758=VECTOR('',#6907,1000.);
#759=VECTOR('',#6908,1000.);
#760=VECTOR('',#6909,1000.);
#761=VECTOR('',#6912,1000.);
#762=VECTOR('',#6917,1000.);
#763=VECTOR('',#6930,1000.);
#764=VECTOR('',#6937,1000.);
#765=VECTOR('',#6946,1000.);
#766=VECTOR('',#6957,1000.);
#767=VECTOR('',#6960,1000.);
#768=VECTOR('',#6963,1000.);
#769=VECTOR('',#6970,1000.);
#770=VECTOR('',#6977,1000.);
#771=VECTOR('',#6980,1000.);
#772=VECTOR('',#6985,1000.);
#773=VECTOR('',#6986,1000.);
#774=VECTOR('',#6997,1000.);
#775=VECTOR('',#7000,1000.);
#776=VECTOR('',#7015,1000.);
#777=VECTOR('',#7016,1000.);
#778=VECTOR('',#7019,1000.);
#779=VECTOR('',#7022,1000.);
#780=VECTOR('',#7025,1000.);
#781=VECTOR('',#7028,1000.);
#782=VECTOR('',#7039,1000.);
#783=VECTOR('',#7042,1000.);
#784=VECTOR('',#7043,1000.);
#785=VECTOR('',#7046,1000.);
#786=VECTOR('',#7049,1000.);
#787=VECTOR('',#7054,1000.);
#788=VECTOR('',#7057,1000.);
#789=VECTOR('',#7062,1000.);
#790=VECTOR('',#7065,1000.);
#791=VECTOR('',#7068,1000.);
#792=VECTOR('',#7071,1000.);
#793=VECTOR('',#7096,1000.);
#794=VECTOR('',#7099,1000.);
#795=VECTOR('',#7112,1000.);
#796=VECTOR('',#7117,1000.);
#797=VECTOR('',#7118,1000.);
#798=VECTOR('',#7121,1000.);
#799=VECTOR('',#7122,1000.);
#800=VECTOR('',#7125,1000.);
#801=VECTOR('',#7126,1000.);
#802=VECTOR('',#7127,1000.);
#803=VECTOR('',#7128,1000.);
#804=VECTOR('',#7129,1000.);
#805=VECTOR('',#7132,1000.);
#806=VECTOR('',#7133,1000.);
#807=VECTOR('',#7134,1000.);
#808=VECTOR('',#7135,1000.);
#809=VECTOR('',#7138,1000.);
#810=VECTOR('',#7139,1000.);
#811=VECTOR('',#7142,1000.);
#812=VECTOR('',#7143,1000.);
#813=VECTOR('',#7144,1000.);
#814=VECTOR('',#7145,1000.);
#815=VECTOR('',#7148,1000.);
#816=VECTOR('',#7151,1000.);
#817=VECTOR('',#7156,1000.);
#818=VECTOR('',#7157,1000.);
#819=VECTOR('',#7158,1000.);
#820=VECTOR('',#7161,1000.);
#821=VECTOR('',#7162,1000.);
#822=VECTOR('',#7163,1000.);
#823=VECTOR('',#7166,1000.);
#824=VECTOR('',#7169,1000.);
#825=VECTOR('',#7170,1000.);
#826=VECTOR('',#7171,1000.);
#827=VECTOR('',#7174,1000.);
#828=VECTOR('',#7175,1000.);
#829=VECTOR('',#7176,1000.);
#830=VECTOR('',#7179,1000.);
#831=VECTOR('',#7180,1000.);
#832=VECTOR('',#7181,1000.);
#833=VECTOR('',#7182,1000.);
#834=VECTOR('',#7185,1000.);
#835=VECTOR('',#7186,1000.);
#836=VECTOR('',#7187,1000.);
#837=VECTOR('',#7196,1000.);
#838=VECTOR('',#7203,1000.);
#839=VECTOR('',#7212,1000.);
#840=VECTOR('',#7219,1000.);
#841=VECTOR('',#7222,1000.);
#842=VECTOR('',#7229,1000.);
#843=VECTOR('',#7234,1000.);
#844=VECTOR('',#7235,1000.);
#845=VECTOR('',#7236,1000.);
#846=VECTOR('',#7241,1000.);
#847=VECTOR('',#7242,1000.);
#848=VECTOR('',#7245,1000.);
#849=VECTOR('',#7246,1000.);
#850=VECTOR('',#7249,1000.);
#851=VECTOR('',#7262,1000.);
#852=VECTOR('',#7267,1000.);
#853=VECTOR('',#7268,1000.);
#854=VECTOR('',#7271,1000.);
#855=VECTOR('',#7274,1000.);
#856=VECTOR('',#7285,1000.);
#857=VECTOR('',#7288,1000.);
#858=VECTOR('',#7297,1000.);
#859=VECTOR('',#7300,1000.);
#860=VECTOR('',#7301,1000.);
#861=VECTOR('',#7308,1000.);
#862=VECTOR('',#7317,1000.);
#863=VECTOR('',#7320,1000.);
#864=VECTOR('',#7321,1000.);
#865=VECTOR('',#7334,1000.);
#866=VECTOR('',#7335,1000.);
#867=VECTOR('',#7340,1000.);
#868=VECTOR('',#7349,1000.);
#869=VECTOR('',#7352,1000.);
#870=VECTOR('',#7353,1000.);
#871=VECTOR('',#7354,1000.);
#872=VECTOR('',#7365,1000.);
#873=VECTOR('',#7366,1000.);
#874=VECTOR('',#7367,1000.);
#875=VECTOR('',#7368,1000.);
#876=VECTOR('',#7385,1000.);
#877=VECTOR('',#7386,1000.);
#878=VECTOR('',#7389,1000.);
#879=VECTOR('',#7394,1000.);
#880=VECTOR('',#7395,1000.);
#881=VECTOR('',#7398,1000.);
#882=VECTOR('',#7399,1000.);
#883=VECTOR('',#7404,1000.);
#884=VECTOR('',#7407,1000.);
#885=VECTOR('',#7410,1000.);
#886=VECTOR('',#7413,1000.);
#887=VECTOR('',#7416,1000.);
#888=VECTOR('',#7419,1000.);
#889=VECTOR('',#7422,1000.);
#890=VECTOR('',#7429,1000.);
#891=VECTOR('',#7430,1000.);
#892=VECTOR('',#7431,1000.);
#893=VECTOR('',#7432,1000.);
#894=VECTOR('',#7435,1000.);
#895=VECTOR('',#7436,1000.);
#896=VECTOR('',#7437,1000.);
#897=VECTOR('',#7438,1000.);
#898=VECTOR('',#7439,1000.);
#899=VECTOR('',#7440,1000.);
#900=VECTOR('',#7441,1000.);
#901=VECTOR('',#7444,1000.);
#902=VECTOR('',#7445,1000.);
#903=VECTOR('',#7450,1000.);
#904=VECTOR('',#7451,1000.);
#905=VECTOR('',#7452,1000.);
#906=VECTOR('',#7455,1000.);
#907=VECTOR('',#7464,1000.);
#908=VECTOR('',#7465,1000.);
#909=VECTOR('',#7472,1000.);
#910=VECTOR('',#7475,1000.);
#911=VECTOR('',#7476,1000.);
#912=VECTOR('',#7477,1000.);
#913=VECTOR('',#7478,1000.);
#914=VECTOR('',#7479,1000.);
#915=VECTOR('',#7492,1000.);
#916=VECTOR('',#7497,1000.);
#917=VECTOR('',#7498,1000.);
#918=VECTOR('',#7499,1000.);
#919=VECTOR('',#7520,1000.);
#920=VECTOR('',#7531,1000.);
#921=VECTOR('',#7536,1000.);
#922=VECTOR('',#7537,1000.);
#923=VECTOR('',#7538,1000.);
#924=VECTOR('',#7543,1000.);
#925=VECTOR('',#7546,1000.);
#926=VECTOR('',#7547,1000.);
#927=VECTOR('',#7558,1000.);
#928=VECTOR('',#7561,1000.);
#929=VECTOR('',#7564,1000.);
#930=VECTOR('',#7567,1000.);
#931=VECTOR('',#7570,1000.);
#932=VECTOR('',#7571,1000.);
#933=VECTOR('',#7574,1000.);
#934=VECTOR('',#7575,1000.);
#935=VECTOR('',#7580,1000.);
#936=VECTOR('',#7581,1000.);
#937=VECTOR('',#7582,1000.);
#938=VECTOR('',#7589,1000.);
#939=VECTOR('',#7592,1000.);
#940=VECTOR('',#7607,1000.);
#941=VECTOR('',#7610,1000.);
#942=VECTOR('',#7635,1000.);
#943=VECTOR('',#7640,1000.);
#944=VECTOR('',#7643,1000.);
#945=VECTOR('',#7644,1000.);
#946=VECTOR('',#7663,1000.);
#947=VECTOR('',#7666,1000.);
#948=VECTOR('',#7669,1000.);
#949=VECTOR('',#7674,1000.);
#950=VECTOR('',#7675,1000.);
#951=VECTOR('',#7680,1000.);
#952=VECTOR('',#7683,1000.);
#953=VECTOR('',#7704,1000.);
#954=VECTOR('',#7705,1000.);
#955=VECTOR('',#7710,1000.);
#956=VECTOR('',#7711,1000.);
#957=VECTOR('',#7712,1000.);
#958=VECTOR('',#7713,1000.);
#959=VECTOR('',#7720,1000.);
#960=VECTOR('',#7721,1000.);
#961=VECTOR('',#7724,1000.);
#962=VECTOR('',#7727,1000.);
#963=VECTOR('',#7728,1000.);
#964=VECTOR('',#7729,1000.);
#965=VECTOR('',#7732,1000.);
#966=VECTOR('',#7735,1000.);
#967=VECTOR('',#7736,1000.);
#968=VECTOR('',#7737,1000.);
#969=VECTOR('',#7740,1000.);
#970=VECTOR('',#7741,1000.);
#971=VECTOR('',#7742,1000.);
#972=VECTOR('',#7749,1000.);
#973=VECTOR('',#7750,1000.);
#974=VECTOR('',#7753,1000.);
#975=VECTOR('',#7764,1000.);
#976=TOROIDAL_SURFACE('',#5447,5.2527849584409,1.26368613138686);
#977=TOROIDAL_SURFACE('',#5539,10.5138686131387,1.01094890510949);
#978=TOROIDAL_SURFACE('',#5565,18.4498175182482,0.505474452554745);
#979=TOROIDAL_SURFACE('',#5588,18.4498175182482,0.505474452554745);
#980=TOROIDAL_SURFACE('',#5591,18.4498175182482,0.505474452554745);
#981=TOROIDAL_SURFACE('',#5695,18.4498175182482,0.505474452554745);
#982=TOROIDAL_SURFACE('',#5816,4.04379562043796,1.01094890510949);
#983=TOROIDAL_SURFACE('',#5826,2.7801094890511,0.505474452554745);
#984=TOROIDAL_SURFACE('',#5973,0.808759124087591,0.303284671532847);
#985=TOROIDAL_SURFACE('',#5998,2.42494450040606,0.505474452554745);
#986=TOROIDAL_SURFACE('',#6005,2.02189781021898,0.505474452554745);
#987=TOROIDAL_SURFACE('',#6009,2.52737226277372,0.505474452554745);
#988=TOROIDAL_SURFACE('',#6013,2.02189781021898,0.505474452554745);
#989=TOROIDAL_SURFACE('',#6021,1.87025547445255,0.505474452554745);
#990=TOROIDAL_SURFACE('',#6022,1.51642335766423,0.505474452554745);
#991=TOROIDAL_SURFACE('',#6026,2.52737226277372,0.505474452554745);
#992=TOROIDAL_SURFACE('',#6040,0.606569343065693,0.404379562043796);
#993=CYLINDRICAL_SURFACE('',#5444,6.51647108982776);
#994=CYLINDRICAL_SURFACE('',#5448,7.43766031027661);
#995=CYLINDRICAL_SURFACE('',#5452,0.505474452554745);
#996=CYLINDRICAL_SURFACE('',#5456,1.2131386861314);
#997=CYLINDRICAL_SURFACE('',#5460,3.79105839416058);
#998=CYLINDRICAL_SURFACE('',#5464,3.53832116788321);
#999=CYLINDRICAL_SURFACE('',#5475,3.79105839416058);
#1000=CYLINDRICAL_SURFACE('',#5478,13.5467153284672);
#1001=CYLINDRICAL_SURFACE('',#5481,10.9441908884333);
#1002=CYLINDRICAL_SURFACE('',#5484,0.404379562043788);
#1003=CYLINDRICAL_SURFACE('',#5487,0.505474452554738);
#1004=CYLINDRICAL_SURFACE('',#5494,0.404379562043795);
#1005=CYLINDRICAL_SURFACE('',#5497,10.9441908884333);
#1006=CYLINDRICAL_SURFACE('',#5501,9.35846322998464);
#1007=CYLINDRICAL_SURFACE('',#5506,2.5779197080292);
#1008=CYLINDRICAL_SURFACE('',#5510,2.5779197080292);
#1009=CYLINDRICAL_SURFACE('',#5515,0.505474452554745);
#1010=CYLINDRICAL_SURFACE('',#5521,14.911496350365);
#1011=CYLINDRICAL_SURFACE('',#5525,16.8828467153285);
#1012=CYLINDRICAL_SURFACE('',#5537,11.5248175182482);
#1013=CYLINDRICAL_SURFACE('',#5547,1.01094890510949);
#1014=CYLINDRICAL_SURFACE('',#5549,1.01094890510949);
#1015=CYLINDRICAL_SURFACE('',#5551,1.01094890510949);
#1016=CYLINDRICAL_SURFACE('',#5553,1.01094890510949);
#1017=CYLINDRICAL_SURFACE('',#5555,1.01094890510949);
#1018=CYLINDRICAL_SURFACE('',#5557,1.01094890510949);
#1019=CYLINDRICAL_SURFACE('',#5559,3.03284671532847);
#1020=CYLINDRICAL_SURFACE('',#5569,1.51642335766423);
#1021=CYLINDRICAL_SURFACE('',#5572,1.51642335766423);
#1022=CYLINDRICAL_SURFACE('',#5599,15.5686131386861);
#1023=CYLINDRICAL_SURFACE('',#5629,5.20638686131387);
#1024=CYLINDRICAL_SURFACE('',#5632,15.5686131386861);
#1025=CYLINDRICAL_SURFACE('',#5637,1.01094890510949);
#1026=CYLINDRICAL_SURFACE('',#5640,5.20638686131387);
#1027=CYLINDRICAL_SURFACE('',#5644,0.758211678832117);
#1028=CYLINDRICAL_SURFACE('',#5647,0.758211678832117);
#1029=CYLINDRICAL_SURFACE('',#5650,0.758211678832117);
#1030=CYLINDRICAL_SURFACE('',#5652,4.01602055383153);
#1031=CYLINDRICAL_SURFACE('',#5654,0.758211678832117);
#1032=CYLINDRICAL_SURFACE('',#5656,0.404379562043796);
#1033=CYLINDRICAL_SURFACE('',#5660,0.404379562043796);
#1034=CYLINDRICAL_SURFACE('',#5663,6.41952554744526);
#1035=CYLINDRICAL_SURFACE('',#5667,0.404379562043796);
#1036=CYLINDRICAL_SURFACE('',#5672,0.404379562043796);
#1037=CYLINDRICAL_SURFACE('',#5674,0.404379562043796);
#1038=CYLINDRICAL_SURFACE('',#5675,6.41952554744526);
#1039=CYLINDRICAL_SURFACE('',#5678,0.404379562043796);
#1040=CYLINDRICAL_SURFACE('',#5686,5.20638686131387);
#1041=CYLINDRICAL_SURFACE('',#5688,0.404379562043796);
#1042=CYLINDRICAL_SURFACE('',#5690,5.20638686131387);
#1043=CYLINDRICAL_SURFACE('',#5691,0.404379562043796);
#1044=CYLINDRICAL_SURFACE('',#5707,5.08001824817518);
#1045=CYLINDRICAL_SURFACE('',#5712,4.01852189781022);
#1046=CYLINDRICAL_SURFACE('',#5723,0.404379562043796);
#1047=CYLINDRICAL_SURFACE('',#5731,0.404379562043796);
#1048=CYLINDRICAL_SURFACE('',#5734,0.404379562043796);
#1049=CYLINDRICAL_SURFACE('',#5736,5.08001824817518);
#1050=CYLINDRICAL_SURFACE('',#5738,0.404379562043796);
#1051=CYLINDRICAL_SURFACE('',#5740,0.404379562043796);
#1052=CYLINDRICAL_SURFACE('',#5744,0.404379562043796);
#1053=CYLINDRICAL_SURFACE('',#5746,5.08001824817518);
#1054=CYLINDRICAL_SURFACE('',#5748,0.404379562043796);
#1055=CYLINDRICAL_SURFACE('',#5755,5.08001824817518);
#1056=CYLINDRICAL_SURFACE('',#5757,0.404379562043796);
#1057=CYLINDRICAL_SURFACE('',#5759,6.58238231124288);
#1058=CYLINDRICAL_SURFACE('',#5762,0.808759124087591);
#1059=CYLINDRICAL_SURFACE('',#5765,6.58238231124288);
#1060=CYLINDRICAL_SURFACE('',#5768,0.808759124087591);
#1061=CYLINDRICAL_SURFACE('',#5776,0.808759124087591);
#1062=CYLINDRICAL_SURFACE('',#5782,0.808759124087591);
#1063=CYLINDRICAL_SURFACE('',#5793,15.5686131386861);
#1064=CYLINDRICAL_SURFACE('',#5797,15.9224452554745);
#1065=CYLINDRICAL_SURFACE('',#5802,15.1642335766423);
#1066=CYLINDRICAL_SURFACE('',#5807,13.8526168223794);
#1067=CYLINDRICAL_SURFACE('',#5812,3.08339416058394);
#1068=CYLINDRICAL_SURFACE('',#5817,1.26368613138686);
#1069=CYLINDRICAL_SURFACE('',#5824,3.28558394160584);
#1070=CYLINDRICAL_SURFACE('',#5835,5.15583941605839);
#1071=CYLINDRICAL_SURFACE('',#5859,5.15583941605839);
#1072=CYLINDRICAL_SURFACE('',#5862,5.15583941605839);
#1073=CYLINDRICAL_SURFACE('',#5865,1.01094890510949);
#1074=CYLINDRICAL_SURFACE('',#5868,1.01094890510949);
#1075=CYLINDRICAL_SURFACE('',#5875,6.47007299270073);
#1076=CYLINDRICAL_SURFACE('',#5878,4.01852189781022);
#1077=CYLINDRICAL_SURFACE('',#5880,1.01094890510949);
#1078=CYLINDRICAL_SURFACE('',#5882,0.505474452554745);
#1079=CYLINDRICAL_SURFACE('',#5890,0.505474452554745);
#1080=CYLINDRICAL_SURFACE('',#5892,6.47007299270073);
#1081=CYLINDRICAL_SURFACE('',#5895,0.505474452554745);
#1082=CYLINDRICAL_SURFACE('',#5900,0.505474452554745);
#1083=CYLINDRICAL_SURFACE('',#5901,1.01094890510949);
#1084=CYLINDRICAL_SURFACE('',#5904,0.505474452554746);
#1085=CYLINDRICAL_SURFACE('',#5905,5.15583941605839);
#1086=CYLINDRICAL_SURFACE('',#5906,0.505474452554745);
#1087=CYLINDRICAL_SURFACE('',#5907,0.505474452554746);
#1088=CYLINDRICAL_SURFACE('',#5913,0.505474452554745);
#1089=CYLINDRICAL_SURFACE('',#5922,2.52737226277372);
#1090=CYLINDRICAL_SURFACE('',#5924,18.9552919708029);
#1091=CYLINDRICAL_SURFACE('',#5926,18.9552919708029);
#1092=CYLINDRICAL_SURFACE('',#5927,18.9552919708029);
#1093=CYLINDRICAL_SURFACE('',#5934,3.60649997461817);
#1094=CYLINDRICAL_SURFACE('',#5936,3.60649997461817);
#1095=CYLINDRICAL_SURFACE('',#5937,2.52737226277372);
#1096=CYLINDRICAL_SURFACE('',#5943,0.505474452554745);
#1097=CYLINDRICAL_SURFACE('',#5945,0.505474452554745);
#1098=CYLINDRICAL_SURFACE('',#5948,0.505474452554745);
#1099=CYLINDRICAL_SURFACE('',#5954,0.505474452554745);
#1100=CYLINDRICAL_SURFACE('',#5963,0.505474452554745);
#1101=CYLINDRICAL_SURFACE('',#5967,0.505474452554745);
#1102=CYLINDRICAL_SURFACE('',#5968,0.505474452554745);
#1103=CYLINDRICAL_SURFACE('',#5971,0.303284671532847);
#1104=CYLINDRICAL_SURFACE('',#5975,0.303284671532847);
#1105=CYLINDRICAL_SURFACE('',#5982,0.303284671532847);
#1106=CYLINDRICAL_SURFACE('',#5983,17.4894160583942);
#1107=CYLINDRICAL_SURFACE('',#5992,2.93041895296081);
#1108=CYLINDRICAL_SURFACE('',#5996,0.505474452554745);
#1109=CYLINDRICAL_SURFACE('',#6000,0.505474452554745);
#1110=CYLINDRICAL_SURFACE('',#6007,0.505474452554745);
#1111=CYLINDRICAL_SURFACE('',#6011,0.505474452554745);
#1112=CYLINDRICAL_SURFACE('',#6014,2.3757299270073);
#1113=CYLINDRICAL_SURFACE('',#6016,3.03284671532847);
#1114=CYLINDRICAL_SURFACE('',#6019,1.01094890510949);
#1115=CYLINDRICAL_SURFACE('',#6024,0.505474452554745);
#1116=CYLINDRICAL_SURFACE('',#6035,2.62363962342667);
#1117=CYLINDRICAL_SURFACE('',#6038,1.01094890510949);
#1118=CYLINDRICAL_SURFACE('',#6044,2.22408759124088);
#1119=CYLINDRICAL_SURFACE('',#6048,15.5686131386861);
#1120=CYLINDRICAL_SURFACE('',#6055,2.22408759124088);
#1121=CYLINDRICAL_SURFACE('',#6059,2.52737226277372);
#1122=CYLINDRICAL_SURFACE('',#6064,2.52737226277372);
#1123=ORIENTED_EDGE('',*,*,#2691,.F.);
#1124=ORIENTED_EDGE('',*,*,#2692,.F.);
#1125=ORIENTED_EDGE('',*,*,#2693,.F.);
#1126=ORIENTED_EDGE('',*,*,#2693,.T.);
#1127=ORIENTED_EDGE('',*,*,#2691,.T.);
#1128=ORIENTED_EDGE('',*,*,#2694,.T.);
#1129=ORIENTED_EDGE('',*,*,#2695,.F.);
#1130=ORIENTED_EDGE('',*,*,#2696,.F.);
#1131=ORIENTED_EDGE('',*,*,#2697,.T.);
#1132=ORIENTED_EDGE('',*,*,#2698,.F.);
#1133=ORIENTED_EDGE('',*,*,#2699,.T.);
#1134=ORIENTED_EDGE('',*,*,#2700,.T.);
#1135=ORIENTED_EDGE('',*,*,#2701,.T.);
#1136=ORIENTED_EDGE('',*,*,#2702,.F.);
#1137=ORIENTED_EDGE('',*,*,#2697,.F.);
#1138=ORIENTED_EDGE('',*,*,#2703,.T.);
#1139=ORIENTED_EDGE('',*,*,#2704,.T.);
#1140=ORIENTED_EDGE('',*,*,#2705,.T.);
#1141=ORIENTED_EDGE('',*,*,#2706,.T.);
#1142=ORIENTED_EDGE('',*,*,#2707,.F.);
#1143=ORIENTED_EDGE('',*,*,#2708,.T.);
#1144=ORIENTED_EDGE('',*,*,#2709,.F.);
#1145=ORIENTED_EDGE('',*,*,#2701,.F.);
#1146=ORIENTED_EDGE('',*,*,#2710,.T.);
#1147=ORIENTED_EDGE('',*,*,#2711,.T.);
#1148=ORIENTED_EDGE('',*,*,#2712,.F.);
#1149=ORIENTED_EDGE('',*,*,#2708,.F.);
#1150=ORIENTED_EDGE('',*,*,#2713,.F.);
#1151=ORIENTED_EDGE('',*,*,#2714,.T.);
#1152=ORIENTED_EDGE('',*,*,#2715,.F.);
#1153=ORIENTED_EDGE('',*,*,#2711,.F.);
#1154=ORIENTED_EDGE('',*,*,#2716,.T.);
#1155=ORIENTED_EDGE('',*,*,#2717,.T.);
#1156=ORIENTED_EDGE('',*,*,#2718,.F.);
#1157=ORIENTED_EDGE('',*,*,#2714,.F.);
#1158=ORIENTED_EDGE('',*,*,#2719,.T.);
#1159=ORIENTED_EDGE('',*,*,#2720,.T.);
#1160=ORIENTED_EDGE('',*,*,#2721,.F.);
#1161=ORIENTED_EDGE('',*,*,#2717,.F.);
#1162=ORIENTED_EDGE('',*,*,#2722,.T.);
#1163=ORIENTED_EDGE('',*,*,#2723,.F.);
#1164=ORIENTED_EDGE('',*,*,#2724,.T.);
#1165=ORIENTED_EDGE('',*,*,#2725,.T.);
#1166=ORIENTED_EDGE('',*,*,#2726,.T.);
#1167=ORIENTED_EDGE('',*,*,#2725,.F.);
#1168=ORIENTED_EDGE('',*,*,#2727,.F.);
#1169=ORIENTED_EDGE('',*,*,#2728,.T.);
#1170=ORIENTED_EDGE('',*,*,#2729,.T.);
#1171=ORIENTED_EDGE('',*,*,#2730,.F.);
#1172=ORIENTED_EDGE('',*,*,#2731,.F.);
#1173=ORIENTED_EDGE('',*,*,#2732,.F.);
#1174=ORIENTED_EDGE('',*,*,#2733,.F.);
#1175=ORIENTED_EDGE('',*,*,#2734,.F.);
#1176=ORIENTED_EDGE('',*,*,#2735,.F.);
#1177=ORIENTED_EDGE('',*,*,#2736,.F.);
#1178=ORIENTED_EDGE('',*,*,#2737,.F.);
#1179=ORIENTED_EDGE('',*,*,#2738,.F.);
#1180=ORIENTED_EDGE('',*,*,#2739,.F.);
#1181=ORIENTED_EDGE('',*,*,#2740,.F.);
#1182=ORIENTED_EDGE('',*,*,#2741,.T.);
#1183=ORIENTED_EDGE('',*,*,#2730,.T.);
#1184=ORIENTED_EDGE('',*,*,#2742,.F.);
#1185=ORIENTED_EDGE('',*,*,#2743,.F.);
#1186=ORIENTED_EDGE('',*,*,#2742,.T.);
#1187=ORIENTED_EDGE('',*,*,#2739,.T.);
#1188=ORIENTED_EDGE('',*,*,#2744,.F.);
#1189=ORIENTED_EDGE('',*,*,#2745,.F.);
#1190=ORIENTED_EDGE('',*,*,#2744,.T.);
#1191=ORIENTED_EDGE('',*,*,#2738,.T.);
#1192=ORIENTED_EDGE('',*,*,#2746,.F.);
#1193=ORIENTED_EDGE('',*,*,#2747,.F.);
#1194=ORIENTED_EDGE('',*,*,#2746,.T.);
#1195=ORIENTED_EDGE('',*,*,#2737,.T.);
#1196=ORIENTED_EDGE('',*,*,#2748,.F.);
#1197=ORIENTED_EDGE('',*,*,#2749,.F.);
#1198=ORIENTED_EDGE('',*,*,#2748,.T.);
#1199=ORIENTED_EDGE('',*,*,#2736,.T.);
#1200=ORIENTED_EDGE('',*,*,#2750,.F.);
#1201=ORIENTED_EDGE('',*,*,#2751,.F.);
#1202=ORIENTED_EDGE('',*,*,#2750,.T.);
#1203=ORIENTED_EDGE('',*,*,#2735,.T.);
#1204=ORIENTED_EDGE('',*,*,#2752,.F.);
#1205=ORIENTED_EDGE('',*,*,#2753,.F.);
#1206=ORIENTED_EDGE('',*,*,#2752,.T.);
#1207=ORIENTED_EDGE('',*,*,#2734,.T.);
#1208=ORIENTED_EDGE('',*,*,#2754,.F.);
#1209=ORIENTED_EDGE('',*,*,#2755,.F.);
#1210=ORIENTED_EDGE('',*,*,#2754,.T.);
#1211=ORIENTED_EDGE('',*,*,#2733,.T.);
#1212=ORIENTED_EDGE('',*,*,#2756,.F.);
#1213=ORIENTED_EDGE('',*,*,#2757,.F.);
#1214=ORIENTED_EDGE('',*,*,#2756,.T.);
#1215=ORIENTED_EDGE('',*,*,#2732,.T.);
#1216=ORIENTED_EDGE('',*,*,#2758,.F.);
#1217=ORIENTED_EDGE('',*,*,#2759,.F.);
#1218=ORIENTED_EDGE('',*,*,#2758,.T.);
#1219=ORIENTED_EDGE('',*,*,#2731,.T.);
#1220=ORIENTED_EDGE('',*,*,#2741,.F.);
#1221=ORIENTED_EDGE('',*,*,#2760,.F.);
#1222=ORIENTED_EDGE('',*,*,#2761,.F.);
#1223=ORIENTED_EDGE('',*,*,#2762,.F.);
#1224=ORIENTED_EDGE('',*,*,#2763,.F.);
#1225=ORIENTED_EDGE('',*,*,#2764,.F.);
#1226=ORIENTED_EDGE('',*,*,#2765,.F.);
#1227=ORIENTED_EDGE('',*,*,#2766,.F.);
#1228=ORIENTED_EDGE('',*,*,#2767,.F.);
#1229=ORIENTED_EDGE('',*,*,#2768,.T.);
#1230=ORIENTED_EDGE('',*,*,#2760,.T.);
#1231=ORIENTED_EDGE('',*,*,#2769,.F.);
#1232=ORIENTED_EDGE('',*,*,#2770,.F.);
#1233=ORIENTED_EDGE('',*,*,#2769,.T.);
#1234=ORIENTED_EDGE('',*,*,#2766,.T.);
#1235=ORIENTED_EDGE('',*,*,#2771,.F.);
#1236=ORIENTED_EDGE('',*,*,#2772,.F.);
#1237=ORIENTED_EDGE('',*,*,#2771,.T.);
#1238=ORIENTED_EDGE('',*,*,#2765,.T.);
#1239=ORIENTED_EDGE('',*,*,#2773,.F.);
#1240=ORIENTED_EDGE('',*,*,#2774,.F.);
#1241=ORIENTED_EDGE('',*,*,#2773,.T.);
#1242=ORIENTED_EDGE('',*,*,#2764,.T.);
#1243=ORIENTED_EDGE('',*,*,#2775,.F.);
#1244=ORIENTED_EDGE('',*,*,#2776,.F.);
#1245=ORIENTED_EDGE('',*,*,#2775,.T.);
#1246=ORIENTED_EDGE('',*,*,#2763,.T.);
#1247=ORIENTED_EDGE('',*,*,#2777,.F.);
#1248=ORIENTED_EDGE('',*,*,#2778,.F.);
#1249=ORIENTED_EDGE('',*,*,#2777,.T.);
#1250=ORIENTED_EDGE('',*,*,#2762,.T.);
#1251=ORIENTED_EDGE('',*,*,#2779,.F.);
#1252=ORIENTED_EDGE('',*,*,#2780,.F.);
#1253=ORIENTED_EDGE('',*,*,#2779,.T.);
#1254=ORIENTED_EDGE('',*,*,#2761,.T.);
#1255=ORIENTED_EDGE('',*,*,#2768,.F.);
#1256=ORIENTED_EDGE('',*,*,#2781,.F.);
#1257=ORIENTED_EDGE('',*,*,#2781,.T.);
#1258=ORIENTED_EDGE('',*,*,#2782,.F.);
#1259=ORIENTED_EDGE('',*,*,#2783,.F.);
#1260=ORIENTED_EDGE('',*,*,#2783,.T.);
#1261=ORIENTED_EDGE('',*,*,#2784,.F.);
#1262=ORIENTED_EDGE('',*,*,#2785,.T.);
#1263=ORIENTED_EDGE('',*,*,#2786,.T.);
#1264=ORIENTED_EDGE('',*,*,#2787,.F.);
#1265=ORIENTED_EDGE('',*,*,#2788,.T.);
#1266=ORIENTED_EDGE('',*,*,#2789,.T.);
#1267=ORIENTED_EDGE('',*,*,#2790,.T.);
#1268=ORIENTED_EDGE('',*,*,#2791,.T.);
#1269=ORIENTED_EDGE('',*,*,#2792,.T.);
#1270=ORIENTED_EDGE('',*,*,#2793,.F.);
#1271=ORIENTED_EDGE('',*,*,#2794,.T.);
#1272=ORIENTED_EDGE('',*,*,#2795,.T.);
#1273=ORIENTED_EDGE('',*,*,#2794,.F.);
#1274=ORIENTED_EDGE('',*,*,#2795,.F.);
#1275=ORIENTED_EDGE('',*,*,#2796,.T.);
#1276=ORIENTED_EDGE('',*,*,#2797,.T.);
#1277=ORIENTED_EDGE('',*,*,#2796,.F.);
#1278=ORIENTED_EDGE('',*,*,#2798,.T.);
#1279=ORIENTED_EDGE('',*,*,#2797,.F.);
#1280=ORIENTED_EDGE('',*,*,#2799,.T.);
#1281=ORIENTED_EDGE('',*,*,#2800,.T.);
#1282=ORIENTED_EDGE('',*,*,#2801,.T.);
#1283=ORIENTED_EDGE('',*,*,#2802,.T.);
#1284=ORIENTED_EDGE('',*,*,#2803,.T.);
#1285=ORIENTED_EDGE('',*,*,#2804,.T.);
#1286=ORIENTED_EDGE('',*,*,#2805,.T.);
#1287=ORIENTED_EDGE('',*,*,#2806,.T.);
#1288=ORIENTED_EDGE('',*,*,#2807,.T.);
#1289=ORIENTED_EDGE('',*,*,#2808,.T.);
#1290=ORIENTED_EDGE('',*,*,#2809,.T.);
#1291=ORIENTED_EDGE('',*,*,#2810,.T.);
#1292=ORIENTED_EDGE('',*,*,#2811,.F.);
#1293=ORIENTED_EDGE('',*,*,#2793,.T.);
#1294=ORIENTED_EDGE('',*,*,#2812,.F.);
#1295=ORIENTED_EDGE('',*,*,#2812,.T.);
#1296=ORIENTED_EDGE('',*,*,#2811,.T.);
#1297=ORIENTED_EDGE('',*,*,#2813,.F.);
#1298=ORIENTED_EDGE('',*,*,#2814,.F.);
#1299=ORIENTED_EDGE('',*,*,#2815,.F.);
#1300=ORIENTED_EDGE('',*,*,#2816,.F.);
#1301=ORIENTED_EDGE('',*,*,#2817,.F.);
#1302=ORIENTED_EDGE('',*,*,#2818,.F.);
#1303=ORIENTED_EDGE('',*,*,#2819,.F.);
#1304=ORIENTED_EDGE('',*,*,#2820,.F.);
#1305=ORIENTED_EDGE('',*,*,#2821,.F.);
#1306=ORIENTED_EDGE('',*,*,#2822,.F.);
#1307=ORIENTED_EDGE('',*,*,#2823,.F.);
#1308=ORIENTED_EDGE('',*,*,#2824,.F.);
#1309=ORIENTED_EDGE('',*,*,#2800,.F.);
#1310=ORIENTED_EDGE('',*,*,#2825,.T.);
#1311=ORIENTED_EDGE('',*,*,#2813,.T.);
#1312=ORIENTED_EDGE('',*,*,#2826,.F.);
#1313=ORIENTED_EDGE('',*,*,#2801,.F.);
#1314=ORIENTED_EDGE('',*,*,#2826,.T.);
#1315=ORIENTED_EDGE('',*,*,#2824,.T.);
#1316=ORIENTED_EDGE('',*,*,#2827,.F.);
#1317=ORIENTED_EDGE('',*,*,#2802,.F.);
#1318=ORIENTED_EDGE('',*,*,#2827,.T.);
#1319=ORIENTED_EDGE('',*,*,#2823,.T.);
#1320=ORIENTED_EDGE('',*,*,#2828,.F.);
#1321=ORIENTED_EDGE('',*,*,#2803,.F.);
#1322=ORIENTED_EDGE('',*,*,#2828,.T.);
#1323=ORIENTED_EDGE('',*,*,#2822,.T.);
#1324=ORIENTED_EDGE('',*,*,#2829,.F.);
#1325=ORIENTED_EDGE('',*,*,#2804,.F.);
#1326=ORIENTED_EDGE('',*,*,#2829,.T.);
#1327=ORIENTED_EDGE('',*,*,#2821,.T.);
#1328=ORIENTED_EDGE('',*,*,#2830,.F.);
#1329=ORIENTED_EDGE('',*,*,#2805,.F.);
#1330=ORIENTED_EDGE('',*,*,#2830,.T.);
#1331=ORIENTED_EDGE('',*,*,#2820,.T.);
#1332=ORIENTED_EDGE('',*,*,#2831,.F.);
#1333=ORIENTED_EDGE('',*,*,#2806,.F.);
#1334=ORIENTED_EDGE('',*,*,#2831,.T.);
#1335=ORIENTED_EDGE('',*,*,#2819,.T.);
#1336=ORIENTED_EDGE('',*,*,#2832,.F.);
#1337=ORIENTED_EDGE('',*,*,#2807,.F.);
#1338=ORIENTED_EDGE('',*,*,#2832,.T.);
#1339=ORIENTED_EDGE('',*,*,#2818,.T.);
#1340=ORIENTED_EDGE('',*,*,#2833,.F.);
#1341=ORIENTED_EDGE('',*,*,#2808,.F.);
#1342=ORIENTED_EDGE('',*,*,#2833,.T.);
#1343=ORIENTED_EDGE('',*,*,#2817,.T.);
#1344=ORIENTED_EDGE('',*,*,#2834,.F.);
#1345=ORIENTED_EDGE('',*,*,#2809,.F.);
#1346=ORIENTED_EDGE('',*,*,#2834,.T.);
#1347=ORIENTED_EDGE('',*,*,#2816,.T.);
#1348=ORIENTED_EDGE('',*,*,#2835,.F.);
#1349=ORIENTED_EDGE('',*,*,#2810,.F.);
#1350=ORIENTED_EDGE('',*,*,#2835,.T.);
#1351=ORIENTED_EDGE('',*,*,#2815,.T.);
#1352=ORIENTED_EDGE('',*,*,#2836,.F.);
#1353=ORIENTED_EDGE('',*,*,#2799,.F.);
#1354=ORIENTED_EDGE('',*,*,#2836,.T.);
#1355=ORIENTED_EDGE('',*,*,#2814,.T.);
#1356=ORIENTED_EDGE('',*,*,#2825,.F.);
#1357=ORIENTED_EDGE('',*,*,#2837,.F.);
#1358=ORIENTED_EDGE('',*,*,#2838,.F.);
#1359=ORIENTED_EDGE('',*,*,#2839,.F.);
#1360=ORIENTED_EDGE('',*,*,#2840,.T.);
#1361=ORIENTED_EDGE('',*,*,#2841,.F.);
#1362=ORIENTED_EDGE('',*,*,#2840,.F.);
#1363=ORIENTED_EDGE('',*,*,#2842,.F.);
#1364=ORIENTED_EDGE('',*,*,#2843,.F.);
#1365=ORIENTED_EDGE('',*,*,#2844,.F.);
#1366=ORIENTED_EDGE('',*,*,#2845,.F.);
#1367=ORIENTED_EDGE('',*,*,#2846,.F.);
#1368=ORIENTED_EDGE('',*,*,#2842,.T.);
#1369=ORIENTED_EDGE('',*,*,#2839,.T.);
#1370=ORIENTED_EDGE('',*,*,#2847,.T.);
#1371=ORIENTED_EDGE('',*,*,#2848,.T.);
#1372=ORIENTED_EDGE('',*,*,#2849,.T.);
#1373=ORIENTED_EDGE('',*,*,#2850,.T.);
#1374=ORIENTED_EDGE('',*,*,#2851,.T.);
#1375=ORIENTED_EDGE('',*,*,#2852,.T.);
#1376=ORIENTED_EDGE('',*,*,#2853,.F.);
#1377=ORIENTED_EDGE('',*,*,#2854,.F.);
#1378=ORIENTED_EDGE('',*,*,#2850,.F.);
#1379=ORIENTED_EDGE('',*,*,#2855,.F.);
#1380=ORIENTED_EDGE('',*,*,#2847,.F.);
#1381=ORIENTED_EDGE('',*,*,#2838,.T.);
#1382=ORIENTED_EDGE('',*,*,#2856,.F.);
#1383=ORIENTED_EDGE('',*,*,#2857,.T.);
#1384=ORIENTED_EDGE('',*,*,#2858,.F.);
#1385=ORIENTED_EDGE('',*,*,#2851,.F.);
#1386=ORIENTED_EDGE('',*,*,#2854,.T.);
#1387=ORIENTED_EDGE('',*,*,#2859,.F.);
#1388=ORIENTED_EDGE('',*,*,#2845,.T.);
#1389=ORIENTED_EDGE('',*,*,#2860,.F.);
#1390=ORIENTED_EDGE('',*,*,#2861,.F.);
#1391=ORIENTED_EDGE('',*,*,#2862,.T.);
#1392=ORIENTED_EDGE('',*,*,#2863,.T.);
#1393=ORIENTED_EDGE('',*,*,#2864,.T.);
#1394=ORIENTED_EDGE('',*,*,#2861,.T.);
#1395=ORIENTED_EDGE('',*,*,#2865,.F.);
#1396=ORIENTED_EDGE('',*,*,#2866,.F.);
#1397=ORIENTED_EDGE('',*,*,#2867,.F.);
#1398=ORIENTED_EDGE('',*,*,#2868,.F.);
#1399=ORIENTED_EDGE('',*,*,#2869,.F.);
#1400=ORIENTED_EDGE('',*,*,#2870,.F.);
#1401=ORIENTED_EDGE('',*,*,#2871,.T.);
#1402=ORIENTED_EDGE('',*,*,#2872,.F.);
#1403=ORIENTED_EDGE('',*,*,#2873,.F.);
#1404=ORIENTED_EDGE('',*,*,#2874,.T.);
#1405=ORIENTED_EDGE('',*,*,#2875,.T.);
#1406=ORIENTED_EDGE('',*,*,#2876,.T.);
#1407=ORIENTED_EDGE('',*,*,#2787,.T.);
#1408=ORIENTED_EDGE('',*,*,#2877,.T.);
#1409=ORIENTED_EDGE('',*,*,#2878,.T.);
#1410=ORIENTED_EDGE('',*,*,#2873,.T.);
#1411=ORIENTED_EDGE('',*,*,#2865,.T.);
#1412=ORIENTED_EDGE('',*,*,#2860,.T.);
#1413=ORIENTED_EDGE('',*,*,#2844,.T.);
#1414=ORIENTED_EDGE('',*,*,#2879,.T.);
#1415=ORIENTED_EDGE('',*,*,#2880,.F.);
#1416=ORIENTED_EDGE('',*,*,#2881,.T.);
#1417=ORIENTED_EDGE('',*,*,#2882,.T.);
#1418=ORIENTED_EDGE('',*,*,#2883,.T.);
#1419=ORIENTED_EDGE('',*,*,#2878,.F.);
#1420=ORIENTED_EDGE('',*,*,#2884,.F.);
#1421=ORIENTED_EDGE('',*,*,#2883,.F.);
#1422=ORIENTED_EDGE('',*,*,#2885,.F.);
#1423=ORIENTED_EDGE('',*,*,#2874,.F.);
#1424=ORIENTED_EDGE('',*,*,#2886,.T.);
#1425=ORIENTED_EDGE('',*,*,#2852,.F.);
#1426=ORIENTED_EDGE('',*,*,#2858,.T.);
#1427=ORIENTED_EDGE('',*,*,#2887,.T.);
#1428=ORIENTED_EDGE('',*,*,#2888,.T.);
#1429=ORIENTED_EDGE('',*,*,#2889,.F.);
#1430=ORIENTED_EDGE('',*,*,#2890,.F.);
#1431=ORIENTED_EDGE('',*,*,#2891,.T.);
#1432=ORIENTED_EDGE('',*,*,#2892,.T.);
#1433=ORIENTED_EDGE('',*,*,#2893,.T.);
#1434=ORIENTED_EDGE('',*,*,#2894,.F.);
#1435=ORIENTED_EDGE('',*,*,#2720,.F.);
#1436=ORIENTED_EDGE('',*,*,#2895,.T.);
#1437=ORIENTED_EDGE('',*,*,#2896,.T.);
#1438=ORIENTED_EDGE('',*,*,#2897,.T.);
#1439=ORIENTED_EDGE('',*,*,#2898,.T.);
#1440=ORIENTED_EDGE('',*,*,#2896,.F.);
#1441=ORIENTED_EDGE('',*,*,#2899,.T.);
#1442=ORIENTED_EDGE('',*,*,#2900,.T.);
#1443=ORIENTED_EDGE('',*,*,#2789,.F.);
#1444=ORIENTED_EDGE('',*,*,#2901,.T.);
#1445=ORIENTED_EDGE('',*,*,#2902,.F.);
#1446=ORIENTED_EDGE('',*,*,#2903,.F.);
#1447=ORIENTED_EDGE('',*,*,#2904,.F.);
#1448=ORIENTED_EDGE('',*,*,#2905,.F.);
#1449=ORIENTED_EDGE('',*,*,#2906,.F.);
#1450=ORIENTED_EDGE('',*,*,#2907,.F.);
#1451=ORIENTED_EDGE('',*,*,#2908,.F.);
#1452=ORIENTED_EDGE('',*,*,#2909,.T.);
#1453=ORIENTED_EDGE('',*,*,#2893,.F.);
#1454=ORIENTED_EDGE('',*,*,#2910,.F.);
#1455=ORIENTED_EDGE('',*,*,#2911,.F.);
#1456=ORIENTED_EDGE('',*,*,#2912,.T.);
#1457=ORIENTED_EDGE('',*,*,#2913,.T.);
#1458=ORIENTED_EDGE('',*,*,#2888,.F.);
#1459=ORIENTED_EDGE('',*,*,#2898,.F.);
#1460=ORIENTED_EDGE('',*,*,#2914,.T.);
#1461=ORIENTED_EDGE('',*,*,#2915,.T.);
#1462=ORIENTED_EDGE('',*,*,#2916,.F.);
#1463=ORIENTED_EDGE('',*,*,#2917,.T.);
#1464=ORIENTED_EDGE('',*,*,#2897,.F.);
#1465=ORIENTED_EDGE('',*,*,#2788,.F.);
#1466=ORIENTED_EDGE('',*,*,#2918,.F.);
#1467=ORIENTED_EDGE('',*,*,#2919,.F.);
#1468=ORIENTED_EDGE('',*,*,#2920,.F.);
#1469=ORIENTED_EDGE('',*,*,#2921,.F.);
#1470=ORIENTED_EDGE('',*,*,#2914,.F.);
#1471=ORIENTED_EDGE('',*,*,#2922,.F.);
#1472=ORIENTED_EDGE('',*,*,#2923,.T.);
#1473=ORIENTED_EDGE('',*,*,#2924,.F.);
#1474=ORIENTED_EDGE('',*,*,#2925,.T.);
#1475=ORIENTED_EDGE('',*,*,#2926,.F.);
#1476=ORIENTED_EDGE('',*,*,#2927,.F.);
#1477=ORIENTED_EDGE('',*,*,#2928,.T.);
#1478=ORIENTED_EDGE('',*,*,#2929,.F.);
#1479=ORIENTED_EDGE('',*,*,#2930,.T.);
#1480=ORIENTED_EDGE('',*,*,#2931,.F.);
#1481=ORIENTED_EDGE('',*,*,#2932,.F.);
#1482=ORIENTED_EDGE('',*,*,#2890,.T.);
#1483=ORIENTED_EDGE('',*,*,#2933,.T.);
#1484=ORIENTED_EDGE('',*,*,#2934,.F.);
#1485=ORIENTED_EDGE('',*,*,#2935,.T.);
#1486=ORIENTED_EDGE('',*,*,#2936,.T.);
#1487=ORIENTED_EDGE('',*,*,#2937,.T.);
#1488=ORIENTED_EDGE('',*,*,#2938,.F.);
#1489=ORIENTED_EDGE('',*,*,#2939,.F.);
#1490=ORIENTED_EDGE('',*,*,#2940,.T.);
#1491=ORIENTED_EDGE('',*,*,#2941,.F.);
#1492=ORIENTED_EDGE('',*,*,#2942,.T.);
#1493=ORIENTED_EDGE('',*,*,#2943,.T.);
#1494=ORIENTED_EDGE('',*,*,#2944,.F.);
#1495=ORIENTED_EDGE('',*,*,#2945,.T.);
#1496=ORIENTED_EDGE('',*,*,#2946,.F.);
#1497=ORIENTED_EDGE('',*,*,#2909,.F.);
#1498=ORIENTED_EDGE('',*,*,#2947,.F.);
#1499=ORIENTED_EDGE('',*,*,#2948,.F.);
#1500=ORIENTED_EDGE('',*,*,#2949,.T.);
#1501=ORIENTED_EDGE('',*,*,#2950,.F.);
#1502=ORIENTED_EDGE('',*,*,#2951,.F.);
#1503=ORIENTED_EDGE('',*,*,#2952,.F.);
#1504=ORIENTED_EDGE('',*,*,#2953,.T.);
#1505=ORIENTED_EDGE('',*,*,#2954,.F.);
#1506=ORIENTED_EDGE('',*,*,#2955,.F.);
#1507=ORIENTED_EDGE('',*,*,#2956,.T.);
#1508=ORIENTED_EDGE('',*,*,#2957,.F.);
#1509=ORIENTED_EDGE('',*,*,#2952,.T.);
#1510=ORIENTED_EDGE('',*,*,#2958,.T.);
#1511=ORIENTED_EDGE('',*,*,#2959,.F.);
#1512=ORIENTED_EDGE('',*,*,#2960,.F.);
#1513=ORIENTED_EDGE('',*,*,#2961,.F.);
#1514=ORIENTED_EDGE('',*,*,#2931,.T.);
#1515=ORIENTED_EDGE('',*,*,#2932,.T.);
#1516=ORIENTED_EDGE('',*,*,#2961,.T.);
#1517=ORIENTED_EDGE('',*,*,#2962,.F.);
#1518=ORIENTED_EDGE('',*,*,#2891,.F.);
#1519=ORIENTED_EDGE('',*,*,#2933,.F.);
#1520=ORIENTED_EDGE('',*,*,#2889,.T.);
#1521=ORIENTED_EDGE('',*,*,#2913,.F.);
#1522=ORIENTED_EDGE('',*,*,#2963,.F.);
#1523=ORIENTED_EDGE('',*,*,#2964,.T.);
#1524=ORIENTED_EDGE('',*,*,#2965,.T.);
#1525=ORIENTED_EDGE('',*,*,#2926,.T.);
#1526=ORIENTED_EDGE('',*,*,#2966,.T.);
#1527=ORIENTED_EDGE('',*,*,#2967,.F.);
#1528=ORIENTED_EDGE('',*,*,#2940,.F.);
#1529=ORIENTED_EDGE('',*,*,#2968,.F.);
#1530=ORIENTED_EDGE('',*,*,#2969,.F.);
#1531=ORIENTED_EDGE('',*,*,#2939,.T.);
#1532=ORIENTED_EDGE('',*,*,#2970,.T.);
#1533=ORIENTED_EDGE('',*,*,#2971,.T.);
#1534=ORIENTED_EDGE('',*,*,#2968,.T.);
#1535=ORIENTED_EDGE('',*,*,#2972,.F.);
#1536=ORIENTED_EDGE('',*,*,#2973,.F.);
#1537=ORIENTED_EDGE('',*,*,#2966,.F.);
#1538=ORIENTED_EDGE('',*,*,#2925,.F.);
#1539=ORIENTED_EDGE('',*,*,#2924,.T.);
#1540=ORIENTED_EDGE('',*,*,#2974,.T.);
#1541=ORIENTED_EDGE('',*,*,#2975,.T.);
#1542=ORIENTED_EDGE('',*,*,#2972,.T.);
#1543=ORIENTED_EDGE('',*,*,#2976,.F.);
#1544=ORIENTED_EDGE('',*,*,#2977,.F.);
#1545=ORIENTED_EDGE('',*,*,#2974,.F.);
#1546=ORIENTED_EDGE('',*,*,#2923,.F.);
#1547=ORIENTED_EDGE('',*,*,#2978,.T.);
#1548=ORIENTED_EDGE('',*,*,#2976,.T.);
#1549=ORIENTED_EDGE('',*,*,#2922,.T.);
#1550=ORIENTED_EDGE('',*,*,#2967,.T.);
#1551=ORIENTED_EDGE('',*,*,#2979,.T.);
#1552=ORIENTED_EDGE('',*,*,#2980,.T.);
#1553=ORIENTED_EDGE('',*,*,#2981,.F.);
#1554=ORIENTED_EDGE('',*,*,#2982,.T.);
#1555=ORIENTED_EDGE('',*,*,#2983,.F.);
#1556=ORIENTED_EDGE('',*,*,#2984,.F.);
#1557=ORIENTED_EDGE('',*,*,#2982,.F.);
#1558=ORIENTED_EDGE('',*,*,#2985,.F.);
#1559=ORIENTED_EDGE('',*,*,#2986,.T.);
#1560=ORIENTED_EDGE('',*,*,#2983,.T.);
#1561=ORIENTED_EDGE('',*,*,#2987,.F.);
#1562=ORIENTED_EDGE('',*,*,#2941,.T.);
#1563=ORIENTED_EDGE('',*,*,#2988,.F.);
#1564=ORIENTED_EDGE('',*,*,#2927,.T.);
#1565=ORIENTED_EDGE('',*,*,#2965,.F.);
#1566=ORIENTED_EDGE('',*,*,#2989,.T.);
#1567=ORIENTED_EDGE('',*,*,#2980,.F.);
#1568=ORIENTED_EDGE('',*,*,#2990,.F.);
#1569=ORIENTED_EDGE('',*,*,#2901,.F.);
#1570=ORIENTED_EDGE('',*,*,#2991,.F.);
#1571=ORIENTED_EDGE('',*,*,#2992,.T.);
#1572=ORIENTED_EDGE('',*,*,#2993,.T.);
#1573=ORIENTED_EDGE('',*,*,#2928,.F.);
#1574=ORIENTED_EDGE('',*,*,#2988,.T.);
#1575=ORIENTED_EDGE('',*,*,#2994,.F.);
#1576=ORIENTED_EDGE('',*,*,#2929,.T.);
#1577=ORIENTED_EDGE('',*,*,#2993,.F.);
#1578=ORIENTED_EDGE('',*,*,#2995,.F.);
#1579=ORIENTED_EDGE('',*,*,#2996,.F.);
#1580=ORIENTED_EDGE('',*,*,#2995,.T.);
#1581=ORIENTED_EDGE('',*,*,#2992,.F.);
#1582=ORIENTED_EDGE('',*,*,#2991,.T.);
#1583=ORIENTED_EDGE('',*,*,#2910,.T.);
#1584=ORIENTED_EDGE('',*,*,#2892,.F.);
#1585=ORIENTED_EDGE('',*,*,#2962,.T.);
#1586=ORIENTED_EDGE('',*,*,#2960,.T.);
#1587=ORIENTED_EDGE('',*,*,#2996,.T.);
#1588=ORIENTED_EDGE('',*,*,#2959,.T.);
#1589=ORIENTED_EDGE('',*,*,#2930,.F.);
#1590=ORIENTED_EDGE('',*,*,#2994,.T.);
#1591=ORIENTED_EDGE('',*,*,#2997,.F.);
#1592=ORIENTED_EDGE('',*,*,#2917,.F.);
#1593=ORIENTED_EDGE('',*,*,#2998,.F.);
#1594=ORIENTED_EDGE('',*,*,#2936,.F.);
#1595=ORIENTED_EDGE('',*,*,#2916,.T.);
#1596=ORIENTED_EDGE('',*,*,#2999,.T.);
#1597=ORIENTED_EDGE('',*,*,#2937,.F.);
#1598=ORIENTED_EDGE('',*,*,#2998,.T.);
#1599=ORIENTED_EDGE('',*,*,#3000,.F.);
#1600=ORIENTED_EDGE('',*,*,#3001,.T.);
#1601=ORIENTED_EDGE('',*,*,#2970,.F.);
#1602=ORIENTED_EDGE('',*,*,#2938,.T.);
#1603=ORIENTED_EDGE('',*,*,#2999,.F.);
#1604=ORIENTED_EDGE('',*,*,#2915,.F.);
#1605=ORIENTED_EDGE('',*,*,#2921,.T.);
#1606=ORIENTED_EDGE('',*,*,#3002,.F.);
#1607=ORIENTED_EDGE('',*,*,#3003,.T.);
#1608=ORIENTED_EDGE('',*,*,#2950,.T.);
#1609=ORIENTED_EDGE('',*,*,#3004,.F.);
#1610=ORIENTED_EDGE('',*,*,#3000,.T.);
#1611=ORIENTED_EDGE('',*,*,#3005,.T.);
#1612=ORIENTED_EDGE('',*,*,#2958,.F.);
#1613=ORIENTED_EDGE('',*,*,#2955,.T.);
#1614=ORIENTED_EDGE('',*,*,#3006,.T.);
#1615=ORIENTED_EDGE('',*,*,#3007,.F.);
#1616=ORIENTED_EDGE('',*,*,#2951,.T.);
#1617=ORIENTED_EDGE('',*,*,#3003,.F.);
#1618=ORIENTED_EDGE('',*,*,#3002,.T.);
#1619=ORIENTED_EDGE('',*,*,#2920,.T.);
#1620=ORIENTED_EDGE('',*,*,#3008,.F.);
#1621=ORIENTED_EDGE('',*,*,#3009,.T.);
#1622=ORIENTED_EDGE('',*,*,#3010,.F.);
#1623=ORIENTED_EDGE('',*,*,#3006,.F.);
#1624=ORIENTED_EDGE('',*,*,#2954,.T.);
#1625=ORIENTED_EDGE('',*,*,#3011,.T.);
#1626=ORIENTED_EDGE('',*,*,#3007,.T.);
#1627=ORIENTED_EDGE('',*,*,#3010,.T.);
#1628=ORIENTED_EDGE('',*,*,#3012,.F.);
#1629=ORIENTED_EDGE('',*,*,#2948,.T.);
#1630=ORIENTED_EDGE('',*,*,#3013,.F.);
#1631=ORIENTED_EDGE('',*,*,#2934,.T.);
#1632=ORIENTED_EDGE('',*,*,#2963,.T.);
#1633=ORIENTED_EDGE('',*,*,#2912,.F.);
#1634=ORIENTED_EDGE('',*,*,#2911,.T.);
#1635=ORIENTED_EDGE('',*,*,#2997,.T.);
#1636=ORIENTED_EDGE('',*,*,#2935,.F.);
#1637=ORIENTED_EDGE('',*,*,#3013,.T.);
#1638=ORIENTED_EDGE('',*,*,#3014,.T.);
#1639=ORIENTED_EDGE('',*,*,#3015,.F.);
#1640=ORIENTED_EDGE('',*,*,#3016,.T.);
#1641=ORIENTED_EDGE('',*,*,#3017,.T.);
#1642=ORIENTED_EDGE('',*,*,#3018,.T.);
#1643=ORIENTED_EDGE('',*,*,#3015,.T.);
#1644=ORIENTED_EDGE('',*,*,#3019,.T.);
#1645=ORIENTED_EDGE('',*,*,#2790,.F.);
#1646=ORIENTED_EDGE('',*,*,#3020,.T.);
#1647=ORIENTED_EDGE('',*,*,#3021,.F.);
#1648=ORIENTED_EDGE('',*,*,#3022,.T.);
#1649=ORIENTED_EDGE('',*,*,#3023,.F.);
#1650=ORIENTED_EDGE('',*,*,#3024,.F.);
#1651=ORIENTED_EDGE('',*,*,#3025,.F.);
#1652=ORIENTED_EDGE('',*,*,#3026,.T.);
#1653=ORIENTED_EDGE('',*,*,#3027,.T.);
#1654=ORIENTED_EDGE('',*,*,#3028,.F.);
#1655=ORIENTED_EDGE('',*,*,#3029,.T.);
#1656=ORIENTED_EDGE('',*,*,#3030,.T.);
#1657=ORIENTED_EDGE('',*,*,#3031,.F.);
#1658=ORIENTED_EDGE('',*,*,#3032,.T.);
#1659=ORIENTED_EDGE('',*,*,#3033,.T.);
#1660=ORIENTED_EDGE('',*,*,#3034,.F.);
#1661=ORIENTED_EDGE('',*,*,#3027,.F.);
#1662=ORIENTED_EDGE('',*,*,#3035,.T.);
#1663=ORIENTED_EDGE('',*,*,#3016,.F.);
#1664=ORIENTED_EDGE('',*,*,#3018,.F.);
#1665=ORIENTED_EDGE('',*,*,#3036,.F.);
#1666=ORIENTED_EDGE('',*,*,#3037,.F.);
#1667=ORIENTED_EDGE('',*,*,#3038,.T.);
#1668=ORIENTED_EDGE('',*,*,#3029,.F.);
#1669=ORIENTED_EDGE('',*,*,#3039,.F.);
#1670=ORIENTED_EDGE('',*,*,#3040,.F.);
#1671=ORIENTED_EDGE('',*,*,#3041,.F.);
#1672=ORIENTED_EDGE('',*,*,#3042,.F.);
#1673=ORIENTED_EDGE('',*,*,#3043,.T.);
#1674=ORIENTED_EDGE('',*,*,#3044,.T.);
#1675=ORIENTED_EDGE('',*,*,#3042,.T.);
#1676=ORIENTED_EDGE('',*,*,#3045,.F.);
#1677=ORIENTED_EDGE('',*,*,#3046,.F.);
#1678=ORIENTED_EDGE('',*,*,#3047,.T.);
#1679=ORIENTED_EDGE('',*,*,#3048,.F.);
#1680=ORIENTED_EDGE('',*,*,#3049,.F.);
#1681=ORIENTED_EDGE('',*,*,#3050,.T.);
#1682=ORIENTED_EDGE('',*,*,#3051,.F.);
#1683=ORIENTED_EDGE('',*,*,#3052,.T.);
#1684=ORIENTED_EDGE('',*,*,#3053,.F.);
#1685=ORIENTED_EDGE('',*,*,#3054,.F.);
#1686=ORIENTED_EDGE('',*,*,#3055,.F.);
#1687=ORIENTED_EDGE('',*,*,#3056,.T.);
#1688=ORIENTED_EDGE('',*,*,#3057,.F.);
#1689=ORIENTED_EDGE('',*,*,#3058,.F.);
#1690=ORIENTED_EDGE('',*,*,#3059,.T.);
#1691=ORIENTED_EDGE('',*,*,#3060,.T.);
#1692=ORIENTED_EDGE('',*,*,#3061,.T.);
#1693=ORIENTED_EDGE('',*,*,#3062,.F.);
#1694=ORIENTED_EDGE('',*,*,#3063,.T.);
#1695=ORIENTED_EDGE('',*,*,#3064,.F.);
#1696=ORIENTED_EDGE('',*,*,#3065,.T.);
#1697=ORIENTED_EDGE('',*,*,#3049,.T.);
#1698=ORIENTED_EDGE('',*,*,#3066,.F.);
#1699=ORIENTED_EDGE('',*,*,#3067,.T.);
#1700=ORIENTED_EDGE('',*,*,#3068,.T.);
#1701=ORIENTED_EDGE('',*,*,#3069,.F.);
#1702=ORIENTED_EDGE('',*,*,#3070,.T.);
#1703=ORIENTED_EDGE('',*,*,#3071,.F.);
#1704=ORIENTED_EDGE('',*,*,#3072,.F.);
#1705=ORIENTED_EDGE('',*,*,#3068,.F.);
#1706=ORIENTED_EDGE('',*,*,#3073,.F.);
#1707=ORIENTED_EDGE('',*,*,#3074,.F.);
#1708=ORIENTED_EDGE('',*,*,#3073,.T.);
#1709=ORIENTED_EDGE('',*,*,#3067,.F.);
#1710=ORIENTED_EDGE('',*,*,#3075,.T.);
#1711=ORIENTED_EDGE('',*,*,#3037,.T.);
#1712=ORIENTED_EDGE('',*,*,#3076,.F.);
#1713=ORIENTED_EDGE('',*,*,#3045,.T.);
#1714=ORIENTED_EDGE('',*,*,#3041,.T.);
#1715=ORIENTED_EDGE('',*,*,#3074,.T.);
#1716=ORIENTED_EDGE('',*,*,#3040,.T.);
#1717=ORIENTED_EDGE('',*,*,#3077,.F.);
#1718=ORIENTED_EDGE('',*,*,#3071,.T.);
#1719=ORIENTED_EDGE('',*,*,#3078,.F.);
#1720=ORIENTED_EDGE('',*,*,#3032,.F.);
#1721=ORIENTED_EDGE('',*,*,#3079,.F.);
#1722=ORIENTED_EDGE('',*,*,#3080,.T.);
#1723=ORIENTED_EDGE('',*,*,#3031,.T.);
#1724=ORIENTED_EDGE('',*,*,#3081,.T.);
#1725=ORIENTED_EDGE('',*,*,#3082,.F.);
#1726=ORIENTED_EDGE('',*,*,#3079,.T.);
#1727=ORIENTED_EDGE('',*,*,#3083,.F.);
#1728=ORIENTED_EDGE('',*,*,#3084,.T.);
#1729=ORIENTED_EDGE('',*,*,#3035,.F.);
#1730=ORIENTED_EDGE('',*,*,#3026,.F.);
#1731=ORIENTED_EDGE('',*,*,#3025,.T.);
#1732=ORIENTED_EDGE('',*,*,#3078,.T.);
#1733=ORIENTED_EDGE('',*,*,#3085,.F.);
#1734=ORIENTED_EDGE('',*,*,#3083,.T.);
#1735=ORIENTED_EDGE('',*,*,#3086,.T.);
#1736=ORIENTED_EDGE('',*,*,#3057,.T.);
#1737=ORIENTED_EDGE('',*,*,#3087,.F.);
#1738=ORIENTED_EDGE('',*,*,#3088,.T.);
#1739=ORIENTED_EDGE('',*,*,#3089,.F.);
#1740=ORIENTED_EDGE('',*,*,#3063,.F.);
#1741=ORIENTED_EDGE('',*,*,#3090,.F.);
#1742=ORIENTED_EDGE('',*,*,#3091,.F.);
#1743=ORIENTED_EDGE('',*,*,#3062,.T.);
#1744=ORIENTED_EDGE('',*,*,#3092,.T.);
#1745=ORIENTED_EDGE('',*,*,#3093,.F.);
#1746=ORIENTED_EDGE('',*,*,#3090,.T.);
#1747=ORIENTED_EDGE('',*,*,#3094,.F.);
#1748=ORIENTED_EDGE('',*,*,#3095,.T.);
#1749=ORIENTED_EDGE('',*,*,#3050,.F.);
#1750=ORIENTED_EDGE('',*,*,#3065,.F.);
#1751=ORIENTED_EDGE('',*,*,#3064,.T.);
#1752=ORIENTED_EDGE('',*,*,#3089,.T.);
#1753=ORIENTED_EDGE('',*,*,#3096,.F.);
#1754=ORIENTED_EDGE('',*,*,#3094,.T.);
#1755=ORIENTED_EDGE('',*,*,#3097,.F.);
#1756=ORIENTED_EDGE('',*,*,#3058,.T.);
#1757=ORIENTED_EDGE('',*,*,#3086,.F.);
#1758=ORIENTED_EDGE('',*,*,#3098,.T.);
#1759=ORIENTED_EDGE('',*,*,#3099,.T.);
#1760=ORIENTED_EDGE('',*,*,#3100,.F.);
#1761=ORIENTED_EDGE('',*,*,#3023,.T.);
#1762=ORIENTED_EDGE('',*,*,#3101,.T.);
#1763=ORIENTED_EDGE('',*,*,#3102,.F.);
#1764=ORIENTED_EDGE('',*,*,#3101,.F.);
#1765=ORIENTED_EDGE('',*,*,#3022,.F.);
#1766=ORIENTED_EDGE('',*,*,#3103,.T.);
#1767=ORIENTED_EDGE('',*,*,#3097,.T.);
#1768=ORIENTED_EDGE('',*,*,#3102,.T.);
#1769=ORIENTED_EDGE('',*,*,#3104,.F.);
#1770=ORIENTED_EDGE('',*,*,#3055,.T.);
#1771=ORIENTED_EDGE('',*,*,#3105,.F.);
#1772=ORIENTED_EDGE('',*,*,#3106,.T.);
#1773=ORIENTED_EDGE('',*,*,#3081,.F.);
#1774=ORIENTED_EDGE('',*,*,#3030,.F.);
#1775=ORIENTED_EDGE('',*,*,#3038,.F.);
#1776=ORIENTED_EDGE('',*,*,#3075,.F.);
#1777=ORIENTED_EDGE('',*,*,#3070,.F.);
#1778=ORIENTED_EDGE('',*,*,#3107,.T.);
#1779=ORIENTED_EDGE('',*,*,#3108,.T.);
#1780=ORIENTED_EDGE('',*,*,#3105,.T.);
#1781=ORIENTED_EDGE('',*,*,#3109,.T.);
#1782=ORIENTED_EDGE('',*,*,#3110,.T.);
#1783=ORIENTED_EDGE('',*,*,#3111,.F.);
#1784=ORIENTED_EDGE('',*,*,#3112,.T.);
#1785=ORIENTED_EDGE('',*,*,#3092,.F.);
#1786=ORIENTED_EDGE('',*,*,#3061,.F.);
#1787=ORIENTED_EDGE('',*,*,#3113,.T.);
#1788=ORIENTED_EDGE('',*,*,#3098,.F.);
#1789=ORIENTED_EDGE('',*,*,#3088,.F.);
#1790=ORIENTED_EDGE('',*,*,#3114,.T.);
#1791=ORIENTED_EDGE('',*,*,#3115,.T.);
#1792=ORIENTED_EDGE('',*,*,#3116,.T.);
#1793=ORIENTED_EDGE('',*,*,#3117,.T.);
#1794=ORIENTED_EDGE('',*,*,#3111,.T.);
#1795=ORIENTED_EDGE('',*,*,#3118,.F.);
#1796=ORIENTED_EDGE('',*,*,#3119,.T.);
#1797=ORIENTED_EDGE('',*,*,#3115,.F.);
#1798=ORIENTED_EDGE('',*,*,#3114,.F.);
#1799=ORIENTED_EDGE('',*,*,#3087,.T.);
#1800=ORIENTED_EDGE('',*,*,#3056,.F.);
#1801=ORIENTED_EDGE('',*,*,#3104,.T.);
#1802=ORIENTED_EDGE('',*,*,#3103,.F.);
#1803=ORIENTED_EDGE('',*,*,#3021,.T.);
#1804=ORIENTED_EDGE('',*,*,#3120,.T.);
#1805=ORIENTED_EDGE('',*,*,#3033,.F.);
#1806=ORIENTED_EDGE('',*,*,#3084,.F.);
#1807=ORIENTED_EDGE('',*,*,#3085,.T.);
#1808=ORIENTED_EDGE('',*,*,#3080,.F.);
#1809=ORIENTED_EDGE('',*,*,#3082,.T.);
#1810=ORIENTED_EDGE('',*,*,#3106,.F.);
#1811=ORIENTED_EDGE('',*,*,#3108,.F.);
#1812=ORIENTED_EDGE('',*,*,#3121,.F.);
#1813=ORIENTED_EDGE('',*,*,#3122,.F.);
#1814=ORIENTED_EDGE('',*,*,#3052,.F.);
#1815=ORIENTED_EDGE('',*,*,#3123,.F.);
#1816=ORIENTED_EDGE('',*,*,#3121,.T.);
#1817=ORIENTED_EDGE('',*,*,#3110,.F.);
#1818=ORIENTED_EDGE('',*,*,#3124,.F.);
#1819=ORIENTED_EDGE('',*,*,#3125,.T.);
#1820=ORIENTED_EDGE('',*,*,#3053,.T.);
#1821=ORIENTED_EDGE('',*,*,#3122,.T.);
#1822=ORIENTED_EDGE('',*,*,#3123,.T.);
#1823=ORIENTED_EDGE('',*,*,#3126,.F.);
#1824=ORIENTED_EDGE('',*,*,#3054,.T.);
#1825=ORIENTED_EDGE('',*,*,#3125,.F.);
#1826=ORIENTED_EDGE('',*,*,#3124,.T.);
#1827=ORIENTED_EDGE('',*,*,#3109,.F.);
#1828=ORIENTED_EDGE('',*,*,#3107,.F.);
#1829=ORIENTED_EDGE('',*,*,#3069,.T.);
#1830=ORIENTED_EDGE('',*,*,#3072,.T.);
#1831=ORIENTED_EDGE('',*,*,#3077,.T.);
#1832=ORIENTED_EDGE('',*,*,#3043,.F.);
#1833=ORIENTED_EDGE('',*,*,#3044,.F.);
#1834=ORIENTED_EDGE('',*,*,#3127,.F.);
#1835=ORIENTED_EDGE('',*,*,#3047,.F.);
#1836=ORIENTED_EDGE('',*,*,#3095,.F.);
#1837=ORIENTED_EDGE('',*,*,#3096,.T.);
#1838=ORIENTED_EDGE('',*,*,#3091,.T.);
#1839=ORIENTED_EDGE('',*,*,#3093,.T.);
#1840=ORIENTED_EDGE('',*,*,#3112,.F.);
#1841=ORIENTED_EDGE('',*,*,#3117,.F.);
#1842=ORIENTED_EDGE('',*,*,#3128,.F.);
#1843=ORIENTED_EDGE('',*,*,#3129,.F.);
#1844=ORIENTED_EDGE('',*,*,#3128,.T.);
#1845=ORIENTED_EDGE('',*,*,#3116,.F.);
#1846=ORIENTED_EDGE('',*,*,#3119,.F.);
#1847=ORIENTED_EDGE('',*,*,#3126,.T.);
#1848=ORIENTED_EDGE('',*,*,#3129,.T.);
#1849=ORIENTED_EDGE('',*,*,#3118,.T.);
#1850=ORIENTED_EDGE('',*,*,#3051,.T.);
#1851=ORIENTED_EDGE('',*,*,#2692,.T.);
#1852=ORIENTED_EDGE('',*,*,#3130,.T.);
#1853=ORIENTED_EDGE('',*,*,#3131,.F.);
#1854=ORIENTED_EDGE('',*,*,#2759,.T.);
#1855=ORIENTED_EDGE('',*,*,#2740,.T.);
#1856=ORIENTED_EDGE('',*,*,#2743,.T.);
#1857=ORIENTED_EDGE('',*,*,#2745,.T.);
#1858=ORIENTED_EDGE('',*,*,#2747,.T.);
#1859=ORIENTED_EDGE('',*,*,#2749,.T.);
#1860=ORIENTED_EDGE('',*,*,#2751,.T.);
#1861=ORIENTED_EDGE('',*,*,#2753,.T.);
#1862=ORIENTED_EDGE('',*,*,#2755,.T.);
#1863=ORIENTED_EDGE('',*,*,#2757,.T.);
#1864=ORIENTED_EDGE('',*,*,#2780,.T.);
#1865=ORIENTED_EDGE('',*,*,#2767,.T.);
#1866=ORIENTED_EDGE('',*,*,#2770,.T.);
#1867=ORIENTED_EDGE('',*,*,#2772,.T.);
#1868=ORIENTED_EDGE('',*,*,#2774,.T.);
#1869=ORIENTED_EDGE('',*,*,#2776,.T.);
#1870=ORIENTED_EDGE('',*,*,#2778,.T.);
#1871=ORIENTED_EDGE('',*,*,#2782,.T.);
#1872=ORIENTED_EDGE('',*,*,#2784,.T.);
#1873=ORIENTED_EDGE('',*,*,#3132,.T.);
#1874=ORIENTED_EDGE('',*,*,#3133,.F.);
#1875=ORIENTED_EDGE('',*,*,#2899,.F.);
#1876=ORIENTED_EDGE('',*,*,#2895,.F.);
#1877=ORIENTED_EDGE('',*,*,#2719,.F.);
#1878=ORIENTED_EDGE('',*,*,#2716,.F.);
#1879=ORIENTED_EDGE('',*,*,#2713,.T.);
#1880=ORIENTED_EDGE('',*,*,#2710,.F.);
#1881=ORIENTED_EDGE('',*,*,#2707,.T.);
#1882=ORIENTED_EDGE('',*,*,#2700,.F.);
#1883=ORIENTED_EDGE('',*,*,#2696,.T.);
#1884=ORIENTED_EDGE('',*,*,#3134,.F.);
#1885=ORIENTED_EDGE('',*,*,#3135,.T.);
#1886=ORIENTED_EDGE('',*,*,#3136,.T.);
#1887=ORIENTED_EDGE('',*,*,#3137,.F.);
#1888=ORIENTED_EDGE('',*,*,#2727,.T.);
#1889=ORIENTED_EDGE('',*,*,#2724,.F.);
#1890=ORIENTED_EDGE('',*,*,#3138,.T.);
#1891=ORIENTED_EDGE('',*,*,#3139,.F.);
#1892=ORIENTED_EDGE('',*,*,#3140,.T.);
#1893=ORIENTED_EDGE('',*,*,#3141,.T.);
#1894=ORIENTED_EDGE('',*,*,#3142,.T.);
#1895=ORIENTED_EDGE('',*,*,#3143,.T.);
#1896=ORIENTED_EDGE('',*,*,#3144,.T.);
#1897=ORIENTED_EDGE('',*,*,#3145,.T.);
#1898=ORIENTED_EDGE('',*,*,#2728,.F.);
#1899=ORIENTED_EDGE('',*,*,#3137,.T.);
#1900=ORIENTED_EDGE('',*,*,#3146,.T.);
#1901=ORIENTED_EDGE('',*,*,#3147,.T.);
#1902=ORIENTED_EDGE('',*,*,#3148,.T.);
#1903=ORIENTED_EDGE('',*,*,#2729,.F.);
#1904=ORIENTED_EDGE('',*,*,#3145,.F.);
#1905=ORIENTED_EDGE('',*,*,#3136,.F.);
#1906=ORIENTED_EDGE('',*,*,#3149,.F.);
#1907=ORIENTED_EDGE('',*,*,#3150,.T.);
#1908=ORIENTED_EDGE('',*,*,#3151,.T.);
#1909=ORIENTED_EDGE('',*,*,#3152,.T.);
#1910=ORIENTED_EDGE('',*,*,#3153,.T.);
#1911=ORIENTED_EDGE('',*,*,#3154,.T.);
#1912=ORIENTED_EDGE('',*,*,#3155,.T.);
#1913=ORIENTED_EDGE('',*,*,#3156,.T.);
#1914=ORIENTED_EDGE('',*,*,#3157,.T.);
#1915=ORIENTED_EDGE('',*,*,#3158,.T.);
#1916=ORIENTED_EDGE('',*,*,#3159,.T.);
#1917=ORIENTED_EDGE('',*,*,#3160,.T.);
#1918=ORIENTED_EDGE('',*,*,#3161,.T.);
#1919=ORIENTED_EDGE('',*,*,#3162,.F.);
#1920=ORIENTED_EDGE('',*,*,#3163,.T.);
#1921=ORIENTED_EDGE('',*,*,#3158,.F.);
#1922=ORIENTED_EDGE('',*,*,#3164,.T.);
#1923=ORIENTED_EDGE('',*,*,#3165,.T.);
#1924=ORIENTED_EDGE('',*,*,#3166,.F.);
#1925=ORIENTED_EDGE('',*,*,#3162,.T.);
#1926=ORIENTED_EDGE('',*,*,#3167,.F.);
#1927=ORIENTED_EDGE('',*,*,#3168,.T.);
#1928=ORIENTED_EDGE('',*,*,#3167,.T.);
#1929=ORIENTED_EDGE('',*,*,#3147,.F.);
#1930=ORIENTED_EDGE('',*,*,#3169,.F.);
#1931=ORIENTED_EDGE('',*,*,#3169,.T.);
#1932=ORIENTED_EDGE('',*,*,#3170,.F.);
#1933=ORIENTED_EDGE('',*,*,#3168,.F.);
#1934=ORIENTED_EDGE('',*,*,#3170,.T.);
#1935=ORIENTED_EDGE('',*,*,#3146,.F.);
#1936=ORIENTED_EDGE('',*,*,#3171,.F.);
#1937=ORIENTED_EDGE('',*,*,#3171,.T.);
#1938=ORIENTED_EDGE('',*,*,#3172,.T.);
#1939=ORIENTED_EDGE('',*,*,#3159,.F.);
#1940=ORIENTED_EDGE('',*,*,#3163,.F.);
#1941=ORIENTED_EDGE('',*,*,#3166,.T.);
#1942=ORIENTED_EDGE('',*,*,#3173,.T.);
#1943=ORIENTED_EDGE('',*,*,#3164,.F.);
#1944=ORIENTED_EDGE('',*,*,#3161,.F.);
#1945=ORIENTED_EDGE('',*,*,#3157,.F.);
#1946=ORIENTED_EDGE('',*,*,#3174,.F.);
#1947=ORIENTED_EDGE('',*,*,#3132,.F.);
#1948=ORIENTED_EDGE('',*,*,#3175,.F.);
#1949=ORIENTED_EDGE('',*,*,#3175,.T.);
#1950=ORIENTED_EDGE('',*,*,#3174,.T.);
#1951=ORIENTED_EDGE('',*,*,#3176,.T.);
#1952=ORIENTED_EDGE('',*,*,#3177,.T.);
#1953=ORIENTED_EDGE('',*,*,#3178,.T.);
#1954=ORIENTED_EDGE('',*,*,#3179,.T.);
#1955=ORIENTED_EDGE('',*,*,#2877,.F.);
#1956=ORIENTED_EDGE('',*,*,#2786,.F.);
#1957=ORIENTED_EDGE('',*,*,#3180,.T.);
#1958=ORIENTED_EDGE('',*,*,#3160,.F.);
#1959=ORIENTED_EDGE('',*,*,#3172,.F.);
#1960=ORIENTED_EDGE('',*,*,#3165,.F.);
#1961=ORIENTED_EDGE('',*,*,#3173,.F.);
#1962=ORIENTED_EDGE('',*,*,#3181,.T.);
#1963=ORIENTED_EDGE('',*,*,#3182,.T.);
#1964=ORIENTED_EDGE('',*,*,#3154,.F.);
#1965=ORIENTED_EDGE('',*,*,#3183,.F.);
#1966=ORIENTED_EDGE('',*,*,#3184,.F.);
#1967=ORIENTED_EDGE('',*,*,#3185,.T.);
#1968=ORIENTED_EDGE('',*,*,#3186,.F.);
#1969=ORIENTED_EDGE('',*,*,#3187,.F.);
#1970=ORIENTED_EDGE('',*,*,#3176,.F.);
#1971=ORIENTED_EDGE('',*,*,#3153,.F.);
#1972=ORIENTED_EDGE('',*,*,#3188,.T.);
#1973=ORIENTED_EDGE('',*,*,#3189,.F.);
#1974=ORIENTED_EDGE('',*,*,#3190,.F.);
#1975=ORIENTED_EDGE('',*,*,#3191,.F.);
#1976=ORIENTED_EDGE('',*,*,#3181,.F.);
#1977=ORIENTED_EDGE('',*,*,#3152,.F.);
#1978=ORIENTED_EDGE('',*,*,#3192,.T.);
#1979=ORIENTED_EDGE('',*,*,#3193,.F.);
#1980=ORIENTED_EDGE('',*,*,#3188,.F.);
#1981=ORIENTED_EDGE('',*,*,#3194,.T.);
#1982=ORIENTED_EDGE('',*,*,#3195,.T.);
#1983=ORIENTED_EDGE('',*,*,#3196,.F.);
#1984=ORIENTED_EDGE('',*,*,#3197,.F.);
#1985=ORIENTED_EDGE('',*,*,#3198,.F.);
#1986=ORIENTED_EDGE('',*,*,#3199,.T.);
#1987=ORIENTED_EDGE('',*,*,#3200,.F.);
#1988=ORIENTED_EDGE('',*,*,#3201,.F.);
#1989=ORIENTED_EDGE('',*,*,#3202,.T.);
#1990=ORIENTED_EDGE('',*,*,#3203,.F.);
#1991=ORIENTED_EDGE('',*,*,#3204,.F.);
#1992=ORIENTED_EDGE('',*,*,#3200,.T.);
#1993=ORIENTED_EDGE('',*,*,#3205,.T.);
#1994=ORIENTED_EDGE('',*,*,#3197,.T.);
#1995=ORIENTED_EDGE('',*,*,#3206,.F.);
#1996=ORIENTED_EDGE('',*,*,#3207,.F.);
#1997=ORIENTED_EDGE('',*,*,#3151,.F.);
#1998=ORIENTED_EDGE('',*,*,#3207,.T.);
#1999=ORIENTED_EDGE('',*,*,#3208,.F.);
#2000=ORIENTED_EDGE('',*,*,#3192,.F.);
#2001=ORIENTED_EDGE('',*,*,#3209,.T.);
#2002=ORIENTED_EDGE('',*,*,#3156,.F.);
#2003=ORIENTED_EDGE('',*,*,#3210,.F.);
#2004=ORIENTED_EDGE('',*,*,#3211,.T.);
#2005=ORIENTED_EDGE('',*,*,#3212,.T.);
#2006=ORIENTED_EDGE('',*,*,#3211,.F.);
#2007=ORIENTED_EDGE('',*,*,#3213,.F.);
#2008=ORIENTED_EDGE('',*,*,#3214,.T.);
#2009=ORIENTED_EDGE('',*,*,#3215,.T.);
#2010=ORIENTED_EDGE('',*,*,#3216,.T.);
#2011=ORIENTED_EDGE('',*,*,#3217,.T.);
#2012=ORIENTED_EDGE('',*,*,#3183,.T.);
#2013=ORIENTED_EDGE('',*,*,#3180,.F.);
#2014=ORIENTED_EDGE('',*,*,#2785,.F.);
#2015=ORIENTED_EDGE('',*,*,#3218,.F.);
#2016=ORIENTED_EDGE('',*,*,#3138,.F.);
#2017=ORIENTED_EDGE('',*,*,#2723,.T.);
#2018=ORIENTED_EDGE('',*,*,#3219,.T.);
#2019=ORIENTED_EDGE('',*,*,#3220,.T.);
#2020=ORIENTED_EDGE('',*,*,#3221,.F.);
#2021=ORIENTED_EDGE('',*,*,#3216,.F.);
#2022=ORIENTED_EDGE('',*,*,#3222,.F.);
#2023=ORIENTED_EDGE('',*,*,#3223,.T.);
#2024=ORIENTED_EDGE('',*,*,#3224,.F.);
#2025=ORIENTED_EDGE('',*,*,#3225,.T.);
#2026=ORIENTED_EDGE('',*,*,#3226,.F.);
#2027=ORIENTED_EDGE('',*,*,#3227,.F.);
#2028=ORIENTED_EDGE('',*,*,#3228,.T.);
#2029=ORIENTED_EDGE('',*,*,#3229,.T.);
#2030=ORIENTED_EDGE('',*,*,#3230,.T.);
#2031=ORIENTED_EDGE('',*,*,#3231,.F.);
#2032=ORIENTED_EDGE('',*,*,#3219,.F.);
#2033=ORIENTED_EDGE('',*,*,#3215,.F.);
#2034=ORIENTED_EDGE('',*,*,#2722,.F.);
#2035=ORIENTED_EDGE('',*,*,#2726,.F.);
#2036=ORIENTED_EDGE('',*,*,#3148,.F.);
#2037=ORIENTED_EDGE('',*,*,#3209,.F.);
#2038=ORIENTED_EDGE('',*,*,#3212,.F.);
#2039=ORIENTED_EDGE('',*,*,#3232,.F.);
#2040=ORIENTED_EDGE('',*,*,#3233,.T.);
#2041=ORIENTED_EDGE('',*,*,#3234,.F.);
#2042=ORIENTED_EDGE('',*,*,#3235,.T.);
#2043=ORIENTED_EDGE('',*,*,#3236,.T.);
#2044=ORIENTED_EDGE('',*,*,#3237,.F.);
#2045=ORIENTED_EDGE('',*,*,#3238,.T.);
#2046=ORIENTED_EDGE('',*,*,#3239,.F.);
#2047=ORIENTED_EDGE('',*,*,#3240,.F.);
#2048=ORIENTED_EDGE('',*,*,#3195,.F.);
#2049=ORIENTED_EDGE('',*,*,#3241,.T.);
#2050=ORIENTED_EDGE('',*,*,#3242,.F.);
#2051=ORIENTED_EDGE('',*,*,#3243,.F.);
#2052=ORIENTED_EDGE('',*,*,#3220,.F.);
#2053=ORIENTED_EDGE('',*,*,#3231,.T.);
#2054=ORIENTED_EDGE('',*,*,#3244,.F.);
#2055=ORIENTED_EDGE('',*,*,#3238,.F.);
#2056=ORIENTED_EDGE('',*,*,#3245,.F.);
#2057=ORIENTED_EDGE('',*,*,#3246,.F.);
#2058=ORIENTED_EDGE('',*,*,#3247,.T.);
#2059=ORIENTED_EDGE('',*,*,#3248,.T.);
#2060=ORIENTED_EDGE('',*,*,#3226,.T.);
#2061=ORIENTED_EDGE('',*,*,#3249,.T.);
#2062=ORIENTED_EDGE('',*,*,#3250,.F.);
#2063=ORIENTED_EDGE('',*,*,#3251,.F.);
#2064=ORIENTED_EDGE('',*,*,#3249,.F.);
#2065=ORIENTED_EDGE('',*,*,#3225,.F.);
#2066=ORIENTED_EDGE('',*,*,#3224,.T.);
#2067=ORIENTED_EDGE('',*,*,#3252,.T.);
#2068=ORIENTED_EDGE('',*,*,#3253,.T.);
#2069=ORIENTED_EDGE('',*,*,#3250,.T.);
#2070=ORIENTED_EDGE('',*,*,#3254,.F.);
#2071=ORIENTED_EDGE('',*,*,#3255,.T.);
#2072=ORIENTED_EDGE('',*,*,#3213,.T.);
#2073=ORIENTED_EDGE('',*,*,#3210,.T.);
#2074=ORIENTED_EDGE('',*,*,#3155,.F.);
#2075=ORIENTED_EDGE('',*,*,#3182,.F.);
#2076=ORIENTED_EDGE('',*,*,#3191,.T.);
#2077=ORIENTED_EDGE('',*,*,#3256,.T.);
#2078=ORIENTED_EDGE('',*,*,#3257,.F.);
#2079=ORIENTED_EDGE('',*,*,#3258,.T.);
#2080=ORIENTED_EDGE('',*,*,#3259,.F.);
#2081=ORIENTED_EDGE('',*,*,#3260,.F.);
#2082=ORIENTED_EDGE('',*,*,#3236,.F.);
#2083=ORIENTED_EDGE('',*,*,#3261,.F.);
#2084=ORIENTED_EDGE('',*,*,#3256,.F.);
#2085=ORIENTED_EDGE('',*,*,#3190,.T.);
#2086=ORIENTED_EDGE('',*,*,#3262,.F.);
#2087=ORIENTED_EDGE('',*,*,#3263,.F.);
#2088=ORIENTED_EDGE('',*,*,#3264,.F.);
#2089=ORIENTED_EDGE('',*,*,#3265,.F.);
#2090=ORIENTED_EDGE('',*,*,#3252,.F.);
#2091=ORIENTED_EDGE('',*,*,#3223,.F.);
#2092=ORIENTED_EDGE('',*,*,#3266,.T.);
#2093=ORIENTED_EDGE('',*,*,#3264,.T.);
#2094=ORIENTED_EDGE('',*,*,#3222,.T.);
#2095=ORIENTED_EDGE('',*,*,#3244,.T.);
#2096=ORIENTED_EDGE('',*,*,#3267,.T.);
#2097=ORIENTED_EDGE('',*,*,#3268,.T.);
#2098=ORIENTED_EDGE('',*,*,#3269,.F.);
#2099=ORIENTED_EDGE('',*,*,#3270,.T.);
#2100=ORIENTED_EDGE('',*,*,#3271,.F.);
#2101=ORIENTED_EDGE('',*,*,#3201,.T.);
#2102=ORIENTED_EDGE('',*,*,#3204,.T.);
#2103=ORIENTED_EDGE('',*,*,#3272,.F.);
#2104=ORIENTED_EDGE('',*,*,#3186,.T.);
#2105=ORIENTED_EDGE('',*,*,#3273,.T.);
#2106=ORIENTED_EDGE('',*,*,#3267,.F.);
#2107=ORIENTED_EDGE('',*,*,#3274,.T.);
#2108=ORIENTED_EDGE('',*,*,#3275,.F.);
#2109=ORIENTED_EDGE('',*,*,#3274,.F.);
#2110=ORIENTED_EDGE('',*,*,#3270,.F.);
#2111=ORIENTED_EDGE('',*,*,#3276,.T.);
#2112=ORIENTED_EDGE('',*,*,#3271,.T.);
#2113=ORIENTED_EDGE('',*,*,#3275,.T.);
#2114=ORIENTED_EDGE('',*,*,#3277,.F.);
#2115=ORIENTED_EDGE('',*,*,#3198,.T.);
#2116=ORIENTED_EDGE('',*,*,#3278,.F.);
#2117=ORIENTED_EDGE('',*,*,#3227,.T.);
#2118=ORIENTED_EDGE('',*,*,#3248,.F.);
#2119=ORIENTED_EDGE('',*,*,#3279,.T.);
#2120=ORIENTED_EDGE('',*,*,#3268,.F.);
#2121=ORIENTED_EDGE('',*,*,#3273,.F.);
#2122=ORIENTED_EDGE('',*,*,#3185,.F.);
#2123=ORIENTED_EDGE('',*,*,#3280,.F.);
#2124=ORIENTED_EDGE('',*,*,#3281,.T.);
#2125=ORIENTED_EDGE('',*,*,#3282,.T.);
#2126=ORIENTED_EDGE('',*,*,#3228,.F.);
#2127=ORIENTED_EDGE('',*,*,#3278,.T.);
#2128=ORIENTED_EDGE('',*,*,#3283,.F.);
#2129=ORIENTED_EDGE('',*,*,#3229,.F.);
#2130=ORIENTED_EDGE('',*,*,#3282,.F.);
#2131=ORIENTED_EDGE('',*,*,#3284,.F.);
#2132=ORIENTED_EDGE('',*,*,#3285,.F.);
#2133=ORIENTED_EDGE('',*,*,#3284,.T.);
#2134=ORIENTED_EDGE('',*,*,#3281,.F.);
#2135=ORIENTED_EDGE('',*,*,#3280,.T.);
#2136=ORIENTED_EDGE('',*,*,#3184,.T.);
#2137=ORIENTED_EDGE('',*,*,#3217,.F.);
#2138=ORIENTED_EDGE('',*,*,#3221,.T.);
#2139=ORIENTED_EDGE('',*,*,#3243,.T.);
#2140=ORIENTED_EDGE('',*,*,#3285,.T.);
#2141=ORIENTED_EDGE('',*,*,#3242,.T.);
#2142=ORIENTED_EDGE('',*,*,#3230,.F.);
#2143=ORIENTED_EDGE('',*,*,#3283,.T.);
#2144=ORIENTED_EDGE('',*,*,#3286,.F.);
#2145=ORIENTED_EDGE('',*,*,#3245,.T.);
#2146=ORIENTED_EDGE('',*,*,#3237,.T.);
#2147=ORIENTED_EDGE('',*,*,#3260,.T.);
#2148=ORIENTED_EDGE('',*,*,#3287,.F.);
#2149=ORIENTED_EDGE('',*,*,#3258,.F.);
#2150=ORIENTED_EDGE('',*,*,#3288,.F.);
#2151=ORIENTED_EDGE('',*,*,#3234,.T.);
#2152=ORIENTED_EDGE('',*,*,#3257,.T.);
#2153=ORIENTED_EDGE('',*,*,#3261,.T.);
#2154=ORIENTED_EDGE('',*,*,#3235,.F.);
#2155=ORIENTED_EDGE('',*,*,#3288,.T.);
#2156=ORIENTED_EDGE('',*,*,#3289,.F.);
#2157=ORIENTED_EDGE('',*,*,#3232,.T.);
#2158=ORIENTED_EDGE('',*,*,#3214,.F.);
#2159=ORIENTED_EDGE('',*,*,#3255,.F.);
#2160=ORIENTED_EDGE('',*,*,#3254,.T.);
#2161=ORIENTED_EDGE('',*,*,#3287,.T.);
#2162=ORIENTED_EDGE('',*,*,#3233,.F.);
#2163=ORIENTED_EDGE('',*,*,#3289,.T.);
#2164=ORIENTED_EDGE('',*,*,#3290,.F.);
#2165=ORIENTED_EDGE('',*,*,#3263,.T.);
#2166=ORIENTED_EDGE('',*,*,#3291,.T.);
#2167=ORIENTED_EDGE('',*,*,#3292,.T.);
#2168=ORIENTED_EDGE('',*,*,#3293,.F.);
#2169=ORIENTED_EDGE('',*,*,#3294,.F.);
#2170=ORIENTED_EDGE('',*,*,#3292,.F.);
#2171=ORIENTED_EDGE('',*,*,#3295,.F.);
#2172=ORIENTED_EDGE('',*,*,#3296,.F.);
#2173=ORIENTED_EDGE('',*,*,#3295,.T.);
#2174=ORIENTED_EDGE('',*,*,#3291,.F.);
#2175=ORIENTED_EDGE('',*,*,#3262,.T.);
#2176=ORIENTED_EDGE('',*,*,#3189,.T.);
#2177=ORIENTED_EDGE('',*,*,#3193,.T.);
#2178=ORIENTED_EDGE('',*,*,#3208,.T.);
#2179=ORIENTED_EDGE('',*,*,#3206,.T.);
#2180=ORIENTED_EDGE('',*,*,#3196,.T.);
#2181=ORIENTED_EDGE('',*,*,#3240,.T.);
#2182=ORIENTED_EDGE('',*,*,#3296,.T.);
#2183=ORIENTED_EDGE('',*,*,#3239,.T.);
#2184=ORIENTED_EDGE('',*,*,#3297,.F.);
#2185=ORIENTED_EDGE('',*,*,#3293,.T.);
#2186=ORIENTED_EDGE('',*,*,#3298,.T.);
#2187=ORIENTED_EDGE('',*,*,#3299,.T.);
#2188=ORIENTED_EDGE('',*,*,#3300,.F.);
#2189=ORIENTED_EDGE('',*,*,#2848,.F.);
#2190=ORIENTED_EDGE('',*,*,#2886,.F.);
#2191=ORIENTED_EDGE('',*,*,#3301,.F.);
#2192=ORIENTED_EDGE('',*,*,#3099,.F.);
#2193=ORIENTED_EDGE('',*,*,#3113,.F.);
#2194=ORIENTED_EDGE('',*,*,#3060,.F.);
#2195=ORIENTED_EDGE('',*,*,#3299,.F.);
#2196=ORIENTED_EDGE('',*,*,#3302,.T.);
#2197=ORIENTED_EDGE('',*,*,#3303,.F.);
#2198=ORIENTED_EDGE('',*,*,#3304,.F.);
#2199=ORIENTED_EDGE('',*,*,#3305,.T.);
#2200=ORIENTED_EDGE('',*,*,#3306,.F.);
#2201=ORIENTED_EDGE('',*,*,#3304,.T.);
#2202=ORIENTED_EDGE('',*,*,#3307,.T.);
#2203=ORIENTED_EDGE('',*,*,#3308,.F.);
#2204=ORIENTED_EDGE('',*,*,#3302,.F.);
#2205=ORIENTED_EDGE('',*,*,#3298,.F.);
#2206=ORIENTED_EDGE('',*,*,#3059,.F.);
#2207=ORIENTED_EDGE('',*,*,#3309,.F.);
#2208=ORIENTED_EDGE('',*,*,#3310,.T.);
#2209=ORIENTED_EDGE('',*,*,#3311,.T.);
#2210=ORIENTED_EDGE('',*,*,#3309,.T.);
#2211=ORIENTED_EDGE('',*,*,#3066,.T.);
#2212=ORIENTED_EDGE('',*,*,#3048,.T.);
#2213=ORIENTED_EDGE('',*,*,#3127,.T.);
#2214=ORIENTED_EDGE('',*,*,#3046,.T.);
#2215=ORIENTED_EDGE('',*,*,#3076,.T.);
#2216=ORIENTED_EDGE('',*,*,#3036,.T.);
#2217=ORIENTED_EDGE('',*,*,#3020,.F.);
#2218=ORIENTED_EDGE('',*,*,#2900,.F.);
#2219=ORIENTED_EDGE('',*,*,#3133,.T.);
#2220=ORIENTED_EDGE('',*,*,#3312,.T.);
#2221=ORIENTED_EDGE('',*,*,#3131,.T.);
#2222=ORIENTED_EDGE('',*,*,#3313,.T.);
#2223=ORIENTED_EDGE('',*,*,#3306,.T.);
#2224=ORIENTED_EDGE('',*,*,#3314,.T.);
#2225=ORIENTED_EDGE('',*,*,#3139,.T.);
#2226=ORIENTED_EDGE('',*,*,#3218,.T.);
#2227=ORIENTED_EDGE('',*,*,#2876,.F.);
#2228=ORIENTED_EDGE('',*,*,#3315,.T.);
#2229=ORIENTED_EDGE('',*,*,#2880,.T.);
#2230=ORIENTED_EDGE('',*,*,#2884,.T.);
#2231=ORIENTED_EDGE('',*,*,#2879,.F.);
#2232=ORIENTED_EDGE('',*,*,#2843,.T.);
#2233=ORIENTED_EDGE('',*,*,#2846,.T.);
#2234=ORIENTED_EDGE('',*,*,#2855,.T.);
#2235=ORIENTED_EDGE('',*,*,#2849,.F.);
#2236=ORIENTED_EDGE('',*,*,#3300,.T.);
#2237=ORIENTED_EDGE('',*,*,#3303,.T.);
#2238=ORIENTED_EDGE('',*,*,#3308,.T.);
#2239=ORIENTED_EDGE('',*,*,#3316,.T.);
#2240=ORIENTED_EDGE('',*,*,#3317,.T.);
#2241=ORIENTED_EDGE('',*,*,#3318,.T.);
#2242=ORIENTED_EDGE('',*,*,#3319,.T.);
#2243=ORIENTED_EDGE('',*,*,#3320,.T.);
#2244=ORIENTED_EDGE('',*,*,#3321,.F.);
#2245=ORIENTED_EDGE('',*,*,#3316,.F.);
#2246=ORIENTED_EDGE('',*,*,#3307,.F.);
#2247=ORIENTED_EDGE('',*,*,#3311,.F.);
#2248=ORIENTED_EDGE('',*,*,#3317,.F.);
#2249=ORIENTED_EDGE('',*,*,#3310,.F.);
#2250=ORIENTED_EDGE('',*,*,#3144,.F.);
#2251=ORIENTED_EDGE('',*,*,#3322,.F.);
#2252=ORIENTED_EDGE('',*,*,#3321,.T.);
#2253=ORIENTED_EDGE('',*,*,#3323,.T.);
#2254=ORIENTED_EDGE('',*,*,#3140,.F.);
#2255=ORIENTED_EDGE('',*,*,#3314,.F.);
#2256=ORIENTED_EDGE('',*,*,#3320,.F.);
#2257=ORIENTED_EDGE('',*,*,#3324,.T.);
#2258=ORIENTED_EDGE('',*,*,#3141,.F.);
#2259=ORIENTED_EDGE('',*,*,#3323,.F.);
#2260=ORIENTED_EDGE('',*,*,#3319,.F.);
#2261=ORIENTED_EDGE('',*,*,#3325,.T.);
#2262=ORIENTED_EDGE('',*,*,#3142,.F.);
#2263=ORIENTED_EDGE('',*,*,#3324,.F.);
#2264=ORIENTED_EDGE('',*,*,#3318,.F.);
#2265=ORIENTED_EDGE('',*,*,#3322,.T.);
#2266=ORIENTED_EDGE('',*,*,#3143,.F.);
#2267=ORIENTED_EDGE('',*,*,#3325,.F.);
#2268=ORIENTED_EDGE('',*,*,#3305,.F.);
#2269=ORIENTED_EDGE('',*,*,#3313,.F.);
#2270=ORIENTED_EDGE('',*,*,#3130,.F.);
#2271=ORIENTED_EDGE('',*,*,#3312,.F.);
#2272=ORIENTED_EDGE('',*,*,#3326,.F.);
#2273=ORIENTED_EDGE('',*,*,#3327,.F.);
#2274=ORIENTED_EDGE('',*,*,#3328,.F.);
#2275=ORIENTED_EDGE('',*,*,#3329,.T.);
#2276=ORIENTED_EDGE('',*,*,#3330,.F.);
#2277=ORIENTED_EDGE('',*,*,#3331,.T.);
#2278=ORIENTED_EDGE('',*,*,#3332,.F.);
#2279=ORIENTED_EDGE('',*,*,#3333,.T.);
#2280=ORIENTED_EDGE('',*,*,#3334,.F.);
#2281=ORIENTED_EDGE('',*,*,#3335,.F.);
#2282=ORIENTED_EDGE('',*,*,#3336,.T.);
#2283=ORIENTED_EDGE('',*,*,#2904,.T.);
#2284=ORIENTED_EDGE('',*,*,#3337,.F.);
#2285=ORIENTED_EDGE('',*,*,#3338,.F.);
#2286=ORIENTED_EDGE('',*,*,#3339,.F.);
#2287=ORIENTED_EDGE('',*,*,#3331,.F.);
#2288=ORIENTED_EDGE('',*,*,#3340,.F.);
#2289=ORIENTED_EDGE('',*,*,#3341,.F.);
#2290=ORIENTED_EDGE('',*,*,#2943,.F.);
#2291=ORIENTED_EDGE('',*,*,#3342,.F.);
#2292=ORIENTED_EDGE('',*,*,#2945,.F.);
#2293=ORIENTED_EDGE('',*,*,#3343,.F.);
#2294=ORIENTED_EDGE('',*,*,#3344,.F.);
#2295=ORIENTED_EDGE('',*,*,#3332,.T.);
#2296=ORIENTED_EDGE('',*,*,#3339,.T.);
#2297=ORIENTED_EDGE('',*,*,#3345,.T.);
#2298=ORIENTED_EDGE('',*,*,#3346,.F.);
#2299=ORIENTED_EDGE('',*,*,#3347,.F.);
#2300=ORIENTED_EDGE('',*,*,#3333,.F.);
#2301=ORIENTED_EDGE('',*,*,#3346,.T.);
#2302=ORIENTED_EDGE('',*,*,#3327,.T.);
#2303=ORIENTED_EDGE('',*,*,#3348,.T.);
#2304=ORIENTED_EDGE('',*,*,#3349,.F.);
#2305=ORIENTED_EDGE('',*,*,#2905,.T.);
#2306=ORIENTED_EDGE('',*,*,#3336,.F.);
#2307=ORIENTED_EDGE('',*,*,#3350,.F.);
#2308=ORIENTED_EDGE('',*,*,#3329,.F.);
#2309=ORIENTED_EDGE('',*,*,#3351,.T.);
#2310=ORIENTED_EDGE('',*,*,#3352,.T.);
#2311=ORIENTED_EDGE('',*,*,#2906,.T.);
#2312=ORIENTED_EDGE('',*,*,#3349,.T.);
#2313=ORIENTED_EDGE('',*,*,#3353,.T.);
#2314=ORIENTED_EDGE('',*,*,#3354,.F.);
#2315=ORIENTED_EDGE('',*,*,#3352,.F.);
#2316=ORIENTED_EDGE('',*,*,#3355,.F.);
#2317=ORIENTED_EDGE('',*,*,#3356,.F.);
#2318=ORIENTED_EDGE('',*,*,#3357,.F.);
#2319=ORIENTED_EDGE('',*,*,#3358,.F.);
#2320=ORIENTED_EDGE('',*,*,#3355,.T.);
#2321=ORIENTED_EDGE('',*,*,#3351,.F.);
#2322=ORIENTED_EDGE('',*,*,#3328,.T.);
#2323=ORIENTED_EDGE('',*,*,#3345,.F.);
#2324=ORIENTED_EDGE('',*,*,#3338,.T.);
#2325=ORIENTED_EDGE('',*,*,#3359,.F.);
#2326=ORIENTED_EDGE('',*,*,#3356,.T.);
#2327=ORIENTED_EDGE('',*,*,#3358,.T.);
#2328=ORIENTED_EDGE('',*,*,#3337,.T.);
#2329=ORIENTED_EDGE('',*,*,#3360,.F.);
#2330=ORIENTED_EDGE('',*,*,#3361,.F.);
#2331=ORIENTED_EDGE('',*,*,#3362,.F.);
#2332=ORIENTED_EDGE('',*,*,#3353,.F.);
#2333=ORIENTED_EDGE('',*,*,#3348,.F.);
#2334=ORIENTED_EDGE('',*,*,#3335,.T.);
#2335=ORIENTED_EDGE('',*,*,#3363,.F.);
#2336=ORIENTED_EDGE('',*,*,#3364,.F.);
#2337=ORIENTED_EDGE('',*,*,#3365,.F.);
#2338=ORIENTED_EDGE('',*,*,#3361,.T.);
#2339=ORIENTED_EDGE('',*,*,#3366,.F.);
#2340=ORIENTED_EDGE('',*,*,#3367,.F.);
#2341=ORIENTED_EDGE('',*,*,#3350,.T.);
#2342=ORIENTED_EDGE('',*,*,#3362,.T.);
#2343=ORIENTED_EDGE('',*,*,#3365,.T.);
#2344=ORIENTED_EDGE('',*,*,#3366,.T.);
#2345=ORIENTED_EDGE('',*,*,#3354,.T.);
#2346=ORIENTED_EDGE('',*,*,#3368,.F.);
#2347=ORIENTED_EDGE('',*,*,#3369,.F.);
#2348=ORIENTED_EDGE('',*,*,#3347,.T.);
#2349=ORIENTED_EDGE('',*,*,#3368,.T.);
#2350=ORIENTED_EDGE('',*,*,#3326,.T.);
#2351=ORIENTED_EDGE('',*,*,#3367,.T.);
#2352=ORIENTED_EDGE('',*,*,#3364,.T.);
#2353=ORIENTED_EDGE('',*,*,#3360,.T.);
#2354=ORIENTED_EDGE('',*,*,#3334,.T.);
#2355=ORIENTED_EDGE('',*,*,#3369,.T.);
#2356=ORIENTED_EDGE('',*,*,#3363,.T.);
#2357=ORIENTED_EDGE('',*,*,#3370,.F.);
#2358=ORIENTED_EDGE('',*,*,#3371,.F.);
#2359=ORIENTED_EDGE('',*,*,#3343,.T.);
#2360=ORIENTED_EDGE('',*,*,#2947,.T.);
#2361=ORIENTED_EDGE('',*,*,#2908,.T.);
#2362=ORIENTED_EDGE('',*,*,#2907,.T.);
#2363=ORIENTED_EDGE('',*,*,#3357,.T.);
#2364=ORIENTED_EDGE('',*,*,#3372,.F.);
#2365=ORIENTED_EDGE('',*,*,#3370,.T.);
#2366=ORIENTED_EDGE('',*,*,#3372,.T.);
#2367=ORIENTED_EDGE('',*,*,#3359,.T.);
#2368=ORIENTED_EDGE('',*,*,#3344,.T.);
#2369=ORIENTED_EDGE('',*,*,#3371,.T.);
#2370=ORIENTED_EDGE('',*,*,#3373,.F.);
#2371=ORIENTED_EDGE('',*,*,#2902,.T.);
#2372=ORIENTED_EDGE('',*,*,#2990,.T.);
#2373=ORIENTED_EDGE('',*,*,#2979,.F.);
#2374=ORIENTED_EDGE('',*,*,#2984,.T.);
#2375=ORIENTED_EDGE('',*,*,#2986,.F.);
#2376=ORIENTED_EDGE('',*,*,#2944,.T.);
#2377=ORIENTED_EDGE('',*,*,#3341,.T.);
#2378=ORIENTED_EDGE('',*,*,#2903,.T.);
#2379=ORIENTED_EDGE('',*,*,#3373,.T.);
#2380=ORIENTED_EDGE('',*,*,#3340,.T.);
#2381=ORIENTED_EDGE('',*,*,#3330,.T.);
#2382=ORIENTED_EDGE('',*,*,#3374,.F.);
#2383=ORIENTED_EDGE('',*,*,#3375,.F.);
#2384=ORIENTED_EDGE('',*,*,#2704,.F.);
#2385=ORIENTED_EDGE('',*,*,#3376,.T.);
#2386=ORIENTED_EDGE('',*,*,#3377,.F.);
#2387=ORIENTED_EDGE('',*,*,#3376,.F.);
#2388=ORIENTED_EDGE('',*,*,#2703,.F.);
#2389=ORIENTED_EDGE('',*,*,#3378,.T.);
#2390=ORIENTED_EDGE('',*,*,#3379,.F.);
#2391=ORIENTED_EDGE('',*,*,#3378,.F.);
#2392=ORIENTED_EDGE('',*,*,#2706,.F.);
#2393=ORIENTED_EDGE('',*,*,#3380,.F.);
#2394=ORIENTED_EDGE('',*,*,#3381,.F.);
#2395=ORIENTED_EDGE('',*,*,#3380,.T.);
#2396=ORIENTED_EDGE('',*,*,#2705,.F.);
#2397=ORIENTED_EDGE('',*,*,#3375,.T.);
#2398=ORIENTED_EDGE('',*,*,#3377,.T.);
#2399=ORIENTED_EDGE('',*,*,#3379,.T.);
#2400=ORIENTED_EDGE('',*,*,#3381,.T.);
#2401=ORIENTED_EDGE('',*,*,#3374,.T.);
#2402=ORIENTED_EDGE('',*,*,#3203,.T.);
#2403=ORIENTED_EDGE('',*,*,#3382,.F.);
#2404=ORIENTED_EDGE('',*,*,#3383,.T.);
#2405=ORIENTED_EDGE('',*,*,#3384,.T.);
#2406=ORIENTED_EDGE('',*,*,#3385,.T.);
#2407=ORIENTED_EDGE('',*,*,#3386,.T.);
#2408=ORIENTED_EDGE('',*,*,#3387,.T.);
#2409=ORIENTED_EDGE('',*,*,#3008,.T.);
#2410=ORIENTED_EDGE('',*,*,#2919,.T.);
#2411=ORIENTED_EDGE('',*,*,#3388,.F.);
#2412=ORIENTED_EDGE('',*,*,#3389,.T.);
#2413=ORIENTED_EDGE('',*,*,#3390,.T.);
#2414=ORIENTED_EDGE('',*,*,#3391,.T.);
#2415=ORIENTED_EDGE('',*,*,#3017,.F.);
#2416=ORIENTED_EDGE('',*,*,#3039,.T.);
#2417=ORIENTED_EDGE('',*,*,#3028,.T.);
#2418=ORIENTED_EDGE('',*,*,#3034,.T.);
#2419=ORIENTED_EDGE('',*,*,#3120,.F.);
#2420=ORIENTED_EDGE('',*,*,#3024,.T.);
#2421=ORIENTED_EDGE('',*,*,#3100,.T.);
#2422=ORIENTED_EDGE('',*,*,#3301,.T.);
#2423=ORIENTED_EDGE('',*,*,#2887,.F.);
#2424=ORIENTED_EDGE('',*,*,#2857,.F.);
#2425=ORIENTED_EDGE('',*,*,#3392,.T.);
#2426=ORIENTED_EDGE('',*,*,#3393,.T.);
#2427=ORIENTED_EDGE('',*,*,#3394,.T.);
#2428=ORIENTED_EDGE('',*,*,#2862,.F.);
#2429=ORIENTED_EDGE('',*,*,#2864,.F.);
#2430=ORIENTED_EDGE('',*,*,#3395,.T.);
#2431=ORIENTED_EDGE('',*,*,#3396,.T.);
#2432=ORIENTED_EDGE('',*,*,#2867,.T.);
#2433=ORIENTED_EDGE('',*,*,#3397,.T.);
#2434=ORIENTED_EDGE('',*,*,#3398,.F.);
#2435=ORIENTED_EDGE('',*,*,#3177,.F.);
#2436=ORIENTED_EDGE('',*,*,#3187,.T.);
#2437=ORIENTED_EDGE('',*,*,#3272,.T.);
#2438=ORIENTED_EDGE('',*,*,#2798,.F.);
#2439=ORIENTED_EDGE('',*,*,#3399,.F.);
#2440=ORIENTED_EDGE('',*,*,#3385,.F.);
#2441=ORIENTED_EDGE('',*,*,#3400,.F.);
#2442=ORIENTED_EDGE('',*,*,#3401,.F.);
#2443=ORIENTED_EDGE('',*,*,#3402,.F.);
#2444=ORIENTED_EDGE('',*,*,#3383,.F.);
#2445=ORIENTED_EDGE('',*,*,#3403,.F.);
#2446=ORIENTED_EDGE('',*,*,#3404,.T.);
#2447=ORIENTED_EDGE('',*,*,#3405,.F.);
#2448=ORIENTED_EDGE('',*,*,#3404,.F.);
#2449=ORIENTED_EDGE('',*,*,#3406,.F.);
#2450=ORIENTED_EDGE('',*,*,#2956,.F.);
#2451=ORIENTED_EDGE('',*,*,#3005,.F.);
#2452=ORIENTED_EDGE('',*,*,#3407,.T.);
#2453=ORIENTED_EDGE('',*,*,#3408,.F.);
#2454=ORIENTED_EDGE('',*,*,#3407,.F.);
#2455=ORIENTED_EDGE('',*,*,#3009,.F.);
#2456=ORIENTED_EDGE('',*,*,#3387,.F.);
#2457=ORIENTED_EDGE('',*,*,#3386,.F.);
#2458=ORIENTED_EDGE('',*,*,#3399,.T.);
#2459=ORIENTED_EDGE('',*,*,#3409,.F.);
#2460=ORIENTED_EDGE('',*,*,#3408,.T.);
#2461=ORIENTED_EDGE('',*,*,#3409,.T.);
#2462=ORIENTED_EDGE('',*,*,#3401,.T.);
#2463=ORIENTED_EDGE('',*,*,#3410,.F.);
#2464=ORIENTED_EDGE('',*,*,#3405,.T.);
#2465=ORIENTED_EDGE('',*,*,#3410,.T.);
#2466=ORIENTED_EDGE('',*,*,#3400,.T.);
#2467=ORIENTED_EDGE('',*,*,#3384,.F.);
#2468=ORIENTED_EDGE('',*,*,#3402,.T.);
#2469=ORIENTED_EDGE('',*,*,#3411,.F.);
#2470=ORIENTED_EDGE('',*,*,#3412,.F.);
#2471=ORIENTED_EDGE('',*,*,#3413,.F.);
#2472=ORIENTED_EDGE('',*,*,#3414,.F.);
#2473=ORIENTED_EDGE('',*,*,#3415,.F.);
#2474=ORIENTED_EDGE('',*,*,#3393,.F.);
#2475=ORIENTED_EDGE('',*,*,#3392,.F.);
#2476=ORIENTED_EDGE('',*,*,#2856,.T.);
#2477=ORIENTED_EDGE('',*,*,#3416,.F.);
#2478=ORIENTED_EDGE('',*,*,#3411,.T.);
#2479=ORIENTED_EDGE('',*,*,#3416,.T.);
#2480=ORIENTED_EDGE('',*,*,#2853,.T.);
#2481=ORIENTED_EDGE('',*,*,#3417,.F.);
#2482=ORIENTED_EDGE('',*,*,#3412,.T.);
#2483=ORIENTED_EDGE('',*,*,#3417,.T.);
#2484=ORIENTED_EDGE('',*,*,#2837,.T.);
#2485=ORIENTED_EDGE('',*,*,#3418,.F.);
#2486=ORIENTED_EDGE('',*,*,#3413,.T.);
#2487=ORIENTED_EDGE('',*,*,#3418,.T.);
#2488=ORIENTED_EDGE('',*,*,#2841,.T.);
#2489=ORIENTED_EDGE('',*,*,#3419,.F.);
#2490=ORIENTED_EDGE('',*,*,#3414,.T.);
#2491=ORIENTED_EDGE('',*,*,#3419,.T.);
#2492=ORIENTED_EDGE('',*,*,#2859,.T.);
#2493=ORIENTED_EDGE('',*,*,#3394,.F.);
#2494=ORIENTED_EDGE('',*,*,#3415,.T.);
#2495=ORIENTED_EDGE('',*,*,#3420,.F.);
#2496=ORIENTED_EDGE('',*,*,#3395,.F.);
#2497=ORIENTED_EDGE('',*,*,#2863,.F.);
#2498=ORIENTED_EDGE('',*,*,#2872,.T.);
#2499=ORIENTED_EDGE('',*,*,#3421,.T.);
#2500=ORIENTED_EDGE('',*,*,#3422,.F.);
#2501=ORIENTED_EDGE('',*,*,#3421,.F.);
#2502=ORIENTED_EDGE('',*,*,#2871,.F.);
#2503=ORIENTED_EDGE('',*,*,#2885,.T.);
#2504=ORIENTED_EDGE('',*,*,#2882,.F.);
#2505=ORIENTED_EDGE('',*,*,#3423,.T.);
#2506=ORIENTED_EDGE('',*,*,#3424,.F.);
#2507=ORIENTED_EDGE('',*,*,#3423,.F.);
#2508=ORIENTED_EDGE('',*,*,#2881,.F.);
#2509=ORIENTED_EDGE('',*,*,#3315,.F.);
#2510=ORIENTED_EDGE('',*,*,#2875,.F.);
#2511=ORIENTED_EDGE('',*,*,#3179,.F.);
#2512=ORIENTED_EDGE('',*,*,#3425,.F.);
#2513=ORIENTED_EDGE('',*,*,#3426,.F.);
#2514=ORIENTED_EDGE('',*,*,#3425,.T.);
#2515=ORIENTED_EDGE('',*,*,#3178,.F.);
#2516=ORIENTED_EDGE('',*,*,#3398,.T.);
#2517=ORIENTED_EDGE('',*,*,#2868,.T.);
#2518=ORIENTED_EDGE('',*,*,#3396,.F.);
#2519=ORIENTED_EDGE('',*,*,#3420,.T.);
#2520=ORIENTED_EDGE('',*,*,#3427,.F.);
#2521=ORIENTED_EDGE('',*,*,#3397,.F.);
#2522=ORIENTED_EDGE('',*,*,#2866,.T.);
#2523=ORIENTED_EDGE('',*,*,#3428,.F.);
#2524=ORIENTED_EDGE('',*,*,#3426,.T.);
#2525=ORIENTED_EDGE('',*,*,#3428,.T.);
#2526=ORIENTED_EDGE('',*,*,#2870,.T.);
#2527=ORIENTED_EDGE('',*,*,#3429,.F.);
#2528=ORIENTED_EDGE('',*,*,#3424,.T.);
#2529=ORIENTED_EDGE('',*,*,#3422,.T.);
#2530=ORIENTED_EDGE('',*,*,#3429,.T.);
#2531=ORIENTED_EDGE('',*,*,#2869,.T.);
#2532=ORIENTED_EDGE('',*,*,#3427,.T.);
#2533=ORIENTED_EDGE('',*,*,#3430,.T.);
#2534=ORIENTED_EDGE('',*,*,#3388,.T.);
#2535=ORIENTED_EDGE('',*,*,#2918,.T.);
#2536=ORIENTED_EDGE('',*,*,#2792,.F.);
#2537=ORIENTED_EDGE('',*,*,#3019,.F.);
#2538=ORIENTED_EDGE('',*,*,#3431,.F.);
#2539=ORIENTED_EDGE('',*,*,#3432,.F.);
#2540=ORIENTED_EDGE('',*,*,#3433,.T.);
#2541=ORIENTED_EDGE('',*,*,#2791,.F.);
#2542=ORIENTED_EDGE('',*,*,#3434,.T.);
#2543=ORIENTED_EDGE('',*,*,#3435,.T.);
#2544=ORIENTED_EDGE('',*,*,#3390,.F.);
#2545=ORIENTED_EDGE('',*,*,#3436,.T.);
#2546=ORIENTED_EDGE('',*,*,#3437,.T.);
#2547=ORIENTED_EDGE('',*,*,#3431,.T.);
#2548=ORIENTED_EDGE('',*,*,#3014,.F.);
#2549=ORIENTED_EDGE('',*,*,#3391,.F.);
#2550=ORIENTED_EDGE('',*,*,#3435,.F.);
#2551=ORIENTED_EDGE('',*,*,#3438,.F.);
#2552=ORIENTED_EDGE('',*,*,#3433,.F.);
#2553=ORIENTED_EDGE('',*,*,#3439,.T.);
#2554=ORIENTED_EDGE('',*,*,#3436,.F.);
#2555=ORIENTED_EDGE('',*,*,#3389,.F.);
#2556=ORIENTED_EDGE('',*,*,#3430,.F.);
#2557=ORIENTED_EDGE('',*,*,#3432,.T.);
#2558=ORIENTED_EDGE('',*,*,#3438,.T.);
#2559=ORIENTED_EDGE('',*,*,#3437,.F.);
#2560=ORIENTED_EDGE('',*,*,#3439,.F.);
#2561=ORIENTED_EDGE('',*,*,#3440,.F.);
#2562=ORIENTED_EDGE('',*,*,#3441,.F.);
#2563=ORIENTED_EDGE('',*,*,#3434,.F.);
#2564=ORIENTED_EDGE('',*,*,#3441,.T.);
#2565=ORIENTED_EDGE('',*,*,#3440,.T.);
#2566=ORIENTED_EDGE('',*,*,#3442,.T.);
#2567=ORIENTED_EDGE('',*,*,#3443,.T.);
#2568=ORIENTED_EDGE('',*,*,#3444,.T.);
#2569=ORIENTED_EDGE('',*,*,#3442,.F.);
#2570=ORIENTED_EDGE('',*,*,#3445,.T.);
#2571=ORIENTED_EDGE('',*,*,#3446,.F.);
#2572=ORIENTED_EDGE('',*,*,#3447,.T.);
#2573=ORIENTED_EDGE('',*,*,#3448,.T.);
#2574=ORIENTED_EDGE('',*,*,#3449,.T.);
#2575=ORIENTED_EDGE('',*,*,#2698,.T.);
#2576=ORIENTED_EDGE('',*,*,#2702,.T.);
#2577=ORIENTED_EDGE('',*,*,#2709,.T.);
#2578=ORIENTED_EDGE('',*,*,#2712,.T.);
#2579=ORIENTED_EDGE('',*,*,#2715,.T.);
#2580=ORIENTED_EDGE('',*,*,#2718,.T.);
#2581=ORIENTED_EDGE('',*,*,#2721,.T.);
#2582=ORIENTED_EDGE('',*,*,#2894,.T.);
#2583=ORIENTED_EDGE('',*,*,#2946,.T.);
#2584=ORIENTED_EDGE('',*,*,#3342,.T.);
#2585=ORIENTED_EDGE('',*,*,#2942,.F.);
#2586=ORIENTED_EDGE('',*,*,#2987,.T.);
#2587=ORIENTED_EDGE('',*,*,#2985,.T.);
#2588=ORIENTED_EDGE('',*,*,#2981,.T.);
#2589=ORIENTED_EDGE('',*,*,#2989,.F.);
#2590=ORIENTED_EDGE('',*,*,#2964,.F.);
#2591=ORIENTED_EDGE('',*,*,#2973,.T.);
#2592=ORIENTED_EDGE('',*,*,#2975,.F.);
#2593=ORIENTED_EDGE('',*,*,#2977,.T.);
#2594=ORIENTED_EDGE('',*,*,#2978,.F.);
#2595=ORIENTED_EDGE('',*,*,#2969,.T.);
#2596=ORIENTED_EDGE('',*,*,#2971,.F.);
#2597=ORIENTED_EDGE('',*,*,#3001,.F.);
#2598=ORIENTED_EDGE('',*,*,#3004,.T.);
#2599=ORIENTED_EDGE('',*,*,#2949,.F.);
#2600=ORIENTED_EDGE('',*,*,#3012,.T.);
#2601=ORIENTED_EDGE('',*,*,#3011,.F.);
#2602=ORIENTED_EDGE('',*,*,#2953,.F.);
#2603=ORIENTED_EDGE('',*,*,#2957,.T.);
#2604=ORIENTED_EDGE('',*,*,#3406,.T.);
#2605=ORIENTED_EDGE('',*,*,#3403,.T.);
#2606=ORIENTED_EDGE('',*,*,#3382,.T.);
#2607=ORIENTED_EDGE('',*,*,#3202,.F.);
#2608=ORIENTED_EDGE('',*,*,#3199,.F.);
#2609=ORIENTED_EDGE('',*,*,#3277,.T.);
#2610=ORIENTED_EDGE('',*,*,#3276,.F.);
#2611=ORIENTED_EDGE('',*,*,#3269,.T.);
#2612=ORIENTED_EDGE('',*,*,#3279,.F.);
#2613=ORIENTED_EDGE('',*,*,#3247,.F.);
#2614=ORIENTED_EDGE('',*,*,#3251,.T.);
#2615=ORIENTED_EDGE('',*,*,#3253,.F.);
#2616=ORIENTED_EDGE('',*,*,#3265,.T.);
#2617=ORIENTED_EDGE('',*,*,#3266,.F.);
#2618=ORIENTED_EDGE('',*,*,#3246,.T.);
#2619=ORIENTED_EDGE('',*,*,#3286,.T.);
#2620=ORIENTED_EDGE('',*,*,#3259,.T.);
#2621=ORIENTED_EDGE('',*,*,#3290,.T.);
#2622=ORIENTED_EDGE('',*,*,#3294,.T.);
#2623=ORIENTED_EDGE('',*,*,#3297,.T.);
#2624=ORIENTED_EDGE('',*,*,#3241,.F.);
#2625=ORIENTED_EDGE('',*,*,#3194,.F.);
#2626=ORIENTED_EDGE('',*,*,#3205,.F.);
#2627=ORIENTED_EDGE('',*,*,#3150,.F.);
#2628=ORIENTED_EDGE('',*,*,#3450,.T.);
#2629=ORIENTED_EDGE('',*,*,#3451,.T.);
#2630=ORIENTED_EDGE('',*,*,#3452,.T.);
#2631=ORIENTED_EDGE('',*,*,#3453,.T.);
#2632=ORIENTED_EDGE('',*,*,#3451,.F.);
#2633=ORIENTED_EDGE('',*,*,#3454,.T.);
#2634=ORIENTED_EDGE('',*,*,#3134,.T.);
#2635=ORIENTED_EDGE('',*,*,#2695,.T.);
#2636=ORIENTED_EDGE('',*,*,#3455,.T.);
#2637=ORIENTED_EDGE('',*,*,#3456,.T.);
#2638=ORIENTED_EDGE('',*,*,#3457,.T.);
#2639=ORIENTED_EDGE('',*,*,#3458,.T.);
#2640=ORIENTED_EDGE('',*,*,#3459,.T.);
#2641=ORIENTED_EDGE('',*,*,#3460,.T.);
#2642=ORIENTED_EDGE('',*,*,#3461,.T.);
#2643=ORIENTED_EDGE('',*,*,#3446,.T.);
#2644=ORIENTED_EDGE('',*,*,#3450,.F.);
#2645=ORIENTED_EDGE('',*,*,#3149,.T.);
#2646=ORIENTED_EDGE('',*,*,#3135,.F.);
#2647=ORIENTED_EDGE('',*,*,#3454,.F.);
#2648=ORIENTED_EDGE('',*,*,#3462,.F.);
#2649=ORIENTED_EDGE('',*,*,#3463,.F.);
#2650=ORIENTED_EDGE('',*,*,#3464,.F.);
#2651=ORIENTED_EDGE('',*,*,#3444,.F.);
#2652=ORIENTED_EDGE('',*,*,#3461,.F.);
#2653=ORIENTED_EDGE('',*,*,#3465,.F.);
#2654=ORIENTED_EDGE('',*,*,#3455,.F.);
#2655=ORIENTED_EDGE('',*,*,#3445,.F.);
#2656=ORIENTED_EDGE('',*,*,#3466,.T.);
#2657=ORIENTED_EDGE('',*,*,#3467,.F.);
#2658=ORIENTED_EDGE('',*,*,#3443,.F.);
#2659=ORIENTED_EDGE('',*,*,#3464,.T.);
#2660=ORIENTED_EDGE('',*,*,#3468,.F.);
#2661=ORIENTED_EDGE('',*,*,#3466,.F.);
#2662=ORIENTED_EDGE('',*,*,#3452,.F.);
#2663=ORIENTED_EDGE('',*,*,#2694,.F.);
#2664=ORIENTED_EDGE('',*,*,#3469,.F.);
#2665=ORIENTED_EDGE('',*,*,#3458,.F.);
#2666=ORIENTED_EDGE('',*,*,#3470,.T.);
#2667=ORIENTED_EDGE('',*,*,#3471,.F.);
#2668=ORIENTED_EDGE('',*,*,#3459,.F.);
#2669=ORIENTED_EDGE('',*,*,#3469,.T.);
#2670=ORIENTED_EDGE('',*,*,#2699,.F.);
#2671=ORIENTED_EDGE('',*,*,#3472,.T.);
#2672=ORIENTED_EDGE('',*,*,#3462,.T.);
#2673=ORIENTED_EDGE('',*,*,#3460,.F.);
#2674=ORIENTED_EDGE('',*,*,#3471,.T.);
#2675=ORIENTED_EDGE('',*,*,#3449,.F.);
#2676=ORIENTED_EDGE('',*,*,#3473,.F.);
#2677=ORIENTED_EDGE('',*,*,#3467,.T.);
#2678=ORIENTED_EDGE('',*,*,#3468,.T.);
#2679=ORIENTED_EDGE('',*,*,#3463,.T.);
#2680=ORIENTED_EDGE('',*,*,#3472,.F.);
#2681=ORIENTED_EDGE('',*,*,#3448,.F.);
#2682=ORIENTED_EDGE('',*,*,#3474,.F.);
#2683=ORIENTED_EDGE('',*,*,#3453,.F.);
#2684=ORIENTED_EDGE('',*,*,#3470,.F.);
#2685=ORIENTED_EDGE('',*,*,#3457,.F.);
#2686=ORIENTED_EDGE('',*,*,#3474,.T.);
#2687=ORIENTED_EDGE('',*,*,#3456,.F.);
#2688=ORIENTED_EDGE('',*,*,#3465,.T.);
#2689=ORIENTED_EDGE('',*,*,#3473,.T.);
#2690=ORIENTED_EDGE('',*,*,#3447,.F.);
#2691=EDGE_CURVE('',#3475,#3475,#3998,.T.);
#2692=EDGE_CURVE('',#3476,#3476,#3999,.T.);
#2693=EDGE_CURVE('',#3477,#3477,#4000,.T.);
#2694=EDGE_CURVE('',#3478,#3479,#4001,.T.);
#2695=EDGE_CURVE('',#3480,#3479,#100,.T.);
#2696=EDGE_CURVE('',#3481,#3480,#4002,.T.);
#2697=EDGE_CURVE('',#3481,#3482,#101,.T.);
#2698=EDGE_CURVE('',#3483,#3482,#4003,.T.);
#2699=EDGE_CURVE('',#3483,#3478,#102,.T.);
#2700=EDGE_CURVE('',#3481,#3484,#4004,.T.);
#2701=EDGE_CURVE('',#3484,#3485,#103,.T.);
#2702=EDGE_CURVE('',#3482,#3485,#4005,.T.);
#2703=EDGE_CURVE('',#3486,#3487,#104,.T.);
#2704=EDGE_CURVE('',#3487,#3488,#105,.T.);
#2705=EDGE_CURVE('',#3488,#3489,#106,.T.);
#2706=EDGE_CURVE('',#3489,#3486,#107,.T.);
#2707=EDGE_CURVE('',#3490,#3484,#108,.T.);
#2708=EDGE_CURVE('',#3490,#3491,#109,.T.);
#2709=EDGE_CURVE('',#3485,#3491,#110,.T.);
#2710=EDGE_CURVE('',#3490,#3492,#4006,.T.);
#2711=EDGE_CURVE('',#3492,#3493,#111,.T.);
#2712=EDGE_CURVE('',#3491,#3493,#4007,.T.);
#2713=EDGE_CURVE('',#3494,#3492,#112,.T.);
#2714=EDGE_CURVE('',#3494,#3495,#113,.T.);
#2715=EDGE_CURVE('',#3493,#3495,#114,.T.);
#2716=EDGE_CURVE('',#3494,#3496,#4008,.T.);
#2717=EDGE_CURVE('',#3496,#3497,#115,.T.);
#2718=EDGE_CURVE('',#3495,#3497,#4009,.T.);
#2719=EDGE_CURVE('',#3496,#3498,#116,.T.);
#2720=EDGE_CURVE('',#3498,#3499,#117,.T.);
#2721=EDGE_CURVE('',#3497,#3499,#118,.T.);
#2722=EDGE_CURVE('',#3500,#3501,#4010,.T.);
#2723=EDGE_CURVE('',#3502,#3501,#119,.T.);
#2724=EDGE_CURVE('',#3502,#3503,#4011,.T.);
#2725=EDGE_CURVE('',#3503,#3500,#120,.T.);
#2726=EDGE_CURVE('',#3504,#3500,#121,.T.);
#2727=EDGE_CURVE('',#3505,#3503,#122,.T.);
#2728=EDGE_CURVE('',#3505,#3506,#123,.T.);
#2729=EDGE_CURVE('',#3506,#3504,#96,.T.);
#2730=EDGE_CURVE('',#3507,#3508,#4012,.T.);
#2731=EDGE_CURVE('',#3509,#3507,#124,.T.);
#2732=EDGE_CURVE('',#3510,#3509,#4013,.T.);
#2733=EDGE_CURVE('',#3511,#3510,#125,.T.);
#2734=EDGE_CURVE('',#3512,#3511,#4014,.T.);
#2735=EDGE_CURVE('',#3513,#3512,#126,.T.);
#2736=EDGE_CURVE('',#3514,#3513,#4015,.T.);
#2737=EDGE_CURVE('',#3515,#3514,#127,.T.);
#2738=EDGE_CURVE('',#3516,#3515,#4016,.T.);
#2739=EDGE_CURVE('',#3508,#3516,#128,.T.);
#2740=EDGE_CURVE('',#3517,#3518,#4017,.T.);
#2741=EDGE_CURVE('',#3517,#3507,#129,.T.);
#2742=EDGE_CURVE('',#3518,#3508,#130,.T.);
#2743=EDGE_CURVE('',#3518,#3519,#131,.T.);
#2744=EDGE_CURVE('',#3519,#3516,#132,.T.);
#2745=EDGE_CURVE('',#3519,#3520,#4018,.T.);
#2746=EDGE_CURVE('',#3520,#3515,#133,.T.);
#2747=EDGE_CURVE('',#3520,#3521,#134,.T.);
#2748=EDGE_CURVE('',#3521,#3514,#135,.T.);
#2749=EDGE_CURVE('',#3521,#3522,#4019,.T.);
#2750=EDGE_CURVE('',#3522,#3513,#136,.T.);
#2751=EDGE_CURVE('',#3522,#3523,#137,.T.);
#2752=EDGE_CURVE('',#3523,#3512,#138,.T.);
#2753=EDGE_CURVE('',#3523,#3524,#4020,.T.);
#2754=EDGE_CURVE('',#3524,#3511,#139,.T.);
#2755=EDGE_CURVE('',#3524,#3525,#140,.T.);
#2756=EDGE_CURVE('',#3525,#3510,#141,.T.);
#2757=EDGE_CURVE('',#3525,#3526,#4021,.T.);
#2758=EDGE_CURVE('',#3526,#3509,#142,.T.);
#2759=EDGE_CURVE('',#3526,#3517,#143,.T.);
#2760=EDGE_CURVE('',#3527,#3528,#4022,.T.);
#2761=EDGE_CURVE('',#3529,#3527,#144,.T.);
#2762=EDGE_CURVE('',#3530,#3529,#4023,.T.);
#2763=EDGE_CURVE('',#3531,#3530,#145,.T.);
#2764=EDGE_CURVE('',#3532,#3531,#146,.T.);
#2765=EDGE_CURVE('',#3533,#3532,#4024,.T.);
#2766=EDGE_CURVE('',#3528,#3533,#147,.T.);
#2767=EDGE_CURVE('',#3534,#3535,#4025,.T.);
#2768=EDGE_CURVE('',#3534,#3527,#148,.T.);
#2769=EDGE_CURVE('',#3535,#3528,#149,.T.);
#2770=EDGE_CURVE('',#3535,#3536,#150,.T.);
#2771=EDGE_CURVE('',#3536,#3533,#151,.T.);
#2772=EDGE_CURVE('',#3536,#3537,#4026,.T.);
#2773=EDGE_CURVE('',#3537,#3532,#152,.T.);
#2774=EDGE_CURVE('',#3537,#3538,#153,.T.);
#2775=EDGE_CURVE('',#3538,#3531,#154,.T.);
#2776=EDGE_CURVE('',#3538,#3539,#155,.T.);
#2777=EDGE_CURVE('',#3539,#3530,#156,.T.);
#2778=EDGE_CURVE('',#3539,#3540,#4027,.T.);
#2779=EDGE_CURVE('',#3540,#3529,#157,.T.);
#2780=EDGE_CURVE('',#3540,#3534,#158,.T.);
#2781=EDGE_CURVE('',#3541,#3541,#4028,.T.);
#2782=EDGE_CURVE('',#3542,#3542,#4029,.T.);
#2783=EDGE_CURVE('',#3543,#3543,#4030,.T.);
#2784=EDGE_CURVE('',#3544,#3544,#4031,.T.);
#2785=EDGE_CURVE('',#3545,#3546,#4032,.T.);
#2786=EDGE_CURVE('',#3546,#3547,#4033,.T.);
#2787=EDGE_CURVE('',#3545,#3547,#4034,.T.);
#2788=EDGE_CURVE('',#3548,#3549,#4035,.T.);
#2789=EDGE_CURVE('',#3549,#3550,#159,.T.);
#2790=EDGE_CURVE('',#3550,#3551,#4036,.T.);
#2791=EDGE_CURVE('',#3551,#3552,#160,.T.);
#2792=EDGE_CURVE('',#3552,#3548,#161,.T.);
#2793=EDGE_CURVE('',#3553,#3553,#4037,.T.);
#2794=EDGE_CURVE('',#3554,#3554,#4038,.T.);
#2795=EDGE_CURVE('',#3555,#3555,#4039,.T.);
#2796=EDGE_CURVE('',#3556,#3556,#4040,.T.);
#2797=EDGE_CURVE('',#3557,#3557,#4041,.T.);
#2798=EDGE_CURVE('',#3558,#3558,#4042,.T.);
#2799=EDGE_CURVE('',#3559,#3560,#162,.T.);
#2800=EDGE_CURVE('',#3560,#3561,#4043,.T.);
#2801=EDGE_CURVE('',#3561,#3562,#163,.T.);
#2802=EDGE_CURVE('',#3562,#3563,#4044,.T.);
#2803=EDGE_CURVE('',#3563,#3564,#164,.T.);
#2804=EDGE_CURVE('',#3564,#3565,#4045,.T.);
#2805=EDGE_CURVE('',#3565,#3566,#165,.T.);
#2806=EDGE_CURVE('',#3566,#3567,#4046,.T.);
#2807=EDGE_CURVE('',#3567,#3568,#166,.T.);
#2808=EDGE_CURVE('',#3568,#3569,#4047,.T.);
#2809=EDGE_CURVE('',#3569,#3570,#167,.T.);
#2810=EDGE_CURVE('',#3570,#3559,#4048,.T.);
#2811=EDGE_CURVE('',#3571,#3571,#4049,.T.);
#2812=EDGE_CURVE('',#3572,#3572,#4050,.T.);
#2813=EDGE_CURVE('',#3573,#3574,#4051,.T.);
#2814=EDGE_CURVE('',#3575,#3573,#168,.T.);
#2815=EDGE_CURVE('',#3576,#3575,#4052,.T.);
#2816=EDGE_CURVE('',#3577,#3576,#169,.T.);
#2817=EDGE_CURVE('',#3578,#3577,#4053,.T.);
#2818=EDGE_CURVE('',#3579,#3578,#170,.T.);
#2819=EDGE_CURVE('',#3580,#3579,#4054,.T.);
#2820=EDGE_CURVE('',#3581,#3580,#171,.T.);
#2821=EDGE_CURVE('',#3582,#3581,#4055,.T.);
#2822=EDGE_CURVE('',#3583,#3582,#172,.T.);
#2823=EDGE_CURVE('',#3584,#3583,#4056,.T.);
#2824=EDGE_CURVE('',#3574,#3584,#173,.T.);
#2825=EDGE_CURVE('',#3560,#3573,#174,.T.);
#2826=EDGE_CURVE('',#3561,#3574,#175,.T.);
#2827=EDGE_CURVE('',#3562,#3584,#176,.T.);
#2828=EDGE_CURVE('',#3563,#3583,#177,.T.);
#2829=EDGE_CURVE('',#3564,#3582,#178,.T.);
#2830=EDGE_CURVE('',#3565,#3581,#179,.T.);
#2831=EDGE_CURVE('',#3566,#3580,#180,.T.);
#2832=EDGE_CURVE('',#3567,#3579,#181,.T.);
#2833=EDGE_CURVE('',#3568,#3578,#182,.T.);
#2834=EDGE_CURVE('',#3569,#3577,#183,.T.);
#2835=EDGE_CURVE('',#3570,#3576,#184,.T.);
#2836=EDGE_CURVE('',#3559,#3575,#185,.T.);
#2837=EDGE_CURVE('',#3585,#3586,#4057,.T.);
#2838=EDGE_CURVE('',#3587,#3585,#186,.T.);
#2839=EDGE_CURVE('',#3588,#3587,#4058,.T.);
#2840=EDGE_CURVE('',#3588,#3586,#187,.T.);
#2841=EDGE_CURVE('',#3586,#3589,#188,.T.);
#2842=EDGE_CURVE('',#3590,#3588,#189,.T.);
#2843=EDGE_CURVE('',#3591,#3590,#190,.T.);
#2844=EDGE_CURVE('',#3592,#3591,#75,.T.);
#2845=EDGE_CURVE('',#3589,#3592,#191,.T.);
#2846=EDGE_CURVE('',#3590,#3593,#4059,.T.);
#2847=EDGE_CURVE('',#3587,#3593,#192,.T.);
#2848=EDGE_CURVE('',#3594,#3595,#76,.T.);
#2849=EDGE_CURVE('',#3595,#3596,#4060,.T.);
#2850=EDGE_CURVE('',#3596,#3597,#77,.T.);
#2851=EDGE_CURVE('',#3597,#3598,#78,.T.);
#2852=EDGE_CURVE('',#3598,#3594,#4061,.T.);
#2853=EDGE_CURVE('',#3599,#3585,#193,.T.);
#2854=EDGE_CURVE('',#3597,#3599,#194,.T.);
#2855=EDGE_CURVE('',#3593,#3596,#195,.T.);
#2856=EDGE_CURVE('',#3600,#3599,#4062,.T.);
#2857=EDGE_CURVE('',#3600,#3601,#196,.T.);
#2858=EDGE_CURVE('',#3598,#3601,#4063,.T.);
#2859=EDGE_CURVE('',#3589,#3602,#4064,.T.);
#2860=EDGE_CURVE('',#3603,#3592,#79,.T.);
#2861=EDGE_CURVE('',#3604,#3603,#4065,.T.);
#2862=EDGE_CURVE('',#3604,#3602,#197,.T.);
#2863=EDGE_CURVE('',#3605,#3606,#4066,.T.);
#2864=EDGE_CURVE('',#3606,#3604,#4067,.T.);
#2865=EDGE_CURVE('',#3605,#3603,#4068,.T.);
#2866=EDGE_CURVE('',#3607,#3608,#4069,.T.);
#2867=EDGE_CURVE('',#3609,#3607,#4070,.T.);
#2868=EDGE_CURVE('',#3610,#3609,#4071,.T.);
#2869=EDGE_CURVE('',#3611,#3610,#4072,.T.);
#2870=EDGE_CURVE('',#3608,#3611,#198,.T.);
#2871=EDGE_CURVE('',#3612,#3613,#4073,.T.);
#2872=EDGE_CURVE('',#3605,#3613,#4074,.T.);
#2873=EDGE_CURVE('',#3614,#3605,#4075,.T.);
#2874=EDGE_CURVE('',#3614,#3612,#199,.T.);
#2875=EDGE_CURVE('',#3615,#3616,#80,.T.);
#2876=EDGE_CURVE('',#3616,#3545,#4076,.T.);
#2877=EDGE_CURVE('',#3547,#3615,#4077,.T.);
#2878=EDGE_CURVE('',#3617,#3614,#81,.T.);
#2879=EDGE_CURVE('',#3591,#3617,#4078,.T.);
#2880=EDGE_CURVE('',#3618,#3619,#4079,.T.);
#2881=EDGE_CURVE('',#3618,#3620,#200,.T.);
#2882=EDGE_CURVE('',#3620,#3621,#4080,.T.);
#2883=EDGE_CURVE('',#3621,#3619,#201,.T.);
#2884=EDGE_CURVE('',#3619,#3617,#202,.T.);
#2885=EDGE_CURVE('',#3612,#3621,#203,.T.);
#2886=EDGE_CURVE('',#3622,#3594,#204,.T.);
#2887=EDGE_CURVE('',#3601,#3622,#4081,.T.);
#2888=EDGE_CURVE('',#3623,#3624,#4082,.T.);
#2889=EDGE_CURVE('',#3625,#3624,#205,.T.);
#2890=EDGE_CURVE('',#3626,#3625,#4083,.T.);
#2891=EDGE_CURVE('',#3626,#3627,#206,.T.);
#2892=EDGE_CURVE('',#3627,#3628,#4084,.T.);
#2893=EDGE_CURVE('',#3628,#3629,#207,.T.);
#2894=EDGE_CURVE('',#3499,#3629,#4085,.T.);
#2895=EDGE_CURVE('',#3498,#3630,#4086,.T.);
#2896=EDGE_CURVE('',#3630,#3623,#208,.T.);
#2897=EDGE_CURVE('',#3549,#3631,#209,.T.);
#2898=EDGE_CURVE('',#3631,#3623,#210,.T.);
#2899=EDGE_CURVE('',#3630,#3632,#211,.T.);
#2900=EDGE_CURVE('',#3632,#3550,#212,.T.);
#2901=EDGE_CURVE('',#3633,#3634,#213,.T.);
#2902=EDGE_CURVE('',#3635,#3634,#214,.T.);
#2903=EDGE_CURVE('',#3636,#3635,#4087,.T.);
#2904=EDGE_CURVE('',#3637,#3636,#215,.T.);
#2905=EDGE_CURVE('',#3638,#3637,#216,.T.);
#2906=EDGE_CURVE('',#3639,#3638,#217,.T.);
#2907=EDGE_CURVE('',#3640,#3639,#4088,.T.);
#2908=EDGE_CURVE('',#3641,#3640,#218,.T.);
#2909=EDGE_CURVE('',#3641,#3629,#219,.T.);
#2910=EDGE_CURVE('',#3633,#3628,#220,.T.);
#2911=EDGE_CURVE('',#3642,#3643,#4089,.T.);
#2912=EDGE_CURVE('',#3642,#3644,#4090,.T.);
#2913=EDGE_CURVE('',#3644,#3624,#221,.T.);
#2914=EDGE_CURVE('',#3631,#3645,#222,.T.);
#2915=EDGE_CURVE('',#3645,#3646,#4091,.T.);
#2916=EDGE_CURVE('',#3647,#3646,#4092,.T.);
#2917=EDGE_CURVE('',#3647,#3643,#223,.T.);
#2918=EDGE_CURVE('',#3648,#3548,#224,.T.);
#2919=EDGE_CURVE('',#3649,#3648,#225,.T.);
#2920=EDGE_CURVE('',#3650,#3649,#226,.T.);
#2921=EDGE_CURVE('',#3645,#3650,#227,.T.);
#2922=EDGE_CURVE('',#3651,#3652,#4093,.T.);
#2923=EDGE_CURVE('',#3651,#3653,#4094,.T.);
#2924=EDGE_CURVE('',#3654,#3653,#4095,.T.);
#2925=EDGE_CURVE('',#3654,#3655,#228,.T.);
#2926=EDGE_CURVE('',#3656,#3655,#4096,.T.);
#2927=EDGE_CURVE('',#3657,#3656,#4097,.T.);
#2928=EDGE_CURVE('',#3657,#3658,#4098,.T.);
#2929=EDGE_CURVE('',#3659,#3658,#229,.T.);
#2930=EDGE_CURVE('',#3659,#3660,#4099,.T.);
#2931=EDGE_CURVE('',#3661,#3660,#4100,.T.);
#2932=EDGE_CURVE('',#3626,#3661,#230,.T.);
#2933=EDGE_CURVE('',#3625,#3662,#231,.T.);
#2934=EDGE_CURVE('',#3663,#3662,#4101,.T.);
#2935=EDGE_CURVE('',#3663,#3664,#4102,.T.);
#2936=EDGE_CURVE('',#3664,#3665,#232,.T.);
#2937=EDGE_CURVE('',#3665,#3666,#4103,.T.);
#2938=EDGE_CURVE('',#3667,#3666,#4104,.T.);
#2939=EDGE_CURVE('',#3668,#3667,#4105,.T.);
#2940=EDGE_CURVE('',#3668,#3652,#233,.T.);
#2941=EDGE_CURVE('',#3669,#3670,#234,.T.);
#2942=EDGE_CURVE('',#3669,#3671,#4106,.T.);
#2943=EDGE_CURVE('',#3671,#3672,#235,.T.);
#2944=EDGE_CURVE('',#3670,#3672,#4107,.T.);
#2945=EDGE_CURVE('',#3673,#3674,#236,.T.);
#2946=EDGE_CURVE('',#3629,#3674,#4108,.T.);
#2947=EDGE_CURVE('',#3673,#3641,#4109,.T.);
#2948=EDGE_CURVE('',#3675,#3676,#237,.T.);
#2949=EDGE_CURVE('',#3675,#3677,#238,.T.);
#2950=EDGE_CURVE('',#3678,#3677,#239,.T.);
#2951=EDGE_CURVE('',#3676,#3678,#240,.T.);
#2952=EDGE_CURVE('',#3679,#3680,#241,.T.);
#2953=EDGE_CURVE('',#3679,#3681,#242,.T.);
#2954=EDGE_CURVE('',#3682,#3681,#243,.T.);
#2955=EDGE_CURVE('',#3680,#3682,#244,.T.);
#2956=EDGE_CURVE('',#3683,#3684,#245,.T.);
#2957=EDGE_CURVE('',#3679,#3684,#4110,.T.);
#2958=EDGE_CURVE('',#3680,#3683,#4111,.T.);
#2959=EDGE_CURVE('',#3685,#3660,#246,.T.);
#2960=EDGE_CURVE('',#3686,#3685,#4112,.T.);
#2961=EDGE_CURVE('',#3661,#3686,#247,.T.);
#2962=EDGE_CURVE('',#3627,#3686,#248,.T.);
#2963=EDGE_CURVE('',#3662,#3644,#249,.T.);
#2964=EDGE_CURVE('',#3687,#3688,#4113,.T.);
#2965=EDGE_CURVE('',#3688,#3656,#250,.T.);
#2966=EDGE_CURVE('',#3655,#3687,#251,.T.);
#2967=EDGE_CURVE('',#3652,#3689,#252,.T.);
#2968=EDGE_CURVE('',#3690,#3668,#253,.T.);
#2969=EDGE_CURVE('',#3689,#3690,#254,.T.);
#2970=EDGE_CURVE('',#3667,#3691,#255,.T.);
#2971=EDGE_CURVE('',#3691,#3690,#4114,.T.);
#2972=EDGE_CURVE('',#3692,#3654,#256,.T.);
#2973=EDGE_CURVE('',#3687,#3692,#257,.T.);
#2974=EDGE_CURVE('',#3653,#3693,#258,.T.);
#2975=EDGE_CURVE('',#3693,#3692,#4115,.T.);
#2976=EDGE_CURVE('',#3694,#3651,#259,.T.);
#2977=EDGE_CURVE('',#3693,#3694,#4116,.T.);
#2978=EDGE_CURVE('',#3689,#3694,#4117,.T.);
#2979=EDGE_CURVE('',#3695,#3696,#4118,.T.);
#2980=EDGE_CURVE('',#3696,#3697,#260,.T.);
#2981=EDGE_CURVE('',#3698,#3697,#4119,.T.);
#2982=EDGE_CURVE('',#3698,#3695,#261,.T.);
#2983=EDGE_CURVE('',#3699,#3700,#262,.T.);
#2984=EDGE_CURVE('',#3695,#3699,#263,.T.);
#2985=EDGE_CURVE('',#3700,#3698,#264,.T.);
#2986=EDGE_CURVE('',#3670,#3699,#4120,.T.);
#2987=EDGE_CURVE('',#3669,#3700,#4121,.T.);
#2988=EDGE_CURVE('',#3657,#3701,#265,.T.);
#2989=EDGE_CURVE('',#3688,#3697,#4122,.T.);
#2990=EDGE_CURVE('',#3634,#3696,#4123,.T.);
#2991=EDGE_CURVE('',#3701,#3633,#4124,.T.);
#2992=EDGE_CURVE('',#3701,#3702,#4125,.T.);
#2993=EDGE_CURVE('',#3702,#3658,#266,.T.);
#2994=EDGE_CURVE('',#3659,#3703,#267,.T.);
#2995=EDGE_CURVE('',#3703,#3702,#268,.T.);
#2996=EDGE_CURVE('',#3703,#3685,#4126,.T.);
#2997=EDGE_CURVE('',#3643,#3664,#269,.T.);
#2998=EDGE_CURVE('',#3665,#3647,#270,.T.);
#2999=EDGE_CURVE('',#3646,#3666,#271,.T.);
#3000=EDGE_CURVE('',#3704,#3705,#272,.T.);
#3001=EDGE_CURVE('',#3704,#3691,#4127,.T.);
#3002=EDGE_CURVE('',#3705,#3650,#4128,.T.);
#3003=EDGE_CURVE('',#3705,#3678,#4129,.T.);
#3004=EDGE_CURVE('',#3704,#3677,#4130,.T.);
#3005=EDGE_CURVE('',#3706,#3683,#4131,.T.);
#3006=EDGE_CURVE('',#3682,#3707,#4132,.T.);
#3007=EDGE_CURVE('',#3676,#3707,#4133,.T.);
#3008=EDGE_CURVE('',#3708,#3649,#4134,.T.);
#3009=EDGE_CURVE('',#3708,#3706,#273,.T.);
#3010=EDGE_CURVE('',#3707,#3709,#274,.T.);
#3011=EDGE_CURVE('',#3681,#3709,#4135,.T.);
#3012=EDGE_CURVE('',#3675,#3709,#4136,.T.);
#3013=EDGE_CURVE('',#3663,#3642,#275,.T.);
#3014=EDGE_CURVE('',#3710,#3711,#276,.T.);
#3015=EDGE_CURVE('',#3712,#3711,#4137,.T.);
#3016=EDGE_CURVE('',#3712,#3713,#277,.T.);
#3017=EDGE_CURVE('',#3713,#3710,#4138,.T.);
#3018=EDGE_CURVE('',#3714,#3712,#82,.T.);
#3019=EDGE_CURVE('',#3711,#3551,#4139,.T.);
#3020=EDGE_CURVE('',#3550,#3714,#4140,.T.);
#3021=EDGE_CURVE('',#3715,#3716,#278,.T.);
#3022=EDGE_CURVE('',#3715,#3717,#279,.T.);
#3023=EDGE_CURVE('',#3718,#3717,#280,.T.);
#3024=EDGE_CURVE('',#3716,#3718,#281,.T.);
#3025=EDGE_CURVE('',#3719,#3720,#4141,.T.);
#3026=EDGE_CURVE('',#3719,#3721,#4142,.T.);
#3027=EDGE_CURVE('',#3721,#3722,#282,.T.);
#3028=EDGE_CURVE('',#3723,#3722,#4143,.T.);
#3029=EDGE_CURVE('',#3723,#3724,#283,.T.);
#3030=EDGE_CURVE('',#3724,#3725,#4144,.T.);
#3031=EDGE_CURVE('',#3726,#3725,#4145,.T.);
#3032=EDGE_CURVE('',#3726,#3720,#284,.T.);
#3033=EDGE_CURVE('',#3727,#3728,#285,.T.);
#3034=EDGE_CURVE('',#3722,#3728,#286,.T.);
#3035=EDGE_CURVE('',#3721,#3727,#287,.T.);
#3036=EDGE_CURVE('',#3729,#3714,#288,.T.);
#3037=EDGE_CURVE('',#3730,#3729,#289,.T.);
#3038=EDGE_CURVE('',#3730,#3724,#290,.T.);
#3039=EDGE_CURVE('',#3713,#3723,#291,.T.);
#3040=EDGE_CURVE('',#3731,#3732,#292,.T.);
#3041=EDGE_CURVE('',#3733,#3731,#4146,.T.);
#3042=EDGE_CURVE('',#3734,#3733,#293,.T.);
#3043=EDGE_CURVE('',#3734,#3732,#4147,.T.);
#3044=EDGE_CURVE('',#3735,#3734,#294,.T.);
#3045=EDGE_CURVE('',#3736,#3733,#295,.T.);
#3046=EDGE_CURVE('',#3735,#3736,#296,.T.);
#3047=EDGE_CURVE('',#3737,#3738,#297,.T.);
#3048=EDGE_CURVE('',#3739,#3738,#298,.T.);
#3049=EDGE_CURVE('',#3740,#3739,#299,.T.);
#3050=EDGE_CURVE('',#3740,#3737,#300,.T.);
#3051=EDGE_CURVE('',#3741,#3742,#301,.T.);
#3052=EDGE_CURVE('',#3741,#3743,#4148,.T.);
#3053=EDGE_CURVE('',#3744,#3743,#302,.T.);
#3054=EDGE_CURVE('',#3742,#3744,#4149,.T.);
#3055=EDGE_CURVE('',#3745,#3746,#303,.T.);
#3056=EDGE_CURVE('',#3745,#3747,#304,.T.);
#3057=EDGE_CURVE('',#3748,#3747,#305,.T.);
#3058=EDGE_CURVE('',#3746,#3748,#306,.T.);
#3059=EDGE_CURVE('',#3749,#3750,#4150,.T.);
#3060=EDGE_CURVE('',#3750,#3751,#307,.T.);
#3061=EDGE_CURVE('',#3751,#3752,#4151,.T.);
#3062=EDGE_CURVE('',#3753,#3752,#4152,.T.);
#3063=EDGE_CURVE('',#3753,#3754,#308,.T.);
#3064=EDGE_CURVE('',#3755,#3754,#4153,.T.);
#3065=EDGE_CURVE('',#3755,#3740,#4154,.T.);
#3066=EDGE_CURVE('',#3749,#3739,#4155,.T.);
#3067=EDGE_CURVE('',#3756,#3757,#4156,.T.);
#3068=EDGE_CURVE('',#3757,#3758,#309,.T.);
#3069=EDGE_CURVE('',#3759,#3758,#4157,.T.);
#3070=EDGE_CURVE('',#3759,#3756,#310,.T.);
#3071=EDGE_CURVE('',#3760,#3761,#311,.T.);
#3072=EDGE_CURVE('',#3758,#3760,#312,.T.);
#3073=EDGE_CURVE('',#3761,#3757,#313,.T.);
#3074=EDGE_CURVE('',#3761,#3731,#4158,.T.);
#3075=EDGE_CURVE('',#3756,#3730,#4159,.T.);
#3076=EDGE_CURVE('',#3736,#3729,#4160,.T.);
#3077=EDGE_CURVE('',#3760,#3732,#4161,.T.);
#3078=EDGE_CURVE('',#3720,#3762,#314,.T.);
#3079=EDGE_CURVE('',#3763,#3726,#315,.T.);
#3080=EDGE_CURVE('',#3763,#3762,#316,.T.);
#3081=EDGE_CURVE('',#3725,#3764,#317,.T.);
#3082=EDGE_CURVE('',#3763,#3764,#4162,.T.);
#3083=EDGE_CURVE('',#3765,#3719,#318,.T.);
#3084=EDGE_CURVE('',#3765,#3727,#4163,.T.);
#3085=EDGE_CURVE('',#3765,#3762,#4164,.T.);
#3086=EDGE_CURVE('',#3766,#3748,#4165,.T.);
#3087=EDGE_CURVE('',#3767,#3747,#4166,.T.);
#3088=EDGE_CURVE('',#3767,#3766,#319,.T.);
#3089=EDGE_CURVE('',#3754,#3768,#320,.T.);
#3090=EDGE_CURVE('',#3769,#3753,#321,.T.);
#3091=EDGE_CURVE('',#3768,#3769,#322,.T.);
#3092=EDGE_CURVE('',#3752,#3770,#323,.T.);
#3093=EDGE_CURVE('',#3769,#3770,#4167,.T.);
#3094=EDGE_CURVE('',#3771,#3755,#324,.T.);
#3095=EDGE_CURVE('',#3771,#3737,#4168,.T.);
#3096=EDGE_CURVE('',#3771,#3768,#4169,.T.);
#3097=EDGE_CURVE('',#3746,#3772,#4170,.T.);
#3098=EDGE_CURVE('',#3766,#3773,#4171,.T.);
#3099=EDGE_CURVE('',#3773,#3774,#325,.T.);
#3100=EDGE_CURVE('',#3718,#3774,#4172,.T.);
#3101=EDGE_CURVE('',#3717,#3772,#4173,.T.);
#3102=EDGE_CURVE('',#3772,#3775,#326,.T.);
#3103=EDGE_CURVE('',#3715,#3775,#4174,.T.);
#3104=EDGE_CURVE('',#3745,#3775,#4175,.T.);
#3105=EDGE_CURVE('',#3776,#3777,#327,.T.);
#3106=EDGE_CURVE('',#3776,#3764,#4176,.T.);
#3107=EDGE_CURVE('',#3759,#3777,#4177,.T.);
#3108=EDGE_CURVE('',#3778,#3776,#4178,.T.);
#3109=EDGE_CURVE('',#3777,#3779,#4179,.T.);
#3110=EDGE_CURVE('',#3779,#3778,#328,.T.);
#3111=EDGE_CURVE('',#3780,#3781,#329,.T.);
#3112=EDGE_CURVE('',#3780,#3770,#4180,.T.);
#3113=EDGE_CURVE('',#3751,#3773,#330,.T.);
#3114=EDGE_CURVE('',#3767,#3781,#4181,.T.);
#3115=EDGE_CURVE('',#3781,#3782,#4182,.T.);
#3116=EDGE_CURVE('',#3782,#3783,#331,.T.);
#3117=EDGE_CURVE('',#3783,#3780,#4183,.T.);
#3118=EDGE_CURVE('',#3784,#3741,#4184,.T.);
#3119=EDGE_CURVE('',#3784,#3782,#332,.T.);
#3120=EDGE_CURVE('',#3716,#3728,#4185,.T.);
#3121=EDGE_CURVE('',#3785,#3778,#333,.T.);
#3122=EDGE_CURVE('',#3743,#3785,#4186,.T.);
#3123=EDGE_CURVE('',#3785,#3786,#334,.T.);
#3124=EDGE_CURVE('',#3786,#3779,#335,.T.);
#3125=EDGE_CURVE('',#3786,#3744,#4187,.T.);
#3126=EDGE_CURVE('',#3742,#3787,#4188,.T.);
#3127=EDGE_CURVE('',#3738,#3735,#4189,.T.);
#3128=EDGE_CURVE('',#3787,#3783,#336,.T.);
#3129=EDGE_CURVE('',#3787,#3784,#337,.T.);
#3130=EDGE_CURVE('',#3788,#3789,#4190,.T.);
#3131=EDGE_CURVE('',#3788,#3789,#4191,.T.);
#3132=EDGE_CURVE('',#3790,#3790,#4192,.T.);
#3133=EDGE_CURVE('',#3632,#3791,#4193,.T.);
#3134=EDGE_CURVE('',#3792,#3480,#4194,.T.);
#3135=EDGE_CURVE('',#3792,#3793,#338,.T.);
#3136=EDGE_CURVE('',#3793,#3794,#339,.T.);
#3137=EDGE_CURVE('',#3505,#3794,#4195,.T.);
#3138=EDGE_CURVE('',#3502,#3795,#340,.T.);
#3139=EDGE_CURVE('',#3796,#3795,#4196,.T.);
#3140=EDGE_CURVE('',#3796,#3797,#341,.T.);
#3141=EDGE_CURVE('',#3797,#3798,#4197,.T.);
#3142=EDGE_CURVE('',#3798,#3799,#342,.T.);
#3143=EDGE_CURVE('',#3799,#3800,#4198,.T.);
#3144=EDGE_CURVE('',#3800,#3791,#343,.T.);
#3145=EDGE_CURVE('',#3794,#3506,#83,.T.);
#3146=EDGE_CURVE('',#3801,#3801,#4199,.T.);
#3147=EDGE_CURVE('',#3802,#3802,#4200,.T.);
#3148=EDGE_CURVE('',#3803,#3504,#344,.T.);
#3149=EDGE_CURVE('',#3804,#3793,#4201,.T.);
#3150=EDGE_CURVE('',#3804,#3805,#345,.T.);
#3151=EDGE_CURVE('',#3805,#3806,#346,.T.);
#3152=EDGE_CURVE('',#3806,#3807,#4202,.T.);
#3153=EDGE_CURVE('',#3807,#3808,#347,.T.);
#3154=EDGE_CURVE('',#3808,#3809,#4203,.T.);
#3155=EDGE_CURVE('',#3809,#3810,#348,.T.);
#3156=EDGE_CURVE('',#3810,#3803,#4204,.T.);
#3157=EDGE_CURVE('',#3811,#3812,#349,.T.);
#3158=EDGE_CURVE('',#3812,#3813,#4205,.T.);
#3159=EDGE_CURVE('',#3813,#3814,#350,.T.);
#3160=EDGE_CURVE('',#3814,#3811,#4206,.T.);
#3161=EDGE_CURVE('',#3812,#3815,#351,.T.);
#3162=EDGE_CURVE('',#3816,#3815,#4207,.T.);
#3163=EDGE_CURVE('',#3816,#3813,#352,.T.);
#3164=EDGE_CURVE('',#3815,#3817,#353,.T.);
#3165=EDGE_CURVE('',#3817,#3818,#4208,.T.);
#3166=EDGE_CURVE('',#3816,#3818,#354,.T.);
#3167=EDGE_CURVE('',#3819,#3819,#4209,.T.);
#3168=EDGE_CURVE('',#3820,#3820,#4210,.T.);
#3169=EDGE_CURVE('',#3821,#3821,#4211,.T.);
#3170=EDGE_CURVE('',#3822,#3822,#4212,.T.);
#3171=EDGE_CURVE('',#3823,#3823,#4213,.T.);
#3172=EDGE_CURVE('',#3818,#3814,#355,.T.);
#3173=EDGE_CURVE('',#3811,#3817,#356,.T.);
#3174=EDGE_CURVE('',#3824,#3824,#4214,.T.);
#3175=EDGE_CURVE('',#3825,#3825,#4215,.T.);
#3176=EDGE_CURVE('',#3826,#3827,#357,.T.);
#3177=EDGE_CURVE('',#3827,#3828,#4216,.T.);
#3178=EDGE_CURVE('',#3828,#3829,#4217,.T.);
#3179=EDGE_CURVE('',#3829,#3615,#358,.T.);
#3180=EDGE_CURVE('',#3546,#3826,#359,.T.);
#3181=EDGE_CURVE('',#3808,#3830,#360,.T.);
#3182=EDGE_CURVE('',#3830,#3809,#361,.T.);
#3183=EDGE_CURVE('',#3831,#3826,#362,.T.);
#3184=EDGE_CURVE('',#3832,#3831,#363,.T.);
#3185=EDGE_CURVE('',#3832,#3833,#364,.T.);
#3186=EDGE_CURVE('',#3834,#3833,#365,.T.);
#3187=EDGE_CURVE('',#3827,#3834,#366,.T.);
#3188=EDGE_CURVE('',#3807,#3835,#367,.T.);
#3189=EDGE_CURVE('',#3836,#3835,#368,.T.);
#3190=EDGE_CURVE('',#3837,#3836,#369,.T.);
#3191=EDGE_CURVE('',#3830,#3837,#370,.T.);
#3192=EDGE_CURVE('',#3806,#3838,#371,.T.);
#3193=EDGE_CURVE('',#3835,#3838,#372,.T.);
#3194=EDGE_CURVE('',#3839,#3840,#373,.T.);
#3195=EDGE_CURVE('',#3840,#3841,#374,.T.);
#3196=EDGE_CURVE('',#3842,#3841,#375,.T.);
#3197=EDGE_CURVE('',#3839,#3842,#376,.T.);
#3198=EDGE_CURVE('',#3843,#3844,#377,.T.);
#3199=EDGE_CURVE('',#3843,#3845,#4218,.T.);
#3200=EDGE_CURVE('',#3846,#3845,#378,.T.);
#3201=EDGE_CURVE('',#3844,#3846,#4219,.T.);
#3202=EDGE_CURVE('',#3845,#3847,#379,.T.);
#3203=EDGE_CURVE('',#3848,#3847,#380,.T.);
#3204=EDGE_CURVE('',#3846,#3848,#381,.T.);
#3205=EDGE_CURVE('',#3805,#3839,#382,.T.);
#3206=EDGE_CURVE('',#3849,#3842,#383,.T.);
#3207=EDGE_CURVE('',#3805,#3849,#384,.T.);
#3208=EDGE_CURVE('',#3838,#3849,#385,.T.);
#3209=EDGE_CURVE('',#3850,#3803,#386,.T.);
#3210=EDGE_CURVE('',#3851,#3810,#387,.T.);
#3211=EDGE_CURVE('',#3851,#3850,#388,.T.);
#3212=EDGE_CURVE('',#3852,#3850,#389,.T.);
#3213=EDGE_CURVE('',#3853,#3851,#390,.T.);
#3214=EDGE_CURVE('',#3853,#3852,#391,.T.);
#3215=EDGE_CURVE('',#3501,#3854,#392,.T.);
#3216=EDGE_CURVE('',#3854,#3855,#393,.T.);
#3217=EDGE_CURVE('',#3855,#3831,#394,.T.);
#3218=EDGE_CURVE('',#3795,#3545,#395,.T.);
#3219=EDGE_CURVE('',#3854,#3856,#396,.T.);
#3220=EDGE_CURVE('',#3856,#3857,#397,.T.);
#3221=EDGE_CURVE('',#3855,#3857,#398,.T.);
#3222=EDGE_CURVE('',#3858,#3859,#4220,.T.);
#3223=EDGE_CURVE('',#3858,#3860,#4221,.T.);
#3224=EDGE_CURVE('',#3861,#3860,#4222,.T.);
#3225=EDGE_CURVE('',#3861,#3862,#399,.T.);
#3226=EDGE_CURVE('',#3863,#3862,#4223,.T.);
#3227=EDGE_CURVE('',#3864,#3863,#4224,.T.);
#3228=EDGE_CURVE('',#3864,#3865,#4225,.T.);
#3229=EDGE_CURVE('',#3865,#3866,#400,.T.);
#3230=EDGE_CURVE('',#3866,#3867,#4226,.T.);
#3231=EDGE_CURVE('',#3856,#3867,#4227,.T.);
#3232=EDGE_CURVE('',#3868,#3852,#4228,.T.);
#3233=EDGE_CURVE('',#3868,#3869,#4229,.T.);
#3234=EDGE_CURVE('',#3870,#3869,#401,.T.);
#3235=EDGE_CURVE('',#3870,#3871,#4230,.T.);
#3236=EDGE_CURVE('',#3871,#3872,#4231,.T.);
#3237=EDGE_CURVE('',#3873,#3872,#4232,.T.);
#3238=EDGE_CURVE('',#3873,#3859,#402,.T.);
#3239=EDGE_CURVE('',#3874,#3875,#403,.T.);
#3240=EDGE_CURVE('',#3841,#3874,#4233,.T.);
#3241=EDGE_CURVE('',#3840,#3875,#4234,.T.);
#3242=EDGE_CURVE('',#3876,#3867,#404,.T.);
#3243=EDGE_CURVE('',#3857,#3876,#4235,.T.);
#3244=EDGE_CURVE('',#3859,#3877,#405,.T.);
#3245=EDGE_CURVE('',#3878,#3873,#406,.T.);
#3246=EDGE_CURVE('',#3877,#3878,#407,.T.);
#3247=EDGE_CURVE('',#3879,#3880,#4236,.T.);
#3248=EDGE_CURVE('',#3880,#3863,#408,.T.);
#3249=EDGE_CURVE('',#3862,#3879,#409,.T.);
#3250=EDGE_CURVE('',#3881,#3861,#410,.T.);
#3251=EDGE_CURVE('',#3879,#3881,#411,.T.);
#3252=EDGE_CURVE('',#3860,#3882,#412,.T.);
#3253=EDGE_CURVE('',#3882,#3881,#4237,.T.);
#3254=EDGE_CURVE('',#3883,#3884,#4238,.T.);
#3255=EDGE_CURVE('',#3883,#3853,#4239,.T.);
#3256=EDGE_CURVE('',#3837,#3885,#4240,.T.);
#3257=EDGE_CURVE('',#3886,#3885,#4241,.T.);
#3258=EDGE_CURVE('',#3886,#3884,#413,.T.);
#3259=EDGE_CURVE('',#3887,#3888,#4242,.T.);
#3260=EDGE_CURVE('',#3872,#3887,#414,.T.);
#3261=EDGE_CURVE('',#3885,#3871,#415,.T.);
#3262=EDGE_CURVE('',#3889,#3836,#4243,.T.);
#3263=EDGE_CURVE('',#3888,#3889,#416,.T.);
#3264=EDGE_CURVE('',#3890,#3858,#417,.T.);
#3265=EDGE_CURVE('',#3882,#3890,#4244,.T.);
#3266=EDGE_CURVE('',#3877,#3890,#4245,.T.);
#3267=EDGE_CURVE('',#3891,#3892,#4246,.T.);
#3268=EDGE_CURVE('',#3892,#3893,#418,.T.);
#3269=EDGE_CURVE('',#3894,#3893,#4247,.T.);
#3270=EDGE_CURVE('',#3894,#3891,#419,.T.);
#3271=EDGE_CURVE('',#3844,#3895,#4248,.T.);
#3272=EDGE_CURVE('',#3834,#3848,#4249,.T.);
#3273=EDGE_CURVE('',#3833,#3892,#4250,.T.);
#3274=EDGE_CURVE('',#3891,#3895,#420,.T.);
#3275=EDGE_CURVE('',#3895,#3896,#421,.T.);
#3276=EDGE_CURVE('',#3894,#3896,#422,.T.);
#3277=EDGE_CURVE('',#3843,#3896,#4251,.T.);
#3278=EDGE_CURVE('',#3864,#3897,#423,.T.);
#3279=EDGE_CURVE('',#3880,#3893,#4252,.T.);
#3280=EDGE_CURVE('',#3897,#3832,#4253,.T.);
#3281=EDGE_CURVE('',#3897,#3898,#4254,.T.);
#3282=EDGE_CURVE('',#3898,#3865,#424,.T.);
#3283=EDGE_CURVE('',#3866,#3899,#425,.T.);
#3284=EDGE_CURVE('',#3899,#3898,#426,.T.);
#3285=EDGE_CURVE('',#3899,#3876,#4255,.T.);
#3286=EDGE_CURVE('',#3878,#3887,#4256,.T.);
#3287=EDGE_CURVE('',#3884,#3869,#427,.T.);
#3288=EDGE_CURVE('',#3870,#3886,#428,.T.);
#3289=EDGE_CURVE('',#3868,#3883,#429,.T.);
#3290=EDGE_CURVE('',#3888,#3900,#4257,.T.);
#3291=EDGE_CURVE('',#3889,#3901,#4258,.T.);
#3292=EDGE_CURVE('',#3901,#3900,#430,.T.);
#3293=EDGE_CURVE('',#3902,#3903,#431,.T.);
#3294=EDGE_CURVE('',#3900,#3902,#432,.T.);
#3295=EDGE_CURVE('',#3903,#3901,#433,.T.);
#3296=EDGE_CURVE('',#3903,#3874,#4259,.T.);
#3297=EDGE_CURVE('',#3902,#3875,#4260,.T.);
#3298=EDGE_CURVE('',#3750,#3904,#434,.T.);
#3299=EDGE_CURVE('',#3904,#3905,#435,.T.);
#3300=EDGE_CURVE('',#3595,#3905,#436,.T.);
#3301=EDGE_CURVE('',#3774,#3622,#437,.T.);
#3302=EDGE_CURVE('',#3904,#3906,#4261,.T.);
#3303=EDGE_CURVE('',#3905,#3906,#4262,.T.);
#3304=EDGE_CURVE('',#3907,#3907,#4263,.T.);
#3305=EDGE_CURVE('',#3908,#3909,#4264,.T.);
#3306=EDGE_CURVE('',#3908,#3909,#84,.T.);
#3307=EDGE_CURVE('',#3910,#3911,#4265,.T.);
#3308=EDGE_CURVE('',#3906,#3911,#438,.T.);
#3309=EDGE_CURVE('',#3910,#3749,#439,.T.);
#3310=EDGE_CURVE('',#3791,#3912,#440,.T.);
#3311=EDGE_CURVE('',#3912,#3910,#4266,.T.);
#3312=EDGE_CURVE('',#3909,#3788,#441,.T.);
#3313=EDGE_CURVE('',#3789,#3908,#442,.T.);
#3314=EDGE_CURVE('',#3913,#3796,#443,.T.);
#3315=EDGE_CURVE('',#3616,#3618,#444,.T.);
#3316=EDGE_CURVE('',#3911,#3913,#4267,.T.);
#3317=EDGE_CURVE('',#3912,#3914,#445,.T.);
#3318=EDGE_CURVE('',#3914,#3915,#4268,.T.);
#3319=EDGE_CURVE('',#3915,#3916,#446,.T.);
#3320=EDGE_CURVE('',#3916,#3917,#4269,.T.);
#3321=EDGE_CURVE('',#3913,#3917,#447,.T.);
#3322=EDGE_CURVE('',#3914,#3800,#448,.T.);
#3323=EDGE_CURVE('',#3917,#3797,#449,.T.);
#3324=EDGE_CURVE('',#3916,#3798,#450,.T.);
#3325=EDGE_CURVE('',#3915,#3799,#451,.T.);
#3326=EDGE_CURVE('',#3918,#3919,#452,.T.);
#3327=EDGE_CURVE('',#3920,#3918,#453,.T.);
#3328=EDGE_CURVE('',#3921,#3920,#454,.T.);
#3329=EDGE_CURVE('',#3921,#3919,#455,.T.);
#3330=EDGE_CURVE('',#3922,#3636,#456,.T.);
#3331=EDGE_CURVE('',#3922,#3923,#457,.T.);
#3332=EDGE_CURVE('',#3924,#3923,#458,.T.);
#3333=EDGE_CURVE('',#3924,#3925,#459,.T.);
#3334=EDGE_CURVE('',#3926,#3925,#460,.T.);
#3335=EDGE_CURVE('',#3927,#3926,#461,.T.);
#3336=EDGE_CURVE('',#3927,#3637,#462,.T.);
#3337=EDGE_CURVE('',#3928,#3929,#463,.T.);
#3338=EDGE_CURVE('',#3930,#3928,#464,.T.);
#3339=EDGE_CURVE('',#3923,#3930,#97,.T.);
#3340=EDGE_CURVE('',#3931,#3922,#98,.T.);
#3341=EDGE_CURVE('',#3672,#3931,#465,.T.);
#3342=EDGE_CURVE('',#3674,#3671,#466,.T.);
#3343=EDGE_CURVE('',#3932,#3673,#467,.T.);
#3344=EDGE_CURVE('',#3929,#3932,#85,.T.);
#3345=EDGE_CURVE('',#3930,#3920,#468,.T.);
#3346=EDGE_CURVE('',#3924,#3920,#99,.T.);
#3347=EDGE_CURVE('',#3925,#3918,#4270,.T.);
#3348=EDGE_CURVE('',#3927,#3933,#469,.T.);
#3349=EDGE_CURVE('',#3638,#3933,#470,.T.);
#3350=EDGE_CURVE('',#3919,#3934,#4271,.T.);
#3351=EDGE_CURVE('',#3921,#3935,#4272,.T.);
#3352=EDGE_CURVE('',#3935,#3934,#471,.T.);
#3353=EDGE_CURVE('',#3933,#3936,#472,.T.);
#3354=EDGE_CURVE('',#3934,#3936,#473,.T.);
#3355=EDGE_CURVE('',#3937,#3935,#474,.T.);
#3356=EDGE_CURVE('',#3938,#3937,#475,.T.);
#3357=EDGE_CURVE('',#3639,#3938,#476,.T.);
#3358=EDGE_CURVE('',#3937,#3928,#4273,.T.);
#3359=EDGE_CURVE('',#3938,#3929,#4274,.T.);
#3360=EDGE_CURVE('',#3939,#3926,#4275,.T.);
#3361=EDGE_CURVE('',#3940,#3939,#477,.T.);
#3362=EDGE_CURVE('',#3936,#3940,#4276,.T.);
#3363=EDGE_CURVE('',#3941,#3939,#478,.T.);
#3364=EDGE_CURVE('',#3942,#3941,#479,.T.);
#3365=EDGE_CURVE('',#3940,#3942,#480,.T.);
#3366=EDGE_CURVE('',#3942,#3934,#4277,.T.);
#3367=EDGE_CURVE('',#3919,#3942,#4278,.T.);
#3368=EDGE_CURVE('',#3941,#3918,#4279,.T.);
#3369=EDGE_CURVE('',#3925,#3941,#4280,.T.);
#3370=EDGE_CURVE('',#3943,#3640,#481,.T.);
#3371=EDGE_CURVE('',#3932,#3943,#4281,.T.);
#3372=EDGE_CURVE('',#3943,#3938,#4282,.T.);
#3373=EDGE_CURVE('',#3635,#3931,#482,.T.);
#3374=EDGE_CURVE('',#3944,#3945,#483,.T.);
#3375=EDGE_CURVE('',#3488,#3944,#484,.T.);
#3376=EDGE_CURVE('',#3487,#3945,#485,.T.);
#3377=EDGE_CURVE('',#3945,#3946,#4283,.T.);
#3378=EDGE_CURVE('',#3486,#3946,#486,.T.);
#3379=EDGE_CURVE('',#3946,#3947,#487,.T.);
#3380=EDGE_CURVE('',#3947,#3489,#488,.T.);
#3381=EDGE_CURVE('',#3947,#3944,#4284,.T.);
#3382=EDGE_CURVE('',#3948,#3847,#4285,.T.);
#3383=EDGE_CURVE('',#3948,#3949,#489,.T.);
#3384=EDGE_CURVE('',#3949,#3950,#86,.T.);
#3385=EDGE_CURVE('',#3950,#3951,#4286,.T.);
#3386=EDGE_CURVE('',#3951,#3952,#87,.T.);
#3387=EDGE_CURVE('',#3952,#3708,#490,.T.);
#3388=EDGE_CURVE('',#3953,#3648,#4287,.T.);
#3389=EDGE_CURVE('',#3953,#3954,#491,.T.);
#3390=EDGE_CURVE('',#3954,#3955,#4288,.T.);
#3391=EDGE_CURVE('',#3955,#3710,#492,.T.);
#3392=EDGE_CURVE('',#3600,#3956,#88,.F.);
#3393=EDGE_CURVE('',#3956,#3957,#4289,.T.);
#3394=EDGE_CURVE('',#3957,#3602,#89,.T.);
#3395=EDGE_CURVE('',#3606,#3958,#493,.T.);
#3396=EDGE_CURVE('',#3958,#3609,#90,.T.);
#3397=EDGE_CURVE('',#3607,#3959,#91,.T.);
#3398=EDGE_CURVE('',#3828,#3959,#494,.T.);
#3399=EDGE_CURVE('',#3951,#3960,#495,.T.);
#3400=EDGE_CURVE('',#3961,#3950,#496,.T.);
#3401=EDGE_CURVE('',#3960,#3961,#4290,.T.);
#3402=EDGE_CURVE('',#3949,#3962,#497,.T.);
#3403=EDGE_CURVE('',#3963,#3948,#498,.T.);
#3404=EDGE_CURVE('',#3963,#3962,#499,.T.);
#3405=EDGE_CURVE('',#3962,#3964,#4291,.T.);
#3406=EDGE_CURVE('',#3684,#3963,#4292,.T.);
#3407=EDGE_CURVE('',#3706,#3964,#500,.T.);
#3408=EDGE_CURVE('',#3964,#3952,#501,.T.);
#3409=EDGE_CURVE('',#3964,#3960,#4293,.T.);
#3410=EDGE_CURVE('',#3962,#3961,#4294,.T.);
#3411=EDGE_CURVE('',#3965,#3956,#4295,.T.);
#3412=EDGE_CURVE('',#3966,#3965,#502,.T.);
#3413=EDGE_CURVE('',#3967,#3966,#4296,.T.);
#3414=EDGE_CURVE('',#3968,#3967,#503,.T.);
#3415=EDGE_CURVE('',#3957,#3968,#4297,.T.);
#3416=EDGE_CURVE('',#3965,#3599,#4298,.T.);
#3417=EDGE_CURVE('',#3966,#3585,#4299,.T.);
#3418=EDGE_CURVE('',#3967,#3586,#4300,.T.);
#3419=EDGE_CURVE('',#3968,#3589,#4301,.T.);
#3420=EDGE_CURVE('',#3958,#3969,#4302,.T.);
#3421=EDGE_CURVE('',#3613,#3969,#504,.T.);
#3422=EDGE_CURVE('',#3969,#3970,#4303,.T.);
#3423=EDGE_CURVE('',#3620,#3970,#505,.T.);
#3424=EDGE_CURVE('',#3970,#3971,#506,.T.);
#3425=EDGE_CURVE('',#3971,#3829,#507,.T.);
#3426=EDGE_CURVE('',#3971,#3959,#4304,.T.);
#3427=EDGE_CURVE('',#3610,#3969,#92,.F.);
#3428=EDGE_CURVE('',#3971,#3608,#4305,.T.);
#3429=EDGE_CURVE('',#3970,#3611,#4306,.T.);
#3430=EDGE_CURVE('',#3552,#3953,#508,.T.);
#3431=EDGE_CURVE('',#3972,#3711,#509,.T.);
#3432=EDGE_CURVE('',#3973,#3972,#4307,.T.);
#3433=EDGE_CURVE('',#3973,#3552,#510,.T.);
#3434=EDGE_CURVE('',#3974,#3974,#4308,.T.);
#3435=EDGE_CURVE('',#3975,#3955,#511,.T.);
#3436=EDGE_CURVE('',#3954,#3976,#512,.T.);
#3437=EDGE_CURVE('',#3976,#3975,#4309,.T.);
#3438=EDGE_CURVE('',#3972,#3975,#513,.T.);
#3439=EDGE_CURVE('',#3973,#3976,#514,.T.);
#3440=EDGE_CURVE('',#3977,#3977,#4310,.T.);
#3441=EDGE_CURVE('',#3978,#3978,#4311,.T.);
#3442=EDGE_CURVE('',#3979,#3980,#4312,.T.);
#3443=EDGE_CURVE('',#3980,#3979,#4313,.T.);
#3444=EDGE_CURVE('',#3981,#3980,#515,.T.);
#3445=EDGE_CURVE('',#3979,#3982,#516,.T.);
#3446=EDGE_CURVE('',#3981,#3982,#4314,.T.);
#3447=EDGE_CURVE('',#3983,#3984,#517,.T.);
#3448=EDGE_CURVE('',#3984,#3985,#518,.T.);
#3449=EDGE_CURVE('',#3985,#3483,#519,.T.);
#3450=EDGE_CURVE('',#3804,#3986,#520,.T.);
#3451=EDGE_CURVE('',#3986,#3983,#4315,.T.);
#3452=EDGE_CURVE('',#3479,#3987,#4316,.T.);
#3453=EDGE_CURVE('',#3987,#3983,#521,.T.);
#3454=EDGE_CURVE('',#3986,#3792,#522,.T.);
#3455=EDGE_CURVE('',#3982,#3988,#523,.T.);
#3456=EDGE_CURVE('',#3988,#3989,#4317,.T.);
#3457=EDGE_CURVE('',#3989,#3990,#524,.T.);
#3458=EDGE_CURVE('',#3990,#3991,#525,.T.);
#3459=EDGE_CURVE('',#3991,#3992,#526,.T.);
#3460=EDGE_CURVE('',#3992,#3993,#4318,.T.);
#3461=EDGE_CURVE('',#3993,#3981,#527,.T.);
#3462=EDGE_CURVE('',#3994,#3993,#528,.T.);
#3463=EDGE_CURVE('',#3995,#3994,#529,.T.);
#3464=EDGE_CURVE('',#3980,#3995,#530,.T.);
#3465=EDGE_CURVE('',#3988,#3996,#531,.T.);
#3466=EDGE_CURVE('',#3979,#3997,#532,.T.);
#3467=EDGE_CURVE('',#3996,#3997,#533,.T.);
#3468=EDGE_CURVE('',#3997,#3995,#4319,.T.);
#3469=EDGE_CURVE('',#3991,#3478,#534,.T.);
#3470=EDGE_CURVE('',#3990,#3987,#535,.T.);
#3471=EDGE_CURVE('',#3992,#3483,#536,.T.);
#3472=EDGE_CURVE('',#3985,#3994,#4320,.T.);
#3473=EDGE_CURVE('',#3996,#3984,#4321,.T.);
#3474=EDGE_CURVE('',#3983,#3989,#537,.T.);
#3475=VERTEX_POINT('',#7802);
#3476=VERTEX_POINT('',#7805);
#3477=VERTEX_POINT('',#7807);
#3478=VERTEX_POINT('',#7811);
#3479=VERTEX_POINT('',#7812);
#3480=VERTEX_POINT('',#7814);
#3481=VERTEX_POINT('',#7816);
#3482=VERTEX_POINT('',#7818);
#3483=VERTEX_POINT('',#7820);
#3484=VERTEX_POINT('',#7824);
#3485=VERTEX_POINT('',#7826);
#3486=VERTEX_POINT('',#7830);
#3487=VERTEX_POINT('',#7831);
#3488=VERTEX_POINT('',#7833);
#3489=VERTEX_POINT('',#7835);
#3490=VERTEX_POINT('',#7838);
#3491=VERTEX_POINT('',#7840);
#3492=VERTEX_POINT('',#7844);
#3493=VERTEX_POINT('',#7846);
#3494=VERTEX_POINT('',#7850);
#3495=VERTEX_POINT('',#7852);
#3496=VERTEX_POINT('',#7856);
#3497=VERTEX_POINT('',#7858);
#3498=VERTEX_POINT('',#7862);
#3499=VERTEX_POINT('',#7864);
#3500=VERTEX_POINT('',#7868);
#3501=VERTEX_POINT('',#7869);
#3502=VERTEX_POINT('',#7871);
#3503=VERTEX_POINT('',#7873);
#3504=VERTEX_POINT('',#7877);
#3505=VERTEX_POINT('',#7879);
#3506=VERTEX_POINT('',#7881);
#3507=VERTEX_POINT('',#7885);
#3508=VERTEX_POINT('',#7886);
#3509=VERTEX_POINT('',#7888);
#3510=VERTEX_POINT('',#7890);
#3511=VERTEX_POINT('',#7892);
#3512=VERTEX_POINT('',#7894);
#3513=VERTEX_POINT('',#7896);
#3514=VERTEX_POINT('',#7898);
#3515=VERTEX_POINT('',#7900);
#3516=VERTEX_POINT('',#7902);
#3517=VERTEX_POINT('',#7906);
#3518=VERTEX_POINT('',#7907);
#3519=VERTEX_POINT('',#7912);
#3520=VERTEX_POINT('',#7916);
#3521=VERTEX_POINT('',#7920);
#3522=VERTEX_POINT('',#7924);
#3523=VERTEX_POINT('',#7928);
#3524=VERTEX_POINT('',#7932);
#3525=VERTEX_POINT('',#7936);
#3526=VERTEX_POINT('',#7940);
#3527=VERTEX_POINT('',#7946);
#3528=VERTEX_POINT('',#7947);
#3529=VERTEX_POINT('',#7949);
#3530=VERTEX_POINT('',#7951);
#3531=VERTEX_POINT('',#7953);
#3532=VERTEX_POINT('',#7955);
#3533=VERTEX_POINT('',#7957);
#3534=VERTEX_POINT('',#7961);
#3535=VERTEX_POINT('',#7962);
#3536=VERTEX_POINT('',#7967);
#3537=VERTEX_POINT('',#7971);
#3538=VERTEX_POINT('',#7975);
#3539=VERTEX_POINT('',#7979);
#3540=VERTEX_POINT('',#7983);
#3541=VERTEX_POINT('',#7989);
#3542=VERTEX_POINT('',#7992);
#3543=VERTEX_POINT('',#7995);
#3544=VERTEX_POINT('',#7998);
#3545=VERTEX_POINT('',#8015);
#3546=VERTEX_POINT('',#8016);
#3547=VERTEX_POINT('',#8018);
#3548=VERTEX_POINT('',#8022);
#3549=VERTEX_POINT('',#8023);
#3550=VERTEX_POINT('',#8025);
#3551=VERTEX_POINT('',#8027);
#3552=VERTEX_POINT('',#8029);
#3553=VERTEX_POINT('',#8033);
#3554=VERTEX_POINT('',#8035);
#3555=VERTEX_POINT('',#8038);
#3556=VERTEX_POINT('',#8041);
#3557=VERTEX_POINT('',#8044);
#3558=VERTEX_POINT('',#8047);
#3559=VERTEX_POINT('',#8050);
#3560=VERTEX_POINT('',#8051);
#3561=VERTEX_POINT('',#8053);
#3562=VERTEX_POINT('',#8055);
#3563=VERTEX_POINT('',#8057);
#3564=VERTEX_POINT('',#8059);
#3565=VERTEX_POINT('',#8061);
#3566=VERTEX_POINT('',#8063);
#3567=VERTEX_POINT('',#8065);
#3568=VERTEX_POINT('',#8067);
#3569=VERTEX_POINT('',#8069);
#3570=VERTEX_POINT('',#8071);
#3571=VERTEX_POINT('',#8074);
#3572=VERTEX_POINT('',#8077);
#3573=VERTEX_POINT('',#8081);
#3574=VERTEX_POINT('',#8082);
#3575=VERTEX_POINT('',#8084);
#3576=VERTEX_POINT('',#8086);
#3577=VERTEX_POINT('',#8088);
#3578=VERTEX_POINT('',#8090);
#3579=VERTEX_POINT('',#8092);
#3580=VERTEX_POINT('',#8094);
#3581=VERTEX_POINT('',#8096);
#3582=VERTEX_POINT('',#8098);
#3583=VERTEX_POINT('',#8100);
#3584=VERTEX_POINT('',#8102);
#3585=VERTEX_POINT('',#8130);
#3586=VERTEX_POINT('',#8131);
#3587=VERTEX_POINT('',#8133);
#3588=VERTEX_POINT('',#8135);
#3589=VERTEX_POINT('',#8139);
#3590=VERTEX_POINT('',#8141);
#3591=VERTEX_POINT('',#8143);
#3592=VERTEX_POINT('',#8148);
#3593=VERTEX_POINT('',#8152);
#3594=VERTEX_POINT('',#8159);
#3595=VERTEX_POINT('',#8160);
#3596=VERTEX_POINT('',#8162);
#3597=VERTEX_POINT('',#8167);
#3598=VERTEX_POINT('',#8172);
#3599=VERTEX_POINT('',#8176);
#3600=VERTEX_POINT('',#8181);
#3601=VERTEX_POINT('',#8183);
#3602=VERTEX_POINT('',#8187);
#3603=VERTEX_POINT('',#8192);
#3604=VERTEX_POINT('',#8194);
#3605=VERTEX_POINT('',#8198);
#3606=VERTEX_POINT('',#8199);
#3607=VERTEX_POINT('',#8204);
#3608=VERTEX_POINT('',#8205);
#3609=VERTEX_POINT('',#8207);
#3610=VERTEX_POINT('',#8209);
#3611=VERTEX_POINT('',#8211);
#3612=VERTEX_POINT('',#8215);
#3613=VERTEX_POINT('',#8216);
#3614=VERTEX_POINT('',#8219);
#3615=VERTEX_POINT('',#8226);
#3616=VERTEX_POINT('',#8227);
#3617=VERTEX_POINT('',#8235);
#3618=VERTEX_POINT('',#8239);
#3619=VERTEX_POINT('',#8240);
#3620=VERTEX_POINT('',#8242);
#3621=VERTEX_POINT('',#8244);
#3622=VERTEX_POINT('',#8251);
#3623=VERTEX_POINT('',#8255);
#3624=VERTEX_POINT('',#8256);
#3625=VERTEX_POINT('',#8258);
#3626=VERTEX_POINT('',#8260);
#3627=VERTEX_POINT('',#8262);
#3628=VERTEX_POINT('',#8264);
#3629=VERTEX_POINT('',#8266);
#3630=VERTEX_POINT('',#8269);
#3631=VERTEX_POINT('',#8273);
#3632=VERTEX_POINT('',#8276);
#3633=VERTEX_POINT('',#8280);
#3634=VERTEX_POINT('',#8281);
#3635=VERTEX_POINT('',#8283);
#3636=VERTEX_POINT('',#8285);
#3637=VERTEX_POINT('',#8287);
#3638=VERTEX_POINT('',#8289);
#3639=VERTEX_POINT('',#8291);
#3640=VERTEX_POINT('',#8293);
#3641=VERTEX_POINT('',#8295);
#3642=VERTEX_POINT('',#8300);
#3643=VERTEX_POINT('',#8301);
#3644=VERTEX_POINT('',#8303);
#3645=VERTEX_POINT('',#8306);
#3646=VERTEX_POINT('',#8308);
#3647=VERTEX_POINT('',#8310);
#3648=VERTEX_POINT('',#8314);
#3649=VERTEX_POINT('',#8316);
#3650=VERTEX_POINT('',#8318);
#3651=VERTEX_POINT('',#8322);
#3652=VERTEX_POINT('',#8323);
#3653=VERTEX_POINT('',#8325);
#3654=VERTEX_POINT('',#8327);
#3655=VERTEX_POINT('',#8329);
#3656=VERTEX_POINT('',#8331);
#3657=VERTEX_POINT('',#8333);
#3658=VERTEX_POINT('',#8335);
#3659=VERTEX_POINT('',#8337);
#3660=VERTEX_POINT('',#8339);
#3661=VERTEX_POINT('',#8341);
#3662=VERTEX_POINT('',#8344);
#3663=VERTEX_POINT('',#8346);
#3664=VERTEX_POINT('',#8348);
#3665=VERTEX_POINT('',#8350);
#3666=VERTEX_POINT('',#8352);
#3667=VERTEX_POINT('',#8354);
#3668=VERTEX_POINT('',#8356);
#3669=VERTEX_POINT('',#8360);
#3670=VERTEX_POINT('',#8361);
#3671=VERTEX_POINT('',#8363);
#3672=VERTEX_POINT('',#8365);
#3673=VERTEX_POINT('',#8369);
#3674=VERTEX_POINT('',#8370);
#3675=VERTEX_POINT('',#8375);
#3676=VERTEX_POINT('',#8376);
#3677=VERTEX_POINT('',#8378);
#3678=VERTEX_POINT('',#8380);
#3679=VERTEX_POINT('',#8384);
#3680=VERTEX_POINT('',#8385);
#3681=VERTEX_POINT('',#8387);
#3682=VERTEX_POINT('',#8389);
#3683=VERTEX_POINT('',#8393);
#3684=VERTEX_POINT('',#8394);
#3685=VERTEX_POINT('',#8399);
#3686=VERTEX_POINT('',#8401);
#3687=VERTEX_POINT('',#8409);
#3688=VERTEX_POINT('',#8410);
#3689=VERTEX_POINT('',#8415);
#3690=VERTEX_POINT('',#8417);
#3691=VERTEX_POINT('',#8421);
#3692=VERTEX_POINT('',#8425);
#3693=VERTEX_POINT('',#8429);
#3694=VERTEX_POINT('',#8433);
#3695=VERTEX_POINT('',#8439);
#3696=VERTEX_POINT('',#8440);
#3697=VERTEX_POINT('',#8442);
#3698=VERTEX_POINT('',#8444);
#3699=VERTEX_POINT('',#8448);
#3700=VERTEX_POINT('',#8449);
#3701=VERTEX_POINT('',#8457);
#3702=VERTEX_POINT('',#8463);
#3703=VERTEX_POINT('',#8467);
#3704=VERTEX_POINT('',#8479);
#3705=VERTEX_POINT('',#8480);
#3706=VERTEX_POINT('',#8488);
#3707=VERTEX_POINT('',#8490);
#3708=VERTEX_POINT('',#8493);
#3709=VERTEX_POINT('',#8497);
#3710=VERTEX_POINT('',#8506);
#3711=VERTEX_POINT('',#8507);
#3712=VERTEX_POINT('',#8509);
#3713=VERTEX_POINT('',#8511);
#3714=VERTEX_POINT('',#8518);
#3715=VERTEX_POINT('',#8523);
#3716=VERTEX_POINT('',#8524);
#3717=VERTEX_POINT('',#8526);
#3718=VERTEX_POINT('',#8528);
#3719=VERTEX_POINT('',#8532);
#3720=VERTEX_POINT('',#8533);
#3721=VERTEX_POINT('',#8535);
#3722=VERTEX_POINT('',#8537);
#3723=VERTEX_POINT('',#8539);
#3724=VERTEX_POINT('',#8541);
#3725=VERTEX_POINT('',#8543);
#3726=VERTEX_POINT('',#8545);
#3727=VERTEX_POINT('',#8549);
#3728=VERTEX_POINT('',#8550);
#3729=VERTEX_POINT('',#8555);
#3730=VERTEX_POINT('',#8557);
#3731=VERTEX_POINT('',#8562);
#3732=VERTEX_POINT('',#8563);
#3733=VERTEX_POINT('',#8565);
#3734=VERTEX_POINT('',#8567);
#3735=VERTEX_POINT('',#8571);
#3736=VERTEX_POINT('',#8573);
#3737=VERTEX_POINT('',#8577);
#3738=VERTEX_POINT('',#8578);
#3739=VERTEX_POINT('',#8580);
#3740=VERTEX_POINT('',#8582);
#3741=VERTEX_POINT('',#8586);
#3742=VERTEX_POINT('',#8587);
#3743=VERTEX_POINT('',#8589);
#3744=VERTEX_POINT('',#8591);
#3745=VERTEX_POINT('',#8595);
#3746=VERTEX_POINT('',#8596);
#3747=VERTEX_POINT('',#8598);
#3748=VERTEX_POINT('',#8600);
#3749=VERTEX_POINT('',#8604);
#3750=VERTEX_POINT('',#8605);
#3751=VERTEX_POINT('',#8607);
#3752=VERTEX_POINT('',#8609);
#3753=VERTEX_POINT('',#8611);
#3754=VERTEX_POINT('',#8613);
#3755=VERTEX_POINT('',#8615);
#3756=VERTEX_POINT('',#8620);
#3757=VERTEX_POINT('',#8621);
#3758=VERTEX_POINT('',#8623);
#3759=VERTEX_POINT('',#8625);
#3760=VERTEX_POINT('',#8629);
#3761=VERTEX_POINT('',#8630);
#3762=VERTEX_POINT('',#8641);
#3763=VERTEX_POINT('',#8643);
#3764=VERTEX_POINT('',#8647);
#3765=VERTEX_POINT('',#8651);
#3766=VERTEX_POINT('',#8657);
#3767=VERTEX_POINT('',#8659);
#3768=VERTEX_POINT('',#8663);
#3769=VERTEX_POINT('',#8665);
#3770=VERTEX_POINT('',#8669);
#3771=VERTEX_POINT('',#8673);
#3772=VERTEX_POINT('',#8679);
#3773=VERTEX_POINT('',#8681);
#3774=VERTEX_POINT('',#8683);
#3775=VERTEX_POINT('',#8688);
#3776=VERTEX_POINT('',#8694);
#3777=VERTEX_POINT('',#8695);
#3778=VERTEX_POINT('',#8700);
#3779=VERTEX_POINT('',#8702);
#3780=VERTEX_POINT('',#8706);
#3781=VERTEX_POINT('',#8707);
#3782=VERTEX_POINT('',#8713);
#3783=VERTEX_POINT('',#8715);
#3784=VERTEX_POINT('',#8719);
#3785=VERTEX_POINT('',#8723);
#3786=VERTEX_POINT('',#8727);
#3787=VERTEX_POINT('',#8733);
#3788=VERTEX_POINT('',#8741);
#3789=VERTEX_POINT('',#8742);
#3790=VERTEX_POINT('',#8745);
#3791=VERTEX_POINT('',#8747);
#3792=VERTEX_POINT('',#8749);
#3793=VERTEX_POINT('',#8751);
#3794=VERTEX_POINT('',#8753);
#3795=VERTEX_POINT('',#8756);
#3796=VERTEX_POINT('',#8758);
#3797=VERTEX_POINT('',#8760);
#3798=VERTEX_POINT('',#8762);
#3799=VERTEX_POINT('',#8764);
#3800=VERTEX_POINT('',#8766);
#3801=VERTEX_POINT('',#8775);
#3802=VERTEX_POINT('',#8777);
#3803=VERTEX_POINT('',#8780);
#3804=VERTEX_POINT('',#8782);
#3805=VERTEX_POINT('',#8784);
#3806=VERTEX_POINT('',#8786);
#3807=VERTEX_POINT('',#8788);
#3808=VERTEX_POINT('',#8790);
#3809=VERTEX_POINT('',#8792);
#3810=VERTEX_POINT('',#8794);
#3811=VERTEX_POINT('',#8798);
#3812=VERTEX_POINT('',#8799);
#3813=VERTEX_POINT('',#8801);
#3814=VERTEX_POINT('',#8803);
#3815=VERTEX_POINT('',#8807);
#3816=VERTEX_POINT('',#8809);
#3817=VERTEX_POINT('',#8813);
#3818=VERTEX_POINT('',#8815);
#3819=VERTEX_POINT('',#8818);
#3820=VERTEX_POINT('',#8821);
#3821=VERTEX_POINT('',#8824);
#3822=VERTEX_POINT('',#8827);
#3823=VERTEX_POINT('',#8831);
#3824=VERTEX_POINT('',#8839);
#3825=VERTEX_POINT('',#8842);
#3826=VERTEX_POINT('',#8846);
#3827=VERTEX_POINT('',#8847);
#3828=VERTEX_POINT('',#8849);
#3829=VERTEX_POINT('',#8851);
#3830=VERTEX_POINT('',#8856);
#3831=VERTEX_POINT('',#8860);
#3832=VERTEX_POINT('',#8862);
#3833=VERTEX_POINT('',#8864);
#3834=VERTEX_POINT('',#8866);
#3835=VERTEX_POINT('',#8870);
#3836=VERTEX_POINT('',#8872);
#3837=VERTEX_POINT('',#8874);
#3838=VERTEX_POINT('',#8878);
#3839=VERTEX_POINT('',#8882);
#3840=VERTEX_POINT('',#8883);
#3841=VERTEX_POINT('',#8885);
#3842=VERTEX_POINT('',#8887);
#3843=VERTEX_POINT('',#8891);
#3844=VERTEX_POINT('',#8892);
#3845=VERTEX_POINT('',#8894);
#3846=VERTEX_POINT('',#8896);
#3847=VERTEX_POINT('',#8900);
#3848=VERTEX_POINT('',#8902);
#3849=VERTEX_POINT('',#8907);
#3850=VERTEX_POINT('',#8913);
#3851=VERTEX_POINT('',#8915);
#3852=VERTEX_POINT('',#8919);
#3853=VERTEX_POINT('',#8921);
#3854=VERTEX_POINT('',#8925);
#3855=VERTEX_POINT('',#8927);
#3856=VERTEX_POINT('',#8932);
#3857=VERTEX_POINT('',#8934);
#3858=VERTEX_POINT('',#8938);
#3859=VERTEX_POINT('',#8939);
#3860=VERTEX_POINT('',#8941);
#3861=VERTEX_POINT('',#8943);
#3862=VERTEX_POINT('',#8945);
#3863=VERTEX_POINT('',#8947);
#3864=VERTEX_POINT('',#8949);
#3865=VERTEX_POINT('',#8951);
#3866=VERTEX_POINT('',#8953);
#3867=VERTEX_POINT('',#8955);
#3868=VERTEX_POINT('',#8958);
#3869=VERTEX_POINT('',#8960);
#3870=VERTEX_POINT('',#8962);
#3871=VERTEX_POINT('',#8964);
#3872=VERTEX_POINT('',#8966);
#3873=VERTEX_POINT('',#8968);
#3874=VERTEX_POINT('',#8972);
#3875=VERTEX_POINT('',#8973);
#3876=VERTEX_POINT('',#8978);
#3877=VERTEX_POINT('',#8982);
#3878=VERTEX_POINT('',#8984);
#3879=VERTEX_POINT('',#8988);
#3880=VERTEX_POINT('',#8989);
#3881=VERTEX_POINT('',#8994);
#3882=VERTEX_POINT('',#8998);
#3883=VERTEX_POINT('',#9002);
#3884=VERTEX_POINT('',#9003);
#3885=VERTEX_POINT('',#9006);
#3886=VERTEX_POINT('',#9008);
#3887=VERTEX_POINT('',#9012);
#3888=VERTEX_POINT('',#9013);
#3889=VERTEX_POINT('',#9017);
#3890=VERTEX_POINT('',#9021);
#3891=VERTEX_POINT('',#9027);
#3892=VERTEX_POINT('',#9028);
#3893=VERTEX_POINT('',#9030);
#3894=VERTEX_POINT('',#9032);
#3895=VERTEX_POINT('',#9036);
#3896=VERTEX_POINT('',#9042);
#3897=VERTEX_POINT('',#9048);
#3898=VERTEX_POINT('',#9053);
#3899=VERTEX_POINT('',#9057);
#3900=VERTEX_POINT('',#9073);
#3901=VERTEX_POINT('',#9075);
#3902=VERTEX_POINT('',#9079);
#3903=VERTEX_POINT('',#9080);
#3904=VERTEX_POINT('',#9089);
#3905=VERTEX_POINT('',#9091);
#3906=VERTEX_POINT('',#9096);
#3907=VERTEX_POINT('',#9100);
#3908=VERTEX_POINT('',#9129);
#3909=VERTEX_POINT('',#9130);
#3910=VERTEX_POINT('',#9140);
#3911=VERTEX_POINT('',#9141);
#3912=VERTEX_POINT('',#9146);
#3913=VERTEX_POINT('',#9153);
#3914=VERTEX_POINT('',#9158);
#3915=VERTEX_POINT('',#9160);
#3916=VERTEX_POINT('',#9162);
#3917=VERTEX_POINT('',#9164);
#3918=VERTEX_POINT('',#9178);
#3919=VERTEX_POINT('',#9179);
#3920=VERTEX_POINT('',#9181);
#3921=VERTEX_POINT('',#9183);
#3922=VERTEX_POINT('',#9187);
#3923=VERTEX_POINT('',#9189);
#3924=VERTEX_POINT('',#9191);
#3925=VERTEX_POINT('',#9193);
#3926=VERTEX_POINT('',#9195);
#3927=VERTEX_POINT('',#9197);
#3928=VERTEX_POINT('',#9201);
#3929=VERTEX_POINT('',#9202);
#3930=VERTEX_POINT('',#9204);
#3931=VERTEX_POINT('',#9207);
#3932=VERTEX_POINT('',#9211);
#3933=VERTEX_POINT('',#9223);
#3934=VERTEX_POINT('',#9227);
#3935=VERTEX_POINT('',#9229);
#3936=VERTEX_POINT('',#9233);
#3937=VERTEX_POINT('',#9236);
#3938=VERTEX_POINT('',#9238);
#3939=VERTEX_POINT('',#9246);
#3940=VERTEX_POINT('',#9248);
#3941=VERTEX_POINT('',#9252);
#3942=VERTEX_POINT('',#9254);
#3943=VERTEX_POINT('',#9267);
#3944=VERTEX_POINT('',#9277);
#3945=VERTEX_POINT('',#9278);
#3946=VERTEX_POINT('',#9283);
#3947=VERTEX_POINT('',#9287);
#3948=VERTEX_POINT('',#9294);
#3949=VERTEX_POINT('',#9296);
#3950=VERTEX_POINT('',#9301);
#3951=VERTEX_POINT('',#9303);
#3952=VERTEX_POINT('',#9308);
#3953=VERTEX_POINT('',#9311);
#3954=VERTEX_POINT('',#9313);
#3955=VERTEX_POINT('',#9315);
#3956=VERTEX_POINT('',#9321);
#3957=VERTEX_POINT('',#9323);
#3958=VERTEX_POINT('',#9329);
#3959=VERTEX_POINT('',#9338);
#3960=VERTEX_POINT('',#9342);
#3961=VERTEX_POINT('',#9344);
#3962=VERTEX_POINT('',#9348);
#3963=VERTEX_POINT('',#9350);
#3964=VERTEX_POINT('',#9354);
#3965=VERTEX_POINT('',#9366);
#3966=VERTEX_POINT('',#9368);
#3967=VERTEX_POINT('',#9370);
#3968=VERTEX_POINT('',#9372);
#3969=VERTEX_POINT('',#9385);
#3970=VERTEX_POINT('',#9389);
#3971=VERTEX_POINT('',#9393);
#3972=VERTEX_POINT('',#9412);
#3973=VERTEX_POINT('',#9414);
#3974=VERTEX_POINT('',#9418);
#3975=VERTEX_POINT('',#9420);
#3976=VERTEX_POINT('',#9422);
#3977=VERTEX_POINT('',#9431);
#3978=VERTEX_POINT('',#9434);
#3979=VERTEX_POINT('',#9438);
#3980=VERTEX_POINT('',#9439);
#3981=VERTEX_POINT('',#9443);
#3982=VERTEX_POINT('',#9445);
#3983=VERTEX_POINT('',#9449);
#3984=VERTEX_POINT('',#9450);
#3985=VERTEX_POINT('',#9452);
#3986=VERTEX_POINT('',#9455);
#3987=VERTEX_POINT('',#9459);
#3988=VERTEX_POINT('',#9464);
#3989=VERTEX_POINT('',#9466);
#3990=VERTEX_POINT('',#9468);
#3991=VERTEX_POINT('',#9470);
#3992=VERTEX_POINT('',#9472);
#3993=VERTEX_POINT('',#9474);
#3994=VERTEX_POINT('',#9478);
#3995=VERTEX_POINT('',#9480);
#3996=VERTEX_POINT('',#9484);
#3997=VERTEX_POINT('',#9486);
#3998=CIRCLE('',#5443,5.2527849584409);
#3999=CIRCLE('',#5445,6.51647108982776);
#4000=CIRCLE('',#5446,6.51647108982776);
#4001=CIRCLE('',#5449,7.43766031027661);
#4002=CIRCLE('',#5450,7.43766031027661);
#4003=CIRCLE('',#5451,7.43766031027661);
#4004=CIRCLE('',#5453,0.505474452554745);
#4005=CIRCLE('',#5454,0.505474452554745);
#4006=CIRCLE('',#5457,1.2131386861314);
#4007=CIRCLE('',#5458,1.2131386861314);
#4008=CIRCLE('',#5461,3.79105839416058);
#4009=CIRCLE('',#5462,3.79105839416058);
#4010=CIRCLE('',#5465,3.53832116788321);
#4011=CIRCLE('',#5466,3.53832116788321);
#4012=CIRCLE('',#5470,3.79105839416058);
#4013=CIRCLE('',#5471,0.505474452554738);
#4014=CIRCLE('',#5472,0.404379562043788);
#4015=CIRCLE('',#5473,10.9441908884333);
#4016=CIRCLE('',#5474,13.5467153284672);
#4017=CIRCLE('',#5476,3.79105839416058);
#4018=CIRCLE('',#5479,13.5467153284672);
#4019=CIRCLE('',#5482,10.9441908884333);
#4020=CIRCLE('',#5485,0.404379562043788);
#4021=CIRCLE('',#5488,0.505474452554738);
#4022=CIRCLE('',#5491,0.404379562043795);
#4023=CIRCLE('',#5492,9.35846322998464);
#4024=CIRCLE('',#5493,10.9441908884333);
#4025=CIRCLE('',#5495,0.404379562043795);
#4026=CIRCLE('',#5498,10.9441908884333);
#4027=CIRCLE('',#5502,9.35846322998464);
#4028=CIRCLE('',#5505,2.5779197080292);
#4029=CIRCLE('',#5507,2.5779197080292);
#4030=CIRCLE('',#5509,2.5779197080292);
#4031=CIRCLE('',#5511,2.5779197080292);
#4032=CIRCLE('',#5512,0.505474452554745);
#4033=CIRCLE('',#5513,0.505474452554745);
#4034=CIRCLE('',#5514,0.505474452554745);
#4035=CIRCLE('',#5516,0.505474853493692);
#4036=CIRCLE('',#5517,0.505474452554744);
#4037=CIRCLE('',#5519,11.5248175182482);
#4038=CIRCLE('',#5520,14.911496350365);
#4039=CIRCLE('',#5522,14.911496350365);
#4040=CIRCLE('',#5524,16.8828467153285);
#4041=CIRCLE('',#5526,16.8828467153285);
#4042=CIRCLE('',#5528,17.4894160583942);
#4043=CIRCLE('',#5530,1.01094890510949);
#4044=CIRCLE('',#5531,1.01094890510949);
#4045=CIRCLE('',#5532,1.01094890510949);
#4046=CIRCLE('',#5533,1.01094890510949);
#4047=CIRCLE('',#5534,1.01094890510949);
#4048=CIRCLE('',#5535,1.01094890510949);
#4049=CIRCLE('',#5536,10.5138686131387);
#4050=CIRCLE('',#5538,11.5248175182482);
#4051=CIRCLE('',#5541,1.01094890510949);
#4052=CIRCLE('',#5542,1.01094890510949);
#4053=CIRCLE('',#5543,1.01094890510949);
#4054=CIRCLE('',#5544,1.01094890510949);
#4055=CIRCLE('',#5545,1.01094890510949);
#4056=CIRCLE('',#5546,1.01094890510949);
#4057=CIRCLE('',#5560,3.03284671532847);
#4058=CIRCLE('',#5561,3.03284671532847);
#4059=CIRCLE('',#5564,18.9552919708029);
#4060=CIRCLE('',#5566,18.9552919708029);
#4061=CIRCLE('',#5567,18.4498175182482);
#4062=CIRCLE('',#5570,1.51642335766423);
#4063=CIRCLE('',#5571,1.51642335766423);
#4064=CIRCLE('',#5573,1.51642335766423);
#4065=CIRCLE('',#5574,1.51642335766423);
#4066=CIRCLE('',#5576,2.3757299270073);
#4067=CIRCLE('',#5577,17.4894160583942);
#4068=CIRCLE('',#5578,18.4498175182482);
#4069=CIRCLE('',#5580,1.51642335766423);
#4070=CIRCLE('',#5581,17.4894160583942);
#4071=CIRCLE('',#5582,1.87025547445255);
#4072=CIRCLE('',#5583,2.52737226277372);
#4073=CIRCLE('',#5585,3.03284671532847);
#4074=CIRCLE('',#5586,2.3757299270073);
#4075=CIRCLE('',#5587,18.4498175182482);
#4076=CIRCLE('',#5589,18.9552919708029);
#4077=CIRCLE('',#5590,18.4498175182482);
#4078=CIRCLE('',#5592,18.9552919708029);
#4079=CIRCLE('',#5594,18.9552919708029);
#4080=CIRCLE('',#5595,3.03284671532847);
#4081=CIRCLE('',#5598,17.4894160583942);
#4082=CIRCLE('',#5600,15.5686131386861);
#4083=CIRCLE('',#5601,15.5686131386861);
#4084=CIRCLE('',#5602,15.5686131386861);
#4085=CIRCLE('',#5603,15.5686131386861);
#4086=CIRCLE('',#5604,15.5686131386861);
#4087=CIRCLE('',#5607,0.303284671532847);
#4088=CIRCLE('',#5608,0.303284671532847);
#4089=CIRCLE('',#5610,0.404379562043796);
#4090=CIRCLE('',#5611,5.20638686131387);
#4091=CIRCLE('',#5612,6.41952554744526);
#4092=CIRCLE('',#5613,0.404379562043796);
#4093=CIRCLE('',#5616,0.758211678832117);
#4094=CIRCLE('',#5617,4.01602055383153);
#4095=CIRCLE('',#5618,0.758211678832117);
#4096=CIRCLE('',#5619,0.758211678832117);
#4097=CIRCLE('',#5620,6.41952554744526);
#4098=CIRCLE('',#5621,0.404379562043796);
#4099=CIRCLE('',#5622,0.404379562043796);
#4100=CIRCLE('',#5623,5.20638686131387);
#4101=CIRCLE('',#5624,5.20638686131387);
#4102=CIRCLE('',#5625,0.404379562043796);
#4103=CIRCLE('',#5626,0.404379562043796);
#4104=CIRCLE('',#5627,6.41952554744526);
#4105=CIRCLE('',#5628,0.758211678832117);
#4106=CIRCLE('',#5630,5.20638686131387);
#4107=CIRCLE('',#5631,5.20638686131387);
#4108=CIRCLE('',#5633,15.5686131386861);
#4109=CIRCLE('',#5634,15.5686131386861);
#4110=CIRCLE('',#5638,1.01094890510949);
#4111=CIRCLE('',#5639,1.01094890510949);
#4112=CIRCLE('',#5641,5.20638686131387);
#4113=CIRCLE('',#5645,0.758211678832117);
#4114=CIRCLE('',#5648,0.758211678832117);
#4115=CIRCLE('',#5651,0.758211678832117);
#4116=CIRCLE('',#5653,4.01602055383153);
#4117=CIRCLE('',#5655,0.758211678832117);
#4118=CIRCLE('',#5657,0.404379562043796);
#4119=CIRCLE('',#5658,0.404379562043796);
#4120=CIRCLE('',#5661,0.404379562043796);
#4121=CIRCLE('',#5662,0.404379562043796);
#4122=CIRCLE('',#5664,6.41952554744526);
#4123=CIRCLE('',#5665,6.41952554744526);
#4124=CIRCLE('',#5666,6.41952554744526);
#4125=CIRCLE('',#5668,0.404379562043796);
#4126=CIRCLE('',#5671,0.404379562043796);
#4127=CIRCLE('',#5676,6.41952554744526);
#4128=CIRCLE('',#5677,6.41952554744526);
#4129=CIRCLE('',#5679,0.404379562043796);
#4130=CIRCLE('',#5680,0.404379562043796);
#4131=CIRCLE('',#5682,2.93041895296081);
#4132=CIRCLE('',#5683,5.20638686131387);
#4133=CIRCLE('',#5684,0.404379562043796);
#4134=CIRCLE('',#5685,17.4894160583942);
#4135=CIRCLE('',#5687,5.20638686131387);
#4136=CIRCLE('',#5689,0.404379562043796);
#4137=CIRCLE('',#5693,18.4498175182482);
#4138=CIRCLE('',#5694,17.4894160583942);
#4139=CIRCLE('',#5696,18.4498175182482);
#4140=CIRCLE('',#5697,18.9552919708029);
#4141=CIRCLE('',#5700,0.404379562043796);
#4142=CIRCLE('',#5701,5.08001824817518);
#4143=CIRCLE('',#5702,17.4894160583942);
#4144=CIRCLE('',#5703,6.58238231124288);
#4145=CIRCLE('',#5704,0.404379562043796);
#4146=CIRCLE('',#5708,5.08001824817518);
#4147=CIRCLE('',#5709,5.08001824817518);
#4148=CIRCLE('',#5713,4.01852189781022);
#4149=CIRCLE('',#5714,4.01852189781022);
#4150=CIRCLE('',#5717,2.52737226277372);
#4151=CIRCLE('',#5718,6.58238231124288);
#4152=CIRCLE('',#5719,0.404379562043796);
#4153=CIRCLE('',#5720,0.404379562043796);
#4154=CIRCLE('',#5721,5.08001824817518);
#4155=CIRCLE('',#5722,18.9552919708029);
#4156=CIRCLE('',#5724,0.404379562043796);
#4157=CIRCLE('',#5725,0.404379562043796);
#4158=CIRCLE('',#5728,0.404379562043796);
#4159=CIRCLE('',#5729,6.58238231124288);
#4160=CIRCLE('',#5730,18.9552919708029);
#4161=CIRCLE('',#5732,0.404379562043796);
#4162=CIRCLE('',#5735,0.404379562043796);
#4163=CIRCLE('',#5737,5.08001824817518);
#4164=CIRCLE('',#5739,0.404379562043796);
#4165=CIRCLE('',#5741,0.404379562043796);
#4166=CIRCLE('',#5742,0.404379562043796);
#4167=CIRCLE('',#5745,0.404379562043796);
#4168=CIRCLE('',#5747,5.08001824817518);
#4169=CIRCLE('',#5749,0.404379562043796);
#4170=CIRCLE('',#5751,0.404379562043796);
#4171=CIRCLE('',#5752,6.58238231124288);
#4172=CIRCLE('',#5753,17.4894160583942);
#4173=CIRCLE('',#5754,5.08001824817518);
#4174=CIRCLE('',#5756,5.08001824817518);
#4175=CIRCLE('',#5758,0.404379562043796);
#4176=CIRCLE('',#5760,6.58238231124288);
#4177=CIRCLE('',#5761,6.58238231124288);
#4178=CIRCLE('',#5763,0.808759124087591);
#4179=CIRCLE('',#5764,0.808759124087591);
#4180=CIRCLE('',#5766,6.58238231124288);
#4181=CIRCLE('',#5767,6.58238231124288);
#4182=CIRCLE('',#5769,0.808759124087591);
#4183=CIRCLE('',#5770,0.808759124087591);
#4184=CIRCLE('',#5772,0.808759124087591);
#4185=CIRCLE('',#5773,17.4894160583942);
#4186=CIRCLE('',#5774,0.808759124087591);
#4187=CIRCLE('',#5777,0.808759124087591);
#4188=CIRCLE('',#5779,0.808759124087591);
#4189=CIRCLE('',#5780,18.9552919708029);
#4190=CIRCLE('',#5784,2.52737226277372);
#4191=CIRCLE('',#5785,18.9552919708029);
#4192=CIRCLE('',#5786,3.28558394160584);
#4193=CIRCLE('',#5787,18.9552919708029);
#4194=CIRCLE('',#5788,15.5686131386861);
#4195=CIRCLE('',#5789,15.5686131386861);
#4196=CIRCLE('',#5790,18.9552919708029);
#4197=CIRCLE('',#5791,3.60649997461817);
#4198=CIRCLE('',#5792,3.60649997461817);
#4199=CIRCLE('',#5795,1.26368613138686);
#4200=CIRCLE('',#5796,3.08339416058394);
#4201=CIRCLE('',#5798,15.9224452554745);
#4202=CIRCLE('',#5799,15.9224452554745);
#4203=CIRCLE('',#5800,15.9224452554745);
#4204=CIRCLE('',#5801,15.9224452554745);
#4205=CIRCLE('',#5803,15.1642335766423);
#4206=CIRCLE('',#5804,15.1642335766423);
#4207=CIRCLE('',#5806,13.8526168223794);
#4208=CIRCLE('',#5808,13.8526168223794);
#4209=CIRCLE('',#5809,13.8526168223794);
#4210=CIRCLE('',#5811,5.05474452554745);
#4211=CIRCLE('',#5813,3.08339416058394);
#4212=CIRCLE('',#5815,4.04379562043796);
#4213=CIRCLE('',#5818,1.26368613138686);
#4214=CIRCLE('',#5823,2.7801094890511);
#4215=CIRCLE('',#5825,3.28558394160584);
#4216=CIRCLE('',#5828,17.4894160583942);
#4217=CIRCLE('',#5829,1.01094890510949);
#4218=CIRCLE('',#5836,5.15583941605839);
#4219=CIRCLE('',#5837,5.15583941605839);
#4220=CIRCLE('',#5846,1.01094890510949);
#4221=CIRCLE('',#5847,4.01852189781022);
#4222=CIRCLE('',#5848,1.01094890510949);
#4223=CIRCLE('',#5849,1.01094890510949);
#4224=CIRCLE('',#5850,6.47007299270073);
#4225=CIRCLE('',#5851,0.505474452554745);
#4226=CIRCLE('',#5852,0.505474452554745);
#4227=CIRCLE('',#5853,5.15583941605839);
#4228=CIRCLE('',#5854,5.15583941605839);
#4229=CIRCLE('',#5855,0.505474452554745);
#4230=CIRCLE('',#5856,0.505474452554746);
#4231=CIRCLE('',#5857,6.47007299270073);
#4232=CIRCLE('',#5858,1.01094890510949);
#4233=CIRCLE('',#5860,5.15583941605839);
#4234=CIRCLE('',#5861,5.15583941605839);
#4235=CIRCLE('',#5863,5.15583941605839);
#4236=CIRCLE('',#5866,1.01094890510949);
#4237=CIRCLE('',#5869,1.01094890510949);
#4238=CIRCLE('',#5871,0.505474452554745);
#4239=CIRCLE('',#5872,5.15583941605839);
#4240=CIRCLE('',#5873,6.47007299270073);
#4241=CIRCLE('',#5874,0.505474452554746);
#4242=CIRCLE('',#5876,6.47007299270073);
#4243=CIRCLE('',#5877,6.47007299270073);
#4244=CIRCLE('',#5879,4.01852189781022);
#4245=CIRCLE('',#5881,1.01094890510949);
#4246=CIRCLE('',#5883,0.505474452554745);
#4247=CIRCLE('',#5884,0.505474452554745);
#4248=CIRCLE('',#5886,0.505474452554745);
#4249=CIRCLE('',#5887,17.4894160583942);
#4250=CIRCLE('',#5888,6.47007299270073);
#4251=CIRCLE('',#5891,0.505474452554745);
#4252=CIRCLE('',#5893,6.47007299270073);
#4253=CIRCLE('',#5894,6.47007299270073);
#4254=CIRCLE('',#5896,0.505474452554745);
#4255=CIRCLE('',#5899,0.505474452554745);
#4256=CIRCLE('',#5902,1.01094890510949);
#4257=CIRCLE('',#5908,0.505474452554746);
#4258=CIRCLE('',#5909,0.505474452554746);
#4259=CIRCLE('',#5912,0.505474452554745);
#4260=CIRCLE('',#5914,0.505474452554745);
#4261=CIRCLE('',#5917,2.52737226277372);
#4262=CIRCLE('',#5918,18.9552919708029);
#4263=CIRCLE('',#5920,1.01094890510949);
#4264=CIRCLE('',#5921,2.52737226277372);
#4265=CIRCLE('',#5923,2.52737226277372);
#4266=CIRCLE('',#5925,18.9552919708029);
#4267=CIRCLE('',#5928,18.9552919708029);
#4268=CIRCLE('',#5930,3.60649997461817);
#4269=CIRCLE('',#5931,3.60649997461817);
#4270=CIRCLE('',#5946,0.505474452554746);
#4271=CIRCLE('',#5949,0.505474452554746);
#4272=CIRCLE('',#5950,0.505474452554745);
#4273=CIRCLE('',#5953,0.505474452554745);
#4274=CIRCLE('',#5955,0.505474452554745);
#4275=CIRCLE('',#5957,0.505474452554745);
#4276=CIRCLE('',#5958,0.505474452554745);
#4277=CIRCLE('',#5961,0.505474452554745);
#4278=CIRCLE('',#5962,0.505474452554745);
#4279=CIRCLE('',#5965,0.505474452554745);
#4280=CIRCLE('',#5966,0.505474452554746);
#4281=CIRCLE('',#5970,0.808759124087591);
#4282=CIRCLE('',#5972,0.303284671532848);
#4283=CIRCLE('',#5978,0.303284671532847);
#4284=CIRCLE('',#5981,0.303284671532847);
#4285=CIRCLE('',#5984,17.4894160583942);
#4286=CIRCLE('',#5985,17.4894160583942);
#4287=CIRCLE('',#5986,17.4894160583942);
#4288=CIRCLE('',#5987,17.4894160583942);
#4289=CIRCLE('',#5988,17.4894160583942);
#4290=CIRCLE('',#5990,2.42494450040606);
#4291=CIRCLE('',#5993,2.93041895296081);
#4292=CIRCLE('',#5994,2.93041895296081);
#4293=CIRCLE('',#5997,0.505474452554744);
#4294=CIRCLE('',#5999,0.505474452554744);
#4295=CIRCLE('',#6002,2.02189781021898);
#4296=CIRCLE('',#6003,2.52737226277372);
#4297=CIRCLE('',#6004,2.02189781021898);
#4298=CIRCLE('',#6006,0.505474452554745);
#4299=CIRCLE('',#6008,0.505474452554745);
#4300=CIRCLE('',#6010,0.505474452554745);
#4301=CIRCLE('',#6012,0.505474452554745);
#4302=CIRCLE('',#6015,2.3757299270073);
#4303=CIRCLE('',#6017,3.03284671532847);
#4304=CIRCLE('',#6020,1.01094890510949);
#4305=CIRCLE('',#6023,0.505474452554744);
#4306=CIRCLE('',#6025,0.505474452554745);
#4307=CIRCLE('',#6029,2.62363962342666);
#4308=CIRCLE('',#6031,1.01094890510949);
#4309=CIRCLE('',#6032,2.62363962342666);
#4310=CIRCLE('',#6037,0.606569343065693);
#4311=CIRCLE('',#6039,1.01094890510949);
#4312=CIRCLE('',#6042,2.22408759124088);
#4313=CIRCLE('',#6043,2.22408759124088);
#4314=CIRCLE('',#6045,2.22408759124088);
#4315=CIRCLE('',#6047,15.5686131386861);
#4316=CIRCLE('',#6049,15.5686131386861);
#4317=CIRCLE('',#6051,2.52737226277372);
#4318=CIRCLE('',#6052,2.52737226277372);
#4319=CIRCLE('',#6056,2.22408759124088);
#4320=CIRCLE('',#6060,2.52737226277372);
#4321=CIRCLE('',#6062,2.52737226277372);
#4322=EDGE_LOOP('',(#1123));
#4323=EDGE_LOOP('',(#1124));
#4324=EDGE_LOOP('',(#1125));
#4325=EDGE_LOOP('',(#1126));
#4326=EDGE_LOOP('',(#1127));
#4327=EDGE_LOOP('',(#1128,#1129,#1130,#1131,#1132,#1133));
#4328=EDGE_LOOP('',(#1134,#1135,#1136,#1137));
#4329=EDGE_LOOP('',(#1138,#1139,#1140,#1141));
#4330=EDGE_LOOP('',(#1142,#1143,#1144,#1145));
#4331=EDGE_LOOP('',(#1146,#1147,#1148,#1149));
#4332=EDGE_LOOP('',(#1150,#1151,#1152,#1153));
#4333=EDGE_LOOP('',(#1154,#1155,#1156,#1157));
#4334=EDGE_LOOP('',(#1158,#1159,#1160,#1161));
#4335=EDGE_LOOP('',(#1162,#1163,#1164,#1165));
#4336=EDGE_LOOP('',(#1166,#1167,#1168,#1169,#1170));
#4337=EDGE_LOOP('',(#1171,#1172,#1173,#1174,#1175,#1176,#1177,#1178,#1179,
#1180));
#4338=EDGE_LOOP('',(#1181,#1182,#1183,#1184));
#4339=EDGE_LOOP('',(#1185,#1186,#1187,#1188));
#4340=EDGE_LOOP('',(#1189,#1190,#1191,#1192));
#4341=EDGE_LOOP('',(#1193,#1194,#1195,#1196));
#4342=EDGE_LOOP('',(#1197,#1198,#1199,#1200));
#4343=EDGE_LOOP('',(#1201,#1202,#1203,#1204));
#4344=EDGE_LOOP('',(#1205,#1206,#1207,#1208));
#4345=EDGE_LOOP('',(#1209,#1210,#1211,#1212));
#4346=EDGE_LOOP('',(#1213,#1214,#1215,#1216));
#4347=EDGE_LOOP('',(#1217,#1218,#1219,#1220));
#4348=EDGE_LOOP('',(#1221,#1222,#1223,#1224,#1225,#1226,#1227));
#4349=EDGE_LOOP('',(#1228,#1229,#1230,#1231));
#4350=EDGE_LOOP('',(#1232,#1233,#1234,#1235));
#4351=EDGE_LOOP('',(#1236,#1237,#1238,#1239));
#4352=EDGE_LOOP('',(#1240,#1241,#1242,#1243));
#4353=EDGE_LOOP('',(#1244,#1245,#1246,#1247));
#4354=EDGE_LOOP('',(#1248,#1249,#1250,#1251));
#4355=EDGE_LOOP('',(#1252,#1253,#1254,#1255));
#4356=EDGE_LOOP('',(#1256));
#4357=EDGE_LOOP('',(#1257));
#4358=EDGE_LOOP('',(#1258));
#4359=EDGE_LOOP('',(#1259));
#4360=EDGE_LOOP('',(#1260));
#4361=EDGE_LOOP('',(#1261));
#4362=EDGE_LOOP('',(#1262,#1263,#1264));
#4363=EDGE_LOOP('',(#1265,#1266,#1267,#1268,#1269));
#4364=EDGE_LOOP('',(#1270));
#4365=EDGE_LOOP('',(#1271));
#4366=EDGE_LOOP('',(#1272));
#4367=EDGE_LOOP('',(#1273));
#4368=EDGE_LOOP('',(#1274));
#4369=EDGE_LOOP('',(#1275));
#4370=EDGE_LOOP('',(#1276));
#4371=EDGE_LOOP('',(#1277));
#4372=EDGE_LOOP('',(#1278));
#4373=EDGE_LOOP('',(#1279));
#4374=EDGE_LOOP('',(#1280,#1281,#1282,#1283,#1284,#1285,#1286,#1287,#1288,
#1289,#1290,#1291));
#4375=EDGE_LOOP('',(#1292));
#4376=EDGE_LOOP('',(#1293));
#4377=EDGE_LOOP('',(#1294));
#4378=EDGE_LOOP('',(#1295));
#4379=EDGE_LOOP('',(#1296));
#4380=EDGE_LOOP('',(#1297,#1298,#1299,#1300,#1301,#1302,#1303,#1304,#1305,
#1306,#1307,#1308));
#4381=EDGE_LOOP('',(#1309,#1310,#1311,#1312));
#4382=EDGE_LOOP('',(#1313,#1314,#1315,#1316));
#4383=EDGE_LOOP('',(#1317,#1318,#1319,#1320));
#4384=EDGE_LOOP('',(#1321,#1322,#1323,#1324));
#4385=EDGE_LOOP('',(#1325,#1326,#1327,#1328));
#4386=EDGE_LOOP('',(#1329,#1330,#1331,#1332));
#4387=EDGE_LOOP('',(#1333,#1334,#1335,#1336));
#4388=EDGE_LOOP('',(#1337,#1338,#1339,#1340));
#4389=EDGE_LOOP('',(#1341,#1342,#1343,#1344));
#4390=EDGE_LOOP('',(#1345,#1346,#1347,#1348));
#4391=EDGE_LOOP('',(#1349,#1350,#1351,#1352));
#4392=EDGE_LOOP('',(#1353,#1354,#1355,#1356));
#4393=EDGE_LOOP('',(#1357,#1358,#1359,#1360));
#4394=EDGE_LOOP('',(#1361,#1362,#1363,#1364,#1365,#1366));
#4395=EDGE_LOOP('',(#1367,#1368,#1369,#1370));
#4396=EDGE_LOOP('',(#1371,#1372,#1373,#1374,#1375));
#4397=EDGE_LOOP('',(#1376,#1377,#1378,#1379,#1380,#1381));
#4398=EDGE_LOOP('',(#1382,#1383,#1384,#1385,#1386));
#4399=EDGE_LOOP('',(#1387,#1388,#1389,#1390,#1391));
#4400=EDGE_LOOP('',(#1392,#1393,#1394,#1395));
#4401=EDGE_LOOP('',(#1396,#1397,#1398,#1399,#1400));
#4402=EDGE_LOOP('',(#1401,#1402,#1403,#1404));
#4403=EDGE_LOOP('',(#1405,#1406,#1407,#1408));
#4404=EDGE_LOOP('',(#1409,#1410,#1411,#1412,#1413,#1414));
#4405=EDGE_LOOP('',(#1415,#1416,#1417,#1418));
#4406=EDGE_LOOP('',(#1419,#1420,#1421,#1422,#1423));
#4407=EDGE_LOOP('',(#1424,#1425,#1426,#1427));
#4408=EDGE_LOOP('',(#1428,#1429,#1430,#1431,#1432,#1433,#1434,#1435,#1436,
#1437));
#4409=EDGE_LOOP('',(#1438,#1439,#1440,#1441,#1442,#1443));
#4410=EDGE_LOOP('',(#1444,#1445,#1446,#1447,#1448,#1449,#1450,#1451,#1452,
#1453,#1454));
#4411=EDGE_LOOP('',(#1455,#1456,#1457,#1458,#1459,#1460,#1461,#1462,#1463));
#4412=EDGE_LOOP('',(#1464,#1465,#1466,#1467,#1468,#1469,#1470));
#4413=EDGE_LOOP('',(#1471,#1472,#1473,#1474,#1475,#1476,#1477,#1478,#1479,
#1480,#1481,#1482,#1483,#1484,#1485,#1486,#1487,#1488,#1489,#1490));
#4414=EDGE_LOOP('',(#1491,#1492,#1493,#1494));
#4415=EDGE_LOOP('',(#1495,#1496,#1497,#1498));
#4416=EDGE_LOOP('',(#1499,#1500,#1501,#1502));
#4417=EDGE_LOOP('',(#1503,#1504,#1505,#1506));
#4418=EDGE_LOOP('',(#1507,#1508,#1509,#1510));
#4419=EDGE_LOOP('',(#1511,#1512,#1513,#1514));
#4420=EDGE_LOOP('',(#1515,#1516,#1517,#1518));
#4421=EDGE_LOOP('',(#1519,#1520,#1521,#1522));
#4422=EDGE_LOOP('',(#1523,#1524,#1525,#1526));
#4423=EDGE_LOOP('',(#1527,#1528,#1529,#1530));
#4424=EDGE_LOOP('',(#1531,#1532,#1533,#1534));
#4425=EDGE_LOOP('',(#1535,#1536,#1537,#1538));
#4426=EDGE_LOOP('',(#1539,#1540,#1541,#1542));
#4427=EDGE_LOOP('',(#1543,#1544,#1545,#1546));
#4428=EDGE_LOOP('',(#1547,#1548,#1549,#1550));
#4429=EDGE_LOOP('',(#1551,#1552,#1553,#1554));
#4430=EDGE_LOOP('',(#1555,#1556,#1557,#1558));
#4431=EDGE_LOOP('',(#1559,#1560,#1561,#1562));
#4432=EDGE_LOOP('',(#1563,#1564,#1565,#1566,#1567,#1568,#1569,#1570));
#4433=EDGE_LOOP('',(#1571,#1572,#1573,#1574));
#4434=EDGE_LOOP('',(#1575,#1576,#1577,#1578));
#4435=EDGE_LOOP('',(#1579,#1580,#1581,#1582,#1583,#1584,#1585,#1586));
#4436=EDGE_LOOP('',(#1587,#1588,#1589,#1590));
#4437=EDGE_LOOP('',(#1591,#1592,#1593,#1594));
#4438=EDGE_LOOP('',(#1595,#1596,#1597,#1598));
#4439=EDGE_LOOP('',(#1599,#1600,#1601,#1602,#1603,#1604,#1605,#1606));
#4440=EDGE_LOOP('',(#1607,#1608,#1609,#1610));
#4441=EDGE_LOOP('',(#1611,#1612,#1613,#1614,#1615,#1616,#1617,#1618,#1619,
#1620,#1621));
#4442=EDGE_LOOP('',(#1622,#1623,#1624,#1625));
#4443=EDGE_LOOP('',(#1626,#1627,#1628,#1629));
#4444=EDGE_LOOP('',(#1630,#1631,#1632,#1633));
#4445=EDGE_LOOP('',(#1634,#1635,#1636,#1637));
#4446=EDGE_LOOP('',(#1638,#1639,#1640,#1641));
#4447=EDGE_LOOP('',(#1642,#1643,#1644,#1645,#1646));
#4448=EDGE_LOOP('',(#1647,#1648,#1649,#1650));
#4449=EDGE_LOOP('',(#1651,#1652,#1653,#1654,#1655,#1656,#1657,#1658));
#4450=EDGE_LOOP('',(#1659,#1660,#1661,#1662));
#4451=EDGE_LOOP('',(#1663,#1664,#1665,#1666,#1667,#1668,#1669));
#4452=EDGE_LOOP('',(#1670,#1671,#1672,#1673));
#4453=EDGE_LOOP('',(#1674,#1675,#1676,#1677));
#4454=EDGE_LOOP('',(#1678,#1679,#1680,#1681));
#4455=EDGE_LOOP('',(#1682,#1683,#1684,#1685));
#4456=EDGE_LOOP('',(#1686,#1687,#1688,#1689));
#4457=EDGE_LOOP('',(#1690,#1691,#1692,#1693,#1694,#1695,#1696,#1697,#1698));
#4458=EDGE_LOOP('',(#1699,#1700,#1701,#1702));
#4459=EDGE_LOOP('',(#1703,#1704,#1705,#1706));
#4460=EDGE_LOOP('',(#1707,#1708,#1709,#1710,#1711,#1712,#1713,#1714));
#4461=EDGE_LOOP('',(#1715,#1716,#1717,#1718));
#4462=EDGE_LOOP('',(#1719,#1720,#1721,#1722));
#4463=EDGE_LOOP('',(#1723,#1724,#1725,#1726));
#4464=EDGE_LOOP('',(#1727,#1728,#1729,#1730));
#4465=EDGE_LOOP('',(#1731,#1732,#1733,#1734));
#4466=EDGE_LOOP('',(#1735,#1736,#1737,#1738));
#4467=EDGE_LOOP('',(#1739,#1740,#1741,#1742));
#4468=EDGE_LOOP('',(#1743,#1744,#1745,#1746));
#4469=EDGE_LOOP('',(#1747,#1748,#1749,#1750));
#4470=EDGE_LOOP('',(#1751,#1752,#1753,#1754));
#4471=EDGE_LOOP('',(#1755,#1756,#1757,#1758,#1759,#1760,#1761,#1762));
#4472=EDGE_LOOP('',(#1763,#1764,#1765,#1766));
#4473=EDGE_LOOP('',(#1767,#1768,#1769,#1770));
#4474=EDGE_LOOP('',(#1771,#1772,#1773,#1774,#1775,#1776,#1777,#1778));
#4475=EDGE_LOOP('',(#1779,#1780,#1781,#1782));
#4476=EDGE_LOOP('',(#1783,#1784,#1785,#1786,#1787,#1788,#1789,#1790));
#4477=EDGE_LOOP('',(#1791,#1792,#1793,#1794));
#4478=EDGE_LOOP('',(#1795,#1796,#1797,#1798,#1799,#1800,#1801,#1802,#1803,
#1804,#1805,#1806,#1807,#1808,#1809,#1810,#1811,#1812,#1813,#1814));
#4479=EDGE_LOOP('',(#1815,#1816,#1817,#1818));
#4480=EDGE_LOOP('',(#1819,#1820,#1821,#1822));
#4481=EDGE_LOOP('',(#1823,#1824,#1825,#1826,#1827,#1828,#1829,#1830,#1831,
#1832,#1833,#1834,#1835,#1836,#1837,#1838,#1839,#1840,#1841,#1842));
#4482=EDGE_LOOP('',(#1843,#1844,#1845,#1846));
#4483=EDGE_LOOP('',(#1847,#1848,#1849,#1850));
#4484=EDGE_LOOP('',(#1851));
#4485=EDGE_LOOP('',(#1852,#1853));
#4486=EDGE_LOOP('',(#1854,#1855,#1856,#1857,#1858,#1859,#1860,#1861,#1862,
#1863));
#4487=EDGE_LOOP('',(#1864,#1865,#1866,#1867,#1868,#1869,#1870));
#4488=EDGE_LOOP('',(#1871));
#4489=EDGE_LOOP('',(#1872));
#4490=EDGE_LOOP('',(#1873));
#4491=EDGE_LOOP('',(#1874,#1875,#1876,#1877,#1878,#1879,#1880,#1881,#1882,
#1883,#1884,#1885,#1886,#1887,#1888,#1889,#1890,#1891,#1892,#1893,#1894,
#1895,#1896));
#4492=EDGE_LOOP('',(#1897,#1898,#1899));
#4493=EDGE_LOOP('',(#1900));
#4494=EDGE_LOOP('',(#1901));
#4495=EDGE_LOOP('',(#1902,#1903,#1904,#1905,#1906,#1907,#1908,#1909,#1910,
#1911,#1912,#1913));
#4496=EDGE_LOOP('',(#1914,#1915,#1916,#1917));
#4497=EDGE_LOOP('',(#1918,#1919,#1920,#1921));
#4498=EDGE_LOOP('',(#1922,#1923,#1924,#1925));
#4499=EDGE_LOOP('',(#1926));
#4500=EDGE_LOOP('',(#1927));
#4501=EDGE_LOOP('',(#1928));
#4502=EDGE_LOOP('',(#1929));
#4503=EDGE_LOOP('',(#1930));
#4504=EDGE_LOOP('',(#1931));
#4505=EDGE_LOOP('',(#1932));
#4506=EDGE_LOOP('',(#1933));
#4507=EDGE_LOOP('',(#1934));
#4508=EDGE_LOOP('',(#1935));
#4509=EDGE_LOOP('',(#1936));
#4510=EDGE_LOOP('',(#1937));
#4511=EDGE_LOOP('',(#1938,#1939,#1940,#1941));
#4512=EDGE_LOOP('',(#1942,#1943,#1944,#1945));
#4513=EDGE_LOOP('',(#1946));
#4514=EDGE_LOOP('',(#1947));
#4515=EDGE_LOOP('',(#1948));
#4516=EDGE_LOOP('',(#1949));
#4517=EDGE_LOOP('',(#1950));
#4518=EDGE_LOOP('',(#1951,#1952,#1953,#1954,#1955,#1956,#1957));
#4519=EDGE_LOOP('',(#1958,#1959,#1960,#1961));
#4520=EDGE_LOOP('',(#1962,#1963,#1964));
#4521=EDGE_LOOP('',(#1965,#1966,#1967,#1968,#1969,#1970));
#4522=EDGE_LOOP('',(#1971,#1972,#1973,#1974,#1975,#1976));
#4523=EDGE_LOOP('',(#1977,#1978,#1979,#1980));
#4524=EDGE_LOOP('',(#1981,#1982,#1983,#1984));
#4525=EDGE_LOOP('',(#1985,#1986,#1987,#1988));
#4526=EDGE_LOOP('',(#1989,#1990,#1991,#1992));
#4527=EDGE_LOOP('',(#1993,#1994,#1995,#1996));
#4528=EDGE_LOOP('',(#1997,#1998,#1999,#2000));
#4529=EDGE_LOOP('',(#2001,#2002,#2003,#2004));
#4530=EDGE_LOOP('',(#2005,#2006,#2007,#2008));
#4531=EDGE_LOOP('',(#2009,#2010,#2011,#2012,#2013,#2014,#2015,#2016,#2017));
#4532=EDGE_LOOP('',(#2018,#2019,#2020,#2021));
#4533=EDGE_LOOP('',(#2022,#2023,#2024,#2025,#2026,#2027,#2028,#2029,#2030,
#2031,#2032,#2033,#2034,#2035,#2036,#2037,#2038,#2039,#2040,#2041,#2042,
#2043,#2044,#2045));
#4534=EDGE_LOOP('',(#2046,#2047,#2048,#2049));
#4535=EDGE_LOOP('',(#2050,#2051,#2052,#2053));
#4536=EDGE_LOOP('',(#2054,#2055,#2056,#2057));
#4537=EDGE_LOOP('',(#2058,#2059,#2060,#2061));
#4538=EDGE_LOOP('',(#2062,#2063,#2064,#2065));
#4539=EDGE_LOOP('',(#2066,#2067,#2068,#2069));
#4540=EDGE_LOOP('',(#2070,#2071,#2072,#2073,#2074,#2075,#2076,#2077,#2078,
#2079));
#4541=EDGE_LOOP('',(#2080,#2081,#2082,#2083,#2084,#2085,#2086,#2087));
#4542=EDGE_LOOP('',(#2088,#2089,#2090,#2091));
#4543=EDGE_LOOP('',(#2092,#2093,#2094,#2095));
#4544=EDGE_LOOP('',(#2096,#2097,#2098,#2099));
#4545=EDGE_LOOP('',(#2100,#2101,#2102,#2103,#2104,#2105,#2106,#2107));
#4546=EDGE_LOOP('',(#2108,#2109,#2110,#2111));
#4547=EDGE_LOOP('',(#2112,#2113,#2114,#2115));
#4548=EDGE_LOOP('',(#2116,#2117,#2118,#2119,#2120,#2121,#2122,#2123));
#4549=EDGE_LOOP('',(#2124,#2125,#2126,#2127));
#4550=EDGE_LOOP('',(#2128,#2129,#2130,#2131));
#4551=EDGE_LOOP('',(#2132,#2133,#2134,#2135,#2136,#2137,#2138,#2139));
#4552=EDGE_LOOP('',(#2140,#2141,#2142,#2143));
#4553=EDGE_LOOP('',(#2144,#2145,#2146,#2147));
#4554=EDGE_LOOP('',(#2148,#2149,#2150,#2151));
#4555=EDGE_LOOP('',(#2152,#2153,#2154,#2155));
#4556=EDGE_LOOP('',(#2156,#2157,#2158,#2159));
#4557=EDGE_LOOP('',(#2160,#2161,#2162,#2163));
#4558=EDGE_LOOP('',(#2164,#2165,#2166,#2167));
#4559=EDGE_LOOP('',(#2168,#2169,#2170,#2171));
#4560=EDGE_LOOP('',(#2172,#2173,#2174,#2175,#2176,#2177,#2178,#2179,#2180,
#2181));
#4561=EDGE_LOOP('',(#2182,#2183,#2184,#2185));
#4562=EDGE_LOOP('',(#2186,#2187,#2188,#2189,#2190,#2191,#2192,#2193,#2194));
#4563=EDGE_LOOP('',(#2195,#2196,#2197));
#4564=EDGE_LOOP('',(#2198));
#4565=EDGE_LOOP('',(#2199,#2200));
#4566=EDGE_LOOP('',(#2201));
#4567=EDGE_LOOP('',(#2202,#2203,#2204,#2205,#2206,#2207));
#4568=EDGE_LOOP('',(#2208,#2209,#2210,#2211,#2212,#2213,#2214,#2215,#2216,
#2217,#2218,#2219));
#4569=EDGE_LOOP('',(#2220,#2221,#2222,#2223));
#4570=EDGE_LOOP('',(#2224,#2225,#2226,#2227,#2228,#2229,#2230,#2231,#2232,
#2233,#2234,#2235,#2236,#2237,#2238,#2239));
#4571=EDGE_LOOP('',(#2240,#2241,#2242,#2243,#2244,#2245,#2246,#2247));
#4572=EDGE_LOOP('',(#2248,#2249,#2250,#2251));
#4573=EDGE_LOOP('',(#2252,#2253,#2254,#2255));
#4574=EDGE_LOOP('',(#2256,#2257,#2258,#2259));
#4575=EDGE_LOOP('',(#2260,#2261,#2262,#2263));
#4576=EDGE_LOOP('',(#2264,#2265,#2266,#2267));
#4577=EDGE_LOOP('',(#2268,#2269,#2270,#2271));
#4578=EDGE_LOOP('',(#2272,#2273,#2274,#2275));
#4579=EDGE_LOOP('',(#2276,#2277,#2278,#2279,#2280,#2281,#2282,#2283));
#4580=EDGE_LOOP('',(#2284,#2285,#2286,#2287,#2288,#2289,#2290,#2291,#2292,
#2293,#2294));
#4581=EDGE_LOOP('',(#2295,#2296,#2297,#2298));
#4582=EDGE_LOOP('',(#2299,#2300,#2301,#2302));
#4583=EDGE_LOOP('',(#2303,#2304,#2305,#2306));
#4584=EDGE_LOOP('',(#2307,#2308,#2309,#2310));
#4585=EDGE_LOOP('',(#2311,#2312,#2313,#2314,#2315,#2316,#2317,#2318));
#4586=EDGE_LOOP('',(#2319,#2320,#2321,#2322,#2323,#2324));
#4587=EDGE_LOOP('',(#2325,#2326,#2327,#2328));
#4588=EDGE_LOOP('',(#2329,#2330,#2331,#2332,#2333,#2334));
#4589=EDGE_LOOP('',(#2335,#2336,#2337,#2338));
#4590=EDGE_LOOP('',(#2339,#2340,#2341));
#4591=EDGE_LOOP('',(#2342,#2343,#2344,#2345));
#4592=EDGE_LOOP('',(#2346,#2347,#2348));
#4593=EDGE_LOOP('',(#2349,#2350,#2351,#2352));
#4594=EDGE_LOOP('',(#2353,#2354,#2355,#2356));
#4595=EDGE_LOOP('',(#2357,#2358,#2359,#2360,#2361));
#4596=EDGE_LOOP('',(#2362,#2363,#2364,#2365));
#4597=EDGE_LOOP('',(#2366,#2367,#2368,#2369));
#4598=EDGE_LOOP('',(#2370,#2371,#2372,#2373,#2374,#2375,#2376,#2377));
#4599=EDGE_LOOP('',(#2378,#2379,#2380,#2381));
#4600=EDGE_LOOP('',(#2382,#2383,#2384,#2385));
#4601=EDGE_LOOP('',(#2386,#2387,#2388,#2389));
#4602=EDGE_LOOP('',(#2390,#2391,#2392,#2393));
#4603=EDGE_LOOP('',(#2394,#2395,#2396,#2397));
#4604=EDGE_LOOP('',(#2398,#2399,#2400,#2401));
#4605=EDGE_LOOP('',(#2402,#2403,#2404,#2405,#2406,#2407,#2408,#2409,#2410,
#2411,#2412,#2413,#2414,#2415,#2416,#2417,#2418,#2419,#2420,#2421,#2422,
#2423,#2424,#2425,#2426,#2427,#2428,#2429,#2430,#2431,#2432,#2433,#2434,
#2435,#2436,#2437));
#4606=EDGE_LOOP('',(#2438));
#4607=EDGE_LOOP('',(#2439,#2440,#2441,#2442));
#4608=EDGE_LOOP('',(#2443,#2444,#2445,#2446));
#4609=EDGE_LOOP('',(#2447,#2448,#2449,#2450,#2451,#2452));
#4610=EDGE_LOOP('',(#2453,#2454,#2455,#2456));
#4611=EDGE_LOOP('',(#2457,#2458,#2459,#2460));
#4612=EDGE_LOOP('',(#2461,#2462,#2463,#2464));
#4613=EDGE_LOOP('',(#2465,#2466,#2467,#2468));
#4614=EDGE_LOOP('',(#2469,#2470,#2471,#2472,#2473,#2474));
#4615=EDGE_LOOP('',(#2475,#2476,#2477,#2478));
#4616=EDGE_LOOP('',(#2479,#2480,#2481,#2482));
#4617=EDGE_LOOP('',(#2483,#2484,#2485,#2486));
#4618=EDGE_LOOP('',(#2487,#2488,#2489,#2490));
#4619=EDGE_LOOP('',(#2491,#2492,#2493,#2494));
#4620=EDGE_LOOP('',(#2495,#2496,#2497,#2498,#2499));
#4621=EDGE_LOOP('',(#2500,#2501,#2502,#2503,#2504,#2505));
#4622=EDGE_LOOP('',(#2506,#2507,#2508,#2509,#2510,#2511,#2512));
#4623=EDGE_LOOP('',(#2513,#2514,#2515,#2516));
#4624=EDGE_LOOP('',(#2517,#2518,#2519,#2520));
#4625=EDGE_LOOP('',(#2521,#2522,#2523,#2524));
#4626=EDGE_LOOP('',(#2525,#2526,#2527,#2528));
#4627=EDGE_LOOP('',(#2529,#2530,#2531,#2532));
#4628=EDGE_LOOP('',(#2533,#2534,#2535,#2536));
#4629=EDGE_LOOP('',(#2537,#2538,#2539,#2540,#2541));
#4630=EDGE_LOOP('',(#2542));
#4631=EDGE_LOOP('',(#2543,#2544,#2545,#2546));
#4632=EDGE_LOOP('',(#2547,#2548,#2549,#2550,#2551));
#4633=EDGE_LOOP('',(#2552,#2553,#2554,#2555,#2556));
#4634=EDGE_LOOP('',(#2557,#2558,#2559,#2560));
#4635=EDGE_LOOP('',(#2561));
#4636=EDGE_LOOP('',(#2562));
#4637=EDGE_LOOP('',(#2563));
#4638=EDGE_LOOP('',(#2564));
#4639=EDGE_LOOP('',(#2565));
#4640=EDGE_LOOP('',(#2566,#2567));
#4641=EDGE_LOOP('',(#2568,#2569,#2570,#2571));
#4642=EDGE_LOOP('',(#2572,#2573,#2574,#2575,#2576,#2577,#2578,#2579,#2580,
#2581,#2582,#2583,#2584,#2585,#2586,#2587,#2588,#2589,#2590,#2591,#2592,
#2593,#2594,#2595,#2596,#2597,#2598,#2599,#2600,#2601,#2602,#2603,#2604,
#2605,#2606,#2607,#2608,#2609,#2610,#2611,#2612,#2613,#2614,#2615,#2616,
#2617,#2618,#2619,#2620,#2621,#2622,#2623,#2624,#2625,#2626,#2627,#2628,
#2629));
#4643=EDGE_LOOP('',(#2630,#2631,#2632,#2633,#2634,#2635));
#4644=EDGE_LOOP('',(#2636,#2637,#2638,#2639,#2640,#2641,#2642,#2643));
#4645=EDGE_LOOP('',(#2644,#2645,#2646,#2647));
#4646=EDGE_LOOP('',(#2648,#2649,#2650,#2651,#2652));
#4647=EDGE_LOOP('',(#2653,#2654,#2655,#2656,#2657));
#4648=EDGE_LOOP('',(#2658,#2659,#2660,#2661));
#4649=EDGE_LOOP('',(#2662,#2663,#2664,#2665,#2666));
#4650=EDGE_LOOP('',(#2667,#2668,#2669,#2670));
#4651=EDGE_LOOP('',(#2671,#2672,#2673,#2674,#2675));
#4652=EDGE_LOOP('',(#2676,#2677,#2678,#2679,#2680,#2681));
#4653=EDGE_LOOP('',(#2682,#2683,#2684,#2685));
#4654=EDGE_LOOP('',(#2686,#2687,#2688,#2689,#2690));
#4655=FACE_BOUND('',#4322,.T.);
#4656=FACE_BOUND('',#4323,.T.);
#4657=FACE_BOUND('',#4324,.T.);
#4658=FACE_BOUND('',#4325,.T.);
#4659=FACE_BOUND('',#4326,.T.);
#4660=FACE_BOUND('',#4327,.T.);
#4661=FACE_BOUND('',#4328,.T.);
#4662=FACE_BOUND('',#4329,.T.);
#4663=FACE_BOUND('',#4330,.T.);
#4664=FACE_BOUND('',#4331,.T.);
#4665=FACE_BOUND('',#4332,.T.);
#4666=FACE_BOUND('',#4333,.T.);
#4667=FACE_BOUND('',#4334,.T.);
#4668=FACE_BOUND('',#4335,.T.);
#4669=FACE_BOUND('',#4336,.T.);
#4670=FACE_BOUND('',#4337,.T.);
#4671=FACE_BOUND('',#4338,.T.);
#4672=FACE_BOUND('',#4339,.T.);
#4673=FACE_BOUND('',#4340,.T.);
#4674=FACE_BOUND('',#4341,.T.);
#4675=FACE_BOUND('',#4342,.T.);
#4676=FACE_BOUND('',#4343,.T.);
#4677=FACE_BOUND('',#4344,.T.);
#4678=FACE_BOUND('',#4345,.T.);
#4679=FACE_BOUND('',#4346,.T.);
#4680=FACE_BOUND('',#4347,.T.);
#4681=FACE_BOUND('',#4348,.T.);
#4682=FACE_BOUND('',#4349,.T.);
#4683=FACE_BOUND('',#4350,.T.);
#4684=FACE_BOUND('',#4351,.T.);
#4685=FACE_BOUND('',#4352,.T.);
#4686=FACE_BOUND('',#4353,.T.);
#4687=FACE_BOUND('',#4354,.T.);
#4688=FACE_BOUND('',#4355,.T.);
#4689=FACE_BOUND('',#4356,.T.);
#4690=FACE_BOUND('',#4357,.T.);
#4691=FACE_BOUND('',#4358,.T.);
#4692=FACE_BOUND('',#4359,.T.);
#4693=FACE_BOUND('',#4360,.T.);
#4694=FACE_BOUND('',#4361,.T.);
#4695=FACE_BOUND('',#4362,.T.);
#4696=FACE_BOUND('',#4363,.T.);
#4697=FACE_BOUND('',#4364,.T.);
#4698=FACE_BOUND('',#4365,.T.);
#4699=FACE_BOUND('',#4366,.T.);
#4700=FACE_BOUND('',#4367,.T.);
#4701=FACE_BOUND('',#4368,.T.);
#4702=FACE_BOUND('',#4369,.T.);
#4703=FACE_BOUND('',#4370,.T.);
#4704=FACE_BOUND('',#4371,.T.);
#4705=FACE_BOUND('',#4372,.T.);
#4706=FACE_BOUND('',#4373,.T.);
#4707=FACE_BOUND('',#4374,.T.);
#4708=FACE_BOUND('',#4375,.T.);
#4709=FACE_BOUND('',#4376,.T.);
#4710=FACE_BOUND('',#4377,.T.);
#4711=FACE_BOUND('',#4378,.T.);
#4712=FACE_BOUND('',#4379,.T.);
#4713=FACE_BOUND('',#4380,.T.);
#4714=FACE_BOUND('',#4381,.T.);
#4715=FACE_BOUND('',#4382,.T.);
#4716=FACE_BOUND('',#4383,.T.);
#4717=FACE_BOUND('',#4384,.T.);
#4718=FACE_BOUND('',#4385,.T.);
#4719=FACE_BOUND('',#4386,.T.);
#4720=FACE_BOUND('',#4387,.T.);
#4721=FACE_BOUND('',#4388,.T.);
#4722=FACE_BOUND('',#4389,.T.);
#4723=FACE_BOUND('',#4390,.T.);
#4724=FACE_BOUND('',#4391,.T.);
#4725=FACE_BOUND('',#4392,.T.);
#4726=FACE_BOUND('',#4393,.T.);
#4727=FACE_BOUND('',#4394,.T.);
#4728=FACE_BOUND('',#4395,.T.);
#4729=FACE_BOUND('',#4396,.T.);
#4730=FACE_BOUND('',#4397,.T.);
#4731=FACE_BOUND('',#4398,.T.);
#4732=FACE_BOUND('',#4399,.T.);
#4733=FACE_BOUND('',#4400,.T.);
#4734=FACE_BOUND('',#4401,.T.);
#4735=FACE_BOUND('',#4402,.T.);
#4736=FACE_BOUND('',#4403,.T.);
#4737=FACE_BOUND('',#4404,.T.);
#4738=FACE_BOUND('',#4405,.T.);
#4739=FACE_BOUND('',#4406,.T.);
#4740=FACE_BOUND('',#4407,.T.);
#4741=FACE_BOUND('',#4408,.T.);
#4742=FACE_BOUND('',#4409,.T.);
#4743=FACE_BOUND('',#4410,.T.);
#4744=FACE_BOUND('',#4411,.T.);
#4745=FACE_BOUND('',#4412,.T.);
#4746=FACE_BOUND('',#4413,.T.);
#4747=FACE_BOUND('',#4414,.T.);
#4748=FACE_BOUND('',#4415,.T.);
#4749=FACE_BOUND('',#4416,.T.);
#4750=FACE_BOUND('',#4417,.T.);
#4751=FACE_BOUND('',#4418,.T.);
#4752=FACE_BOUND('',#4419,.T.);
#4753=FACE_BOUND('',#4420,.T.);
#4754=FACE_BOUND('',#4421,.T.);
#4755=FACE_BOUND('',#4422,.T.);
#4756=FACE_BOUND('',#4423,.T.);
#4757=FACE_BOUND('',#4424,.T.);
#4758=FACE_BOUND('',#4425,.T.);
#4759=FACE_BOUND('',#4426,.T.);
#4760=FACE_BOUND('',#4427,.T.);
#4761=FACE_BOUND('',#4428,.T.);
#4762=FACE_BOUND('',#4429,.T.);
#4763=FACE_BOUND('',#4430,.T.);
#4764=FACE_BOUND('',#4431,.T.);
#4765=FACE_BOUND('',#4432,.T.);
#4766=FACE_BOUND('',#4433,.T.);
#4767=FACE_BOUND('',#4434,.T.);
#4768=FACE_BOUND('',#4435,.T.);
#4769=FACE_BOUND('',#4436,.T.);
#4770=FACE_BOUND('',#4437,.T.);
#4771=FACE_BOUND('',#4438,.T.);
#4772=FACE_BOUND('',#4439,.T.);
#4773=FACE_BOUND('',#4440,.T.);
#4774=FACE_BOUND('',#4441,.T.);
#4775=FACE_BOUND('',#4442,.T.);
#4776=FACE_BOUND('',#4443,.T.);
#4777=FACE_BOUND('',#4444,.T.);
#4778=FACE_BOUND('',#4445,.T.);
#4779=FACE_BOUND('',#4446,.T.);
#4780=FACE_BOUND('',#4447,.T.);
#4781=FACE_BOUND('',#4448,.T.);
#4782=FACE_BOUND('',#4449,.T.);
#4783=FACE_BOUND('',#4450,.T.);
#4784=FACE_BOUND('',#4451,.T.);
#4785=FACE_BOUND('',#4452,.T.);
#4786=FACE_BOUND('',#4453,.T.);
#4787=FACE_BOUND('',#4454,.T.);
#4788=FACE_BOUND('',#4455,.T.);
#4789=FACE_BOUND('',#4456,.T.);
#4790=FACE_BOUND('',#4457,.T.);
#4791=FACE_BOUND('',#4458,.T.);
#4792=FACE_BOUND('',#4459,.T.);
#4793=FACE_BOUND('',#4460,.T.);
#4794=FACE_BOUND('',#4461,.T.);
#4795=FACE_BOUND('',#4462,.T.);
#4796=FACE_BOUND('',#4463,.T.);
#4797=FACE_BOUND('',#4464,.T.);
#4798=FACE_BOUND('',#4465,.T.);
#4799=FACE_BOUND('',#4466,.T.);
#4800=FACE_BOUND('',#4467,.T.);
#4801=FACE_BOUND('',#4468,.T.);
#4802=FACE_BOUND('',#4469,.T.);
#4803=FACE_BOUND('',#4470,.T.);
#4804=FACE_BOUND('',#4471,.T.);
#4805=FACE_BOUND('',#4472,.T.);
#4806=FACE_BOUND('',#4473,.T.);
#4807=FACE_BOUND('',#4474,.T.);
#4808=FACE_BOUND('',#4475,.T.);
#4809=FACE_BOUND('',#4476,.T.);
#4810=FACE_BOUND('',#4477,.T.);
#4811=FACE_BOUND('',#4478,.T.);
#4812=FACE_BOUND('',#4479,.T.);
#4813=FACE_BOUND('',#4480,.T.);
#4814=FACE_BOUND('',#4481,.T.);
#4815=FACE_BOUND('',#4482,.T.);
#4816=FACE_BOUND('',#4483,.T.);
#4817=FACE_BOUND('',#4484,.T.);
#4818=FACE_BOUND('',#4485,.T.);
#4819=FACE_BOUND('',#4486,.T.);
#4820=FACE_BOUND('',#4487,.T.);
#4821=FACE_BOUND('',#4488,.T.);
#4822=FACE_BOUND('',#4489,.T.);
#4823=FACE_BOUND('',#4490,.T.);
#4824=FACE_BOUND('',#4491,.T.);
#4825=FACE_BOUND('',#4492,.T.);
#4826=FACE_BOUND('',#4493,.T.);
#4827=FACE_BOUND('',#4494,.T.);
#4828=FACE_BOUND('',#4495,.T.);
#4829=FACE_BOUND('',#4496,.T.);
#4830=FACE_BOUND('',#4497,.T.);
#4831=FACE_BOUND('',#4498,.T.);
#4832=FACE_BOUND('',#4499,.T.);
#4833=FACE_BOUND('',#4500,.T.);
#4834=FACE_BOUND('',#4501,.T.);
#4835=FACE_BOUND('',#4502,.T.);
#4836=FACE_BOUND('',#4503,.T.);
#4837=FACE_BOUND('',#4504,.T.);
#4838=FACE_BOUND('',#4505,.T.);
#4839=FACE_BOUND('',#4506,.T.);
#4840=FACE_BOUND('',#4507,.T.);
#4841=FACE_BOUND('',#4508,.T.);
#4842=FACE_BOUND('',#4509,.T.);
#4843=FACE_BOUND('',#4510,.T.);
#4844=FACE_BOUND('',#4511,.T.);
#4845=FACE_BOUND('',#4512,.T.);
#4846=FACE_BOUND('',#4513,.T.);
#4847=FACE_BOUND('',#4514,.T.);
#4848=FACE_BOUND('',#4515,.T.);
#4849=FACE_BOUND('',#4516,.T.);
#4850=FACE_BOUND('',#4517,.T.);
#4851=FACE_BOUND('',#4518,.T.);
#4852=FACE_BOUND('',#4519,.T.);
#4853=FACE_BOUND('',#4520,.T.);
#4854=FACE_BOUND('',#4521,.T.);
#4855=FACE_BOUND('',#4522,.T.);
#4856=FACE_BOUND('',#4523,.T.);
#4857=FACE_BOUND('',#4524,.T.);
#4858=FACE_BOUND('',#4525,.T.);
#4859=FACE_BOUND('',#4526,.T.);
#4860=FACE_BOUND('',#4527,.T.);
#4861=FACE_BOUND('',#4528,.T.);
#4862=FACE_BOUND('',#4529,.T.);
#4863=FACE_BOUND('',#4530,.T.);
#4864=FACE_BOUND('',#4531,.T.);
#4865=FACE_BOUND('',#4532,.T.);
#4866=FACE_BOUND('',#4533,.T.);
#4867=FACE_BOUND('',#4534,.T.);
#4868=FACE_BOUND('',#4535,.T.);
#4869=FACE_BOUND('',#4536,.T.);
#4870=FACE_BOUND('',#4537,.T.);
#4871=FACE_BOUND('',#4538,.T.);
#4872=FACE_BOUND('',#4539,.T.);
#4873=FACE_BOUND('',#4540,.T.);
#4874=FACE_BOUND('',#4541,.T.);
#4875=FACE_BOUND('',#4542,.T.);
#4876=FACE_BOUND('',#4543,.T.);
#4877=FACE_BOUND('',#4544,.T.);
#4878=FACE_BOUND('',#4545,.T.);
#4879=FACE_BOUND('',#4546,.T.);
#4880=FACE_BOUND('',#4547,.T.);
#4881=FACE_BOUND('',#4548,.T.);
#4882=FACE_BOUND('',#4549,.T.);
#4883=FACE_BOUND('',#4550,.T.);
#4884=FACE_BOUND('',#4551,.T.);
#4885=FACE_BOUND('',#4552,.T.);
#4886=FACE_BOUND('',#4553,.T.);
#4887=FACE_BOUND('',#4554,.T.);
#4888=FACE_BOUND('',#4555,.T.);
#4889=FACE_BOUND('',#4556,.T.);
#4890=FACE_BOUND('',#4557,.T.);
#4891=FACE_BOUND('',#4558,.T.);
#4892=FACE_BOUND('',#4559,.T.);
#4893=FACE_BOUND('',#4560,.T.);
#4894=FACE_BOUND('',#4561,.T.);
#4895=FACE_BOUND('',#4562,.T.);
#4896=FACE_BOUND('',#4563,.T.);
#4897=FACE_BOUND('',#4564,.T.);
#4898=FACE_BOUND('',#4565,.T.);
#4899=FACE_BOUND('',#4566,.T.);
#4900=FACE_BOUND('',#4567,.T.);
#4901=FACE_BOUND('',#4568,.T.);
#4902=FACE_BOUND('',#4569,.T.);
#4903=FACE_BOUND('',#4570,.T.);
#4904=FACE_BOUND('',#4571,.T.);
#4905=FACE_BOUND('',#4572,.T.);
#4906=FACE_BOUND('',#4573,.T.);
#4907=FACE_BOUND('',#4574,.T.);
#4908=FACE_BOUND('',#4575,.T.);
#4909=FACE_BOUND('',#4576,.T.);
#4910=FACE_BOUND('',#4577,.T.);
#4911=FACE_BOUND('',#4578,.T.);
#4912=FACE_BOUND('',#4579,.T.);
#4913=FACE_BOUND('',#4580,.T.);
#4914=FACE_BOUND('',#4581,.T.);
#4915=FACE_BOUND('',#4582,.T.);
#4916=FACE_BOUND('',#4583,.T.);
#4917=FACE_BOUND('',#4584,.T.);
#4918=FACE_BOUND('',#4585,.T.);
#4919=FACE_BOUND('',#4586,.T.);
#4920=FACE_BOUND('',#4587,.T.);
#4921=FACE_BOUND('',#4588,.T.);
#4922=FACE_BOUND('',#4589,.T.);
#4923=FACE_BOUND('',#4590,.T.);
#4924=FACE_BOUND('',#4591,.T.);
#4925=FACE_BOUND('',#4592,.T.);
#4926=FACE_BOUND('',#4593,.T.);
#4927=FACE_BOUND('',#4594,.T.);
#4928=FACE_BOUND('',#4595,.T.);
#4929=FACE_BOUND('',#4596,.T.);
#4930=FACE_BOUND('',#4597,.T.);
#4931=FACE_BOUND('',#4598,.T.);
#4932=FACE_BOUND('',#4599,.T.);
#4933=FACE_BOUND('',#4600,.T.);
#4934=FACE_BOUND('',#4601,.T.);
#4935=FACE_BOUND('',#4602,.T.);
#4936=FACE_BOUND('',#4603,.T.);
#4937=FACE_BOUND('',#4604,.T.);
#4938=FACE_BOUND('',#4605,.T.);
#4939=FACE_BOUND('',#4606,.T.);
#4940=FACE_BOUND('',#4607,.T.);
#4941=FACE_BOUND('',#4608,.T.);
#4942=FACE_BOUND('',#4609,.T.);
#4943=FACE_BOUND('',#4610,.T.);
#4944=FACE_BOUND('',#4611,.T.);
#4945=FACE_BOUND('',#4612,.T.);
#4946=FACE_BOUND('',#4613,.T.);
#4947=FACE_BOUND('',#4614,.T.);
#4948=FACE_BOUND('',#4615,.T.);
#4949=FACE_BOUND('',#4616,.T.);
#4950=FACE_BOUND('',#4617,.T.);
#4951=FACE_BOUND('',#4618,.T.);
#4952=FACE_BOUND('',#4619,.T.);
#4953=FACE_BOUND('',#4620,.T.);
#4954=FACE_BOUND('',#4621,.T.);
#4955=FACE_BOUND('',#4622,.T.);
#4956=FACE_BOUND('',#4623,.T.);
#4957=FACE_BOUND('',#4624,.T.);
#4958=FACE_BOUND('',#4625,.T.);
#4959=FACE_BOUND('',#4626,.T.);
#4960=FACE_BOUND('',#4627,.T.);
#4961=FACE_BOUND('',#4628,.T.);
#4962=FACE_BOUND('',#4629,.T.);
#4963=FACE_BOUND('',#4630,.T.);
#4964=FACE_BOUND('',#4631,.T.);
#4965=FACE_BOUND('',#4632,.T.);
#4966=FACE_BOUND('',#4633,.T.);
#4967=FACE_BOUND('',#4634,.T.);
#4968=FACE_BOUND('',#4635,.T.);
#4969=FACE_BOUND('',#4636,.T.);
#4970=FACE_BOUND('',#4637,.T.);
#4971=FACE_BOUND('',#4638,.T.);
#4972=FACE_BOUND('',#4639,.T.);
#4973=FACE_BOUND('',#4640,.T.);
#4974=FACE_BOUND('',#4641,.T.);
#4975=FACE_BOUND('',#4642,.T.);
#4976=FACE_BOUND('',#4643,.T.);
#4977=FACE_BOUND('',#4644,.T.);
#4978=FACE_BOUND('',#4645,.T.);
#4979=FACE_BOUND('',#4646,.T.);
#4980=FACE_BOUND('',#4647,.T.);
#4981=FACE_BOUND('',#4648,.T.);
#4982=FACE_BOUND('',#4649,.T.);
#4983=FACE_BOUND('',#4650,.T.);
#4984=FACE_BOUND('',#4651,.T.);
#4985=FACE_BOUND('',#4652,.T.);
#4986=FACE_BOUND('',#4653,.T.);
#4987=FACE_BOUND('',#4654,.T.);
#4988=PLANE('',#5442);
#4989=PLANE('',#5455);
#4990=PLANE('',#5459);
#4991=PLANE('',#5463);
#4992=PLANE('',#5467);
#4993=PLANE('',#5469);
#4994=PLANE('',#5477);
#4995=PLANE('',#5480);
#4996=PLANE('',#5483);
#4997=PLANE('',#5486);
#4998=PLANE('',#5489);
#4999=PLANE('',#5490);
#5000=PLANE('',#5496);
#5001=PLANE('',#5499);
#5002=PLANE('',#5500);
#5003=PLANE('',#5503);
#5004=PLANE('',#5504);
#5005=PLANE('',#5508);
#5006=PLANE('',#5518);
#5007=PLANE('',#5523);
#5008=PLANE('',#5529);
#5009=PLANE('',#5540);
#5010=PLANE('',#5548);
#5011=PLANE('',#5550);
#5012=PLANE('',#5552);
#5013=PLANE('',#5554);
#5014=PLANE('',#5556);
#5015=PLANE('',#5558);
#5016=PLANE('',#5562);
#5017=PLANE('',#5563);
#5018=PLANE('',#5568);
#5019=PLANE('',#5575);
#5020=PLANE('',#5579);
#5021=PLANE('',#5584);
#5022=PLANE('',#5593);
#5023=PLANE('',#5596);
#5024=PLANE('',#5597);
#5025=PLANE('',#5605);
#5026=PLANE('',#5606);
#5027=PLANE('',#5609);
#5028=PLANE('',#5614);
#5029=PLANE('',#5615);
#5030=PLANE('',#5635);
#5031=PLANE('',#5636);
#5032=PLANE('',#5642);
#5033=PLANE('',#5643);
#5034=PLANE('',#5646);
#5035=PLANE('',#5649);
#5036=PLANE('',#5659);
#5037=PLANE('',#5669);
#5038=PLANE('',#5670);
#5039=PLANE('',#5673);
#5040=PLANE('',#5681);
#5041=PLANE('',#5692);
#5042=PLANE('',#5698);
#5043=PLANE('',#5699);
#5044=PLANE('',#5705);
#5045=PLANE('',#5706);
#5046=PLANE('',#5710);
#5047=PLANE('',#5711);
#5048=PLANE('',#5715);
#5049=PLANE('',#5716);
#5050=PLANE('',#5726);
#5051=PLANE('',#5727);
#5052=PLANE('',#5733);
#5053=PLANE('',#5743);
#5054=PLANE('',#5750);
#5055=PLANE('',#5771);
#5056=PLANE('',#5775);
#5057=PLANE('',#5778);
#5058=PLANE('',#5781);
#5059=PLANE('',#5783);
#5060=PLANE('',#5794);
#5061=PLANE('',#5805);
#5062=PLANE('',#5810);
#5063=PLANE('',#5814);
#5064=PLANE('',#5820);
#5065=PLANE('',#5821);
#5066=PLANE('',#5822);
#5067=PLANE('',#5827);
#5068=PLANE('',#5830);
#5069=PLANE('',#5831);
#5070=PLANE('',#5832);
#5071=PLANE('',#5833);
#5072=PLANE('',#5834);
#5073=PLANE('',#5838);
#5074=PLANE('',#5839);
#5075=PLANE('',#5840);
#5076=PLANE('',#5841);
#5077=PLANE('',#5842);
#5078=PLANE('',#5843);
#5079=PLANE('',#5844);
#5080=PLANE('',#5845);
#5081=PLANE('',#5864);
#5082=PLANE('',#5867);
#5083=PLANE('',#5870);
#5084=PLANE('',#5885);
#5085=PLANE('',#5889);
#5086=PLANE('',#5897);
#5087=PLANE('',#5898);
#5088=PLANE('',#5903);
#5089=PLANE('',#5910);
#5090=PLANE('',#5911);
#5091=PLANE('',#5915);
#5092=PLANE('',#5916);
#5093=PLANE('',#5919);
#5094=PLANE('',#5929);
#5095=PLANE('',#5932);
#5096=PLANE('',#5933);
#5097=PLANE('',#5935);
#5098=PLANE('',#5938);
#5099=PLANE('',#5939);
#5100=PLANE('',#5940);
#5101=PLANE('',#5947);
#5102=PLANE('',#5951);
#5103=PLANE('',#5952);
#5104=PLANE('',#5956);
#5105=PLANE('',#5959);
#5106=PLANE('',#5969);
#5107=PLANE('',#5974);
#5108=PLANE('',#5976);
#5109=PLANE('',#5977);
#5110=PLANE('',#5979);
#5111=PLANE('',#5980);
#5112=PLANE('',#5989);
#5113=PLANE('',#5991);
#5114=PLANE('',#5995);
#5115=PLANE('',#6001);
#5116=PLANE('',#6018);
#5117=PLANE('',#6027);
#5118=PLANE('',#6028);
#5119=PLANE('',#6030);
#5120=PLANE('',#6033);
#5121=PLANE('',#6034);
#5122=PLANE('',#6036);
#5123=PLANE('',#6041);
#5124=PLANE('',#6046);
#5125=PLANE('',#6050);
#5126=PLANE('',#6053);
#5127=PLANE('',#6054);
#5128=PLANE('',#6057);
#5129=PLANE('',#6058);
#5130=PLANE('',#6061);
#5131=PLANE('',#6063);
#5132=ADVANCED_FACE('',(#4655),#4988,.F.);
#5133=ADVANCED_FACE('',(#4656,#4657),#993,.T.);
#5134=ADVANCED_FACE('',(#4658,#4659),#976,.T.);
#5135=ADVANCED_FACE('',(#4660),#994,.F.);
#5136=ADVANCED_FACE('',(#4661),#995,.T.);
#5137=ADVANCED_FACE('',(#4662,#4663),#4989,.T.);
#5138=ADVANCED_FACE('',(#4664),#996,.T.);
#5139=ADVANCED_FACE('',(#4665),#4990,.T.);
#5140=ADVANCED_FACE('',(#4666),#997,.T.);
#5141=ADVANCED_FACE('',(#4667),#4991,.T.);
#5142=ADVANCED_FACE('',(#4668),#998,.T.);
#5143=ADVANCED_FACE('',(#4669),#4992,.T.);
#5144=ADVANCED_FACE('',(#4670),#4993,.F.);
#5145=ADVANCED_FACE('',(#4671),#999,.T.);
#5146=ADVANCED_FACE('',(#4672),#4994,.F.);
#5147=ADVANCED_FACE('',(#4673),#1000,.F.);
#5148=ADVANCED_FACE('',(#4674),#4995,.F.);
#5149=ADVANCED_FACE('',(#4675),#1001,.T.);
#5150=ADVANCED_FACE('',(#4676),#4996,.F.);
#5151=ADVANCED_FACE('',(#4677),#1002,.F.);
#5152=ADVANCED_FACE('',(#4678),#4997,.F.);
#5153=ADVANCED_FACE('',(#4679),#1003,.F.);
#5154=ADVANCED_FACE('',(#4680),#4998,.F.);
#5155=ADVANCED_FACE('',(#4681),#4999,.F.);
#5156=ADVANCED_FACE('',(#4682),#1004,.F.);
#5157=ADVANCED_FACE('',(#4683),#5000,.F.);
#5158=ADVANCED_FACE('',(#4684),#1005,.T.);
#5159=ADVANCED_FACE('',(#4685),#5001,.F.);
#5160=ADVANCED_FACE('',(#4686),#5002,.F.);
#5161=ADVANCED_FACE('',(#4687),#1006,.T.);
#5162=ADVANCED_FACE('',(#4688),#5003,.F.);
#5163=ADVANCED_FACE('',(#4689),#5004,.F.);
#5164=ADVANCED_FACE('',(#4690,#4691),#1007,.F.);
#5165=ADVANCED_FACE('',(#4692),#5005,.F.);
#5166=ADVANCED_FACE('',(#4693,#4694),#1008,.F.);
#5167=ADVANCED_FACE('',(#4695),#94,.T.);
#5168=ADVANCED_FACE('',(#4696),#1009,.T.);
#5169=ADVANCED_FACE('',(#4697,#4698),#5006,.T.);
#5170=ADVANCED_FACE('',(#4699,#4700),#1010,.T.);
#5171=ADVANCED_FACE('',(#4701,#4702),#5007,.T.);
#5172=ADVANCED_FACE('',(#4703,#4704),#1011,.T.);
#5173=ADVANCED_FACE('',(#4705,#4706),#93,.T.);
#5174=ADVANCED_FACE('',(#4707,#4708),#5008,.T.);
#5175=ADVANCED_FACE('',(#4709,#4710),#1012,.T.);
#5176=ADVANCED_FACE('',(#4711,#4712),#977,.T.);
#5177=ADVANCED_FACE('',(#4713),#5009,.T.);
#5178=ADVANCED_FACE('',(#4714),#1013,.F.);
#5179=ADVANCED_FACE('',(#4715),#5010,.F.);
#5180=ADVANCED_FACE('',(#4716),#1014,.F.);
#5181=ADVANCED_FACE('',(#4717),#5011,.F.);
#5182=ADVANCED_FACE('',(#4718),#1015,.F.);
#5183=ADVANCED_FACE('',(#4719),#5012,.F.);
#5184=ADVANCED_FACE('',(#4720),#1016,.F.);
#5185=ADVANCED_FACE('',(#4721),#5013,.F.);
#5186=ADVANCED_FACE('',(#4722),#1017,.F.);
#5187=ADVANCED_FACE('',(#4723),#5014,.F.);
#5188=ADVANCED_FACE('',(#4724),#1018,.F.);
#5189=ADVANCED_FACE('',(#4725),#5015,.F.);
#5190=ADVANCED_FACE('',(#4726),#1019,.T.);
#5191=ADVANCED_FACE('',(#4727),#5016,.T.);
#5192=ADVANCED_FACE('',(#4728),#5017,.F.);
#5193=ADVANCED_FACE('',(#4729),#978,.T.);
#5194=ADVANCED_FACE('',(#4730),#5018,.T.);
#5195=ADVANCED_FACE('',(#4731),#1020,.F.);
#5196=ADVANCED_FACE('',(#4732),#1021,.F.);
#5197=ADVANCED_FACE('',(#4733),#5019,.T.);
#5198=ADVANCED_FACE('',(#4734),#5020,.T.);
#5199=ADVANCED_FACE('',(#4735),#5021,.F.);
#5200=ADVANCED_FACE('',(#4736),#979,.T.);
#5201=ADVANCED_FACE('',(#4737),#980,.T.);
#5202=ADVANCED_FACE('',(#4738),#5022,.F.);
#5203=ADVANCED_FACE('',(#4739),#5023,.T.);
#5204=ADVANCED_FACE('',(#4740),#5024,.T.);
#5205=ADVANCED_FACE('',(#4741),#1022,.T.);
#5206=ADVANCED_FACE('',(#4742),#5025,.T.);
#5207=ADVANCED_FACE('',(#4743),#5026,.T.);
#5208=ADVANCED_FACE('',(#4744),#5027,.F.);
#5209=ADVANCED_FACE('',(#4745),#5028,.T.);
#5210=ADVANCED_FACE('',(#4746),#5029,.F.);
#5211=ADVANCED_FACE('',(#4747),#1023,.F.);
#5212=ADVANCED_FACE('',(#4748),#1024,.F.);
#5213=ADVANCED_FACE('',(#4749),#5030,.T.);
#5214=ADVANCED_FACE('',(#4750),#5031,.T.);
#5215=ADVANCED_FACE('',(#4751),#1025,.T.);
#5216=ADVANCED_FACE('',(#4752),#1026,.F.);
#5217=ADVANCED_FACE('',(#4753),#5032,.F.);
#5218=ADVANCED_FACE('',(#4754),#5033,.T.);
#5219=ADVANCED_FACE('',(#4755),#1027,.T.);
#5220=ADVANCED_FACE('',(#4756),#5034,.F.);
#5221=ADVANCED_FACE('',(#4757),#1028,.T.);
#5222=ADVANCED_FACE('',(#4758),#5035,.F.);
#5223=ADVANCED_FACE('',(#4759),#1029,.T.);
#5224=ADVANCED_FACE('',(#4760),#1030,.F.);
#5225=ADVANCED_FACE('',(#4761),#1031,.T.);
#5226=ADVANCED_FACE('',(#4762),#1032,.T.);
#5227=ADVANCED_FACE('',(#4763),#5036,.T.);
#5228=ADVANCED_FACE('',(#4764),#1033,.T.);
#5229=ADVANCED_FACE('',(#4765),#1034,.T.);
#5230=ADVANCED_FACE('',(#4766),#1035,.T.);
#5231=ADVANCED_FACE('',(#4767),#5037,.T.);
#5232=ADVANCED_FACE('',(#4768),#5038,.F.);
#5233=ADVANCED_FACE('',(#4769),#1036,.T.);
#5234=ADVANCED_FACE('',(#4770),#5039,.T.);
#5235=ADVANCED_FACE('',(#4771),#1037,.T.);
#5236=ADVANCED_FACE('',(#4772),#1038,.T.);
#5237=ADVANCED_FACE('',(#4773),#1039,.T.);
#5238=ADVANCED_FACE('',(#4774),#5040,.T.);
#5239=ADVANCED_FACE('',(#4775),#1040,.F.);
#5240=ADVANCED_FACE('',(#4776),#1041,.T.);
#5241=ADVANCED_FACE('',(#4777),#1042,.F.);
#5242=ADVANCED_FACE('',(#4778),#1043,.T.);
#5243=ADVANCED_FACE('',(#4779),#5041,.T.);
#5244=ADVANCED_FACE('',(#4780),#981,.T.);
#5245=ADVANCED_FACE('',(#4781),#5042,.T.);
#5246=ADVANCED_FACE('',(#4782),#5043,.T.);
#5247=ADVANCED_FACE('',(#4783),#5044,.T.);
#5248=ADVANCED_FACE('',(#4784),#5045,.T.);
#5249=ADVANCED_FACE('',(#4785),#1044,.F.);
#5250=ADVANCED_FACE('',(#4786),#5046,.T.);
#5251=ADVANCED_FACE('',(#4787),#5047,.T.);
#5252=ADVANCED_FACE('',(#4788),#1045,.F.);
#5253=ADVANCED_FACE('',(#4789),#5048,.T.);
#5254=ADVANCED_FACE('',(#4790),#5049,.F.);
#5255=ADVANCED_FACE('',(#4791),#1046,.T.);
#5256=ADVANCED_FACE('',(#4792),#5050,.F.);
#5257=ADVANCED_FACE('',(#4793),#5051,.F.);
#5258=ADVANCED_FACE('',(#4794),#1047,.T.);
#5259=ADVANCED_FACE('',(#4795),#5052,.F.);
#5260=ADVANCED_FACE('',(#4796),#1048,.T.);
#5261=ADVANCED_FACE('',(#4797),#1049,.F.);
#5262=ADVANCED_FACE('',(#4798),#1050,.T.);
#5263=ADVANCED_FACE('',(#4799),#1051,.T.);
#5264=ADVANCED_FACE('',(#4800),#5053,.T.);
#5265=ADVANCED_FACE('',(#4801),#1052,.T.);
#5266=ADVANCED_FACE('',(#4802),#1053,.F.);
#5267=ADVANCED_FACE('',(#4803),#1054,.T.);
#5268=ADVANCED_FACE('',(#4804),#5054,.T.);
#5269=ADVANCED_FACE('',(#4805),#1055,.F.);
#5270=ADVANCED_FACE('',(#4806),#1056,.T.);
#5271=ADVANCED_FACE('',(#4807),#1057,.T.);
#5272=ADVANCED_FACE('',(#4808),#1058,.T.);
#5273=ADVANCED_FACE('',(#4809),#1059,.T.);
#5274=ADVANCED_FACE('',(#4810),#1060,.T.);
#5275=ADVANCED_FACE('',(#4811),#5055,.T.);
#5276=ADVANCED_FACE('',(#4812),#5056,.T.);
#5277=ADVANCED_FACE('',(#4813),#1061,.T.);
#5278=ADVANCED_FACE('',(#4814),#5057,.F.);
#5279=ADVANCED_FACE('',(#4815),#5058,.T.);
#5280=ADVANCED_FACE('',(#4816),#1062,.T.);
#5281=ADVANCED_FACE('',(#4817,#4818,#4819,#4820,#4821,#4822,#4823,#4824),
#5059,.F.);
#5282=ADVANCED_FACE('',(#4825),#1063,.T.);
#5283=ADVANCED_FACE('',(#4826,#4827),#5060,.T.);
#5284=ADVANCED_FACE('',(#4828),#1064,.T.);
#5285=ADVANCED_FACE('',(#4829),#1065,.T.);
#5286=ADVANCED_FACE('',(#4830),#5061,.T.);
#5287=ADVANCED_FACE('',(#4831,#4832),#1066,.T.);
#5288=ADVANCED_FACE('',(#4833,#4834),#5062,.T.);
#5289=ADVANCED_FACE('',(#4835,#4836),#1067,.F.);
#5290=ADVANCED_FACE('',(#4837,#4838),#5063,.T.);
#5291=ADVANCED_FACE('',(#4839,#4840),#982,.T.);
#5292=ADVANCED_FACE('',(#4841,#4842),#1068,.T.);
#5293=ADVANCED_FACE('',(#4843),#72,.T.);
#5294=ADVANCED_FACE('',(#4844),#5064,.F.);
#5295=ADVANCED_FACE('',(#4845),#5065,.F.);
#5296=ADVANCED_FACE('',(#4846),#5066,.T.);
#5297=ADVANCED_FACE('',(#4847,#4848),#1069,.T.);
#5298=ADVANCED_FACE('',(#4849,#4850),#983,.T.);
#5299=ADVANCED_FACE('',(#4851),#5067,.T.);
#5300=ADVANCED_FACE('',(#4852,#4853),#5068,.T.);
#5301=ADVANCED_FACE('',(#4854),#5069,.T.);
#5302=ADVANCED_FACE('',(#4855),#5070,.T.);
#5303=ADVANCED_FACE('',(#4856),#5071,.T.);
#5304=ADVANCED_FACE('',(#4857),#5072,.T.);
#5305=ADVANCED_FACE('',(#4858),#1070,.F.);
#5306=ADVANCED_FACE('',(#4859),#5073,.T.);
#5307=ADVANCED_FACE('',(#4860),#5074,.T.);
#5308=ADVANCED_FACE('',(#4861),#5075,.T.);
#5309=ADVANCED_FACE('',(#4862),#5076,.T.);
#5310=ADVANCED_FACE('',(#4863),#5077,.T.);
#5311=ADVANCED_FACE('',(#4864),#5078,.T.);
#5312=ADVANCED_FACE('',(#4865),#5079,.T.);
#5313=ADVANCED_FACE('',(#4866),#5080,.F.);
#5314=ADVANCED_FACE('',(#4867),#1071,.F.);
#5315=ADVANCED_FACE('',(#4868),#1072,.F.);
#5316=ADVANCED_FACE('',(#4869),#5081,.F.);
#5317=ADVANCED_FACE('',(#4870),#1073,.T.);
#5318=ADVANCED_FACE('',(#4871),#5082,.F.);
#5319=ADVANCED_FACE('',(#4872),#1074,.T.);
#5320=ADVANCED_FACE('',(#4873),#5083,.F.);
#5321=ADVANCED_FACE('',(#4874),#1075,.T.);
#5322=ADVANCED_FACE('',(#4875),#1076,.F.);
#5323=ADVANCED_FACE('',(#4876),#1077,.T.);
#5324=ADVANCED_FACE('',(#4877),#1078,.T.);
#5325=ADVANCED_FACE('',(#4878),#5084,.T.);
#5326=ADVANCED_FACE('',(#4879),#5085,.T.);
#5327=ADVANCED_FACE('',(#4880),#1079,.T.);
#5328=ADVANCED_FACE('',(#4881),#1080,.T.);
#5329=ADVANCED_FACE('',(#4882),#1081,.T.);
#5330=ADVANCED_FACE('',(#4883),#5086,.T.);
#5331=ADVANCED_FACE('',(#4884),#5087,.F.);
#5332=ADVANCED_FACE('',(#4885),#1082,.T.);
#5333=ADVANCED_FACE('',(#4886),#1083,.T.);
#5334=ADVANCED_FACE('',(#4887),#5088,.F.);
#5335=ADVANCED_FACE('',(#4888),#1084,.T.);
#5336=ADVANCED_FACE('',(#4889),#1085,.F.);
#5337=ADVANCED_FACE('',(#4890),#1086,.T.);
#5338=ADVANCED_FACE('',(#4891),#1087,.T.);
#5339=ADVANCED_FACE('',(#4892),#5089,.F.);
#5340=ADVANCED_FACE('',(#4893),#5090,.T.);
#5341=ADVANCED_FACE('',(#4894),#1088,.T.);
#5342=ADVANCED_FACE('',(#4895),#5091,.T.);
#5343=ADVANCED_FACE('',(#4896),#5092,.T.);
#5344=ADVANCED_FACE('',(#4897),#5093,.F.);
#5345=ADVANCED_FACE('',(#4898,#4899),#95,.F.);
#5346=ADVANCED_FACE('',(#4900),#1089,.T.);
#5347=ADVANCED_FACE('',(#4901),#1090,.T.);
#5348=ADVANCED_FACE('',(#4902),#1091,.T.);
#5349=ADVANCED_FACE('',(#4903),#1092,.T.);
#5350=ADVANCED_FACE('',(#4904),#5094,.T.);
#5351=ADVANCED_FACE('',(#4905),#5095,.T.);
#5352=ADVANCED_FACE('',(#4906),#5096,.T.);
#5353=ADVANCED_FACE('',(#4907),#1093,.T.);
#5354=ADVANCED_FACE('',(#4908),#5097,.T.);
#5355=ADVANCED_FACE('',(#4909),#1094,.T.);
#5356=ADVANCED_FACE('',(#4910),#1095,.F.);
#5357=ADVANCED_FACE('',(#4911),#5098,.T.);
#5358=ADVANCED_FACE('',(#4912),#5099,.T.);
#5359=ADVANCED_FACE('',(#4913),#5100,.F.);
#5360=ADVANCED_FACE('',(#4914),#1096,.T.);
#5361=ADVANCED_FACE('',(#4915),#1097,.T.);
#5362=ADVANCED_FACE('',(#4916),#5101,.F.);
#5363=ADVANCED_FACE('',(#4917),#1098,.T.);
#5364=ADVANCED_FACE('',(#4918),#5102,.T.);
#5365=ADVANCED_FACE('',(#4919),#5103,.T.);
#5366=ADVANCED_FACE('',(#4920),#1099,.T.);
#5367=ADVANCED_FACE('',(#4921),#5104,.T.);
#5368=ADVANCED_FACE('',(#4922),#5105,.T.);
#5369=ADVANCED_FACE('',(#4923),#73,.T.);
#5370=ADVANCED_FACE('',(#4924),#1100,.T.);
#5371=ADVANCED_FACE('',(#4925),#74,.T.);
#5372=ADVANCED_FACE('',(#4926),#1101,.T.);
#5373=ADVANCED_FACE('',(#4927),#1102,.T.);
#5374=ADVANCED_FACE('',(#4928),#5106,.T.);
#5375=ADVANCED_FACE('',(#4929),#1103,.F.);
#5376=ADVANCED_FACE('',(#4930),#984,.F.);
#5377=ADVANCED_FACE('',(#4931),#5107,.T.);
#5378=ADVANCED_FACE('',(#4932),#1104,.F.);
#5379=ADVANCED_FACE('',(#4933),#5108,.T.);
#5380=ADVANCED_FACE('',(#4934),#5109,.T.);
#5381=ADVANCED_FACE('',(#4935),#5110,.F.);
#5382=ADVANCED_FACE('',(#4936),#5111,.T.);
#5383=ADVANCED_FACE('',(#4937),#1105,.T.);
#5384=ADVANCED_FACE('',(#4938,#4939),#1106,.T.);
#5385=ADVANCED_FACE('',(#4940),#5112,.T.);
#5386=ADVANCED_FACE('',(#4941),#5113,.T.);
#5387=ADVANCED_FACE('',(#4942),#1107,.T.);
#5388=ADVANCED_FACE('',(#4943),#5114,.T.);
#5389=ADVANCED_FACE('',(#4944),#1108,.T.);
#5390=ADVANCED_FACE('',(#4945),#985,.T.);
#5391=ADVANCED_FACE('',(#4946),#1109,.T.);
#5392=ADVANCED_FACE('',(#4947),#5115,.T.);
#5393=ADVANCED_FACE('',(#4948),#986,.T.);
#5394=ADVANCED_FACE('',(#4949),#1110,.T.);
#5395=ADVANCED_FACE('',(#4950),#987,.T.);
#5396=ADVANCED_FACE('',(#4951),#1111,.T.);
#5397=ADVANCED_FACE('',(#4952),#988,.T.);
#5398=ADVANCED_FACE('',(#4953),#1112,.T.);
#5399=ADVANCED_FACE('',(#4954),#1113,.T.);
#5400=ADVANCED_FACE('',(#4955),#5116,.T.);
#5401=ADVANCED_FACE('',(#4956),#1114,.F.);
#5402=ADVANCED_FACE('',(#4957),#989,.T.);
#5403=ADVANCED_FACE('',(#4958),#990,.T.);
#5404=ADVANCED_FACE('',(#4959),#1115,.T.);
#5405=ADVANCED_FACE('',(#4960),#991,.T.);
#5406=ADVANCED_FACE('',(#4961),#5117,.T.);
#5407=ADVANCED_FACE('',(#4962),#5118,.F.);
#5408=ADVANCED_FACE('',(#4963,#4964),#5119,.T.);
#5409=ADVANCED_FACE('',(#4965),#5120,.T.);
#5410=ADVANCED_FACE('',(#4966),#5121,.T.);
#5411=ADVANCED_FACE('',(#4967),#1116,.T.);
#5412=ADVANCED_FACE('',(#4968),#5122,.T.);
#5413=ADVANCED_FACE('',(#4969,#4970),#1117,.F.);
#5414=ADVANCED_FACE('',(#4971,#4972),#992,.F.);
#5415=ADVANCED_FACE('',(#4973),#5123,.T.);
#5416=ADVANCED_FACE('',(#4974),#1118,.T.);
#5417=ADVANCED_FACE('',(#4975),#5124,.T.);
#5418=ADVANCED_FACE('',(#4976),#1119,.T.);
#5419=ADVANCED_FACE('',(#4977,#4978),#5125,.F.);
#5420=ADVANCED_FACE('',(#4979),#5126,.T.);
#5421=ADVANCED_FACE('',(#4980),#5127,.T.);
#5422=ADVANCED_FACE('',(#4981),#1120,.F.);
#5423=ADVANCED_FACE('',(#4982),#5128,.T.);
#5424=ADVANCED_FACE('',(#4983),#5129,.T.);
#5425=ADVANCED_FACE('',(#4984),#1121,.T.);
#5426=ADVANCED_FACE('',(#4985),#5130,.T.);
#5427=ADVANCED_FACE('',(#4986),#5131,.T.);
#5428=ADVANCED_FACE('',(#4987),#1122,.T.);
#5429=CLOSED_SHELL('',(#5132,#5133,#5134,#5135,#5136,#5137,#5138,#5139,
#5140,#5141,#5142,#5143,#5144,#5145,#5146,#5147,#5148,#5149,#5150,#5151,
#5152,#5153,#5154,#5155,#5156,#5157,#5158,#5159,#5160,#5161,#5162,#5163,
#5164,#5165,#5166,#5167,#5168,#5169,#5170,#5171,#5172,#5173,#5174,#5175,
#5176,#5177,#5178,#5179,#5180,#5181,#5182,#5183,#5184,#5185,#5186,#5187,
#5188,#5189,#5190,#5191,#5192,#5193,#5194,#5195,#5196,#5197,#5198,#5199,
#5200,#5201,#5202,#5203,#5204,#5205,#5206,#5207,#5208,#5209,#5210,#5211,
#5212,#5213,#5214,#5215,#5216,#5217,#5218,#5219,#5220,#5221,#5222,#5223,
#5224,#5225,#5226,#5227,#5228,#5229,#5230,#5231,#5232,#5233,#5234,#5235,
#5236,#5237,#5238,#5239,#5240,#5241,#5242,#5243,#5244,#5245,#5246,#5247,
#5248,#5249,#5250,#5251,#5252,#5253,#5254,#5255,#5256,#5257,#5258,#5259,
#5260,#5261,#5262,#5263,#5264,#5265,#5266,#5267,#5268,#5269,#5270,#5271,
#5272,#5273,#5274,#5275,#5276,#5277,#5278,#5279,#5280,#5281,#5282,#5283,
#5284,#5285,#5286,#5287,#5288,#5289,#5290,#5291,#5292,#5293,#5294,#5295,
#5296,#5297,#5298,#5299,#5300,#5301,#5302,#5303,#5304,#5305,#5306,#5307,
#5308,#5309,#5310,#5311,#5312,#5313,#5314,#5315,#5316,#5317,#5318,#5319,
#5320,#5321,#5322,#5323,#5324,#5325,#5326,#5327,#5328,#5329,#5330,#5331,
#5332,#5333,#5334,#5335,#5336,#5337,#5338,#5339,#5340,#5341,#5342,#5343,
#5344,#5345,#5346,#5347,#5348,#5349,#5350,#5351,#5352,#5353,#5354,#5355,
#5356,#5357,#5358,#5359,#5360,#5361,#5362,#5363,#5364,#5365,#5366,#5367,
#5368,#5369,#5370,#5371,#5372,#5373,#5374,#5375,#5376,#5377,#5378,#5379,
#5380,#5381,#5382,#5383,#5384,#5385,#5386,#5387,#5388,#5389,#5390,#5391,
#5392,#5393,#5394,#5395,#5396,#5397,#5398,#5399,#5400,#5401,#5402,#5403,
#5404,#5405,#5406,#5407,#5408,#5409,#5410,#5411,#5412,#5413,#5414,#5415,
#5416,#5417,#5418,#5419,#5420,#5421,#5422,#5423,#5424,#5425,#5426,#5427,
#5428));
#5430=STYLED_ITEM('',(#5431),#5438);
#5431=PRESENTATION_STYLE_ASSIGNMENT((#5432));
#5432=SURFACE_STYLE_USAGE(.BOTH.,#5433);
#5433=SURFACE_SIDE_STYLE('',(#5434));
#5434=SURFACE_STYLE_FILL_AREA(#5435);
#5435=FILL_AREA_STYLE('',(#5436));
#5436=FILL_AREA_STYLE_COLOUR('',#5437);
#5437=COLOUR_RGB('',0.6,0.6,0.6);
#5438=MANIFOLD_SOLID_BREP('Body3',#5429);
#5439=SHAPE_DEFINITION_REPRESENTATION(#9532,#5440);
#5440=SHAPE_REPRESENTATION('OOM-P02',(#5441),#9527);
#5441=AXIS2_PLACEMENT_3D('',#7799,#6081,#6082);
#5442=AXIS2_PLACEMENT_3D('',#7800,#6083,#6084);
#5443=AXIS2_PLACEMENT_3D('',#7801,#6085,#6086);
#5444=AXIS2_PLACEMENT_3D('',#7803,#6087,#6088);
#5445=AXIS2_PLACEMENT_3D('',#7804,#6089,#6090);
#5446=AXIS2_PLACEMENT_3D('',#7806,#6091,#6092);
#5447=AXIS2_PLACEMENT_3D('',#7808,#6093,#6094);
#5448=AXIS2_PLACEMENT_3D('',#7809,#6095,#6096);
#5449=AXIS2_PLACEMENT_3D('',#7810,#6097,#6098);
#5450=AXIS2_PLACEMENT_3D('',#7815,#6100,#6101);
#5451=AXIS2_PLACEMENT_3D('',#7819,#6103,#6104);
#5452=AXIS2_PLACEMENT_3D('',#7822,#6106,#6107);
#5453=AXIS2_PLACEMENT_3D('',#7823,#6108,#6109);
#5454=AXIS2_PLACEMENT_3D('',#7827,#6111,#6112);
#5455=AXIS2_PLACEMENT_3D('',#7828,#6113,#6114);
#5456=AXIS2_PLACEMENT_3D('',#7842,#6122,#6123);
#5457=AXIS2_PLACEMENT_3D('',#7843,#6124,#6125);
#5458=AXIS2_PLACEMENT_3D('',#7847,#6127,#6128);
#5459=AXIS2_PLACEMENT_3D('',#7848,#6129,#6130);
#5460=AXIS2_PLACEMENT_3D('',#7854,#6134,#6135);
#5461=AXIS2_PLACEMENT_3D('',#7855,#6136,#6137);
#5462=AXIS2_PLACEMENT_3D('',#7859,#6139,#6140);
#5463=AXIS2_PLACEMENT_3D('',#7860,#6141,#6142);
#5464=AXIS2_PLACEMENT_3D('',#7866,#6146,#6147);
#5465=AXIS2_PLACEMENT_3D('',#7867,#6148,#6149);
#5466=AXIS2_PLACEMENT_3D('',#7872,#6151,#6152);
#5467=AXIS2_PLACEMENT_3D('',#7875,#6154,#6155);
#5468=AXIS2_PLACEMENT_3D('',#7882,#6159,#6160);
#5469=AXIS2_PLACEMENT_3D('',#7883,#6161,#6162);
#5470=AXIS2_PLACEMENT_3D('',#7884,#6163,#6164);
#5471=AXIS2_PLACEMENT_3D('',#7889,#6166,#6167);
#5472=AXIS2_PLACEMENT_3D('',#7893,#6169,#6170);
#5473=AXIS2_PLACEMENT_3D('',#7897,#6172,#6173);
#5474=AXIS2_PLACEMENT_3D('',#7901,#6175,#6176);
#5475=AXIS2_PLACEMENT_3D('',#7904,#6178,#6179);
#5476=AXIS2_PLACEMENT_3D('',#7905,#6180,#6181);
#5477=AXIS2_PLACEMENT_3D('',#7910,#6184,#6185);
#5478=AXIS2_PLACEMENT_3D('',#7914,#6188,#6189);
#5479=AXIS2_PLACEMENT_3D('',#7915,#6190,#6191);
#5480=AXIS2_PLACEMENT_3D('',#7918,#6193,#6194);
#5481=AXIS2_PLACEMENT_3D('',#7922,#6197,#6198);
#5482=AXIS2_PLACEMENT_3D('',#7923,#6199,#6200);
#5483=AXIS2_PLACEMENT_3D('',#7926,#6202,#6203);
#5484=AXIS2_PLACEMENT_3D('',#7930,#6206,#6207);
#5485=AXIS2_PLACEMENT_3D('',#7931,#6208,#6209);
#5486=AXIS2_PLACEMENT_3D('',#7934,#6211,#6212);
#5487=AXIS2_PLACEMENT_3D('',#7938,#6215,#6216);
#5488=AXIS2_PLACEMENT_3D('',#7939,#6217,#6218);
#5489=AXIS2_PLACEMENT_3D('',#7942,#6220,#6221);
#5490=AXIS2_PLACEMENT_3D('',#7944,#6223,#6224);
#5491=AXIS2_PLACEMENT_3D('',#7945,#6225,#6226);
#5492=AXIS2_PLACEMENT_3D('',#7950,#6228,#6229);
#5493=AXIS2_PLACEMENT_3D('',#7956,#6232,#6233);
#5494=AXIS2_PLACEMENT_3D('',#7959,#6235,#6236);
#5495=AXIS2_PLACEMENT_3D('',#7960,#6237,#6238);
#5496=AXIS2_PLACEMENT_3D('',#7965,#6241,#6242);
#5497=AXIS2_PLACEMENT_3D('',#7969,#6245,#6246);
#5498=AXIS2_PLACEMENT_3D('',#7970,#6247,#6248);
#5499=AXIS2_PLACEMENT_3D('',#7973,#6250,#6251);
#5500=AXIS2_PLACEMENT_3D('',#7977,#6254,#6255);
#5501=AXIS2_PLACEMENT_3D('',#7981,#6258,#6259);
#5502=AXIS2_PLACEMENT_3D('',#7982,#6260,#6261);
#5503=AXIS2_PLACEMENT_3D('',#7985,#6263,#6264);
#5504=AXIS2_PLACEMENT_3D('',#7987,#6266,#6267);
#5505=AXIS2_PLACEMENT_3D('',#7988,#6268,#6269);
#5506=AXIS2_PLACEMENT_3D('',#7990,#6270,#6271);
#5507=AXIS2_PLACEMENT_3D('',#7991,#6272,#6273);
#5508=AXIS2_PLACEMENT_3D('',#7993,#6274,#6275);
#5509=AXIS2_PLACEMENT_3D('',#7994,#6276,#6277);
#5510=AXIS2_PLACEMENT_3D('',#7996,#6278,#6279);
#5511=AXIS2_PLACEMENT_3D('',#7997,#6280,#6281);
#5512=AXIS2_PLACEMENT_3D('',#8014,#6282,#6283);
#5513=AXIS2_PLACEMENT_3D('',#8017,#6284,#6285);
#5514=AXIS2_PLACEMENT_3D('',#8019,#6286,#6287);
#5515=AXIS2_PLACEMENT_3D('',#8020,#6288,#6289);
#5516=AXIS2_PLACEMENT_3D('',#8021,#6290,#6291);
#5517=AXIS2_PLACEMENT_3D('',#8026,#6293,#6294);
#5518=AXIS2_PLACEMENT_3D('',#8031,#6297,#6298);
#5519=AXIS2_PLACEMENT_3D('',#8032,#6299,#6300);
#5520=AXIS2_PLACEMENT_3D('',#8034,#6301,#6302);
#5521=AXIS2_PLACEMENT_3D('',#8036,#6303,#6304);
#5522=AXIS2_PLACEMENT_3D('',#8037,#6305,#6306);
#5523=AXIS2_PLACEMENT_3D('',#8039,#6307,#6308);
#5524=AXIS2_PLACEMENT_3D('',#8040,#6309,#6310);
#5525=AXIS2_PLACEMENT_3D('',#8042,#6311,#6312);
#5526=AXIS2_PLACEMENT_3D('',#8043,#6313,#6314);
#5527=AXIS2_PLACEMENT_3D('',#8045,#6315,#6316);
#5528=AXIS2_PLACEMENT_3D('',#8046,#6317,#6318);
#5529=AXIS2_PLACEMENT_3D('',#8048,#6319,#6320);
#5530=AXIS2_PLACEMENT_3D('',#8052,#6322,#6323);
#5531=AXIS2_PLACEMENT_3D('',#8056,#6325,#6326);
#5532=AXIS2_PLACEMENT_3D('',#8060,#6328,#6329);
#5533=AXIS2_PLACEMENT_3D('',#8064,#6331,#6332);
#5534=AXIS2_PLACEMENT_3D('',#8068,#6334,#6335);
#5535=AXIS2_PLACEMENT_3D('',#8072,#6337,#6338);
#5536=AXIS2_PLACEMENT_3D('',#8073,#6339,#6340);
#5537=AXIS2_PLACEMENT_3D('',#8075,#6341,#6342);
#5538=AXIS2_PLACEMENT_3D('',#8076,#6343,#6344);
#5539=AXIS2_PLACEMENT_3D('',#8078,#6345,#6346);
#5540=AXIS2_PLACEMENT_3D('',#8079,#6347,#6348);
#5541=AXIS2_PLACEMENT_3D('',#8080,#6349,#6350);
#5542=AXIS2_PLACEMENT_3D('',#8085,#6352,#6353);
#5543=AXIS2_PLACEMENT_3D('',#8089,#6355,#6356);
#5544=AXIS2_PLACEMENT_3D('',#8093,#6358,#6359);
#5545=AXIS2_PLACEMENT_3D('',#8097,#6361,#6362);
#5546=AXIS2_PLACEMENT_3D('',#8101,#6364,#6365);
#5547=AXIS2_PLACEMENT_3D('',#8104,#6367,#6368);
#5548=AXIS2_PLACEMENT_3D('',#8107,#6371,#6372);
#5549=AXIS2_PLACEMENT_3D('',#8109,#6374,#6375);
#5550=AXIS2_PLACEMENT_3D('',#8111,#6377,#6378);
#5551=AXIS2_PLACEMENT_3D('',#8113,#6380,#6381);
#5552=AXIS2_PLACEMENT_3D('',#8115,#6383,#6384);
#5553=AXIS2_PLACEMENT_3D('',#8117,#6386,#6387);
#5554=AXIS2_PLACEMENT_3D('',#8119,#6389,#6390);
#5555=AXIS2_PLACEMENT_3D('',#8121,#6392,#6393);
#5556=AXIS2_PLACEMENT_3D('',#8123,#6395,#6396);
#5557=AXIS2_PLACEMENT_3D('',#8125,#6398,#6399);
#5558=AXIS2_PLACEMENT_3D('',#8127,#6401,#6402);
#5559=AXIS2_PLACEMENT_3D('',#8128,#6403,#6404);
#5560=AXIS2_PLACEMENT_3D('',#8129,#6405,#6406);
#5561=AXIS2_PLACEMENT_3D('',#8134,#6408,#6409);
#5562=AXIS2_PLACEMENT_3D('',#8137,#6411,#6412);
#5563=AXIS2_PLACEMENT_3D('',#8150,#6417,#6418);
#5564=AXIS2_PLACEMENT_3D('',#8151,#6419,#6420);
#5565=AXIS2_PLACEMENT_3D('',#8154,#6422,#6423);
#5566=AXIS2_PLACEMENT_3D('',#8161,#6424,#6425);
#5567=AXIS2_PLACEMENT_3D('',#8173,#6426,#6427);
#5568=AXIS2_PLACEMENT_3D('',#8174,#6428,#6429);
#5569=AXIS2_PLACEMENT_3D('',#8179,#6433,#6434);
#5570=AXIS2_PLACEMENT_3D('',#8180,#6435,#6436);
#5571=AXIS2_PLACEMENT_3D('',#8184,#6438,#6439);
#5572=AXIS2_PLACEMENT_3D('',#8185,#6440,#6441);
#5573=AXIS2_PLACEMENT_3D('',#8186,#6442,#6443);
#5574=AXIS2_PLACEMENT_3D('',#8193,#6444,#6445);
#5575=AXIS2_PLACEMENT_3D('',#8196,#6447,#6448);
#5576=AXIS2_PLACEMENT_3D('',#8197,#6449,#6450);
#5577=AXIS2_PLACEMENT_3D('',#8200,#6451,#6452);
#5578=AXIS2_PLACEMENT_3D('',#8201,#6453,#6454);
#5579=AXIS2_PLACEMENT_3D('',#8202,#6455,#6456);
#5580=AXIS2_PLACEMENT_3D('',#8203,#6457,#6458);
#5581=AXIS2_PLACEMENT_3D('',#8206,#6459,#6460);
#5582=AXIS2_PLACEMENT_3D('',#8208,#6461,#6462);
#5583=AXIS2_PLACEMENT_3D('',#8210,#6463,#6464);
#5584=AXIS2_PLACEMENT_3D('',#8213,#6466,#6467);
#5585=AXIS2_PLACEMENT_3D('',#8214,#6468,#6469);
#5586=AXIS2_PLACEMENT_3D('',#8217,#6470,#6471);
#5587=AXIS2_PLACEMENT_3D('',#8218,#6472,#6473);
#5588=AXIS2_PLACEMENT_3D('',#8221,#6475,#6476);
#5589=AXIS2_PLACEMENT_3D('',#8228,#6477,#6478);
#5590=AXIS2_PLACEMENT_3D('',#8229,#6479,#6480);
#5591=AXIS2_PLACEMENT_3D('',#8230,#6481,#6482);
#5592=AXIS2_PLACEMENT_3D('',#8236,#6483,#6484);
#5593=AXIS2_PLACEMENT_3D('',#8237,#6485,#6486);
#5594=AXIS2_PLACEMENT_3D('',#8238,#6487,#6488);
#5595=AXIS2_PLACEMENT_3D('',#8243,#6490,#6491);
#5596=AXIS2_PLACEMENT_3D('',#8246,#6493,#6494);
#5597=AXIS2_PLACEMENT_3D('',#8249,#6497,#6498);
#5598=AXIS2_PLACEMENT_3D('',#8252,#6500,#6501);
#5599=AXIS2_PLACEMENT_3D('',#8253,#6502,#6503);
#5600=AXIS2_PLACEMENT_3D('',#8254,#6504,#6505);
#5601=AXIS2_PLACEMENT_3D('',#8259,#6507,#6508);
#5602=AXIS2_PLACEMENT_3D('',#8263,#6510,#6511);
#5603=AXIS2_PLACEMENT_3D('',#8267,#6513,#6514);
#5604=AXIS2_PLACEMENT_3D('',#8268,#6515,#6516);
#5605=AXIS2_PLACEMENT_3D('',#8271,#6518,#6519);
#5606=AXIS2_PLACEMENT_3D('',#8278,#6524,#6525);
#5607=AXIS2_PLACEMENT_3D('',#8284,#6528,#6529);
#5608=AXIS2_PLACEMENT_3D('',#8292,#6533,#6534);
#5609=AXIS2_PLACEMENT_3D('',#8298,#6538,#6539);
#5610=AXIS2_PLACEMENT_3D('',#8299,#6540,#6541);
#5611=AXIS2_PLACEMENT_3D('',#8302,#6542,#6543);
#5612=AXIS2_PLACEMENT_3D('',#8307,#6546,#6547);
#5613=AXIS2_PLACEMENT_3D('',#8309,#6548,#6549);
#5614=AXIS2_PLACEMENT_3D('',#8312,#6551,#6552);
#5615=AXIS2_PLACEMENT_3D('',#8320,#6557,#6558);
#5616=AXIS2_PLACEMENT_3D('',#8321,#6559,#6560);
#5617=AXIS2_PLACEMENT_3D('',#8324,#6561,#6562);
#5618=AXIS2_PLACEMENT_3D('',#8326,#6563,#6564);
#5619=AXIS2_PLACEMENT_3D('',#8330,#6566,#6567);
#5620=AXIS2_PLACEMENT_3D('',#8332,#6568,#6569);
#5621=AXIS2_PLACEMENT_3D('',#8334,#6570,#6571);
#5622=AXIS2_PLACEMENT_3D('',#8338,#6573,#6574);
#5623=AXIS2_PLACEMENT_3D('',#8340,#6575,#6576);
#5624=AXIS2_PLACEMENT_3D('',#8345,#6579,#6580);
#5625=AXIS2_PLACEMENT_3D('',#8347,#6581,#6582);
#5626=AXIS2_PLACEMENT_3D('',#8351,#6584,#6585);
#5627=AXIS2_PLACEMENT_3D('',#8353,#6586,#6587);
#5628=AXIS2_PLACEMENT_3D('',#8355,#6588,#6589);
#5629=AXIS2_PLACEMENT_3D('',#8358,#6591,#6592);
#5630=AXIS2_PLACEMENT_3D('',#8362,#6594,#6595);
#5631=AXIS2_PLACEMENT_3D('',#8366,#6597,#6598);
#5632=AXIS2_PLACEMENT_3D('',#8367,#6599,#6600);
#5633=AXIS2_PLACEMENT_3D('',#8371,#6602,#6603);
#5634=AXIS2_PLACEMENT_3D('',#8372,#6604,#6605);
#5635=AXIS2_PLACEMENT_3D('',#8373,#6606,#6607);
#5636=AXIS2_PLACEMENT_3D('',#8382,#6612,#6613);
#5637=AXIS2_PLACEMENT_3D('',#8391,#6618,#6619);
#5638=AXIS2_PLACEMENT_3D('',#8395,#6621,#6622);
#5639=AXIS2_PLACEMENT_3D('',#8396,#6623,#6624);
#5640=AXIS2_PLACEMENT_3D('',#8397,#6625,#6626);
#5641=AXIS2_PLACEMENT_3D('',#8400,#6628,#6629);
#5642=AXIS2_PLACEMENT_3D('',#8403,#6631,#6632);
#5643=AXIS2_PLACEMENT_3D('',#8405,#6634,#6635);
#5644=AXIS2_PLACEMENT_3D('',#8407,#6637,#6638);
#5645=AXIS2_PLACEMENT_3D('',#8408,#6639,#6640);
#5646=AXIS2_PLACEMENT_3D('',#8413,#6643,#6644);
#5647=AXIS2_PLACEMENT_3D('',#8419,#6648,#6649);
#5648=AXIS2_PLACEMENT_3D('',#8422,#6651,#6652);
#5649=AXIS2_PLACEMENT_3D('',#8423,#6653,#6654);
#5650=AXIS2_PLACEMENT_3D('',#8427,#6657,#6658);
#5651=AXIS2_PLACEMENT_3D('',#8430,#6660,#6661);
#5652=AXIS2_PLACEMENT_3D('',#8431,#6662,#6663);
#5653=AXIS2_PLACEMENT_3D('',#8434,#6665,#6666);
#5654=AXIS2_PLACEMENT_3D('',#8435,#6667,#6668);
#5655=AXIS2_PLACEMENT_3D('',#8436,#6669,#6670);
#5656=AXIS2_PLACEMENT_3D('',#8437,#6671,#6672);
#5657=AXIS2_PLACEMENT_3D('',#8438,#6673,#6674);
#5658=AXIS2_PLACEMENT_3D('',#8443,#6676,#6677);
#5659=AXIS2_PLACEMENT_3D('',#8446,#6679,#6680);
#5660=AXIS2_PLACEMENT_3D('',#8452,#6684,#6685);
#5661=AXIS2_PLACEMENT_3D('',#8453,#6686,#6687);
#5662=AXIS2_PLACEMENT_3D('',#8454,#6688,#6689);
#5663=AXIS2_PLACEMENT_3D('',#8455,#6690,#6691);
#5664=AXIS2_PLACEMENT_3D('',#8458,#6693,#6694);
#5665=AXIS2_PLACEMENT_3D('',#8459,#6695,#6696);
#5666=AXIS2_PLACEMENT_3D('',#8460,#6697,#6698);
#5667=AXIS2_PLACEMENT_3D('',#8461,#6699,#6700);
#5668=AXIS2_PLACEMENT_3D('',#8462,#6701,#6702);
#5669=AXIS2_PLACEMENT_3D('',#8465,#6704,#6705);
#5670=AXIS2_PLACEMENT_3D('',#8469,#6708,#6709);
#5671=AXIS2_PLACEMENT_3D('',#8470,#6710,#6711);
#5672=AXIS2_PLACEMENT_3D('',#8471,#6712,#6713);
#5673=AXIS2_PLACEMENT_3D('',#8472,#6714,#6715);
#5674=AXIS2_PLACEMENT_3D('',#8475,#6718,#6719);
#5675=AXIS2_PLACEMENT_3D('',#8477,#6721,#6722);
#5676=AXIS2_PLACEMENT_3D('',#8481,#6724,#6725);
#5677=AXIS2_PLACEMENT_3D('',#8482,#6726,#6727);
#5678=AXIS2_PLACEMENT_3D('',#8483,#6728,#6729);
#5679=AXIS2_PLACEMENT_3D('',#8484,#6730,#6731);
#5680=AXIS2_PLACEMENT_3D('',#8485,#6732,#6733);
#5681=AXIS2_PLACEMENT_3D('',#8486,#6734,#6735);
#5682=AXIS2_PLACEMENT_3D('',#8487,#6736,#6737);
#5683=AXIS2_PLACEMENT_3D('',#8489,#6738,#6739);
#5684=AXIS2_PLACEMENT_3D('',#8491,#6740,#6741);
#5685=AXIS2_PLACEMENT_3D('',#8492,#6742,#6743);
#5686=AXIS2_PLACEMENT_3D('',#8495,#6745,#6746);
#5687=AXIS2_PLACEMENT_3D('',#8498,#6748,#6749);
#5688=AXIS2_PLACEMENT_3D('',#8499,#6750,#6751);
#5689=AXIS2_PLACEMENT_3D('',#8500,#6752,#6753);
#5690=AXIS2_PLACEMENT_3D('',#8501,#6754,#6755);
#5691=AXIS2_PLACEMENT_3D('',#8503,#6757,#6758);
#5692=AXIS2_PLACEMENT_3D('',#8504,#6759,#6760);
#5693=AXIS2_PLACEMENT_3D('',#8508,#6762,#6763);
#5694=AXIS2_PLACEMENT_3D('',#8512,#6765,#6766);
#5695=AXIS2_PLACEMENT_3D('',#8513,#6767,#6768);
#5696=AXIS2_PLACEMENT_3D('',#8519,#6769,#6770);
#5697=AXIS2_PLACEMENT_3D('',#8520,#6771,#6772);
#5698=AXIS2_PLACEMENT_3D('',#8521,#6773,#6774);
#5699=AXIS2_PLACEMENT_3D('',#8530,#6779,#6780);
#5700=AXIS2_PLACEMENT_3D('',#8531,#6781,#6782);
#5701=AXIS2_PLACEMENT_3D('',#8534,#6783,#6784);
#5702=AXIS2_PLACEMENT_3D('',#8538,#6786,#6787);
#5703=AXIS2_PLACEMENT_3D('',#8542,#6789,#6790);
#5704=AXIS2_PLACEMENT_3D('',#8544,#6791,#6792);
#5705=AXIS2_PLACEMENT_3D('',#8547,#6794,#6795);
#5706=AXIS2_PLACEMENT_3D('',#8553,#6799,#6800);
#5707=AXIS2_PLACEMENT_3D('',#8560,#6805,#6806);
#5708=AXIS2_PLACEMENT_3D('',#8564,#6808,#6809);
#5709=AXIS2_PLACEMENT_3D('',#8568,#6811,#6812);
#5710=AXIS2_PLACEMENT_3D('',#8569,#6813,#6814);
#5711=AXIS2_PLACEMENT_3D('',#8575,#6818,#6819);
#5712=AXIS2_PLACEMENT_3D('',#8584,#6824,#6825);
#5713=AXIS2_PLACEMENT_3D('',#8588,#6827,#6828);
#5714=AXIS2_PLACEMENT_3D('',#8592,#6830,#6831);
#5715=AXIS2_PLACEMENT_3D('',#8593,#6832,#6833);
#5716=AXIS2_PLACEMENT_3D('',#8602,#6838,#6839);
#5717=AXIS2_PLACEMENT_3D('',#8603,#6840,#6841);
#5718=AXIS2_PLACEMENT_3D('',#8608,#6843,#6844);
#5719=AXIS2_PLACEMENT_3D('',#8610,#6845,#6846);
#5720=AXIS2_PLACEMENT_3D('',#8614,#6848,#6849);
#5721=AXIS2_PLACEMENT_3D('',#8616,#6850,#6851);
#5722=AXIS2_PLACEMENT_3D('',#8617,#6852,#6853);
#5723=AXIS2_PLACEMENT_3D('',#8618,#6854,#6855);
#5724=AXIS2_PLACEMENT_3D('',#8619,#6856,#6857);
#5725=AXIS2_PLACEMENT_3D('',#8624,#6859,#6860);
#5726=AXIS2_PLACEMENT_3D('',#8627,#6862,#6863);
#5727=AXIS2_PLACEMENT_3D('',#8633,#6867,#6868);
#5728=AXIS2_PLACEMENT_3D('',#8634,#6869,#6870);
#5729=AXIS2_PLACEMENT_3D('',#8635,#6871,#6872);
#5730=AXIS2_PLACEMENT_3D('',#8636,#6873,#6874);
#5731=AXIS2_PLACEMENT_3D('',#8637,#6875,#6876);
#5732=AXIS2_PLACEMENT_3D('',#8638,#6877,#6878);
#5733=AXIS2_PLACEMENT_3D('',#8639,#6879,#6880);
#5734=AXIS2_PLACEMENT_3D('',#8645,#6884,#6885);
#5735=AXIS2_PLACEMENT_3D('',#8648,#6887,#6888);
#5736=AXIS2_PLACEMENT_3D('',#8649,#6889,#6890);
#5737=AXIS2_PLACEMENT_3D('',#8652,#6892,#6893);
#5738=AXIS2_PLACEMENT_3D('',#8653,#6894,#6895);
#5739=AXIS2_PLACEMENT_3D('',#8654,#6896,#6897);
#5740=AXIS2_PLACEMENT_3D('',#8655,#6898,#6899);
#5741=AXIS2_PLACEMENT_3D('',#8656,#6900,#6901);
#5742=AXIS2_PLACEMENT_3D('',#8658,#6902,#6903);
#5743=AXIS2_PLACEMENT_3D('',#8661,#6905,#6906);
#5744=AXIS2_PLACEMENT_3D('',#8667,#6910,#6911);
#5745=AXIS2_PLACEMENT_3D('',#8670,#6913,#6914);
#5746=AXIS2_PLACEMENT_3D('',#8671,#6915,#6916);
#5747=AXIS2_PLACEMENT_3D('',#8674,#6918,#6919);
#5748=AXIS2_PLACEMENT_3D('',#8675,#6920,#6921);
#5749=AXIS2_PLACEMENT_3D('',#8676,#6922,#6923);
#5750=AXIS2_PLACEMENT_3D('',#8677,#6924,#6925);
#5751=AXIS2_PLACEMENT_3D('',#8678,#6926,#6927);
#5752=AXIS2_PLACEMENT_3D('',#8680,#6928,#6929);
#5753=AXIS2_PLACEMENT_3D('',#8684,#6931,#6932);
#5754=AXIS2_PLACEMENT_3D('',#8685,#6933,#6934);
#5755=AXIS2_PLACEMENT_3D('',#8686,#6935,#6936);
#5756=AXIS2_PLACEMENT_3D('',#8689,#6938,#6939);
#5757=AXIS2_PLACEMENT_3D('',#8690,#6940,#6941);
#5758=AXIS2_PLACEMENT_3D('',#8691,#6942,#6943);
#5759=AXIS2_PLACEMENT_3D('',#8692,#6944,#6945);
#5760=AXIS2_PLACEMENT_3D('',#8696,#6947,#6948);
#5761=AXIS2_PLACEMENT_3D('',#8697,#6949,#6950);
#5762=AXIS2_PLACEMENT_3D('',#8698,#6951,#6952);
#5763=AXIS2_PLACEMENT_3D('',#8699,#6953,#6954);
#5764=AXIS2_PLACEMENT_3D('',#8701,#6955,#6956);
#5765=AXIS2_PLACEMENT_3D('',#8704,#6958,#6959);
#5766=AXIS2_PLACEMENT_3D('',#8708,#6961,#6962);
#5767=AXIS2_PLACEMENT_3D('',#8710,#6964,#6965);
#5768=AXIS2_PLACEMENT_3D('',#8711,#6966,#6967);
#5769=AXIS2_PLACEMENT_3D('',#8712,#6968,#6969);
#5770=AXIS2_PLACEMENT_3D('',#8716,#6971,#6972);
#5771=AXIS2_PLACEMENT_3D('',#8717,#6973,#6974);
#5772=AXIS2_PLACEMENT_3D('',#8718,#6975,#6976);
#5773=AXIS2_PLACEMENT_3D('',#8721,#6978,#6979);
#5774=AXIS2_PLACEMENT_3D('',#8724,#6981,#6982);
#5775=AXIS2_PLACEMENT_3D('',#8725,#6983,#6984);
#5776=AXIS2_PLACEMENT_3D('',#8729,#6987,#6988);
#5777=AXIS2_PLACEMENT_3D('',#8730,#6989,#6990);
#5778=AXIS2_PLACEMENT_3D('',#8731,#6991,#6992);
#5779=AXIS2_PLACEMENT_3D('',#8732,#6993,#6994);
#5780=AXIS2_PLACEMENT_3D('',#8734,#6995,#6996);
#5781=AXIS2_PLACEMENT_3D('',#8736,#6998,#6999);
#5782=AXIS2_PLACEMENT_3D('',#8738,#7001,#7002);
#5783=AXIS2_PLACEMENT_3D('',#8739,#7003,#7004);
#5784=AXIS2_PLACEMENT_3D('',#8740,#7005,#7006);
#5785=AXIS2_PLACEMENT_3D('',#8743,#7007,#7008);
#5786=AXIS2_PLACEMENT_3D('',#8744,#7009,#7010);
#5787=AXIS2_PLACEMENT_3D('',#8746,#7011,#7012);
#5788=AXIS2_PLACEMENT_3D('',#8748,#7013,#7014);
#5789=AXIS2_PLACEMENT_3D('',#8754,#7017,#7018);
#5790=AXIS2_PLACEMENT_3D('',#8757,#7020,#7021);
#5791=AXIS2_PLACEMENT_3D('',#8761,#7023,#7024);
#5792=AXIS2_PLACEMENT_3D('',#8765,#7026,#7027);
#5793=AXIS2_PLACEMENT_3D('',#8768,#7029,#7030);
#5794=AXIS2_PLACEMENT_3D('',#8773,#7031,#7032);
#5795=AXIS2_PLACEMENT_3D('',#8774,#7033,#7034);
#5796=AXIS2_PLACEMENT_3D('',#8776,#7035,#7036);
#5797=AXIS2_PLACEMENT_3D('',#8778,#7037,#7038);
#5798=AXIS2_PLACEMENT_3D('',#8781,#7040,#7041);
#5799=AXIS2_PLACEMENT_3D('',#8787,#7044,#7045);
#5800=AXIS2_PLACEMENT_3D('',#8791,#7047,#7048);
#5801=AXIS2_PLACEMENT_3D('',#8795,#7050,#7051);
#5802=AXIS2_PLACEMENT_3D('',#8796,#7052,#7053);
#5803=AXIS2_PLACEMENT_3D('',#8800,#7055,#7056);
#5804=AXIS2_PLACEMENT_3D('',#8804,#7058,#7059);
#5805=AXIS2_PLACEMENT_3D('',#8805,#7060,#7061);
#5806=AXIS2_PLACEMENT_3D('',#8808,#7063,#7064);
#5807=AXIS2_PLACEMENT_3D('',#8811,#7066,#7067);
#5808=AXIS2_PLACEMENT_3D('',#8814,#7069,#7070);
#5809=AXIS2_PLACEMENT_3D('',#8817,#7072,#7073);
#5810=AXIS2_PLACEMENT_3D('',#8819,#7074,#7075);
#5811=AXIS2_PLACEMENT_3D('',#8820,#7076,#7077);
#5812=AXIS2_PLACEMENT_3D('',#8822,#7078,#7079);
#5813=AXIS2_PLACEMENT_3D('',#8823,#7080,#7081);
#5814=AXIS2_PLACEMENT_3D('',#8825,#7082,#7083);
#5815=AXIS2_PLACEMENT_3D('',#8826,#7084,#7085);
#5816=AXIS2_PLACEMENT_3D('',#8828,#7086,#7087);
#5817=AXIS2_PLACEMENT_3D('',#8829,#7088,#7089);
#5818=AXIS2_PLACEMENT_3D('',#8830,#7090,#7091);
#5819=AXIS2_PLACEMENT_3D('',#8832,#7092,#7093);
#5820=AXIS2_PLACEMENT_3D('',#8833,#7094,#7095);
#5821=AXIS2_PLACEMENT_3D('',#8835,#7097,#7098);
#5822=AXIS2_PLACEMENT_3D('',#8837,#7100,#7101);
#5823=AXIS2_PLACEMENT_3D('',#8838,#7102,#7103);
#5824=AXIS2_PLACEMENT_3D('',#8840,#7104,#7105);
#5825=AXIS2_PLACEMENT_3D('',#8841,#7106,#7107);
#5826=AXIS2_PLACEMENT_3D('',#8843,#7108,#7109);
#5827=AXIS2_PLACEMENT_3D('',#8844,#7110,#7111);
#5828=AXIS2_PLACEMENT_3D('',#8848,#7113,#7114);
#5829=AXIS2_PLACEMENT_3D('',#8850,#7115,#7116);
#5830=AXIS2_PLACEMENT_3D('',#8854,#7119,#7120);
#5831=AXIS2_PLACEMENT_3D('',#8858,#7123,#7124);
#5832=AXIS2_PLACEMENT_3D('',#8868,#7130,#7131);
#5833=AXIS2_PLACEMENT_3D('',#8876,#7136,#7137);
#5834=AXIS2_PLACEMENT_3D('',#8880,#7140,#7141);
#5835=AXIS2_PLACEMENT_3D('',#8889,#7146,#7147);
#5836=AXIS2_PLACEMENT_3D('',#8893,#7149,#7150);
#5837=AXIS2_PLACEMENT_3D('',#8897,#7152,#7153);
#5838=AXIS2_PLACEMENT_3D('',#8898,#7154,#7155);
#5839=AXIS2_PLACEMENT_3D('',#8904,#7159,#7160);
#5840=AXIS2_PLACEMENT_3D('',#8909,#7164,#7165);
#5841=AXIS2_PLACEMENT_3D('',#8911,#7167,#7168);
#5842=AXIS2_PLACEMENT_3D('',#8917,#7172,#7173);
#5843=AXIS2_PLACEMENT_3D('',#8923,#7177,#7178);
#5844=AXIS2_PLACEMENT_3D('',#8930,#7183,#7184);
#5845=AXIS2_PLACEMENT_3D('',#8936,#7188,#7189);
#5846=AXIS2_PLACEMENT_3D('',#8937,#7190,#7191);
#5847=AXIS2_PLACEMENT_3D('',#8940,#7192,#7193);
#5848=AXIS2_PLACEMENT_3D('',#8942,#7194,#7195);
#5849=AXIS2_PLACEMENT_3D('',#8946,#7197,#7198);
#5850=AXIS2_PLACEMENT_3D('',#8948,#7199,#7200);
#5851=AXIS2_PLACEMENT_3D('',#8950,#7201,#7202);
#5852=AXIS2_PLACEMENT_3D('',#8954,#7204,#7205);
#5853=AXIS2_PLACEMENT_3D('',#8956,#7206,#7207);
#5854=AXIS2_PLACEMENT_3D('',#8957,#7208,#7209);
#5855=AXIS2_PLACEMENT_3D('',#8959,#7210,#7211);
#5856=AXIS2_PLACEMENT_3D('',#8963,#7213,#7214);
#5857=AXIS2_PLACEMENT_3D('',#8965,#7215,#7216);
#5858=AXIS2_PLACEMENT_3D('',#8967,#7217,#7218);
#5859=AXIS2_PLACEMENT_3D('',#8970,#7220,#7221);
#5860=AXIS2_PLACEMENT_3D('',#8974,#7223,#7224);
#5861=AXIS2_PLACEMENT_3D('',#8975,#7225,#7226);
#5862=AXIS2_PLACEMENT_3D('',#8976,#7227,#7228);
#5863=AXIS2_PLACEMENT_3D('',#8979,#7230,#7231);
#5864=AXIS2_PLACEMENT_3D('',#8980,#7232,#7233);
#5865=AXIS2_PLACEMENT_3D('',#8986,#7237,#7238);
#5866=AXIS2_PLACEMENT_3D('',#8987,#7239,#7240);
#5867=AXIS2_PLACEMENT_3D('',#8992,#7243,#7244);
#5868=AXIS2_PLACEMENT_3D('',#8996,#7247,#7248);
#5869=AXIS2_PLACEMENT_3D('',#8999,#7250,#7251);
#5870=AXIS2_PLACEMENT_3D('',#9000,#7252,#7253);
#5871=AXIS2_PLACEMENT_3D('',#9001,#7254,#7255);
#5872=AXIS2_PLACEMENT_3D('',#9004,#7256,#7257);
#5873=AXIS2_PLACEMENT_3D('',#9005,#7258,#7259);
#5874=AXIS2_PLACEMENT_3D('',#9007,#7260,#7261);
#5875=AXIS2_PLACEMENT_3D('',#9010,#7263,#7264);
#5876=AXIS2_PLACEMENT_3D('',#9011,#7265,#7266);
#5877=AXIS2_PLACEMENT_3D('',#9016,#7269,#7270);
#5878=AXIS2_PLACEMENT_3D('',#9019,#7272,#7273);
#5879=AXIS2_PLACEMENT_3D('',#9022,#7275,#7276);
#5880=AXIS2_PLACEMENT_3D('',#9023,#7277,#7278);
#5881=AXIS2_PLACEMENT_3D('',#9024,#7279,#7280);
#5882=AXIS2_PLACEMENT_3D('',#9025,#7281,#7282);
#5883=AXIS2_PLACEMENT_3D('',#9026,#7283,#7284);
#5884=AXIS2_PLACEMENT_3D('',#9031,#7286,#7287);
#5885=AXIS2_PLACEMENT_3D('',#9034,#7289,#7290);
#5886=AXIS2_PLACEMENT_3D('',#9035,#7291,#7292);
#5887=AXIS2_PLACEMENT_3D('',#9037,#7293,#7294);
#5888=AXIS2_PLACEMENT_3D('',#9038,#7295,#7296);
#5889=AXIS2_PLACEMENT_3D('',#9040,#7298,#7299);
#5890=AXIS2_PLACEMENT_3D('',#9044,#7302,#7303);
#5891=AXIS2_PLACEMENT_3D('',#9045,#7304,#7305);
#5892=AXIS2_PLACEMENT_3D('',#9046,#7306,#7307);
#5893=AXIS2_PLACEMENT_3D('',#9049,#7309,#7310);
#5894=AXIS2_PLACEMENT_3D('',#9050,#7311,#7312);
#5895=AXIS2_PLACEMENT_3D('',#9051,#7313,#7314);
#5896=AXIS2_PLACEMENT_3D('',#9052,#7315,#7316);
#5897=AXIS2_PLACEMENT_3D('',#9055,#7318,#7319);
#5898=AXIS2_PLACEMENT_3D('',#9059,#7322,#7323);
#5899=AXIS2_PLACEMENT_3D('',#9060,#7324,#7325);
#5900=AXIS2_PLACEMENT_3D('',#9061,#7326,#7327);
#5901=AXIS2_PLACEMENT_3D('',#9062,#7328,#7329);
#5902=AXIS2_PLACEMENT_3D('',#9063,#7330,#7331);
#5903=AXIS2_PLACEMENT_3D('',#9064,#7332,#7333);
#5904=AXIS2_PLACEMENT_3D('',#9067,#7336,#7337);
#5905=AXIS2_PLACEMENT_3D('',#9068,#7338,#7339);
#5906=AXIS2_PLACEMENT_3D('',#9070,#7341,#7342);
#5907=AXIS2_PLACEMENT_3D('',#9071,#7343,#7344);
#5908=AXIS2_PLACEMENT_3D('',#9072,#7345,#7346);
#5909=AXIS2_PLACEMENT_3D('',#9074,#7347,#7348);
#5910=AXIS2_PLACEMENT_3D('',#9077,#7350,#7351);
#5911=AXIS2_PLACEMENT_3D('',#9083,#7355,#7356);
#5912=AXIS2_PLACEMENT_3D('',#9084,#7357,#7358);
#5913=AXIS2_PLACEMENT_3D('',#9085,#7359,#7360);
#5914=AXIS2_PLACEMENT_3D('',#9086,#7361,#7362);
#5915=AXIS2_PLACEMENT_3D('',#9087,#7363,#7364);
#5916=AXIS2_PLACEMENT_3D('',#9094,#7369,#7370);
#5917=AXIS2_PLACEMENT_3D('',#9095,#7371,#7372);
#5918=AXIS2_PLACEMENT_3D('',#9097,#7373,#7374);
#5919=AXIS2_PLACEMENT_3D('',#9098,#7375,#7376);
#5920=AXIS2_PLACEMENT_3D('',#9099,#7377,#7378);
#5921=AXIS2_PLACEMENT_3D('',#9128,#7379,#7380);
#5922=AXIS2_PLACEMENT_3D('',#9138,#7381,#7382);
#5923=AXIS2_PLACEMENT_3D('',#9139,#7383,#7384);
#5924=AXIS2_PLACEMENT_3D('',#9144,#7387,#7388);
#5925=AXIS2_PLACEMENT_3D('',#9147,#7390,#7391);
#5926=AXIS2_PLACEMENT_3D('',#9148,#7392,#7393);
#5927=AXIS2_PLACEMENT_3D('',#9151,#7396,#7397);
#5928=AXIS2_PLACEMENT_3D('',#9155,#7400,#7401);
#5929=AXIS2_PLACEMENT_3D('',#9156,#7402,#7403);
#5930=AXIS2_PLACEMENT_3D('',#9159,#7405,#7406);
#5931=AXIS2_PLACEMENT_3D('',#9163,#7408,#7409);
#5932=AXIS2_PLACEMENT_3D('',#9166,#7411,#7412);
#5933=AXIS2_PLACEMENT_3D('',#9168,#7414,#7415);
#5934=AXIS2_PLACEMENT_3D('',#9170,#7417,#7418);
#5935=AXIS2_PLACEMENT_3D('',#9172,#7420,#7421);
#5936=AXIS2_PLACEMENT_3D('',#9174,#7423,#7424);
#5937=AXIS2_PLACEMENT_3D('',#9175,#7425,#7426);
#5938=AXIS2_PLACEMENT_3D('',#9176,#7427,#7428);
#5939=AXIS2_PLACEMENT_3D('',#9185,#7433,#7434);
#5940=AXIS2_PLACEMENT_3D('',#9199,#7442,#7443);
#5941=AXIS2_PLACEMENT_3D('',#9205,#7446,#7447);
#5942=AXIS2_PLACEMENT_3D('',#9206,#7448,#7449);
#5943=AXIS2_PLACEMENT_3D('',#9216,#7453,#7454);
#5944=AXIS2_PLACEMENT_3D('',#9218,#7456,#7457);
#5945=AXIS2_PLACEMENT_3D('',#9219,#7458,#7459);
#5946=AXIS2_PLACEMENT_3D('',#9220,#7460,#7461);
#5947=AXIS2_PLACEMENT_3D('',#9221,#7462,#7463);
#5948=AXIS2_PLACEMENT_3D('',#9225,#7466,#7467);
#5949=AXIS2_PLACEMENT_3D('',#9226,#7468,#7469);
#5950=AXIS2_PLACEMENT_3D('',#9228,#7470,#7471);
#5951=AXIS2_PLACEMENT_3D('',#9231,#7473,#7474);
#5952=AXIS2_PLACEMENT_3D('',#9240,#7480,#7481);
#5953=AXIS2_PLACEMENT_3D('',#9241,#7482,#7483);
#5954=AXIS2_PLACEMENT_3D('',#9242,#7484,#7485);
#5955=AXIS2_PLACEMENT_3D('',#9243,#7486,#7487);
#5956=AXIS2_PLACEMENT_3D('',#9244,#7488,#7489);
#5957=AXIS2_PLACEMENT_3D('',#9245,#7490,#7491);
#5958=AXIS2_PLACEMENT_3D('',#9249,#7493,#7494);
#5959=AXIS2_PLACEMENT_3D('',#9250,#7495,#7496);
#5960=AXIS2_PLACEMENT_3D('',#9256,#7500,#7501);
#5961=AXIS2_PLACEMENT_3D('',#9257,#7502,#7503);
#5962=AXIS2_PLACEMENT_3D('',#9258,#7504,#7505);
#5963=AXIS2_PLACEMENT_3D('',#9259,#7506,#7507);
#5964=AXIS2_PLACEMENT_3D('',#9260,#7508,#7509);
#5965=AXIS2_PLACEMENT_3D('',#9261,#7510,#7511);
#5966=AXIS2_PLACEMENT_3D('',#9262,#7512,#7513);
#5967=AXIS2_PLACEMENT_3D('',#9263,#7514,#7515);
#5968=AXIS2_PLACEMENT_3D('',#9264,#7516,#7517);
#5969=AXIS2_PLACEMENT_3D('',#9265,#7518,#7519);
#5970=AXIS2_PLACEMENT_3D('',#9268,#7521,#7522);
#5971=AXIS2_PLACEMENT_3D('',#9269,#7523,#7524);
#5972=AXIS2_PLACEMENT_3D('',#9270,#7525,#7526);
#5973=AXIS2_PLACEMENT_3D('',#9271,#7527,#7528);
#5974=AXIS2_PLACEMENT_3D('',#9272,#7529,#7530);
#5975=AXIS2_PLACEMENT_3D('',#9274,#7532,#7533);
#5976=AXIS2_PLACEMENT_3D('',#9275,#7534,#7535);
#5977=AXIS2_PLACEMENT_3D('',#9281,#7539,#7540);
#5978=AXIS2_PLACEMENT_3D('',#9282,#7541,#7542);
#5979=AXIS2_PLACEMENT_3D('',#9285,#7544,#7545);
#5980=AXIS2_PLACEMENT_3D('',#9289,#7548,#7549);
#5981=AXIS2_PLACEMENT_3D('',#9290,#7550,#7551);
#5982=AXIS2_PLACEMENT_3D('',#9291,#7552,#7553);
#5983=AXIS2_PLACEMENT_3D('',#9292,#7554,#7555);
#5984=AXIS2_PLACEMENT_3D('',#9293,#7556,#7557);
#5985=AXIS2_PLACEMENT_3D('',#9302,#7559,#7560);
#5986=AXIS2_PLACEMENT_3D('',#9310,#7562,#7563);
#5987=AXIS2_PLACEMENT_3D('',#9314,#7565,#7566);
#5988=AXIS2_PLACEMENT_3D('',#9322,#7568,#7569);
#5989=AXIS2_PLACEMENT_3D('',#9340,#7572,#7573);
#5990=AXIS2_PLACEMENT_3D('',#9345,#7576,#7577);
#5991=AXIS2_PLACEMENT_3D('',#9346,#7578,#7579);
#5992=AXIS2_PLACEMENT_3D('',#9352,#7583,#7584);
#5993=AXIS2_PLACEMENT_3D('',#9353,#7585,#7586);
#5994=AXIS2_PLACEMENT_3D('',#9355,#7587,#7588);
#5995=AXIS2_PLACEMENT_3D('',#9357,#7590,#7591);
#5996=AXIS2_PLACEMENT_3D('',#9359,#7593,#7594);
#5997=AXIS2_PLACEMENT_3D('',#9360,#7595,#7596);
#5998=AXIS2_PLACEMENT_3D('',#9361,#7597,#7598);
#5999=AXIS2_PLACEMENT_3D('',#9362,#7599,#7600);
#6000=AXIS2_PLACEMENT_3D('',#9363,#7601,#7602);
#6001=AXIS2_PLACEMENT_3D('',#9364,#7603,#7604);
#6002=AXIS2_PLACEMENT_3D('',#9365,#7605,#7606);
#6003=AXIS2_PLACEMENT_3D('',#9369,#7608,#7609);
#6004=AXIS2_PLACEMENT_3D('',#9373,#7611,#7612);
#6005=AXIS2_PLACEMENT_3D('',#9374,#7613,#7614);
#6006=AXIS2_PLACEMENT_3D('',#9375,#7615,#7616);
#6007=AXIS2_PLACEMENT_3D('',#9376,#7617,#7618);
#6008=AXIS2_PLACEMENT_3D('',#9377,#7619,#7620);
#6009=AXIS2_PLACEMENT_3D('',#9378,#7621,#7622);
#6010=AXIS2_PLACEMENT_3D('',#9379,#7623,#7624);
#6011=AXIS2_PLACEMENT_3D('',#9380,#7625,#7626);
#6012=AXIS2_PLACEMENT_3D('',#9381,#7627,#7628);
#6013=AXIS2_PLACEMENT_3D('',#9382,#7629,#7630);
#6014=AXIS2_PLACEMENT_3D('',#9383,#7631,#7632);
#6015=AXIS2_PLACEMENT_3D('',#9384,#7633,#7634);
#6016=AXIS2_PLACEMENT_3D('',#9387,#7636,#7637);
#6017=AXIS2_PLACEMENT_3D('',#9388,#7638,#7639);
#6018=AXIS2_PLACEMENT_3D('',#9391,#7641,#7642);
#6019=AXIS2_PLACEMENT_3D('',#9395,#7645,#7646);
#6020=AXIS2_PLACEMENT_3D('',#9396,#7647,#7648);
#6021=AXIS2_PLACEMENT_3D('',#9397,#7649,#7650);
#6022=AXIS2_PLACEMENT_3D('',#9403,#7651,#7652);
#6023=AXIS2_PLACEMENT_3D('',#9404,#7653,#7654);
#6024=AXIS2_PLACEMENT_3D('',#9405,#7655,#7656);
#6025=AXIS2_PLACEMENT_3D('',#9406,#7657,#7658);
#6026=AXIS2_PLACEMENT_3D('',#9407,#7659,#7660);
#6027=AXIS2_PLACEMENT_3D('',#9408,#7661,#7662);
#6028=AXIS2_PLACEMENT_3D('',#9410,#7664,#7665);
#6029=AXIS2_PLACEMENT_3D('',#9413,#7667,#7668);
#6030=AXIS2_PLACEMENT_3D('',#9416,#7670,#7671);
#6031=AXIS2_PLACEMENT_3D('',#9417,#7672,#7673);
#6032=AXIS2_PLACEMENT_3D('',#9423,#7676,#7677);
#6033=AXIS2_PLACEMENT_3D('',#9424,#7678,#7679);
#6034=AXIS2_PLACEMENT_3D('',#9426,#7681,#7682);
#6035=AXIS2_PLACEMENT_3D('',#9428,#7684,#7685);
#6036=AXIS2_PLACEMENT_3D('',#9429,#7686,#7687);
#6037=AXIS2_PLACEMENT_3D('',#9430,#7688,#7689);
#6038=AXIS2_PLACEMENT_3D('',#9432,#7690,#7691);
#6039=AXIS2_PLACEMENT_3D('',#9433,#7692,#7693);
#6040=AXIS2_PLACEMENT_3D('',#9435,#7694,#7695);
#6041=AXIS2_PLACEMENT_3D('',#9436,#7696,#7697);
#6042=AXIS2_PLACEMENT_3D('',#9437,#7698,#7699);
#6043=AXIS2_PLACEMENT_3D('',#9440,#7700,#7701);
#6044=AXIS2_PLACEMENT_3D('',#9441,#7702,#7703);
#6045=AXIS2_PLACEMENT_3D('',#9446,#7706,#7707);
#6046=AXIS2_PLACEMENT_3D('',#9447,#7708,#7709);
#6047=AXIS2_PLACEMENT_3D('',#9456,#7714,#7715);
#6048=AXIS2_PLACEMENT_3D('',#9457,#7716,#7717);
#6049=AXIS2_PLACEMENT_3D('',#9458,#7718,#7719);
#6050=AXIS2_PLACEMENT_3D('',#9462,#7722,#7723);
#6051=AXIS2_PLACEMENT_3D('',#9465,#7725,#7726);
#6052=AXIS2_PLACEMENT_3D('',#9473,#7730,#7731);
#6053=AXIS2_PLACEMENT_3D('',#9476,#7733,#7734);
#6054=AXIS2_PLACEMENT_3D('',#9482,#7738,#7739);
#6055=AXIS2_PLACEMENT_3D('',#9488,#7743,#7744);
#6056=AXIS2_PLACEMENT_3D('',#9489,#7745,#7746);
#6057=AXIS2_PLACEMENT_3D('',#9490,#7747,#7748);
#6058=AXIS2_PLACEMENT_3D('',#9493,#7751,#7752);
#6059=AXIS2_PLACEMENT_3D('',#9495,#7754,#7755);
#6060=AXIS2_PLACEMENT_3D('',#9496,#7756,#7757);
#6061=AXIS2_PLACEMENT_3D('',#9497,#7758,#7759);
#6062=AXIS2_PLACEMENT_3D('',#9498,#7760,#7761);
#6063=AXIS2_PLACEMENT_3D('',#9499,#7762,#7763);
#6064=AXIS2_PLACEMENT_3D('',#9501,#7765,#7766);
#6065=AXIS2_PLACEMENT_3D('',#9502,#7767,#7768);
#6066=AXIS2_PLACEMENT_3D('',#9504,#7769,#7770);
#6067=AXIS2_PLACEMENT_3D('',#9505,#7771,#7772);
#6068=AXIS2_PLACEMENT_3D('',#9507,#7773,#7774);
#6069=AXIS2_PLACEMENT_3D('',#9508,#7775,#7776);
#6070=AXIS2_PLACEMENT_3D('',#9510,#7777,#7778);
#6071=AXIS2_PLACEMENT_3D('',#9511,#7779,#7780);
#6072=AXIS2_PLACEMENT_3D('',#9513,#7781,#7782);
#6073=AXIS2_PLACEMENT_3D('',#9514,#7783,#7784);
#6074=AXIS2_PLACEMENT_3D('',#9516,#7785,#7786);
#6075=AXIS2_PLACEMENT_3D('',#9517,#7787,#7788);
#6076=AXIS2_PLACEMENT_3D('',#9519,#7789,#7790);
#6077=AXIS2_PLACEMENT_3D('',#9520,#7791,#7792);
#6078=AXIS2_PLACEMENT_3D('',#9522,#7793,#7794);
#6079=AXIS2_PLACEMENT_3D('',#9523,#7795,#7796);
#6080=AXIS2_PLACEMENT_3D('',#9525,#7797,#7798);
#6081=DIRECTION('',(0.,0.,1.));
#6082=DIRECTION('',(1.,0.,0.));
#6083=DIRECTION('',(0.,0.,1.));
#6084=DIRECTION('',(1.,0.,0.));
#6085=DIRECTION('',(0.,0.,1.));
#6086=DIRECTION('',(1.,0.,0.));
#6087=DIRECTION('',(0.,0.,-1.));
#6088=DIRECTION('',(1.,0.,0.));
#6089=DIRECTION('',(0.,0.,1.));
#6090=DIRECTION('',(1.,0.,0.));
#6091=DIRECTION('',(0.,0.,-1.));
#6092=DIRECTION('',(1.,0.,0.));
#6093=DIRECTION('',(0.,0.,-1.));
#6094=DIRECTION('',(-1.,0.,0.));
#6095=DIRECTION('',(0.,0.,1.));
#6096=DIRECTION('',(-0.764930472195935,-0.644112857119079,0.));
#6097=DIRECTION('',(0.,0.,1.));
#6098=DIRECTION('',(-0.764930472195935,-0.644112857119079,0.));
#6099=DIRECTION('',(0.,0.,1.));
#6100=DIRECTION('',(0.,0.,1.));
#6101=DIRECTION('',(-0.764930472195935,-0.644112857119079,0.));
#6102=DIRECTION('',(0.,0.,1.));
#6103=DIRECTION('',(0.,0.,-1.));
#6104=DIRECTION('',(1.,0.,0.));
#6105=DIRECTION('',(0.,0.,-1.));
#6106=DIRECTION('',(0.,0.,1.));
#6107=DIRECTION('',(0.764930472195929,0.644112857119087,0.));
#6108=DIRECTION('',(0.,0.,1.));
#6109=DIRECTION('',(0.764930472195929,0.644112857119087,0.));
#6110=DIRECTION('',(0.,0.,1.));
#6111=DIRECTION('',(0.,0.,1.));
#6112=DIRECTION('',(1.,0.,0.));
#6113=DIRECTION('',(-1.,0.,0.));
#6114=DIRECTION('',(0.,-1.,0.));
#6115=DIRECTION('',(0.,0.,1.));
#6116=DIRECTION('',(0.,-1.,0.));
#6117=DIRECTION('',(0.,0.,-1.));
#6118=DIRECTION('',(0.,1.,0.));
#6119=DIRECTION('',(0.,1.,0.));
#6120=DIRECTION('',(0.,0.,1.));
#6121=DIRECTION('',(0.,-1.,0.));
#6122=DIRECTION('',(0.,0.,1.));
#6123=DIRECTION('',(-1.,-8.88178419700118E-15,0.));
#6124=DIRECTION('',(0.,0.,1.));
#6125=DIRECTION('',(-1.,-8.88178419700118E-15,0.));
#6126=DIRECTION('',(0.,0.,1.));
#6127=DIRECTION('',(0.,0.,1.));
#6128=DIRECTION('',(1.,0.,0.));
#6129=DIRECTION('',(0.,-1.,0.));
#6130=DIRECTION('',(1.,0.,0.));
#6131=DIRECTION('',(-1.,0.,0.));
#6132=DIRECTION('',(0.,0.,1.));
#6133=DIRECTION('',(1.,0.,0.));
#6134=DIRECTION('',(0.,0.,1.));
#6135=DIRECTION('',(1.,0.,0.));
#6136=DIRECTION('',(0.,0.,1.));
#6137=DIRECTION('',(1.,0.,0.));
#6138=DIRECTION('',(0.,0.,1.));
#6139=DIRECTION('',(0.,0.,1.));
#6140=DIRECTION('',(1.,0.,0.));
#6141=DIRECTION('',(0.,-1.,0.));
#6142=DIRECTION('',(1.,0.,0.));
#6143=DIRECTION('',(1.,0.,0.));
#6144=DIRECTION('',(0.,0.,1.));
#6145=DIRECTION('',(1.,0.,0.));
#6146=DIRECTION('',(0.,0.,1.));
#6147=DIRECTION('',(1.,0.,0.));
#6148=DIRECTION('',(0.,0.,-1.));
#6149=DIRECTION('',(1.,0.,0.));
#6150=DIRECTION('',(0.,0.,1.));
#6151=DIRECTION('',(0.,0.,1.));
#6152=DIRECTION('',(1.,0.,0.));
#6153=DIRECTION('',(0.,0.,1.));
#6154=DIRECTION('',(-0.106584673289083,0.994303629390871,0.));
#6155=DIRECTION('',(-0.994303629390872,-0.106584673289083,0.));
#6156=DIRECTION('',(0.994303629390872,0.106584673289083,0.));
#6157=DIRECTION('',(0.994303629390872,0.106584673289083,0.));
#6158=DIRECTION('',(0.,0.,1.));
#6159=DIRECTION('',(0.106584673289083,-0.994303629390871,0.));
#6160=DIRECTION('',(0.994303629390871,0.106584673289083,0.));
#6161=DIRECTION('',(0.,0.,1.));
#6162=DIRECTION('',(1.,0.,0.));
#6163=DIRECTION('',(0.,0.,-1.));
#6164=DIRECTION('',(1.,0.,0.));
#6165=DIRECTION('',(1.,0.,0.));
#6166=DIRECTION('',(0.,0.,1.));
#6167=DIRECTION('',(1.,0.,0.));
#6168=DIRECTION('',(0.,-1.,0.));
#6169=DIRECTION('',(0.,0.,1.));
#6170=DIRECTION('',(1.,0.,0.));
#6171=DIRECTION('',(-1.,0.,0.));
#6172=DIRECTION('',(0.,0.,-1.));
#6173=DIRECTION('',(1.,0.,0.));
#6174=DIRECTION('',(-0.529909353531784,0.848054288969478,0.));
#6175=DIRECTION('',(0.,0.,1.));
#6176=DIRECTION('',(1.,0.,0.));
#6177=DIRECTION('',(1.,0.,0.));
#6178=DIRECTION('',(0.,0.,1.));
#6179=DIRECTION('',(1.,0.,0.));
#6180=DIRECTION('',(0.,0.,-1.));
#6181=DIRECTION('',(1.,0.,0.));
#6182=DIRECTION('',(0.,0.,1.));
#6183=DIRECTION('',(0.,0.,1.));
#6184=DIRECTION('',(0.,-1.,0.));
#6185=DIRECTION('',(1.,0.,0.));
#6186=DIRECTION('',(1.,0.,0.));
#6187=DIRECTION('',(0.,0.,1.));
#6188=DIRECTION('',(0.,0.,1.));
#6189=DIRECTION('',(1.,0.,0.));
#6190=DIRECTION('',(0.,0.,1.));
#6191=DIRECTION('',(1.,0.,0.));
#6192=DIRECTION('',(0.,0.,1.));
#6193=DIRECTION('',(0.848054288969478,0.529909353531784,0.));
#6194=DIRECTION('',(-0.529909353531784,0.848054288969478,0.));
#6195=DIRECTION('',(-0.529909353531784,0.848054288969478,0.));
#6196=DIRECTION('',(0.,0.,1.));
#6197=DIRECTION('',(0.,0.,1.));
#6198=DIRECTION('',(-0.881256714368748,0.472637919955645,0.));
#6199=DIRECTION('',(0.,0.,-1.));
#6200=DIRECTION('',(1.,0.,0.));
#6201=DIRECTION('',(0.,0.,1.));
#6202=DIRECTION('',(0.,1.,0.));
#6203=DIRECTION('',(-1.,0.,0.));
#6204=DIRECTION('',(-1.,0.,0.));
#6205=DIRECTION('',(0.,0.,1.));
#6206=DIRECTION('',(0.,0.,1.));
#6207=DIRECTION('',(-1.77635683940029E-14,1.,0.));
#6208=DIRECTION('',(0.,0.,1.));
#6209=DIRECTION('',(-1.77635683940029E-14,1.,0.));
#6210=DIRECTION('',(0.,0.,1.));
#6211=DIRECTION('',(-1.,0.,0.));
#6212=DIRECTION('',(0.,-1.,0.));
#6213=DIRECTION('',(0.,-1.,0.));
#6214=DIRECTION('',(0.,0.,1.));
#6215=DIRECTION('',(0.,0.,1.));
#6216=DIRECTION('',(-1.,7.1054273576011E-15,0.));
#6217=DIRECTION('',(0.,0.,1.));
#6218=DIRECTION('',(-1.,7.1054273576011E-15,0.));
#6219=DIRECTION('',(0.,0.,1.));
#6220=DIRECTION('',(0.,-1.,0.));
#6221=DIRECTION('',(1.,0.,0.));
#6222=DIRECTION('',(1.,0.,0.));
#6223=DIRECTION('',(0.,0.,1.));
#6224=DIRECTION('',(1.,0.,0.));
#6225=DIRECTION('',(0.,0.,1.));
#6226=DIRECTION('',(1.,0.,0.));
#6227=DIRECTION('',(0.,-1.,0.));
#6228=DIRECTION('',(0.,0.,-1.));
#6229=DIRECTION('',(1.,0.,0.));
#6230=DIRECTION('',(-0.999257507042362,-0.0385283612353863,0.));
#6231=DIRECTION('',(-0.500806896646542,0.865559040315136,0.));
#6232=DIRECTION('',(0.,0.,-1.));
#6233=DIRECTION('',(1.,0.,0.));
#6234=DIRECTION('',(1.,3.77247470867639E-16,0.));
#6235=DIRECTION('',(0.,0.,1.));
#6236=DIRECTION('',(-1.,0.,0.));
#6237=DIRECTION('',(0.,0.,1.));
#6238=DIRECTION('',(-1.,0.,0.));
#6239=DIRECTION('',(0.,0.,1.));
#6240=DIRECTION('',(0.,0.,1.));
#6241=DIRECTION('',(3.77247470867639E-16,-1.,0.));
#6242=DIRECTION('',(1.,3.77247470867639E-16,0.));
#6243=DIRECTION('',(1.,3.77247470867639E-16,0.));
#6244=DIRECTION('',(0.,0.,1.));
#6245=DIRECTION('',(0.,0.,1.));
#6246=DIRECTION('',(-0.881256714368748,0.472637919955645,0.));
#6247=DIRECTION('',(0.,0.,-1.));
#6248=DIRECTION('',(1.,0.,0.));
#6249=DIRECTION('',(0.,0.,1.));
#6250=DIRECTION('',(0.865559040315136,0.500806896646542,0.));
#6251=DIRECTION('',(-0.500806896646542,0.865559040315136,0.));
#6252=DIRECTION('',(-0.500806896646542,0.865559040315136,0.));
#6253=DIRECTION('',(0.,0.,1.));
#6254=DIRECTION('',(-0.0385283612353863,0.999257507042362,0.));
#6255=DIRECTION('',(-0.999257507042362,-0.0385283612353863,0.));
#6256=DIRECTION('',(-0.999257507042362,-0.0385283612353863,0.));
#6257=DIRECTION('',(0.,0.,1.));
#6258=DIRECTION('',(0.,0.,1.));
#6259=DIRECTION('',(-0.70325865643371,-0.710934077218875,0.));
#6260=DIRECTION('',(0.,0.,-1.));
#6261=DIRECTION('',(-0.70325865643371,-0.710934077218875,0.));
#6262=DIRECTION('',(0.,0.,1.));
#6263=DIRECTION('',(-1.,0.,0.));
#6264=DIRECTION('',(0.,-1.,0.));
#6265=DIRECTION('',(0.,-1.,0.));
#6266=DIRECTION('',(0.,0.,1.));
#6267=DIRECTION('',(1.,0.,0.));
#6268=DIRECTION('',(0.,0.,1.));
#6269=DIRECTION('',(1.,0.,0.));
#6270=DIRECTION('',(0.,0.,1.));
#6271=DIRECTION('',(1.,0.,0.));
#6272=DIRECTION('',(0.,0.,1.));
#6273=DIRECTION('',(1.,0.,0.));
#6274=DIRECTION('',(0.,0.,1.));
#6275=DIRECTION('',(1.,0.,0.));
#6276=DIRECTION('',(0.,0.,1.));
#6277=DIRECTION('',(1.,0.,0.));
#6278=DIRECTION('',(0.,0.,1.));
#6279=DIRECTION('',(1.,0.,0.));
#6280=DIRECTION('',(0.,0.,1.));
#6281=DIRECTION('',(1.,0.,0.));
#6282=DIRECTION('',(0.110339208339249,-0.993893987859403,0.));
#6283=DIRECTION('',(-0.993893987859403,-0.110339208339249,0.));
#6284=DIRECTION('',(0.,0.,1.));
#6285=DIRECTION('',(-0.247910830539636,0.968782854978941,0.));
#6286=DIRECTION('',(0.968782854978941,0.247910830539636,0.));
#6287=DIRECTION('',(-0.247910830539636,0.968782854978941,0.));
#6288=DIRECTION('',(0.927510314634728,-0.373797560513961,0.));
#6289=DIRECTION('',(-0.264314789830412,-0.655848833098685,0.707106781186546));
#6290=DIRECTION('',(0.927038774316469,-0.37496547962955,0.));
#6291=DIRECTION('',(-0.37496547962955,-0.927038774316469,-1.88737764480747E-15));
#6292=DIRECTION('',(0.927510314634728,-0.373797560513961,0.));
#6293=DIRECTION('',(-0.927510314634726,0.373797560513965,0.));
#6294=DIRECTION('',(-0.373797560513965,-0.927510314634726,0.));
#6295=DIRECTION('',(-0.927510314634728,0.373797560513961,0.));
#6296=DIRECTION('',(-0.927510314634728,0.373797560513961,0.));
#6297=DIRECTION('',(0.,0.,1.));
#6298=DIRECTION('',(1.,0.,0.));
#6299=DIRECTION('',(0.,0.,1.));
#6300=DIRECTION('',(1.,0.,0.));
#6301=DIRECTION('',(0.,0.,1.));
#6302=DIRECTION('',(1.,0.,0.));
#6303=DIRECTION('',(0.,0.,1.));
#6304=DIRECTION('',(1.,0.,0.));
#6305=DIRECTION('',(0.,0.,1.));
#6306=DIRECTION('',(1.,0.,0.));
#6307=DIRECTION('',(0.,0.,1.));
#6308=DIRECTION('',(1.,0.,0.));
#6309=DIRECTION('',(0.,0.,1.));
#6310=DIRECTION('',(1.,0.,0.));
#6311=DIRECTION('',(0.,0.,1.));
#6312=DIRECTION('',(1.,0.,0.));
#6313=DIRECTION('',(0.,0.,1.));
#6314=DIRECTION('',(1.,0.,0.));
#6315=DIRECTION('',(0.,0.,-1.));
#6316=DIRECTION('',(1.,0.,0.));
#6317=DIRECTION('',(0.,0.,1.));
#6318=DIRECTION('',(1.,0.,0.));
#6319=DIRECTION('',(0.,0.,1.));
#6320=DIRECTION('',(1.,0.,0.));
#6321=DIRECTION('',(0.35513786551907,-0.934813936820884,0.));
#6322=DIRECTION('',(0.,0.,-1.));
#6323=DIRECTION('',(0.774965381795739,-0.63200368433909,0.));
#6324=DIRECTION('',(-0.632003684339091,-0.774965381795738,0.));
#6325=DIRECTION('',(0.,0.,-1.));
#6326=DIRECTION('',(-0.159848555025145,-0.987141549858162,0.));
#6327=DIRECTION('',(-0.987141549858161,0.159848555025146,0.));
#6328=DIRECTION('',(0.,0.,-1.));
#6329=DIRECTION('',(-0.934813936820884,-0.355137865519069,0.));
#6330=DIRECTION('',(-0.35513786551907,0.934813936820884,0.));
#6331=DIRECTION('',(0.,0.,-1.));
#6332=DIRECTION('',(-0.774965381795738,0.632003684339091,0.));
#6333=DIRECTION('',(0.632003684339091,0.774965381795738,0.));
#6334=DIRECTION('',(0.,0.,-1.));
#6335=DIRECTION('',(0.159848555025146,0.987141549858161,0.));
#6336=DIRECTION('',(0.987141549858161,-0.159848555025145,0.));
#6337=DIRECTION('',(0.,0.,-1.));
#6338=DIRECTION('',(0.934813936820883,0.355137865519071,0.));
#6339=DIRECTION('',(0.,0.,-1.));
#6340=DIRECTION('',(-1.,1.22464679914735E-16,0.));
#6341=DIRECTION('',(0.,0.,1.));
#6342=DIRECTION('',(1.,0.,0.));
#6343=DIRECTION('',(0.,0.,1.));
#6344=DIRECTION('',(-1.,1.22464679914735E-16,0.));
#6345=DIRECTION('',(0.,0.,1.));
#6346=DIRECTION('',(1.,0.,0.));
#6347=DIRECTION('',(0.,0.,1.));
#6348=DIRECTION('',(-1.,0.,0.));
#6349=DIRECTION('',(0.,0.,-1.));
#6350=DIRECTION('',(0.774965381795739,-0.63200368433909,0.));
#6351=DIRECTION('',(0.35513786551907,-0.934813936820884,0.));
#6352=DIRECTION('',(0.,0.,-1.));
#6353=DIRECTION('',(0.934813936820883,0.355137865519071,0.));
#6354=DIRECTION('',(0.987141549858161,-0.159848555025145,0.));
#6355=DIRECTION('',(0.,0.,-1.));
#6356=DIRECTION('',(0.159848555025146,0.987141549858161,0.));
#6357=DIRECTION('',(0.632003684339091,0.774965381795738,0.));
#6358=DIRECTION('',(0.,0.,-1.));
#6359=DIRECTION('',(-0.774965381795738,0.632003684339091,0.));
#6360=DIRECTION('',(-0.35513786551907,0.934813936820884,0.));
#6361=DIRECTION('',(0.,0.,-1.));
#6362=DIRECTION('',(-0.934813936820884,-0.355137865519069,0.));
#6363=DIRECTION('',(-0.987141549858161,0.159848555025146,0.));
#6364=DIRECTION('',(0.,0.,-1.));
#6365=DIRECTION('',(-0.159848555025145,-0.987141549858162,0.));
#6366=DIRECTION('',(-0.632003684339091,-0.774965381795738,0.));
#6367=DIRECTION('',(0.,0.,-1.));
#6368=DIRECTION('',(0.774965381795739,-0.63200368433909,0.));
#6369=DIRECTION('',(0.,0.,-1.));
#6370=DIRECTION('',(0.,0.,-1.));
#6371=DIRECTION('',(0.774965381795738,-0.632003684339091,0.));
#6372=DIRECTION('',(-0.632003684339091,-0.774965381795738,0.));
#6373=DIRECTION('',(0.,0.,-1.));
#6374=DIRECTION('',(0.,0.,-1.));
#6375=DIRECTION('',(-0.159848555025145,-0.987141549858162,0.));
#6376=DIRECTION('',(0.,0.,-1.));
#6377=DIRECTION('',(-0.159848555025146,-0.987141549858161,0.));
#6378=DIRECTION('',(-0.987141549858161,0.159848555025146,0.));
#6379=DIRECTION('',(0.,0.,-1.));
#6380=DIRECTION('',(0.,0.,-1.));
#6381=DIRECTION('',(-0.934813936820884,-0.355137865519069,0.));
#6382=DIRECTION('',(0.,0.,-1.));
#6383=DIRECTION('',(-0.934813936820884,-0.35513786551907,0.));
#6384=DIRECTION('',(-0.35513786551907,0.934813936820884,0.));
#6385=DIRECTION('',(0.,0.,-1.));
#6386=DIRECTION('',(0.,0.,-1.));
#6387=DIRECTION('',(-0.774965381795738,0.632003684339091,0.));
#6388=DIRECTION('',(0.,0.,-1.));
#6389=DIRECTION('',(-0.774965381795738,0.632003684339091,0.));
#6390=DIRECTION('',(0.632003684339091,0.774965381795738,0.));
#6391=DIRECTION('',(0.,0.,-1.));
#6392=DIRECTION('',(0.,0.,-1.));
#6393=DIRECTION('',(0.159848555025146,0.987141549858161,0.));
#6394=DIRECTION('',(0.,0.,-1.));
#6395=DIRECTION('',(0.159848555025145,0.987141549858161,0.));
#6396=DIRECTION('',(0.987141549858161,-0.159848555025145,0.));
#6397=DIRECTION('',(0.,0.,-1.));
#6398=DIRECTION('',(0.,0.,-1.));
#6399=DIRECTION('',(0.934813936820883,0.355137865519071,0.));
#6400=DIRECTION('',(0.,0.,-1.));
#6401=DIRECTION('',(0.934813936820884,0.35513786551907,0.));
#6402=DIRECTION('',(0.35513786551907,-0.934813936820884,0.));
#6403=DIRECTION('',(0.,0.,1.));
#6404=DIRECTION('',(0.904435320033078,-0.426610773277778,0.));
#6405=DIRECTION('',(0.,0.,1.));
#6406=DIRECTION('',(0.904435320033078,-0.426610773277778,0.));
#6407=DIRECTION('',(0.,0.,1.));
#6408=DIRECTION('',(0.,0.,-1.));
#6409=DIRECTION('',(-1.,0.,0.));
#6410=DIRECTION('',(0.,0.,1.));
#6411=DIRECTION('',(0.337667312419848,0.941265523708989,0.));
#6412=DIRECTION('',(-0.941265523708989,0.337667312419848,0.));
#6413=DIRECTION('',(-0.941265523708989,0.337667312419848,0.));
#6414=DIRECTION('',(0.941265523708989,-0.337667312419848,0.));
#6415=DIRECTION('',(0.,0.,-1.));
#6416=DIRECTION('',(0.,0.,-1.));
#6417=DIRECTION('',(0.,0.,1.));
#6418=DIRECTION('',(-1.,0.,0.));
#6419=DIRECTION('',(0.,0.,-1.));
#6420=DIRECTION('',(1.,0.,0.));
#6421=DIRECTION('',(-0.859223349644303,0.511600660111012,0.));
#6422=DIRECTION('',(0.,0.,1.));
#6423=DIRECTION('',(1.,0.,0.));
#6424=DIRECTION('',(0.,0.,1.));
#6425=DIRECTION('',(0.99780372677069,-0.0662398886059092,0.));
#6426=DIRECTION('',(0.,0.,-1.));
#6427=DIRECTION('',(1.,0.,0.));
#6428=DIRECTION('',(-0.511600660111012,-0.859223349644303,0.));
#6429=DIRECTION('',(0.859223349644303,-0.511600660111012,0.));
#6430=DIRECTION('',(0.859223349644303,-0.511600660111012,0.));
#6431=DIRECTION('',(0.,0.,1.));
#6432=DIRECTION('',(0.,0.,1.));
#6433=DIRECTION('',(0.,0.,1.));
#6434=DIRECTION('',(-0.168454724211748,0.985709392209866,0.));
#6435=DIRECTION('',(0.,0.,-1.));
#6436=DIRECTION('',(-0.168454724211748,0.985709392209866,0.));
#6437=DIRECTION('',(0.,0.,-1.));
#6438=DIRECTION('',(0.,0.,1.));
#6439=DIRECTION('',(1.,0.,0.));
#6440=DIRECTION('',(0.,0.,-1.));
#6441=DIRECTION('',(-0.877120226543678,-0.480270869601694,0.));
#6442=DIRECTION('',(0.,0.,-1.));
#6443=DIRECTION('',(-0.877120226543678,-0.480270869601693,0.));
#6444=DIRECTION('',(0.,0.,1.));
#6445=DIRECTION('',(1.,0.,0.));
#6446=DIRECTION('',(0.,0.,1.));
#6447=DIRECTION('',(0.,0.,1.));
#6448=DIRECTION('',(-1.,0.,0.));
#6449=DIRECTION('',(0.,0.,-1.));
#6450=DIRECTION('',(1.,0.,0.));
#6451=DIRECTION('',(0.,0.,-1.));
#6452=DIRECTION('',(1.,0.,0.));
#6453=DIRECTION('',(0.,0.,-1.));
#6454=DIRECTION('',(1.,0.,0.));
#6455=DIRECTION('',(0.,0.,1.));
#6456=DIRECTION('',(-1.,0.,0.));
#6457=DIRECTION('',(0.,0.,1.));
#6458=DIRECTION('',(0.858158461347381,-0.513384899678492,0.));
#6459=DIRECTION('',(0.,0.,1.));
#6460=DIRECTION('',(1.,0.,0.));
#6461=DIRECTION('',(0.,0.,-1.));
#6462=DIRECTION('',(0.798904430478721,0.601457987694461,0.));
#6463=DIRECTION('',(0.,0.,-1.));
#6464=DIRECTION('',(-0.252585074565505,0.967574689678651,0.));
#6465=DIRECTION('',(-0.188948017366521,0.981987090919866,0.));
#6466=DIRECTION('',(0.,0.,1.));
#6467=DIRECTION('',(-1.,0.,0.));
#6468=DIRECTION('',(0.,0.,1.));
#6469=DIRECTION('',(1.,0.,0.));
#6470=DIRECTION('',(0.,0.,1.));
#6471=DIRECTION('',(1.,0.,0.));
#6472=DIRECTION('',(0.,0.,-1.));
#6473=DIRECTION('',(1.,0.,0.));
#6474=DIRECTION('',(-0.0023328802626447,0.999997278831138,0.));
#6475=DIRECTION('',(0.,0.,1.));
#6476=DIRECTION('',(1.,0.,0.));
#6477=DIRECTION('',(0.,0.,1.));
#6478=DIRECTION('',(0.99780372677069,-0.0662398886059092,0.));
#6479=DIRECTION('',(0.,0.,-1.));
#6480=DIRECTION('',(1.,0.,0.));
#6481=DIRECTION('',(0.,0.,1.));
#6482=DIRECTION('',(1.,0.,0.));
#6483=DIRECTION('',(0.,0.,1.));
#6484=DIRECTION('',(0.99780372677069,-0.0662398886059092,0.));
#6485=DIRECTION('',(0.,0.,1.));
#6486=DIRECTION('',(-1.,0.,0.));
#6487=DIRECTION('',(0.,0.,-1.));
#6488=DIRECTION('',(1.,0.,0.));
#6489=DIRECTION('',(-0.188948017366521,0.981987090919866,0.));
#6490=DIRECTION('',(0.,0.,-1.));
#6491=DIRECTION('',(-0.258819045102521,-0.965925826289068,0.));
#6492=DIRECTION('',(0.0023328802626447,-0.999997278831138,0.));
#6493=DIRECTION('',(0.999997278831138,0.0023328802626447,0.));
#6494=DIRECTION('',(0.0023328802626447,-0.999997278831138,0.));
#6495=DIRECTION('',(0.,0.,1.));
#6496=DIRECTION('',(0.,0.,-1.));
#6497=DIRECTION('',(0.,0.,1.));
#6498=DIRECTION('',(-1.,0.,0.));
#6499=DIRECTION('',(0.30061910643198,-0.953744280637131,0.));
#6500=DIRECTION('',(0.,0.,-1.));
#6501=DIRECTION('',(1.,0.,0.));
#6502=DIRECTION('',(0.,0.,1.));
#6503=DIRECTION('',(-0.336449284422715,-0.941701587028207,0.));
#6504=DIRECTION('',(0.,0.,-1.));
#6505=DIRECTION('',(1.,0.,0.));
#6506=DIRECTION('',(0.,0.,-1.));
#6507=DIRECTION('',(0.,0.,1.));
#6508=DIRECTION('',(1.,0.,0.));
#6509=DIRECTION('',(0.,0.,-1.));
#6510=DIRECTION('',(0.,0.,-1.));
#6511=DIRECTION('',(1.,0.,0.));
#6512=DIRECTION('',(0.,0.,1.));
#6513=DIRECTION('',(0.,0.,1.));
#6514=DIRECTION('',(1.,0.,0.));
#6515=DIRECTION('',(0.,0.,1.));
#6516=DIRECTION('',(1.,0.,0.));
#6517=DIRECTION('',(0.,0.,1.));
#6518=DIRECTION('',(-0.373797560513961,-0.927510314634728,0.));
#6519=DIRECTION('',(0.927510314634728,-0.373797560513961,0.));
#6520=DIRECTION('',(0.,0.,-1.));
#6521=DIRECTION('',(-0.927510314634728,0.373797560513961,0.));
#6522=DIRECTION('',(0.927510314634728,-0.373797560513961,0.));
#6523=DIRECTION('',(0.,0.,1.));
#6524=DIRECTION('',(-0.991464271247167,-0.130378674791259,0.));
#6525=DIRECTION('',(0.130378674791259,-0.991464271247167,0.));
#6526=DIRECTION('',(0.,0.,1.));
#6527=DIRECTION('',(0.130378674791259,-0.991464271247167,0.));
#6528=DIRECTION('',(-0.991464271247167,-0.130378674791259,0.));
#6529=DIRECTION('',(-0.0921916450670263,0.701071109503048,-0.707106781186548));
#6530=DIRECTION('',(0.,0.,1.));
#6531=DIRECTION('',(0.130378674791259,-0.991464271247167,0.));
#6532=DIRECTION('',(0.,0.,-1.));
#6533=DIRECTION('',(-0.991464271247167,-0.130378674791259,0.));
#6534=DIRECTION('',(0.0921916450670091,-0.701071109503053,-0.707106781186545));
#6535=DIRECTION('',(0.130378674791259,-0.991464271247167,0.));
#6536=DIRECTION('',(0.,0.,-1.));
#6537=DIRECTION('',(-0.130378674791259,0.991464271247167,0.));
#6538=DIRECTION('',(0.,0.,1.));
#6539=DIRECTION('',(-1.,0.,0.));
#6540=DIRECTION('',(0.,0.,1.));
#6541=DIRECTION('',(-0.84787029785946,0.530203694826536,0.));
#6542=DIRECTION('',(0.,0.,1.));
#6543=DIRECTION('',(-1.,0.,0.));
#6544=DIRECTION('',(-0.778152759280503,0.628075061775374,0.));
#6545=DIRECTION('',(-0.37496547962955,-0.927038774316469,0.));
#6546=DIRECTION('',(0.,0.,-1.));
#6547=DIRECTION('',(-0.991464271247166,-0.13037867479126,0.));
#6548=DIRECTION('',(0.,0.,1.));
#6549=DIRECTION('',(-0.545995687117899,-0.837787986097111,0.));
#6550=DIRECTION('',(0.0298821297894108,0.999553429446995,0.));
#6551=DIRECTION('',(0.927038774316469,-0.37496547962955,0.));
#6552=DIRECTION('',(0.37496547962955,0.927038774316469,0.));
#6553=DIRECTION('',(-0.37496547962955,-0.927038774316469,0.));
#6554=DIRECTION('',(0.,0.,-1.));
#6555=DIRECTION('',(0.37496547962955,0.927038774316469,0.));
#6556=DIRECTION('',(0.,0.,1.));
#6557=DIRECTION('',(0.,0.,1.));
#6558=DIRECTION('',(-1.,0.,0.));
#6559=DIRECTION('',(0.,0.,1.));
#6560=DIRECTION('',(-0.783102435425426,0.621892736435124,0.));
#6561=DIRECTION('',(0.,0.,1.));
#6562=DIRECTION('',(-1.,0.,0.));
#6563=DIRECTION('',(0.,0.,1.));
#6564=DIRECTION('',(0.903767844950951,0.428022992878553,0.));
#6565=DIRECTION('',(-0.154898417811734,-0.987930402487656,0.));
#6566=DIRECTION('',(0.,0.,1.));
#6567=DIRECTION('',(0.455388316141555,-0.890292918943962,0.));
#6568=DIRECTION('',(0.,0.,1.));
#6569=DIRECTION('',(-0.991464271247166,-0.13037867479126,0.));
#6570=DIRECTION('',(0.,0.,1.));
#6571=DIRECTION('',(0.377926633760914,-0.92583554667886,0.));
#6572=DIRECTION('',(-0.116406259460886,-0.993201682820929,0.));
#6573=DIRECTION('',(0.,0.,1.));
#6574=DIRECTION('',(0.934301338828672,0.356484232839199,0.));
#6575=DIRECTION('',(0.,0.,1.));
#6576=DIRECTION('',(1.,0.,0.));
#6577=DIRECTION('',(0.155790469394188,-0.987790124290549,0.));
#6578=DIRECTION('',(0.778152759280503,-0.628075061775374,0.));
#6579=DIRECTION('',(0.,0.,1.));
#6580=DIRECTION('',(-1.,0.,0.));
#6581=DIRECTION('',(0.,0.,1.));
#6582=DIRECTION('',(-0.84787029785946,0.530203694826536,0.));
#6583=DIRECTION('',(-0.0298821297894108,-0.999553429446995,0.));
#6584=DIRECTION('',(0.,0.,1.));
#6585=DIRECTION('',(-0.545995687117899,-0.837787986097111,0.));
#6586=DIRECTION('',(0.,0.,1.));
#6587=DIRECTION('',(-0.991464271247166,-0.13037867479126,0.));
#6588=DIRECTION('',(0.,0.,1.));
#6589=DIRECTION('',(-0.644811816945493,-0.764341364003972,0.));
#6590=DIRECTION('',(0.0682051745550463,0.997671315696666,0.));
#6591=DIRECTION('',(0.,0.,1.));
#6592=DIRECTION('',(0.995198138799579,-0.0978808690697696,0.));
#6593=DIRECTION('',(0.,0.,1.));
#6594=DIRECTION('',(0.,0.,-1.));
#6595=DIRECTION('',(1.,0.,0.));
#6596=DIRECTION('',(0.,0.,1.));
#6597=DIRECTION('',(0.,0.,-1.));
#6598=DIRECTION('',(1.,0.,0.));
#6599=DIRECTION('',(0.,0.,1.));
#6600=DIRECTION('',(-0.336449284422715,-0.941701587028207,0.));
#6601=DIRECTION('',(0.,0.,-1.));
#6602=DIRECTION('',(0.,0.,1.));
#6603=DIRECTION('',(1.,0.,0.));
#6604=DIRECTION('',(0.,0.,-1.));
#6605=DIRECTION('',(1.,0.,0.));
#6606=DIRECTION('',(-0.999553429446995,0.0298821297894108,0.));
#6607=DIRECTION('',(0.0298821297894108,0.999553429446995,0.));
#6608=DIRECTION('',(0.,0.,1.));
#6609=DIRECTION('',(-0.0298821297894108,-0.999553429446995,0.));
#6610=DIRECTION('',(0.,0.,-1.));
#6611=DIRECTION('',(-0.0298821297894108,-0.999553429446995,0.));
#6612=DIRECTION('',(-0.628075061775374,-0.778152759280503,0.));
#6613=DIRECTION('',(-0.778152759280503,0.628075061775374,0.));
#6614=DIRECTION('',(0.,0.,1.));
#6615=DIRECTION('',(0.778152759280503,-0.628075061775374,0.));
#6616=DIRECTION('',(0.,0.,-1.));
#6617=DIRECTION('',(0.778152759280503,-0.628075061775374,0.));
#6618=DIRECTION('',(0.,0.,1.));
#6619=DIRECTION('',(-0.712946897886612,0.701218026575086,0.));
#6620=DIRECTION('',(0.,0.,-1.));
#6621=DIRECTION('',(0.,0.,-1.));
#6622=DIRECTION('',(1.,0.,0.));
#6623=DIRECTION('',(0.,0.,-1.));
#6624=DIRECTION('',(1.,0.,0.));
#6625=DIRECTION('',(0.,0.,1.));
#6626=DIRECTION('',(0.995198138799579,-0.0978808690697696,0.));
#6627=DIRECTION('',(0.,0.,1.));
#6628=DIRECTION('',(0.,0.,1.));
#6629=DIRECTION('',(1.,0.,0.));
#6630=DIRECTION('',(0.,0.,-1.));
#6631=DIRECTION('',(-0.987790124290549,-0.155790469394188,0.));
#6632=DIRECTION('',(0.155790469394188,-0.987790124290549,0.));
#6633=DIRECTION('',(0.155790469394188,-0.987790124290549,0.));
#6634=DIRECTION('',(-0.628075061775374,-0.778152759280503,0.));
#6635=DIRECTION('',(-0.778152759280503,0.628075061775374,0.));
#6636=DIRECTION('',(0.,0.,-1.));
#6637=DIRECTION('',(0.,0.,1.));
#6638=DIRECTION('',(0.455388316141555,-0.890292918943962,0.));
#6639=DIRECTION('',(0.,0.,-1.));
#6640=DIRECTION('',(1.,0.,0.));
#6641=DIRECTION('',(0.,0.,-1.));
#6642=DIRECTION('',(0.,0.,1.));
#6643=DIRECTION('',(0.997671315696666,-0.0682051745550463,0.));
#6644=DIRECTION('',(-0.0682051745550463,-0.997671315696666,0.));
#6645=DIRECTION('',(0.,0.,1.));
#6646=DIRECTION('',(0.,0.,-1.));
#6647=DIRECTION('',(-0.0682051745550463,-0.997671315696666,0.));
#6648=DIRECTION('',(0.,0.,-1.));
#6649=DIRECTION('',(-0.644811816945493,-0.764341364003972,0.));
#6650=DIRECTION('',(0.,0.,1.));
#6651=DIRECTION('',(0.,0.,-1.));
#6652=DIRECTION('',(1.,0.,0.));
#6653=DIRECTION('',(-0.987930402487656,0.154898417811734,0.));
#6654=DIRECTION('',(0.154898417811734,0.987930402487656,0.));
#6655=DIRECTION('',(0.,0.,-1.));
#6656=DIRECTION('',(0.154898417811734,0.987930402487656,0.));
#6657=DIRECTION('',(0.,0.,-1.));
#6658=DIRECTION('',(0.903767844950951,0.428022992878553,0.));
#6659=DIRECTION('',(0.,0.,1.));
#6660=DIRECTION('',(0.,0.,-1.));
#6661=DIRECTION('',(1.,0.,0.));
#6662=DIRECTION('',(0.,0.,-1.));
#6663=DIRECTION('',(0.116695347754027,0.993167758141879,0.));
#6664=DIRECTION('',(0.,0.,-1.));
#6665=DIRECTION('',(0.,0.,-1.));
#6666=DIRECTION('',(1.,0.,0.));
#6667=DIRECTION('',(0.,0.,1.));
#6668=DIRECTION('',(-0.783102435425426,0.621892736435124,0.));
#6669=DIRECTION('',(0.,0.,-1.));
#6670=DIRECTION('',(1.,0.,0.));
#6671=DIRECTION('',(0.,0.,1.));
#6672=DIRECTION('',(0.377926633760914,-0.92583554667886,0.));
#6673=DIRECTION('',(0.,0.,-1.));
#6674=DIRECTION('',(1.,0.,0.));
#6675=DIRECTION('',(0.,0.,-1.));
#6676=DIRECTION('',(0.,0.,-1.));
#6677=DIRECTION('',(1.,0.,0.));
#6678=DIRECTION('',(0.,0.,1.));
#6679=DIRECTION('',(0.993201682820929,-0.116406259460886,0.));
#6680=DIRECTION('',(-0.116406259460886,-0.993201682820929,0.));
#6681=DIRECTION('',(0.,0.,-1.));
#6682=DIRECTION('',(0.116406259460886,0.993201682820929,0.));
#6683=DIRECTION('',(-0.116406259460886,-0.993201682820929,0.));
#6684=DIRECTION('',(0.,0.,-1.));
#6685=DIRECTION('',(0.934301338828672,0.356484232839199,0.));
#6686=DIRECTION('',(0.,0.,-1.));
#6687=DIRECTION('',(1.,0.,0.));
#6688=DIRECTION('',(0.,0.,-1.));
#6689=DIRECTION('',(1.,0.,0.));
#6690=DIRECTION('',(0.,0.,1.));
#6691=DIRECTION('',(-0.991464271247166,-0.13037867479126,0.));
#6692=DIRECTION('',(0.,0.,-1.));
#6693=DIRECTION('',(0.,0.,-1.));
#6694=DIRECTION('',(1.,0.,0.));
#6695=DIRECTION('',(0.,0.,1.));
#6696=DIRECTION('',(1.,0.,0.));
#6697=DIRECTION('',(0.,0.,-1.));
#6698=DIRECTION('',(-0.991464271247166,-0.13037867479126,0.));
#6699=DIRECTION('',(0.,0.,1.));
#6700=DIRECTION('',(0.377926633760914,-0.92583554667886,0.));
#6701=DIRECTION('',(0.,0.,1.));
#6702=DIRECTION('',(0.377926633760914,-0.92583554667886,0.));
#6703=DIRECTION('',(0.,0.,1.));
#6704=DIRECTION('',(0.993201682820929,-0.116406259460886,0.));
#6705=DIRECTION('',(-0.116406259460886,-0.993201682820929,0.));
#6706=DIRECTION('',(0.,0.,-1.));
#6707=DIRECTION('',(-0.116406259460886,-0.993201682820929,0.));
#6708=DIRECTION('',(0.,0.,1.));
#6709=DIRECTION('',(-1.,0.,0.));
#6710=DIRECTION('',(0.,0.,1.));
#6711=DIRECTION('',(0.934301338828672,0.356484232839199,0.));
#6712=DIRECTION('',(0.,0.,-1.));
#6713=DIRECTION('',(0.934301338828672,0.356484232839199,0.));
#6714=DIRECTION('',(-0.999553429446995,0.0298821297894108,0.));
#6715=DIRECTION('',(0.0298821297894108,0.999553429446995,0.));
#6716=DIRECTION('',(0.,0.,1.));
#6717=DIRECTION('',(0.,0.,-1.));
#6718=DIRECTION('',(0.,0.,-1.));
#6719=DIRECTION('',(-0.545995687117899,-0.837787986097111,0.));
#6720=DIRECTION('',(0.,0.,1.));
#6721=DIRECTION('',(0.,0.,1.));
#6722=DIRECTION('',(-0.991464271247166,-0.13037867479126,0.));
#6723=DIRECTION('',(0.,0.,1.));
#6724=DIRECTION('',(0.,0.,-1.));
#6725=DIRECTION('',(1.,0.,0.));
#6726=DIRECTION('',(0.,0.,1.));
#6727=DIRECTION('',(1.,0.,0.));
#6728=DIRECTION('',(0.,0.,-1.));
#6729=DIRECTION('',(-0.545995687117899,-0.837787986097111,0.));
#6730=DIRECTION('',(0.,0.,-1.));
#6731=DIRECTION('',(1.,0.,0.));
#6732=DIRECTION('',(0.,0.,-1.));
#6733=DIRECTION('',(1.,0.,0.));
#6734=DIRECTION('',(0.,0.,1.));
#6735=DIRECTION('',(-1.,0.,0.));
#6736=DIRECTION('',(0.,0.,-1.));
#6737=DIRECTION('',(1.,0.,0.));
#6738=DIRECTION('',(0.,0.,-1.));
#6739=DIRECTION('',(1.,0.,0.));
#6740=DIRECTION('',(0.,0.,-1.));
#6741=DIRECTION('',(1.,0.,0.));
#6742=DIRECTION('',(0.,0.,1.));
#6743=DIRECTION('',(1.,0.,0.));
#6744=DIRECTION('',(-0.813149037255333,-0.582055532755016,0.));
#6745=DIRECTION('',(0.,0.,1.));
#6746=DIRECTION('',(0.995198138799579,-0.0978808690697696,0.));
#6747=DIRECTION('',(0.,0.,-1.));
#6748=DIRECTION('',(0.,0.,-1.));
#6749=DIRECTION('',(1.,0.,0.));
#6750=DIRECTION('',(0.,0.,1.));
#6751=DIRECTION('',(-0.84787029785946,0.530203694826536,0.));
#6752=DIRECTION('',(0.,0.,-1.));
#6753=DIRECTION('',(1.,0.,0.));
#6754=DIRECTION('',(0.,0.,1.));
#6755=DIRECTION('',(0.995198138799579,-0.0978808690697696,0.));
#6756=DIRECTION('',(0.,0.,-1.));
#6757=DIRECTION('',(0.,0.,1.));
#6758=DIRECTION('',(-0.84787029785946,0.530203694826536,0.));
#6759=DIRECTION('',(0.,0.,1.));
#6760=DIRECTION('',(-1.,0.,0.));
#6761=DIRECTION('',(-0.33869287803943,-0.940896983928298,0.));
#6762=DIRECTION('',(0.,0.,-1.));
#6763=DIRECTION('',(1.,0.,0.));
#6764=DIRECTION('',(-0.364039451883072,0.931383528667258,0.));
#6765=DIRECTION('',(0.,0.,-1.));
#6766=DIRECTION('',(1.,0.,0.));
#6767=DIRECTION('',(0.,0.,1.));
#6768=DIRECTION('',(1.,0.,0.));
#6769=DIRECTION('',(0.,0.,-1.));
#6770=DIRECTION('',(0.99780372677069,-0.0662398886059092,0.));
#6771=DIRECTION('',(0.,0.,1.));
#6772=DIRECTION('',(0.99780372677069,-0.0662398886059092,0.));
#6773=DIRECTION('',(-0.953744280637135,-0.300619106431966,0.));
#6774=DIRECTION('',(0.300619106431966,-0.953744280637135,0.));
#6775=DIRECTION('',(-0.300619106431966,0.953744280637135,0.));
#6776=DIRECTION('',(0.,0.,1.));
#6777=DIRECTION('',(0.300619106431966,-0.953744280637135,0.));
#6778=DIRECTION('',(0.,0.,1.));
#6779=DIRECTION('',(0.,0.,1.));
#6780=DIRECTION('',(-1.,0.,0.));
#6781=DIRECTION('',(0.,0.,-1.));
#6782=DIRECTION('',(1.,0.,0.));
#6783=DIRECTION('',(0.,0.,-1.));
#6784=DIRECTION('',(1.,0.,0.));
#6785=DIRECTION('',(-0.364039451883072,0.931383528667258,0.));
#6786=DIRECTION('',(0.,0.,1.));
#6787=DIRECTION('',(1.,0.,0.));
#6788=DIRECTION('',(0.364039451883072,-0.931383528667258,0.));
#6789=DIRECTION('',(0.,0.,1.));
#6790=DIRECTION('',(1.,0.,0.));
#6791=DIRECTION('',(0.,0.,-1.));
#6792=DIRECTION('',(1.,0.,0.));
#6793=DIRECTION('',(-0.221786377158517,0.975095278886582,0.));
#6794=DIRECTION('',(0.931383528667258,0.364039451883072,0.));
#6795=DIRECTION('',(-0.364039451883072,0.931383528667258,0.));
#6796=DIRECTION('',(-0.364039451883072,0.931383528667258,0.));
#6797=DIRECTION('',(0.,0.,-1.));
#6798=DIRECTION('',(0.,0.,-1.));
#6799=DIRECTION('',(-0.931383528667258,-0.364039451883072,0.));
#6800=DIRECTION('',(0.364039451883072,-0.931383528667258,0.));
#6801=DIRECTION('',(0.,0.,1.));
#6802=DIRECTION('',(-0.364039451883072,0.931383528667258,0.));
#6803=DIRECTION('',(0.,0.,1.));
#6804=DIRECTION('',(0.,0.,1.));
#6805=DIRECTION('',(0.,0.,1.));
#6806=DIRECTION('',(0.988105596690028,-0.153776883145173,0.));
#6807=DIRECTION('',(0.,0.,1.));
#6808=DIRECTION('',(0.,0.,1.));
#6809=DIRECTION('',(1.,0.,0.));
#6810=DIRECTION('',(0.,0.,-1.));
#6811=DIRECTION('',(0.,0.,1.));
#6812=DIRECTION('',(1.,0.,0.));
#6813=DIRECTION('',(0.931383528667258,0.364039451883072,0.));
#6814=DIRECTION('',(-0.364039451883072,0.931383528667258,0.));
#6815=DIRECTION('',(0.364039451883072,-0.931383528667258,0.));
#6816=DIRECTION('',(0.364039451883072,-0.931383528667258,0.));
#6817=DIRECTION('',(0.,0.,-1.));
#6818=DIRECTION('',(-0.953744280637135,-0.300619106431966,0.));
#6819=DIRECTION('',(0.300619106431966,-0.953744280637135,0.));
#6820=DIRECTION('',(-0.300619106431966,0.953744280637135,0.));
#6821=DIRECTION('',(0.,0.,1.));
#6822=DIRECTION('',(-0.300619106431966,0.953744280637135,0.));
#6823=DIRECTION('',(0.,0.,1.));
#6824=DIRECTION('',(0.,0.,-1.));
#6825=DIRECTION('',(-0.32739569012185,0.944887327722008,0.));
#6826=DIRECTION('',(0.,0.,-1.));
#6827=DIRECTION('',(0.,0.,1.));
#6828=DIRECTION('',(1.,0.,0.));
#6829=DIRECTION('',(0.,0.,1.));
#6830=DIRECTION('',(0.,0.,1.));
#6831=DIRECTION('',(-1.,0.,0.));
#6832=DIRECTION('',(-0.911076946502379,-0.412236337010582,0.));
#6833=DIRECTION('',(0.412236337010582,-0.911076946502378,0.));
#6834=DIRECTION('',(0.,0.,1.));
#6835=DIRECTION('',(0.412236337010582,-0.911076946502379,0.));
#6836=DIRECTION('',(0.,0.,-1.));
#6837=DIRECTION('',(0.412236337010582,-0.911076946502379,0.));
#6838=DIRECTION('',(0.,0.,1.));
#6839=DIRECTION('',(-1.,0.,0.));
#6840=DIRECTION('',(0.,0.,1.));
#6841=DIRECTION('',(1.,0.,0.));
#6842=DIRECTION('',(0.30061910643198,-0.953744280637131,0.));
#6843=DIRECTION('',(0.,0.,-1.));
#6844=DIRECTION('',(1.,0.,0.));
#6845=DIRECTION('',(0.,0.,1.));
#6846=DIRECTION('',(1.,0.,0.));
#6847=DIRECTION('',(-0.412236337010582,0.911076946502379,0.));
#6848=DIRECTION('',(0.,0.,1.));
#6849=DIRECTION('',(1.,0.,0.));
#6850=DIRECTION('',(0.,0.,1.));
#6851=DIRECTION('',(1.,0.,0.));
#6852=DIRECTION('',(0.,0.,-1.));
#6853=DIRECTION('',(1.,0.,0.));
#6854=DIRECTION('',(0.,0.,1.));
#6855=DIRECTION('',(0.711237472928959,-0.7029518170555,0.));
#6856=DIRECTION('',(0.,0.,1.));
#6857=DIRECTION('',(0.711237472928959,-0.7029518170555,0.));
#6858=DIRECTION('',(0.,0.,1.));
#6859=DIRECTION('',(0.,0.,1.));
#6860=DIRECTION('',(0.711237472928959,-0.7029518170555,0.));
#6861=DIRECTION('',(0.,0.,-1.));
#6862=DIRECTION('',(-0.975095278886582,-0.221786377158517,0.));
#6863=DIRECTION('',(-0.221786377158517,0.975095278886582,0.));
#6864=DIRECTION('',(0.,0.,-1.));
#6865=DIRECTION('',(-0.221786377158517,0.975095278886582,0.));
#6866=DIRECTION('',(0.221786377158517,-0.975095278886582,0.));
#6867=DIRECTION('',(0.,0.,1.));
#6868=DIRECTION('',(-1.,0.,0.));
#6869=DIRECTION('',(0.,0.,1.));
#6870=DIRECTION('',(0.723873505642079,0.689932712537568,0.));
#6871=DIRECTION('',(0.,0.,-1.));
#6872=DIRECTION('',(1.,0.,0.));
#6873=DIRECTION('',(0.,0.,-1.));
#6874=DIRECTION('',(1.,0.,0.));
#6875=DIRECTION('',(0.,0.,-1.));
#6876=DIRECTION('',(0.723873505642079,0.689932712537568,0.));
#6877=DIRECTION('',(0.,0.,1.));
#6878=DIRECTION('',(0.723873505642079,0.689932712537568,0.));
#6879=DIRECTION('',(-0.975095278886582,-0.221786377158517,0.));
#6880=DIRECTION('',(-0.221786377158517,0.975095278886582,0.));
#6881=DIRECTION('',(0.,0.,-1.));
#6882=DIRECTION('',(0.,0.,1.));
#6883=DIRECTION('',(-0.221786377158517,0.975095278886582,0.));
#6884=DIRECTION('',(0.,0.,1.));
#6885=DIRECTION('',(0.711237472928959,-0.7029518170555,0.));
#6886=DIRECTION('',(0.,0.,-1.));
#6887=DIRECTION('',(0.,0.,-1.));
#6888=DIRECTION('',(1.,0.,0.));
#6889=DIRECTION('',(0.,0.,1.));
#6890=DIRECTION('',(0.988105596690028,-0.153776883145173,0.));
#6891=DIRECTION('',(0.,0.,1.));
#6892=DIRECTION('',(0.,0.,-1.));
#6893=DIRECTION('',(1.,0.,0.));
#6894=DIRECTION('',(0.,0.,-1.));
#6895=DIRECTION('',(0.723873505642079,0.689932712537568,0.));
#6896=DIRECTION('',(0.,0.,-1.));
#6897=DIRECTION('',(1.,0.,0.));
#6898=DIRECTION('',(0.,0.,-1.));
#6899=DIRECTION('',(-0.126693589582779,-0.991941900697128,0.));
#6900=DIRECTION('',(0.,0.,-1.));
#6901=DIRECTION('',(-0.126693589582779,-0.991941900697128,0.));
#6902=DIRECTION('',(0.,0.,-1.));
#6903=DIRECTION('',(1.,0.,0.));
#6904=DIRECTION('',(0.,0.,1.));
#6905=DIRECTION('',(-0.911076946502379,-0.412236337010582,0.));
#6906=DIRECTION('',(0.412236337010582,-0.911076946502378,0.));
#6907=DIRECTION('',(0.,0.,1.));
#6908=DIRECTION('',(0.,0.,-1.));
#6909=DIRECTION('',(0.412236337010582,-0.911076946502378,0.));
#6910=DIRECTION('',(0.,0.,-1.));
#6911=DIRECTION('',(-0.126693589582779,-0.991941900697128,0.));
#6912=DIRECTION('',(0.,0.,1.));
#6913=DIRECTION('',(0.,0.,1.));
#6914=DIRECTION('',(-0.126693589582779,-0.991941900697128,0.));
#6915=DIRECTION('',(0.,0.,1.));
#6916=DIRECTION('',(0.988105596690028,-0.153776883145173,0.));
#6917=DIRECTION('',(0.,0.,-1.));
#6918=DIRECTION('',(0.,0.,1.));
#6919=DIRECTION('',(-1.,0.,0.));
#6920=DIRECTION('',(0.,0.,1.));
#6921=DIRECTION('',(-0.995528119189275,0.0944656757953149,0.));
#6922=DIRECTION('',(0.,0.,1.));
#6923=DIRECTION('',(-0.995528119189275,0.0944656757953149,0.));
#6924=DIRECTION('',(0.,0.,1.));
#6925=DIRECTION('',(-1.,0.,0.));
#6926=DIRECTION('',(0.,0.,-1.));
#6927=DIRECTION('',(-0.995528119189275,0.0944656757953149,0.));
#6928=DIRECTION('',(0.,0.,1.));
#6929=DIRECTION('',(-1.,0.,0.));
#6930=DIRECTION('',(-0.30061910643198,0.953744280637131,0.));
#6931=DIRECTION('',(0.,0.,1.));
#6932=DIRECTION('',(1.,0.,0.));
#6933=DIRECTION('',(0.,0.,-1.));
#6934=DIRECTION('',(-1.,0.,0.));
#6935=DIRECTION('',(0.,0.,1.));
#6936=DIRECTION('',(0.988105596690028,-0.153776883145173,0.));
#6937=DIRECTION('',(0.,0.,-1.));
#6938=DIRECTION('',(0.,0.,-1.));
#6939=DIRECTION('',(1.,0.,0.));
#6940=DIRECTION('',(0.,0.,1.));
#6941=DIRECTION('',(-0.995528119189275,0.0944656757953149,0.));
#6942=DIRECTION('',(0.,0.,-1.));
#6943=DIRECTION('',(1.,0.,0.));
#6944=DIRECTION('',(0.,0.,1.));
#6945=DIRECTION('',(0.962395936951822,-0.271650622194436,0.));
#6946=DIRECTION('',(0.,0.,-1.));
#6947=DIRECTION('',(0.,0.,-1.));
#6948=DIRECTION('',(1.,0.,0.));
#6949=DIRECTION('',(0.,0.,1.));
#6950=DIRECTION('',(1.,0.,0.));
#6951=DIRECTION('',(0.,0.,1.));
#6952=DIRECTION('',(0.823951564336328,-0.566660232968327,0.));
#6953=DIRECTION('',(0.,0.,-1.));
#6954=DIRECTION('',(1.,0.,0.));
#6955=DIRECTION('',(0.,0.,1.));
#6956=DIRECTION('',(0.823951564336328,-0.566660232968327,0.));
#6957=DIRECTION('',(0.,0.,1.));
#6958=DIRECTION('',(0.,0.,1.));
#6959=DIRECTION('',(0.962395936951822,-0.271650622194436,0.));
#6960=DIRECTION('',(0.,0.,1.));
#6961=DIRECTION('',(0.,0.,1.));
#6962=DIRECTION('',(-1.,0.,0.));
#6963=DIRECTION('',(0.,0.,1.));
#6964=DIRECTION('',(0.,0.,-1.));
#6965=DIRECTION('',(1.,0.,0.));
#6966=DIRECTION('',(0.,0.,1.));
#6967=DIRECTION('',(-0.220069530171767,-0.975484188436685,0.));
#6968=DIRECTION('',(0.,0.,-1.));
#6969=DIRECTION('',(1.,0.,0.));
#6970=DIRECTION('',(0.,0.,-1.));
#6971=DIRECTION('',(0.,0.,1.));
#6972=DIRECTION('',(-0.220069530171767,-0.975484188436685,0.));
#6973=DIRECTION('',(0.,0.,1.));
#6974=DIRECTION('',(-1.,0.,0.));
#6975=DIRECTION('',(0.,0.,-1.));
#6976=DIRECTION('',(1.,0.,0.));
#6977=DIRECTION('',(0.400246389666255,-0.916407566293038,0.));
#6978=DIRECTION('',(0.,0.,-1.));
#6979=DIRECTION('',(1.,0.,0.));
#6980=DIRECTION('',(0.379015487990566,-0.925390328382177,0.));
#6981=DIRECTION('',(0.,0.,-1.));
#6982=DIRECTION('',(1.,0.,0.));
#6983=DIRECTION('',(0.925390328382177,0.379015487990566,0.));
#6984=DIRECTION('',(-0.379015487990566,0.925390328382177,0.));
#6985=DIRECTION('',(0.,0.,-1.));
#6986=DIRECTION('',(0.379015487990566,-0.925390328382177,0.));
#6987=DIRECTION('',(0.,0.,-1.));
#6988=DIRECTION('',(0.602092303338471,0.798426488952223,0.));
#6989=DIRECTION('',(0.,0.,1.));
#6990=DIRECTION('',(0.602092303338471,0.798426488952223,0.));
#6991=DIRECTION('',(0.,0.,1.));
#6992=DIRECTION('',(-1.,0.,0.));
#6993=DIRECTION('',(0.,0.,1.));
#6994=DIRECTION('',(-0.981839122194919,0.189715413521176,0.));
#6995=DIRECTION('',(0.,0.,-1.));
#6996=DIRECTION('',(1.,0.,0.));
#6997=DIRECTION('',(0.400246389666255,-0.916407566293038,0.));
#6998=DIRECTION('',(-0.916407566293038,-0.400246389666255,0.));
#6999=DIRECTION('',(0.400246389666255,-0.916407566293038,0.));
#7000=DIRECTION('',(0.,0.,1.));
#7001=DIRECTION('',(0.,0.,-1.));
#7002=DIRECTION('',(-0.981839122194919,0.189715413521176,0.));
#7003=DIRECTION('',(0.,0.,1.));
#7004=DIRECTION('',(1.,0.,0.));
#7005=DIRECTION('',(0.,0.,1.));
#7006=DIRECTION('',(-0.991101295158811,-0.133109814568751,0.));
#7007=DIRECTION('',(0.,0.,1.));
#7008=DIRECTION('',(1.,0.,0.));
#7009=DIRECTION('',(0.,0.,1.));
#7010=DIRECTION('',(1.,0.,0.));
#7011=DIRECTION('',(0.,0.,1.));
#7012=DIRECTION('',(1.,0.,0.));
#7013=DIRECTION('',(0.,0.,1.));
#7014=DIRECTION('',(1.,0.,0.));
#7015=DIRECTION('',(1.,0.,0.));
#7016=DIRECTION('',(0.,1.,0.));
#7017=DIRECTION('',(0.,0.,1.));
#7018=DIRECTION('',(1.,0.,0.));
#7019=DIRECTION('',(0.993893987859403,0.110339208339249,0.));
#7020=DIRECTION('',(0.,0.,1.));
#7021=DIRECTION('',(1.,0.,0.));
#7022=DIRECTION('',(0.699912088673102,-0.714229002581985,0.));
#7023=DIRECTION('',(0.,0.,-1.));
#7024=DIRECTION('',(1.,0.,0.));
#7025=DIRECTION('',(-0.720666165226,-0.693282250096202,0.));
#7026=DIRECTION('',(0.,0.,-1.));
#7027=DIRECTION('',(-0.846169628432782,-0.532913651465158,0.));
#7028=DIRECTION('',(-0.686593210884777,0.727041788872505,0.));
#7029=DIRECTION('',(0.,0.,1.));
#7030=DIRECTION('',(-0.336449284422715,-0.941701587028207,0.));
#7031=DIRECTION('',(0.,1.,0.));
#7032=DIRECTION('',(1.,0.,0.));
#7033=DIRECTION('',(0.,-1.,0.));
#7034=DIRECTION('',(1.,0.,0.));
#7035=DIRECTION('',(0.,1.,0.));
#7036=DIRECTION('',(1.,0.,0.));
#7037=DIRECTION('',(0.,-1.,0.));
#7038=DIRECTION('',(-0.992303236347944,0.,-0.123831688728679));
#7039=DIRECTION('',(0.,-1.,0.));
#7040=DIRECTION('',(0.,-1.,0.));
#7041=DIRECTION('',(1.,0.,0.));
#7042=DIRECTION('',(0.,1.,0.));
#7043=DIRECTION('',(0.,1.,0.));
#7044=DIRECTION('',(0.,1.,0.));
#7045=DIRECTION('',(1.,0.,0.));
#7046=DIRECTION('',(0.,1.,0.));
#7047=DIRECTION('',(0.,-1.,0.));
#7048=DIRECTION('',(1.,0.,0.));
#7049=DIRECTION('',(0.,-1.,0.));
#7050=DIRECTION('',(0.,-1.,0.));
#7051=DIRECTION('',(1.,0.,0.));
#7052=DIRECTION('',(0.,-1.,0.));
#7053=DIRECTION('',(1.,0.,0.));
#7054=DIRECTION('',(0.,1.,0.));
#7055=DIRECTION('',(0.,-1.,0.));
#7056=DIRECTION('',(1.,0.,0.));
#7057=DIRECTION('',(0.,-1.,0.));
#7058=DIRECTION('',(0.,1.,0.));
#7059=DIRECTION('',(1.,0.,0.));
#7060=DIRECTION('',(0.,1.,0.));
#7061=DIRECTION('',(1.,0.,0.));
#7062=DIRECTION('',(0.958899544232408,0.,0.283745773661708));
#7063=DIRECTION('',(0.,1.,0.));
#7064=DIRECTION('',(1.,0.,0.));
#7065=DIRECTION('',(-1.,0.,0.));
#7066=DIRECTION('',(0.,-1.,0.));
#7067=DIRECTION('',(1.,0.,0.));
#7068=DIRECTION('',(0.,-1.,0.));
#7069=DIRECTION('',(0.,1.,0.));
#7070=DIRECTION('',(-1.,0.,0.));
#7071=DIRECTION('',(0.,-1.,0.));
#7072=DIRECTION('',(0.,1.,0.));
#7073=DIRECTION('',(1.,0.,0.));
#7074=DIRECTION('',(0.,1.,0.));
#7075=DIRECTION('',(1.,0.,0.));
#7076=DIRECTION('',(0.,-1.,0.));
#7077=DIRECTION('',(1.,0.,0.));
#7078=DIRECTION('',(0.,1.,0.));
#7079=DIRECTION('',(1.,0.,0.));
#7080=DIRECTION('',(0.,-1.,0.));
#7081=DIRECTION('',(1.,0.,0.));
#7082=DIRECTION('',(0.,1.,0.));
#7083=DIRECTION('',(1.,0.,0.));
#7084=DIRECTION('',(0.,-1.,0.));
#7085=DIRECTION('',(1.,0.,0.));
#7086=DIRECTION('',(0.,1.,0.));
#7087=DIRECTION('',(0.,0.,1.));
#7088=DIRECTION('',(0.,1.,0.));
#7089=DIRECTION('',(1.,0.,0.));
#7090=DIRECTION('',(0.,1.,0.));
#7091=DIRECTION('',(1.,0.,0.));
#7092=DIRECTION('',(0.,1.,0.));
#7093=DIRECTION('',(0.,0.,-1.));
#7094=DIRECTION('',(0.,0.,1.));
#7095=DIRECTION('',(-1.,0.,0.));
#7096=DIRECTION('',(-1.,0.,0.));
#7097=DIRECTION('',(0.283745773661708,0.,-0.958899544232407));
#7098=DIRECTION('',(0.958899544232408,0.,0.283745773661708));
#7099=DIRECTION('',(0.958899544232408,0.,0.283745773661708));
#7100=DIRECTION('',(0.,0.,-1.));
#7101=DIRECTION('',(1.,0.,0.));
#7102=DIRECTION('',(0.,0.,1.));
#7103=DIRECTION('',(1.,0.,0.));
#7104=DIRECTION('',(0.,0.,-1.));
#7105=DIRECTION('',(1.,0.,0.));
#7106=DIRECTION('',(0.,0.,-1.));
#7107=DIRECTION('',(1.,0.,0.));
#7108=DIRECTION('',(0.,0.,-1.));
#7109=DIRECTION('',(-1.,0.,0.));
#7110=DIRECTION('',(0.,0.,1.));
#7111=DIRECTION('',(-1.,0.,0.));
#7112=DIRECTION('',(2.20983082461882E-16,-1.,0.));
#7113=DIRECTION('',(0.,0.,-1.));
#7114=DIRECTION('',(1.,0.,0.));
#7115=DIRECTION('',(0.,0.,1.));
#7116=DIRECTION('',(1.,0.,0.));
#7117=DIRECTION('',(-0.188948017366521,0.981987090919866,0.));
#7118=DIRECTION('',(-0.993893987859403,-0.110339208339249,0.));
#7119=DIRECTION('',(0.,1.,0.));
#7120=DIRECTION('',(1.,0.,0.));
#7121=DIRECTION('',(0.,0.,-1.));
#7122=DIRECTION('',(1.,0.,0.));
#7123=DIRECTION('',(1.,2.20983082461882E-16,0.));
#7124=DIRECTION('',(-2.20983082461882E-16,1.,0.));
#7125=DIRECTION('',(0.,0.,1.));
#7126=DIRECTION('',(2.20983082461882E-16,-1.,0.));
#7127=DIRECTION('',(0.,0.,1.));
#7128=DIRECTION('',(-2.20983082461882E-16,1.,0.));
#7129=DIRECTION('',(0.,0.,1.));
#7130=DIRECTION('',(-1.,0.,0.));
#7131=DIRECTION('',(0.,-1.,0.));
#7132=DIRECTION('',(0.,0.,1.));
#7133=DIRECTION('',(0.,-1.,0.));
#7134=DIRECTION('',(0.,0.,1.));
#7135=DIRECTION('',(0.,1.,0.));
#7136=DIRECTION('',(0.,1.,0.));
#7137=DIRECTION('',(-1.,0.,0.));
#7138=DIRECTION('',(0.,0.,1.));
#7139=DIRECTION('',(-1.,0.,0.));
#7140=DIRECTION('',(1.,0.,0.));
#7141=DIRECTION('',(0.,1.,0.));
#7142=DIRECTION('',(0.,1.,0.));
#7143=DIRECTION('',(0.,0.,1.));
#7144=DIRECTION('',(0.,1.,0.));
#7145=DIRECTION('',(0.,0.,1.));
#7146=DIRECTION('',(0.,0.,1.));
#7147=DIRECTION('',(-1.,0.,0.));
#7148=DIRECTION('',(0.,0.,1.));
#7149=DIRECTION('',(0.,0.,-1.));
#7150=DIRECTION('',(1.,0.,0.));
#7151=DIRECTION('',(0.,0.,-1.));
#7152=DIRECTION('',(0.,0.,-1.));
#7153=DIRECTION('',(1.,0.,0.));
#7154=DIRECTION('',(-1.,-7.93606088148268E-16,0.));
#7155=DIRECTION('',(7.93606088148268E-16,-1.,0.));
#7156=DIRECTION('',(7.93606088148268E-16,-1.,0.));
#7157=DIRECTION('',(0.,0.,-1.));
#7158=DIRECTION('',(7.93606088148268E-16,-1.,0.));
#7159=DIRECTION('',(0.,-1.,0.));
#7160=DIRECTION('',(1.,0.,0.));
#7161=DIRECTION('',(1.,0.,0.));
#7162=DIRECTION('',(1.,0.,0.));
#7163=DIRECTION('',(0.,0.,1.));
#7164=DIRECTION('',(-1.,0.,0.));
#7165=DIRECTION('',(0.,-1.,0.));
#7166=DIRECTION('',(0.,-1.,0.));
#7167=DIRECTION('',(0.,-1.,0.));
#7168=DIRECTION('',(1.,0.,0.));
#7169=DIRECTION('',(-1.,0.,0.));
#7170=DIRECTION('',(-1.,0.,0.));
#7171=DIRECTION('',(0.,0.,1.));
#7172=DIRECTION('',(1.,0.,0.));
#7173=DIRECTION('',(0.,1.,0.));
#7174=DIRECTION('',(0.,-1.,0.));
#7175=DIRECTION('',(0.,-1.,0.));
#7176=DIRECTION('',(0.,0.,1.));
#7177=DIRECTION('',(-0.110339208339249,0.993893987859403,0.));
#7178=DIRECTION('',(-0.993893987859403,-0.110339208339249,0.));
#7179=DIRECTION('',(0.993893987859403,0.110339208339249,0.));
#7180=DIRECTION('',(0.,0.,-1.));
#7181=DIRECTION('',(0.993893987859403,0.110339208339249,0.));
#7182=DIRECTION('',(0.,0.,1.));
#7183=DIRECTION('',(-1.,-7.93606088148268E-16,0.));
#7184=DIRECTION('',(7.93606088148268E-16,-1.,0.));
#7185=DIRECTION('',(-7.93606088148268E-16,1.,0.));
#7186=DIRECTION('',(0.,0.,-1.));
#7187=DIRECTION('',(-7.93606088148268E-16,1.,0.));
#7188=DIRECTION('',(0.,0.,1.));
#7189=DIRECTION('',(-1.,0.,0.));
#7190=DIRECTION('',(0.,0.,1.));
#7191=DIRECTION('',(0.696627607863488,-0.717432906941405,0.));
#7192=DIRECTION('',(0.,0.,1.));
#7193=DIRECTION('',(-1.,0.,0.));
#7194=DIRECTION('',(0.,0.,1.));
#7195=DIRECTION('',(-0.994034481416758,-0.109066263136302,0.));
#7196=DIRECTION('',(0.475969322120215,0.879461883426691,0.));
#7197=DIRECTION('',(0.,0.,1.));
#7198=DIRECTION('',(-0.123702864797995,0.992319304075442,0.));
#7199=DIRECTION('',(0.,0.,1.));
#7200=DIRECTION('',(-1.,0.,0.));
#7201=DIRECTION('',(0.,0.,1.));
#7202=DIRECTION('',(-0.0860582537230365,0.996290106829402,0.));
#7203=DIRECTION('',(-0.411112495222018,-0.911584618273217,0.));
#7204=DIRECTION('',(0.,0.,1.));
#7205=DIRECTION('',(-0.99758390581938,-0.0694719428989165,0.));
#7206=DIRECTION('',(0.,0.,1.));
#7207=DIRECTION('',(-1.,0.,0.));
#7208=DIRECTION('',(0.,0.,1.));
#7209=DIRECTION('',(-1.,0.,0.));
#7210=DIRECTION('',(0.,0.,1.));
#7211=DIRECTION('',(0.633148645696436,-0.774030227092436,0.));
#7212=DIRECTION('',(-0.394451698941889,-0.91891667587538,0.));
#7213=DIRECTION('',(0.,0.,1.));
#7214=DIRECTION('',(-0.918916675875378,0.394451698941892,0.));
#7215=DIRECTION('',(0.,0.,-1.));
#7216=DIRECTION('',(-1.,0.,0.));
#7217=DIRECTION('',(0.,0.,1.));
#7218=DIRECTION('',(0.720559541911002,0.693393067863392,0.));
#7219=DIRECTION('',(-0.0715917104507548,-0.997434021374214,0.));
#7220=DIRECTION('',(0.,0.,1.));
#7221=DIRECTION('',(-1.,0.,0.));
#7222=DIRECTION('',(0.,0.,-1.));
#7223=DIRECTION('',(0.,0.,-1.));
#7224=DIRECTION('',(1.,0.,0.));
#7225=DIRECTION('',(0.,0.,-1.));
#7226=DIRECTION('',(1.,0.,0.));
#7227=DIRECTION('',(0.,0.,1.));
#7228=DIRECTION('',(-1.,0.,0.));
#7229=DIRECTION('',(0.,0.,1.));
#7230=DIRECTION('',(0.,0.,1.));
#7231=DIRECTION('',(-1.,0.,0.));
#7232=DIRECTION('',(-0.997434021374214,0.0715917104507548,0.));
#7233=DIRECTION('',(0.0715917104507548,0.997434021374214,0.));
#7234=DIRECTION('',(0.,0.,1.));
#7235=DIRECTION('',(0.,0.,-1.));
#7236=DIRECTION('',(0.0715917104507548,0.997434021374214,0.));
#7237=DIRECTION('',(0.,0.,1.));
#7238=DIRECTION('',(-0.123702864797995,0.992319304075442,0.));
#7239=DIRECTION('',(0.,0.,-1.));
#7240=DIRECTION('',(1.,0.,0.));
#7241=DIRECTION('',(0.,0.,-1.));
#7242=DIRECTION('',(0.,0.,1.));
#7243=DIRECTION('',(0.879461883426691,-0.475969322120215,0.));
#7244=DIRECTION('',(-0.475969322120215,-0.879461883426691,0.));
#7245=DIRECTION('',(0.,0.,-1.));
#7246=DIRECTION('',(-0.475969322120215,-0.879461883426691,0.));
#7247=DIRECTION('',(0.,0.,-1.));
#7248=DIRECTION('',(-0.994034481416758,-0.109066263136302,0.));
#7249=DIRECTION('',(0.,0.,1.));
#7250=DIRECTION('',(0.,0.,-1.));
#7251=DIRECTION('',(1.,0.,0.));
#7252=DIRECTION('',(0.,0.,1.));
#7253=DIRECTION('',(-1.,0.,0.));
#7254=DIRECTION('',(0.,0.,1.));
#7255=DIRECTION('',(0.633148645696436,-0.774030227092436,0.));
#7256=DIRECTION('',(0.,0.,1.));
#7257=DIRECTION('',(-1.,0.,0.));
#7258=DIRECTION('',(0.,0.,-1.));
#7259=DIRECTION('',(-1.,0.,0.));
#7260=DIRECTION('',(0.,0.,1.));
#7261=DIRECTION('',(-0.918916675875378,0.394451698941892,0.));
#7262=DIRECTION('',(-0.394451698941889,-0.91891667587538,0.));
#7263=DIRECTION('',(0.,0.,1.));
#7264=DIRECTION('',(-1.,0.,0.));
#7265=DIRECTION('',(0.,0.,1.));
#7266=DIRECTION('',(1.,0.,0.));
#7267=DIRECTION('',(0.,0.,1.));
#7268=DIRECTION('',(0.,0.,1.));
#7269=DIRECTION('',(0.,0.,1.));
#7270=DIRECTION('',(1.,0.,0.));
#7271=DIRECTION('',(0.,0.,1.));
#7272=DIRECTION('',(0.,0.,-1.));
#7273=DIRECTION('',(-0.395826016052278,-0.918325522359137,0.));
#7274=DIRECTION('',(0.,0.,-1.));
#7275=DIRECTION('',(0.,0.,-1.));
#7276=DIRECTION('',(1.,0.,0.));
#7277=DIRECTION('',(0.,0.,1.));
#7278=DIRECTION('',(0.696627607863488,-0.717432906941405,0.));
#7279=DIRECTION('',(0.,0.,-1.));
#7280=DIRECTION('',(1.,0.,0.));
#7281=DIRECTION('',(0.,0.,1.));
#7282=DIRECTION('',(-0.0860582537230365,0.996290106829402,0.));
#7283=DIRECTION('',(0.,0.,-1.));
#7284=DIRECTION('',(1.,0.,0.));
#7285=DIRECTION('',(0.,0.,-1.));
#7286=DIRECTION('',(0.,0.,-1.));
#7287=DIRECTION('',(1.,0.,0.));
#7288=DIRECTION('',(0.,0.,1.));
#7289=DIRECTION('',(0.,0.,1.));
#7290=DIRECTION('',(-1.,0.,0.));
#7291=DIRECTION('',(0.,0.,-1.));
#7292=DIRECTION('',(1.,0.,0.));
#7293=DIRECTION('',(0.,0.,1.));
#7294=DIRECTION('',(1.,0.,0.));
#7295=DIRECTION('',(0.,0.,1.));
#7296=DIRECTION('',(1.,0.,0.));
#7297=DIRECTION('',(-0.411112495222018,-0.911584618273217,0.));
#7298=DIRECTION('',(-0.911584618273217,0.411112495222018,0.));
#7299=DIRECTION('',(0.411112495222018,0.911584618273217,0.));
#7300=DIRECTION('',(0.,0.,-1.));
#7301=DIRECTION('',(-0.411112495222018,-0.911584618273217,0.));
#7302=DIRECTION('',(0.,0.,-1.));
#7303=DIRECTION('',(-0.99758390581938,-0.0694719428989165,0.));
#7304=DIRECTION('',(0.,0.,-1.));
#7305=DIRECTION('',(1.,0.,0.));
#7306=DIRECTION('',(0.,0.,1.));
#7307=DIRECTION('',(-1.,0.,0.));
#7308=DIRECTION('',(0.,0.,-1.));
#7309=DIRECTION('',(0.,0.,-1.));
#7310=DIRECTION('',(1.,0.,0.));
#7311=DIRECTION('',(0.,0.,-1.));
#7312=DIRECTION('',(-1.,0.,0.));
#7313=DIRECTION('',(0.,0.,1.));
#7314=DIRECTION('',(-0.0860582537230365,0.996290106829402,0.));
#7315=DIRECTION('',(0.,0.,1.));
#7316=DIRECTION('',(-0.0860582537230365,0.996290106829402,0.));
#7317=DIRECTION('',(0.,0.,1.));
#7318=DIRECTION('',(-0.911584618273217,0.411112495222018,0.));
#7319=DIRECTION('',(0.411112495222018,0.911584618273217,0.));
#7320=DIRECTION('',(0.,0.,-1.));
#7321=DIRECTION('',(0.411112495222018,0.911584618273217,0.));
#7322=DIRECTION('',(0.,0.,1.));
#7323=DIRECTION('',(-1.,0.,0.));
#7324=DIRECTION('',(0.,0.,1.));
#7325=DIRECTION('',(-0.99758390581938,-0.0694719428989165,0.));
#7326=DIRECTION('',(0.,0.,-1.));
#7327=DIRECTION('',(-0.99758390581938,-0.0694719428989165,0.));
#7328=DIRECTION('',(0.,0.,-1.));
#7329=DIRECTION('',(0.720559541911002,0.693393067863392,0.));
#7330=DIRECTION('',(0.,0.,1.));
#7331=DIRECTION('',(1.,0.,0.));
#7332=DIRECTION('',(-0.91891667587538,0.394451698941889,0.));
#7333=DIRECTION('',(-0.394451698941889,-0.91891667587538,0.));
#7334=DIRECTION('',(0.,0.,1.));
#7335=DIRECTION('',(0.,0.,-1.));
#7336=DIRECTION('',(0.,0.,1.));
#7337=DIRECTION('',(-0.918916675875378,0.394451698941892,0.));
#7338=DIRECTION('',(0.,0.,1.));
#7339=DIRECTION('',(-1.,0.,0.));
#7340=DIRECTION('',(0.,0.,-1.));
#7341=DIRECTION('',(0.,0.,1.));
#7342=DIRECTION('',(0.633148645696436,-0.774030227092436,0.));
#7343=DIRECTION('',(0.,0.,1.));
#7344=DIRECTION('',(-0.918916675875378,0.394451698941892,0.));
#7345=DIRECTION('',(0.,0.,-1.));
#7346=DIRECTION('',(1.,0.,0.));
#7347=DIRECTION('',(0.,0.,-1.));
#7348=DIRECTION('',(1.,0.,0.));
#7349=DIRECTION('',(0.,0.,-1.));
#7350=DIRECTION('',(-0.91891667587538,0.394451698941889,0.));
#7351=DIRECTION('',(-0.394451698941889,-0.91891667587538,0.));
#7352=DIRECTION('',(0.,0.,1.));
#7353=DIRECTION('',(-0.394451698941889,-0.91891667587538,0.));
#7354=DIRECTION('',(0.394451698941889,0.91891667587538,0.));
#7355=DIRECTION('',(0.,0.,1.));
#7356=DIRECTION('',(-1.,0.,0.));
#7357=DIRECTION('',(0.,0.,-1.));
#7358=DIRECTION('',(1.,0.,0.));
#7359=DIRECTION('',(0.,0.,1.));
#7360=DIRECTION('',(0.633148645696436,-0.774030227092436,0.));
#7361=DIRECTION('',(0.,0.,-1.));
#7362=DIRECTION('',(1.,0.,0.));
#7363=DIRECTION('',(0.953744280637131,0.30061910643198,0.));
#7364=DIRECTION('',(-0.30061910643198,0.953744280637131,0.));
#7365=DIRECTION('',(0.,0.,1.));
#7366=DIRECTION('',(-0.30061910643198,0.953744280637131,0.));
#7367=DIRECTION('',(0.,0.,-1.));
#7368=DIRECTION('',(0.,0.,-1.));
#7369=DIRECTION('',(0.,0.,1.));
#7370=DIRECTION('',(1.,0.,0.));
#7371=DIRECTION('',(0.,0.,1.));
#7372=DIRECTION('',(1.,0.,0.));
#7373=DIRECTION('',(0.,0.,1.));
#7374=DIRECTION('',(1.,0.,0.));
#7375=DIRECTION('',(0.,0.,1.));
#7376=DIRECTION('',(1.,0.,0.));
#7377=DIRECTION('',(0.,0.,1.));
#7378=DIRECTION('',(0.665463650589396,-0.746430257789858,0.));
#7379=DIRECTION('',(0.,0.,-1.));
#7380=DIRECTION('',(0.665463650589396,-0.746430257789858,0.));
#7381=DIRECTION('',(0.,0.,-1.));
#7382=DIRECTION('',(0.665463650589396,-0.746430257789858,0.));
#7383=DIRECTION('',(0.,0.,1.));
#7384=DIRECTION('',(1.,0.,0.));
#7385=DIRECTION('',(0.,0.,-1.));
#7386=DIRECTION('',(0.,0.,1.));
#7387=DIRECTION('',(0.,0.,1.));
#7388=DIRECTION('',(1.,0.,0.));
#7389=DIRECTION('',(0.,0.,1.));
#7390=DIRECTION('',(0.,0.,1.));
#7391=DIRECTION('',(1.,0.,0.));
#7392=DIRECTION('',(0.,0.,1.));
#7393=DIRECTION('',(1.,0.,0.));
#7394=DIRECTION('',(0.,0.,-1.));
#7395=DIRECTION('',(0.,0.,1.));
#7396=DIRECTION('',(0.,0.,1.));
#7397=DIRECTION('',(1.,0.,0.));
#7398=DIRECTION('',(0.,0.,-1.));
#7399=DIRECTION('',(0.,0.,-1.));
#7400=DIRECTION('',(0.,0.,1.));
#7401=DIRECTION('',(1.,0.,0.));
#7402=DIRECTION('',(0.,0.,1.));
#7403=DIRECTION('',(1.,0.,0.));
#7404=DIRECTION('',(0.686593210884777,-0.727041788872505,0.));
#7405=DIRECTION('',(0.,0.,1.));
#7406=DIRECTION('',(-0.846169628432782,-0.532913651465158,0.));
#7407=DIRECTION('',(0.720666165226,0.693282250096202,0.));
#7408=DIRECTION('',(0.,0.,1.));
#7409=DIRECTION('',(1.,0.,0.));
#7410=DIRECTION('',(0.699912088673102,-0.714229002581985,0.));
#7411=DIRECTION('',(-0.727041788872505,-0.686593210884777,0.));
#7412=DIRECTION('',(-0.686593210884777,0.727041788872505,0.));
#7413=DIRECTION('',(0.,0.,-1.));
#7414=DIRECTION('',(0.714229002581985,0.699912088673102,0.));
#7415=DIRECTION('',(0.699912088673102,-0.714229002581985,0.));
#7416=DIRECTION('',(0.,0.,-1.));
#7417=DIRECTION('',(0.,0.,-1.));
#7418=DIRECTION('',(-0.846169628432782,-0.532913651465158,0.));
#7419=DIRECTION('',(0.,0.,-1.));
#7420=DIRECTION('',(0.693282250096202,-0.720666165226,0.));
#7421=DIRECTION('',(-0.720666165226,-0.693282250096202,0.));
#7422=DIRECTION('',(0.,0.,-1.));
#7423=DIRECTION('',(0.,0.,-1.));
#7424=DIRECTION('',(-0.846169628432782,-0.532913651465158,0.));
#7425=DIRECTION('',(0.,0.,-1.));
#7426=DIRECTION('',(0.665463650589396,-0.746430257789858,0.));
#7427=DIRECTION('',(-0.991464271247167,-0.130378674791253,0.));
#7428=DIRECTION('',(0.130378674791253,-0.991464271247167,0.));
#7429=DIRECTION('',(-0.130378674791253,0.991464271247167,0.));
#7430=DIRECTION('',(0.,0.,-1.));
#7431=DIRECTION('',(0.130378674791253,-0.991464271247167,0.));
#7432=DIRECTION('',(0.,0.,-1.));
#7433=DIRECTION('',(0.130378674791257,-0.991464271247167,0.));
#7434=DIRECTION('',(0.991464271247167,0.130378674791257,0.));
#7435=DIRECTION('',(-0.991464271247167,-0.130378674791257,0.));
#7436=DIRECTION('',(0.,0.,1.));
#7437=DIRECTION('',(0.991464271247167,0.130378674791257,0.));
#7438=DIRECTION('',(0.,0.,-1.));
#7439=DIRECTION('',(-0.991464271247167,-0.130378674791257,0.));
#7440=DIRECTION('',(0.,0.,-1.));
#7441=DIRECTION('',(0.991464271247167,0.130378674791257,0.));
#7442=DIRECTION('',(-0.987790124290549,-0.155790469394188,0.));
#7443=DIRECTION('',(0.155790469394188,-0.987790124290549,0.));
#7444=DIRECTION('',(0.,0.,-1.));
#7445=DIRECTION('',(-0.155790469415969,0.987790124287114,0.));
#7446=DIRECTION('',(-0.987790124290549,-0.155790469394188,0.));
#7447=DIRECTION('',(0.155790469394188,-0.987790124290549,-4.99435678148829E-16));
#7448=DIRECTION('',(0.987790124290549,0.155790469394188,0.));
#7449=DIRECTION('',(-0.155790469394188,0.987790124290549,-9.24880885460795E-16));
#7450=DIRECTION('',(-0.155790469394188,0.987790124290549,0.));
#7451=DIRECTION('',(0.155790469394188,-0.987790124290549,0.));
#7452=DIRECTION('',(-0.155790469394188,0.987790124290549,0.));
#7453=DIRECTION('',(0.991464271247167,0.130378674791257,0.));
#7454=DIRECTION('',(0.0921916450670152,-0.70107110950305,0.707106781186547));
#7455=DIRECTION('',(-0.991464271247167,-0.130378674791257,0.));
#7456=DIRECTION('',(-0.70107110950305,-0.0921916450670152,-0.707106781186548));
#7457=DIRECTION('',(0.70107110950305,0.0921916450670152,-0.707106781186547));
#7458=DIRECTION('',(0.,0.,1.));
#7459=DIRECTION('',(-0.608879464436035,-0.793262754570065,0.));
#7460=DIRECTION('',(0.,0.,-1.));
#7461=DIRECTION('',(-0.608879464436036,-0.793262754570064,0.));
#7462=DIRECTION('',(0.,0.,1.));
#7463=DIRECTION('',(-1.,0.,0.));
#7464=DIRECTION('',(-0.130378674791253,0.991464271247167,0.));
#7465=DIRECTION('',(-0.991464271247167,-0.130378674791258,0.));
#7466=DIRECTION('',(0.,0.,1.));
#7467=DIRECTION('',(-0.793262754570065,0.608879464436035,0.));
#7468=DIRECTION('',(0.,0.,-1.));
#7469=DIRECTION('',(-0.793262754570064,0.608879464436036,0.));
#7470=DIRECTION('',(0.,0.,-1.));
#7471=DIRECTION('',(-0.793262754570065,0.608879464436035,0.));
#7472=DIRECTION('',(0.,0.,-1.));
#7473=DIRECTION('',(-0.130378674791258,0.991464271247167,0.));
#7474=DIRECTION('',(-0.991464271247167,-0.130378674791258,0.));
#7475=DIRECTION('',(0.,0.,-1.));
#7476=DIRECTION('',(0.991464271247167,0.130378674791258,0.));
#7477=DIRECTION('',(-0.991464271247167,-0.130378674791258,0.));
#7478=DIRECTION('',(0.,0.,1.));
#7479=DIRECTION('',(0.991464271247167,0.130378674791258,0.));
#7480=DIRECTION('',(0.,0.,1.));
#7481=DIRECTION('',(1.,0.,0.));
#7482=DIRECTION('',(0.,0.,-1.));
#7483=DIRECTION('',(0.598645365979699,0.801014185761421,0.));
#7484=DIRECTION('',(0.,0.,1.));
#7485=DIRECTION('',(0.598645365979699,0.801014185761421,0.));
#7486=DIRECTION('',(0.,0.,-1.));
#7487=DIRECTION('',(0.598645365979701,0.801014185761419,0.));
#7488=DIRECTION('',(0.991464271247167,0.130378674791253,0.));
#7489=DIRECTION('',(0.130378674791253,-0.991464271247167,0.));
#7490=DIRECTION('',(-0.991464271247167,-0.130378674791253,0.));
#7491=DIRECTION('',(0.0921916450670152,-0.70107110950305,-0.707106781186547));
#7492=DIRECTION('',(0.130378674791253,-0.991464271247167,0.));
#7493=DIRECTION('',(-0.991464271247167,-0.130378674791253,0.));
#7494=DIRECTION('',(-0.0921916450670152,0.70107110950305,-0.707106781186547));
#7495=DIRECTION('',(0.,0.,-1.));
#7496=DIRECTION('',(1.,0.,0.));
#7497=DIRECTION('',(0.991464271247167,0.130378674791257,0.));
#7498=DIRECTION('',(0.130378674791253,-0.991464271247167,0.));
#7499=DIRECTION('',(-0.991464271247167,-0.130378674791258,0.));
#7500=DIRECTION('',(0.457990464889133,-0.351536722696181,-0.816496580927725));
#7501=DIRECTION('',(-0.647696326883771,0.497148000909129,-0.577350269189622));
#7502=DIRECTION('',(0.991464271247167,0.13037867479126,0.));
#7503=DIRECTION('',(0.,0.,-1.));
#7504=DIRECTION('',(0.130378674791253,-0.991464271247168,0.));
#7505=DIRECTION('',(-0.991464271247168,-0.130378674791253,0.));
#7506=DIRECTION('',(0.991464271247167,0.130378674791258,0.));
#7507=DIRECTION('',(-0.0921916450670152,0.70107110950305,-0.707106781186547));
#7508=DIRECTION('',(-0.867665756609108,0.371111723211078,0.330805416677612));
#7509=DIRECTION('',(-0.497148000909124,-0.647696326883767,-0.577350269189629));
#7510=DIRECTION('',(-0.130378674791253,0.991464271247168,0.));
#7511=DIRECTION('',(0.,0.,-1.));
#7512=DIRECTION('',(0.991464271247167,0.13037867479126,0.));
#7513=DIRECTION('',(0.13037867479126,-0.991464271247166,0.));
#7514=DIRECTION('',(-0.130378674791253,0.991464271247167,0.));
#7515=DIRECTION('',(-0.701071109503051,-0.0921916450670053,-0.707106781186548));
#7516=DIRECTION('',(-0.991464271247167,-0.130378674791257,0.));
#7517=DIRECTION('',(0.0921916450670152,-0.70107110950305,-0.707106781186547));
#7518=DIRECTION('',(0.,0.,1.));
#7519=DIRECTION('',(-1.,0.,0.));
#7520=DIRECTION('',(-0.991464271247167,-0.130378674791258,0.));
#7521=DIRECTION('',(0.,0.,1.));
#7522=DIRECTION('',(1.,0.,0.));
#7523=DIRECTION('',(0.991464271247167,0.130378674791258,0.));
#7524=DIRECTION('',(0.0921916450670091,-0.701071109503053,-0.707106781186545));
#7525=DIRECTION('',(-0.991464271247166,-0.130378674791262,0.));
#7526=DIRECTION('',(0.,0.,-1.));
#7527=DIRECTION('',(0.,0.,1.));
#7528=DIRECTION('',(1.,0.,0.));
#7529=DIRECTION('',(0.,0.,1.));
#7530=DIRECTION('',(-1.,0.,0.));
#7531=DIRECTION('',(0.991464271247167,0.130378674791257,0.));
#7532=DIRECTION('',(-0.991464271247167,-0.130378674791257,0.));
#7533=DIRECTION('',(-0.0921916450670263,0.701071109503048,-0.707106781186548));
#7534=DIRECTION('',(0.,0.,1.));
#7535=DIRECTION('',(0.,1.,0.));
#7536=DIRECTION('',(0.,1.,0.));
#7537=DIRECTION('',(-1.,0.,0.));
#7538=DIRECTION('',(-1.,0.,0.));
#7539=DIRECTION('',(0.,1.,0.));
#7540=DIRECTION('',(0.,0.,-1.));
#7541=DIRECTION('',(0.,-1.,0.));
#7542=DIRECTION('',(-0.783335692920478,0.,0.621598899771222));
#7543=DIRECTION('',(-0.227229615606419,0.,0.973841209741793));
#7544=DIRECTION('',(0.973841209741793,0.,0.227229615606419));
#7545=DIRECTION('',(0.227229615606419,0.,-0.973841209741793));
#7546=DIRECTION('',(0.,-1.,0.));
#7547=DIRECTION('',(0.227229615606419,0.,-0.973841209741793));
#7548=DIRECTION('',(0.,-1.,0.));
#7549=DIRECTION('',(0.,0.,1.));
#7550=DIRECTION('',(0.,1.,0.));
#7551=DIRECTION('',(-0.783335692920478,0.,0.621598899771222));
#7552=DIRECTION('',(0.,1.,0.));
#7553=DIRECTION('',(-0.783335692920478,0.,0.621598899771222));
#7554=DIRECTION('',(0.,0.,1.));
#7555=DIRECTION('',(1.,0.,0.));
#7556=DIRECTION('',(0.,0.,-1.));
#7557=DIRECTION('',(1.,0.,0.));
#7558=DIRECTION('',(0.,0.,1.));
#7559=DIRECTION('',(0.,0.,1.));
#7560=DIRECTION('',(1.,0.,0.));
#7561=DIRECTION('',(0.,0.,-1.));
#7562=DIRECTION('',(0.,0.,-1.));
#7563=DIRECTION('',(1.,0.,0.));
#7564=DIRECTION('',(0.,0.,1.));
#7565=DIRECTION('',(0.,0.,1.));
#7566=DIRECTION('',(1.,0.,0.));
#7567=DIRECTION('',(0.,0.,-1.));
#7568=DIRECTION('',(0.,0.,1.));
#7569=DIRECTION('',(1.,0.,0.));
#7570=DIRECTION('',(0.,0.,1.));
#7571=DIRECTION('',(0.,0.,1.));
#7572=DIRECTION('',(0.,0.,1.));
#7573=DIRECTION('',(-1.,0.,0.));
#7574=DIRECTION('',(-0.813149037255333,-0.582055532755016,0.));
#7575=DIRECTION('',(0.813149037255333,0.582055532755015,0.));
#7576=DIRECTION('',(0.,0.,-1.));
#7577=DIRECTION('',(-0.813149037255333,-0.582055532755016,0.));
#7578=DIRECTION('',(-0.582055532755015,0.813149037255333,0.));
#7579=DIRECTION('',(-0.813149037255333,-0.582055532755015,0.));
#7580=DIRECTION('',(-0.813149037255333,-0.582055532755015,0.));
#7581=DIRECTION('',(0.813149037255333,0.582055532755015,0.));
#7582=DIRECTION('',(0.,0.,1.));
#7583=DIRECTION('',(0.,0.,1.));
#7584=DIRECTION('',(-0.582055532755016,0.813149037255333,0.));
#7585=DIRECTION('',(0.,0.,1.));
#7586=DIRECTION('',(-0.813149037255333,-0.582055532755016,0.));
#7587=DIRECTION('',(0.,0.,-1.));
#7588=DIRECTION('',(1.,0.,0.));
#7589=DIRECTION('',(0.,0.,1.));
#7590=DIRECTION('',(0.582055532755016,-0.813149037255333,0.));
#7591=DIRECTION('',(0.813149037255333,0.582055532755016,0.));
#7592=DIRECTION('',(0.813149037255333,0.582055532755016,0.));
#7593=DIRECTION('',(0.813149037255333,0.582055532755016,0.));
#7594=DIRECTION('',(0.411575414238223,-0.574983198358559,0.707106781186546));
#7595=DIRECTION('',(-0.813149037255331,-0.582055532755019,0.));
#7596=DIRECTION('',(0.582055532755019,-0.813149037255331,0.));
#7597=DIRECTION('',(0.,0.,1.));
#7598=DIRECTION('',(-0.813149037255333,-0.582055532755016,0.));
#7599=DIRECTION('',(0.813149037255334,0.582055532755015,0.));
#7600=DIRECTION('',(-0.582055532755015,0.813149037255334,0.));
#7601=DIRECTION('',(-0.813149037255333,-0.582055532755015,0.));
#7602=DIRECTION('',(-0.411575414238223,0.574983198358557,0.707106781186547));
#7603=DIRECTION('',(0.,0.,1.));
#7604=DIRECTION('',(-1.,0.,0.));
#7605=DIRECTION('',(0.,0.,1.));
#7606=DIRECTION('',(-0.168454724211748,0.985709392209866,0.));
#7607=DIRECTION('',(-0.859223349644303,0.511600660111012,0.));
#7608=DIRECTION('',(0.,0.,-1.));
#7609=DIRECTION('',(0.904435320033078,-0.426610773277778,0.));
#7610=DIRECTION('',(0.941265523708989,-0.337667312419848,0.));
#7611=DIRECTION('',(0.,0.,1.));
#7612=DIRECTION('',(-0.877120226543678,-0.480270869601693,0.));
#7613=DIRECTION('',(0.,0.,1.));
#7614=DIRECTION('',(1.,0.,0.));
#7615=DIRECTION('',(0.859223349644305,-0.51160066011101,0.));
#7616=DIRECTION('',(0.,0.,1.));
#7617=DIRECTION('',(0.859223349644303,-0.511600660111012,0.));
#7618=DIRECTION('',(-0.361756296024008,-0.607562657087307,0.707106781186548));
#7619=DIRECTION('',(0.85922334964165,-0.511600660115468,0.));
#7620=DIRECTION('',(0.,0.,1.));
#7621=DIRECTION('',(0.,0.,1.));
#7622=DIRECTION('',(1.,0.,0.));
#7623=DIRECTION('',(-0.941265523708989,0.337667312419846,0.));
#7624=DIRECTION('',(0.,0.,1.));
#7625=DIRECTION('',(-0.941265523708989,0.337667312419848,0.));
#7626=DIRECTION('',(0.238766846397115,0.665575234711731,0.707106781186548));
#7627=DIRECTION('',(-0.941265523708989,0.337667312419847,0.));
#7628=DIRECTION('',(0.,0.,1.));
#7629=DIRECTION('',(0.,0.,1.));
#7630=DIRECTION('',(-0.877120226543678,-0.480270869601693,0.));
#7631=DIRECTION('',(0.,0.,1.));
#7632=DIRECTION('',(0.798904430478721,0.601457987694461,0.));
#7633=DIRECTION('',(0.,0.,1.));
#7634=DIRECTION('',(0.798904430478721,0.601457987694461,0.));
#7635=DIRECTION('',(0.,0.,1.));
#7636=DIRECTION('',(0.,0.,1.));
#7637=DIRECTION('',(-0.0960634538560668,0.995375212084992,0.));
#7638=DIRECTION('',(0.,0.,1.));
#7639=DIRECTION('',(-0.252585074565505,0.967574689678651,0.));
#7640=DIRECTION('',(0.,0.,1.));
#7641=DIRECTION('',(-0.981987090919866,-0.188948017366521,0.));
#7642=DIRECTION('',(0.188948017366521,-0.981987090919866,0.));
#7643=DIRECTION('',(0.188948017366521,-0.981987090919866,0.));
#7644=DIRECTION('',(0.,0.,-1.));
#7645=DIRECTION('',(0.,0.,-1.));
#7646=DIRECTION('',(0.858158461347379,-0.513384899678495,0.));
#7647=DIRECTION('',(0.,0.,-1.));
#7648=DIRECTION('',(0.858158461347381,-0.513384899678492,0.));
#7649=DIRECTION('',(0.,0.,1.));
#7650=DIRECTION('',(1.,0.,0.));
#7651=DIRECTION('',(0.,0.,1.));
#7652=DIRECTION('',(1.,0.,0.));
#7653=DIRECTION('',(-0.188948017366521,0.981987090919866,0.));
#7654=DIRECTION('',(-0.981987090919866,-0.188948017366521,0.));
#7655=DIRECTION('',(0.188948017366521,-0.981987090919866,0.));
#7656=DIRECTION('',(-0.694369731027087,-0.133606424371616,0.707106781186549));
#7657=DIRECTION('',(-0.18894801736753,0.981987090919672,0.));
#7658=DIRECTION('',(-0.981987090919672,-0.18894801736753,0.));
#7659=DIRECTION('',(0.,0.,1.));
#7660=DIRECTION('',(-0.104995544638247,0.994472692237508,0.));
#7661=DIRECTION('',(0.,0.,1.));
#7662=DIRECTION('',(-1.,0.,0.));
#7663=DIRECTION('',(0.456950258117931,0.88949224932315,0.));
#7664=DIRECTION('',(0.,0.,1.));
#7665=DIRECTION('',(-1.,0.,0.));
#7666=DIRECTION('',(0.33869287803943,0.940896983928298,0.));
#7667=DIRECTION('',(0.,0.,1.));
#7668=DIRECTION('',(-0.762753271736385,0.646689605959026,0.));
#7669=DIRECTION('',(0.456950258117931,0.88949224932315,0.));
#7670=DIRECTION('',(0.,0.,1.));
#7671=DIRECTION('',(-1.,0.,0.));
#7672=DIRECTION('',(0.,0.,-1.));
#7673=DIRECTION('',(-1.,0.,0.));
#7674=DIRECTION('',(0.33869287803943,0.940896983928298,0.));
#7675=DIRECTION('',(-0.456950258117931,-0.88949224932315,0.));
#7676=DIRECTION('',(0.,0.,1.));
#7677=DIRECTION('',(-0.762753271736385,0.646689605959026,0.));
#7678=DIRECTION('',(0.940896983928298,-0.33869287803943,0.));
#7679=DIRECTION('',(0.33869287803943,0.940896983928298,0.));
#7680=DIRECTION('',(0.,0.,1.));
#7681=DIRECTION('',(-0.88949224932315,0.456950258117931,0.));
#7682=DIRECTION('',(-0.456950258117931,-0.88949224932315,0.));
#7683=DIRECTION('',(0.,0.,1.));
#7684=DIRECTION('',(0.,0.,1.));
#7685=DIRECTION('',(-0.398650981768334,-0.917102717657703,0.));
#7686=DIRECTION('',(0.,0.,1.));
#7687=DIRECTION('',(-1.,0.,0.));
#7688=DIRECTION('',(0.,0.,-1.));
#7689=DIRECTION('',(-1.,0.,0.));
#7690=DIRECTION('',(0.,0.,-1.));
#7691=DIRECTION('',(-1.,0.,0.));
#7692=DIRECTION('',(0.,0.,1.));
#7693=DIRECTION('',(-1.,0.,0.));
#7694=DIRECTION('',(0.,0.,-1.));
#7695=DIRECTION('',(-1.,0.,0.));
#7696=DIRECTION('',(0.,-1.,0.));
#7697=DIRECTION('',(1.,0.,0.));
#7698=DIRECTION('',(0.,-1.,0.));
#7699=DIRECTION('',(0.,0.,-1.));
#7700=DIRECTION('',(0.,-1.,0.));
#7701=DIRECTION('',(1.,0.,0.));
#7702=DIRECTION('',(0.,-1.,0.));
#7703=DIRECTION('',(1.,0.,0.));
#7704=DIRECTION('',(0.,-1.,0.));
#7705=DIRECTION('',(0.,1.,0.));
#7706=DIRECTION('',(0.,1.,0.));
#7707=DIRECTION('',(0.,0.,1.));
#7708=DIRECTION('',(0.,0.,1.));
#7709=DIRECTION('',(-1.,0.,0.));
#7710=DIRECTION('',(0.,-1.,0.));
#7711=DIRECTION('',(-1.,0.,0.));
#7712=DIRECTION('',(0.,1.,0.));
#7713=DIRECTION('',(-1.,0.,0.));
#7714=DIRECTION('',(0.,0.,1.));
#7715=DIRECTION('',(1.,0.,0.));
#7716=DIRECTION('',(0.,0.,1.));
#7717=DIRECTION('',(-0.336449284422715,-0.941701587028207,0.));
#7718=DIRECTION('',(0.,0.,-1.));
#7719=DIRECTION('',(-1.,0.,0.));
#7720=DIRECTION('',(0.,0.,1.));
#7721=DIRECTION('',(0.,0.,-1.));
#7722=DIRECTION('',(0.,1.,0.));
#7723=DIRECTION('',(1.,0.,0.));
#7724=DIRECTION('',(1.,0.,-4.17966315153E-16));
#7725=DIRECTION('',(0.,1.,0.));
#7726=DIRECTION('',(0.795183864392129,0.,0.606368387871927));
#7727=DIRECTION('',(0.,0.,-1.));
#7728=DIRECTION('',(-1.,0.,0.));
#7729=DIRECTION('',(0.,0.,1.));
#7730=DIRECTION('',(0.,1.,0.));
#7731=DIRECTION('',(-0.79518386439213,0.,0.606368387871926));
#7732=DIRECTION('',(1.,0.,-4.17966315153E-16));
#7733=DIRECTION('',(4.17966315153E-16,0.,1.));
#7734=DIRECTION('',(-1.,0.,4.17966315153E-16));
#7735=DIRECTION('',(0.,1.,0.));
#7736=DIRECTION('',(-1.,0.,4.17966315153E-16));
#7737=DIRECTION('',(0.,-1.,0.));
#7738=DIRECTION('',(4.17966315153E-16,0.,1.));
#7739=DIRECTION('',(-1.,0.,4.17966315153E-16));
#7740=DIRECTION('',(0.,-1.,0.));
#7741=DIRECTION('',(0.,-1.,0.));
#7742=DIRECTION('',(-1.,0.,4.17966315153E-16));
#7743=DIRECTION('',(0.,-1.,0.));
#7744=DIRECTION('',(1.,0.,0.));
#7745=DIRECTION('',(0.,1.,0.));
#7746=DIRECTION('',(1.,0.,0.));
#7747=DIRECTION('',(0.,0.,-1.));
#7748=DIRECTION('',(1.,0.,0.));
#7749=DIRECTION('',(0.,-1.,0.));
#7750=DIRECTION('',(0.,-1.,0.));
#7751=DIRECTION('',(-1.,0.,0.));
#7752=DIRECTION('',(0.,0.,-1.));
#7753=DIRECTION('',(0.,-1.,0.));
#7754=DIRECTION('',(0.,1.,0.));
#7755=DIRECTION('',(-0.79518386439213,0.,0.606368387871926));
#7756=DIRECTION('',(0.,1.,0.));
#7757=DIRECTION('',(-0.79518386439213,0.,0.606368387871926));
#7758=DIRECTION('',(0.,-1.,0.));
#7759=DIRECTION('',(1.,0.,0.));
#7760=DIRECTION('',(0.,1.,0.));
#7761=DIRECTION('',(0.795183864392129,0.,0.606368387871927));
#7762=DIRECTION('',(1.,0.,0.));
#7763=DIRECTION('',(0.,0.,1.));
#7764=DIRECTION('',(0.,1.,0.));
#7765=DIRECTION('',(0.,-1.,0.));
#7766=DIRECTION('',(0.795183864392129,0.,0.606368387871927));
#7767=DIRECTION('',(0.,0.,-1.));
#7768=DIRECTION('',(-1.,0.,0.));
#7769=DIRECTION('',(0.,0.,1.));
#7770=DIRECTION('',(1.,0.,0.));
#7771=DIRECTION('',(0.,1.,0.));
#7772=DIRECTION('',(-1.,0.,0.));
#7773=DIRECTION('',(0.,0.,1.));
#7774=DIRECTION('',(1.,0.,0.));
#7775=DIRECTION('',(-1.,0.,0.));
#7776=DIRECTION('',(0.,-1.,0.));
#7777=DIRECTION('',(0.,0.,1.));
#7778=DIRECTION('',(1.,0.,0.));
#7779=DIRECTION('',(0.,-1.,0.));
#7780=DIRECTION('',(1.,0.,0.));
#7781=DIRECTION('',(0.,0.,1.));
#7782=DIRECTION('',(1.,0.,0.));
#7783=DIRECTION('',(0.,0.,1.));
#7784=DIRECTION('',(-1.,0.,0.));
#7785=DIRECTION('',(0.,0.,1.));
#7786=DIRECTION('',(1.,0.,0.));
#7787=DIRECTION('',(1.,0.,0.));
#7788=DIRECTION('',(0.,1.,0.));
#7789=DIRECTION('',(0.,0.,1.));
#7790=DIRECTION('',(1.,0.,0.));
#7791=DIRECTION('',(-0.577350269189626,0.577350269189626,-0.577350269189626));
#7792=DIRECTION('',(-0.70710678237079,-0.707106780002305,2.36848479717722E-9));
#7793=DIRECTION('',(0.,0.,1.));
#7794=DIRECTION('',(1.,0.,0.));
#7795=DIRECTION('',(-0.718873086818576,0.585048618558824,-0.375419230954334));
#7796=DIRECTION('',(-0.63121906744155,-0.775604595717573,5.85481016446288E-9));
#7797=DIRECTION('',(0.,0.,1.));
#7798=DIRECTION('',(1.,0.,0.));
#7799=CARTESIAN_POINT('',(0.,0.,0.));
#7800=CARTESIAN_POINT('',(-0.918362566906908,-0.0377326197553472,-4.5492700729927));
#7801=CARTESIAN_POINT('',(-0.918362566906908,-0.0377326197553476,-4.5492700729927));
#7802=CARTESIAN_POINT('',(4.33442239153399,-0.0377326197553476,-4.5492700729927));
#7803=CARTESIAN_POINT('',(-0.918362566906908,-0.0377326197553476,0.));
#7804=CARTESIAN_POINT('',(-0.918362566906908,-0.0377326197553476,0.));
#7805=CARTESIAN_POINT('',(5.59810852292085,-0.0377326197553476,0.));
#7806=CARTESIAN_POINT('',(-0.918362566906908,-0.0377326197553476,-3.28558394160584));
#7807=CARTESIAN_POINT('',(5.59810852292085,-0.0377326197553476,-3.28558394160584));
#7808=CARTESIAN_POINT('',(-0.918362566906908,-0.0377326197553476,-3.28558394160584));
#7809=CARTESIAN_POINT('',(-38.5598932325137,18.3718383865576,0.));
#7810=CARTESIAN_POINT('',(-38.5598932325137,18.3718383865576,15.3503280707982));
#7811=CARTESIAN_POINT('',(-43.1217288466918,12.4974493357473,15.3503280707982));
#7812=CARTESIAN_POINT('',(-35.221502329814,11.7254907375224,15.3503280707982));
#7813=CARTESIAN_POINT('',(-35.221502329814,11.7254907375224,0.));
#7814=CARTESIAN_POINT('',(-35.221502329814,11.7254907375224,0.));
#7815=CARTESIAN_POINT('',(-38.5598932325137,18.3718383865576,0.));
#7816=CARTESIAN_POINT('',(-44.2491862456866,13.5811457538242,0.));
#7817=CARTESIAN_POINT('',(-44.2491862456866,13.5811457538242,0.));
#7818=CARTESIAN_POINT('',(-44.2491862456865,13.5811457538242,15.3664233576642));
#7819=CARTESIAN_POINT('',(-38.5598932325137,18.3718383865576,15.3664233576642));
#7820=CARTESIAN_POINT('',(-43.1217288466918,12.4974493357473,15.3664233576642));
#7821=CARTESIAN_POINT('',(-43.1217288466918,12.4974493357473,0.));
#7822=CARTESIAN_POINT('',(-44.6358390573622,13.2555631599885,0.));
#7823=CARTESIAN_POINT('',(-44.6358390573622,13.2555631599885,0.));
#7824=CARTESIAN_POINT('',(-45.1413135099169,13.2555631599885,0.));
#7825=CARTESIAN_POINT('',(-45.1413135099169,13.2555631599885,0.));
#7826=CARTESIAN_POINT('',(-45.1413135099169,13.2555631599885,15.3664233576642));
#7827=CARTESIAN_POINT('',(-44.6358390573622,13.2555631599885,15.3664233576642));
#7828=CARTESIAN_POINT('',(-45.1413135099169,13.2555631599885,0.));
#7829=CARTESIAN_POINT('',(-45.1413135099169,0.867938574552371,4.02588155531916));
#7830=CARTESIAN_POINT('',(-45.1413135099169,0.867938574552371,5.01891639530984));
#7831=CARTESIAN_POINT('',(-45.1413135099169,0.867938574552371,8.05176311063831));
#7832=CARTESIAN_POINT('',(-45.1413135099169,5.29103238314329,8.05176311063831));
#7833=CARTESIAN_POINT('',(-45.1413135099169,-2.67349839370187,8.05176311063831));
#7834=CARTESIAN_POINT('',(-45.1413135099169,-2.67349839370187,2.50945819765492));
#7835=CARTESIAN_POINT('',(-45.1413135099169,-2.67349839370187,5.01891639530984));
#7836=CARTESIAN_POINT('',(-45.1413135099169,7.06175086727041,5.01891639530984));
#7837=CARTESIAN_POINT('',(-45.1413135099169,-12.6793503891953,0.));
#7838=CARTESIAN_POINT('',(-45.1413135099169,-12.6793503891953,0.));
#7839=CARTESIAN_POINT('',(-45.1413135099169,-12.6793503891953,0.));
#7840=CARTESIAN_POINT('',(-45.1413135099169,-12.6793503891952,15.3664233576642));
#7841=CARTESIAN_POINT('',(-45.1413135099169,-17.9650263884739,15.3664233576642));
#7842=CARTESIAN_POINT('',(-43.9281748237855,-12.6793503891952,0.));
#7843=CARTESIAN_POINT('',(-43.9281748237855,-12.6793503891952,0.));
#7844=CARTESIAN_POINT('',(-43.9281748237855,-13.8924890753267,0.));
#7845=CARTESIAN_POINT('',(-43.9281748237855,-13.8924890753267,0.));
#7846=CARTESIAN_POINT('',(-43.9281748237856,-13.8924890753266,15.3664233576642));
#7847=CARTESIAN_POINT('',(-43.9281748237855,-12.6793503891952,15.3664233576642));
#7848=CARTESIAN_POINT('',(-43.9281748237855,-13.8924890753267,0.));
#7849=CARTESIAN_POINT('',(-42.0594696434849,-13.8924890753267,0.));
#7850=CARTESIAN_POINT('',(-42.0594696434849,-13.8924890753267,0.));
#7851=CARTESIAN_POINT('',(-42.0594696434849,-13.8924890753267,0.));
#7852=CARTESIAN_POINT('',(-42.0594696434849,-13.8924890753267,15.3664233576642));
#7853=CARTESIAN_POINT('',(-7.5515883159555,-13.8924890753267,15.3664233576642));
#7854=CARTESIAN_POINT('',(-38.7978993416283,-11.9600597974533,0.));
#7855=CARTESIAN_POINT('',(-38.7978993416283,-11.9600597974533,0.));
#7856=CARTESIAN_POINT('',(-35.5308534064052,-13.8832172546259,0.));
#7857=CARTESIAN_POINT('',(-35.5308534064052,-13.8832172546259,0.));
#7858=CARTESIAN_POINT('',(-35.5308534064053,-13.8832172546259,15.3664233576642));
#7859=CARTESIAN_POINT('',(-38.7978993416283,-11.9600597974533,15.3664233576642));
#7860=CARTESIAN_POINT('',(-35.5308534064052,-13.8832172546259,0.));
#7861=CARTESIAN_POINT('',(-35.5308534064052,-13.8832172546259,0.));
#7862=CARTESIAN_POINT('',(-29.3902631406865,-13.8832172546259,0.));
#7863=CARTESIAN_POINT('',(-29.3902631406865,-13.8832172546259,15.3664233576642));
#7864=CARTESIAN_POINT('',(-29.3902631406865,-13.8832172546259,15.3664233576642));
#7865=CARTESIAN_POINT('',(-7.5515883159555,-13.8832172546259,15.3664233576642));
#7866=CARTESIAN_POINT('',(-15.337360753988,14.3664636153439,0.));
#7867=CARTESIAN_POINT('',(-15.337360753988,14.3664636153439,11.4237226277372));
#7868=CARTESIAN_POINT('',(-17.6127407600515,17.076143027211,11.4237226277372));
#7869=CARTESIAN_POINT('',(-13.5768573835801,17.4357215989408,11.4237226277372));
#7870=CARTESIAN_POINT('',(-13.5768573835801,17.4357215989408,0.));
#7871=CARTESIAN_POINT('',(-13.5768573835801,17.4357215989408,0.));
#7872=CARTESIAN_POINT('',(-15.337360753988,14.3664636153439,0.));
#7873=CARTESIAN_POINT('',(-17.6127407600515,17.076143027211,0.));
#7874=CARTESIAN_POINT('',(-17.6127407600515,17.076143027211,0.));
#7875=CARTESIAN_POINT('',(-17.6127407600515,17.076143027211,0.));
#7876=CARTESIAN_POINT('',(-17.3559897768987,17.1036655252158,11.4237226277372));
#7877=CARTESIAN_POINT('',(-22.9545058807992,16.503530926287,11.4237226277372));
#7878=CARTESIAN_POINT('',(-24.4464343394822,16.343603211413,0.));
#7879=CARTESIAN_POINT('',(-24.4464343394824,16.343603211413,0.));
#7880=CARTESIAN_POINT('',(-24.4464343394823,16.343603211413,15.3664233576642));
#7881=CARTESIAN_POINT('',(-24.4464343394822,16.343603211413,3.4780100860701));
#7882=CARTESIAN_POINT('',(-38.8367468118262,14.8010293858179,10.292932672709));
#7883=CARTESIAN_POINT('',(-15.337360753988,14.3664636153439,3.03284671532847));
#7884=CARTESIAN_POINT('',(-38.7978993416283,-11.9600597974533,3.03284671532847));
#7885=CARTESIAN_POINT('',(-42.588630228145,-11.9102291451111,3.03284671532847));
#7886=CARTESIAN_POINT('',(-35.0069822492977,-11.9273283597845,3.03284671532847));
#7887=CARTESIAN_POINT('',(-42.7150361376542,-11.9102291451112,3.03284671532847));
#7888=CARTESIAN_POINT('',(-42.7150361376542,-11.9102291451112,3.03284671532847));
#7889=CARTESIAN_POINT('',(-42.7150361376542,-11.4047546925564,3.03284671532847));
#7890=CARTESIAN_POINT('',(-43.2205105902089,-11.4047546925564,3.03284671532847));
#7891=CARTESIAN_POINT('',(-43.2205105902089,10.2564530061753,3.03284671532847));
#7892=CARTESIAN_POINT('',(-43.2205105902089,-1.80706894252554,3.03284671532847));
#7893=CARTESIAN_POINT('',(-42.8161310281651,-1.80706894252554,3.03284671532847));
#7894=CARTESIAN_POINT('',(-42.8161310280418,-1.40268938048176,3.03284671532847));
#7895=CARTESIAN_POINT('',(-38.8465627813272,-1.40268938229691,3.03284671532847));
#7896=CARTESIAN_POINT('',(-34.8769945344894,-1.40268938411208,3.03284671532847));
#7897=CARTESIAN_POINT('',(-24.1522143907216,0.777770445903084,3.03284671532847));
#7898=CARTESIAN_POINT('',(-19.7393341016664,-9.23730827355467,3.03284671532847));
#7899=CARTESIAN_POINT('',(-18.348699449759,-11.4628467983601,3.03284671532847));
#7900=CARTESIAN_POINT('',(-18.348699449759,-11.46284679836,3.03284671532847));
#7901=CARTESIAN_POINT('',(-24.1522143907216,0.777770445903084,3.03284671532847));
#7902=CARTESIAN_POINT('',(-28.8526357046298,-11.9273283597845,3.03284671532847));
#7903=CARTESIAN_POINT('',(-35.0069822492977,-11.9273283597845,3.03284671532847));
#7904=CARTESIAN_POINT('',(-38.7978993416283,-11.9600597974533,0.));
#7905=CARTESIAN_POINT('',(-38.7978993416283,-11.9600597974533,0.));
#7906=CARTESIAN_POINT('',(-42.5886302281429,-11.9102291451112,0.));
#7907=CARTESIAN_POINT('',(-35.0069822492977,-11.9273283597845,0.));
#7908=CARTESIAN_POINT('',(-42.5886302281429,-11.9102291451112,0.));
#7909=CARTESIAN_POINT('',(-35.0069822492977,-11.9273283597845,0.));
#7910=CARTESIAN_POINT('',(-35.0069822492977,-11.9273283597845,0.));
#7911=CARTESIAN_POINT('',(-24.2563767103664,-11.9273283597845,0.));
#7912=CARTESIAN_POINT('',(-28.8526357046297,-11.9273283597845,0.));
#7913=CARTESIAN_POINT('',(-28.8526357046297,-11.9273283597845,0.));
#7914=CARTESIAN_POINT('',(-24.1522143907216,0.777770445903084,0.));
#7915=CARTESIAN_POINT('',(-24.1522143907216,0.777770445903084,0.));
#7916=CARTESIAN_POINT('',(-18.348699449759,-11.4628467983601,0.));
#7917=CARTESIAN_POINT('',(-18.348699449759,-11.4628467983601,0.));
#7918=CARTESIAN_POINT('',(-18.348699449759,-11.4628467983601,0.));
#7919=CARTESIAN_POINT('',(-20.23677682412,-8.44121280650593,0.));
#7920=CARTESIAN_POINT('',(-19.7393341016665,-9.23730827355469,0.));
#7921=CARTESIAN_POINT('',(-19.7393341016664,-9.23730827355468,0.));
#7922=CARTESIAN_POINT('',(-24.1522143907216,0.777770445903084,0.));
#7923=CARTESIAN_POINT('',(-24.1522143907216,0.777770445903084,0.));
#7924=CARTESIAN_POINT('',(-34.8769945344894,-1.40268938411208,0.));
#7925=CARTESIAN_POINT('',(-34.8769945348585,-1.40268938229691,0.));
#7926=CARTESIAN_POINT('',(-38.8465627813272,-1.40268938229691,1.51642335766423));
#7927=CARTESIAN_POINT('',(-13.5057711714351,-1.40268938229691,0.));
#7928=CARTESIAN_POINT('',(-42.8161310280418,-1.40268938048176,0.));
#7929=CARTESIAN_POINT('',(-42.8161310281651,-1.40268938138933,0.));
#7930=CARTESIAN_POINT('',(-42.8161310281651,-1.80706894252554,0.));
#7931=CARTESIAN_POINT('',(-42.8161310281651,-1.80706894252554,0.));
#7932=CARTESIAN_POINT('',(-43.2205105902089,-1.80706894252554,0.));
#7933=CARTESIAN_POINT('',(-43.2205105902089,-1.80706894252554,0.));
#7934=CARTESIAN_POINT('',(-43.2205105902089,10.2564530061753,0.));
#7935=CARTESIAN_POINT('',(-43.2205105902089,-0.0339180446924895,0.));
#7936=CARTESIAN_POINT('',(-43.2205105902089,-11.4047546925564,0.));
#7937=CARTESIAN_POINT('',(-43.2205105902089,-11.4047546925564,0.));
#7938=CARTESIAN_POINT('',(-42.7150361376542,-11.4047546925564,0.));
#7939=CARTESIAN_POINT('',(-42.7150361376542,-11.4047546925564,0.));
#7940=CARTESIAN_POINT('',(-42.7150361376542,-11.9102291451112,0.));
#7941=CARTESIAN_POINT('',(-42.7150361376542,-11.9102291451112,0.));
#7942=CARTESIAN_POINT('',(-42.7150361376542,-11.9102291451112,0.));
#7943=CARTESIAN_POINT('',(-28.1104036545446,-11.9102291451112,0.));
#7944=CARTESIAN_POINT('',(-15.337360753988,14.3664636153439,3.03284671532847));
#7945=CARTESIAN_POINT('',(-42.8161310281651,0.315923759094982,3.03284671532847));
#7946=CARTESIAN_POINT('',(-43.2205105902089,0.315923759094982,3.03284671532847));
#7947=CARTESIAN_POINT('',(-42.8161310281651,-0.0884558029488096,3.03284671532847));
#7948=CARTESIAN_POINT('',(-43.2205105902089,10.2564530061753,3.03284671532847));
#7949=CARTESIAN_POINT('',(-43.2205105902089,10.2564530061752,3.03284671532847));
#7950=CARTESIAN_POINT('',(-38.5598932325137,18.3718383865576,3.03284671532847));
#7951=CARTESIAN_POINT('',(-31.8390299637569,11.859478526288,3.03284671532847));
#7952=CARTESIAN_POINT('',(-30.3750376687352,11.9159256618771,3.03284671532847));
#7953=CARTESIAN_POINT('',(-30.3750376687352,11.9159256618771,3.03284671532847));
#7954=CARTESIAN_POINT('',(-29.4662462100806,10.3452351061621,3.03284671532847));
#7955=CARTESIAN_POINT('',(-29.4662462100806,10.3452351061621,3.03284671532847));
#7956=CARTESIAN_POINT('',(-24.1522143907216,0.777770445903084,3.03284671532847));
#7957=CARTESIAN_POINT('',(-35.0620707731104,-0.0884558029488056,3.03284671532847));
#7958=CARTESIAN_POINT('',(-42.8161310281651,-0.0884558029488085,3.03284671532847));
#7959=CARTESIAN_POINT('',(-42.8161310281651,0.315923759094982,0.));
#7960=CARTESIAN_POINT('',(-42.8161310281651,0.315923759094982,0.));
#7961=CARTESIAN_POINT('',(-43.2205105902089,0.315923759094982,0.));
#7962=CARTESIAN_POINT('',(-42.8161310281651,-0.0884558029488119,0.));
#7963=CARTESIAN_POINT('',(-43.2205105902089,0.315923759094982,0.));
#7964=CARTESIAN_POINT('',(-42.8161310281651,-0.0884558029488119,0.));
#7965=CARTESIAN_POINT('',(-42.8161310281651,-0.0884558029488085,0.));
#7966=CARTESIAN_POINT('',(-28.1609510998001,-0.088455802948803,0.));
#7967=CARTESIAN_POINT('',(-35.0620707729309,-0.0884558029488056,0.));
#7968=CARTESIAN_POINT('',(-35.0620707729309,-0.0884558029488056,0.));
#7969=CARTESIAN_POINT('',(-24.1522143907216,0.777770445903084,0.));
#7970=CARTESIAN_POINT('',(-24.1522143907216,0.777770445903084,0.));
#7971=CARTESIAN_POINT('',(-29.4662462100806,10.3452351061621,0.));
#7972=CARTESIAN_POINT('',(-29.4662462100806,10.3452351061621,0.));
#7973=CARTESIAN_POINT('',(-29.4662462100806,10.3452351061621,0.));
#7974=CARTESIAN_POINT('',(-25.2151754605531,2.99798660996248,0.));
#7975=CARTESIAN_POINT('',(-30.3750376687352,11.9159256618771,0.));
#7976=CARTESIAN_POINT('',(-30.3750376687352,11.9159256618771,0.));
#7977=CARTESIAN_POINT('',(-30.3750376687352,11.9159256618771,0.));
#7978=CARTESIAN_POINT('',(-22.1829581043888,12.2317875878568,0.));
#7979=CARTESIAN_POINT('',(-31.8390299637569,11.859478526288,0.));
#7980=CARTESIAN_POINT('',(-31.8390299637569,11.859478526288,0.));
#7981=CARTESIAN_POINT('',(-38.5598932325137,18.3718383865576,0.));
#7982=CARTESIAN_POINT('',(-38.5598932325137,18.3718383865576,0.));
#7983=CARTESIAN_POINT('',(-43.2205105902089,10.2564530061753,0.));
#7984=CARTESIAN_POINT('',(-43.2205105902089,10.2564530061753,0.));
#7985=CARTESIAN_POINT('',(-43.2205105902089,10.2564530061753,0.));
#7986=CARTESIAN_POINT('',(-43.2205105902089,5.11126748074138,0.));
#7987=CARTESIAN_POINT('',(-15.337360753988,14.3664636153439,3.03284671532847));
#7988=CARTESIAN_POINT('',(-38.7978993416283,-11.9600597974533,3.03284671532847));
#7989=CARTESIAN_POINT('',(-36.2199796335991,-11.9600597974533,3.03284671532847));
#7990=CARTESIAN_POINT('',(-38.7978993416283,-11.9600597974533,0.));
#7991=CARTESIAN_POINT('',(-38.7978993416283,-11.9600597974533,0.));
#7992=CARTESIAN_POINT('',(-36.2199796335991,-11.9600597974533,0.));
#7993=CARTESIAN_POINT('',(-15.337360753988,14.3664636153439,3.03284671532847));
#7994=CARTESIAN_POINT('',(-15.337360753988,14.3664636153439,3.03284671532847));
#7995=CARTESIAN_POINT('',(-12.7594410459588,14.3664636153439,3.03284671532847));
#7996=CARTESIAN_POINT('',(-15.337360753988,14.3664636153439,0.));
#7997=CARTESIAN_POINT('',(-15.337360753988,14.3664636153439,0.));
#7998=CARTESIAN_POINT('',(-12.7594410459588,14.3664636153439,0.));
#7999=CARTESIAN_POINT('',(-5.52474297935917,18.3296438277413,14.8609489051095));
#8000=CARTESIAN_POINT('',(-5.52474297935917,18.3296438277413,14.8609489051095));
#8001=CARTESIAN_POINT('',(-5.52474297935917,18.3296438277413,14.8609489051095));
#8002=CARTESIAN_POINT('',(-5.52474297935917,18.3296438277413,14.8609489051095));
#8003=CARTESIAN_POINT('',(-5.52474297935917,18.3296438277413,14.8609489051095));
#8004=CARTESIAN_POINT('',(-5.52474297935917,18.3296438277413,15.3664233576642));
#8005=CARTESIAN_POINT('',(-5.52474297935917,18.3296438277413,15.3664233576642));
#8006=CARTESIAN_POINT('',(-5.52474297935917,18.3296438277413,15.3664233576642));
#8007=CARTESIAN_POINT('',(-5.52474297935917,18.3296438277413,15.3664233576642));
#8008=CARTESIAN_POINT('',(-5.52474297935917,18.3296438277413,15.3664233576642));
#8009=CARTESIAN_POINT('',(-6.02713099876986,18.2738701768108,15.3664233576642));
#8010=CARTESIAN_POINT('',(-6.0017078825178,18.0448683308131,15.3664233576642));
#8011=CARTESIAN_POINT('',(-5.81217714621412,17.9138481785218,15.3664233576642));
#8012=CARTESIAN_POINT('',(-5.62264640991046,17.7828280262304,15.3664233576642));
#8013=CARTESIAN_POINT('',(-5.39943038800975,17.8399488444765,15.3664233576642));
#8014=CARTESIAN_POINT('',(-6.02713099876985,18.2738701768107,14.8609489051095));
#8015=CARTESIAN_POINT('',(-5.52474297935917,18.3296438277413,14.8609489051095));
#8016=CARTESIAN_POINT('',(-6.02713099876985,18.2738701768107,15.3664233576642));
#8017=CARTESIAN_POINT('',(-5.52474297935917,18.3296438277413,15.3664233576642));
#8018=CARTESIAN_POINT('',(-5.39943038800976,17.8399488444764,15.3664233576642));
#8019=CARTESIAN_POINT('',(-5.39943038800975,17.8399488444765,14.8609489051095));
#8020=CARTESIAN_POINT('',(-18.2360851805341,-12.9090212522942,14.8609489051095));
#8021=CARTESIAN_POINT('',(-11.0000468727312,-15.8252297564633,14.8609489051095));
#8022=CARTESIAN_POINT('',(-11.0000468727312,-15.8252297564633,15.3664234913106));
#8023=CARTESIAN_POINT('',(-11.1895824936121,-16.2938245450939,14.8609489051095));
#8024=CARTESIAN_POINT('',(-18.4250302978011,-13.3778540208232,14.8609489051095));
#8025=CARTESIAN_POINT('',(-7.91096270127211,-17.615146864525,14.8609489051095));
#8026=CARTESIAN_POINT('',(-7.72201758400501,-17.1463140959962,14.8609489051095));
#8027=CARTESIAN_POINT('',(-7.72201758400501,-17.1463140959962,15.3664233576642));
#8028=CARTESIAN_POINT('',(-18.2360851805341,-12.9090212522942,15.3664233576642));
#8029=CARTESIAN_POINT('',(-9.86307318627354,-16.2834435182518,15.3664233576642));
#8030=CARTESIAN_POINT('',(-18.2360851805341,-12.9090212522942,15.3664233576642));
#8031=CARTESIAN_POINT('',(10.6992967144921,-0.0339180446924895,36.0403284671533));
#8032=CARTESIAN_POINT('',(-0.8255208037561,-0.0339180446924895,36.0403284671533));
#8033=CARTESIAN_POINT('',(10.6992967144921,-0.0339180446924895,36.0403284671533));
#8034=CARTESIAN_POINT('',(-0.8255208037561,-0.0339180446924895,36.0403284671533));
#8035=CARTESIAN_POINT('',(14.0859755466089,-0.0339180446924895,36.0403284671533));
#8036=CARTESIAN_POINT('',(-0.8255208037561,-0.0339180446924895,34.1195255474453));
#8037=CARTESIAN_POINT('',(-0.8255208037561,-0.0339180446924895,32.1987226277372));
#8038=CARTESIAN_POINT('',(14.0859755466089,-0.0339180446924895,32.1987226277372));
#8039=CARTESIAN_POINT('',(14.0859755466089,-0.0339180446924895,32.1987226277372));
#8040=CARTESIAN_POINT('',(-0.8255208037561,-0.0339180446924895,32.1987226277372));
#8041=CARTESIAN_POINT('',(16.0573259115724,-0.0339180446924895,32.1987226277372));
#8042=CARTESIAN_POINT('',(-0.8255208037561,-0.0339180446924895,29.2534854729505));
#8043=CARTESIAN_POINT('',(-0.8255208037561,-0.0339180446924895,26.3082483181638));
#8044=CARTESIAN_POINT('',(16.0573259115724,-0.0339180446924895,26.3082483181638));
#8045=CARTESIAN_POINT('',(-0.8255208037561,-0.0339180446924895,25.6140694145564));
#8046=CARTESIAN_POINT('',(-0.8255208037561,-0.0339180446924895,24.9198905109489));
#8047=CARTESIAN_POINT('',(16.6638952546381,-0.0339180446924895,24.9198905109489));
#8048=CARTESIAN_POINT('',(-0.8255208037561,-0.0339180446924895,37.7083941605839));
#8049=CARTESIAN_POINT('',(5.42039354872303,4.30569023717752,37.7083941605839));
#8050=CARTESIAN_POINT('',(4.76744928205797,6.02440699398874,37.7083941605839));
#8051=CARTESIAN_POINT('',(7.37922634871822,-0.850460033256104,37.7083941605839));
#8052=CARTESIAN_POINT('',(6.43417722280806,-1.20948626956553,37.7083941605839));
#8053=CARTESIAN_POINT('',(7.21762762703222,-1.8484097022733,37.7083941605839));
#8054=CARTESIAN_POINT('',(6.05564738705625,-3.27323440286625,37.7083941605839));
#8055=CARTESIAN_POINT('',(2.56970666712831,-7.5477085046451,37.7083941605839));
#8056=CARTESIAN_POINT('',(1.78625626290415,-6.90878507193733,37.7083941605839));
#8057=CARTESIAN_POINT('',(1.62465754121815,-7.90673474095452,37.7083941605839));
#8058=CARTESIAN_POINT('',(-0.190266965422895,-7.61284268473626,37.7083941605839));
#8059=CARTESIAN_POINT('',(-5.63504048534601,-6.73116651608148,37.7083941605839));
#8060=CARTESIAN_POINT('',(-5.47344176366001,-5.73321684706429,37.7083941605839));
#8061=CARTESIAN_POINT('',(-6.41849088957018,-6.09224308337371,37.7083941605839));
#8062=CARTESIAN_POINT('',(-7.07143515623523,-4.3735263265625,37.7083941605839));
#8063=CARTESIAN_POINT('',(-9.03026795623042,0.78262394387113,37.7083941605839));
#8064=CARTESIAN_POINT('',(-8.08521883032026,1.14165018018055,37.7083941605839));
#8065=CARTESIAN_POINT('',(-8.86866923454441,1.78057361288832,37.7083941605839));
#8066=CARTESIAN_POINT('',(-7.70668899456844,3.20539831348127,37.7083941605839));
#8067=CARTESIAN_POINT('',(-4.22074827464051,7.47987241526012,37.7083941605839));
#8068=CARTESIAN_POINT('',(-3.43729787041635,6.84094898255235,37.7083941605839));
#8069=CARTESIAN_POINT('',(-3.27569914873035,7.83889865156954,37.7083941605839));
#8070=CARTESIAN_POINT('',(-1.4607746420893,7.54500659535127,37.7083941605839));
#8071=CARTESIAN_POINT('',(3.98399887783381,6.6633304266965,37.7083941605839));
#8072=CARTESIAN_POINT('',(3.82240015614781,5.66538075767931,37.7083941605839));
#8073=CARTESIAN_POINT('',(-0.8255208037561,-0.0339180446924895,37.7083941605839));
#8074=CARTESIAN_POINT('',(-11.3393894168948,-0.0339180446924882,37.7083941605839));
#8075=CARTESIAN_POINT('',(-0.8255208037561,-0.0339180446924895,36.8743613138686));
#8076=CARTESIAN_POINT('',(-0.8255208037561,-0.0339180446924895,36.6974452554745));
#8077=CARTESIAN_POINT('',(-12.3503383220043,-0.0339180446924881,36.6974452554745));
#8078=CARTESIAN_POINT('',(-0.8255208037561,-0.0339180446924895,36.6974452554745));
#8079=CARTESIAN_POINT('',(-0.825520803756098,-0.0339180446924913,21.5332116788321));
#8080=CARTESIAN_POINT('',(6.43417722280806,-1.20948626956553,21.5332116788321));
#8081=CARTESIAN_POINT('',(7.37922634871822,-0.850460033256104,21.5332116788321));
#8082=CARTESIAN_POINT('',(7.21762762703222,-1.8484097022733,21.5332116788321));
#8083=CARTESIAN_POINT('',(7.37922634871822,-0.850460033256104,21.5332116788321));
#8084=CARTESIAN_POINT('',(4.76744928205797,6.02440699398874,21.5332116788321));
#8085=CARTESIAN_POINT('',(3.82240015614781,5.66538075767931,21.5332116788321));
#8086=CARTESIAN_POINT('',(3.98399887783381,6.6633304266965,21.5332116788321));
#8087=CARTESIAN_POINT('',(3.98399887783381,6.6633304266965,21.5332116788321));
#8088=CARTESIAN_POINT('',(-3.27569914873035,7.83889865156954,21.5332116788321));
#8089=CARTESIAN_POINT('',(-3.43729787041635,6.84094898255235,21.5332116788321));
#8090=CARTESIAN_POINT('',(-4.22074827464051,7.47987241526012,21.5332116788321));
#8091=CARTESIAN_POINT('',(-4.22074827464051,7.47987241526012,21.5332116788321));
#8092=CARTESIAN_POINT('',(-8.86866923454441,1.78057361288832,21.5332116788321));
#8093=CARTESIAN_POINT('',(-8.08521883032026,1.14165018018055,21.5332116788321));
#8094=CARTESIAN_POINT('',(-9.03026795623042,0.78262394387113,21.5332116788321));
#8095=CARTESIAN_POINT('',(-9.03026795623042,0.782623943871129,21.5332116788321));
#8096=CARTESIAN_POINT('',(-6.41849088957018,-6.09224308337371,21.5332116788321));
#8097=CARTESIAN_POINT('',(-5.47344176366001,-5.73321684706429,21.5332116788321));
#8098=CARTESIAN_POINT('',(-5.63504048534601,-6.73116651608148,21.5332116788321));
#8099=CARTESIAN_POINT('',(-5.63504048534601,-6.73116651608148,21.5332116788321));
#8100=CARTESIAN_POINT('',(1.62465754121815,-7.90673474095452,21.5332116788321));
#8101=CARTESIAN_POINT('',(1.78625626290415,-6.90878507193733,21.5332116788321));
#8102=CARTESIAN_POINT('',(2.56970666712831,-7.5477085046451,21.5332116788321));
#8103=CARTESIAN_POINT('',(2.56970666712831,-7.5477085046451,21.5332116788321));
#8104=CARTESIAN_POINT('',(6.43417722280806,-1.20948626956553,37.7083941605839));
#8105=CARTESIAN_POINT('',(7.37922634871822,-0.850460033256104,37.7083941605839));
#8106=CARTESIAN_POINT('',(7.21762762703222,-1.8484097022733,37.7083941605839));
#8107=CARTESIAN_POINT('',(7.21762762703222,-1.8484097022733,37.7083941605839));
#8108=CARTESIAN_POINT('',(2.56970666712831,-7.5477085046451,37.7083941605839));
#8109=CARTESIAN_POINT('',(1.78625626290415,-6.90878507193733,37.7083941605839));
#8110=CARTESIAN_POINT('',(1.62465754121815,-7.90673474095452,37.7083941605839));
#8111=CARTESIAN_POINT('',(1.62465754121815,-7.90673474095452,37.7083941605839));
#8112=CARTESIAN_POINT('',(-5.63504048534601,-6.73116651608148,37.7083941605839));
#8113=CARTESIAN_POINT('',(-5.47344176366001,-5.73321684706429,37.7083941605839));
#8114=CARTESIAN_POINT('',(-6.41849088957018,-6.09224308337371,37.7083941605839));
#8115=CARTESIAN_POINT('',(-6.41849088957018,-6.09224308337371,37.7083941605839));
#8116=CARTESIAN_POINT('',(-9.03026795623042,0.78262394387113,37.7083941605839));
#8117=CARTESIAN_POINT('',(-8.08521883032026,1.14165018018055,37.7083941605839));
#8118=CARTESIAN_POINT('',(-8.86866923454441,1.78057361288832,37.7083941605839));
#8119=CARTESIAN_POINT('',(-8.86866923454441,1.78057361288833,37.7083941605839));
#8120=CARTESIAN_POINT('',(-4.22074827464051,7.47987241526012,37.7083941605839));
#8121=CARTESIAN_POINT('',(-3.43729787041635,6.84094898255235,37.7083941605839));
#8122=CARTESIAN_POINT('',(-3.27569914873035,7.83889865156954,37.7083941605839));
#8123=CARTESIAN_POINT('',(-3.27569914873035,7.83889865156954,37.7083941605839));
#8124=CARTESIAN_POINT('',(3.98399887783381,6.6633304266965,37.7083941605839));
#8125=CARTESIAN_POINT('',(3.82240015614781,5.66538075767931,37.7083941605839));
#8126=CARTESIAN_POINT('',(4.76744928205797,6.02440699398874,37.7083941605839));
#8127=CARTESIAN_POINT('',(4.76744928205797,6.02440699398874,37.7083941605839));
#8128=CARTESIAN_POINT('',(17.0300105663121,-8.85519030645561,15.3664233576642));
#8129=CARTESIAN_POINT('',(17.0300105663121,-8.85519030645561,21.735401459854));
#8130=CARTESIAN_POINT('',(15.4784041847211,-11.4610830201498,21.735401459854));
#8131=CARTESIAN_POINT('',(18.0541037656709,-6.00047625462732,21.735401459854));
#8132=CARTESIAN_POINT('',(15.4784041847211,-11.4610830201498,15.3664233576642));
#8133=CARTESIAN_POINT('',(15.4784041847211,-11.4610830201498,13.3445255474453));
#8134=CARTESIAN_POINT('',(17.0300105663121,-8.85519030645561,13.3445255474453));
#8135=CARTESIAN_POINT('',(18.0541037656709,-6.00047625462732,13.3445255474453));
#8136=CARTESIAN_POINT('',(18.0541037656709,-6.00047625462732,15.3664233576642));
#8137=CARTESIAN_POINT('',(18.0541037656709,-6.00047625462732,15.3664233576642));
#8138=CARTESIAN_POINT('',(17.7400682774995,-5.88781992479865,21.735401459854));
#8139=CARTESIAN_POINT('',(17.1916193304959,-5.69107067894882,21.735401459854));
#8140=CARTESIAN_POINT('',(15.3059184186103,-5.01459890461352,13.3445255474453));
#8141=CARTESIAN_POINT('',(17.2583974751612,-5.71502650870094,13.3445255474453));
#8142=CARTESIAN_POINT('',(17.2583974751612,-5.71502650870094,0.));
#8143=CARTESIAN_POINT('',(17.2583974751612,-5.71502650870093,14.8609489051095));
#8144=CARTESIAN_POINT('',(17.1916193294282,-5.69107067856579,15.119094233429));
#8145=CARTESIAN_POINT('',(17.235376615661,-5.70676806136463,15.0408955953697));
#8146=CARTESIAN_POINT('',(17.2583974751611,-5.71502650870093,14.9519226593035));
#8147=CARTESIAN_POINT('',(17.2583974751611,-5.71502650870093,14.8609489051095));
#8148=CARTESIAN_POINT('',(17.191619329962,-5.6910706787573,15.1190942335723));
#8149=CARTESIAN_POINT('',(17.1916193304959,-5.69107067894882,20.1431569343066));
#8150=CARTESIAN_POINT('',(16.4659956580627,-8.45131796319877,13.3445255474453));
#8151=CARTESIAN_POINT('',(-0.8255208037561,-0.0339180446924895,13.3445255474453));
#8152=CARTESIAN_POINT('',(14.6559313368308,-10.9713644247715,13.3445255474453));
#8153=CARTESIAN_POINT('',(12.8691340344849,-9.90746563786918,13.3445255474453));
#8154=CARTESIAN_POINT('',(-0.8255208037561,-0.0339180446924895,14.8609489051095));
#8155=CARTESIAN_POINT('',(10.9683944867962,-14.2219175011322,15.3664233576642));
#8156=CARTESIAN_POINT('',(11.0518122990583,-14.4865688810547,15.3664233576642));
#8157=CARTESIAN_POINT('',(11.1321991007007,-14.7416040756405,15.1391081489621));
#8158=CARTESIAN_POINT('',(11.1321991007007,-14.7416040756405,14.8609489051095));
#8159=CARTESIAN_POINT('',(10.9683944867962,-14.2219175011322,15.3664233576642));
#8160=CARTESIAN_POINT('',(11.1321991007007,-14.7416040756405,14.8609489051095));
#8161=CARTESIAN_POINT('',(-0.8255208037561,-0.0339180446924895,14.8609489051095));
#8162=CARTESIAN_POINT('',(14.6559313368308,-10.9713644247715,14.8609489051095));
#8163=CARTESIAN_POINT('',(14.6559313368308,-10.9713644247715,14.8609489051095));
#8164=CARTESIAN_POINT('',(14.6559313368308,-10.9713644247715,14.9850305553061));
#8165=CARTESIAN_POINT('',(14.616220029114,-10.9477194304284,15.1055140956803));
#8166=CARTESIAN_POINT('',(14.5450355369251,-10.905334603237,15.1978802320057));
#8167=CARTESIAN_POINT('',(14.5450355370046,-10.9053346032843,15.1978802320353));
#8168=CARTESIAN_POINT('',(14.5450355369251,-10.9053346032369,15.1978802320057));
#8169=CARTESIAN_POINT('',(14.4613429839432,-10.8555021989409,15.3064763253374));
#8170=CARTESIAN_POINT('',(14.3318635149571,-10.7925642641882,15.3664233576642));
#8171=CARTESIAN_POINT('',(14.1918054181675,-10.7519253035527,15.3664233576642));
#8172=CARTESIAN_POINT('',(14.1918054181675,-10.7519253035527,15.3664233576642));
#8173=CARTESIAN_POINT('',(-0.8255208037561,-0.0339180446924895,15.3664233576642));
#8174=CARTESIAN_POINT('',(12.8691340344849,-9.90746563786918,15.3664233576642));
#8175=CARTESIAN_POINT('',(13.876805995471,-10.5074558972462,21.735401459854));
#8176=CARTESIAN_POINT('',(14.5450355370841,-10.9053346033317,21.735401459854));
#8177=CARTESIAN_POINT('',(14.5450355370841,-10.9053346033317,20.1431569343066));
#8178=CARTESIAN_POINT('',(14.6559313368308,-10.9713644247715,0.));
#8179=CARTESIAN_POINT('',(13.7692323462953,-12.2082809601827,20.1431569343066));
#8180=CARTESIAN_POINT('',(13.7692323462953,-12.2082809601827,21.735401459854));
#8181=CARTESIAN_POINT('',(12.6047573609188,-11.2369222169255,21.735401459854));
#8182=CARTESIAN_POINT('',(12.6047573609188,-11.2369222169255,20.1431569343066));
#8183=CARTESIAN_POINT('',(12.6047573609189,-11.2369222169255,15.3664233576642));
#8184=CARTESIAN_POINT('',(13.7692323462953,-12.2082809601827,15.3664233576642));
#8185=CARTESIAN_POINT('',(17.703665930169,-4.26371365303245,20.1431569343066));
#8186=CARTESIAN_POINT('',(17.703665930169,-4.26371365303245,21.735401459854));
#8187=CARTESIAN_POINT('',(16.2252733716111,-3.92622996087767,21.735401459854));
#8188=CARTESIAN_POINT('',(16.8014072329271,-5.48251184917529,15.3664233576642));
#8189=CARTESIAN_POINT('',(16.9451668018493,-5.58893498122644,15.3664233576642));
#8190=CARTESIAN_POINT('',(17.105539600574,-5.66019064521466,15.2729273008342));
#8191=CARTESIAN_POINT('',(17.1916193294282,-5.69107067856582,15.119094233429));
#8192=CARTESIAN_POINT('',(16.8014072329271,-5.4825118491753,15.3664233576642));
#8193=CARTESIAN_POINT('',(17.703665930169,-4.26371365303245,15.3664233576642));
#8194=CARTESIAN_POINT('',(16.2252733716111,-3.92622996087767,15.3664233576642));
#8195=CARTESIAN_POINT('',(16.2252733716112,-3.92622996087767,20.1431569343066));
#8196=CARTESIAN_POINT('',(-7.5515883159555,-17.9650263884739,15.3664233576642));
#8197=CARTESIAN_POINT('',(1.31034272219699,18.6330782488387,15.3664233576642));
#8198=CARTESIAN_POINT('',(3.56547276028347,17.8857622531594,15.3664233576642));
#8199=CARTESIAN_POINT('',(3.05425020231251,17.019734086276,15.3664233576642));
#8200=CARTESIAN_POINT('',(-0.8255208037561,-0.0339180446924895,15.3664233576642));
#8201=CARTESIAN_POINT('',(-0.8255208037561,-0.0339180446924895,15.3664233576642));
#8202=CARTESIAN_POINT('',(-0.991498224640702,19.5447433161086,21.2299270072993));
#8203=CARTESIAN_POINT('',(-6.33615235658888,17.6266720833796,21.2299270072993));
#8204=CARTESIAN_POINT('',(-4.97618319753205,16.9558340357974,21.2299270072993));
#8205=CARTESIAN_POINT('',(-4.84704419499325,17.9131972702986,21.2299270072993));
#8206=CARTESIAN_POINT('',(-0.8255208037561,-0.0339180446924895,21.2299270072993));
#8207=CARTESIAN_POINT('',(2.44568054151731,17.1468536440966,21.2299270072993));
#8208=CARTESIAN_POINT('',(1.31034272219699,18.6330782488387,21.2299270072993));
#8209=CARTESIAN_POINT('',(-0.109370243855021,19.8505636219515,21.2299270072993));
#8210=CARTESIAN_POINT('',(-2.63622238315723,19.7992915950573,21.2299270072993));
#8211=CARTESIAN_POINT('',(-5.11806931914946,19.3217496168566,21.2299270072993));
#8212=CARTESIAN_POINT('',(-5.06509486170564,19.0464345641448,21.2299270072993));
#8213=CARTESIAN_POINT('',(-7.5515883159555,-17.9650263884739,15.3664233576642));
#8214=CARTESIAN_POINT('',(-2.63622238315723,19.7992915950573,15.3664233576642));
#8215=CARTESIAN_POINT('',(0.396616079285478,19.8063668632997,15.3664233576642));
#8216=CARTESIAN_POINT('',(0.24207939028038,20.7550834655525,15.3664233576642));
#8217=CARTESIAN_POINT('',(1.31034272219699,18.6330782488387,15.3664233576642));
#8218=CARTESIAN_POINT('',(-0.8255208037561,-0.0339180446924895,15.3664233576642));
#8219=CARTESIAN_POINT('',(0.399954933943428,18.3751551441719,15.3664233576642));
#8220=CARTESIAN_POINT('',(0.484688720563617,-17.9462786653746,15.3664233576642));
#8221=CARTESIAN_POINT('',(-0.8255208037561,-0.0339180446924895,14.8609489051095));
#8222=CARTESIAN_POINT('',(-5.35011117934254,17.8524971464465,15.3664233576642));
#8223=CARTESIAN_POINT('',(-5.40060092081426,18.1148988114131,15.3664233576642));
#8224=CARTESIAN_POINT('',(-5.44577438829189,18.3496711182803,15.1281762563686));
#8225=CARTESIAN_POINT('',(-5.44577438829189,18.3496711182803,14.8609489051095));
#8226=CARTESIAN_POINT('',(-5.35011117934254,17.8524971464465,15.3664233576642));
#8227=CARTESIAN_POINT('',(-5.44577438829189,18.3496711182803,14.8609489051095));
#8228=CARTESIAN_POINT('',(-0.8255208037561,-0.0339180446924895,14.8609489051095));
#8229=CARTESIAN_POINT('',(-0.8255208037561,-0.0339180446924895,15.3664233576642));
#8230=CARTESIAN_POINT('',(-0.8255208037561,-0.0339180446924895,14.8609489051095));
#8231=CARTESIAN_POINT('',(0.398773000706563,18.881794957432,14.8609489051095));
#8232=CARTESIAN_POINT('',(0.398773000706563,18.881794957432,15.128261857405));
#8233=CARTESIAN_POINT('',(0.399331365317814,18.6424500151357,15.3664233576642));
#8234=CARTESIAN_POINT('',(0.399954933943427,18.3751551441719,15.3664233576642));
#8235=CARTESIAN_POINT('',(0.398773000706562,18.881794957432,14.8609489051095));
#8236=CARTESIAN_POINT('',(-0.8255208037561,-0.0339180446924895,14.8609489051095));
#8237=CARTESIAN_POINT('',(-2.63272456580618,19.5715445566593,13.0412408759124));
#8238=CARTESIAN_POINT('',(-0.8255208037561,-0.0339180446924895,13.0412408759124));
#8239=CARTESIAN_POINT('',(-5.4457743882919,18.3496711182803,13.0412408759124));
#8240=CARTESIAN_POINT('',(0.398773000706561,18.881794957432,13.0412408759124));
#8241=CARTESIAN_POINT('',(-5.05349615458422,16.3109508029327,13.0412408759124));
#8242=CARTESIAN_POINT('',(-5.61443870634792,19.2262412212164,13.0412408759124));
#8243=CARTESIAN_POINT('',(-2.63622238315723,19.7992915950573,13.0412408759124));
#8244=CARTESIAN_POINT('',(0.396616079283191,19.8063668633008,13.0412408759124));
#8245=CARTESIAN_POINT('',(0.403619966873324,16.8041259681747,13.0412408759124));
#8246=CARTESIAN_POINT('',(0.396616079286618,19.8063668633008,15.3664233576642));
#8247=CARTESIAN_POINT('',(0.398773000706561,18.881794957432,0.));
#8248=CARTESIAN_POINT('',(0.396616079283191,19.8063668633008,15.3664233576642));
#8249=CARTESIAN_POINT('',(-7.5515883159555,-17.9650263884739,15.3664233576642));
#8250=CARTESIAN_POINT('',(10.3679102302,-12.3168209417731,15.3664233576642));
#8251=CARTESIAN_POINT('',(10.6550277766186,-13.2277301684599,15.3664233576642));
#8252=CARTESIAN_POINT('',(-0.8255208037561,-0.0339180446924895,15.3664233576642));
#8253=CARTESIAN_POINT('',(-24.1522143907216,0.777770445903084,15.3664233576642));
#8254=CARTESIAN_POINT('',(-24.1522143907216,0.777770445903084,8.28978102189781));
#8255=CARTESIAN_POINT('',(-18.0305906431807,-13.5368178386273,8.28978102189781));
#8256=CARTESIAN_POINT('',(-18.5450559647027,-13.7460544445174,8.28978102189781));
#8257=CARTESIAN_POINT('',(-18.5450559647027,-13.7460544445174,15.3664233576642));
#8258=CARTESIAN_POINT('',(-18.5450559647027,-13.7460544445174,11.3226277372263));
#8259=CARTESIAN_POINT('',(-24.1522143907216,0.777770445903084,11.3226277372263));
#8260=CARTESIAN_POINT('',(-25.4797545302945,-14.7341395667257,11.3226277372263));
#8261=CARTESIAN_POINT('',(-25.4797545302945,-14.7341395667257,15.3664233576642));
#8262=CARTESIAN_POINT('',(-25.4797545302945,-14.7341395667257,8.28978102189781));
#8263=CARTESIAN_POINT('',(-24.1522143907216,0.777770445903084,8.28978102189781));
#8264=CARTESIAN_POINT('',(-26.5702351146052,-14.6019204105784,8.28978102189781));
#8265=CARTESIAN_POINT('',(-26.5702351146052,-14.6019204105784,15.3664233576642));
#8266=CARTESIAN_POINT('',(-26.5702351146052,-14.6019204105784,15.3664233576642));
#8267=CARTESIAN_POINT('',(-24.1522143907216,0.777770445903084,15.3664233576642));
#8268=CARTESIAN_POINT('',(-24.1522143907216,0.777770445903084,0.));
#8269=CARTESIAN_POINT('',(-18.0305906431807,-13.5368178386273,0.));
#8270=CARTESIAN_POINT('',(-18.0305906431806,-13.5368178386273,15.3664233576642));
#8271=CARTESIAN_POINT('',(-18.0305906431807,-13.5368178386273,0.));
#8272=CARTESIAN_POINT('',(-11.1895824936121,-16.2938245450939,7.68321167883212));
#8273=CARTESIAN_POINT('',(-11.1895824936121,-16.2938245450939,8.28978102189781));
#8274=CARTESIAN_POINT('',(-17.53450765741,-13.7367451137936,8.28978102189781));
#8275=CARTESIAN_POINT('',(-18.0305906431807,-13.5368178386273,0.));
#8276=CARTESIAN_POINT('',(-7.91096270127211,-17.615146864525,0.));
#8277=CARTESIAN_POINT('',(-7.91096270127211,-17.615146864525,0.));
#8278=CARTESIAN_POINT('',(-26.5702351146052,-14.6019204105784,15.3664233576642));
#8279=CARTESIAN_POINT('',(-25.7858725835397,-20.5666031050559,15.3664233576642));
#8280=CARTESIAN_POINT('',(-25.7858725835397,-20.5666031050559,8.28978102189781));
#8281=CARTESIAN_POINT('',(-25.7858725835398,-20.5666031050559,18.3992700729927));
#8282=CARTESIAN_POINT('',(-26.175313915675,-17.6050975737479,18.3992700729927));
#8283=CARTESIAN_POINT('',(-25.8627966424778,-19.9816343119736,18.3992700729927));
#8284=CARTESIAN_POINT('',(-25.8627966424778,-19.9816343119736,18.7025547445255));
#8285=CARTESIAN_POINT('',(-25.9023384960367,-19.6809383961319,18.7025547445255));
#8286=CARTESIAN_POINT('',(-25.9023384960367,-19.6809383961319,16.8828467153285));
#8287=CARTESIAN_POINT('',(-25.9023384960367,-19.6809383961319,18.3992700729927));
#8288=CARTESIAN_POINT('',(-26.5702351146052,-14.6019204105784,18.3992700729927));
#8289=CARTESIAN_POINT('',(-26.4501078494086,-15.5154278659632,18.3992700729927));
#8290=CARTESIAN_POINT('',(-26.4501078494086,-15.5154278659632,16.8828467153285));
#8291=CARTESIAN_POINT('',(-26.4501078494086,-15.5154278659632,18.7025547445255));
#8292=CARTESIAN_POINT('',(-26.4896497029676,-15.2147319501214,18.7025547445255));
#8293=CARTESIAN_POINT('',(-26.4896497029676,-15.2147319501214,18.3992700729927));
#8294=CARTESIAN_POINT('',(-26.175313915675,-17.6050975737479,18.3992700729927));
#8295=CARTESIAN_POINT('',(-26.5702351146052,-14.6019204105784,18.3992700729927));
#8296=CARTESIAN_POINT('',(-26.5702351146052,-14.6019204105784,15.3664233576642));
#8297=CARTESIAN_POINT('',(-26.5702351146052,-14.6019204105784,8.28978102189781));
#8298=CARTESIAN_POINT('',(-18.5374996383048,-17.6563528814739,8.28978102189781));
#8299=CARTESIAN_POINT('',(-16.815282204947,-24.6985565598927,8.28978102189781));
#8300=CARTESIAN_POINT('',(-17.0030919462042,-24.3404360057664,8.28978102189781));
#8301=CARTESIAN_POINT('',(-17.2194811829862,-24.6864728373355,8.28978102189781));
#8302=CARTESIAN_POINT('',(-19.4211423648894,-19.7296338713914,8.28978102189781));
#8303=CARTESIAN_POINT('',(-16.1511406117262,-15.6782695722977,8.28978102189781));
#8304=CARTESIAN_POINT('',(-16.3902541402507,-15.4852724487788,8.28978102189781));
#8305=CARTESIAN_POINT('',(-13.1698774031336,-21.1897690131598,8.28978102189781));
#8306=CARTESIAN_POINT('',(-13.1698774031336,-21.1897690131598,8.28978102189781));
#8307=CARTESIAN_POINT('',(-19.4211423648894,-19.7296338713914,8.28978102189781));
#8308=CARTESIAN_POINT('',(-16.6547442039721,-25.5225044438774,8.28978102189781));
#8309=CARTESIAN_POINT('',(-16.8290055054472,-25.1575992109649,8.28978102189781));
#8310=CARTESIAN_POINT('',(-17.2332044834863,-25.1455154884078,8.28978102189781));
#8311=CARTESIAN_POINT('',(-17.143339180998,-22.139532584124,8.28978102189781));
#8312=CARTESIAN_POINT('',(-13.1698774031336,-21.1897690131598,15.3664233576642));
#8313=CARTESIAN_POINT('',(-11.2590061060832,-16.4654626934307,15.3664233576642));
#8314=CARTESIAN_POINT('',(-10.5047641620045,-14.600726963444,15.3664233576642));
#8315=CARTESIAN_POINT('',(-10.5047641620045,-14.600726963444,20.1431569343066));
#8316=CARTESIAN_POINT('',(-10.5047641620045,-14.600726963444,18.3992700729927));
#8317=CARTESIAN_POINT('',(-14.1693159131372,-23.6607118109707,18.3992700729927));
#8318=CARTESIAN_POINT('',(-13.1698774031336,-21.1897690131597,18.3992700729927));
#8319=CARTESIAN_POINT('',(-13.1698774031336,-21.1897690131598,15.3664233576642));
#8320=CARTESIAN_POINT('',(-19.4211423648894,-19.7296338713914,11.3226277372263));
#8321=CARTESIAN_POINT('',(-18.0251376474607,-24.2952076842129,11.3226277372263));
#8322=CARTESIAN_POINT('',(-18.2468417935677,-23.5701337421101,11.3226277372263));
#8323=CARTESIAN_POINT('',(-18.7815836906577,-24.2434937243084,11.3226277372263));
#8324=CARTESIAN_POINT('',(-19.4211423648894,-19.7296338713914,11.3226277372263));
#8325=CARTESIAN_POINT('',(-21.4536730909292,-23.193337082768,11.3226277372263));
#8326=CARTESIAN_POINT('',(-21.8374083117558,-23.8472730354535,11.3226277372263));
#8327=CARTESIAN_POINT('',(-21.0883479427164,-23.964718824871,11.3226277372263));
#8328=CARTESIAN_POINT('',(-20.8914819276948,-22.7091222590447,11.3226277372263));
#8329=CARTESIAN_POINT('',(-21.2342720490211,-24.8954117467935,11.3226277372263));
#8330=CARTESIAN_POINT('',(-21.9833324180606,-24.777965957376,11.3226277372263));
#8331=CARTESIAN_POINT('',(-22.3264828716103,-25.4540818617489,11.3226277372263));
#8332=CARTESIAN_POINT('',(-19.4211423648894,-19.7296338713914,11.3226277372263));
#8333=CARTESIAN_POINT('',(-23.4527711564499,-24.7252597122009,11.3226277372263));
#8334=CARTESIAN_POINT('',(-23.1988102876901,-24.4105746198663,11.3226277372263));
#8335=CARTESIAN_POINT('',(-22.7971798261698,-24.4576469320863,11.3226277372263));
#8336=CARTESIAN_POINT('',(-22.71555133874,-23.7611762143011,11.3226277372263));
#8337=CARTESIAN_POINT('',(-22.7407188734998,-23.975910696722,11.3226277372263));
#8338=CARTESIAN_POINT('',(-23.1423493350201,-23.928838384502,11.3226277372263));
#8339=CARTESIAN_POINT('',(-22.8741542380738,-23.6261930141877,11.3226277372263));
#8340=CARTESIAN_POINT('',(-19.4211423648894,-19.7296338713914,11.3226277372263));
#8341=CARTESIAN_POINT('',(-24.5639605343988,-20.540735236825,11.3226277372263));
#8342=CARTESIAN_POINT('',(-25.4797545302945,-14.7341395667257,11.3226277372263));
#8343=CARTESIAN_POINT('',(-23.2380987741474,-9.95813090726508,11.3226277372263));
#8344=CARTESIAN_POINT('',(-16.1511406117262,-15.6782695722977,11.3226277372263));
#8345=CARTESIAN_POINT('',(-19.4211423648894,-19.7296338713914,11.3226277372263));
#8346=CARTESIAN_POINT('',(-17.0030919462042,-24.3404360057664,11.3226277372263));
#8347=CARTESIAN_POINT('',(-16.815282204947,-24.6985565598927,11.3226277372263));
#8348=CARTESIAN_POINT('',(-17.2194811829862,-24.6864728373355,11.3226277372263));
#8349=CARTESIAN_POINT('',(-17.2122385558368,-24.4442078831144,11.3226277372263));
#8350=CARTESIAN_POINT('',(-17.2332044834863,-25.1455154884078,11.3226277372263));
#8351=CARTESIAN_POINT('',(-16.8290055054472,-25.1575992109649,11.3226277372263));
#8352=CARTESIAN_POINT('',(-16.6547442039721,-25.5225044438774,11.3226277372263));
#8353=CARTESIAN_POINT('',(-19.4211423648894,-19.7296338713914,11.3226277372263));
#8354=CARTESIAN_POINT('',(-17.9107954608144,-25.9689575914474,11.3226277372263));
#8355=CARTESIAN_POINT('',(-18.0891828904296,-25.2320295930156,11.3226277372263));
#8356=CARTESIAN_POINT('',(-18.8456289336266,-25.1803156331112,11.3226277372263));
#8357=CARTESIAN_POINT('',(-18.6105105434154,-21.7411209497643,11.3226277372263));
#8358=CARTESIAN_POINT('',(-19.4211423648894,-19.7296338713914,15.3664233576642));
#8359=CARTESIAN_POINT('',(-22.8741542380738,-23.6261930141877,1.33282476701693E-12));
#8360=CARTESIAN_POINT('',(-22.8741542380738,-23.6261930141877,15.3664233576642));
#8361=CARTESIAN_POINT('',(-22.8741542380738,-23.6261930141877,18.3992700729927));
#8362=CARTESIAN_POINT('',(-19.4211423648894,-19.7296338713914,15.3664233576642));
#8363=CARTESIAN_POINT('',(-24.5639605343988,-20.540735236825,15.3664233576642));
#8364=CARTESIAN_POINT('',(-24.5639598897313,-20.5407393243632,15.3664233576642));
#8365=CARTESIAN_POINT('',(-24.5639605343988,-20.540735236825,18.3992700729927));
#8366=CARTESIAN_POINT('',(-19.4211423648894,-19.7296338713914,18.3992700729927));
#8367=CARTESIAN_POINT('',(-24.1522143907216,0.777770445903084,15.3664233576642));
#8368=CARTESIAN_POINT('',(-25.4797545302945,-14.7341395667257,15.3664233576642));
#8369=CARTESIAN_POINT('',(-25.4797545302945,-14.7341395667257,18.3992700729927));
#8370=CARTESIAN_POINT('',(-25.4797545302945,-14.7341395667257,15.3664233576642));
#8371=CARTESIAN_POINT('',(-24.1522143907216,0.777770445903084,15.3664233576642));
#8372=CARTESIAN_POINT('',(-24.1522143907216,0.777770445903084,18.3992700729927));
#8373=CARTESIAN_POINT('',(-17.2760014090615,-26.577067189368,11.3226277372263));
#8374=CARTESIAN_POINT('',(-17.2194811829862,-24.6864728373355,15.3664233576642));
#8375=CARTESIAN_POINT('',(-17.2194811829862,-24.6864728373355,15.3664233576642));
#8376=CARTESIAN_POINT('',(-17.2194811829862,-24.6864728373355,18.3992700729927));
#8377=CARTESIAN_POINT('',(-17.2760014090615,-26.577067189368,15.3664233576642));
#8378=CARTESIAN_POINT('',(-17.2332044834863,-25.1455154884078,15.3664233576642));
#8379=CARTESIAN_POINT('',(-17.2332044834863,-25.1455154884078,15.3664233576642));
#8380=CARTESIAN_POINT('',(-17.2332044834864,-25.1455154884078,18.3992700729927));
#8381=CARTESIAN_POINT('',(-17.0267544742846,-18.2397890170597,18.3992700729927));
#8382=CARTESIAN_POINT('',(-16.1511406117262,-15.6782695722977,11.3226277372263));
#8383=CARTESIAN_POINT('',(-17.309204726774,-14.7435543998281,15.3664233576642));
#8384=CARTESIAN_POINT('',(-17.309204726774,-14.7435543998281,15.3664233576642));
#8385=CARTESIAN_POINT('',(-17.309204726774,-14.7435543998281,18.3992700729927));
#8386=CARTESIAN_POINT('',(-16.1511406117262,-15.6782695722977,15.3664233576642));
#8387=CARTESIAN_POINT('',(-16.1511406129319,-15.6782695713245,15.3664233576642));
#8388=CARTESIAN_POINT('',(-16.1511406153432,-15.6782695693782,15.3664233576642));
#8389=CARTESIAN_POINT('',(-16.1511406141375,-15.6782695703514,18.3992700729927));
#8390=CARTESIAN_POINT('',(-22.490553171558,-10.5615018327378,18.3992700729927));
#8391=CARTESIAN_POINT('',(-16.6742529307456,-13.9568817198256,15.3664233576642));
#8392=CARTESIAN_POINT('',(-17.6446040486892,-14.2404948306785,15.3664233576642));
#8393=CARTESIAN_POINT('',(-17.6446040486892,-14.2404948306785,18.3992700729927));
#8394=CARTESIAN_POINT('',(-17.6446040486892,-14.2404948306785,15.3664233576642));
#8395=CARTESIAN_POINT('',(-16.6742529307456,-13.9568817198256,15.3664233576642));
#8396=CARTESIAN_POINT('',(-16.6742529307456,-13.9568817198256,18.3992700729927));
#8397=CARTESIAN_POINT('',(-19.4211423648894,-19.7296338713914,15.3664233576642));
#8398=CARTESIAN_POINT('',(-22.8741542380738,-23.6261930141877,1.33282476701693E-12));
#8399=CARTESIAN_POINT('',(-22.8741542380738,-23.6261930141877,8.28978102189781));
#8400=CARTESIAN_POINT('',(-19.4211423648894,-19.7296338713914,8.28978102189781));
#8401=CARTESIAN_POINT('',(-24.5639605343988,-20.540735236825,8.28978102189781));
#8402=CARTESIAN_POINT('',(-24.5639598897313,-20.5407393243632,15.3664233576642));
#8403=CARTESIAN_POINT('',(-25.4797545302945,-14.7341395667257,15.3664233576642));
#8404=CARTESIAN_POINT('',(-24.8615669486732,-18.6537605195289,8.28978102189781));
#8405=CARTESIAN_POINT('',(-16.1511406117262,-15.6782695722977,11.3226277372263));
#8406=CARTESIAN_POINT('',(-16.1511406153432,-15.6782695693782,15.3664233576642));
#8407=CARTESIAN_POINT('',(-21.9833324180606,-24.777965957376,15.3664233576642));
#8408=CARTESIAN_POINT('',(-21.9833324180606,-24.777965957376,15.3664233576642));
#8409=CARTESIAN_POINT('',(-21.2342720490212,-24.8954117467935,15.3664233576642));
#8410=CARTESIAN_POINT('',(-22.3264828716104,-25.4540818617489,15.3664233576642));
#8411=CARTESIAN_POINT('',(-22.3264828716103,-25.4540818617489,15.3664233576642));
#8412=CARTESIAN_POINT('',(-21.2342720490211,-24.8954117467935,15.3664233576642));
#8413=CARTESIAN_POINT('',(-18.7436138742725,-23.688090165605,15.3664233576642));
#8414=CARTESIAN_POINT('',(-18.7815836906577,-24.2434937243084,15.3664233576642));
#8415=CARTESIAN_POINT('',(-18.7815836906577,-24.2434937243085,15.3664233576642));
#8416=CARTESIAN_POINT('',(-18.8456289336266,-25.1803156331112,15.3664233576642));
#8417=CARTESIAN_POINT('',(-18.8456289336266,-25.1803156331112,15.3664233576642));
#8418=CARTESIAN_POINT('',(-18.3021155982717,-17.2300733249621,15.3664233576642));
#8419=CARTESIAN_POINT('',(-18.0891828904296,-25.2320295930156,15.3664233576642));
#8420=CARTESIAN_POINT('',(-17.9107954608144,-25.9689575914474,15.3664233576642));
#8421=CARTESIAN_POINT('',(-17.9107954608144,-25.9689575914474,15.3664233576642));
#8422=CARTESIAN_POINT('',(-18.0891828904296,-25.2320295930156,15.3664233576642));
#8423=CARTESIAN_POINT('',(-21.3827082493505,-25.8421266145544,15.3664233576642));
#8424=CARTESIAN_POINT('',(-21.0883479427164,-23.964718824871,15.3664233576642));
#8425=CARTESIAN_POINT('',(-21.0883479427164,-23.964718824871,15.3664233576642));
#8426=CARTESIAN_POINT('',(-19.8454273606203,-16.0374652849229,15.3664233576642));
#8427=CARTESIAN_POINT('',(-21.8374083117558,-23.8472730354535,15.3664233576642));
#8428=CARTESIAN_POINT('',(-21.4536730909292,-23.193337082768,15.3664233576642));
#8429=CARTESIAN_POINT('',(-21.4536730909292,-23.1933370827681,15.3664233576642));
#8430=CARTESIAN_POINT('',(-21.8374083117558,-23.8472730354535,15.3664233576642));
#8431=CARTESIAN_POINT('',(-19.4211423648894,-19.7296338713914,15.3664233576642));
#8432=CARTESIAN_POINT('',(-18.2468417935677,-23.5701337421101,15.3664233576642));
#8433=CARTESIAN_POINT('',(-18.2468417935677,-23.5701337421101,15.3664233576642));
#8434=CARTESIAN_POINT('',(-19.4211423648894,-19.7296338713914,15.3664233576642));
#8435=CARTESIAN_POINT('',(-18.0251376474607,-24.2952076842129,15.3664233576642));
#8436=CARTESIAN_POINT('',(-18.0251376474607,-24.2952076842129,15.3664233576642));
#8437=CARTESIAN_POINT('',(-23.1988102876901,-24.4105746198663,15.3664233576642));
#8438=CARTESIAN_POINT('',(-23.1988102876901,-24.4105746198663,18.3992700729927));
#8439=CARTESIAN_POINT('',(-22.7971798261698,-24.4576469320863,18.3992700729927));
#8440=CARTESIAN_POINT('',(-23.4527711564498,-24.7252597122009,18.3992700729927));
#8441=CARTESIAN_POINT('',(-23.4527711564499,-24.7252597122009,15.3664233576642));
#8442=CARTESIAN_POINT('',(-23.4527711564499,-24.7252597122008,15.3664233576642));
#8443=CARTESIAN_POINT('',(-23.1988102876901,-24.4105746198663,15.3664233576642));
#8444=CARTESIAN_POINT('',(-22.7971798261698,-24.4576469320863,15.3664233576642));
#8445=CARTESIAN_POINT('',(-22.7971798261698,-24.4576469320863,15.3664233576642));
#8446=CARTESIAN_POINT('',(-22.71555133874,-23.7611762143011,11.3226277372263));
#8447=CARTESIAN_POINT('',(-22.7407188734998,-23.975910696722,15.3664233576642));
#8448=CARTESIAN_POINT('',(-22.7407188734998,-23.9759106967219,18.3992700729927));
#8449=CARTESIAN_POINT('',(-22.7407188734998,-23.9759106967219,15.3664233576642));
#8450=CARTESIAN_POINT('',(-22.1150468075673,-18.6375504431058,18.3992700729927));
#8451=CARTESIAN_POINT('',(-21.8399520720509,-16.2903866778972,15.3664233576642));
#8452=CARTESIAN_POINT('',(-23.1423493350201,-23.928838384502,15.3664233576642));
#8453=CARTESIAN_POINT('',(-23.1423493350201,-23.928838384502,18.3992700729927));
#8454=CARTESIAN_POINT('',(-23.1423493350201,-23.928838384502,15.3664233576642));
#8455=CARTESIAN_POINT('',(-19.4211423648894,-19.7296338713914,15.3664233576642));
#8456=CARTESIAN_POINT('',(-23.4527711564499,-24.7252597122009,15.3664233576642));
#8457=CARTESIAN_POINT('',(-23.4527711564499,-24.7252597122009,8.28978102189781));
#8458=CARTESIAN_POINT('',(-19.4211423648894,-19.7296338713914,15.3664233576642));
#8459=CARTESIAN_POINT('',(-19.4211423648894,-19.7296338713914,18.3992700729927));
#8460=CARTESIAN_POINT('',(-19.4211423648894,-19.7296338713914,8.28978102189781));
#8461=CARTESIAN_POINT('',(-23.1988102876901,-24.4105746198663,15.3664233576642));
#8462=CARTESIAN_POINT('',(-23.1988102876901,-24.4105746198663,8.28978102189781));
#8463=CARTESIAN_POINT('',(-22.7971798261698,-24.4576469320863,8.28978102189781));
#8464=CARTESIAN_POINT('',(-22.7971798261698,-24.4576469320863,15.3664233576642));
#8465=CARTESIAN_POINT('',(-22.71555133874,-23.7611762143011,11.3226277372263));
#8466=CARTESIAN_POINT('',(-22.7407188734998,-23.975910696722,15.3664233576642));
#8467=CARTESIAN_POINT('',(-22.7407188734998,-23.975910696722,8.28978102189781));
#8468=CARTESIAN_POINT('',(-22.3343399192854,-20.5086034998576,8.28978102189781));
#8469=CARTESIAN_POINT('',(-18.5374996383048,-17.6563528814739,8.28978102189781));
#8470=CARTESIAN_POINT('',(-23.1423493350201,-23.928838384502,8.28978102189781));
#8471=CARTESIAN_POINT('',(-23.1423493350201,-23.928838384502,15.3664233576642));
#8472=CARTESIAN_POINT('',(-17.2760014090615,-26.577067189368,11.3226277372263));
#8473=CARTESIAN_POINT('',(-17.2194811829862,-24.6864728373355,15.3664233576642));
#8474=CARTESIAN_POINT('',(-17.2332044834863,-25.1455154884078,15.3664233576642));
#8475=CARTESIAN_POINT('',(-16.8290055054472,-25.1575992109649,15.3664233576642));
#8476=CARTESIAN_POINT('',(-16.6547442039721,-25.5225044438774,15.3664233576642));
#8477=CARTESIAN_POINT('',(-19.4211423648894,-19.7296338713914,15.3664233576642));
#8478=CARTESIAN_POINT('',(-16.6547442039721,-25.5225044438774,15.3664233576642));
#8479=CARTESIAN_POINT('',(-16.6547442039721,-25.5225044438775,15.3664233576642));
#8480=CARTESIAN_POINT('',(-16.6547442039721,-25.5225044438775,18.3992700729927));
#8481=CARTESIAN_POINT('',(-19.4211423648894,-19.7296338713914,15.3664233576642));
#8482=CARTESIAN_POINT('',(-19.4211423648894,-19.7296338713914,18.3992700729927));
#8483=CARTESIAN_POINT('',(-16.8290055054472,-25.1575992109649,15.3664233576642));
#8484=CARTESIAN_POINT('',(-16.8290055054472,-25.1575992109649,18.3992700729927));
#8485=CARTESIAN_POINT('',(-16.8290055054472,-25.1575992109649,15.3664233576642));
#8486=CARTESIAN_POINT('',(-28.4132224977127,-17.8993850873696,18.3992700729927));
#8487=CARTESIAN_POINT('',(-17.4601097012867,-11.315889374271,18.3992700729927));
#8488=CARTESIAN_POINT('',(-15.7544431364257,-13.6987567246259,18.3992700729927));
#8489=CARTESIAN_POINT('',(-19.4211423648894,-19.7296338713914,18.3992700729927));
#8490=CARTESIAN_POINT('',(-17.0030919462042,-24.3404360057665,18.3992700729927));
#8491=CARTESIAN_POINT('',(-16.815282204947,-24.6985565598927,18.3992700729927));
#8492=CARTESIAN_POINT('',(-0.8255208037561,-0.0339180446924895,18.3992700729927));
#8493=CARTESIAN_POINT('',(-13.5001941468526,-12.0851557284084,18.3992700729927));
#8494=CARTESIAN_POINT('',(-26.1127203795363,-21.1132555470228,18.3992700729927));
#8495=CARTESIAN_POINT('',(-19.4211423648894,-19.7296338713914,15.3664233576642));
#8496=CARTESIAN_POINT('',(-17.0030919462042,-24.3404360057664,15.3664233576642));
#8497=CARTESIAN_POINT('',(-17.0030919462042,-24.3404360057665,15.3664233576642));
#8498=CARTESIAN_POINT('',(-19.4211423648894,-19.7296338713914,15.3664233576642));
#8499=CARTESIAN_POINT('',(-16.815282204947,-24.6985565598927,15.3664233576642));
#8500=CARTESIAN_POINT('',(-16.815282204947,-24.6985565598927,15.3664233576642));
#8501=CARTESIAN_POINT('',(-19.4211423648894,-19.7296338713914,15.3664233576642));
#8502=CARTESIAN_POINT('',(-17.0030919462042,-24.3404360057664,15.3664233576642));
#8503=CARTESIAN_POINT('',(-16.815282204947,-24.6985565598927,15.3664233576642));
#8504=CARTESIAN_POINT('',(-7.5515883159555,-17.9650263884739,15.3664233576642));
#8505=CARTESIAN_POINT('',(-5.2884169311653,-18.7796958399699,15.3664233576642));
#8506=CARTESIAN_POINT('',(-4.68126681057682,-17.0930181614777,15.3664233576642));
#8507=CARTESIAN_POINT('',(-5.00890306941546,-18.0031995905981,15.3664233576642));
#8508=CARTESIAN_POINT('',(-0.8255208037561,-0.0339180446924895,15.3664233576642));
#8509=CARTESIAN_POINT('',(-2.02216569507308,-18.4448878035276,15.3664233576642));
#8510=CARTESIAN_POINT('',(-2.91765287263065,-16.1538119242635,15.3664233576642));
#8511=CARTESIAN_POINT('',(-2.41049190701072,-17.4513673604064,15.3664233576642));
#8512=CARTESIAN_POINT('',(-0.8255208037561,-0.0339180446924895,15.3664233576642));
#8513=CARTESIAN_POINT('',(-0.8255208037561,-0.0339180446924895,14.8609489051095));
#8514=CARTESIAN_POINT('',(-1.81960803857566,-18.9631252195309,14.8609489051095));
#8515=CARTESIAN_POINT('',(-1.81960803857566,-18.9631252195309,15.1418433656816));
#8516=CARTESIAN_POINT('',(-1.92015777799282,-18.7058718624552,15.3664233576642));
#8517=CARTESIAN_POINT('',(-2.02216569507308,-18.4448878035276,15.3664233576642));
#8518=CARTESIAN_POINT('',(-1.81960803857566,-18.9631252195309,14.8609489051095));
#8519=CARTESIAN_POINT('',(-0.8255208037561,-0.0339180446924895,15.3664233576642));
#8520=CARTESIAN_POINT('',(-0.8255208037561,-0.0339180446924895,14.8609489051095));
#8521=CARTESIAN_POINT('',(9.39460418353944,-14.2264766338854,15.3664233576642));
#8522=CARTESIAN_POINT('',(8.93503909761462,-12.7684602839482,15.3664233576642));
#8523=CARTESIAN_POINT('',(11.7122205101141,-21.5793469900549,15.3664233576642));
#8524=CARTESIAN_POINT('',(9.39460418353944,-14.2264766338854,15.3664233576642));
#8525=CARTESIAN_POINT('',(11.7122204220192,-21.579346710565,15.3664233576642));
#8526=CARTESIAN_POINT('',(11.7122204220192,-21.579346710565,22.4430656934307));
#8527=CARTESIAN_POINT('',(12.9705609817799,-25.5715584039927,22.4430656934307));
#8528=CARTESIAN_POINT('',(9.39460418353944,-14.2264766338854,22.4430656934307));
#8529=CARTESIAN_POINT('',(9.39460418353944,-14.2264766338854,20.1431569343066));
#8530=CARTESIAN_POINT('',(11.4220843496072,-20.9703945616322,22.4430656934307));
#8531=CARTESIAN_POINT('',(5.3956002586051,-28.3897794136912,22.4430656934307));
#8532=CARTESIAN_POINT('',(5.50410399654627,-28.0002286865047,22.4430656934307));
#8533=CARTESIAN_POINT('',(5.78990886043223,-28.3000935356286,22.4430656934307));
#8534=CARTESIAN_POINT('',(6.86718220443222,-23.1064976762244,22.4430656934307));
#8535=CARTESIAN_POINT('',(2.13573538146723,-24.9558208938449,22.4430656934307));
#8536=CARTESIAN_POINT('',(2.01510615757312,-24.6471948050339,22.4430656934307));
#8537=CARTESIAN_POINT('',(-0.7693527675917,-17.5232439097832,22.4430656934307));
#8538=CARTESIAN_POINT('',(-0.8255208037561,-0.0339180446924895,22.4430656934307));
#8539=CARTESIAN_POINT('',(-2.41049190701073,-17.4513673604064,22.4430656934307));
#8540=CARTESIAN_POINT('',(0.615829015170232,-25.1941145950819,22.4430656934307));
#8541=CARTESIAN_POINT('',(0.736459740349888,-25.5027445248941,22.4430656934307));
#8542=CARTESIAN_POINT('',(6.86718220443222,-23.1064976762244,22.4430656934307));
#8543=CARTESIAN_POINT('',(5.4826077982766,-29.5416131068272,22.4430656934307));
#8544=CARTESIAN_POINT('',(5.56766721377454,-29.1462806821086,22.4430656934307));
#8545=CARTESIAN_POINT('',(5.96197581560167,-29.056594804046,22.4430656934307));
#8546=CARTESIAN_POINT('',(4.48180946608781,-22.5489668880798,22.4430656934307));
#8547=CARTESIAN_POINT('',(2.1357235551676,-24.9557906366371,15.3664233576642));
#8548=CARTESIAN_POINT('',(2.1357235551676,-24.9557906366371,15.3664233576642));
#8549=CARTESIAN_POINT('',(2.13573538146723,-24.9558208938449,15.3664233576642));
#8550=CARTESIAN_POINT('',(-0.769352767591697,-17.5232439097832,15.3664233576642));
#8551=CARTESIAN_POINT('',(-0.769352767591688,-17.5232439097832,20.1431569343066));
#8552=CARTESIAN_POINT('',(2.13573688275277,-24.9558247348461,15.3664233576642));
#8553=CARTESIAN_POINT('',(-2.41049190701072,-17.4513673604064,15.3664233576642));
#8554=CARTESIAN_POINT('',(-1.81960803857566,-18.9631252195309,0.));
#8555=CARTESIAN_POINT('',(-1.81960803857566,-18.9631252195309,8.59306569343066));
#8556=CARTESIAN_POINT('',(-2.41049190701072,-17.4513673604064,8.59306569343066));
#8557=CARTESIAN_POINT('',(0.736459740349888,-25.5027445248941,8.59306569343066));
#8558=CARTESIAN_POINT('',(0.73645974034989,-25.5027445248941,15.3664233576642));
#8559=CARTESIAN_POINT('',(-2.41049190701073,-17.4513673604064,20.1431569343066));
#8560=CARTESIAN_POINT('',(6.86718220443222,-23.1064976762244,15.3664233576642));
#8561=CARTESIAN_POINT('',(5.50410399654627,-28.0002286865047,1.33282476701693E-12));
#8562=CARTESIAN_POINT('',(5.50410399654627,-28.0002286865047,8.59306569343066));
#8563=CARTESIAN_POINT('',(5.50410399654627,-28.0002286865047,11.828102189781));
#8564=CARTESIAN_POINT('',(6.86718220443222,-23.1064976762244,8.59306569343066));
#8565=CARTESIAN_POINT('',(2.13573538146411,-24.9558208938461,8.59306569343066));
#8566=CARTESIAN_POINT('',(2.13573688275277,-24.9558247348461,15.3664233576642));
#8567=CARTESIAN_POINT('',(2.13573538146412,-24.9558208938461,11.828102189781));
#8568=CARTESIAN_POINT('',(6.86718220443222,-23.1064976762244,11.828102189781));
#8569=CARTESIAN_POINT('',(2.1357235551676,-24.9557906366371,15.3664233576642));
#8570=CARTESIAN_POINT('',(1.728922232941,-23.9150022028506,11.828102189781));
#8571=CARTESIAN_POINT('',(-0.200397051005253,-18.9788992796299,11.828102189781));
#8572=CARTESIAN_POINT('',(3.65954408512746,-28.8544377060913,8.59306569343066));
#8573=CARTESIAN_POINT('',(-0.200397051005253,-18.9788992796299,8.59306569343066));
#8574=CARTESIAN_POINT('',(-0.200397051005253,-18.9788992796299,0.));
#8575=CARTESIAN_POINT('',(9.39460418353944,-14.2264766338854,15.3664233576642));
#8576=CARTESIAN_POINT('',(10.2232748181776,-16.8555173748371,11.828102189781));
#8577=CARTESIAN_POINT('',(11.7122204220192,-21.579346710565,11.828102189781));
#8578=CARTESIAN_POINT('',(9.85671139136351,-15.6925581206357,11.828102189781));
#8579=CARTESIAN_POINT('',(9.85671139136351,-15.6925581206357,0.));
#8580=CARTESIAN_POINT('',(9.85671139136352,-15.6925581206357,8.59306569343066));
#8581=CARTESIAN_POINT('',(11.4729287086945,-20.820169738429,8.59306569343066));
#8582=CARTESIAN_POINT('',(11.7122204880904,-21.5793469201824,8.59306569343066));
#8583=CARTESIAN_POINT('',(11.7122204220192,-21.579346710565,15.3664233576642));
#8584=CARTESIAN_POINT('',(6.86718220443222,-23.1064976762244,15.3664233576642));
#8585=CARTESIAN_POINT('',(9.68550500766908,-25.971035129276,15.3664233576642));
#8586=CARTESIAN_POINT('',(9.68550500766909,-25.971035129276,15.3664233576642));
#8587=CARTESIAN_POINT('',(9.68550500766908,-25.971035129276,11.828102189781));
#8588=CARTESIAN_POINT('',(6.86718220443222,-23.1064976762244,15.3664233576642));
#8589=CARTESIAN_POINT('',(6.4253408228217,-27.1006552140134,15.3664233576642));
#8590=CARTESIAN_POINT('',(6.4253408228217,-27.1006552140134,15.3664233576642));
#8591=CARTESIAN_POINT('',(6.4253408228217,-27.1006552140134,11.828102189781));
#8592=CARTESIAN_POINT('',(6.86718220443222,-23.1064976762244,11.828102189781));
#8593=CARTESIAN_POINT('',(10.1355094973067,-24.5648077836167,4.7514598540146));
#8594=CARTESIAN_POINT('',(10.9810521255474,-26.433528046031,15.3664233576642));
#8595=CARTESIAN_POINT('',(10.9810521255473,-26.433528046031,15.3664233576642));
#8596=CARTESIAN_POINT('',(10.9810521255473,-26.433528046031,22.4430656934307));
#8597=CARTESIAN_POINT('',(10.1355094973067,-24.5648077836167,15.3664233576642));
#8598=CARTESIAN_POINT('',(11.306578063372,-27.1529677237444,15.3664233576642));
#8599=CARTESIAN_POINT('',(11.306578063372,-27.1529677237444,15.3664233576642));
#8600=CARTESIAN_POINT('',(11.306578063372,-27.1529677237444,22.4430656934307));
#8601=CARTESIAN_POINT('',(9.00416227391751,-22.0644353487314,22.4430656934307));
#8602=CARTESIAN_POINT('',(2.74842390547186,-23.5701236739368,8.59306569343066));
#8603=CARTESIAN_POINT('',(12.6535218060989,-15.1529485749452,8.59306569343066));
#8604=CARTESIAN_POINT('',(10.1486398831153,-15.4893666281892,8.59306569343066));
#8605=CARTESIAN_POINT('',(12.0341906354127,-17.6032627294271,8.59306569343066));
#8606=CARTESIAN_POINT('',(12.9057998412801,-20.3685303962539,8.59306569343066));
#8607=CARTESIAN_POINT('',(13.1450916867471,-21.1277077876249,8.59306569343066));
#8608=CARTESIAN_POINT('',(6.86718220443222,-23.1064976762244,8.59306569343066));
#8609=CARTESIAN_POINT('',(11.9896933544253,-27.2402171163364,8.59306569343066));
#8610=CARTESIAN_POINT('',(11.6749989599869,-26.9862677743255,8.59306569343066));
#8611=CARTESIAN_POINT('',(11.306578063372,-27.1529677237444,8.59306569343066));
#8612=CARTESIAN_POINT('',(8.50657456815003,-20.9647247048923,8.59306569343066));
#8613=CARTESIAN_POINT('',(10.9810521255473,-26.433528046031,8.59306569343066));
#8614=CARTESIAN_POINT('',(11.3494730221622,-26.2668280966122,8.59306569343066));
#8615=CARTESIAN_POINT('',(11.0189815332973,-26.0338083421135,8.59306569343066));
#8616=CARTESIAN_POINT('',(6.86718220443222,-23.1064976762244,8.59306569343066));
#8617=CARTESIAN_POINT('',(-0.8255208037561,-0.0339180446924895,8.59306569343066));
#8618=CARTESIAN_POINT('',(5.56766721377454,-29.1462806821086,15.3664233576642));
#8619=CARTESIAN_POINT('',(5.56766721377454,-29.1462806821086,8.59306569343066));
#8620=CARTESIAN_POINT('',(5.4826077982766,-29.5416131068272,8.59306569343066));
#8621=CARTESIAN_POINT('',(5.96197581560167,-29.056594804046,8.59306569343066));
#8622=CARTESIAN_POINT('',(5.96197581560167,-29.056594804046,15.3664233576642));
#8623=CARTESIAN_POINT('',(5.96197581560167,-29.056594804046,11.828102189781));
#8624=CARTESIAN_POINT('',(5.56766721377454,-29.1462806821086,11.828102189781));
#8625=CARTESIAN_POINT('',(5.4826077982766,-29.5416131068272,11.828102189781));
#8626=CARTESIAN_POINT('',(5.48260779827661,-29.5416131068272,1.33282476701693E-12));
#8627=CARTESIAN_POINT('',(6.31826216815042,-30.6230261816309,22.4430656934307));
#8628=CARTESIAN_POINT('',(5.78990886043223,-28.3000935356286,15.3664233576642));
#8629=CARTESIAN_POINT('',(5.78990886043223,-28.3000935356286,11.828102189781));
#8630=CARTESIAN_POINT('',(5.78990886043223,-28.3000935356286,8.59306569343066));
#8631=CARTESIAN_POINT('',(4.2459410143791,-21.5119590400501,11.828102189781));
#8632=CARTESIAN_POINT('',(4.6173838981882,-23.1450268912798,8.59306569343066));
#8633=CARTESIAN_POINT('',(2.74842390547186,-23.5701236739368,8.59306569343066));
#8634=CARTESIAN_POINT('',(5.3956002586051,-28.3897794136912,8.59306569343066));
#8635=CARTESIAN_POINT('',(6.86718220443222,-23.1064976762244,8.59306569343066));
#8636=CARTESIAN_POINT('',(-0.8255208037561,-0.0339180446924895,8.59306569343066));
#8637=CARTESIAN_POINT('',(5.3956002586051,-28.3897794136912,15.3664233576642));
#8638=CARTESIAN_POINT('',(5.3956002586051,-28.3897794136912,11.828102189781));
#8639=CARTESIAN_POINT('',(6.31826216815042,-30.6230261816309,22.4430656934307));
#8640=CARTESIAN_POINT('',(5.78990886043223,-28.3000935356286,15.3664233576642));
#8641=CARTESIAN_POINT('',(5.78990886043223,-28.3000935356286,15.3664233576642));
#8642=CARTESIAN_POINT('',(5.96197581560167,-29.056594804046,15.3664233576642));
#8643=CARTESIAN_POINT('',(5.96197581560167,-29.056594804046,15.3664233576642));
#8644=CARTESIAN_POINT('',(6.31826216815042,-30.6230261816309,15.3664233576642));
#8645=CARTESIAN_POINT('',(5.56766721377454,-29.1462806821086,15.3664233576642));
#8646=CARTESIAN_POINT('',(5.48260779827661,-29.5416131068272,1.33282476701693E-12));
#8647=CARTESIAN_POINT('',(5.4826077982766,-29.5416131068272,15.3664233576642));
#8648=CARTESIAN_POINT('',(5.56766721377454,-29.1462806821086,15.3664233576642));
#8649=CARTESIAN_POINT('',(6.86718220443222,-23.1064976762244,15.3664233576642));
#8650=CARTESIAN_POINT('',(5.50410399654627,-28.0002286865047,1.33282476701693E-12));
#8651=CARTESIAN_POINT('',(5.50410399654627,-28.0002286865047,15.3664233576642));
#8652=CARTESIAN_POINT('',(6.86718220443222,-23.1064976762244,15.3664233576642));
#8653=CARTESIAN_POINT('',(5.3956002586051,-28.3897794136912,15.3664233576642));
#8654=CARTESIAN_POINT('',(5.3956002586051,-28.3897794136912,15.3664233576642));
#8655=CARTESIAN_POINT('',(11.6749989599869,-26.9862677743255,15.3664233576642));
#8656=CARTESIAN_POINT('',(11.6749989599869,-26.9862677743255,22.4430656934307));
#8657=CARTESIAN_POINT('',(11.9896933544253,-27.2402171163364,22.4430656934307));
#8658=CARTESIAN_POINT('',(11.6749989599869,-26.9862677743255,15.3664233576642));
#8659=CARTESIAN_POINT('',(11.9896933544253,-27.2402171163364,15.3664233576642));
#8660=CARTESIAN_POINT('',(11.9896933544253,-27.2402171163364,15.3664233576642));
#8661=CARTESIAN_POINT('',(10.1355094973067,-24.5648077836167,4.7514598540146));
#8662=CARTESIAN_POINT('',(10.9810521255474,-26.433528046031,15.3664233576642));
#8663=CARTESIAN_POINT('',(10.9810521255474,-26.433528046031,11.828102189781));
#8664=CARTESIAN_POINT('',(11.306578063372,-27.1529677237444,15.3664233576642));
#8665=CARTESIAN_POINT('',(11.306578063372,-27.1529677237444,11.828102189781));
#8666=CARTESIAN_POINT('',(10.5913869978065,-25.572335368755,11.828102189781));
#8667=CARTESIAN_POINT('',(11.6749989599869,-26.9862677743255,15.3664233576642));
#8668=CARTESIAN_POINT('',(11.9896933544253,-27.2402171163364,15.3664233576642));
#8669=CARTESIAN_POINT('',(11.9896933544253,-27.2402171163364,11.828102189781));
#8670=CARTESIAN_POINT('',(11.6749989599869,-26.9862677743255,11.828102189781));
#8671=CARTESIAN_POINT('',(6.86718220443222,-23.1064976762244,15.3664233576642));
#8672=CARTESIAN_POINT('',(11.0189815332972,-26.0338083421135,15.3664233576642));
#8673=CARTESIAN_POINT('',(11.0189815332972,-26.0338083421135,11.828102189781));
#8674=CARTESIAN_POINT('',(6.86718220443222,-23.1064976762244,11.828102189781));
#8675=CARTESIAN_POINT('',(11.3494730221622,-26.2668280966122,15.3664233576642));
#8676=CARTESIAN_POINT('',(11.3494730221622,-26.2668280966122,11.828102189781));
#8677=CARTESIAN_POINT('',(11.4220843496072,-20.9703945616322,22.4430656934307));
#8678=CARTESIAN_POINT('',(11.3494730221622,-26.2668280966122,22.4430656934307));
#8679=CARTESIAN_POINT('',(11.0189815332972,-26.0338083421135,22.4430656934307));
#8680=CARTESIAN_POINT('',(6.86718220443222,-23.1064976762244,22.4430656934307));
#8681=CARTESIAN_POINT('',(13.1450916867471,-21.1277077876249,22.4430656934307));
#8682=CARTESIAN_POINT('',(10.6550277766186,-13.2277301684599,22.4430656934307));
#8683=CARTESIAN_POINT('',(10.6550277766186,-13.2277301684599,22.4430656934307));
#8684=CARTESIAN_POINT('',(-0.8255208037561,-0.0339180446924895,22.4430656934307));
#8685=CARTESIAN_POINT('',(6.86718220443222,-23.1064976762244,22.4430656934307));
#8686=CARTESIAN_POINT('',(6.86718220443222,-23.1064976762244,15.3664233576642));
#8687=CARTESIAN_POINT('',(11.0189815332972,-26.0338083421135,15.3664233576642));
#8688=CARTESIAN_POINT('',(11.0189815332973,-26.0338083421135,15.3664233576642));
#8689=CARTESIAN_POINT('',(6.86718220443222,-23.1064976762244,15.3664233576642));
#8690=CARTESIAN_POINT('',(11.3494730221622,-26.2668280966122,15.3664233576642));
#8691=CARTESIAN_POINT('',(11.3494730221622,-26.2668280966122,15.3664233576642));
#8692=CARTESIAN_POINT('',(6.86718220443222,-23.1064976762244,15.3664233576642));
#8693=CARTESIAN_POINT('',(6.71692276535089,-29.6871647390935,1.33282476701693E-12));
#8694=CARTESIAN_POINT('',(6.71692276535089,-29.6871647390935,15.3664233576642));
#8695=CARTESIAN_POINT('',(6.71692276535089,-29.6871647390935,11.828102189781));
#8696=CARTESIAN_POINT('',(6.86718220443222,-23.1064976762244,15.3664233576642));
#8697=CARTESIAN_POINT('',(6.86718220443222,-23.1064976762244,11.828102189781));
#8698=CARTESIAN_POINT('',(6.735384727387,-28.8786163628335,15.3664233576642));
#8699=CARTESIAN_POINT('',(6.735384727387,-28.8786163628335,15.3664233576642));
#8700=CARTESIAN_POINT('',(7.4838025988085,-28.5720841287506,15.3664233576642));
#8701=CARTESIAN_POINT('',(6.735384727387,-28.8786163628335,11.828102189781));
#8702=CARTESIAN_POINT('',(7.4838025988085,-28.5720841287506,11.828102189781));
#8703=CARTESIAN_POINT('',(7.4838025988085,-28.5720841287506,15.3664233576642));
#8704=CARTESIAN_POINT('',(6.86718220443222,-23.1064976762244,15.3664233576642));
#8705=CARTESIAN_POINT('',(11.1838951519301,-28.0757779279578,15.3664233576642));
#8706=CARTESIAN_POINT('',(11.1838951519301,-28.0757779279578,11.828102189781));
#8707=CARTESIAN_POINT('',(11.1838951519301,-28.0757779279578,15.3664233576642));
#8708=CARTESIAN_POINT('',(6.86718220443222,-23.1064976762244,11.828102189781));
#8709=CARTESIAN_POINT('',(13.1450916867471,-21.1277077876249,15.3664233576642));
#8710=CARTESIAN_POINT('',(6.86718220443222,-23.1064976762244,15.3664233576642));
#8711=CARTESIAN_POINT('',(10.6535125613605,-27.4652161960946,15.3664233576642));
#8712=CARTESIAN_POINT('',(10.6535125613605,-27.4652161960946,15.3664233576642));
#8713=CARTESIAN_POINT('',(9.91235958073812,-27.7889191156204,15.3664233576642));
#8714=CARTESIAN_POINT('',(9.91235958073818,-27.7889191156204,15.3664233576642));
#8715=CARTESIAN_POINT('',(9.91235958073818,-27.7889191156204,11.828102189781));
#8716=CARTESIAN_POINT('',(10.6535125613605,-27.4652161960946,11.828102189781));
#8717=CARTESIAN_POINT('',(-7.5515883159555,-17.9650263884739,15.3664233576642));
#8718=CARTESIAN_POINT('',(10.2527146284463,-26.5475458116511,15.3664233576642));
#8719=CARTESIAN_POINT('',(9.51156164782394,-26.8712487311769,15.3664233576642));
#8720=CARTESIAN_POINT('',(3.51139048809761,-13.1332053863974,15.3664233576642));
#8721=CARTESIAN_POINT('',(-0.8255208037561,-0.0339180446924895,15.3664233576642));
#8722=CARTESIAN_POINT('',(7.90733971795444,-29.6061768404929,15.3664233576642));
#8723=CARTESIAN_POINT('',(7.0848346425983,-27.5979785850201,15.3664233576642));
#8724=CARTESIAN_POINT('',(6.33641677117681,-27.904510819103,15.3664233576642));
#8725=CARTESIAN_POINT('',(7.90733971795444,-29.6061768404929,15.3664233576642));
#8726=CARTESIAN_POINT('',(7.08483464259831,-27.5979785850201,15.3664233576642));
#8727=CARTESIAN_POINT('',(7.08483464259831,-27.5979785850201,11.828102189781));
#8728=CARTESIAN_POINT('',(6.89109395930103,-27.1249484313238,11.828102189781));
#8729=CARTESIAN_POINT('',(6.33641677117681,-27.904510819103,15.3664233576642));
#8730=CARTESIAN_POINT('',(6.33641677117681,-27.904510819103,11.828102189781));
#8731=CARTESIAN_POINT('',(5.58892384250786,-21.2064962791424,11.828102189781));
#8732=CARTESIAN_POINT('',(10.2527146284463,-26.5475458116511,11.828102189781));
#8733=CARTESIAN_POINT('',(9.51156164782396,-26.8712487311768,11.828102189781));
#8734=CARTESIAN_POINT('',(-0.8255208037561,-0.0339180446924895,11.828102189781));
#8735=CARTESIAN_POINT('',(9.68529227850248,-27.2690238730924,11.828102189781));
#8736=CARTESIAN_POINT('',(9.70696605057121,-27.3186483274952,15.3664233576642));
#8737=CARTESIAN_POINT('',(9.51156164782396,-26.8712487311768,15.3664233576642));
#8738=CARTESIAN_POINT('',(10.2527146284463,-26.5475458116511,15.3664233576642));
#8739=CARTESIAN_POINT('',(-13.5057711714351,-0.0339180446924895,0.));
#8740=CARTESIAN_POINT('',(12.6535218060989,-15.1529485749452,0.));
#8741=CARTESIAN_POINT('',(10.1486398831153,-15.4893666281893,0.));
#8742=CARTESIAN_POINT('',(13.2740831719145,-12.7029456880296,0.));
#8743=CARTESIAN_POINT('',(-0.8255208037561,-0.0339180446924895,0.));
#8744=CARTESIAN_POINT('',(-24.1522143907216,0.777770445903084,0.));
#8745=CARTESIAN_POINT('',(-20.8666304491157,0.777770445903084,0.));
#8746=CARTESIAN_POINT('',(-0.8255208037561,-0.0339180446924895,0.));
#8747=CARTESIAN_POINT('',(8.88327803460471,-16.3140384009623,0.));
#8748=CARTESIAN_POINT('',(-24.1522143907216,0.777770445903084,0.));
#8749=CARTESIAN_POINT('',(-32.7370673117722,13.765534510052,0.));
#8750=CARTESIAN_POINT('',(-26.1712589916307,13.765534510052,0.));
#8751=CARTESIAN_POINT('',(-26.6885041443183,13.765534510052,0.));
#8752=CARTESIAN_POINT('',(-26.6885041443183,55.7199140720958,0.));
#8753=CARTESIAN_POINT('',(-26.6885041443183,16.1384002945737,0.));
#8754=CARTESIAN_POINT('',(-24.1522143907216,0.777770445903084,0.));
#8755=CARTESIAN_POINT('',(-13.5768573835801,17.4357215989408,0.));
#8756=CARTESIAN_POINT('',(-5.52474297935917,18.3296438277413,0.));
#8757=CARTESIAN_POINT('',(-0.8255208037561,-0.0339180446924895,0.));
#8758=CARTESIAN_POINT('',(14.1628952531065,-11.6378172947192,0.));
#8759=CARTESIAN_POINT('',(14.1628952531065,-11.6378172947192,0.));
#8760=CARTESIAN_POINT('',(15.669192623183,-13.1749264340417,0.));
#8761=CARTESIAN_POINT('',(12.6535218060989,-15.1529485749452,0.));
#8762=CARTESIAN_POINT('',(16.2593689041701,-15.2215690693241,0.));
#8763=CARTESIAN_POINT('',(12.5824744507888,-18.7587486720422,0.));
#8764=CARTESIAN_POINT('',(12.5824744507888,-18.7587486720422,0.));
#8765=CARTESIAN_POINT('',(12.6535218060989,-15.1529485749452,0.));
#8766=CARTESIAN_POINT('',(9.60181106263336,-17.0749016454279,0.));
#8767=CARTESIAN_POINT('',(8.88327803460471,-16.3140384009623,0.));
#8768=CARTESIAN_POINT('',(-24.1522143907216,0.777770445903084,15.3664233576642));
#8769=CARTESIAN_POINT('',(-26.6885041443183,16.1384002945737,1.18718980928758E-14));
#8770=CARTESIAN_POINT('',(-25.7917862050792,16.2864630070773,1.05835212145779));
#8771=CARTESIAN_POINT('',(-25.0430768709563,16.3323256821164,2.21814655085748));
#8772=CARTESIAN_POINT('',(-24.4464343394822,16.343603211413,3.47801008607021));
#8773=CARTESIAN_POINT('',(-38.8367468118262,55.7199140720958,10.292932672709));
#8774=CARTESIAN_POINT('',(-38.8367468118262,55.7199140720958,10.292932672709));
#8775=CARTESIAN_POINT('',(-37.5730606804394,55.7199140720958,10.292932672709));
#8776=CARTESIAN_POINT('',(-38.8367468118262,55.7199140720958,10.292932672709));
#8777=CARTESIAN_POINT('',(-35.7533526512423,55.7199140720958,10.292932672709));
#8778=CARTESIAN_POINT('',(-38.8367468118262,55.7199140720958,10.292932672709));
#8779=CARTESIAN_POINT('',(-22.9545058807992,55.7199140720958,11.4237226277372));
#8780=CARTESIAN_POINT('',(-22.9545058807992,17.9239339984571,11.4237226277372));
#8781=CARTESIAN_POINT('',(-38.8367468118262,13.765534510052,10.292932672709));
#8782=CARTESIAN_POINT('',(-23.7442335955573,13.765534510052,15.3664233576642));
#8783=CARTESIAN_POINT('',(-23.7442335955573,55.7199140720958,15.3664233576642));
#8784=CARTESIAN_POINT('',(-23.7442335955572,17.9239339984571,15.3664233576642));
#8785=CARTESIAN_POINT('',(-23.7442335955573,55.7199140720958,15.3664233576642));
#8786=CARTESIAN_POINT('',(-23.7442335955572,19.2381675750994,15.3664233576642));
#8787=CARTESIAN_POINT('',(-38.8367468118262,19.2381675750994,10.292932672709));
#8788=CARTESIAN_POINT('',(-23.1636918259999,19.2381675750994,13.0999970333619));
#8789=CARTESIAN_POINT('',(-23.1636918259999,55.7199140720958,13.0999970333619));
#8790=CARTESIAN_POINT('',(-23.1636918259999,19.3257534881542,13.0999970333619));
#8791=CARTESIAN_POINT('',(-38.8367468118262,19.3257534881542,10.292932672709));
#8792=CARTESIAN_POINT('',(-23.0283173201222,19.3257534881542,8.39087591240876));
#8793=CARTESIAN_POINT('',(-23.0283173201222,55.7199140720958,8.39087591240876));
#8794=CARTESIAN_POINT('',(-23.0283173201222,17.9239339984571,8.39087591240876));
#8795=CARTESIAN_POINT('',(-38.8367468118262,17.9239339984571,10.292932672709));
#8796=CARTESIAN_POINT('',(-38.8367468118262,55.7199140720958,10.292932672709));
#8797=CARTESIAN_POINT('',(-53.7636231847804,55.7199140720958,7.62041668332548));
#8798=CARTESIAN_POINT('',(-53.7636231847804,19.3257534881542,7.62041668332548));
#8799=CARTESIAN_POINT('',(-53.7636231847804,41.2633447290301,7.62041668332548));
#8800=CARTESIAN_POINT('',(-38.8367468118262,41.2633447290301,10.292932672709));
#8801=CARTESIAN_POINT('',(-54.0009407675284,41.2633447290301,10.3275973638471));
#8802=CARTESIAN_POINT('',(-54.0009407675284,55.7199140720958,10.3275973638471));
#8803=CARTESIAN_POINT('',(-54.0009407675284,19.3257534881542,10.3275973638471));
#8804=CARTESIAN_POINT('',(-38.8367468118262,19.3257534881542,10.292932672709));
#8805=CARTESIAN_POINT('',(-38.8367468118262,41.2633447290301,10.292932672709));
#8806=CARTESIAN_POINT('',(-46.537504816334,41.2633447290301,9.75868086267413));
#8807=CARTESIAN_POINT('',(-52.4974530314952,41.2633447290301,7.9950862009952));
#8808=CARTESIAN_POINT('',(-38.8367468118262,41.2633447290301,10.292932672709));
#8809=CARTESIAN_POINT('',(-52.6893202617978,41.2633447290301,10.3275973638471));
#8810=CARTESIAN_POINT('',(-45.763033536812,41.2633447290301,10.3275973638471));
#8811=CARTESIAN_POINT('',(-38.8367468118262,55.7199140720958,10.292932672709));
#8812=CARTESIAN_POINT('',(-52.4974530314952,41.2633447290301,7.9950862009952));
#8813=CARTESIAN_POINT('',(-52.4974530314952,19.3257534881542,7.9950862009952));
#8814=CARTESIAN_POINT('',(-38.8367468118262,19.3257534881542,10.292932672709));
#8815=CARTESIAN_POINT('',(-52.6893202617978,19.3257534881542,10.3275973638471));
#8816=CARTESIAN_POINT('',(-52.6893202617978,41.2633447290301,10.3275973638471));
#8817=CARTESIAN_POINT('',(-38.8367468118262,55.7199140720958,10.292932672709));
#8818=CARTESIAN_POINT('',(-24.9841299894468,55.7199140720958,10.292932672709));
#8819=CARTESIAN_POINT('',(-38.8367468118262,55.7199140720958,10.292932672709));
#8820=CARTESIAN_POINT('',(-38.8367468118262,55.7199140720958,10.292932672709));
#8821=CARTESIAN_POINT('',(-33.7820022862788,55.7199140720958,10.292932672709));
#8822=CARTESIAN_POINT('',(-38.8367468118262,55.7199140720958,10.292932672709));
#8823=CARTESIAN_POINT('',(-38.8367468118262,56.7308629772053,10.292932672709));
#8824=CARTESIAN_POINT('',(-35.7533526512423,56.7308629772053,10.292932672709));
#8825=CARTESIAN_POINT('',(-38.8367468118262,56.7308629772053,10.292932672709));
#8826=CARTESIAN_POINT('',(-38.8367468118262,56.7308629772053,10.292932672709));
#8827=CARTESIAN_POINT('',(-34.7929511913883,56.7308629772053,10.292932672709));
#8828=CARTESIAN_POINT('',(-38.8367468118262,55.7199140720958,10.292932672709));
#8829=CARTESIAN_POINT('',(-38.8367468118262,55.7199140720958,10.292932672709));
#8830=CARTESIAN_POINT('',(-38.8367468118262,58.1967388896141,10.292932672709));
#8831=CARTESIAN_POINT('',(-37.5730606804394,58.1967388896141,10.292932672709));
#8832=CARTESIAN_POINT('',(-38.8367468118262,58.1967388896141,10.292932672709));
#8833=CARTESIAN_POINT('',(-52.6893202617978,41.2633447290301,10.3275973638471));
#8834=CARTESIAN_POINT('',(-52.9692684858898,19.3257534881542,10.3275973638471));
#8835=CARTESIAN_POINT('',(-53.7636231847804,41.2633447290301,7.62041668332548));
#8836=CARTESIAN_POINT('',(-53.3429828787064,19.3257534881542,7.74488739540179));
#8837=CARTESIAN_POINT('',(-24.1522143907216,0.777770445903084,-1.21313868613139));
#8838=CARTESIAN_POINT('',(-24.1522143907216,0.777770445903084,-1.21313868613139));
#8839=CARTESIAN_POINT('',(-21.3721049016705,0.777770445903084,-1.21313868613139));
#8840=CARTESIAN_POINT('',(-24.1522143907216,0.777770445903084,0.));
#8841=CARTESIAN_POINT('',(-24.1522143907216,0.777770445903084,-0.707664233576642));
#8842=CARTESIAN_POINT('',(-20.8666304491157,0.777770445903084,-0.707664233576642));
#8843=CARTESIAN_POINT('',(-24.1522143907216,0.777770445903084,-0.707664233576642));
#8844=CARTESIAN_POINT('',(-7.5515883159555,-17.9650263884739,15.3664233576642));
#8845=CARTESIAN_POINT('',(-10.2235458405985,-17.9650263884739,15.3664233576642));
#8846=CARTESIAN_POINT('',(-10.2235458405985,17.8079964546971,15.3664233576642));
#8847=CARTESIAN_POINT('',(-10.2235458405985,14.7158887157535,15.3664233576642));
#8848=CARTESIAN_POINT('',(-0.8255208037561,-0.0339180446924895,15.3664233576642));
#8849=CARTESIAN_POINT('',(-6.03502494933026,16.6616125135396,15.3664233576642));
#8850=CARTESIAN_POINT('',(-6.33615235658888,17.6266720833796,15.3664233576642));
#8851=CARTESIAN_POINT('',(-5.34341358219179,17.8176888746589,15.3664233576642));
#8852=CARTESIAN_POINT('',(1.21703810139934,-16.2778203224197,15.3664233576642));
#8853=CARTESIAN_POINT('',(-11.5071842771754,17.6654906637215,15.3664233576642));
#8854=CARTESIAN_POINT('',(-38.8367468118262,19.3257534881542,10.292932672709));
#8855=CARTESIAN_POINT('',(-23.1636918259999,19.3257534881542,12.8296780151866));
#8856=CARTESIAN_POINT('',(-23.1636918259999,19.3257534881542,8.39087591240876));
#8857=CARTESIAN_POINT('',(-27.910318264952,19.3257534881542,8.39087591240876));
#8858=CARTESIAN_POINT('',(-10.2235458405985,14.7158887157535,15.3664233576642));
#8859=CARTESIAN_POINT('',(-10.2235458405985,17.8079964546971,7.68321167883212));
#8860=CARTESIAN_POINT('',(-10.2235458405985,17.8079964546971,8.39087591240876));
#8861=CARTESIAN_POINT('',(-10.2235458405985,22.8423298073932,8.39087591240876));
#8862=CARTESIAN_POINT('',(-10.2235458405985,22.8423298073932,8.39087591240876));
#8863=CARTESIAN_POINT('',(-10.2235458405985,22.8423298073932,15.3664233576642));
#8864=CARTESIAN_POINT('',(-10.2235458405985,22.8423298073932,18.3992700729927));
#8865=CARTESIAN_POINT('',(-10.2235458405985,-17.8993850873696,18.3992700729927));
#8866=CARTESIAN_POINT('',(-10.2235458405985,14.7158887157535,18.3992700729927));
#8867=CARTESIAN_POINT('',(-10.2235458405985,14.7158887157535,20.1431569343066));
#8868=CARTESIAN_POINT('',(-23.1636918259999,22.8423298073932,15.3664233576642));
#8869=CARTESIAN_POINT('',(-23.1636918259999,19.2381675750994,15.3664233576642));
#8870=CARTESIAN_POINT('',(-23.1636918259999,19.2381675750994,18.3992700729927));
#8871=CARTESIAN_POINT('',(-23.1636918259999,-17.8993850873696,18.3992700729927));
#8872=CARTESIAN_POINT('',(-23.1636918259999,22.8423298073932,18.3992700729927));
#8873=CARTESIAN_POINT('',(-23.1636918259999,22.8423298073932,15.3664233576642));
#8874=CARTESIAN_POINT('',(-23.1636918259999,22.8423298073932,8.39087591240876));
#8875=CARTESIAN_POINT('',(-23.1636918259999,22.8423298073932,8.39087591240876));
#8876=CARTESIAN_POINT('',(-23.1636918259999,19.2381675750994,15.3664233576642));
#8877=CARTESIAN_POINT('',(-23.7442335955572,19.2381675750994,15.3664233576642));
#8878=CARTESIAN_POINT('',(-23.7442335955572,19.2381675750994,18.3992700729927));
#8879=CARTESIAN_POINT('',(-28.4132224977127,19.2381675750994,18.3992700729927));
#8880=CARTESIAN_POINT('',(-21.8494582493576,17.9239339984571,15.3664233576642));
#8881=CARTESIAN_POINT('',(-21.8494582493576,17.9239339984571,15.3664233576642));
#8882=CARTESIAN_POINT('',(-21.8494582493576,17.9239339984571,15.3664233576642));
#8883=CARTESIAN_POINT('',(-21.8494582493576,22.8423298073932,15.3664233576642));
#8884=CARTESIAN_POINT('',(-21.8494582493576,22.8423298073932,15.3664233576642));
#8885=CARTESIAN_POINT('',(-21.8494582493576,22.8423298073932,18.3992700729927));
#8886=CARTESIAN_POINT('',(-21.8494582493576,-17.8993850873696,18.3992700729927));
#8887=CARTESIAN_POINT('',(-21.8494582493576,17.9239339984571,18.3992700729927));
#8888=CARTESIAN_POINT('',(-21.8494582493576,17.9239339984571,15.3664233576642));
#8889=CARTESIAN_POINT('',(-16.6936188332992,22.8423298073932,15.3664233576642));
#8890=CARTESIAN_POINT('',(-12.3328005366397,25.5929558938872,15.3664233576642));
#8891=CARTESIAN_POINT('',(-12.3328005366396,25.5929558938871,15.3664233576642));
#8892=CARTESIAN_POINT('',(-12.3328005366396,25.5929558938871,18.3992700729927));
#8893=CARTESIAN_POINT('',(-16.6936188332992,22.8423298073932,15.3664233576642));
#8894=CARTESIAN_POINT('',(-11.5377794172408,22.8423298073932,15.3664233576642));
#8895=CARTESIAN_POINT('',(-11.5377794172408,22.8423298073932,15.3664233576642));
#8896=CARTESIAN_POINT('',(-11.5377794172408,22.8423298073932,18.3992700729927));
#8897=CARTESIAN_POINT('',(-16.6936188332992,22.8423298073932,18.3992700729927));
#8898=CARTESIAN_POINT('',(-11.5377794172408,22.8423298073932,15.3664233576642));
#8899=CARTESIAN_POINT('',(-11.5377794172408,22.8423298073932,15.3664233576642));
#8900=CARTESIAN_POINT('',(-11.5377794172408,13.7909577038066,15.3664233576642));
#8901=CARTESIAN_POINT('',(-11.5377794172408,13.7909577038066,20.1431569343066));
#8902=CARTESIAN_POINT('',(-11.5377794172408,13.7909577038066,18.3992700729927));
#8903=CARTESIAN_POINT('',(-11.5377794172407,-17.8993850873696,18.3992700729927));
#8904=CARTESIAN_POINT('',(-23.7442335955572,17.9239339984571,15.3664233576642));
#8905=CARTESIAN_POINT('',(-23.7442335955572,17.9239339984571,15.3664233576642));
#8906=CARTESIAN_POINT('',(-28.4132224977127,17.9239339984571,18.3992700729927));
#8907=CARTESIAN_POINT('',(-23.7442335955572,17.9239339984571,18.3992700729927));
#8908=CARTESIAN_POINT('',(-23.7442335955572,17.9239339984571,15.3664233576642));
#8909=CARTESIAN_POINT('',(-23.7442335955572,19.2381675750994,15.3664233576642));
#8910=CARTESIAN_POINT('',(-23.7442335955572,-17.8993850873696,18.3992700729927));
#8911=CARTESIAN_POINT('',(-23.7442335955572,17.9239339984571,15.3664233576642));
#8912=CARTESIAN_POINT('',(-20.6926200509781,17.9239339984571,11.4237226277372));
#8913=CARTESIAN_POINT('',(-21.8494582493576,17.9239339984571,11.4237226277372));
#8914=CARTESIAN_POINT('',(-21.8494582493576,17.9239339984571,8.39087591240876));
#8915=CARTESIAN_POINT('',(-21.8494582493576,17.9239339984571,8.39087591240876));
#8916=CARTESIAN_POINT('',(-21.8494582493576,17.9239339984571,15.3664233576642));
#8917=CARTESIAN_POINT('',(-21.8494582493576,17.9239339984571,15.3664233576642));
#8918=CARTESIAN_POINT('',(-21.8494582493576,20.0545735087646,11.4237226277372));
#8919=CARTESIAN_POINT('',(-21.8494582493576,22.8423298073932,11.4237226277372));
#8920=CARTESIAN_POINT('',(-21.8494582493576,23.1910266327453,8.39087591240876));
#8921=CARTESIAN_POINT('',(-21.8494582493576,22.8423298073932,8.39087591240876));
#8922=CARTESIAN_POINT('',(-21.8494582493576,22.8423298073932,15.3664233576642));
#8923=CARTESIAN_POINT('',(-5.52474297935917,18.3296438277413,0.));
#8924=CARTESIAN_POINT('',(-11.2977071434277,17.6887462034323,11.4237226277372));
#8925=CARTESIAN_POINT('',(-11.5377794172408,17.66209408061,11.4237226277372));
#8926=CARTESIAN_POINT('',(-11.5377794172408,17.66209408061,7.68321167883212));
#8927=CARTESIAN_POINT('',(-11.5377794172408,17.66209408061,8.39087591240876));
#8928=CARTESIAN_POINT('',(-11.0078871987541,17.7209211674092,8.39087591240876));
#8929=CARTESIAN_POINT('',(-5.52474297935917,18.3296438277413,0.));
#8930=CARTESIAN_POINT('',(-11.5377794172408,22.8423298073932,15.3664233576642));
#8931=CARTESIAN_POINT('',(-11.5377794172408,22.5137714132326,11.4237226277372));
#8932=CARTESIAN_POINT('',(-11.5377794172408,22.8423298073932,11.4237226277372));
#8933=CARTESIAN_POINT('',(-11.5377794172408,22.8423298073932,15.3664233576642));
#8934=CARTESIAN_POINT('',(-11.5377794172408,22.8423298073932,8.39087591240876));
#8935=CARTESIAN_POINT('',(-11.5377794172408,22.8423298073932,8.39087591240876));
#8936=CARTESIAN_POINT('',(-17.641006506399,22.185213019072,11.4237226277372));
#8937=CARTESIAN_POINT('',(-16.9059442817476,27.8673168184573,11.4237226277372));
#8938=CARTESIAN_POINT('',(-16.8632657996474,26.8572691780425,11.4237226277372));
#8939=CARTESIAN_POINT('',(-15.8975894499203,27.7949412571622,11.4237226277372));
#8940=CARTESIAN_POINT('',(-16.6936188332992,22.8423298073932,11.4237226277372));
#8941=CARTESIAN_POINT('',(-13.658293941032,25.4758295779578,11.4237226277372));
#8942=CARTESIAN_POINT('',(-12.8946901945497,26.1383452435086,11.4237226277372));
#8943=CARTESIAN_POINT('',(-13.7837812226854,26.6195259085717,11.4237226277372));
#8944=CARTESIAN_POINT('',(-14.73988250576,24.8529107170423,11.4237226277372));
#8945=CARTESIAN_POINT('',(-13.5664701947707,27.0210575977317,11.4237226277372));
#8946=CARTESIAN_POINT('',(-12.677379166635,26.5398769326685,11.4237226277372));
#8947=CARTESIAN_POINT('',(-11.9336310802157,27.2246078817936,11.4237226277372));
#8948=CARTESIAN_POINT('',(-16.6936188332992,22.8423298073932,11.4237226277372));
#8949=CARTESIAN_POINT('',(-11.3390805814787,26.4742390354256,11.4237226277372));
#8950=CARTESIAN_POINT('',(-11.7574038824022,26.1904961269856,11.4237226277372));
#8951=CARTESIAN_POINT('',(-12.2181866182812,26.3983029904463,11.4237226277372));
#8952=CARTESIAN_POINT('',(-11.8747647255243,27.1597931388943,11.4237226277372));
#8953=CARTESIAN_POINT('',(-12.3660520669638,26.070431981514,11.4237226277372));
#8954=CARTESIAN_POINT('',(-11.9052693310848,25.8626251180531,11.4237226277372));
#8955=CARTESIAN_POINT('',(-12.3328005366397,25.5929558938872,11.4237226277372));
#8956=CARTESIAN_POINT('',(-16.6936188332992,22.8423298073932,11.4237226277372));
#8957=CARTESIAN_POINT('',(-16.6936188332992,22.8423298073932,11.4237226277372));
#8958=CARTESIAN_POINT('',(-17.7477384390556,27.8892607501486,11.4237226277372));
#8959=CARTESIAN_POINT('',(-17.8510834984434,28.3840579013991,11.4237226277372));
#8960=CARTESIAN_POINT('',(-17.3865945947619,28.1846726448172,11.4237226277372));
#8961=CARTESIAN_POINT('',(-16.9039764670965,29.3089822796371,11.4237226277372));
#8962=CARTESIAN_POINT('',(-17.2422811476139,28.5208659822855,11.4237226277372));
#8963=CARTESIAN_POINT('',(-17.7067700512955,28.7202512388674,11.4237226277372));
#8964=CARTESIAN_POINT('',(-17.792630324007,29.2183801737381,11.4237226277372));
#8965=CARTESIAN_POINT('',(-16.6936188332992,22.8423298073932,11.4237226277372));
#8966=CARTESIAN_POINT('',(-16.9085891584627,29.3088305837153,11.4237226277372));
#8967=CARTESIAN_POINT('',(-16.875000045156,28.298439837415,11.4237226277372));
#8968=CARTESIAN_POINT('',(-15.8666452133288,28.2260642761199,11.4237226277372));
#8969=CARTESIAN_POINT('',(-16.1382312284854,24.4422584480268,11.4237226277372));
#8970=CARTESIAN_POINT('',(-16.6936188332992,22.8423298073932,15.3664233576642));
#8971=CARTESIAN_POINT('',(-17.7477384390556,27.8892607501486,15.3664233576642));
#8972=CARTESIAN_POINT('',(-17.7477384390555,27.8892607501486,18.3992700729927));
#8973=CARTESIAN_POINT('',(-17.7477384390555,27.8892607501486,15.3664233576642));
#8974=CARTESIAN_POINT('',(-16.6936188332992,22.8423298073932,18.3992700729927));
#8975=CARTESIAN_POINT('',(-16.6936188332992,22.8423298073932,15.3664233576642));
#8976=CARTESIAN_POINT('',(-16.6936188332992,22.8423298073932,15.3664233576642));
#8977=CARTESIAN_POINT('',(-12.3328005366397,25.5929558938872,15.3664233576642));
#8978=CARTESIAN_POINT('',(-12.3328005366397,25.5929558938872,8.39087591240876));
#8979=CARTESIAN_POINT('',(-16.6936188332992,22.8423298073932,8.39087591240876));
#8980=CARTESIAN_POINT('',(-15.9693578273814,26.7950458658127,15.3664233576642));
#8981=CARTESIAN_POINT('',(-15.8975894499203,27.7949412571622,15.3664233576642));
#8982=CARTESIAN_POINT('',(-15.8975894499203,27.7949412571622,15.3664233576642));
#8983=CARTESIAN_POINT('',(-15.8666452133288,28.2260642761199,15.3664233576642));
#8984=CARTESIAN_POINT('',(-15.8666452133288,28.2260642761199,15.3664233576642));
#8985=CARTESIAN_POINT('',(-19.1224412007992,-17.1345181727438,15.3664233576642));
#8986=CARTESIAN_POINT('',(-12.677379166635,26.5398769326685,15.3664233576642));
#8987=CARTESIAN_POINT('',(-12.677379166635,26.5398769326685,15.3664233576642));
#8988=CARTESIAN_POINT('',(-13.5664701947707,27.0210575977317,15.3664233576642));
#8989=CARTESIAN_POINT('',(-11.9336310802157,27.2246078817936,15.3664233576642));
#8990=CARTESIAN_POINT('',(-11.9336310802157,27.2246078817936,15.3664233576642));
#8991=CARTESIAN_POINT('',(-13.5664701947707,27.0210575977317,15.3664233576642));
#8992=CARTESIAN_POINT('',(-12.9659522360013,28.1306514948726,15.3664233576642));
#8993=CARTESIAN_POINT('',(-13.7837812226854,26.6195259085717,15.3664233576642));
#8994=CARTESIAN_POINT('',(-13.7837812226854,26.6195259085717,15.3664233576642));
#8995=CARTESIAN_POINT('',(-31.0348522211404,-5.2557624479263,15.3664233576642));
#8996=CARTESIAN_POINT('',(-12.8946901945497,26.1383452435086,15.3664233576642));
#8997=CARTESIAN_POINT('',(-13.658293941032,25.4758295779578,15.3664233576642));
#8998=CARTESIAN_POINT('',(-13.658293941032,25.4758295779578,15.3664233576642));
#8999=CARTESIAN_POINT('',(-12.8946901945497,26.1383452435086,15.3664233576642));
#9000=CARTESIAN_POINT('',(-16.9838897180779,21.5516802519502,8.39087591240876));
#9001=CARTESIAN_POINT('',(-17.8510834984434,28.3840579013991,8.39087591240876));
#9002=CARTESIAN_POINT('',(-17.7477384390556,27.8892607501486,8.39087591240876));
#9003=CARTESIAN_POINT('',(-17.3865945947619,28.1846726448172,8.39087591240876));
#9004=CARTESIAN_POINT('',(-16.6936188332992,22.8423298073932,8.39087591240876));
#9005=CARTESIAN_POINT('',(-16.6936188332992,22.8423298073932,8.39087591240876));
#9006=CARTESIAN_POINT('',(-17.792630324007,29.2183801737381,8.39087591240876));
#9007=CARTESIAN_POINT('',(-17.7067700512955,28.7202512388674,8.39087591240876));
#9008=CARTESIAN_POINT('',(-17.242281147614,28.5208659822855,8.39087591240876));
#9009=CARTESIAN_POINT('',(-19.7281859850922,22.7296894810161,8.39087591240876));
#9010=CARTESIAN_POINT('',(-16.6936188332992,22.8423298073932,15.3664233576642));
#9011=CARTESIAN_POINT('',(-16.6936188332992,22.8423298073932,15.3664233576642));
#9012=CARTESIAN_POINT('',(-16.9085891584628,29.3088305837153,15.3664233576642));
#9013=CARTESIAN_POINT('',(-17.792630324007,29.2183801737382,15.3664233576642));
#9014=CARTESIAN_POINT('',(-16.9085891584627,29.3088305837153,15.3664233576642));
#9015=CARTESIAN_POINT('',(-17.792630324007,29.2183801737381,15.3664233576642));
#9016=CARTESIAN_POINT('',(-16.6936188332992,22.8423298073932,18.3992700729927));
#9017=CARTESIAN_POINT('',(-17.792630324007,29.2183801737381,18.3992700729927));
#9018=CARTESIAN_POINT('',(-17.792630324007,29.2183801737381,15.3664233576642));
#9019=CARTESIAN_POINT('',(-16.6936188332992,22.8423298073932,15.3664233576642));
#9020=CARTESIAN_POINT('',(-16.8632657996474,26.8572691780425,15.3664233576642));
#9021=CARTESIAN_POINT('',(-16.8632657996474,26.8572691780424,15.3664233576642));
#9022=CARTESIAN_POINT('',(-16.6936188332992,22.8423298073932,15.3664233576642));
#9023=CARTESIAN_POINT('',(-16.9059442817476,27.8673168184573,15.3664233576642));
#9024=CARTESIAN_POINT('',(-16.9059442817476,27.8673168184573,15.3664233576642));
#9025=CARTESIAN_POINT('',(-11.7574038824022,26.1904961269856,15.3664233576642));
#9026=CARTESIAN_POINT('',(-11.7574038824022,26.1904961269856,18.3992700729927));
#9027=CARTESIAN_POINT('',(-12.2181866182812,26.3983029904463,18.3992700729927));
#9028=CARTESIAN_POINT('',(-11.3390805814787,26.4742390354256,18.3992700729927));
#9029=CARTESIAN_POINT('',(-11.3390805814787,26.4742390354256,15.3664233576642));
#9030=CARTESIAN_POINT('',(-11.3390805814787,26.4742390354256,15.3664233576642));
#9031=CARTESIAN_POINT('',(-11.7574038824022,26.1904961269856,15.3664233576642));
#9032=CARTESIAN_POINT('',(-12.2181866182812,26.3983029904463,15.3664233576642));
#9033=CARTESIAN_POINT('',(-12.2181866182812,26.3983029904463,15.3664233576642));
#9034=CARTESIAN_POINT('',(-28.4132224977127,-17.8993850873696,18.3992700729927));
#9035=CARTESIAN_POINT('',(-11.9052693310848,25.8626251180531,18.3992700729927));
#9036=CARTESIAN_POINT('',(-12.3660520669638,26.070431981514,18.3992700729927));
#9037=CARTESIAN_POINT('',(-0.8255208037561,-0.0339180446924895,18.3992700729927));
#9038=CARTESIAN_POINT('',(-16.6936188332992,22.8423298073932,18.3992700729927));
#9039=CARTESIAN_POINT('',(-31.5565371637302,-16.4817921292279,18.3992700729927));
#9040=CARTESIAN_POINT('',(-12.4811629568921,25.8151896381799,11.4237226277372));
#9041=CARTESIAN_POINT('',(-12.3660520669638,26.0704319815139,15.3664233576642));
#9042=CARTESIAN_POINT('',(-12.3660520669638,26.070431981514,15.3664233576642));
#9043=CARTESIAN_POINT('',(-12.4811629568921,25.8151896381799,15.3664233576642));
#9044=CARTESIAN_POINT('',(-11.9052693310848,25.8626251180531,15.3664233576642));
#9045=CARTESIAN_POINT('',(-11.9052693310848,25.8626251180531,15.3664233576642));
#9046=CARTESIAN_POINT('',(-16.6936188332992,22.8423298073932,15.3664233576642));
#9047=CARTESIAN_POINT('',(-11.3390805814787,26.4742390354256,15.3664233576642));
#9048=CARTESIAN_POINT('',(-11.3390805814787,26.4742390354256,8.39087591240876));
#9049=CARTESIAN_POINT('',(-16.6936188332992,22.8423298073932,15.3664233576642));
#9050=CARTESIAN_POINT('',(-16.6936188332992,22.8423298073932,8.39087591240876));
#9051=CARTESIAN_POINT('',(-11.7574038824022,26.1904961269856,15.3664233576642));
#9052=CARTESIAN_POINT('',(-11.7574038824022,26.1904961269856,8.39087591240876));
#9053=CARTESIAN_POINT('',(-12.2181866182812,26.3983029904463,8.39087591240876));
#9054=CARTESIAN_POINT('',(-12.2181866182812,26.3983029904463,15.3664233576642));
#9055=CARTESIAN_POINT('',(-12.4811629568921,25.8151896381799,11.4237226277372));
#9056=CARTESIAN_POINT('',(-12.3660520669638,26.0704319815139,15.3664233576642));
#9057=CARTESIAN_POINT('',(-12.3660520669638,26.070431981514,8.39087591240876));
#9058=CARTESIAN_POINT('',(-13.6605782720517,23.2000006756679,8.39087591240876));
#9059=CARTESIAN_POINT('',(-16.9838897180779,21.5516802519502,8.39087591240876));
#9060=CARTESIAN_POINT('',(-11.9052693310848,25.8626251180531,8.39087591240876));
#9061=CARTESIAN_POINT('',(-11.9052693310848,25.8626251180531,15.3664233576642));
#9062=CARTESIAN_POINT('',(-16.875000045156,28.298439837415,15.3664233576642));
#9063=CARTESIAN_POINT('',(-16.875000045156,28.298439837415,15.3664233576642));
#9064=CARTESIAN_POINT('',(-16.9039764670965,29.3089822796371,15.3664233576642));
#9065=CARTESIAN_POINT('',(-17.3865945947619,28.1846726448171,15.3664233576642));
#9066=CARTESIAN_POINT('',(-17.2422811476139,28.5208659822855,15.3664233576642));
#9067=CARTESIAN_POINT('',(-17.7067700512955,28.7202512388674,15.3664233576642));
#9068=CARTESIAN_POINT('',(-16.6936188332992,22.8423298073932,15.3664233576642));
#9069=CARTESIAN_POINT('',(-17.7477384390556,27.8892607501486,15.3664233576642));
#9070=CARTESIAN_POINT('',(-17.8510834984434,28.3840579013991,15.3664233576642));
#9071=CARTESIAN_POINT('',(-17.7067700512955,28.7202512388674,15.3664233576642));
#9072=CARTESIAN_POINT('',(-17.7067700512955,28.7202512388674,15.3664233576642));
#9073=CARTESIAN_POINT('',(-17.2422811476139,28.5208659822855,15.3664233576642));
#9074=CARTESIAN_POINT('',(-17.7067700512955,28.7202512388674,18.3992700729927));
#9075=CARTESIAN_POINT('',(-17.242281147614,28.5208659822855,18.3992700729927));
#9076=CARTESIAN_POINT('',(-17.2422811476139,28.5208659822855,15.3664233576642));
#9077=CARTESIAN_POINT('',(-16.9039764670965,29.3089822796371,15.3664233576642));
#9078=CARTESIAN_POINT('',(-17.3865945947619,28.1846726448171,15.3664233576642));
#9079=CARTESIAN_POINT('',(-17.3865945947619,28.1846726448172,15.3664233576642));
#9080=CARTESIAN_POINT('',(-17.3865945947619,28.1846726448172,18.3992700729927));
#9081=CARTESIAN_POINT('',(-32.584145262446,-7.21961837093363,15.3664233576642));
#9082=CARTESIAN_POINT('',(-35.8062587399124,-14.7258702490448,18.3992700729927));
#9083=CARTESIAN_POINT('',(-28.4132224977127,-17.8993850873696,18.3992700729927));
#9084=CARTESIAN_POINT('',(-17.8510834984434,28.3840579013991,18.3992700729927));
#9085=CARTESIAN_POINT('',(-17.8510834984434,28.3840579013991,15.3664233576642));
#9086=CARTESIAN_POINT('',(-17.8510834984434,28.3840579013991,15.3664233576642));
#9087=CARTESIAN_POINT('',(13.1450916867471,-21.1277077876249,15.3664233576642));
#9088=CARTESIAN_POINT('',(12.0341906354126,-17.6032627294271,5.56021897810219));
#9089=CARTESIAN_POINT('',(12.0341906354127,-17.6032627294271,13.6478102189781));
#9090=CARTESIAN_POINT('',(12.2663568278945,-18.3398332716822,13.6478102189781));
#9091=CARTESIAN_POINT('',(11.1321991007007,-14.7416040756405,13.6478102189781));
#9092=CARTESIAN_POINT('',(11.1321991007007,-14.7416040756405,0.));
#9093=CARTESIAN_POINT('',(10.6550277766186,-13.2277301684599,20.1431569343066));
#9094=CARTESIAN_POINT('',(12.6535218060989,-15.1529485749452,13.6478102189781));
#9095=CARTESIAN_POINT('',(12.6535218060989,-15.1529485749452,13.6478102189781));
#9096=CARTESIAN_POINT('',(13.2740831719145,-12.7029456880296,13.6478102189781));
#9097=CARTESIAN_POINT('',(-0.8255208037561,-0.0339180446924895,13.6478102189781));
#9098=CARTESIAN_POINT('',(12.6535218060989,-15.1529485749452,2.02189781021898));
#9099=CARTESIAN_POINT('',(12.6535218060989,-15.1529485749452,2.02189781021898));
#9100=CARTESIAN_POINT('',(13.3262715550524,-15.9075514267985,2.02189781021898));
#9101=CARTESIAN_POINT('',(15.1808940688726,-15.1529485749452,3.53832116788321));
#9102=CARTESIAN_POINT('',(15.1808940688726,-17.6803208377189,3.53832116788321));
#9103=CARTESIAN_POINT('',(12.6535218060989,-17.6803208377189,3.53832116788321));
#9104=CARTESIAN_POINT('',(10.1261495433251,-17.6803208377189,3.53832116788321));
#9105=CARTESIAN_POINT('',(10.1261495433251,-15.1529485749452,3.53832116788321));
#9106=CARTESIAN_POINT('',(10.1261495433251,-12.6255763121715,3.53832116788321));
#9107=CARTESIAN_POINT('',(12.6535218060989,-12.6255763121715,3.53832116788321));
#9108=CARTESIAN_POINT('',(15.1808940688726,-12.6255763121715,3.53832116788321));
#9109=CARTESIAN_POINT('',(15.1808940688726,-15.1529485749452,3.53832116788321));
#9110=CARTESIAN_POINT('',(15.1808940688726,-15.1529485749452,2.02189781021898));
#9111=CARTESIAN_POINT('',(15.1808940688726,-17.6803208377189,2.02189781021898));
#9112=CARTESIAN_POINT('',(12.6535218060989,-17.6803208377189,2.02189781021898));
#9113=CARTESIAN_POINT('',(10.1261495433251,-17.6803208377189,2.02189781021898));
#9114=CARTESIAN_POINT('',(10.1261495433251,-15.1529485749452,2.02189781021898));
#9115=CARTESIAN_POINT('',(10.1261495433251,-12.6255763121715,2.02189781021898));
#9116=CARTESIAN_POINT('',(12.6535218060989,-12.6255763121715,2.02189781021898));
#9117=CARTESIAN_POINT('',(15.1808940688726,-12.6255763121715,2.02189781021898));
#9118=CARTESIAN_POINT('',(15.1808940688726,-15.1529485749452,2.02189781021898));
#9119=CARTESIAN_POINT('',(13.6644707112083,-15.1529485749452,2.02189781021898));
#9120=CARTESIAN_POINT('',(13.6644707112083,-16.1638974800547,2.02189781021898));
#9121=CARTESIAN_POINT('',(12.6535218060989,-16.1638974800547,2.02189781021898));
#9122=CARTESIAN_POINT('',(11.6425729009894,-16.1638974800547,2.02189781021898));
#9123=CARTESIAN_POINT('',(11.6425729009894,-15.1529485749452,2.02189781021898));
#9124=CARTESIAN_POINT('',(11.6425729009894,-14.1419996698357,2.02189781021898));
#9125=CARTESIAN_POINT('',(12.6535218060989,-14.1419996698357,2.02189781021898));
#9126=CARTESIAN_POINT('',(13.6644707112083,-14.1419996698357,2.02189781021898));
#9127=CARTESIAN_POINT('',(13.6644707112083,-15.1529485749452,2.02189781021898));
#9128=CARTESIAN_POINT('',(12.6535218060989,-15.1529485749452,3.53832116788321));
#9129=CARTESIAN_POINT('',(13.2740831719145,-12.7029456880296,3.53832116788321));
#9130=CARTESIAN_POINT('',(10.1486398831153,-15.4893666281892,3.53832116788321));
#9131=CARTESIAN_POINT('',(13.2740831719145,-12.7029456880296,3.53832116788321));
#9132=CARTESIAN_POINT('',(13.2740831719145,-12.7029456880296,3.05042565031276));
#9133=CARTESIAN_POINT('',(12.8756729205509,-13.153171163535,2.13470677624365));
#9134=CARTESIAN_POINT('',(11.8038429936282,-14.1992512765914,2.00703585901181));
#9135=CARTESIAN_POINT('',(10.6410680917231,-15.1453584252875,2.13515090290283));
#9136=CARTESIAN_POINT('',(10.1486398831154,-15.4893666281892,3.04975786964689));
#9137=CARTESIAN_POINT('',(10.1486398831154,-15.4893666281892,3.53832116788321));
#9138=CARTESIAN_POINT('',(12.6535218060989,-15.1529485749452,5.56021897810219));
#9139=CARTESIAN_POINT('',(12.6535218060989,-15.1529485749452,5.56021897810219));
#9140=CARTESIAN_POINT('',(10.1486398831153,-15.4893666281893,5.56021897810219));
#9141=CARTESIAN_POINT('',(13.2740831719145,-12.7029456880296,5.56021897810219));
#9142=CARTESIAN_POINT('',(13.2740831719145,-12.7029456880296,-6.89561445251388E-13));
#9143=CARTESIAN_POINT('',(10.1486398831154,-15.4893666281892,-6.89561445251388E-13));
#9144=CARTESIAN_POINT('',(-0.8255208037561,-0.0339180446924895,0.));
#9145=CARTESIAN_POINT('',(8.88327803460471,-16.3140384009623,0.));
#9146=CARTESIAN_POINT('',(8.88327803460471,-16.3140384009623,5.56021897810219));
#9147=CARTESIAN_POINT('',(-0.8255208037561,-0.0339180446924895,5.56021897810219));
#9148=CARTESIAN_POINT('',(-0.8255208037561,-0.0339180446924895,0.));
#9149=CARTESIAN_POINT('',(10.1486398831153,-15.4893666281893,5.56021897810219));
#9150=CARTESIAN_POINT('',(13.2740831719145,-12.7029456880296,5.56021897810219));
#9151=CARTESIAN_POINT('',(-0.8255208037561,-0.0339180446924895,0.));
#9152=CARTESIAN_POINT('',(14.1628952531065,-11.6378172947192,0.));
#9153=CARTESIAN_POINT('',(14.1628952531065,-11.6378172947192,5.56021897810219));
#9154=CARTESIAN_POINT('',(-5.4457743882919,18.3496711182803,0.));
#9155=CARTESIAN_POINT('',(-0.8255208037561,-0.0339180446924895,5.56021897810219));
#9156=CARTESIAN_POINT('',(12.5716499076606,-15.1982829833807,5.56021897810219));
#9157=CARTESIAN_POINT('',(8.88327803460471,-16.3140384009623,5.56021897810219));
#9158=CARTESIAN_POINT('',(9.60181106263336,-17.0749016454279,5.56021897810219));
#9159=CARTESIAN_POINT('',(12.6535218060989,-15.1529485749452,5.56021897810219));
#9160=CARTESIAN_POINT('',(12.5824744507888,-18.7587486720422,5.56021897810219));
#9161=CARTESIAN_POINT('',(12.5824744507888,-18.7587486720422,5.56021897810219));
#9162=CARTESIAN_POINT('',(16.2593689041701,-15.2215690693241,5.56021897810219));
#9163=CARTESIAN_POINT('',(12.6535218060989,-15.1529485749452,5.56021897810219));
#9164=CARTESIAN_POINT('',(15.669192623183,-13.1749264340417,5.56021897810219));
#9165=CARTESIAN_POINT('',(14.1628952531065,-11.6378172947192,5.56021897810219));
#9166=CARTESIAN_POINT('',(9.60181106263336,-17.0749016454279,5.56021897810219));
#9167=CARTESIAN_POINT('',(9.60181106263336,-17.0749016454279,5.56021897810219));
#9168=CARTESIAN_POINT('',(14.1628952531065,-11.6378172947192,5.56021897810219));
#9169=CARTESIAN_POINT('',(15.6691926231843,-13.1749264340428,5.56021897810219));
#9170=CARTESIAN_POINT('',(12.6535218060989,-15.1529485749452,5.56021897810219));
#9171=CARTESIAN_POINT('',(16.2593689041706,-15.2215690693236,5.56021897810219));
#9172=CARTESIAN_POINT('',(16.25936890417,-15.2215690693241,5.56021897810219));
#9173=CARTESIAN_POINT('',(12.5824744507888,-18.7587486720422,5.56021897810219));
#9174=CARTESIAN_POINT('',(12.6535218060989,-15.1529485749452,5.56021897810219));
#9175=CARTESIAN_POINT('',(12.6535218060989,-15.1529485749452,5.56021897810219));
#9176=CARTESIAN_POINT('',(-32.1024420929996,-16.2587162219113,18.3992700729927));
#9177=CARTESIAN_POINT('',(-31.9672283466525,-17.2869487814099,16.8828467153285));
#9178=CARTESIAN_POINT('',(-31.6205758288927,-19.9230668923438,16.8828467153285));
#9179=CARTESIAN_POINT('',(-32.0365390037347,-16.7598760816476,16.8828467153285));
#9180=CARTESIAN_POINT('',(-31.6205758288927,-19.9230668923438,18.3992700729927));
#9181=CARTESIAN_POINT('',(-31.6205758288927,-19.9230668923438,19.814598540146));
#9182=CARTESIAN_POINT('',(-32.1024420929996,-16.2587162219113,19.814598540146));
#9183=CARTESIAN_POINT('',(-32.0365390037347,-16.7598760816476,19.814598540146));
#9184=CARTESIAN_POINT('',(-32.0365390037347,-16.7598760816476,18.3992700729927));
#9185=CARTESIAN_POINT('',(-31.5546727396278,-20.42422675208,18.3992700729927));
#9186=CARTESIAN_POINT('',(-24.9778273287282,-19.5593641303524,18.7025547445255));
#9187=CARTESIAN_POINT('',(-24.7240029024258,-19.5259859307635,18.7025547445255));
#9188=CARTESIAN_POINT('',(-24.7240029024258,-19.5259859307635,18.3992700729927));
#9189=CARTESIAN_POINT('',(-24.7240029024258,-19.5259859307635,19.3091240875912));
#9190=CARTESIAN_POINT('',(-29.8474599088511,-20.1997263309168,19.3091240875912));
#9191=CARTESIAN_POINT('',(-31.0535128798915,-20.358323662815,19.3091240875912));
#9192=CARTESIAN_POINT('',(-31.0535128798915,-20.358323662815,18.3992700729927));
#9193=CARTESIAN_POINT('',(-31.0535128798915,-20.358323662815,16.8828467153285));
#9194=CARTESIAN_POINT('',(-31.2368511076785,-20.3824328474531,16.8828467153285));
#9195=CARTESIAN_POINT('',(-30.3518890762607,-20.2660593378441,16.8828467153285));
#9196=CARTESIAN_POINT('',(-30.3518890762607,-20.2660593378441,18.3992700729927));
#9197=CARTESIAN_POINT('',(-30.3518890762607,-20.2660593378441,18.3992700729927));
#9198=CARTESIAN_POINT('',(-31.5546727396278,-20.42422675208,18.3992700729927));
#9199=CARTESIAN_POINT('',(-25.4797545302945,-14.7341395667257,15.3664233576642));
#9200=CARTESIAN_POINT('',(-25.3020008610343,-15.8611874518401,16.8828467153285));
#9201=CARTESIAN_POINT('',(-25.3020008610094,-15.8611874518362,19.814598540146));
#9202=CARTESIAN_POINT('',(-25.3020008610342,-15.8611874518401,18.7025547445255));
#9203=CARTESIAN_POINT('',(-24.563965612892,-20.5407030358066,19.814598540146));
#9204=CARTESIAN_POINT('',(-24.8027769709105,-19.0265186193749,19.814598540146));
#9205=CARTESIAN_POINT('',(-24.8027769710056,-19.0265186193873,19.3091240875912));
#9206=CARTESIAN_POINT('',(-24.6767384614476,-19.8256663176115,18.7025547445255));
#9207=CARTESIAN_POINT('',(-24.6767384614476,-19.8256663176115,18.3992700729927));
#9208=CARTESIAN_POINT('',(-25.0638575528202,-17.3711360959029,18.3992700729927));
#9209=CARTESIAN_POINT('',(-24.5474302791561,-20.6455453895098,15.3664233576642));
#9210=CARTESIAN_POINT('',(-25.0638575528202,-17.3711360959029,18.3992700729927));
#9211=CARTESIAN_POINT('',(-25.4003572091954,-15.237558614,18.3992700729927));
#9212=CARTESIAN_POINT('',(-25.3020008610342,-15.8611874518401,18.7025547445255));
#9213=CARTESIAN_POINT('',(-25.3311946172496,-15.6760843181715,18.5574024201806));
#9214=CARTESIAN_POINT('',(-25.3634881416946,-15.4713270910488,18.3992700729927));
#9215=CARTESIAN_POINT('',(-25.4003572091953,-15.237558614,18.3992700729927));
#9216=CARTESIAN_POINT('',(-29.913362998116,-19.6985664711805,19.3091240875912));
#9217=CARTESIAN_POINT('',(-29.913362998116,-19.6985664711805,19.814598540146));
#9218=CARTESIAN_POINT('',(-31.1194159691564,-19.8571638030788,19.3091240875912));
#9219=CARTESIAN_POINT('',(-31.1194159691564,-19.8571638030788,18.3992700729927));
#9220=CARTESIAN_POINT('',(-31.1194159691564,-19.8571638030788,16.8828467153285));
#9221=CARTESIAN_POINT('',(-28.4132224977127,-17.8993850873696,18.3992700729927));
#9222=CARTESIAN_POINT('',(-30.7622614627658,-17.1453836615679,18.3992700729927));
#9223=CARTESIAN_POINT('',(-30.8996584296326,-16.1005488076755,18.3992700729927));
#9224=CARTESIAN_POINT('',(-25.3787524906116,-15.3745434226592,18.3992700729927));
#9225=CARTESIAN_POINT('',(-31.5353791439984,-16.6939729923826,18.3992700729927));
#9226=CARTESIAN_POINT('',(-31.5353791439984,-16.6939729923826,16.8828467153285));
#9227=CARTESIAN_POINT('',(-31.6012822332634,-16.1928131326465,16.8828467153285));
#9228=CARTESIAN_POINT('',(-31.5353791439984,-16.6939729923826,19.814598540146));
#9229=CARTESIAN_POINT('',(-31.6012822332634,-16.1928131326465,19.814598540146));
#9230=CARTESIAN_POINT('',(-31.6012822332634,-16.1928131326465,18.3992700729927));
#9231=CARTESIAN_POINT('',(-25.3787524906116,-15.3745434226592,18.3992700729927));
#9232=CARTESIAN_POINT('',(-30.8996584296326,-16.1005488076755,18.3992700729927));
#9233=CARTESIAN_POINT('',(-30.8996584296326,-16.1005488076755,16.8828467153285));
#9234=CARTESIAN_POINT('',(-28.4227756598564,-15.7748359176583,16.8828467153285));
#9235=CARTESIAN_POINT('',(-25.3787524906116,-15.3745434226592,19.814598540146));
#9236=CARTESIAN_POINT('',(-25.8672066226139,-15.4387756943341,19.814598540146));
#9237=CARTESIAN_POINT('',(-25.8672066226139,-15.4387756943341,16.8828467153285));
#9238=CARTESIAN_POINT('',(-25.8672066226139,-15.4387756943341,18.7025547445255));
#9239=CARTESIAN_POINT('',(-22.163751880906,-14.9517672005577,18.7025547445255));
#9240=CARTESIAN_POINT('',(-28.4132224977127,-17.8993850873696,19.814598540146));
#9241=CARTESIAN_POINT('',(-25.8013035333489,-15.9399355540704,19.814598540146));
#9242=CARTESIAN_POINT('',(-25.8013035333489,-15.9399355540704,16.8828467153285));
#9243=CARTESIAN_POINT('',(-25.8013035333489,-15.9399355540704,18.7025547445255));
#9244=CARTESIAN_POINT('',(-30.8996584296326,-16.1005488076755,18.3992700729927));
#9245=CARTESIAN_POINT('',(-30.4177921655257,-19.764899478108,16.8828467153285));
#9246=CARTESIAN_POINT('',(-30.4177921655257,-19.764899478108,16.3773722627737));
#9247=CARTESIAN_POINT('',(-30.341422655241,-20.3456512074927,16.3773722627737));
#9248=CARTESIAN_POINT('',(-30.8337553403677,-16.6017086674118,16.3773722627737));
#9249=CARTESIAN_POINT('',(-30.8337553403677,-16.6017086674118,16.8828467153285));
#9250=CARTESIAN_POINT('',(-31.196371336407,-18.2315935316545,16.3773722627737));
#9251=CARTESIAN_POINT('',(-31.3027541969434,-19.8812729877168,16.3773722627737));
#9252=CARTESIAN_POINT('',(-31.1194159691564,-19.8571638030788,16.3773722627737));
#9253=CARTESIAN_POINT('',(-31.4660684869162,-17.221045692145,16.3773722627737));
#9254=CARTESIAN_POINT('',(-31.5353791439984,-16.6939729923826,16.3773722627737));
#9255=CARTESIAN_POINT('',(-28.3568725705915,-16.2759957773945,16.3773722627737));
#9256=CARTESIAN_POINT('',(-31.5353791439984,-16.6939729923826,16.8828467153285));
#9257=CARTESIAN_POINT('',(-31.5353791439984,-16.6939729923826,16.8828467153285));
#9258=CARTESIAN_POINT('',(-31.5353791439984,-16.6939729923826,16.8828467153285));
#9259=CARTESIAN_POINT('',(-28.3568725705915,-16.2759957773945,16.8828467153285));
#9260=CARTESIAN_POINT('',(-31.1194159691564,-19.8571638030788,16.8828467153285));
#9261=CARTESIAN_POINT('',(-31.1194159691564,-19.8571638030788,16.8828467153285));
#9262=CARTESIAN_POINT('',(-31.1194159691564,-19.8571638030788,16.8828467153285));
#9263=CARTESIAN_POINT('',(-31.4660684869162,-17.221045692145,16.8828467153285));
#9264=CARTESIAN_POINT('',(-31.3027541969434,-19.8812729877168,16.8828467153285));
#9265=CARTESIAN_POINT('',(-28.4132224977127,-17.8993850873696,18.3992700729927));
#9266=CARTESIAN_POINT('',(-22.203293734465,-14.6510712847159,18.3992700729927));
#9267=CARTESIAN_POINT('',(-25.9067484761728,-15.1380797784924,18.3992700729927));
#9268=CARTESIAN_POINT('',(-25.8013035333489,-15.9399355540704,18.3992700729927));
#9269=CARTESIAN_POINT('',(-22.203293734465,-14.6510712847159,18.7025547445255));
#9270=CARTESIAN_POINT('',(-25.9067484761728,-15.1380797784924,18.7025547445255));
#9271=CARTESIAN_POINT('',(-25.8013035333489,-15.9399355540704,18.7025547445255));
#9272=CARTESIAN_POINT('',(-28.4132224977127,-17.8993850873696,18.3992700729927));
#9273=CARTESIAN_POINT('',(-24.9382854751692,-19.8600600461941,18.3992700729927));
#9274=CARTESIAN_POINT('',(-24.9382854751692,-19.8600600461941,18.7025547445255));
#9275=CARTESIAN_POINT('',(-45.1413135099169,-2.67349839370187,8.05176311063831));
#9276=CARTESIAN_POINT('',(-45.4667799815368,-2.67349839370187,8.05176311063831));
#9277=CARTESIAN_POINT('',(-45.4667799815368,-2.67349839370187,8.05176311063831));
#9278=CARTESIAN_POINT('',(-45.4667799815368,0.867938574552371,8.05176311063831));
#9279=CARTESIAN_POINT('',(-45.1413135099169,-2.67349839370187,8.05176311063831));
#9280=CARTESIAN_POINT('',(-45.1413135099169,0.867938574552371,8.05176311063831));
#9281=CARTESIAN_POINT('',(-45.1413135099169,0.867938574552371,8.05176311063831));
#9282=CARTESIAN_POINT('',(-45.4667799815368,0.867938574552371,7.74847843910546));
#9283=CARTESIAN_POINT('',(-45.7621310929586,0.867938574552371,7.67956317977373));
#9284=CARTESIAN_POINT('',(-45.8307082242917,0.867938574552371,7.97346517120148));
#9285=CARTESIAN_POINT('',(-45.8489777434936,-2.67349839370187,8.05176311063831));
#9286=CARTESIAN_POINT('',(-45.7621310929586,-2.67349839370187,7.67956317977373));
#9287=CARTESIAN_POINT('',(-45.7621310929586,-2.67349839370187,7.67956317977373));
#9288=CARTESIAN_POINT('',(-45.4951456267053,-2.67349839370187,6.53533975297408));
#9289=CARTESIAN_POINT('',(-45.1413135099169,-2.67349839370187,5.01891639530984));
#9290=CARTESIAN_POINT('',(-45.4667799815368,-2.67349839370187,7.74847843910546));
#9291=CARTESIAN_POINT('',(-45.4667799815368,-2.67349839370187,7.74847843910546));
#9292=CARTESIAN_POINT('',(-0.8255208037561,-0.0339180446924895,20.1431569343066));
#9293=CARTESIAN_POINT('',(-0.8255208037561,-0.0339180446924895,15.3664233576642));
#9294=CARTESIAN_POINT('',(-16.7709618984629,-7.21880373333431,15.3664233576642));
#9295=CARTESIAN_POINT('',(-16.7709618984629,-7.21880373333429,20.1431569343066));
#9296=CARTESIAN_POINT('',(-16.7709618984629,-7.21880373333429,21.836496350365));
#9297=CARTESIAN_POINT('',(-16.7709618984629,-7.21880373333428,21.836496350365));
#9298=CARTESIAN_POINT('',(-16.7709618984629,-7.21880373333428,22.1057563935193));
#9299=CARTESIAN_POINT('',(-16.6706352310852,-7.44232256457333,22.3419708029197));
#9300=CARTESIAN_POINT('',(-16.5529061901899,-7.68434437073499,22.3419708029197));
#9301=CARTESIAN_POINT('',(-16.5529061901899,-7.68434437073498,22.3419708029197));
#9302=CARTESIAN_POINT('',(-0.8255208037561,-0.0339180446924895,22.3419708029197));
#9303=CARTESIAN_POINT('',(-13.8457934948404,-11.7109113697493,22.3419708029197));
#9304=CARTESIAN_POINT('',(-13.8457934948403,-11.7109113697493,22.3419708029197));
#9305=CARTESIAN_POINT('',(-13.666855915147,-11.9104332858311,22.3419708029197));
#9306=CARTESIAN_POINT('',(-13.5001941468526,-12.0851557284084,22.1045568135905));
#9307=CARTESIAN_POINT('',(-13.5001941468526,-12.0851557284084,21.836496350365));
#9308=CARTESIAN_POINT('',(-13.5001941468526,-12.0851557284084,21.836496350365));
#9309=CARTESIAN_POINT('',(-13.5001941468525,-12.0851557284084,20.1431569343066));
#9310=CARTESIAN_POINT('',(-0.8255208037561,-0.0339180446924895,15.3664233576642));
#9311=CARTESIAN_POINT('',(-9.35819333017431,-15.3006522606446,15.3664233576642));
#9312=CARTESIAN_POINT('',(-9.35819333017431,-15.3006522606446,20.1431569343066));
#9313=CARTESIAN_POINT('',(-9.35819333017431,-15.3006522606446,21.4321167883212));
#9314=CARTESIAN_POINT('',(-0.8255208037561,-0.0339180446924895,21.4321167883212));
#9315=CARTESIAN_POINT('',(-4.68126681057683,-17.0930181614777,21.4321167883212));
#9316=CARTESIAN_POINT('',(-4.68126681057683,-17.0930181614777,20.1431569343066));
#9317=CARTESIAN_POINT('',(13.3898450980552,-10.2222960481451,22.2408759124088));
#9318=CARTESIAN_POINT('',(13.1149976798356,-10.6057777579752,22.2408759124088));
#9319=CARTESIAN_POINT('',(12.8601318452374,-10.9307766234909,21.9753472524673));
#9320=CARTESIAN_POINT('',(12.6047573609189,-11.2369222169255,21.735401459854));
#9321=CARTESIAN_POINT('',(13.3898450980552,-10.2222960481451,22.2408759124088));
#9322=CARTESIAN_POINT('',(-0.8255208037561,-0.0339180446924895,22.2408759124088));
#9323=CARTESIAN_POINT('',(15.8940811477056,-5.1656414051529,22.2408759124088));
#9324=CARTESIAN_POINT('',(15.8940811477056,-5.16564140515286,22.2408759124088));
#9325=CARTESIAN_POINT('',(16.032517404798,-4.71460401446457,22.2408759124087));
#9326=CARTESIAN_POINT('',(16.1365474247168,-4.31490586637718,21.975347249243));
#9327=CARTESIAN_POINT('',(16.2252733716112,-3.92622996087767,21.735401459854));
#9328=CARTESIAN_POINT('',(3.05425020231251,17.019734086276,15.3664233576642));
#9329=CARTESIAN_POINT('',(3.05425020231251,17.019734086276,20.7244525547445));
#9330=CARTESIAN_POINT('',(3.05425020231251,17.019734086276,20.7244525547445));
#9331=CARTESIAN_POINT('',(3.05425020231251,17.019734086276,21.0250276765311));
#9332=CARTESIAN_POINT('',(2.73922321169712,17.0909634201311,21.2299270072993));
#9333=CARTESIAN_POINT('',(2.44568054151733,17.1468536440966,21.2299270072993));
#9334=CARTESIAN_POINT('',(-4.97618319753209,16.9558340357974,21.2299270072993));
#9335=CARTESIAN_POINT('',(-5.37957020162806,16.8572850245989,21.2299270072993));
#9336=CARTESIAN_POINT('',(-5.71916157563359,16.760171319381,20.9650890206799));
#9337=CARTESIAN_POINT('',(-6.03502494933025,16.6616125135396,20.7244525547445));
#9338=CARTESIAN_POINT('',(-6.03502494933026,16.6616125135396,20.7244525547445));
#9339=CARTESIAN_POINT('',(-6.03502494933025,16.6616125135396,20.1431569343066));
#9340=CARTESIAN_POINT('',(-16.94536140055,-10.7325560302831,22.3419708029197));
#9341=CARTESIAN_POINT('',(-15.74043340482,-13.0671026602222,22.3419708029197));
#9342=CARTESIAN_POINT('',(-16.0486573382015,-13.2877306601739,22.3419708029197));
#9343=CARTESIAN_POINT('',(-17.365930947148,-8.26631094312566,22.3419708029197));
#9344=CARTESIAN_POINT('',(-18.8715620643719,-9.34404808836822,22.3419708029197));
#9345=CARTESIAN_POINT('',(-17.4601097012867,-11.315889374271,22.3419708029197));
#9346=CARTESIAN_POINT('',(-16.7709618984629,-7.21880373333429,15.3664233576642));
#9347=CARTESIAN_POINT('',(-17.6601451489238,-7.8552848786736,21.836496350365));
#9348=CARTESIAN_POINT('',(-19.1657762661478,-8.93302202391616,21.836496350365));
#9349=CARTESIAN_POINT('',(-15.7611719568062,-6.49599180645123,15.3664233576642));
#9350=CARTESIAN_POINT('',(-19.1657762661477,-8.93302202391616,15.3664233576642));
#9351=CARTESIAN_POINT('',(-19.1657762661478,-8.93302202391616,15.3664233576642));
#9352=CARTESIAN_POINT('',(-17.4601097012867,-11.315889374271,15.3664233576642));
#9353=CARTESIAN_POINT('',(-17.4601097012867,-11.315889374271,21.836496350365));
#9354=CARTESIAN_POINT('',(-15.7544431364257,-13.6987567246259,21.836496350365));
#9355=CARTESIAN_POINT('',(-17.4601097012867,-11.315889374271,15.3664233576642));
#9356=CARTESIAN_POINT('',(-15.7544431364257,-13.6987567246259,15.3664233576642));
#9357=CARTESIAN_POINT('',(-15.7544431364257,-13.6987567246259,15.3664233576642));
#9358=CARTESIAN_POINT('',(-15.4462192030442,-13.4781287246743,21.836496350365));
#9359=CARTESIAN_POINT('',(-15.74043340482,-13.0671026602222,21.836496350365));
#9360=CARTESIAN_POINT('',(-16.0486573382015,-13.2877306601739,21.836496350365));
#9361=CARTESIAN_POINT('',(-17.4601097012867,-11.315889374271,21.836496350365));
#9362=CARTESIAN_POINT('',(-18.8715620643719,-9.34404808836822,21.836496350365));
#9363=CARTESIAN_POINT('',(-17.365930947148,-8.26631094312566,21.836496350365));
#9364=CARTESIAN_POINT('',(16.4659956580627,-8.45131796319877,22.2408759124088));
#9365=CARTESIAN_POINT('',(13.7692323462953,-12.2082809601827,22.2408759124088));
#9366=CARTESIAN_POINT('',(14.8036366006803,-10.4710191510479,22.2408759124088));
#9367=CARTESIAN_POINT('',(14.1354070590673,-10.0731404449624,22.2408759124088));
#9368=CARTESIAN_POINT('',(15.7370052483196,-11.0267675678674,22.2408759124088));
#9369=CARTESIAN_POINT('',(17.0300105663121,-8.85519030645561,22.2408759124088));
#9370=CARTESIAN_POINT('',(17.8834215657798,-6.47626192993278,22.2408759124088));
#9371=CARTESIAN_POINT('',(17.5693860776083,-6.3636056001041,22.2408759124088));
#9372=CARTESIAN_POINT('',(17.0209371306048,-6.16685635425428,22.2408759124088));
#9373=CARTESIAN_POINT('',(17.703665930169,-4.26371365303245,22.2408759124088));
#9374=CARTESIAN_POINT('',(13.7692323462953,-12.2082809601827,21.735401459854));
#9375=CARTESIAN_POINT('',(14.8036366006803,-10.4710191510479,21.735401459854));
#9376=CARTESIAN_POINT('',(14.1354070590673,-10.0731404449624,21.735401459854));
#9377=CARTESIAN_POINT('',(15.7370052483196,-11.0267675678674,21.735401459854));
#9378=CARTESIAN_POINT('',(17.0300105663121,-8.85519030645561,21.735401459854));
#9379=CARTESIAN_POINT('',(17.8834215657798,-6.47626192993278,21.735401459854));
#9380=CARTESIAN_POINT('',(17.5693860776083,-6.3636056001041,21.735401459854));
#9381=CARTESIAN_POINT('',(17.0209371306048,-6.16685635425428,21.735401459854));
#9382=CARTESIAN_POINT('',(17.703665930169,-4.26371365303245,21.735401459854));
#9383=CARTESIAN_POINT('',(1.31034272219699,18.6330782488387,15.3664233576642));
#9384=CARTESIAN_POINT('',(1.31034272219699,18.6330782488387,20.7244525547445));
#9385=CARTESIAN_POINT('',(0.242079390280381,20.7550834655525,20.7244525547445));
#9386=CARTESIAN_POINT('',(0.242079390280384,20.7550834655525,15.3664233576642));
#9387=CARTESIAN_POINT('',(-2.63622238315723,19.7992915950573,15.3664233576642));
#9388=CARTESIAN_POINT('',(-2.63622238315723,19.7992915950573,20.7244525547445));
#9389=CARTESIAN_POINT('',(-5.61443870634792,19.2262412212164,20.7244525547445));
#9390=CARTESIAN_POINT('',(-5.61443870634792,19.2262412212164,15.3664233576642));
#9391=CARTESIAN_POINT('',(-5.61443870635059,19.2262412212159,15.3664233576642));
#9392=CARTESIAN_POINT('',(-5.56146424890418,18.9509261685051,20.7244525547445));
#9393=CARTESIAN_POINT('',(-5.34341358219179,17.8176888746589,20.7244525547445));
#9394=CARTESIAN_POINT('',(-5.34341358219179,17.8176888746589,20.1431569343066));
#9395=CARTESIAN_POINT('',(-6.33615235658888,17.6266720833796,20.1431569343066));
#9396=CARTESIAN_POINT('',(-6.33615235658888,17.6266720833796,20.7244525547445));
#9397=CARTESIAN_POINT('',(1.31034272219699,18.6330782488387,20.7244525547445));
#9398=CARTESIAN_POINT('',(0.242079390280402,20.7550834655526,20.7244525547445));
#9399=CARTESIAN_POINT('',(0.242079390280404,20.7550834655526,20.9259446108323));
#9400=CARTESIAN_POINT('',(0.10194304454547,20.4165825724237,21.2171729582757));
#9401=CARTESIAN_POINT('',(-0.0416245123197111,20.0394631926374,21.2299270072993));
#9402=CARTESIAN_POINT('',(-0.109370243855021,19.8505636219515,21.2299270072993));
#9403=CARTESIAN_POINT('',(-6.33615235658888,17.6266720833796,20.7244525547445));
#9404=CARTESIAN_POINT('',(-4.84704419499325,17.9131972702986,20.7244525547445));
#9405=CARTESIAN_POINT('',(-5.06509486170564,19.0464345641448,20.7244525547445));
#9406=CARTESIAN_POINT('',(-5.11806931914946,19.3217496168566,20.7244525547445));
#9407=CARTESIAN_POINT('',(-2.63622238315723,19.7992915950573,20.7244525547445));
#9408=CARTESIAN_POINT('',(-7.5515883159555,-17.9650263884739,15.3664233576642));
#9409=CARTESIAN_POINT('',(-10.0639125675948,-16.6743943271647,15.3664233576642));
#9410=CARTESIAN_POINT('',(-7.5515883159555,-17.9650263884739,15.3664233576642));
#9411=CARTESIAN_POINT('',(-5.32969558931058,-18.8943689478733,15.3664233576642));
#9412=CARTESIAN_POINT('',(-5.32969557363692,-18.8943689043314,15.3664233576642));
#9413=CARTESIAN_POINT('',(-7.79827019790749,-18.0057608928765,15.3664233576642));
#9414=CARTESIAN_POINT('',(-10.1319773079626,-16.8068880897433,15.3664233576642));
#9415=CARTESIAN_POINT('',(-10.1319773079626,-16.8068880897433,15.3664233576642));
#9416=CARTESIAN_POINT('',(-7.5515883159555,-17.9650263884739,21.4321167883212));
#9417=CARTESIAN_POINT('',(-8.09040033834343,-18.7748974317794,21.4321167883212));
#9418=CARTESIAN_POINT('',(-9.10134924345291,-18.7748974317794,21.4321167883212));
#9419=CARTESIAN_POINT('',(-5.32969558931058,-18.8943689478733,21.4321167883212));
#9420=CARTESIAN_POINT('',(-5.32969557363692,-18.8943689043314,21.4321167883212));
#9421=CARTESIAN_POINT('',(-10.1319773079626,-16.8068880897433,21.4321167883212));
#9422=CARTESIAN_POINT('',(-10.1319773079626,-16.8068880897433,21.4321167883212));
#9423=CARTESIAN_POINT('',(-7.79827019790749,-18.0057608928765,21.4321167883212));
#9424=CARTESIAN_POINT('',(-5.32969557363692,-18.8943689043314,15.3664233576642));
#9425=CARTESIAN_POINT('',(-5.32969557363692,-18.8943689043314,15.3664233576642));
#9426=CARTESIAN_POINT('',(-9.35819333017431,-15.3006522606446,15.3664233576642));
#9427=CARTESIAN_POINT('',(-10.1319773079626,-16.8068880897433,15.3664233576642));
#9428=CARTESIAN_POINT('',(-7.79827019790749,-18.0057608928765,15.3664233576642));
#9429=CARTESIAN_POINT('',(-8.09040033834343,-18.7748974317794,20.9266423357664));
#9430=CARTESIAN_POINT('',(-8.09040033834343,-18.7748974317794,20.9266423357664));
#9431=CARTESIAN_POINT('',(-8.69696968140912,-18.7748974317794,20.9266423357664));
#9432=CARTESIAN_POINT('',(-8.09040033834343,-18.7748974317794,21.4321167883212));
#9433=CARTESIAN_POINT('',(-8.09040033834343,-18.7748974317794,21.3310218978102));
#9434=CARTESIAN_POINT('',(-9.10134924345291,-18.7748974317794,21.3310218978102));
#9435=CARTESIAN_POINT('',(-8.09040033834343,-18.7748974317794,21.3310218978102));
#9436=CARTESIAN_POINT('',(-38.8251959999764,11.7436366998331,18.2649252236808));
#9437=CARTESIAN_POINT('',(-38.8251959999764,11.7436366998331,18.2649252236808));
#9438=CARTESIAN_POINT('',(-37.6751138454057,11.7436366998331,16.3612769759077));
#9439=CARTESIAN_POINT('',(-39.975278154547,11.7436366998331,16.3612769759076));
#9440=CARTESIAN_POINT('',(-38.8251959999764,11.7436366998331,18.2649252236808));
#9441=CARTESIAN_POINT('',(-38.8251959999764,13.765534510052,18.2649252236808));
#9442=CARTESIAN_POINT('',(-39.9752781545471,13.765534510052,16.3612769759076));
#9443=CARTESIAN_POINT('',(-39.9752781545471,13.765534510052,16.3612769759076));
#9444=CARTESIAN_POINT('',(-37.6751138454058,13.765534510052,16.3612769759076));
#9445=CARTESIAN_POINT('',(-37.6751138454058,13.765534510052,16.3612769759076));
#9446=CARTESIAN_POINT('',(-38.8251959999764,13.765534510052,18.2649252236808));
#9447=CARTESIAN_POINT('',(-7.5515883159555,-17.9650263884739,15.3664233576642));
#9448=CARTESIAN_POINT('',(-34.5286631532611,-2.98204968066966,15.3664233576642));
#9449=CARTESIAN_POINT('',(-34.5286631532611,12.3842783677744,15.3664233576642));
#9450=CARTESIAN_POINT('',(-34.5286631532611,10.7326877947236,15.3664233576642));
#9451=CARTESIAN_POINT('',(-7.5515883159555,10.7326877947236,15.3664233576642));
#9452=CARTESIAN_POINT('',(-43.1217288466917,10.7326877947236,15.3664233576642));
#9453=CARTESIAN_POINT('',(-43.1217288466917,-2.98204968066966,15.3664233576642));
#9454=CARTESIAN_POINT('',(-7.5515883159555,13.765534510052,15.3664233576642));
#9455=CARTESIAN_POINT('',(-32.7370673117722,13.765534510052,15.3664233576642));
#9456=CARTESIAN_POINT('',(-24.1522143907216,0.777770445903084,15.3664233576642));
#9457=CARTESIAN_POINT('',(-24.1522143907216,0.777770445903084,15.3664233576642));
#9458=CARTESIAN_POINT('',(-24.1522143907216,0.777770445903084,15.3503280707982));
#9459=CARTESIAN_POINT('',(-34.5286631532611,12.3842783677744,15.3503280707982));
#9460=CARTESIAN_POINT('',(-34.5286631532611,12.3842783677744,15.3664233576642));
#9461=CARTESIAN_POINT('',(-32.7370673117722,13.765534510052,15.3664233576642));
#9462=CARTESIAN_POINT('',(-38.8367468118262,13.765534510052,10.292932672709));
#9463=CARTESIAN_POINT('',(-36.6827049825436,13.765534510052,16.3612769759076));
#9464=CARTESIAN_POINT('',(-36.538388795931,13.765534510052,16.3612769759076));
#9465=CARTESIAN_POINT('',(-36.538388795931,13.765534510052,13.8339047131339));
#9466=CARTESIAN_POINT('',(-34.5286631532611,13.765534510052,15.3664233576642));
#9467=CARTESIAN_POINT('',(-34.5286631532611,13.765534510052,12.8216303717536));
#9468=CARTESIAN_POINT('',(-34.5286631532611,13.765534510052,15.3503280707982));
#9469=CARTESIAN_POINT('',(-40.9792378292589,13.765534510052,15.3503280707982));
#9470=CARTESIAN_POINT('',(-43.1217288466918,13.765534510052,15.3503280707982));
#9471=CARTESIAN_POINT('',(-43.1217288466918,13.765534510052,13.3271048243083));
#9472=CARTESIAN_POINT('',(-43.1217288466918,13.765534510052,15.3664233576642));
#9473=CARTESIAN_POINT('',(-41.1120032040218,13.765534510052,13.8339047131339));
#9474=CARTESIAN_POINT('',(-41.1120032040218,13.765534510052,16.3612769759076));
#9475=CARTESIAN_POINT('',(-38.8367468118262,13.765534510052,16.3612769759076));
#9476=CARTESIAN_POINT('',(-34.5286631532611,13.765534510052,16.3612769759076));
#9477=CARTESIAN_POINT('',(-41.1120032040218,-2.98204968066966,16.3612769759076));
#9478=CARTESIAN_POINT('',(-41.1120032040218,10.7326877947236,16.3612769759076));
#9479=CARTESIAN_POINT('',(-38.8251959999764,10.7326877947236,16.3612769759076));
#9480=CARTESIAN_POINT('',(-39.9752781545471,10.7326877947236,16.3612769759076));
#9481=CARTESIAN_POINT('',(-39.9752781545471,13.765534510052,16.3612769759076));
#9482=CARTESIAN_POINT('',(-34.5286631532611,13.765534510052,16.3612769759076));
#9483=CARTESIAN_POINT('',(-36.538388795931,-2.98204968066966,16.3612769759076));
#9484=CARTESIAN_POINT('',(-36.538388795931,10.7326877947236,16.3612769759076));
#9485=CARTESIAN_POINT('',(-37.6751138454057,13.765534510052,16.3612769759076));
#9486=CARTESIAN_POINT('',(-37.6751138454057,10.7326877947236,16.3612769759076));
#9487=CARTESIAN_POINT('',(-34.5286631532611,10.7326877947236,16.3612769759076));
#9488=CARTESIAN_POINT('',(-38.8251959999764,13.765534510052,18.2649252236808));
#9489=CARTESIAN_POINT('',(-38.8251959999764,10.7326877947236,18.2649252236808));
#9490=CARTESIAN_POINT('',(-43.1217288466918,13.765534510052,15.3503280707982));
#9491=CARTESIAN_POINT('',(-43.1217288466918,13.765534510052,15.3503280707982));
#9492=CARTESIAN_POINT('',(-34.5286631532611,13.765534510052,15.3503280707982));
#9493=CARTESIAN_POINT('',(-43.1217288466918,13.765534510052,16.3612769759076));
#9494=CARTESIAN_POINT('',(-43.1217288466918,-2.98204968066966,15.3664233576642));
#9495=CARTESIAN_POINT('',(-41.1120032040218,-2.98204968066966,13.8339047131339));
#9496=CARTESIAN_POINT('',(-41.1120032040218,10.7326877947236,13.8339047131339));
#9497=CARTESIAN_POINT('',(-38.8251959999764,10.7326877947236,15.8558025233529));
#9498=CARTESIAN_POINT('',(-36.538388795931,10.7326877947236,13.8339047131339));
#9499=CARTESIAN_POINT('',(-34.5286631532611,13.765534510052,15.3503280707982));
#9500=CARTESIAN_POINT('',(-34.5286631532611,-2.98204968066966,15.3664233576642));
#9501=CARTESIAN_POINT('',(-36.538388795931,-2.98204968066966,13.8339047131339));
#9502=CARTESIAN_POINT('',(-17.3481674194336,14.8865118026733,143.211868286133));
#9503=CARTESIAN_POINT('',(0.,0.,0.));
#9504=CARTESIAN_POINT('',(-35.70672903025,-35.70672903025,143.211868286133));
#9505=CARTESIAN_POINT('',(-17.3481674194336,-76.6781921386719,16.0395545959473));
#9506=CARTESIAN_POINT('',(0.,0.,0.));
#9507=CARTESIAN_POINT('',(-19.1180204684902,-19.1180204684902,76.6781921386719));
#9508=CARTESIAN_POINT('',(91.3592910766602,14.8865118026733,16.0395545959473));
#9509=CARTESIAN_POINT('',(0.,0.,0.));
#9510=CARTESIAN_POINT('',(-22.7784295387613,-22.7784295387613,91.3592910766602));
#9511=CARTESIAN_POINT('',(-17.3481674194336,76.6781921386719,16.0395545959473));
#9512=CARTESIAN_POINT('',(0.,0.,0.));
#9513=CARTESIAN_POINT('',(-19.1180204684902,-19.1180204684902,76.6781921386719));
#9514=CARTESIAN_POINT('',(-17.3481674194336,14.8865118026733,-143.211868286133));
#9515=CARTESIAN_POINT('',(0.,0.,0.));
#9516=CARTESIAN_POINT('',(-35.70672903025,-35.70672903025,143.211868286133));
#9517=CARTESIAN_POINT('',(-91.3592910766602,14.8865118026733,16.0395545959473));
#9518=CARTESIAN_POINT('',(0.,0.,0.));
#9519=CARTESIAN_POINT('',(-22.7784295387613,-22.7784295387613,91.3592910766602));
#9520=CARTESIAN_POINT('',(82.9561217625936,-85.4177773793539,116.343843777974));
#9521=CARTESIAN_POINT('',(0.,0.,0.));
#9522=CARTESIAN_POINT('',(-40.9850022867312,-40.9850022867312,164.381866068484));
#9523=CARTESIAN_POINT('',(89.4932052993789,-72.0654110605092,71.8356420054825));
#9524=CARTESIAN_POINT('',(0.,0.,0.));
#9525=CARTESIAN_POINT('',(-33.2764390191915,-33.2764390191915,133.464507426896));
#9526=MECHANICAL_DESIGN_GEOMETRIC_PRESENTATION_REPRESENTATION('',(#5430),
#9527);
#9527=(
GEOMETRIC_REPRESENTATION_CONTEXT(3)
GLOBAL_UNCERTAINTY_ASSIGNED_CONTEXT((#9528))
GLOBAL_UNIT_ASSIGNED_CONTEXT((#9531,#9530,#9529))
REPRESENTATION_CONTEXT('OOM-P02','TOP_LEVEL_ASSEMBLY_PART')
);
#9528=UNCERTAINTY_MEASURE_WITH_UNIT(LENGTH_MEASURE(0.005),#9531,
'DISTANCE_ACCURACY_VALUE','Maximum Tolerance applied to model');
#9529=(
NAMED_UNIT(*)
SI_UNIT($,.STERADIAN.)
SOLID_ANGLE_UNIT()
);
#9530=(
NAMED_UNIT(*)
PLANE_ANGLE_UNIT()
SI_UNIT($,.RADIAN.)
);
#9531=(
LENGTH_UNIT()
NAMED_UNIT(*)
SI_UNIT(.MILLI.,.METRE.)
);
#9532=PRODUCT_DEFINITION_SHAPE('','',#9533);
#9533=PRODUCT_DEFINITION('','',#9535,#9534);
#9534=PRODUCT_DEFINITION_CONTEXT('',#9541,'design');
#9535=PRODUCT_DEFINITION_FORMATION_WITH_SPECIFIED_SOURCE('','',#9537,
 .NOT_KNOWN.);
#9536=PRODUCT_RELATED_PRODUCT_CATEGORY('','',(#9537));
#9537=PRODUCT('OOM-P02','OOM-P02','OOM-P02',(#9539));
#9538=PRODUCT_CATEGORY('','');
#9539=PRODUCT_CONTEXT('',#9541,'mechanical');
#9540=APPLICATION_PROTOCOL_DEFINITION('international standard',
'ap242_managed_model_based_3d_engineering',2020,#9541);
#9541=APPLICATION_CONTEXT('managed model based 3d engineering');
ENDSEC;
END-ISO-10303-21;
