ISO-10303-21;
HEADER;
/* Generated by software containing ST-Developer
 * from STEP Tools, Inc. (www.steptools.com) 
 */
/* OPTION: using custom renumber hook */

FILE_DESCRIPTION(
/* description */ (
'CAx-IF Rec.Pracs.---Representation and Presentation of Product Manufa
cturing Information (PMI)---4.0---2014-10-13',
'CAx-IF Rec.Pracs.---3D Tessellated Geometry---0.4---2014-09-14','2;1'),

/* implementation_level */ '2;1');

FILE_NAME(
/* name */ 'OOM-B03-01-exported',
/* time_stamp */ '2026-08-01T21:47:37+03:00',
/* author */ (''),
/* organization */ (''),
/* preprocessor_version */ 'ST-DEVELOPER v18.102',
/* originating_system */ 'SIEMENS PLM Software NX2206.9140',
/* authorisation */ $);

FILE_SCHEMA (('AP242_MANAGED_MODEL_BASED_3D_ENGINEERING_MIM_LF { 1 0 10303 442 3 1 4 }'));
ENDSEC;

DATA;
#10=DEFAULT_MODEL_GEOMETRIC_VIEW('','',#53,#27,'','',#6787,*);
#11=MECHANICAL_DESIGN_AND_DRAUGHTING_RELATIONSHIP('','',#19,#20);
#12=MECHANICAL_DESIGN_AND_DRAUGHTING_RELATIONSHIP('','',#21,#20);
#13=MECHANICAL_DESIGN_AND_DRAUGHTING_RELATIONSHIP('','',#22,#20);
#14=MECHANICAL_DESIGN_AND_DRAUGHTING_RELATIONSHIP('','',#23,#20);
#15=MECHANICAL_DESIGN_AND_DRAUGHTING_RELATIONSHIP('','',#24,#20);
#16=MECHANICAL_DESIGN_AND_DRAUGHTING_RELATIONSHIP('','',#25,#20);
#17=MECHANICAL_DESIGN_AND_DRAUGHTING_RELATIONSHIP('','',#26,#20);
#18=MECHANICAL_DESIGN_AND_DRAUGHTING_RELATIONSHIP('','',#27,#20);
#19=DRAUGHTING_MODEL('Top',(#46,#37),#6782);
#20=DRAUGHTING_MODEL('',(#38),#6782);
#21=DRAUGHTING_MODEL('Front',(#47,#39),#6782);
#22=DRAUGHTING_MODEL('Right',(#48,#40),#6782);
#23=DRAUGHTING_MODEL('Back',(#49,#41),#6782);
#24=DRAUGHTING_MODEL('Bottom',(#50,#42),#6782);
#25=DRAUGHTING_MODEL('Left',(#51,#43),#6782);
#26=DRAUGHTING_MODEL('Isometric',(#52,#44),#6782);
#27=DRAUGHTING_MODEL('Trimetric',(#53,#45),#6782);
#28=REPRESENTATION_MAP(#1840,#71);
#29=REPRESENTATION_MAP(#1840,#71);
#30=REPRESENTATION_MAP(#1840,#71);
#31=REPRESENTATION_MAP(#1840,#71);
#32=REPRESENTATION_MAP(#1840,#71);
#33=REPRESENTATION_MAP(#1840,#71);
#34=REPRESENTATION_MAP(#1840,#71);
#35=REPRESENTATION_MAP(#1840,#71);
#36=REPRESENTATION_MAP(#1840,#71);
#37=MAPPED_ITEM('',#28,#1840);
#38=MAPPED_ITEM('',#29,#1840);
#39=MAPPED_ITEM('',#30,#1840);
#40=MAPPED_ITEM('',#31,#1840);
#41=MAPPED_ITEM('',#32,#1840);
#42=MAPPED_ITEM('',#33,#1840);
#43=MAPPED_ITEM('',#34,#1840);
#44=MAPPED_ITEM('',#35,#1840);
#45=MAPPED_ITEM('',#36,#1840);
#46=CAMERA_MODEL_D3('Top',#1919,#54);
#47=CAMERA_MODEL_D3('Front',#1921,#55);
#48=CAMERA_MODEL_D3('Right',#1923,#56);
#49=CAMERA_MODEL_D3('Back',#1925,#57);
#50=CAMERA_MODEL_D3('Bottom',#1927,#58);
#51=CAMERA_MODEL_D3('Left',#1929,#59);
#52=CAMERA_MODEL_D3('Isometric',#1931,#60);
#53=CAMERA_MODEL_D3('Trimetric',#1933,#61);
#54=VIEW_VOLUME(.PARALLEL.,#6758,98.5287094116211,0.,.F.,0.,.F.,.F.,#62);
#55=VIEW_VOLUME(.PARALLEL.,#6761,138.719039916992,0.,.F.,0.,.F.,.F.,#63);
#56=VIEW_VOLUME(.PARALLEL.,#6764,138.719039916992,0.,.F.,0.,.F.,.F.,#64);
#57=VIEW_VOLUME(.PARALLEL.,#6767,138.719039916992,0.,.F.,0.,.F.,.F.,#65);
#58=VIEW_VOLUME(.PARALLEL.,#6770,98.5287017822266,0.,.F.,0.,.F.,.F.,#66);
#59=VIEW_VOLUME(.PARALLEL.,#6773,138.719039916992,0.,.F.,0.,.F.,.F.,#67);
#60=VIEW_VOLUME(.PARALLEL.,#6776,184.948977770338,0.,.F.,0.,.F.,.F.,#68);
#61=VIEW_VOLUME(.PARALLEL.,#6779,174.36018414128,0.,.F.,0.,.F.,.F.,#69);
#62=PLANAR_BOX('',49.1319325802226,49.1319325802226,#1920);
#63=PLANAR_BOX('',69.1730822162885,69.1730822162885,#1922);
#64=PLANAR_BOX('',69.1730822162885,69.1730822162885,#1924);
#65=PLANAR_BOX('',69.1730822162885,69.1730822162885,#1926);
#66=PLANAR_BOX('',49.1319287757792,49.1319287757792,#1928);
#67=PLANAR_BOX('',69.1730822162885,69.1730822162885,#1930);
#68=PLANAR_BOX('',92.2259183222547,92.2259183222547,#1932);
#69=PLANAR_BOX('',86.9457527969424,86.9457527969424,#1934);
#70=SHAPE_REPRESENTATION_RELATIONSHIP('','',#1839,#71);
#71=ADVANCED_BREP_SHAPE_REPRESENTATION('',(#1837),#6782);
#72=CONICAL_SURFACE('',#1914,4.25,0.785398163397448);
#73=(
BOUNDED_SURFACE()
B_SPLINE_SURFACE(5,3,((#3130,#3131,#3132,#3133,#3134,#3135,#3136,#3137,
#3138,#3139,#3140,#3141,#3142,#3143,#3144),(#3145,#3146,#3147,#3148,#3149,
#3150,#3151,#3152,#3153,#3154,#3155,#3156,#3157,#3158,#3159),(#3160,#3161,
#3162,#3163,#3164,#3165,#3166,#3167,#3168,#3169,#3170,#3171,#3172,#3173,
#3174),(#3175,#3176,#3177,#3178,#3179,#3180,#3181,#3182,#3183,#3184,#3185,
#3186,#3187,#3188,#3189),(#3190,#3191,#3192,#3193,#3194,#3195,#3196,#3197,
#3198,#3199,#3200,#3201,#3202,#3203,#3204),(#3205,#3206,#3207,#3208,#3209,
#3210,#3211,#3212,#3213,#3214,#3215,#3216,#3217,#3218,#3219)),
 .UNSPECIFIED.,.F.,.F.,.F.)
B_SPLINE_SURFACE_WITH_KNOTS((6,6),(4,2,2,2,2,3,4),(0.,1.),(0.469440728241706,
0.478174627815713,0.48690852738972,0.504376326537735,0.521844125685749,
0.539311924833764,0.539755664059437),.UNSPECIFIED.)
GEOMETRIC_REPRESENTATION_ITEM()
RATIONAL_B_SPLINE_SURFACE(((1.,1.,1.,1.,1.,1.,1.,1.,1.,1.,1.,1.,1.,1.,1.),
(0.599999999999987,0.599999999999987,0.599999999999942,0.599999999999942,
0.599999999999999,0.599999999999999,0.60000000000001,0.60000000000001,0.599999999999999,
0.599999999999999,0.600000000000061,0.600000000000061,0.600000000000061,
0.600000000000061,0.600000000000061),(0.399999999999981,0.399999999999981,
0.399999999999913,0.399999999999913,0.399999999999999,0.399999999999999,
0.400000000000014,0.400000000000014,0.399999999999999,0.399999999999999,
0.400000000000091,0.400000000000091,0.400000000000091,0.400000000000091,
0.400000000000091),(0.399999999999981,0.399999999999981,0.399999999999913,
0.399999999999913,0.399999999999999,0.399999999999999,0.400000000000014,
0.400000000000014,0.399999999999999,0.399999999999999,0.400000000000091,
0.400000000000091,0.400000000000091,0.400000000000091,0.400000000000091),
(0.599999999999987,0.599999999999987,0.599999999999942,0.599999999999942,
0.599999999999999,0.599999999999999,0.60000000000001,0.60000000000001,0.599999999999999,
0.599999999999999,0.600000000000061,0.600000000000061,0.600000000000061,
0.600000000000061,0.600000000000061),(1.,1.,1.,1.,1.,1.,1.,1.,1.,1.,1.,
1.,1.,1.,1.)))
REPRESENTATION_ITEM('')
SURFACE()
);
#74=(
BOUNDED_SURFACE()
B_SPLINE_SURFACE(5,3,((#3241,#3242,#3243,#3244,#3245,#3246,#3247,#3248,
#3249,#3250,#3251,#3252,#3253,#3254,#3255,#3256,#3257,#3258,#3259,#3260,
#3261,#3262,#3263,#3264,#3265,#3266,#3267,#3268),(#3269,#3270,#3271,#3272,
#3273,#3274,#3275,#3276,#3277,#3278,#3279,#3280,#3281,#3282,#3283,#3284,
#3285,#3286,#3287,#3288,#3289,#3290,#3291,#3292,#3293,#3294,#3295,#3296),
(#3297,#3298,#3299,#3300,#3301,#3302,#3303,#3304,#3305,#3306,#3307,#3308,
#3309,#3310,#3311,#3312,#3313,#3314,#3315,#3316,#3317,#3318,#3319,#3320,
#3321,#3322,#3323,#3324),(#3325,#3326,#3327,#3328,#3329,#3330,#3331,#3332,
#3333,#3334,#3335,#3336,#3337,#3338,#3339,#3340,#3341,#3342,#3343,#3344,
#3345,#3346,#3347,#3348,#3349,#3350,#3351,#3352),(#3353,#3354,#3355,#3356,
#3357,#3358,#3359,#3360,#3361,#3362,#3363,#3364,#3365,#3366,#3367,#3368,
#3369,#3370,#3371,#3372,#3373,#3374,#3375,#3376,#3377,#3378,#3379,#3380),
(#3381,#3382,#3383,#3384,#3385,#3386,#3387,#3388,#3389,#3390,#3391,#3392,
#3393,#3394,#3395,#3396,#3397,#3398,#3399,#3400,#3401,#3402,#3403,#3404,
#3405,#3406,#3407,#3408)),.UNSPECIFIED.,.F.,.F.,.F.)
B_SPLINE_SURFACE_WITH_KNOTS((6,6),(4,2,2,2,2,2,2,2,2,2,2,2,2,4),(0.,1.),
(0.0915690643067246,0.141764254838688,0.191959445370652,0.29234982643458,
0.392740207498507,0.442935398030471,0.493130588562435,0.593520969626362,
0.643716160158326,0.69391135069029,0.744106541222253,0.794301731754217,
0.844496922286181,0.894691939394528),.UNSPECIFIED.)
GEOMETRIC_REPRESENTATION_ITEM()
RATIONAL_B_SPLINE_SURFACE(((1.,1.,1.,1.,1.,1.,1.,1.,1.,1.,1.,1.,1.,1.,1.,
1.,1.,1.,1.,1.,1.,1.,1.,1.,1.,1.,1.,1.),(0.599999999999982,0.599999999999982,
0.599999999999992,0.599999999999992,0.600000000000001,0.600000000000001,
0.600000000000012,0.600000000000012,0.599999999999994,0.599999999999994,
0.600000000000012,0.600000000000012,0.600000000000011,0.600000000000011,
0.599999999999993,0.599999999999993,0.600000000000002,0.600000000000002,
0.6,0.6,0.60000000000001,0.60000000000001,0.599999999999996,0.599999999999996,
0.599999999999994,0.599999999999994,0.600000000000011,0.600000000000011),
(0.399999999999973,0.399999999999973,0.399999999999987,0.399999999999987,
0.400000000000001,0.400000000000001,0.400000000000018,0.400000000000018,
0.399999999999991,0.399999999999991,0.400000000000017,0.400000000000017,
0.400000000000016,0.400000000000016,0.39999999999999,0.39999999999999,0.400000000000003,
0.400000000000003,0.4,0.4,0.400000000000015,0.400000000000015,0.399999999999994,
0.399999999999994,0.399999999999991,0.399999999999991,0.400000000000016,
0.400000000000016),(0.399999999999973,0.399999999999973,0.399999999999987,
0.399999999999987,0.400000000000001,0.400000000000001,0.400000000000018,
0.400000000000018,0.399999999999991,0.399999999999991,0.400000000000017,
0.400000000000017,0.400000000000016,0.400000000000016,0.39999999999999,
0.39999999999999,0.400000000000003,0.400000000000003,0.4,0.4,0.400000000000015,
0.400000000000015,0.399999999999994,0.399999999999994,0.399999999999991,
0.399999999999991,0.400000000000016,0.400000000000016),(0.599999999999982,
0.599999999999982,0.599999999999992,0.599999999999992,0.600000000000001,
0.600000000000001,0.600000000000012,0.600000000000012,0.599999999999994,
0.599999999999994,0.600000000000012,0.600000000000012,0.600000000000011,
0.600000000000011,0.599999999999993,0.599999999999993,0.600000000000002,
0.600000000000002,0.6,0.6,0.60000000000001,0.60000000000001,0.599999999999996,
0.599999999999996,0.599999999999994,0.599999999999994,0.600000000000011,
0.600000000000011),(1.,1.,1.,1.,1.,1.,1.,1.,1.,1.,1.,1.,1.,1.,1.,1.,1.,
1.,1.,1.,1.,1.,1.,1.,1.,1.,1.,1.)))
REPRESENTATION_ITEM('')
SURFACE()
);
#75=(
BOUNDED_SURFACE()
B_SPLINE_SURFACE(5,3,((#3428,#3429,#3430,#3431,#3432,#3433,#3434,#3435),
(#3436,#3437,#3438,#3439,#3440,#3441,#3442,#3443),(#3444,#3445,#3446,#3447,
#3448,#3449,#3450,#3451),(#3452,#3453,#3454,#3455,#3456,#3457,#3458,#3459),
(#3460,#3461,#3462,#3463,#3464,#3465,#3466,#3467),(#3468,#3469,#3470,#3471,
#3472,#3473,#3474,#3475)),.UNSPECIFIED.,.F.,.F.,.F.)
B_SPLINE_SURFACE_WITH_KNOTS((6,6),(4,2,2,4),(0.227800071224031,1.),(0.473677732450791,
0.526303104674645,0.63382482113288,0.635600584913615),.UNSPECIFIED.)
GEOMETRIC_REPRESENTATION_ITEM()
RATIONAL_B_SPLINE_SURFACE(((0.648185602451278,0.648185602451278,0.648185602451296,
0.648185602451296,0.648185602451328,0.648185602451328,0.648185602451327,
0.648185602451326),(0.480031389960372,0.480031389960372,0.480031389960399,
0.480031389960399,0.480031389960446,0.480031389960446,0.480031389960445,
0.480031389960444),(0.431135723469792,0.431135723469792,0.431135723469821,
0.431135723469821,0.431135723469872,0.431135723469872,0.431135723469871,
0.43113572346987),(0.501498602979536,0.501498602979536,0.501498602979562,
0.501498602979562,0.501498602979607,0.501498602979607,0.501498602979606,
0.501498602979605),(0.691120028489606,0.691120028489606,0.691120028489622,
0.691120028489622,0.691120028489649,0.691120028489649,0.691120028489649,
0.691120028489648),(1.,1.,1.,1.,1.,1.,1.,1.)))
REPRESENTATION_ITEM('')
SURFACE()
);
#76=(
BOUNDED_SURFACE()
B_SPLINE_SURFACE(5,3,((#3489,#3490,#3491,#3492,#3493,#3494),(#3495,#3496,
#3497,#3498,#3499,#3500),(#3501,#3502,#3503,#3504,#3505,#3506),(#3507,#3508,
#3509,#3510,#3511,#3512),(#3513,#3514,#3515,#3516,#3517,#3518),(#3519,#3520,
#3521,#3522,#3523,#3524)),.UNSPECIFIED.,.F.,.F.,.F.)
B_SPLINE_SURFACE_WITH_KNOTS((6,6),(4,2,4),(0.,1.),(0.473126330034957,0.696640506383974,
0.698265957433256),.UNSPECIFIED.)
GEOMETRIC_REPRESENTATION_ITEM()
RATIONAL_B_SPLINE_SURFACE(((1.,1.,1.,1.,1.,1.),(0.60000000000001,0.60000000000001,
0.600000000000012,0.600000000000012,0.600000000000011,0.600000000000011),
(0.400000000000015,0.400000000000015,0.400000000000018,0.400000000000018,
0.400000000000017,0.400000000000016),(0.400000000000015,0.400000000000015,
0.400000000000018,0.400000000000018,0.400000000000017,0.400000000000016),
(0.60000000000001,0.60000000000001,0.600000000000012,0.600000000000012,
0.600000000000011,0.600000000000011),(1.,1.,1.,1.,1.,1.)))
REPRESENTATION_ITEM('')
SURFACE()
);
#77=(
BOUNDED_SURFACE()
B_SPLINE_SURFACE(5,3,((#4091,#4092,#4093,#4094,#4095,#4096,#4097,#4098,
#4099,#4100,#4101,#4102,#4103,#4104,#4105),(#4106,#4107,#4108,#4109,#4110,
#4111,#4112,#4113,#4114,#4115,#4116,#4117,#4118,#4119,#4120),(#4121,#4122,
#4123,#4124,#4125,#4126,#4127,#4128,#4129,#4130,#4131,#4132,#4133,#4134,
#4135),(#4136,#4137,#4138,#4139,#4140,#4141,#4142,#4143,#4144,#4145,#4146,
#4147,#4148,#4149,#4150),(#4151,#4152,#4153,#4154,#4155,#4156,#4157,#4158,
#4159,#4160,#4161,#4162,#4163,#4164,#4165),(#4166,#4167,#4168,#4169,#4170,
#4171,#4172,#4173,#4174,#4175,#4176,#4177,#4178,#4179,#4180)),
 .UNSPECIFIED.,.F.,.F.,.F.)
B_SPLINE_SURFACE_WITH_KNOTS((6,6),(4,2,2,2,2,3,4),(0.,1.),(0.469440728241706,
0.478174627815713,0.48690852738972,0.504376326537735,0.521844125685749,
0.539311924833764,0.539755664059437),.UNSPECIFIED.)
GEOMETRIC_REPRESENTATION_ITEM()
RATIONAL_B_SPLINE_SURFACE(((1.,1.,1.,1.,1.,1.,1.,1.,1.,1.,1.,1.,1.,1.,1.),
(0.599999999999987,0.599999999999987,0.599999999999942,0.599999999999942,
0.599999999999999,0.599999999999999,0.60000000000001,0.60000000000001,0.599999999999999,
0.599999999999999,0.600000000000061,0.600000000000061,0.600000000000061,
0.600000000000061,0.600000000000061),(0.399999999999981,0.399999999999981,
0.399999999999913,0.399999999999913,0.399999999999999,0.399999999999999,
0.400000000000014,0.400000000000014,0.399999999999999,0.399999999999999,
0.400000000000091,0.400000000000091,0.400000000000091,0.400000000000091,
0.400000000000091),(0.399999999999981,0.399999999999981,0.399999999999913,
0.399999999999913,0.399999999999999,0.399999999999999,0.400000000000014,
0.400000000000014,0.399999999999999,0.399999999999999,0.400000000000091,
0.400000000000091,0.400000000000091,0.400000000000091,0.400000000000091),
(0.599999999999987,0.599999999999987,0.599999999999942,0.599999999999942,
0.599999999999999,0.599999999999999,0.60000000000001,0.60000000000001,0.599999999999999,
0.599999999999999,0.600000000000061,0.600000000000061,0.600000000000061,
0.600000000000061,0.600000000000061),(1.,1.,1.,1.,1.,1.,1.,1.,1.,1.,1.,
1.,1.,1.,1.)))
REPRESENTATION_ITEM('')
SURFACE()
);
#78=(
BOUNDED_SURFACE()
B_SPLINE_SURFACE(5,3,((#4202,#4203,#4204,#4205,#4206,#4207,#4208,#4209,
#4210,#4211,#4212,#4213,#4214,#4215,#4216,#4217,#4218,#4219,#4220,#4221,
#4222,#4223,#4224,#4225,#4226,#4227,#4228,#4229),(#4230,#4231,#4232,#4233,
#4234,#4235,#4236,#4237,#4238,#4239,#4240,#4241,#4242,#4243,#4244,#4245,
#4246,#4247,#4248,#4249,#4250,#4251,#4252,#4253,#4254,#4255,#4256,#4257),
(#4258,#4259,#4260,#4261,#4262,#4263,#4264,#4265,#4266,#4267,#4268,#4269,
#4270,#4271,#4272,#4273,#4274,#4275,#4276,#4277,#4278,#4279,#4280,#4281,
#4282,#4283,#4284,#4285),(#4286,#4287,#4288,#4289,#4290,#4291,#4292,#4293,
#4294,#4295,#4296,#4297,#4298,#4299,#4300,#4301,#4302,#4303,#4304,#4305,
#4306,#4307,#4308,#4309,#4310,#4311,#4312,#4313),(#4314,#4315,#4316,#4317,
#4318,#4319,#4320,#4321,#4322,#4323,#4324,#4325,#4326,#4327,#4328,#4329,
#4330,#4331,#4332,#4333,#4334,#4335,#4336,#4337,#4338,#4339,#4340,#4341),
(#4342,#4343,#4344,#4345,#4346,#4347,#4348,#4349,#4350,#4351,#4352,#4353,
#4354,#4355,#4356,#4357,#4358,#4359,#4360,#4361,#4362,#4363,#4364,#4365,
#4366,#4367,#4368,#4369)),.UNSPECIFIED.,.F.,.F.,.F.)
B_SPLINE_SURFACE_WITH_KNOTS((6,6),(4,2,2,2,2,2,2,2,2,2,2,2,2,4),(0.,1.),
(0.0915690643067246,0.141764254838688,0.191959445370652,0.29234982643458,
0.392740207498507,0.442935398030471,0.493130588562435,0.593520969626362,
0.643716160158326,0.69391135069029,0.744106541222253,0.794301731754217,
0.844496922286181,0.894691939394528),.UNSPECIFIED.)
GEOMETRIC_REPRESENTATION_ITEM()
RATIONAL_B_SPLINE_SURFACE(((1.,1.,1.,1.,1.,1.,1.,1.,1.,1.,1.,1.,1.,1.,1.,
1.,1.,1.,1.,1.,1.,1.,1.,1.,1.,1.,1.,1.),(0.599999999999982,0.599999999999982,
0.599999999999992,0.599999999999992,0.600000000000001,0.600000000000001,
0.600000000000012,0.600000000000012,0.599999999999994,0.599999999999994,
0.600000000000012,0.600000000000012,0.600000000000011,0.600000000000011,
0.599999999999993,0.599999999999993,0.600000000000002,0.600000000000002,
0.6,0.6,0.60000000000001,0.60000000000001,0.599999999999996,0.599999999999996,
0.599999999999994,0.599999999999994,0.600000000000011,0.600000000000011),
(0.399999999999973,0.399999999999973,0.399999999999987,0.399999999999987,
0.400000000000001,0.400000000000001,0.400000000000018,0.400000000000018,
0.399999999999991,0.399999999999991,0.400000000000017,0.400000000000017,
0.400000000000016,0.400000000000016,0.39999999999999,0.39999999999999,0.400000000000003,
0.400000000000003,0.4,0.4,0.400000000000015,0.400000000000015,0.399999999999994,
0.399999999999994,0.399999999999991,0.399999999999991,0.400000000000016,
0.400000000000016),(0.399999999999973,0.399999999999973,0.399999999999987,
0.399999999999987,0.400000000000001,0.400000000000001,0.400000000000018,
0.400000000000018,0.399999999999991,0.399999999999991,0.400000000000017,
0.400000000000017,0.400000000000016,0.400000000000016,0.39999999999999,
0.39999999999999,0.400000000000003,0.400000000000003,0.4,0.4,0.400000000000015,
0.400000000000015,0.399999999999994,0.399999999999994,0.399999999999991,
0.399999999999991,0.400000000000016,0.400000000000016),(0.599999999999982,
0.599999999999982,0.599999999999992,0.599999999999992,0.600000000000001,
0.600000000000001,0.600000000000012,0.600000000000012,0.599999999999994,
0.599999999999994,0.600000000000012,0.600000000000012,0.600000000000011,
0.600000000000011,0.599999999999993,0.599999999999993,0.600000000000002,
0.600000000000002,0.6,0.6,0.60000000000001,0.60000000000001,0.599999999999996,
0.599999999999996,0.599999999999994,0.599999999999994,0.600000000000011,
0.600000000000011),(1.,1.,1.,1.,1.,1.,1.,1.,1.,1.,1.,1.,1.,1.,1.,1.,1.,
1.,1.,1.,1.,1.,1.,1.,1.,1.,1.,1.)))
REPRESENTATION_ITEM('')
SURFACE()
);
#79=(
BOUNDED_SURFACE()
B_SPLINE_SURFACE(5,3,((#4389,#4390,#4391,#4392,#4393,#4394,#4395,#4396),
(#4397,#4398,#4399,#4400,#4401,#4402,#4403,#4404),(#4405,#4406,#4407,#4408,
#4409,#4410,#4411,#4412),(#4413,#4414,#4415,#4416,#4417,#4418,#4419,#4420),
(#4421,#4422,#4423,#4424,#4425,#4426,#4427,#4428),(#4429,#4430,#4431,#4432,
#4433,#4434,#4435,#4436)),.UNSPECIFIED.,.F.,.F.,.F.)
B_SPLINE_SURFACE_WITH_KNOTS((6,6),(4,2,2,4),(0.227800071223844,1.),(0.473677732450791,
0.526303104674645,0.63382482113288,0.635600584913611),.UNSPECIFIED.)
GEOMETRIC_REPRESENTATION_ITEM()
RATIONAL_B_SPLINE_SURFACE(((0.648185602451481,0.648185602451481,0.648185602451499,
0.648185602451499,0.648185602451531,0.648185602451531,0.64818560245153,
0.648185602451529),(0.48003138996042,0.48003138996042,0.480031389960447,
0.480031389960447,0.480031389960493,0.480031389960493,0.480031389960492,
0.480031389960491),(0.431135723469741,0.431135723469741,0.43113572346977,
0.43113572346977,0.431135723469821,0.431135723469821,0.43113572346982,0.431135723469819),
(0.501498602979445,0.501498602979445,0.501498602979471,0.501498602979471,
0.501498602979515,0.501498602979515,0.501498602979514,0.501498602979513),
(0.691120028489531,0.691120028489531,0.691120028489547,0.691120028489547,
0.691120028489575,0.691120028489575,0.691120028489574,0.691120028489573),
(1.,1.,1.,1.,1.,1.,1.,1.)))
REPRESENTATION_ITEM('')
SURFACE()
);
#80=(
BOUNDED_SURFACE()
B_SPLINE_SURFACE(5,3,((#4450,#4451,#4452,#4453,#4454,#4455),(#4456,#4457,
#4458,#4459,#4460,#4461),(#4462,#4463,#4464,#4465,#4466,#4467),(#4468,#4469,
#4470,#4471,#4472,#4473),(#4474,#4475,#4476,#4477,#4478,#4479),(#4480,#4481,
#4482,#4483,#4484,#4485)),.UNSPECIFIED.,.F.,.F.,.F.)
B_SPLINE_SURFACE_WITH_KNOTS((6,6),(4,2,4),(0.,1.),(0.473126330034957,0.696640506383974,
0.698265957433256),.UNSPECIFIED.)
GEOMETRIC_REPRESENTATION_ITEM()
RATIONAL_B_SPLINE_SURFACE(((1.,1.,1.,1.,1.,1.),(0.60000000000001,0.60000000000001,
0.600000000000012,0.600000000000012,0.600000000000011,0.600000000000011),
(0.400000000000015,0.400000000000015,0.400000000000018,0.400000000000018,
0.400000000000017,0.400000000000016),(0.400000000000015,0.400000000000015,
0.400000000000018,0.400000000000018,0.400000000000017,0.400000000000016),
(0.60000000000001,0.60000000000001,0.600000000000012,0.600000000000012,
0.600000000000011,0.600000000000011),(1.,1.,1.,1.,1.,1.)))
REPRESENTATION_ITEM('')
SURFACE()
);
#81=(
BOUNDED_SURFACE()
B_SPLINE_SURFACE(5,3,((#5020,#5021,#5022,#5023,#5024,#5025,#5026,#5027,
#5028,#5029,#5030,#5031,#5032,#5033,#5034),(#5035,#5036,#5037,#5038,#5039,
#5040,#5041,#5042,#5043,#5044,#5045,#5046,#5047,#5048,#5049),(#5050,#5051,
#5052,#5053,#5054,#5055,#5056,#5057,#5058,#5059,#5060,#5061,#5062,#5063,
#5064),(#5065,#5066,#5067,#5068,#5069,#5070,#5071,#5072,#5073,#5074,#5075,
#5076,#5077,#5078,#5079),(#5080,#5081,#5082,#5083,#5084,#5085,#5086,#5087,
#5088,#5089,#5090,#5091,#5092,#5093,#5094),(#5095,#5096,#5097,#5098,#5099,
#5100,#5101,#5102,#5103,#5104,#5105,#5106,#5107,#5108,#5109)),
 .UNSPECIFIED.,.F.,.F.,.F.)
B_SPLINE_SURFACE_WITH_KNOTS((6,6),(4,2,2,2,2,3,4),(0.,1.),(0.469440728241706,
0.478174627815713,0.48690852738972,0.504376326537735,0.521844125685749,
0.539311924833764,0.539755664059437),.UNSPECIFIED.)
GEOMETRIC_REPRESENTATION_ITEM()
RATIONAL_B_SPLINE_SURFACE(((1.,1.,1.,1.,1.,1.,1.,1.,1.,1.,1.,1.,1.,1.,1.),
(0.599999999999987,0.599999999999987,0.599999999999942,0.599999999999942,
0.599999999999999,0.599999999999999,0.60000000000001,0.60000000000001,0.599999999999999,
0.599999999999999,0.600000000000061,0.600000000000061,0.600000000000061,
0.600000000000061,0.600000000000061),(0.399999999999981,0.399999999999981,
0.399999999999913,0.399999999999913,0.399999999999999,0.399999999999999,
0.400000000000014,0.400000000000014,0.399999999999999,0.399999999999999,
0.400000000000091,0.400000000000091,0.400000000000091,0.400000000000091,
0.400000000000091),(0.399999999999981,0.399999999999981,0.399999999999913,
0.399999999999913,0.399999999999999,0.399999999999999,0.400000000000014,
0.400000000000014,0.399999999999999,0.399999999999999,0.400000000000091,
0.400000000000091,0.400000000000091,0.400000000000091,0.400000000000091),
(0.599999999999987,0.599999999999987,0.599999999999942,0.599999999999942,
0.599999999999999,0.599999999999999,0.60000000000001,0.60000000000001,0.599999999999999,
0.599999999999999,0.600000000000061,0.600000000000061,0.600000000000061,
0.600000000000061,0.600000000000061),(1.,1.,1.,1.,1.,1.,1.,1.,1.,1.,1.,
1.,1.,1.,1.)))
REPRESENTATION_ITEM('')
SURFACE()
);
#82=(
BOUNDED_SURFACE()
B_SPLINE_SURFACE(5,3,((#5131,#5132,#5133,#5134,#5135,#5136,#5137,#5138,
#5139,#5140,#5141,#5142,#5143,#5144,#5145,#5146,#5147,#5148,#5149,#5150,
#5151,#5152,#5153,#5154,#5155,#5156,#5157,#5158),(#5159,#5160,#5161,#5162,
#5163,#5164,#5165,#5166,#5167,#5168,#5169,#5170,#5171,#5172,#5173,#5174,
#5175,#5176,#5177,#5178,#5179,#5180,#5181,#5182,#5183,#5184,#5185,#5186),
(#5187,#5188,#5189,#5190,#5191,#5192,#5193,#5194,#5195,#5196,#5197,#5198,
#5199,#5200,#5201,#5202,#5203,#5204,#5205,#5206,#5207,#5208,#5209,#5210,
#5211,#5212,#5213,#5214),(#5215,#5216,#5217,#5218,#5219,#5220,#5221,#5222,
#5223,#5224,#5225,#5226,#5227,#5228,#5229,#5230,#5231,#5232,#5233,#5234,
#5235,#5236,#5237,#5238,#5239,#5240,#5241,#5242),(#5243,#5244,#5245,#5246,
#5247,#5248,#5249,#5250,#5251,#5252,#5253,#5254,#5255,#5256,#5257,#5258,
#5259,#5260,#5261,#5262,#5263,#5264,#5265,#5266,#5267,#5268,#5269,#5270),
(#5271,#5272,#5273,#5274,#5275,#5276,#5277,#5278,#5279,#5280,#5281,#5282,
#5283,#5284,#5285,#5286,#5287,#5288,#5289,#5290,#5291,#5292,#5293,#5294,
#5295,#5296,#5297,#5298)),.UNSPECIFIED.,.F.,.F.,.F.)
B_SPLINE_SURFACE_WITH_KNOTS((6,6),(4,2,2,2,2,2,2,2,2,2,2,2,2,4),(0.,1.),
(0.0915690643067246,0.141764254838688,0.191959445370652,0.29234982643458,
0.392740207498507,0.442935398030471,0.493130588562435,0.593520969626362,
0.643716160158326,0.69391135069029,0.744106541222253,0.794301731754217,
0.844496922286181,0.894691939394528),.UNSPECIFIED.)
GEOMETRIC_REPRESENTATION_ITEM()
RATIONAL_B_SPLINE_SURFACE(((1.,1.,1.,1.,1.,1.,1.,1.,1.,1.,1.,1.,1.,1.,1.,
1.,1.,1.,1.,1.,1.,1.,1.,1.,1.,1.,1.,1.),(0.599999999999982,0.599999999999982,
0.599999999999992,0.599999999999992,0.600000000000001,0.600000000000001,
0.600000000000012,0.600000000000012,0.599999999999994,0.599999999999994,
0.600000000000012,0.600000000000012,0.600000000000011,0.600000000000011,
0.599999999999993,0.599999999999993,0.600000000000002,0.600000000000002,
0.6,0.6,0.60000000000001,0.60000000000001,0.599999999999996,0.599999999999996,
0.599999999999994,0.599999999999994,0.600000000000011,0.600000000000011),
(0.399999999999973,0.399999999999973,0.399999999999987,0.399999999999987,
0.400000000000001,0.400000000000001,0.400000000000018,0.400000000000018,
0.399999999999991,0.399999999999991,0.400000000000017,0.400000000000017,
0.400000000000016,0.400000000000016,0.39999999999999,0.39999999999999,0.400000000000003,
0.400000000000003,0.4,0.4,0.400000000000015,0.400000000000015,0.399999999999994,
0.399999999999994,0.399999999999991,0.399999999999991,0.400000000000016,
0.400000000000016),(0.399999999999973,0.399999999999973,0.399999999999987,
0.399999999999987,0.400000000000001,0.400000000000001,0.400000000000018,
0.400000000000018,0.399999999999991,0.399999999999991,0.400000000000017,
0.400000000000017,0.400000000000016,0.400000000000016,0.39999999999999,
0.39999999999999,0.400000000000003,0.400000000000003,0.4,0.4,0.400000000000015,
0.400000000000015,0.399999999999994,0.399999999999994,0.399999999999991,
0.399999999999991,0.400000000000016,0.400000000000016),(0.599999999999982,
0.599999999999982,0.599999999999992,0.599999999999992,0.600000000000001,
0.600000000000001,0.600000000000012,0.600000000000012,0.599999999999994,
0.599999999999994,0.600000000000012,0.600000000000012,0.600000000000011,
0.600000000000011,0.599999999999993,0.599999999999993,0.600000000000002,
0.600000000000002,0.6,0.6,0.60000000000001,0.60000000000001,0.599999999999996,
0.599999999999996,0.599999999999994,0.599999999999994,0.600000000000011,
0.600000000000011),(1.,1.,1.,1.,1.,1.,1.,1.,1.,1.,1.,1.,1.,1.,1.,1.,1.,
1.,1.,1.,1.,1.,1.,1.,1.,1.,1.,1.)))
REPRESENTATION_ITEM('')
SURFACE()
);
#83=(
BOUNDED_SURFACE()
B_SPLINE_SURFACE(5,3,((#5318,#5319,#5320,#5321,#5322,#5323,#5324,#5325),
(#5326,#5327,#5328,#5329,#5330,#5331,#5332,#5333),(#5334,#5335,#5336,#5337,
#5338,#5339,#5340,#5341),(#5342,#5343,#5344,#5345,#5346,#5347,#5348,#5349),
(#5350,#5351,#5352,#5353,#5354,#5355,#5356,#5357),(#5358,#5359,#5360,#5361,
#5362,#5363,#5364,#5365)),.UNSPECIFIED.,.F.,.F.,.F.)
B_SPLINE_SURFACE_WITH_KNOTS((6,6),(4,2,2,4),(0.227800071223602,1.),(0.473677732450791,
0.526303104674645,0.63382482113288,0.635600584913611),.UNSPECIFIED.)
GEOMETRIC_REPRESENTATION_ITEM()
RATIONAL_B_SPLINE_SURFACE(((0.648185602451745,0.648185602451745,0.648185602451763,
0.648185602451763,0.648185602451795,0.648185602451795,0.648185602451794,
0.648185602451793),(0.480031389960481,0.480031389960481,0.480031389960508,
0.480031389960508,0.480031389960555,0.480031389960555,0.480031389960554,
0.480031389960552),(0.431135723469674,0.431135723469674,0.431135723469704,
0.431135723469704,0.431135723469755,0.431135723469755,0.431135723469754,
0.431135723469752),(0.501498602979325,0.501498602979325,0.501498602979351,
0.501498602979351,0.501498602979396,0.501498602979396,0.501498602979395,
0.501498602979394),(0.691120028489434,0.691120028489434,0.69112002848945,
0.69112002848945,0.691120028489478,0.691120028489478,0.691120028489477,
0.691120028489476),(1.,1.,1.,1.,1.,1.,1.,1.)))
REPRESENTATION_ITEM('')
SURFACE()
);
#84=(
BOUNDED_SURFACE()
B_SPLINE_SURFACE(5,3,((#5379,#5380,#5381,#5382,#5383,#5384),(#5385,#5386,
#5387,#5388,#5389,#5390),(#5391,#5392,#5393,#5394,#5395,#5396),(#5397,#5398,
#5399,#5400,#5401,#5402),(#5403,#5404,#5405,#5406,#5407,#5408),(#5409,#5410,
#5411,#5412,#5413,#5414)),.UNSPECIFIED.,.F.,.F.,.F.)
B_SPLINE_SURFACE_WITH_KNOTS((6,6),(4,2,4),(0.,1.),(0.473126330034957,0.696640506383974,
0.698265957433256),.UNSPECIFIED.)
GEOMETRIC_REPRESENTATION_ITEM()
RATIONAL_B_SPLINE_SURFACE(((1.,1.,1.,1.,1.,1.),(0.60000000000001,0.60000000000001,
0.600000000000012,0.600000000000012,0.600000000000011,0.600000000000011),
(0.400000000000015,0.400000000000015,0.400000000000018,0.400000000000018,
0.400000000000017,0.400000000000016),(0.400000000000015,0.400000000000015,
0.400000000000018,0.400000000000018,0.400000000000017,0.400000000000016),
(0.60000000000001,0.60000000000001,0.600000000000012,0.600000000000012,
0.600000000000011,0.600000000000011),(1.,1.,1.,1.,1.,1.)))
REPRESENTATION_ITEM('')
SURFACE()
);
#85=(
BOUNDED_SURFACE()
B_SPLINE_SURFACE(5,3,((#5981,#5982,#5983,#5984,#5985,#5986,#5987,#5988,
#5989,#5990,#5991,#5992,#5993,#5994,#5995),(#5996,#5997,#5998,#5999,#6000,
#6001,#6002,#6003,#6004,#6005,#6006,#6007,#6008,#6009,#6010),(#6011,#6012,
#6013,#6014,#6015,#6016,#6017,#6018,#6019,#6020,#6021,#6022,#6023,#6024,
#6025),(#6026,#6027,#6028,#6029,#6030,#6031,#6032,#6033,#6034,#6035,#6036,
#6037,#6038,#6039,#6040),(#6041,#6042,#6043,#6044,#6045,#6046,#6047,#6048,
#6049,#6050,#6051,#6052,#6053,#6054,#6055),(#6056,#6057,#6058,#6059,#6060,
#6061,#6062,#6063,#6064,#6065,#6066,#6067,#6068,#6069,#6070)),
 .UNSPECIFIED.,.F.,.F.,.F.)
B_SPLINE_SURFACE_WITH_KNOTS((6,6),(4,2,2,2,2,3,4),(0.,1.),(0.469440728241706,
0.478174627815713,0.48690852738972,0.504376326537735,0.521844125685749,
0.539311924833764,0.539755664059437),.UNSPECIFIED.)
GEOMETRIC_REPRESENTATION_ITEM()
RATIONAL_B_SPLINE_SURFACE(((1.,1.,1.,1.,1.,1.,1.,1.,1.,1.,1.,1.,1.,1.,1.),
(0.599999999999987,0.599999999999987,0.599999999999942,0.599999999999942,
0.599999999999999,0.599999999999999,0.60000000000001,0.60000000000001,0.599999999999999,
0.599999999999999,0.600000000000061,0.600000000000061,0.600000000000061,
0.600000000000061,0.600000000000061),(0.399999999999981,0.399999999999981,
0.399999999999913,0.399999999999913,0.399999999999999,0.399999999999999,
0.400000000000014,0.400000000000014,0.399999999999999,0.399999999999999,
0.400000000000091,0.400000000000091,0.400000000000091,0.400000000000091,
0.400000000000091),(0.399999999999981,0.399999999999981,0.399999999999913,
0.399999999999913,0.399999999999999,0.399999999999999,0.400000000000014,
0.400000000000014,0.399999999999999,0.399999999999999,0.400000000000091,
0.400000000000091,0.400000000000091,0.400000000000091,0.400000000000091),
(0.599999999999987,0.599999999999987,0.599999999999942,0.599999999999942,
0.599999999999999,0.599999999999999,0.60000000000001,0.60000000000001,0.599999999999999,
0.599999999999999,0.600000000000061,0.600000000000061,0.600000000000061,
0.600000000000061,0.600000000000061),(1.,1.,1.,1.,1.,1.,1.,1.,1.,1.,1.,
1.,1.,1.,1.)))
REPRESENTATION_ITEM('')
SURFACE()
);
#86=(
BOUNDED_SURFACE()
B_SPLINE_SURFACE(5,3,((#6092,#6093,#6094,#6095,#6096,#6097,#6098,#6099,
#6100,#6101,#6102,#6103,#6104,#6105,#6106,#6107,#6108,#6109,#6110,#6111,
#6112,#6113,#6114,#6115,#6116,#6117,#6118,#6119),(#6120,#6121,#6122,#6123,
#6124,#6125,#6126,#6127,#6128,#6129,#6130,#6131,#6132,#6133,#6134,#6135,
#6136,#6137,#6138,#6139,#6140,#6141,#6142,#6143,#6144,#6145,#6146,#6147),
(#6148,#6149,#6150,#6151,#6152,#6153,#6154,#6155,#6156,#6157,#6158,#6159,
#6160,#6161,#6162,#6163,#6164,#6165,#6166,#6167,#6168,#6169,#6170,#6171,
#6172,#6173,#6174,#6175),(#6176,#6177,#6178,#6179,#6180,#6181,#6182,#6183,
#6184,#6185,#6186,#6187,#6188,#6189,#6190,#6191,#6192,#6193,#6194,#6195,
#6196,#6197,#6198,#6199,#6200,#6201,#6202,#6203),(#6204,#6205,#6206,#6207,
#6208,#6209,#6210,#6211,#6212,#6213,#6214,#6215,#6216,#6217,#6218,#6219,
#6220,#6221,#6222,#6223,#6224,#6225,#6226,#6227,#6228,#6229,#6230,#6231),
(#6232,#6233,#6234,#6235,#6236,#6237,#6238,#6239,#6240,#6241,#6242,#6243,
#6244,#6245,#6246,#6247,#6248,#6249,#6250,#6251,#6252,#6253,#6254,#6255,
#6256,#6257,#6258,#6259)),.UNSPECIFIED.,.F.,.F.,.F.)
B_SPLINE_SURFACE_WITH_KNOTS((6,6),(4,2,2,2,2,2,2,2,2,2,2,2,2,4),(0.,1.),
(0.0915690643067246,0.141764254838688,0.191959445370652,0.29234982643458,
0.392740207498507,0.442935398030471,0.493130588562435,0.593520969626362,
0.643716160158326,0.69391135069029,0.744106541222253,0.794301731754217,
0.844496922286181,0.894691939394528),.UNSPECIFIED.)
GEOMETRIC_REPRESENTATION_ITEM()
RATIONAL_B_SPLINE_SURFACE(((1.,1.,1.,1.,1.,1.,1.,1.,1.,1.,1.,1.,1.,1.,1.,
1.,1.,1.,1.,1.,1.,1.,1.,1.,1.,1.,1.,1.),(0.599999999999982,0.599999999999982,
0.599999999999992,0.599999999999992,0.600000000000001,0.600000000000001,
0.600000000000012,0.600000000000012,0.599999999999994,0.599999999999994,
0.600000000000012,0.600000000000012,0.600000000000011,0.600000000000011,
0.599999999999993,0.599999999999993,0.600000000000002,0.600000000000002,
0.6,0.6,0.60000000000001,0.60000000000001,0.599999999999996,0.599999999999996,
0.599999999999994,0.599999999999994,0.600000000000011,0.600000000000011),
(0.399999999999973,0.399999999999973,0.399999999999987,0.399999999999987,
0.400000000000001,0.400000000000001,0.400000000000018,0.400000000000018,
0.399999999999991,0.399999999999991,0.400000000000017,0.400000000000017,
0.400000000000016,0.400000000000016,0.39999999999999,0.39999999999999,0.400000000000003,
0.400000000000003,0.4,0.4,0.400000000000015,0.400000000000015,0.399999999999994,
0.399999999999994,0.399999999999991,0.399999999999991,0.400000000000016,
0.400000000000016),(0.399999999999973,0.399999999999973,0.399999999999987,
0.399999999999987,0.400000000000001,0.400000000000001,0.400000000000018,
0.400000000000018,0.399999999999991,0.399999999999991,0.400000000000017,
0.400000000000017,0.400000000000016,0.400000000000016,0.39999999999999,
0.39999999999999,0.400000000000003,0.400000000000003,0.4,0.4,0.400000000000015,
0.400000000000015,0.399999999999994,0.399999999999994,0.399999999999991,
0.399999999999991,0.400000000000016,0.400000000000016),(0.599999999999982,
0.599999999999982,0.599999999999992,0.599999999999992,0.600000000000001,
0.600000000000001,0.600000000000012,0.600000000000012,0.599999999999994,
0.599999999999994,0.600000000000012,0.600000000000012,0.600000000000011,
0.600000000000011,0.599999999999993,0.599999999999993,0.600000000000002,
0.600000000000002,0.6,0.6,0.60000000000001,0.60000000000001,0.599999999999996,
0.599999999999996,0.599999999999994,0.599999999999994,0.600000000000011,
0.600000000000011),(1.,1.,1.,1.,1.,1.,1.,1.,1.,1.,1.,1.,1.,1.,1.,1.,1.,
1.,1.,1.,1.,1.,1.,1.,1.,1.,1.,1.)))
REPRESENTATION_ITEM('')
SURFACE()
);
#87=(
BOUNDED_SURFACE()
B_SPLINE_SURFACE(5,3,((#6279,#6280,#6281,#6282,#6283,#6284,#6285,#6286),
(#6287,#6288,#6289,#6290,#6291,#6292,#6293,#6294),(#6295,#6296,#6297,#6298,
#6299,#6300,#6301,#6302),(#6303,#6304,#6305,#6306,#6307,#6308,#6309,#6310),
(#6311,#6312,#6313,#6314,#6315,#6316,#6317,#6318),(#6319,#6320,#6321,#6322,
#6323,#6324,#6325,#6326)),.UNSPECIFIED.,.F.,.F.,.F.)
B_SPLINE_SURFACE_WITH_KNOTS((6,6),(4,2,2,4),(0.22780007122378,1.),(0.473677732450791,
0.526303104674645,0.63382482113288,0.63560058491361),.UNSPECIFIED.)
GEOMETRIC_REPRESENTATION_ITEM()
RATIONAL_B_SPLINE_SURFACE(((0.64818560245155,0.64818560245155,0.648185602451569,
0.648185602451569,0.6481856024516,0.6481856024516,0.6481856024516,0.648185602451599),
(0.480031389960436,0.480031389960436,0.480031389960463,0.480031389960463,
0.480031389960509,0.480031389960509,0.480031389960508,0.480031389960507),
(0.431135723469723,0.431135723469723,0.431135723469753,0.431135723469753,
0.431135723469804,0.431135723469804,0.431135723469803,0.431135723469801),
(0.501498602979413,0.501498602979413,0.501498602979439,0.501498602979439,
0.501498602979484,0.501498602979484,0.501498602979483,0.501498602979481),
(0.691120028489505,0.691120028489505,0.691120028489522,0.691120028489522,
0.691120028489549,0.691120028489549,0.691120028489549,0.691120028489548),
(1.,1.,1.,1.,1.,1.,1.,1.)))
REPRESENTATION_ITEM('')
SURFACE()
);
#88=(
BOUNDED_SURFACE()
B_SPLINE_SURFACE(5,3,((#6340,#6341,#6342,#6343,#6344,#6345),(#6346,#6347,
#6348,#6349,#6350,#6351),(#6352,#6353,#6354,#6355,#6356,#6357),(#6358,#6359,
#6360,#6361,#6362,#6363),(#6364,#6365,#6366,#6367,#6368,#6369),(#6370,#6371,
#6372,#6373,#6374,#6375)),.UNSPECIFIED.,.F.,.F.,.F.)
B_SPLINE_SURFACE_WITH_KNOTS((6,6),(4,2,4),(0.,1.),(0.473126330034957,0.696640506383974,
0.698265957433256),.UNSPECIFIED.)
GEOMETRIC_REPRESENTATION_ITEM()
RATIONAL_B_SPLINE_SURFACE(((1.,1.,1.,1.,1.,1.),(0.60000000000001,0.60000000000001,
0.600000000000012,0.600000000000012,0.600000000000011,0.600000000000011),
(0.400000000000015,0.400000000000015,0.400000000000018,0.400000000000018,
0.400000000000017,0.400000000000016),(0.400000000000015,0.400000000000015,
0.400000000000018,0.400000000000018,0.400000000000017,0.400000000000016),
(0.60000000000001,0.60000000000001,0.600000000000012,0.600000000000012,
0.600000000000011,0.600000000000011),(1.,1.,1.,1.,1.,1.)))
REPRESENTATION_ITEM('')
SURFACE()
);
#89=(
BOUNDED_SURFACE()
B_SPLINE_SURFACE(3,2,((#6718,#6719,#6720),(#6721,#6722,#6723),(#6724,#6725,
#6726),(#6727,#6728,#6729),(#6730,#6731,#6732)),.UNSPECIFIED.,.F.,.F.,.F.)
B_SPLINE_SURFACE_WITH_KNOTS((4,1,4),(3,3),(0.00111029487320263,0.00178086025992188,
0.00245142564664113),(0.,1.),.UNSPECIFIED.)
GEOMETRIC_REPRESENTATION_ITEM()
RATIONAL_B_SPLINE_SURFACE(((1.,0.707106781185628,1.),(1.,0.769411096984857,
1.),(1.,0.871816060700884,1.),(1.,0.769376507660965,1.),(1.,0.707106781186522,
1.)))
REPRESENTATION_ITEM('')
SURFACE()
);
#90=(
BOUNDED_SURFACE()
B_SPLINE_SURFACE(3,2,((#6739,#6740,#6741),(#6742,#6743,#6744),(#6745,#6746,
#6747),(#6748,#6749,#6750)),.UNSPECIFIED.,.F.,.F.,.F.)
B_SPLINE_SURFACE_WITH_KNOTS((4,4),(3,3),(0.00122518933751419,0.00211511724507907),
(0.,1.),.PIECEWISE_BEZIER_KNOTS.)
GEOMETRIC_REPRESENTATION_ITEM()
RATIONAL_B_SPLINE_SURFACE(((1.,0.7071067811858,1.),(1.,0.770173141607485,
1.),(1.,0.770068240991873,1.),(1.,0.707106781186549,1.)))
REPRESENTATION_ITEM('')
SURFACE()
);
#91=B_SPLINE_SURFACE_WITH_KNOTS('',1,3,((#2858,#2859,#2860,#2861),(#2862,
#2863,#2864,#2865)),.RULED_SURF.,.F.,.F.,.F.,(2,2),(4,4),(-0.10000000000001,
0.),(0.0107823020311301,0.0124743668827483),.PIECEWISE_BEZIER_KNOTS.);
#92=B_SPLINE_SURFACE_WITH_KNOTS('',1,3,((#2885,#2886,#2887,#2888,#2889,
#2890,#2891,#2892,#2893,#2894,#2895,#2896,#2897,#2898,#2899,#2900,#2901,
#2902,#2903,#2904,#2905,#2906,#2907,#2908,#2909,#2910,#2911,#2912,#2913,
#2914),(#2915,#2916,#2917,#2918,#2919,#2920,#2921,#2922,#2923,#2924,#2925,
#2926,#2927,#2928,#2929,#2930,#2931,#2932,#2933,#2934,#2935,#2936,#2937,
#2938,#2939,#2940,#2941,#2942,#2943,#2944),(#2945,#2946,#2947,#2948,#2949,
#2950,#2951,#2952,#2953,#2954,#2955,#2956,#2957,#2958,#2959,#2960,#2961,
#2962,#2963,#2964,#2965,#2966,#2967,#2968,#2969,#2970,#2971,#2972,#2973,
#2974)),.RULED_SURF.,.F.,.F.,.F.,(2,1,2),(4,2,2,2,2,2,2,2,2,2,2,2,2,2,4),
(0.899999999999999,1.,1.00099720353062),(0.,0.125,0.1875,0.25,0.3125,0.375,
0.4375,0.5,0.5625,0.59375,0.625,0.6875,0.75,0.875,1.),.UNSPECIFIED.);
#93=B_SPLINE_SURFACE_WITH_KNOTS('',3,3,((#3007,#3008,#3009,#3010),(#3011,
#3012,#3013,#3014),(#3015,#3016,#3017,#3018),(#3019,#3020,#3021,#3022),
(#3023,#3024,#3025,#3026),(#3027,#3028,#3029,#3030),(#3031,#3032,#3033,
#3034)),.UNSPECIFIED.,.F.,.F.,.F.,(4,1,1,1,4),(4,4),(-0.0455269366682054,
0.271435957041398,0.497838023976828,0.724240090912259,1.04120298462186),
(-0.238396886513228,1.3188668295275),.UNSPECIFIED.);
#94=B_SPLINE_SURFACE_WITH_KNOTS('',1,3,((#3039,#3040,#3041,#3042),(#3043,
#3044,#3045,#3046),(#3047,#3048,#3049,#3050)),.RULED_SURF.,.F.,.F.,.F.,
(2,1,2),(4,4),(-0.0999999999999871,0.,1.),(0.,1.),
 .PIECEWISE_BEZIER_KNOTS.);
#95=B_SPLINE_SURFACE_WITH_KNOTS('',3,3,((#3071,#3072,#3073,#3074),(#3075,
#3076,#3077,#3078),(#3079,#3080,#3081,#3082),(#3083,#3084,#3085,#3086),
(#3087,#3088,#3089,#3090),(#3091,#3092,#3093,#3094),(#3095,#3096,#3097,
#3098),(#3099,#3100,#3101,#3102)),.UNSPECIFIED.,.F.,.F.,.F.,(4,1,1,1,1,
4),(4,4),(-0.0485437582051178,0.275626512248762,0.460866666793836,0.64610682133891,
0.785036937247715,1.06289716906533),(-0.45827459123226,1.32812934864954),
 .UNSPECIFIED.);
#96=B_SPLINE_SURFACE_WITH_KNOTS('',4,1,((#3529,#3530),(#3531,#3532),(#3533,
#3534),(#3535,#3536),(#3537,#3538),(#3539,#3540),(#3541,#3542),(#3543,#3544),
(#3545,#3546),(#3547,#3548),(#3549,#3550)),.RULED_SURF.,.F.,.F.,.F.,(5,
2,2,2,5),(2,2),(-0.127450668736135,-0.103397147475631,0.,1.,1.16308510095879),
(-0.895884066218166,1.85252701262807),.UNSPECIFIED.);
#97=B_SPLINE_SURFACE_WITH_KNOTS('',1,3,((#3579,#3580,#3581,#3582),(#3583,
#3584,#3585,#3586)),.RULED_SURF.,.F.,.F.,.F.,(2,2),(4,4),(-0.100000000000004,
0.),(0.00767730377215327,0.00770835947591605),.PIECEWISE_BEZIER_KNOTS.);
#98=B_SPLINE_SURFACE_WITH_KNOTS('',1,3,((#3601,#3602,#3603,#3604),(#3605,
#3606,#3607,#3608)),.RULED_SURF.,.F.,.F.,.F.,(2,2),(4,4),(-0.100612727077701,
0.),(0.,1.),.PIECEWISE_BEZIER_KNOTS.);
#99=B_SPLINE_SURFACE_WITH_KNOTS('',1,3,((#3618,#3619,#3620,#3621,#3622,
#3623,#3624,#3625,#3626,#3627,#3628,#3629,#3630,#3631,#3632,#3633,#3634,
#3635,#3636,#3637,#3638,#3639,#3640,#3641,#3642,#3643,#3644,#3645,#3646,
#3647),(#3648,#3649,#3650,#3651,#3652,#3653,#3654,#3655,#3656,#3657,#3658,
#3659,#3660,#3661,#3662,#3663,#3664,#3665,#3666,#3667,#3668,#3669,#3670,
#3671,#3672,#3673,#3674,#3675,#3676,#3677),(#3678,#3679,#3680,#3681,#3682,
#3683,#3684,#3685,#3686,#3687,#3688,#3689,#3690,#3691,#3692,#3693,#3694,
#3695,#3696,#3697,#3698,#3699,#3700,#3701,#3702,#3703,#3704,#3705,#3706,
#3707)),.RULED_SURF.,.F.,.F.,.F.,(2,1,2),(4,2,2,2,2,2,2,2,2,2,2,2,2,2,4),
(-0.10228809461554,-0.100000000000001,0.),(0.,0.125,0.1875,0.25,0.3125,
0.375,0.4375,0.5,0.5625,0.59375,0.625,0.6875,0.75,0.875,1.),
 .UNSPECIFIED.);
#100=B_SPLINE_SURFACE_WITH_KNOTS('',1,3,((#3726,#3727,#3728,#3729),(#3730,
#3731,#3732,#3733),(#3734,#3735,#3736,#3737)),.RULED_SURF.,.F.,.F.,.F.,
(2,1,2),(4,4),(-0.100999998901562,-0.100000000000013,0.),(0.023747999742858,
0.0240230427780368),.PIECEWISE_BEZIER_KNOTS.);
#101=B_SPLINE_SURFACE_WITH_KNOTS('',1,3,((#3742,#3743,#3744,#3745),(#3746,
#3747,#3748,#3749),(#3750,#3751,#3752,#3753)),.RULED_SURF.,.F.,.F.,.F.,
(2,1,2),(4,4),(-0.099999999999994,0.,0.000999987413690567),(0.071792173869681,
0.0726919188241084),.PIECEWISE_BEZIER_KNOTS.);
#102=B_SPLINE_SURFACE_WITH_KNOTS('',1,3,((#3758,#3759,#3760,#3761,#3762,
#3763,#3764),(#3765,#3766,#3767,#3768,#3769,#3770,#3771),(#3772,#3773,#3774,
#3775,#3776,#3777,#3778)),.RULED_SURF.,.F.,.F.,.F.,(2,1,2),(4,3,4),(-0.0631273472792817,
0.,0.910865180809822),(-1.62998814172108E-5,0.,0.000322023796538424),
 .PIECEWISE_BEZIER_KNOTS.);
#103=B_SPLINE_SURFACE_WITH_KNOTS('',1,3,((#3779,#3780,#3781,#3782),(#3783,
#3784,#3785,#3786)),.RULED_SURF.,.F.,.F.,.F.,(2,2),(4,4),(0.899999999999999,
1.),(0.00159322120608814,1.),.PIECEWISE_BEZIER_KNOTS.);
#104=B_SPLINE_SURFACE_WITH_KNOTS('',3,3,((#3787,#3788,#3789,#3790),(#3791,
#3792,#3793,#3794),(#3795,#3796,#3797,#3798),(#3799,#3800,#3801,#3802),
(#3803,#3804,#3805,#3806),(#3807,#3808,#3809,#3810),(#3811,#3812,#3813,
#3814),(#3815,#3816,#3817,#3818)),.UNSPECIFIED.,.F.,.F.,.F.,(4,1,1,1,1,
4),(4,4),(-0.0533761812511239,0.109417896549248,0.272211974349621,0.504774942635867,
0.737337910922113,1.06292606652286),(-0.457595706227845,1.32812530903613),
 .UNSPECIFIED.);
#105=B_SPLINE_SURFACE_WITH_KNOTS('',1,3,((#3819,#3820,#3821,#3822),(#3823,
#3824,#3825,#3826)),.RULED_SURF.,.F.,.F.,.F.,(2,2),(4,4),(-0.10000000000001,
0.),(0.0107823020311301,0.0124743668827483),.PIECEWISE_BEZIER_KNOTS.);
#106=B_SPLINE_SURFACE_WITH_KNOTS('',1,3,((#3846,#3847,#3848,#3849,#3850,
#3851,#3852,#3853,#3854,#3855,#3856,#3857,#3858,#3859,#3860,#3861,#3862,
#3863,#3864,#3865,#3866,#3867,#3868,#3869,#3870,#3871,#3872,#3873,#3874,
#3875),(#3876,#3877,#3878,#3879,#3880,#3881,#3882,#3883,#3884,#3885,#3886,
#3887,#3888,#3889,#3890,#3891,#3892,#3893,#3894,#3895,#3896,#3897,#3898,
#3899,#3900,#3901,#3902,#3903,#3904,#3905),(#3906,#3907,#3908,#3909,#3910,
#3911,#3912,#3913,#3914,#3915,#3916,#3917,#3918,#3919,#3920,#3921,#3922,
#3923,#3924,#3925,#3926,#3927,#3928,#3929,#3930,#3931,#3932,#3933,#3934,
#3935)),.RULED_SURF.,.F.,.F.,.F.,(2,1,2),(4,2,2,2,2,2,2,2,2,2,2,2,2,2,4),
(0.899999999999995,1.,1.00099720353062),(0.,0.125,0.1875,0.25,0.3125,0.375,
0.4375,0.5,0.5625,0.59375,0.625,0.6875,0.75,0.875,1.),.UNSPECIFIED.);
#107=B_SPLINE_SURFACE_WITH_KNOTS('',3,3,((#3968,#3969,#3970,#3971),(#3972,
#3973,#3974,#3975),(#3976,#3977,#3978,#3979),(#3980,#3981,#3982,#3983),
(#3984,#3985,#3986,#3987),(#3988,#3989,#3990,#3991),(#3992,#3993,#3994,
#3995)),.UNSPECIFIED.,.F.,.F.,.F.,(4,1,1,1,4),(4,4),(-0.0455269366682059,
0.271435957041397,0.497838023976828,0.724240090912259,1.04120298462186),
(-0.238396886513228,1.31886682952751),.UNSPECIFIED.);
#108=B_SPLINE_SURFACE_WITH_KNOTS('',1,3,((#4000,#4001,#4002,#4003),(#4004,
#4005,#4006,#4007),(#4008,#4009,#4010,#4011)),.RULED_SURF.,.F.,.F.,.F.,
(2,1,2),(4,4),(-0.0999999999999871,0.,1.),(0.,1.),
 .PIECEWISE_BEZIER_KNOTS.);
#109=B_SPLINE_SURFACE_WITH_KNOTS('',3,3,((#4032,#4033,#4034,#4035),(#4036,
#4037,#4038,#4039),(#4040,#4041,#4042,#4043),(#4044,#4045,#4046,#4047),
(#4048,#4049,#4050,#4051),(#4052,#4053,#4054,#4055),(#4056,#4057,#4058,
#4059),(#4060,#4061,#4062,#4063)),.UNSPECIFIED.,.F.,.F.,.F.,(4,1,1,1,1,
4),(4,4),(-0.0485437582051199,0.27562651224876,0.460866666793835,0.646106821338909,
0.785036937247715,1.06289716906533),(-0.45827459123226,1.32812934864954),
 .UNSPECIFIED.);
#110=B_SPLINE_SURFACE_WITH_KNOTS('',4,1,((#4490,#4491),(#4492,#4493),(#4494,
#4495),(#4496,#4497),(#4498,#4499),(#4500,#4501),(#4502,#4503),(#4504,#4505),
(#4506,#4507),(#4508,#4509),(#4510,#4511)),.RULED_SURF.,.F.,.F.,.F.,(5,
2,2,2,5),(2,2),(-0.127450668736135,-0.103397147475631,0.,1.,1.16308510095879),
(-0.895884066218166,1.85252701262807),.UNSPECIFIED.);
#111=B_SPLINE_SURFACE_WITH_KNOTS('',1,3,((#4540,#4541,#4542,#4543),(#4544,
#4545,#4546,#4547)),.RULED_SURF.,.F.,.F.,.F.,(2,2),(4,4),(-0.100000000000004,
0.),(0.00767730377215327,0.00770835947591605),.PIECEWISE_BEZIER_KNOTS.);
#112=B_SPLINE_SURFACE_WITH_KNOTS('',1,3,((#4562,#4563,#4564,#4565),(#4566,
#4567,#4568,#4569)),.RULED_SURF.,.F.,.F.,.F.,(2,2),(4,4),(-0.100612727077699,
0.),(0.,1.),.PIECEWISE_BEZIER_KNOTS.);
#113=B_SPLINE_SURFACE_WITH_KNOTS('',1,3,((#4579,#4580,#4581,#4582,#4583,
#4584,#4585,#4586,#4587,#4588,#4589,#4590,#4591,#4592,#4593,#4594,#4595,
#4596,#4597,#4598,#4599,#4600,#4601,#4602,#4603,#4604,#4605,#4606,#4607,
#4608),(#4609,#4610,#4611,#4612,#4613,#4614,#4615,#4616,#4617,#4618,#4619,
#4620,#4621,#4622,#4623,#4624,#4625,#4626,#4627,#4628,#4629,#4630,#4631,
#4632,#4633,#4634,#4635,#4636,#4637,#4638),(#4639,#4640,#4641,#4642,#4643,
#4644,#4645,#4646,#4647,#4648,#4649,#4650,#4651,#4652,#4653,#4654,#4655,
#4656,#4657,#4658,#4659,#4660,#4661,#4662,#4663,#4664,#4665,#4666,#4667,
#4668)),.RULED_SURF.,.F.,.F.,.F.,(2,1,2),(4,2,2,2,2,2,2,2,2,2,2,2,2,2,4),
(-0.102288094615541,-0.100000000000001,0.),(0.,0.125,0.1875,0.25,0.3125,
0.375,0.4375,0.5,0.5625,0.59375,0.625,0.6875,0.75,0.875,1.),
 .UNSPECIFIED.);
#114=B_SPLINE_SURFACE_WITH_KNOTS('',1,3,((#4687,#4688,#4689,#4690),(#4691,
#4692,#4693,#4694),(#4695,#4696,#4697,#4698)),.RULED_SURF.,.F.,.F.,.F.,
(2,1,2),(4,4),(-0.100999998901562,-0.100000000000013,0.),(0.023747999742858,
0.0240230427780368),.PIECEWISE_BEZIER_KNOTS.);
#115=B_SPLINE_SURFACE_WITH_KNOTS('',1,3,((#4703,#4704,#4705,#4706),(#4707,
#4708,#4709,#4710),(#4711,#4712,#4713,#4714)),.RULED_SURF.,.F.,.F.,.F.,
(2,1,2),(4,4),(-0.099999999999994,0.,0.000999987413690538),(0.071792173869681,
0.0726919188241084),.PIECEWISE_BEZIER_KNOTS.);
#116=B_SPLINE_SURFACE_WITH_KNOTS('',1,3,((#4719,#4720,#4721,#4722,#4723,
#4724,#4725),(#4726,#4727,#4728,#4729,#4730,#4731,#4732),(#4733,#4734,#4735,
#4736,#4737,#4738,#4739)),.RULED_SURF.,.F.,.F.,.F.,(2,1,2),(4,3,4),(-0.0631273472792828,
0.,0.910865180810005),(-1.62998814172108E-5,0.,0.000322023796538424),
 .PIECEWISE_BEZIER_KNOTS.);
#117=B_SPLINE_SURFACE_WITH_KNOTS('',1,3,((#4740,#4741,#4742,#4743),(#4744,
#4745,#4746,#4747)),.RULED_SURF.,.F.,.F.,.F.,(2,2),(4,4),(0.899999999999984,
1.),(0.00159322120611071,1.),.PIECEWISE_BEZIER_KNOTS.);
#118=B_SPLINE_SURFACE_WITH_KNOTS('',3,3,((#4748,#4749,#4750,#4751),(#4752,
#4753,#4754,#4755),(#4756,#4757,#4758,#4759),(#4760,#4761,#4762,#4763),
(#4764,#4765,#4766,#4767),(#4768,#4769,#4770,#4771),(#4772,#4773,#4774,
#4775),(#4776,#4777,#4778,#4779)),.UNSPECIFIED.,.F.,.F.,.F.,(4,1,1,1,1,
4),(4,4),(-0.0533761812511239,0.109417896549248,0.272211974349621,0.504774942635867,
0.737337910922113,1.06292606652286),(-0.457595706227845,1.32812530903613),
 .UNSPECIFIED.);
#119=B_SPLINE_SURFACE_WITH_KNOTS('',1,3,((#4780,#4781,#4782,#4783),(#4784,
#4785,#4786,#4787)),.RULED_SURF.,.F.,.F.,.F.,(2,2),(4,4),(-0.10000000000001,
0.),(0.0107823020311301,0.0124743668827483),.PIECEWISE_BEZIER_KNOTS.);
#120=B_SPLINE_SURFACE_WITH_KNOTS('',1,3,((#4807,#4808,#4809,#4810,#4811,
#4812,#4813,#4814,#4815,#4816,#4817,#4818,#4819,#4820,#4821,#4822,#4823,
#4824,#4825,#4826,#4827,#4828,#4829,#4830,#4831,#4832,#4833,#4834,#4835,
#4836),(#4837,#4838,#4839,#4840,#4841,#4842,#4843,#4844,#4845,#4846,#4847,
#4848,#4849,#4850,#4851,#4852,#4853,#4854,#4855,#4856,#4857,#4858,#4859,
#4860,#4861,#4862,#4863,#4864,#4865,#4866),(#4867,#4868,#4869,#4870,#4871,
#4872,#4873,#4874,#4875,#4876,#4877,#4878,#4879,#4880,#4881,#4882,#4883,
#4884,#4885,#4886,#4887,#4888,#4889,#4890,#4891,#4892,#4893,#4894,#4895,
#4896)),.RULED_SURF.,.F.,.F.,.F.,(2,1,2),(4,2,2,2,2,2,2,2,2,2,2,2,2,2,4),
(0.899999999999999,1.,1.00099720353062),(0.,0.125,0.1875,0.25,0.3125,0.375,
0.4375,0.5,0.5625,0.59375,0.625,0.6875,0.75,0.875,1.),.UNSPECIFIED.);
#121=B_SPLINE_SURFACE_WITH_KNOTS('',1,3,((#4929,#4930,#4931,#4932),(#4933,
#4934,#4935,#4936),(#4937,#4938,#4939,#4940)),.RULED_SURF.,.F.,.F.,.F.,
(2,1,2),(4,4),(-0.0999999999999871,0.,1.),(0.,1.),
 .PIECEWISE_BEZIER_KNOTS.);
#122=B_SPLINE_SURFACE_WITH_KNOTS('',3,3,((#4961,#4962,#4963,#4964),(#4965,
#4966,#4967,#4968),(#4969,#4970,#4971,#4972),(#4973,#4974,#4975,#4976),
(#4977,#4978,#4979,#4980),(#4981,#4982,#4983,#4984),(#4985,#4986,#4987,
#4988),(#4989,#4990,#4991,#4992)),.UNSPECIFIED.,.F.,.F.,.F.,(4,1,1,1,1,
4),(4,4),(-0.0485437582051192,0.275626512248761,0.460866666793835,0.646106821338909,
0.785036937247715,1.06289716906533),(-0.45827459123226,1.32812934864954),
 .UNSPECIFIED.);
#123=B_SPLINE_SURFACE_WITH_KNOTS('',3,3,((#5419,#5420,#5421,#5422),(#5423,
#5424,#5425,#5426),(#5427,#5428,#5429,#5430),(#5431,#5432,#5433,#5434),
(#5435,#5436,#5437,#5438),(#5439,#5440,#5441,#5442),(#5443,#5444,#5445,
#5446)),.UNSPECIFIED.,.F.,.F.,.F.,(4,1,1,1,4),(4,4),(-0.0455269366682059,
0.271435957041397,0.497838023976828,0.724240090912259,1.04120298462186),
(-0.238396886513229,1.31886682952752),.UNSPECIFIED.);
#124=B_SPLINE_SURFACE_WITH_KNOTS('',4,1,((#5451,#5452),(#5453,#5454),(#5455,
#5456),(#5457,#5458),(#5459,#5460),(#5461,#5462),(#5463,#5464),(#5465,#5466),
(#5467,#5468),(#5469,#5470),(#5471,#5472)),.RULED_SURF.,.F.,.F.,.F.,(5,
2,2,2,5),(2,2),(-0.127450668736135,-0.103397147475631,0.,1.,1.16308510095879),
(-0.895884066218166,1.85252701262807),.UNSPECIFIED.);
#125=B_SPLINE_SURFACE_WITH_KNOTS('',1,3,((#5501,#5502,#5503,#5504),(#5505,
#5506,#5507,#5508)),.RULED_SURF.,.F.,.F.,.F.,(2,2),(4,4),(-0.100000000000004,
0.),(0.00767730377215327,0.00770835947591605),.PIECEWISE_BEZIER_KNOTS.);
#126=B_SPLINE_SURFACE_WITH_KNOTS('',1,3,((#5523,#5524,#5525,#5526),(#5527,
#5528,#5529,#5530)),.RULED_SURF.,.F.,.F.,.F.,(2,2),(4,4),(-0.1006127270777,
0.),(0.,1.),.PIECEWISE_BEZIER_KNOTS.);
#127=B_SPLINE_SURFACE_WITH_KNOTS('',1,3,((#5540,#5541,#5542,#5543,#5544,
#5545,#5546,#5547,#5548,#5549,#5550,#5551,#5552,#5553,#5554,#5555,#5556,
#5557,#5558,#5559,#5560,#5561,#5562,#5563,#5564,#5565,#5566,#5567,#5568,
#5569),(#5570,#5571,#5572,#5573,#5574,#5575,#5576,#5577,#5578,#5579,#5580,
#5581,#5582,#5583,#5584,#5585,#5586,#5587,#5588,#5589,#5590,#5591,#5592,
#5593,#5594,#5595,#5596,#5597,#5598,#5599),(#5600,#5601,#5602,#5603,#5604,
#5605,#5606,#5607,#5608,#5609,#5610,#5611,#5612,#5613,#5614,#5615,#5616,
#5617,#5618,#5619,#5620,#5621,#5622,#5623,#5624,#5625,#5626,#5627,#5628,
#5629)),.RULED_SURF.,.F.,.F.,.F.,(2,1,2),(4,2,2,2,2,2,2,2,2,2,2,2,2,2,4),
(-0.102288094615518,-0.100000000000001,0.),(0.,0.125,0.1875,0.25,0.3125,
0.375,0.4375,0.5,0.5625,0.59375,0.625,0.6875,0.75,0.875,1.),
 .UNSPECIFIED.);
#128=B_SPLINE_SURFACE_WITH_KNOTS('',1,3,((#5648,#5649,#5650,#5651),(#5652,
#5653,#5654,#5655),(#5656,#5657,#5658,#5659)),.RULED_SURF.,.F.,.F.,.F.,
(2,1,2),(4,4),(-0.100999998901561,-0.100000000000013,0.),(0.023747999742858,
0.0240230427780368),.PIECEWISE_BEZIER_KNOTS.);
#129=B_SPLINE_SURFACE_WITH_KNOTS('',1,3,((#5664,#5665,#5666,#5667),(#5668,
#5669,#5670,#5671),(#5672,#5673,#5674,#5675)),.RULED_SURF.,.F.,.F.,.F.,
(2,1,2),(4,4),(-0.099999999999994,0.,0.000999987413690454),(0.071792173869681,
0.0726919188241084),.PIECEWISE_BEZIER_KNOTS.);
#130=B_SPLINE_SURFACE_WITH_KNOTS('',1,3,((#5680,#5681,#5682,#5683,#5684,
#5685,#5686),(#5687,#5688,#5689,#5690,#5691,#5692,#5693),(#5694,#5695,#5696,
#5697,#5698,#5699,#5700)),.RULED_SURF.,.F.,.F.,.F.,(2,1,2),(4,3,4),(-0.0631273472792841,
0.,0.910865180810222),(-1.62998814172108E-5,0.,0.000322023796538424),
 .PIECEWISE_BEZIER_KNOTS.);
#131=B_SPLINE_SURFACE_WITH_KNOTS('',1,3,((#5701,#5702,#5703,#5704),(#5705,
#5706,#5707,#5708)),.RULED_SURF.,.F.,.F.,.F.,(2,2),(4,4),(0.89999999999998,
1.),(0.00159322120608913,1.),.PIECEWISE_BEZIER_KNOTS.);
#132=B_SPLINE_SURFACE_WITH_KNOTS('',3,3,((#5709,#5710,#5711,#5712),(#5713,
#5714,#5715,#5716),(#5717,#5718,#5719,#5720),(#5721,#5722,#5723,#5724),
(#5725,#5726,#5727,#5728),(#5729,#5730,#5731,#5732),(#5733,#5734,#5735,
#5736),(#5737,#5738,#5739,#5740)),.UNSPECIFIED.,.F.,.F.,.F.,(4,1,1,1,1,
4),(4,4),(-0.0533761812511239,0.109417896549248,0.272211974349621,0.504774942635867,
0.737337910922113,1.06292606652286),(-0.457595706227845,1.32812530903613),
 .UNSPECIFIED.);
#133=B_SPLINE_SURFACE_WITH_KNOTS('',1,3,((#5741,#5742,#5743,#5744),(#5745,
#5746,#5747,#5748)),.RULED_SURF.,.F.,.F.,.F.,(2,2),(4,4),(-0.10000000000001,
0.),(0.0107823020311301,0.0124743668827483),.PIECEWISE_BEZIER_KNOTS.);
#134=B_SPLINE_SURFACE_WITH_KNOTS('',1,3,((#5768,#5769,#5770,#5771,#5772,
#5773,#5774,#5775,#5776,#5777,#5778,#5779,#5780,#5781,#5782,#5783,#5784,
#5785,#5786,#5787,#5788,#5789,#5790,#5791,#5792,#5793,#5794,#5795,#5796,
#5797),(#5798,#5799,#5800,#5801,#5802,#5803,#5804,#5805,#5806,#5807,#5808,
#5809,#5810,#5811,#5812,#5813,#5814,#5815,#5816,#5817,#5818,#5819,#5820,
#5821,#5822,#5823,#5824,#5825,#5826,#5827),(#5828,#5829,#5830,#5831,#5832,
#5833,#5834,#5835,#5836,#5837,#5838,#5839,#5840,#5841,#5842,#5843,#5844,
#5845,#5846,#5847,#5848,#5849,#5850,#5851,#5852,#5853,#5854,#5855,#5856,
#5857)),.RULED_SURF.,.F.,.F.,.F.,(2,1,2),(4,2,2,2,2,2,2,2,2,2,2,2,2,2,4),
(0.899999999999999,1.,1.00099720353062),(0.,0.125,0.1875,0.25,0.3125,0.375,
0.4375,0.5,0.5625,0.59375,0.625,0.6875,0.75,0.875,1.),.UNSPECIFIED.);
#135=B_SPLINE_SURFACE_WITH_KNOTS('',1,3,((#5890,#5891,#5892,#5893),(#5894,
#5895,#5896,#5897),(#5898,#5899,#5900,#5901)),.RULED_SURF.,.F.,.F.,.F.,
(2,1,2),(4,4),(-0.0999999999999871,0.,1.),(0.,1.),
 .PIECEWISE_BEZIER_KNOTS.);
#136=B_SPLINE_SURFACE_WITH_KNOTS('',3,3,((#5922,#5923,#5924,#5925),(#5926,
#5927,#5928,#5929),(#5930,#5931,#5932,#5933),(#5934,#5935,#5936,#5937),
(#5938,#5939,#5940,#5941),(#5942,#5943,#5944,#5945),(#5946,#5947,#5948,
#5949),(#5950,#5951,#5952,#5953)),.UNSPECIFIED.,.F.,.F.,.F.,(4,1,1,1,1,
4),(4,4),(-0.0485437582051185,0.275626512248761,0.460866666793835,0.64610682133891,
0.785036937247715,1.06289716906533),(-0.45827459123226,1.32812934864954),
 .UNSPECIFIED.);
#137=B_SPLINE_SURFACE_WITH_KNOTS('',3,3,((#6380,#6381,#6382,#6383),(#6384,
#6385,#6386,#6387),(#6388,#6389,#6390,#6391),(#6392,#6393,#6394,#6395),
(#6396,#6397,#6398,#6399),(#6400,#6401,#6402,#6403),(#6404,#6405,#6406,
#6407)),.UNSPECIFIED.,.F.,.F.,.F.,(4,1,1,1,4),(4,4),(-0.0455269366682063,
0.271435957041397,0.497838023976828,0.724240090912259,1.04120298462186),
(-0.238396886513228,1.31886682952751),.UNSPECIFIED.);
#138=B_SPLINE_SURFACE_WITH_KNOTS('',4,1,((#6412,#6413),(#6414,#6415),(#6416,
#6417),(#6418,#6419),(#6420,#6421),(#6422,#6423),(#6424,#6425),(#6426,#6427),
(#6428,#6429),(#6430,#6431),(#6432,#6433)),.RULED_SURF.,.F.,.F.,.F.,(5,
2,2,2,5),(2,2),(-0.127450668736135,-0.103397147475631,0.,1.,1.16308510095879),
(-0.895884066218166,1.85252701262807),.UNSPECIFIED.);
#139=B_SPLINE_SURFACE_WITH_KNOTS('',1,3,((#6462,#6463,#6464,#6465),(#6466,
#6467,#6468,#6469)),.RULED_SURF.,.F.,.F.,.F.,(2,2),(4,4),(-0.100000000000004,
0.),(0.00767730377215327,0.00770835947591605),.PIECEWISE_BEZIER_KNOTS.);
#140=B_SPLINE_SURFACE_WITH_KNOTS('',1,3,((#6484,#6485,#6486,#6487),(#6488,
#6489,#6490,#6491)),.RULED_SURF.,.F.,.F.,.F.,(2,2),(4,4),(-0.100612727077699,
0.),(0.,1.),.PIECEWISE_BEZIER_KNOTS.);
#141=B_SPLINE_SURFACE_WITH_KNOTS('',1,3,((#6501,#6502,#6503,#6504,#6505,
#6506,#6507,#6508,#6509,#6510,#6511,#6512,#6513,#6514,#6515,#6516,#6517,
#6518,#6519,#6520,#6521,#6522,#6523,#6524,#6525,#6526,#6527,#6528,#6529,
#6530),(#6531,#6532,#6533,#6534,#6535,#6536,#6537,#6538,#6539,#6540,#6541,
#6542,#6543,#6544,#6545,#6546,#6547,#6548,#6549,#6550,#6551,#6552,#6553,
#6554,#6555,#6556,#6557,#6558,#6559,#6560),(#6561,#6562,#6563,#6564,#6565,
#6566,#6567,#6568,#6569,#6570,#6571,#6572,#6573,#6574,#6575,#6576,#6577,
#6578,#6579,#6580,#6581,#6582,#6583,#6584,#6585,#6586,#6587,#6588,#6589,
#6590)),.RULED_SURF.,.F.,.F.,.F.,(2,1,2),(4,2,2,2,2,2,2,2,2,2,2,2,2,2,4),
(-0.102288094615543,-0.100000000000001,0.),(0.,0.125,0.1875,0.25,0.3125,
0.375,0.4375,0.5,0.5625,0.59375,0.625,0.6875,0.75,0.875,1.),
 .UNSPECIFIED.);
#142=B_SPLINE_SURFACE_WITH_KNOTS('',1,3,((#6609,#6610,#6611,#6612),(#6613,
#6614,#6615,#6616),(#6617,#6618,#6619,#6620)),.RULED_SURF.,.F.,.F.,.F.,
(2,1,2),(4,4),(-0.100999998901561,-0.100000000000013,0.),(0.023747999742858,
0.0240230427780368),.PIECEWISE_BEZIER_KNOTS.);
#143=B_SPLINE_SURFACE_WITH_KNOTS('',1,3,((#6625,#6626,#6627,#6628),(#6629,
#6630,#6631,#6632),(#6633,#6634,#6635,#6636)),.RULED_SURF.,.F.,.F.,.F.,
(2,1,2),(4,4),(-0.099999999999994,0.,0.000999987413690328),(0.071792173869681,
0.0726919188241084),.PIECEWISE_BEZIER_KNOTS.);
#144=B_SPLINE_SURFACE_WITH_KNOTS('',1,3,((#6641,#6642,#6643,#6644,#6645,
#6646,#6647),(#6648,#6649,#6650,#6651,#6652,#6653,#6654),(#6655,#6656,#6657,
#6658,#6659,#6660,#6661)),.RULED_SURF.,.F.,.F.,.F.,(2,1,2),(4,3,4),(-0.0631273472792833,
0.,0.910865180810085),(-1.62998814172108E-5,0.,0.000322023796538424),
 .PIECEWISE_BEZIER_KNOTS.);
#145=B_SPLINE_SURFACE_WITH_KNOTS('',1,3,((#6662,#6663,#6664,#6665),(#6666,
#6667,#6668,#6669)),.RULED_SURF.,.F.,.F.,.F.,(2,2),(4,4),(0.899999999999994,
1.),(0.00159322120606183,1.),.PIECEWISE_BEZIER_KNOTS.);
#146=B_SPLINE_SURFACE_WITH_KNOTS('',3,3,((#6670,#6671,#6672,#6673),(#6674,
#6675,#6676,#6677),(#6678,#6679,#6680,#6681),(#6682,#6683,#6684,#6685),
(#6686,#6687,#6688,#6689),(#6690,#6691,#6692,#6693),(#6694,#6695,#6696,
#6697),(#6698,#6699,#6700,#6701)),.UNSPECIFIED.,.F.,.F.,.F.,(4,1,1,1,1,
4),(4,4),(-0.0533761812511239,0.109417896549248,0.272211974349621,0.504774942635867,
0.737337910922113,1.06292606652286),(-0.457595706227845,1.32812530903613),
 .UNSPECIFIED.);
#147=CYLINDRICAL_SURFACE('',#1849,8.5);
#148=CYLINDRICAL_SURFACE('',#1858,8.5);
#149=CYLINDRICAL_SURFACE('',#1870,8.5);
#150=CYLINDRICAL_SURFACE('',#1872,17.);
#151=CYLINDRICAL_SURFACE('',#1878,9.75744835839671);
#152=CYLINDRICAL_SURFACE('',#1885,8.5);
#153=CYLINDRICAL_SURFACE('',#1887,4.25);
#154=CYLINDRICAL_SURFACE('',#1896,1.06550997317584);
#155=CYLINDRICAL_SURFACE('',#1900,1.05743993891339);
#156=TOROIDAL_SURFACE('',#1847,10.5267862505187,3.);
#157=TOROIDAL_SURFACE('',#1857,10.5267862505187,3.);
#158=TOROIDAL_SURFACE('',#1869,10.5267862505187,3.);
#159=TOROIDAL_SURFACE('',#1884,10.5267862505187,3.);
#160=TOROIDAL_SURFACE('',#1904,1.46550997317584,0.4);
#161=TOROIDAL_SURFACE('',#1906,1.45743993891339,0.4);
#162=TOROIDAL_SURFACE('',#1910,4.85,0.6);
#163=TOROIDAL_SURFACE('',#1912,4.85,0.6);
#164=TOROIDAL_SURFACE('',#1916,10.0574483583967,0.3);
#165=TOROIDAL_SURFACE('',#1917,9.45744835839671,0.3);
#166=TOROIDAL_SURFACE('',#1918,6.3742640687119,0.3);
#167=CIRCLE('',#1842,8.5);
#168=CIRCLE('',#1843,10.5267862505187);
#169=CIRCLE('',#1845,10.5267862505187);
#170=CIRCLE('',#1846,8.5);
#171=CIRCLE('',#1848,13.4999999999824);
#172=CIRCLE('',#1850,8.5);
#173=CIRCLE('',#1852,13.4999999999824);
#174=CIRCLE('',#1853,17.);
#175=CIRCLE('',#1855,8.5);
#176=CIRCLE('',#1856,10.5267862505187);
#177=CIRCLE('',#1859,8.5);
#178=CIRCLE('',#1861,13.4999999999824);
#179=CIRCLE('',#1862,17.);
#180=CIRCLE('',#1864,8.5);
#181=CIRCLE('',#1865,10.5267862505187);
#182=CIRCLE('',#1867,13.4999999999824);
#183=CIRCLE('',#1868,17.);
#184=CIRCLE('',#1871,8.5);
#185=CIRCLE('',#1873,17.);
#186=CIRCLE('',#1874,17.);
#187=CIRCLE('',#1877,10.0574483583967);
#188=CIRCLE('',#1879,9.75744835839671);
#189=CIRCLE('',#1880,9.75744835839671);
#190=CIRCLE('',#1882,6.3742640687119);
#191=CIRCLE('',#1883,9.45744835839671);
#192=CIRCLE('',#1886,8.5);
#193=CIRCLE('',#1888,4.25);
#194=CIRCLE('',#1889,4.25);
#195=CIRCLE('',#1890,4.25);
#196=CIRCLE('',#1892,1.45743993891339);
#197=CIRCLE('',#1893,4.85);
#198=CIRCLE('',#1894,1.46550997317584);
#199=CIRCLE('',#1895,4.85);
#200=CIRCLE('',#1897,1.06550997317584);
#201=CIRCLE('',#1898,1.06550997317584);
#202=CIRCLE('',#1901,1.05743993891339);
#203=CIRCLE('',#1902,1.05743993891339);
#204=CIRCLE('',#1905,1.46550997317584);
#205=CIRCLE('',#1907,1.45743993891339);
#206=CIRCLE('',#1908,0.6);
#207=CIRCLE('',#1909,0.6);
#208=CIRCLE('',#1911,0.6);
#209=CIRCLE('',#1913,0.6);
#210=CIRCLE('',#1915,6.16213203435595);
#211=ORIENTED_EDGE('',*,*,#767,.F.);
#212=ORIENTED_EDGE('',*,*,#768,.T.);
#213=ORIENTED_EDGE('',*,*,#769,.F.);
#214=ORIENTED_EDGE('',*,*,#770,.T.);
#215=ORIENTED_EDGE('',*,*,#771,.F.);
#216=ORIENTED_EDGE('',*,*,#772,.T.);
#217=ORIENTED_EDGE('',*,*,#773,.F.);
#218=ORIENTED_EDGE('',*,*,#774,.T.);
#219=ORIENTED_EDGE('',*,*,#772,.F.);
#220=ORIENTED_EDGE('',*,*,#775,.T.);
#221=ORIENTED_EDGE('',*,*,#776,.F.);
#222=ORIENTED_EDGE('',*,*,#777,.F.);
#223=ORIENTED_EDGE('',*,*,#778,.F.);
#224=ORIENTED_EDGE('',*,*,#779,.T.);
#225=ORIENTED_EDGE('',*,*,#774,.F.);
#226=ORIENTED_EDGE('',*,*,#780,.F.);
#227=ORIENTED_EDGE('',*,*,#781,.F.);
#228=ORIENTED_EDGE('',*,*,#782,.T.);
#229=ORIENTED_EDGE('',*,*,#783,.T.);
#230=ORIENTED_EDGE('',*,*,#784,.T.);
#231=ORIENTED_EDGE('',*,*,#785,.F.);
#232=ORIENTED_EDGE('',*,*,#786,.T.);
#233=ORIENTED_EDGE('',*,*,#787,.F.);
#234=ORIENTED_EDGE('',*,*,#788,.T.);
#235=ORIENTED_EDGE('',*,*,#789,.F.);
#236=ORIENTED_EDGE('',*,*,#790,.T.);
#237=ORIENTED_EDGE('',*,*,#791,.F.);
#238=ORIENTED_EDGE('',*,*,#792,.F.);
#239=ORIENTED_EDGE('',*,*,#793,.T.);
#240=ORIENTED_EDGE('',*,*,#794,.F.);
#241=ORIENTED_EDGE('',*,*,#795,.T.);
#242=ORIENTED_EDGE('',*,*,#796,.F.);
#243=ORIENTED_EDGE('',*,*,#770,.F.);
#244=ORIENTED_EDGE('',*,*,#797,.T.);
#245=ORIENTED_EDGE('',*,*,#786,.F.);
#246=ORIENTED_EDGE('',*,*,#798,.F.);
#247=ORIENTED_EDGE('',*,*,#799,.F.);
#248=ORIENTED_EDGE('',*,*,#800,.T.);
#249=ORIENTED_EDGE('',*,*,#801,.T.);
#250=ORIENTED_EDGE('',*,*,#802,.F.);
#251=ORIENTED_EDGE('',*,*,#803,.T.);
#252=ORIENTED_EDGE('',*,*,#768,.F.);
#253=ORIENTED_EDGE('',*,*,#804,.T.);
#254=ORIENTED_EDGE('',*,*,#805,.F.);
#255=ORIENTED_EDGE('',*,*,#806,.T.);
#256=ORIENTED_EDGE('',*,*,#807,.F.);
#257=ORIENTED_EDGE('',*,*,#808,.T.);
#258=ORIENTED_EDGE('',*,*,#809,.F.);
#259=ORIENTED_EDGE('',*,*,#810,.T.);
#260=ORIENTED_EDGE('',*,*,#811,.F.);
#261=ORIENTED_EDGE('',*,*,#812,.F.);
#262=ORIENTED_EDGE('',*,*,#813,.T.);
#263=ORIENTED_EDGE('',*,*,#814,.F.);
#264=ORIENTED_EDGE('',*,*,#815,.T.);
#265=ORIENTED_EDGE('',*,*,#816,.T.);
#266=ORIENTED_EDGE('',*,*,#817,.F.);
#267=ORIENTED_EDGE('',*,*,#818,.T.);
#268=ORIENTED_EDGE('',*,*,#819,.F.);
#269=ORIENTED_EDGE('',*,*,#820,.T.);
#270=ORIENTED_EDGE('',*,*,#821,.F.);
#271=ORIENTED_EDGE('',*,*,#822,.T.);
#272=ORIENTED_EDGE('',*,*,#823,.F.);
#273=ORIENTED_EDGE('',*,*,#824,.F.);
#274=ORIENTED_EDGE('',*,*,#795,.F.);
#275=ORIENTED_EDGE('',*,*,#825,.T.);
#276=ORIENTED_EDGE('',*,*,#806,.F.);
#277=ORIENTED_EDGE('',*,*,#826,.F.);
#278=ORIENTED_EDGE('',*,*,#827,.F.);
#279=ORIENTED_EDGE('',*,*,#828,.T.);
#280=ORIENTED_EDGE('',*,*,#829,.T.);
#281=ORIENTED_EDGE('',*,*,#830,.F.);
#282=ORIENTED_EDGE('',*,*,#831,.T.);
#283=ORIENTED_EDGE('',*,*,#793,.F.);
#284=ORIENTED_EDGE('',*,*,#832,.F.);
#285=ORIENTED_EDGE('',*,*,#833,.F.);
#286=ORIENTED_EDGE('',*,*,#834,.F.);
#287=ORIENTED_EDGE('',*,*,#791,.T.);
#288=ORIENTED_EDGE('',*,*,#835,.F.);
#289=ORIENTED_EDGE('',*,*,#836,.F.);
#290=ORIENTED_EDGE('',*,*,#837,.F.);
#291=ORIENTED_EDGE('',*,*,#811,.T.);
#292=ORIENTED_EDGE('',*,*,#838,.F.);
#293=ORIENTED_EDGE('',*,*,#839,.F.);
#294=ORIENTED_EDGE('',*,*,#840,.F.);
#295=ORIENTED_EDGE('',*,*,#823,.T.);
#296=ORIENTED_EDGE('',*,*,#841,.F.);
#297=ORIENTED_EDGE('',*,*,#842,.F.);
#298=ORIENTED_EDGE('',*,*,#843,.F.);
#299=ORIENTED_EDGE('',*,*,#844,.T.);
#300=ORIENTED_EDGE('',*,*,#845,.F.);
#301=ORIENTED_EDGE('',*,*,#846,.F.);
#302=ORIENTED_EDGE('',*,*,#847,.T.);
#303=ORIENTED_EDGE('',*,*,#844,.F.);
#304=ORIENTED_EDGE('',*,*,#848,.T.);
#305=ORIENTED_EDGE('',*,*,#849,.F.);
#306=ORIENTED_EDGE('',*,*,#776,.T.);
#307=ORIENTED_EDGE('',*,*,#850,.F.);
#308=ORIENTED_EDGE('',*,*,#851,.T.);
#309=ORIENTED_EDGE('',*,*,#852,.T.);
#310=ORIENTED_EDGE('',*,*,#845,.T.);
#311=ORIENTED_EDGE('',*,*,#853,.T.);
#312=ORIENTED_EDGE('',*,*,#854,.T.);
#313=ORIENTED_EDGE('',*,*,#855,.T.);
#314=ORIENTED_EDGE('',*,*,#856,.T.);
#315=ORIENTED_EDGE('',*,*,#857,.F.);
#316=ORIENTED_EDGE('',*,*,#815,.F.);
#317=ORIENTED_EDGE('',*,*,#858,.T.);
#318=ORIENTED_EDGE('',*,*,#818,.F.);
#319=ORIENTED_EDGE('',*,*,#859,.F.);
#320=ORIENTED_EDGE('',*,*,#860,.F.);
#321=ORIENTED_EDGE('',*,*,#861,.T.);
#322=ORIENTED_EDGE('',*,*,#862,.T.);
#323=ORIENTED_EDGE('',*,*,#863,.F.);
#324=ORIENTED_EDGE('',*,*,#864,.T.);
#325=ORIENTED_EDGE('',*,*,#813,.F.);
#326=ORIENTED_EDGE('',*,*,#865,.T.);
#327=ORIENTED_EDGE('',*,*,#866,.T.);
#328=ORIENTED_EDGE('',*,*,#867,.T.);
#329=ORIENTED_EDGE('',*,*,#868,.T.);
#330=ORIENTED_EDGE('',*,*,#869,.T.);
#331=ORIENTED_EDGE('',*,*,#870,.T.);
#332=ORIENTED_EDGE('',*,*,#871,.T.);
#333=ORIENTED_EDGE('',*,*,#872,.T.);
#334=ORIENTED_EDGE('',*,*,#873,.T.);
#335=ORIENTED_EDGE('',*,*,#800,.F.);
#336=ORIENTED_EDGE('',*,*,#874,.T.);
#337=ORIENTED_EDGE('',*,*,#875,.F.);
#338=ORIENTED_EDGE('',*,*,#782,.F.);
#339=ORIENTED_EDGE('',*,*,#876,.T.);
#340=ORIENTED_EDGE('',*,*,#877,.F.);
#341=ORIENTED_EDGE('',*,*,#861,.F.);
#342=ORIENTED_EDGE('',*,*,#878,.T.);
#343=ORIENTED_EDGE('',*,*,#879,.F.);
#344=ORIENTED_EDGE('',*,*,#828,.F.);
#345=ORIENTED_EDGE('',*,*,#880,.T.);
#346=ORIENTED_EDGE('',*,*,#881,.F.);
#347=ORIENTED_EDGE('',*,*,#848,.F.);
#348=ORIENTED_EDGE('',*,*,#882,.F.);
#349=ORIENTED_EDGE('',*,*,#883,.T.);
#350=ORIENTED_EDGE('',*,*,#884,.F.);
#351=ORIENTED_EDGE('',*,*,#885,.T.);
#352=ORIENTED_EDGE('',*,*,#820,.F.);
#353=ORIENTED_EDGE('',*,*,#886,.T.);
#354=ORIENTED_EDGE('',*,*,#887,.T.);
#355=ORIENTED_EDGE('',*,*,#888,.T.);
#356=ORIENTED_EDGE('',*,*,#886,.F.);
#357=ORIENTED_EDGE('',*,*,#819,.T.);
#358=ORIENTED_EDGE('',*,*,#858,.F.);
#359=ORIENTED_EDGE('',*,*,#814,.T.);
#360=ORIENTED_EDGE('',*,*,#864,.F.);
#361=ORIENTED_EDGE('',*,*,#889,.F.);
#362=ORIENTED_EDGE('',*,*,#876,.F.);
#363=ORIENTED_EDGE('',*,*,#890,.F.);
#364=ORIENTED_EDGE('',*,*,#891,.F.);
#365=ORIENTED_EDGE('',*,*,#892,.T.);
#366=ORIENTED_EDGE('',*,*,#893,.T.);
#367=ORIENTED_EDGE('',*,*,#894,.T.);
#368=ORIENTED_EDGE('',*,*,#821,.T.);
#369=ORIENTED_EDGE('',*,*,#888,.F.);
#370=ORIENTED_EDGE('',*,*,#895,.F.);
#371=ORIENTED_EDGE('',*,*,#862,.F.);
#372=ORIENTED_EDGE('',*,*,#877,.T.);
#373=ORIENTED_EDGE('',*,*,#893,.F.);
#374=ORIENTED_EDGE('',*,*,#896,.T.);
#375=ORIENTED_EDGE('',*,*,#897,.T.);
#376=ORIENTED_EDGE('',*,*,#898,.F.);
#377=ORIENTED_EDGE('',*,*,#899,.F.);
#378=ORIENTED_EDGE('',*,*,#900,.T.);
#379=ORIENTED_EDGE('',*,*,#897,.F.);
#380=ORIENTED_EDGE('',*,*,#901,.T.);
#381=ORIENTED_EDGE('',*,*,#841,.T.);
#382=ORIENTED_EDGE('',*,*,#822,.F.);
#383=ORIENTED_EDGE('',*,*,#894,.F.);
#384=ORIENTED_EDGE('',*,*,#900,.F.);
#385=ORIENTED_EDGE('',*,*,#902,.F.);
#386=ORIENTED_EDGE('',*,*,#903,.F.);
#387=ORIENTED_EDGE('',*,*,#842,.T.);
#388=ORIENTED_EDGE('',*,*,#901,.F.);
#389=ORIENTED_EDGE('',*,*,#904,.F.);
#390=ORIENTED_EDGE('',*,*,#883,.F.);
#391=ORIENTED_EDGE('',*,*,#905,.F.);
#392=ORIENTED_EDGE('',*,*,#906,.F.);
#393=ORIENTED_EDGE('',*,*,#898,.T.);
#394=ORIENTED_EDGE('',*,*,#896,.F.);
#395=ORIENTED_EDGE('',*,*,#892,.F.);
#396=ORIENTED_EDGE('',*,*,#907,.T.);
#397=ORIENTED_EDGE('',*,*,#908,.T.);
#398=ORIENTED_EDGE('',*,*,#909,.T.);
#399=ORIENTED_EDGE('',*,*,#910,.T.);
#400=ORIENTED_EDGE('',*,*,#780,.T.);
#401=ORIENTED_EDGE('',*,*,#773,.T.);
#402=ORIENTED_EDGE('',*,*,#777,.T.);
#403=ORIENTED_EDGE('',*,*,#849,.T.);
#404=ORIENTED_EDGE('',*,*,#910,.F.);
#405=ORIENTED_EDGE('',*,*,#911,.F.);
#406=ORIENTED_EDGE('',*,*,#912,.F.);
#407=ORIENTED_EDGE('',*,*,#913,.T.);
#408=ORIENTED_EDGE('',*,*,#909,.F.);
#409=ORIENTED_EDGE('',*,*,#914,.F.);
#410=ORIENTED_EDGE('',*,*,#915,.F.);
#411=ORIENTED_EDGE('',*,*,#911,.T.);
#412=ORIENTED_EDGE('',*,*,#908,.F.);
#413=ORIENTED_EDGE('',*,*,#916,.F.);
#414=ORIENTED_EDGE('',*,*,#917,.F.);
#415=ORIENTED_EDGE('',*,*,#914,.T.);
#416=ORIENTED_EDGE('',*,*,#907,.F.);
#417=ORIENTED_EDGE('',*,*,#885,.F.);
#418=ORIENTED_EDGE('',*,*,#918,.F.);
#419=ORIENTED_EDGE('',*,*,#916,.T.);
#420=ORIENTED_EDGE('',*,*,#890,.T.);
#421=ORIENTED_EDGE('',*,*,#781,.T.);
#422=ORIENTED_EDGE('',*,*,#913,.F.);
#423=ORIENTED_EDGE('',*,*,#919,.F.);
#424=ORIENTED_EDGE('',*,*,#882,.T.);
#425=ORIENTED_EDGE('',*,*,#843,.T.);
#426=ORIENTED_EDGE('',*,*,#903,.T.);
#427=ORIENTED_EDGE('',*,*,#905,.T.);
#428=ORIENTED_EDGE('',*,*,#889,.T.);
#429=ORIENTED_EDGE('',*,*,#863,.T.);
#430=ORIENTED_EDGE('',*,*,#895,.T.);
#431=ORIENTED_EDGE('',*,*,#887,.F.);
#432=ORIENTED_EDGE('',*,*,#884,.T.);
#433=ORIENTED_EDGE('',*,*,#904,.T.);
#434=ORIENTED_EDGE('',*,*,#902,.T.);
#435=ORIENTED_EDGE('',*,*,#899,.T.);
#436=ORIENTED_EDGE('',*,*,#906,.T.);
#437=ORIENTED_EDGE('',*,*,#891,.T.);
#438=ORIENTED_EDGE('',*,*,#919,.T.);
#439=ORIENTED_EDGE('',*,*,#912,.T.);
#440=ORIENTED_EDGE('',*,*,#915,.T.);
#441=ORIENTED_EDGE('',*,*,#917,.T.);
#442=ORIENTED_EDGE('',*,*,#918,.T.);
#443=ORIENTED_EDGE('',*,*,#816,.F.);
#444=ORIENTED_EDGE('',*,*,#920,.F.);
#445=ORIENTED_EDGE('',*,*,#921,.T.);
#446=ORIENTED_EDGE('',*,*,#922,.F.);
#447=ORIENTED_EDGE('',*,*,#923,.T.);
#448=ORIENTED_EDGE('',*,*,#808,.F.);
#449=ORIENTED_EDGE('',*,*,#924,.T.);
#450=ORIENTED_EDGE('',*,*,#925,.T.);
#451=ORIENTED_EDGE('',*,*,#926,.T.);
#452=ORIENTED_EDGE('',*,*,#924,.F.);
#453=ORIENTED_EDGE('',*,*,#807,.T.);
#454=ORIENTED_EDGE('',*,*,#825,.F.);
#455=ORIENTED_EDGE('',*,*,#794,.T.);
#456=ORIENTED_EDGE('',*,*,#831,.F.);
#457=ORIENTED_EDGE('',*,*,#927,.F.);
#458=ORIENTED_EDGE('',*,*,#878,.F.);
#459=ORIENTED_EDGE('',*,*,#928,.F.);
#460=ORIENTED_EDGE('',*,*,#929,.F.);
#461=ORIENTED_EDGE('',*,*,#930,.T.);
#462=ORIENTED_EDGE('',*,*,#931,.T.);
#463=ORIENTED_EDGE('',*,*,#932,.T.);
#464=ORIENTED_EDGE('',*,*,#809,.T.);
#465=ORIENTED_EDGE('',*,*,#926,.F.);
#466=ORIENTED_EDGE('',*,*,#933,.F.);
#467=ORIENTED_EDGE('',*,*,#829,.F.);
#468=ORIENTED_EDGE('',*,*,#879,.T.);
#469=ORIENTED_EDGE('',*,*,#931,.F.);
#470=ORIENTED_EDGE('',*,*,#934,.T.);
#471=ORIENTED_EDGE('',*,*,#935,.T.);
#472=ORIENTED_EDGE('',*,*,#936,.F.);
#473=ORIENTED_EDGE('',*,*,#937,.F.);
#474=ORIENTED_EDGE('',*,*,#938,.T.);
#475=ORIENTED_EDGE('',*,*,#935,.F.);
#476=ORIENTED_EDGE('',*,*,#939,.T.);
#477=ORIENTED_EDGE('',*,*,#838,.T.);
#478=ORIENTED_EDGE('',*,*,#810,.F.);
#479=ORIENTED_EDGE('',*,*,#932,.F.);
#480=ORIENTED_EDGE('',*,*,#938,.F.);
#481=ORIENTED_EDGE('',*,*,#940,.F.);
#482=ORIENTED_EDGE('',*,*,#941,.F.);
#483=ORIENTED_EDGE('',*,*,#839,.T.);
#484=ORIENTED_EDGE('',*,*,#939,.F.);
#485=ORIENTED_EDGE('',*,*,#942,.F.);
#486=ORIENTED_EDGE('',*,*,#921,.F.);
#487=ORIENTED_EDGE('',*,*,#943,.F.);
#488=ORIENTED_EDGE('',*,*,#944,.F.);
#489=ORIENTED_EDGE('',*,*,#936,.T.);
#490=ORIENTED_EDGE('',*,*,#934,.F.);
#491=ORIENTED_EDGE('',*,*,#930,.F.);
#492=ORIENTED_EDGE('',*,*,#945,.T.);
#493=ORIENTED_EDGE('',*,*,#946,.T.);
#494=ORIENTED_EDGE('',*,*,#947,.T.);
#495=ORIENTED_EDGE('',*,*,#948,.T.);
#496=ORIENTED_EDGE('',*,*,#859,.T.);
#497=ORIENTED_EDGE('',*,*,#812,.T.);
#498=ORIENTED_EDGE('',*,*,#857,.T.);
#499=ORIENTED_EDGE('',*,*,#817,.T.);
#500=ORIENTED_EDGE('',*,*,#948,.F.);
#501=ORIENTED_EDGE('',*,*,#949,.F.);
#502=ORIENTED_EDGE('',*,*,#950,.F.);
#503=ORIENTED_EDGE('',*,*,#951,.T.);
#504=ORIENTED_EDGE('',*,*,#947,.F.);
#505=ORIENTED_EDGE('',*,*,#952,.F.);
#506=ORIENTED_EDGE('',*,*,#953,.F.);
#507=ORIENTED_EDGE('',*,*,#949,.T.);
#508=ORIENTED_EDGE('',*,*,#946,.F.);
#509=ORIENTED_EDGE('',*,*,#954,.F.);
#510=ORIENTED_EDGE('',*,*,#955,.F.);
#511=ORIENTED_EDGE('',*,*,#952,.T.);
#512=ORIENTED_EDGE('',*,*,#945,.F.);
#513=ORIENTED_EDGE('',*,*,#923,.F.);
#514=ORIENTED_EDGE('',*,*,#956,.F.);
#515=ORIENTED_EDGE('',*,*,#954,.T.);
#516=ORIENTED_EDGE('',*,*,#928,.T.);
#517=ORIENTED_EDGE('',*,*,#860,.T.);
#518=ORIENTED_EDGE('',*,*,#951,.F.);
#519=ORIENTED_EDGE('',*,*,#957,.F.);
#520=ORIENTED_EDGE('',*,*,#920,.T.);
#521=ORIENTED_EDGE('',*,*,#840,.T.);
#522=ORIENTED_EDGE('',*,*,#941,.T.);
#523=ORIENTED_EDGE('',*,*,#943,.T.);
#524=ORIENTED_EDGE('',*,*,#927,.T.);
#525=ORIENTED_EDGE('',*,*,#830,.T.);
#526=ORIENTED_EDGE('',*,*,#933,.T.);
#527=ORIENTED_EDGE('',*,*,#925,.F.);
#528=ORIENTED_EDGE('',*,*,#922,.T.);
#529=ORIENTED_EDGE('',*,*,#942,.T.);
#530=ORIENTED_EDGE('',*,*,#940,.T.);
#531=ORIENTED_EDGE('',*,*,#937,.T.);
#532=ORIENTED_EDGE('',*,*,#944,.T.);
#533=ORIENTED_EDGE('',*,*,#929,.T.);
#534=ORIENTED_EDGE('',*,*,#957,.T.);
#535=ORIENTED_EDGE('',*,*,#950,.T.);
#536=ORIENTED_EDGE('',*,*,#953,.T.);
#537=ORIENTED_EDGE('',*,*,#955,.T.);
#538=ORIENTED_EDGE('',*,*,#956,.T.);
#539=ORIENTED_EDGE('',*,*,#804,.F.);
#540=ORIENTED_EDGE('',*,*,#958,.F.);
#541=ORIENTED_EDGE('',*,*,#959,.T.);
#542=ORIENTED_EDGE('',*,*,#960,.F.);
#543=ORIENTED_EDGE('',*,*,#961,.T.);
#544=ORIENTED_EDGE('',*,*,#788,.F.);
#545=ORIENTED_EDGE('',*,*,#962,.T.);
#546=ORIENTED_EDGE('',*,*,#963,.T.);
#547=ORIENTED_EDGE('',*,*,#964,.T.);
#548=ORIENTED_EDGE('',*,*,#880,.F.);
#549=ORIENTED_EDGE('',*,*,#965,.F.);
#550=ORIENTED_EDGE('',*,*,#966,.F.);
#551=ORIENTED_EDGE('',*,*,#967,.T.);
#552=ORIENTED_EDGE('',*,*,#968,.T.);
#553=ORIENTED_EDGE('',*,*,#969,.T.);
#554=ORIENTED_EDGE('',*,*,#789,.T.);
#555=ORIENTED_EDGE('',*,*,#964,.F.);
#556=ORIENTED_EDGE('',*,*,#970,.F.);
#557=ORIENTED_EDGE('',*,*,#801,.F.);
#558=ORIENTED_EDGE('',*,*,#881,.T.);
#559=ORIENTED_EDGE('',*,*,#968,.F.);
#560=ORIENTED_EDGE('',*,*,#971,.T.);
#561=ORIENTED_EDGE('',*,*,#972,.T.);
#562=ORIENTED_EDGE('',*,*,#973,.F.);
#563=ORIENTED_EDGE('',*,*,#974,.F.);
#564=ORIENTED_EDGE('',*,*,#975,.T.);
#565=ORIENTED_EDGE('',*,*,#972,.F.);
#566=ORIENTED_EDGE('',*,*,#976,.T.);
#567=ORIENTED_EDGE('',*,*,#835,.T.);
#568=ORIENTED_EDGE('',*,*,#790,.F.);
#569=ORIENTED_EDGE('',*,*,#969,.F.);
#570=ORIENTED_EDGE('',*,*,#975,.F.);
#571=ORIENTED_EDGE('',*,*,#977,.F.);
#572=ORIENTED_EDGE('',*,*,#978,.F.);
#573=ORIENTED_EDGE('',*,*,#836,.T.);
#574=ORIENTED_EDGE('',*,*,#976,.F.);
#575=ORIENTED_EDGE('',*,*,#979,.F.);
#576=ORIENTED_EDGE('',*,*,#959,.F.);
#577=ORIENTED_EDGE('',*,*,#980,.F.);
#578=ORIENTED_EDGE('',*,*,#981,.F.);
#579=ORIENTED_EDGE('',*,*,#973,.T.);
#580=ORIENTED_EDGE('',*,*,#971,.F.);
#581=ORIENTED_EDGE('',*,*,#967,.F.);
#582=ORIENTED_EDGE('',*,*,#803,.F.);
#583=ORIENTED_EDGE('',*,*,#982,.F.);
#584=ORIENTED_EDGE('',*,*,#962,.F.);
#585=ORIENTED_EDGE('',*,*,#787,.T.);
#586=ORIENTED_EDGE('',*,*,#797,.F.);
#587=ORIENTED_EDGE('',*,*,#769,.T.);
#588=ORIENTED_EDGE('',*,*,#983,.T.);
#589=ORIENTED_EDGE('',*,*,#984,.T.);
#590=ORIENTED_EDGE('',*,*,#985,.T.);
#591=ORIENTED_EDGE('',*,*,#986,.T.);
#592=ORIENTED_EDGE('',*,*,#826,.T.);
#593=ORIENTED_EDGE('',*,*,#792,.T.);
#594=ORIENTED_EDGE('',*,*,#824,.T.);
#595=ORIENTED_EDGE('',*,*,#805,.T.);
#596=ORIENTED_EDGE('',*,*,#986,.F.);
#597=ORIENTED_EDGE('',*,*,#987,.F.);
#598=ORIENTED_EDGE('',*,*,#988,.F.);
#599=ORIENTED_EDGE('',*,*,#989,.T.);
#600=ORIENTED_EDGE('',*,*,#985,.F.);
#601=ORIENTED_EDGE('',*,*,#990,.F.);
#602=ORIENTED_EDGE('',*,*,#991,.F.);
#603=ORIENTED_EDGE('',*,*,#987,.T.);
#604=ORIENTED_EDGE('',*,*,#984,.F.);
#605=ORIENTED_EDGE('',*,*,#992,.F.);
#606=ORIENTED_EDGE('',*,*,#993,.F.);
#607=ORIENTED_EDGE('',*,*,#990,.T.);
#608=ORIENTED_EDGE('',*,*,#983,.F.);
#609=ORIENTED_EDGE('',*,*,#961,.F.);
#610=ORIENTED_EDGE('',*,*,#994,.F.);
#611=ORIENTED_EDGE('',*,*,#992,.T.);
#612=ORIENTED_EDGE('',*,*,#965,.T.);
#613=ORIENTED_EDGE('',*,*,#827,.T.);
#614=ORIENTED_EDGE('',*,*,#989,.F.);
#615=ORIENTED_EDGE('',*,*,#995,.F.);
#616=ORIENTED_EDGE('',*,*,#958,.T.);
#617=ORIENTED_EDGE('',*,*,#837,.T.);
#618=ORIENTED_EDGE('',*,*,#978,.T.);
#619=ORIENTED_EDGE('',*,*,#980,.T.);
#620=ORIENTED_EDGE('',*,*,#982,.T.);
#621=ORIENTED_EDGE('',*,*,#802,.T.);
#622=ORIENTED_EDGE('',*,*,#970,.T.);
#623=ORIENTED_EDGE('',*,*,#963,.F.);
#624=ORIENTED_EDGE('',*,*,#960,.T.);
#625=ORIENTED_EDGE('',*,*,#979,.T.);
#626=ORIENTED_EDGE('',*,*,#977,.T.);
#627=ORIENTED_EDGE('',*,*,#974,.T.);
#628=ORIENTED_EDGE('',*,*,#981,.T.);
#629=ORIENTED_EDGE('',*,*,#966,.T.);
#630=ORIENTED_EDGE('',*,*,#995,.T.);
#631=ORIENTED_EDGE('',*,*,#988,.T.);
#632=ORIENTED_EDGE('',*,*,#991,.T.);
#633=ORIENTED_EDGE('',*,*,#993,.T.);
#634=ORIENTED_EDGE('',*,*,#994,.T.);
#635=ORIENTED_EDGE('',*,*,#784,.F.);
#636=ORIENTED_EDGE('',*,*,#996,.F.);
#637=ORIENTED_EDGE('',*,*,#997,.T.);
#638=ORIENTED_EDGE('',*,*,#998,.F.);
#639=ORIENTED_EDGE('',*,*,#999,.T.);
#640=ORIENTED_EDGE('',*,*,#851,.F.);
#641=ORIENTED_EDGE('',*,*,#1000,.T.);
#642=ORIENTED_EDGE('',*,*,#1001,.T.);
#643=ORIENTED_EDGE('',*,*,#1002,.T.);
#644=ORIENTED_EDGE('',*,*,#874,.F.);
#645=ORIENTED_EDGE('',*,*,#1003,.F.);
#646=ORIENTED_EDGE('',*,*,#1004,.F.);
#647=ORIENTED_EDGE('',*,*,#1005,.T.);
#648=ORIENTED_EDGE('',*,*,#1006,.T.);
#649=ORIENTED_EDGE('',*,*,#1007,.T.);
#650=ORIENTED_EDGE('',*,*,#846,.T.);
#651=ORIENTED_EDGE('',*,*,#1002,.F.);
#652=ORIENTED_EDGE('',*,*,#1008,.F.);
#653=ORIENTED_EDGE('',*,*,#783,.F.);
#654=ORIENTED_EDGE('',*,*,#875,.T.);
#655=ORIENTED_EDGE('',*,*,#1006,.F.);
#656=ORIENTED_EDGE('',*,*,#1009,.T.);
#657=ORIENTED_EDGE('',*,*,#1010,.T.);
#658=ORIENTED_EDGE('',*,*,#1011,.F.);
#659=ORIENTED_EDGE('',*,*,#1012,.F.);
#660=ORIENTED_EDGE('',*,*,#1013,.T.);
#661=ORIENTED_EDGE('',*,*,#1010,.F.);
#662=ORIENTED_EDGE('',*,*,#1014,.T.);
#663=ORIENTED_EDGE('',*,*,#832,.T.);
#664=ORIENTED_EDGE('',*,*,#847,.F.);
#665=ORIENTED_EDGE('',*,*,#1007,.F.);
#666=ORIENTED_EDGE('',*,*,#1013,.F.);
#667=ORIENTED_EDGE('',*,*,#1015,.F.);
#668=ORIENTED_EDGE('',*,*,#1016,.F.);
#669=ORIENTED_EDGE('',*,*,#833,.T.);
#670=ORIENTED_EDGE('',*,*,#1014,.F.);
#671=ORIENTED_EDGE('',*,*,#1017,.F.);
#672=ORIENTED_EDGE('',*,*,#997,.F.);
#673=ORIENTED_EDGE('',*,*,#1018,.F.);
#674=ORIENTED_EDGE('',*,*,#1019,.F.);
#675=ORIENTED_EDGE('',*,*,#1011,.T.);
#676=ORIENTED_EDGE('',*,*,#1009,.F.);
#677=ORIENTED_EDGE('',*,*,#1005,.F.);
#678=ORIENTED_EDGE('',*,*,#779,.F.);
#679=ORIENTED_EDGE('',*,*,#1020,.F.);
#680=ORIENTED_EDGE('',*,*,#1000,.F.);
#681=ORIENTED_EDGE('',*,*,#850,.T.);
#682=ORIENTED_EDGE('',*,*,#775,.F.);
#683=ORIENTED_EDGE('',*,*,#771,.T.);
#684=ORIENTED_EDGE('',*,*,#1021,.T.);
#685=ORIENTED_EDGE('',*,*,#1022,.T.);
#686=ORIENTED_EDGE('',*,*,#1023,.T.);
#687=ORIENTED_EDGE('',*,*,#1024,.T.);
#688=ORIENTED_EDGE('',*,*,#798,.T.);
#689=ORIENTED_EDGE('',*,*,#767,.T.);
#690=ORIENTED_EDGE('',*,*,#796,.T.);
#691=ORIENTED_EDGE('',*,*,#785,.T.);
#692=ORIENTED_EDGE('',*,*,#1024,.F.);
#693=ORIENTED_EDGE('',*,*,#1025,.F.);
#694=ORIENTED_EDGE('',*,*,#1026,.F.);
#695=ORIENTED_EDGE('',*,*,#1027,.T.);
#696=ORIENTED_EDGE('',*,*,#1023,.F.);
#697=ORIENTED_EDGE('',*,*,#1028,.F.);
#698=ORIENTED_EDGE('',*,*,#1029,.F.);
#699=ORIENTED_EDGE('',*,*,#1025,.T.);
#700=ORIENTED_EDGE('',*,*,#1022,.F.);
#701=ORIENTED_EDGE('',*,*,#1030,.F.);
#702=ORIENTED_EDGE('',*,*,#1031,.F.);
#703=ORIENTED_EDGE('',*,*,#1028,.T.);
#704=ORIENTED_EDGE('',*,*,#1021,.F.);
#705=ORIENTED_EDGE('',*,*,#999,.F.);
#706=ORIENTED_EDGE('',*,*,#1032,.F.);
#707=ORIENTED_EDGE('',*,*,#1030,.T.);
#708=ORIENTED_EDGE('',*,*,#1003,.T.);
#709=ORIENTED_EDGE('',*,*,#799,.T.);
#710=ORIENTED_EDGE('',*,*,#1027,.F.);
#711=ORIENTED_EDGE('',*,*,#1033,.F.);
#712=ORIENTED_EDGE('',*,*,#996,.T.);
#713=ORIENTED_EDGE('',*,*,#834,.T.);
#714=ORIENTED_EDGE('',*,*,#1016,.T.);
#715=ORIENTED_EDGE('',*,*,#1018,.T.);
#716=ORIENTED_EDGE('',*,*,#1020,.T.);
#717=ORIENTED_EDGE('',*,*,#778,.T.);
#718=ORIENTED_EDGE('',*,*,#1008,.T.);
#719=ORIENTED_EDGE('',*,*,#1001,.F.);
#720=ORIENTED_EDGE('',*,*,#998,.T.);
#721=ORIENTED_EDGE('',*,*,#1017,.T.);
#722=ORIENTED_EDGE('',*,*,#1015,.T.);
#723=ORIENTED_EDGE('',*,*,#1012,.T.);
#724=ORIENTED_EDGE('',*,*,#1019,.T.);
#725=ORIENTED_EDGE('',*,*,#1004,.T.);
#726=ORIENTED_EDGE('',*,*,#1033,.T.);
#727=ORIENTED_EDGE('',*,*,#1026,.T.);
#728=ORIENTED_EDGE('',*,*,#1029,.T.);
#729=ORIENTED_EDGE('',*,*,#1031,.T.);
#730=ORIENTED_EDGE('',*,*,#1032,.T.);
#731=ORIENTED_EDGE('',*,*,#1034,.T.);
#732=ORIENTED_EDGE('',*,*,#1035,.F.);
#733=ORIENTED_EDGE('',*,*,#1035,.T.);
#734=ORIENTED_EDGE('',*,*,#1036,.T.);
#735=ORIENTED_EDGE('',*,*,#1037,.F.);
#736=ORIENTED_EDGE('',*,*,#1037,.T.);
#737=ORIENTED_EDGE('',*,*,#1034,.F.);
#738=ORIENTED_EDGE('',*,*,#1038,.F.);
#739=ORIENTED_EDGE('',*,*,#872,.F.);
#740=ORIENTED_EDGE('',*,*,#1036,.F.);
#741=ORIENTED_EDGE('',*,*,#1039,.F.);
#742=ORIENTED_EDGE('',*,*,#870,.F.);
#743=ORIENTED_EDGE('',*,*,#1040,.F.);
#744=ORIENTED_EDGE('',*,*,#868,.F.);
#745=ORIENTED_EDGE('',*,*,#1041,.F.);
#746=ORIENTED_EDGE('',*,*,#1038,.T.);
#747=ORIENTED_EDGE('',*,*,#1041,.T.);
#748=ORIENTED_EDGE('',*,*,#867,.F.);
#749=ORIENTED_EDGE('',*,*,#1042,.F.);
#750=ORIENTED_EDGE('',*,*,#873,.F.);
#751=ORIENTED_EDGE('',*,*,#1040,.T.);
#752=ORIENTED_EDGE('',*,*,#871,.F.);
#753=ORIENTED_EDGE('',*,*,#1043,.F.);
#754=ORIENTED_EDGE('',*,*,#869,.F.);
#755=ORIENTED_EDGE('',*,*,#1042,.T.);
#756=ORIENTED_EDGE('',*,*,#866,.F.);
#757=ORIENTED_EDGE('',*,*,#1043,.T.);
#758=ORIENTED_EDGE('',*,*,#1039,.T.);
#759=ORIENTED_EDGE('',*,*,#1044,.T.);
#760=ORIENTED_EDGE('',*,*,#865,.F.);
#761=ORIENTED_EDGE('',*,*,#854,.F.);
#762=ORIENTED_EDGE('',*,*,#852,.F.);
#763=ORIENTED_EDGE('',*,*,#856,.F.);
#764=ORIENTED_EDGE('',*,*,#853,.F.);
#765=ORIENTED_EDGE('',*,*,#1044,.F.);
#766=ORIENTED_EDGE('',*,*,#855,.F.);
#767=EDGE_CURVE('',#1045,#1046,#1229,.T.);
#768=EDGE_CURVE('',#1045,#1047,#167,.T.);
#769=EDGE_CURVE('',#1048,#1047,#1230,.T.);
#770=EDGE_CURVE('',#1048,#1046,#168,.F.);
#771=EDGE_CURVE('',#1049,#1050,#1231,.T.);
#772=EDGE_CURVE('',#1049,#1051,#169,.F.);
#773=EDGE_CURVE('',#1052,#1051,#1232,.T.);
#774=EDGE_CURVE('',#1052,#1050,#170,.T.);
#775=EDGE_CURVE('',#1049,#1053,#1233,.T.);
#776=EDGE_CURVE('',#1054,#1053,#171,.T.);
#777=EDGE_CURVE('',#1051,#1054,#1234,.T.);
#778=EDGE_CURVE('',#1055,#1056,#1235,.T.);
#779=EDGE_CURVE('',#1055,#1050,#1236,.T.);
#780=EDGE_CURVE('',#1057,#1052,#1237,.T.);
#781=EDGE_CURVE('',#1058,#1057,#1238,.T.);
#782=EDGE_CURVE('',#1058,#1059,#172,.T.);
#783=EDGE_CURVE('',#1059,#1056,#1239,.T.);
#784=EDGE_CURVE('',#1060,#1061,#1240,.T.);
#785=EDGE_CURVE('',#1062,#1061,#1241,.F.);
#786=EDGE_CURVE('',#1062,#1063,#173,.T.);
#787=EDGE_CURVE('',#1064,#1063,#1242,.T.);
#788=EDGE_CURVE('',#1064,#1065,#1243,.T.);
#789=EDGE_CURVE('',#1066,#1065,#1244,.T.);
#790=EDGE_CURVE('',#1066,#1067,#1245,.T.);
#791=EDGE_CURVE('',#1060,#1067,#174,.T.);
#792=EDGE_CURVE('',#1068,#1069,#1246,.T.);
#793=EDGE_CURVE('',#1068,#1070,#175,.T.);
#794=EDGE_CURVE('',#1071,#1070,#1247,.T.);
#795=EDGE_CURVE('',#1071,#1069,#176,.F.);
#796=EDGE_CURVE('',#1046,#1062,#1248,.T.);
#797=EDGE_CURVE('',#1048,#1063,#1249,.T.);
#798=EDGE_CURVE('',#1072,#1045,#1250,.T.);
#799=EDGE_CURVE('',#1073,#1072,#1251,.T.);
#800=EDGE_CURVE('',#1073,#1074,#177,.T.);
#801=EDGE_CURVE('',#1074,#1075,#1252,.T.);
#802=EDGE_CURVE('',#1076,#1075,#1253,.T.);
#803=EDGE_CURVE('',#1076,#1047,#1254,.T.);
#804=EDGE_CURVE('',#1077,#1078,#1255,.T.);
#805=EDGE_CURVE('',#1079,#1078,#1256,.F.);
#806=EDGE_CURVE('',#1079,#1080,#178,.T.);
#807=EDGE_CURVE('',#1081,#1080,#1257,.T.);
#808=EDGE_CURVE('',#1081,#1082,#1258,.T.);
#809=EDGE_CURVE('',#1083,#1082,#1259,.T.);
#810=EDGE_CURVE('',#1083,#1084,#1260,.T.);
#811=EDGE_CURVE('',#1077,#1084,#179,.T.);
#812=EDGE_CURVE('',#1085,#1086,#1261,.T.);
#813=EDGE_CURVE('',#1085,#1087,#180,.T.);
#814=EDGE_CURVE('',#1088,#1087,#1262,.T.);
#815=EDGE_CURVE('',#1088,#1086,#181,.F.);
#816=EDGE_CURVE('',#1089,#1090,#1263,.T.);
#817=EDGE_CURVE('',#1091,#1090,#1264,.F.);
#818=EDGE_CURVE('',#1091,#1092,#182,.T.);
#819=EDGE_CURVE('',#1093,#1092,#1265,.T.);
#820=EDGE_CURVE('',#1093,#1094,#1266,.T.);
#821=EDGE_CURVE('',#1095,#1094,#1267,.T.);
#822=EDGE_CURVE('',#1095,#1096,#1268,.T.);
#823=EDGE_CURVE('',#1089,#1096,#183,.T.);
#824=EDGE_CURVE('',#1069,#1079,#1269,.T.);
#825=EDGE_CURVE('',#1071,#1080,#1270,.T.);
#826=EDGE_CURVE('',#1097,#1068,#1271,.T.);
#827=EDGE_CURVE('',#1098,#1097,#1272,.T.);
#828=EDGE_CURVE('',#1098,#1099,#184,.T.);
#829=EDGE_CURVE('',#1099,#1100,#1273,.T.);
#830=EDGE_CURVE('',#1101,#1100,#1274,.T.);
#831=EDGE_CURVE('',#1101,#1070,#1275,.T.);
#832=EDGE_CURVE('',#1102,#1103,#1276,.T.);
#833=EDGE_CURVE('',#1104,#1102,#1277,.T.);
#834=EDGE_CURVE('',#1060,#1104,#1278,.T.);
#835=EDGE_CURVE('',#1105,#1067,#1279,.T.);
#836=EDGE_CURVE('',#1106,#1105,#1280,.T.);
#837=EDGE_CURVE('',#1077,#1106,#1281,.T.);
#838=EDGE_CURVE('',#1107,#1084,#1282,.T.);
#839=EDGE_CURVE('',#1108,#1107,#1283,.T.);
#840=EDGE_CURVE('',#1089,#1108,#1284,.T.);
#841=EDGE_CURVE('',#1109,#1096,#1285,.T.);
#842=EDGE_CURVE('',#1110,#1109,#1286,.T.);
#843=EDGE_CURVE('',#1111,#1110,#1287,.T.);
#844=EDGE_CURVE('',#1111,#1103,#185,.T.);
#845=EDGE_CURVE('',#1112,#1112,#186,.T.);
#846=EDGE_CURVE('',#1113,#1114,#1288,.T.);
#847=EDGE_CURVE('',#1113,#1103,#1289,.T.);
#848=EDGE_CURVE('',#1111,#1115,#1290,.T.);
#849=EDGE_CURVE('',#1054,#1115,#1291,.F.);
#850=EDGE_CURVE('',#1116,#1053,#1292,.T.);
#851=EDGE_CURVE('',#1116,#1114,#1293,.T.);
#852=EDGE_CURVE('',#1117,#1117,#187,.F.);
#853=EDGE_CURVE('',#1118,#1118,#188,.F.);
#854=EDGE_CURVE('',#1119,#1119,#189,.T.);
#855=EDGE_CURVE('',#1120,#1120,#190,.F.);
#856=EDGE_CURVE('',#1121,#1121,#191,.T.);
#857=EDGE_CURVE('',#1086,#1091,#1294,.T.);
#858=EDGE_CURVE('',#1088,#1092,#1295,.T.);
#859=EDGE_CURVE('',#1122,#1085,#1296,.T.);
#860=EDGE_CURVE('',#1123,#1122,#1297,.T.);
#861=EDGE_CURVE('',#1123,#1124,#192,.T.);
#862=EDGE_CURVE('',#1124,#1125,#1298,.T.);
#863=EDGE_CURVE('',#1126,#1125,#1299,.T.);
#864=EDGE_CURVE('',#1126,#1087,#1300,.T.);
#865=EDGE_CURVE('',#1127,#1127,#193,.T.);
#866=EDGE_CURVE('',#1128,#1129,#1301,.T.);
#867=EDGE_CURVE('',#1129,#1130,#194,.F.);
#868=EDGE_CURVE('',#1130,#1131,#1302,.T.);
#869=EDGE_CURVE('',#1131,#1128,#195,.F.);
#870=EDGE_CURVE('',#1132,#1133,#196,.T.);
#871=EDGE_CURVE('',#1133,#1134,#197,.T.);
#872=EDGE_CURVE('',#1134,#1135,#198,.T.);
#873=EDGE_CURVE('',#1135,#1132,#199,.T.);
#874=EDGE_CURVE('',#1073,#1136,#1303,.T.);
#875=EDGE_CURVE('',#1059,#1136,#1304,.T.);
#876=EDGE_CURVE('',#1058,#1137,#1305,.T.);
#877=EDGE_CURVE('',#1124,#1137,#1306,.T.);
#878=EDGE_CURVE('',#1123,#1138,#1307,.T.);
#879=EDGE_CURVE('',#1099,#1138,#1308,.T.);
#880=EDGE_CURVE('',#1098,#1139,#1309,.T.);
#881=EDGE_CURVE('',#1074,#1139,#1310,.T.);
#882=EDGE_CURVE('',#1140,#1111,#1311,.F.);
#883=EDGE_CURVE('',#1140,#1141,#1312,.T.);
#884=EDGE_CURVE('',#1142,#1141,#1313,.T.);
#885=EDGE_CURVE('',#1142,#1115,#1314,.T.);
#886=EDGE_CURVE('',#1093,#1143,#1315,.T.);
#887=EDGE_CURVE('',#1143,#1144,#1316,.T.);
#888=EDGE_CURVE('',#1144,#1094,#1317,.T.);
#889=EDGE_CURVE('',#1143,#1126,#1318,.T.);
#890=EDGE_CURVE('',#1145,#1058,#1319,.F.);
#891=EDGE_CURVE('',#1146,#1145,#1320,.T.);
#892=EDGE_CURVE('',#1146,#1147,#1321,.T.);
#893=EDGE_CURVE('',#1147,#1137,#1322,.T.);
#894=EDGE_CURVE('',#1148,#1095,#1323,.F.);
#895=EDGE_CURVE('',#1125,#1144,#1324,.T.);
#896=EDGE_CURVE('',#1147,#1149,#1325,.F.);
#897=EDGE_CURVE('',#1149,#1148,#1326,.F.);
#898=EDGE_CURVE('',#1150,#1149,#1327,.F.);
#899=EDGE_CURVE('',#1151,#1150,#1328,.F.);
#900=EDGE_CURVE('',#1151,#1148,#1329,.T.);
#901=EDGE_CURVE('',#1152,#1109,#1330,.T.);
#902=EDGE_CURVE('',#1152,#1151,#1331,.F.);
#903=EDGE_CURVE('',#1110,#1153,#1332,.F.);
#904=EDGE_CURVE('',#1141,#1152,#1333,.F.);
#905=EDGE_CURVE('',#1153,#1140,#1334,.F.);
#906=EDGE_CURVE('',#1150,#1146,#1335,.F.);
#907=EDGE_CURVE('',#1115,#1154,#1336,.T.);
#908=EDGE_CURVE('',#1154,#1155,#1337,.F.);
#909=EDGE_CURVE('',#1155,#1156,#1338,.F.);
#910=EDGE_CURVE('',#1156,#1057,#1339,.T.);
#911=EDGE_CURVE('',#1157,#1156,#1340,.F.);
#912=EDGE_CURVE('',#1158,#1157,#1341,.T.);
#913=EDGE_CURVE('',#1158,#1057,#1342,.T.);
#914=EDGE_CURVE('',#1159,#1155,#1343,.F.);
#915=EDGE_CURVE('',#1157,#1159,#1344,.T.);
#916=EDGE_CURVE('',#1160,#1154,#1345,.F.);
#917=EDGE_CURVE('',#1159,#1160,#1346,.T.);
#918=EDGE_CURVE('',#1160,#1142,#1347,.T.);
#919=EDGE_CURVE('',#1145,#1158,#1348,.T.);
#920=EDGE_CURVE('',#1161,#1089,#1349,.F.);
#921=EDGE_CURVE('',#1161,#1162,#1350,.T.);
#922=EDGE_CURVE('',#1163,#1162,#1351,.T.);
#923=EDGE_CURVE('',#1163,#1090,#1352,.T.);
#924=EDGE_CURVE('',#1081,#1164,#1353,.T.);
#925=EDGE_CURVE('',#1164,#1165,#1354,.T.);
#926=EDGE_CURVE('',#1165,#1082,#1355,.T.);
#927=EDGE_CURVE('',#1164,#1101,#1356,.T.);
#928=EDGE_CURVE('',#1166,#1123,#1357,.F.);
#929=EDGE_CURVE('',#1167,#1166,#1358,.T.);
#930=EDGE_CURVE('',#1167,#1168,#1359,.T.);
#931=EDGE_CURVE('',#1168,#1138,#1360,.T.);
#932=EDGE_CURVE('',#1169,#1083,#1361,.F.);
#933=EDGE_CURVE('',#1100,#1165,#1362,.T.);
#934=EDGE_CURVE('',#1168,#1170,#1363,.F.);
#935=EDGE_CURVE('',#1170,#1169,#1364,.F.);
#936=EDGE_CURVE('',#1171,#1170,#1365,.F.);
#937=EDGE_CURVE('',#1172,#1171,#1366,.F.);
#938=EDGE_CURVE('',#1172,#1169,#1367,.T.);
#939=EDGE_CURVE('',#1173,#1107,#1368,.T.);
#940=EDGE_CURVE('',#1173,#1172,#1369,.F.);
#941=EDGE_CURVE('',#1108,#1174,#1370,.F.);
#942=EDGE_CURVE('',#1162,#1173,#1371,.F.);
#943=EDGE_CURVE('',#1174,#1161,#1372,.F.);
#944=EDGE_CURVE('',#1171,#1167,#1373,.F.);
#945=EDGE_CURVE('',#1090,#1175,#1374,.T.);
#946=EDGE_CURVE('',#1175,#1176,#1375,.F.);
#947=EDGE_CURVE('',#1176,#1177,#1376,.F.);
#948=EDGE_CURVE('',#1177,#1122,#1377,.T.);
#949=EDGE_CURVE('',#1178,#1177,#1378,.F.);
#950=EDGE_CURVE('',#1179,#1178,#1379,.T.);
#951=EDGE_CURVE('',#1179,#1122,#1380,.T.);
#952=EDGE_CURVE('',#1180,#1176,#1381,.F.);
#953=EDGE_CURVE('',#1178,#1180,#1382,.T.);
#954=EDGE_CURVE('',#1181,#1175,#1383,.F.);
#955=EDGE_CURVE('',#1180,#1181,#1384,.T.);
#956=EDGE_CURVE('',#1181,#1163,#1385,.T.);
#957=EDGE_CURVE('',#1166,#1179,#1386,.T.);
#958=EDGE_CURVE('',#1182,#1077,#1387,.F.);
#959=EDGE_CURVE('',#1182,#1183,#1388,.T.);
#960=EDGE_CURVE('',#1184,#1183,#1389,.T.);
#961=EDGE_CURVE('',#1184,#1078,#1390,.T.);
#962=EDGE_CURVE('',#1064,#1185,#1391,.T.);
#963=EDGE_CURVE('',#1185,#1186,#1392,.T.);
#964=EDGE_CURVE('',#1186,#1065,#1393,.T.);
#965=EDGE_CURVE('',#1187,#1098,#1394,.F.);
#966=EDGE_CURVE('',#1188,#1187,#1395,.T.);
#967=EDGE_CURVE('',#1188,#1189,#1396,.T.);
#968=EDGE_CURVE('',#1189,#1139,#1397,.T.);
#969=EDGE_CURVE('',#1190,#1066,#1398,.F.);
#970=EDGE_CURVE('',#1075,#1186,#1399,.T.);
#971=EDGE_CURVE('',#1189,#1191,#1400,.F.);
#972=EDGE_CURVE('',#1191,#1190,#1401,.F.);
#973=EDGE_CURVE('',#1192,#1191,#1402,.F.);
#974=EDGE_CURVE('',#1193,#1192,#1403,.F.);
#975=EDGE_CURVE('',#1193,#1190,#1404,.T.);
#976=EDGE_CURVE('',#1194,#1105,#1405,.T.);
#977=EDGE_CURVE('',#1194,#1193,#1406,.F.);
#978=EDGE_CURVE('',#1106,#1195,#1407,.F.);
#979=EDGE_CURVE('',#1183,#1194,#1408,.F.);
#980=EDGE_CURVE('',#1195,#1182,#1409,.F.);
#981=EDGE_CURVE('',#1192,#1188,#1410,.F.);
#982=EDGE_CURVE('',#1185,#1076,#1411,.T.);
#983=EDGE_CURVE('',#1078,#1196,#1412,.T.);
#984=EDGE_CURVE('',#1196,#1197,#1413,.F.);
#985=EDGE_CURVE('',#1197,#1198,#1414,.F.);
#986=EDGE_CURVE('',#1198,#1097,#1415,.T.);
#987=EDGE_CURVE('',#1199,#1198,#1416,.F.);
#988=EDGE_CURVE('',#1200,#1199,#1417,.T.);
#989=EDGE_CURVE('',#1200,#1097,#1418,.T.);
#990=EDGE_CURVE('',#1201,#1197,#1419,.F.);
#991=EDGE_CURVE('',#1199,#1201,#1420,.T.);
#992=EDGE_CURVE('',#1202,#1196,#1421,.F.);
#993=EDGE_CURVE('',#1201,#1202,#1422,.T.);
#994=EDGE_CURVE('',#1202,#1184,#1423,.T.);
#995=EDGE_CURVE('',#1187,#1200,#1424,.T.);
#996=EDGE_CURVE('',#1203,#1060,#1425,.F.);
#997=EDGE_CURVE('',#1203,#1204,#1426,.T.);
#998=EDGE_CURVE('',#1205,#1204,#1427,.T.);
#999=EDGE_CURVE('',#1205,#1061,#1428,.T.);
#1000=EDGE_CURVE('',#1116,#1206,#1429,.T.);
#1001=EDGE_CURVE('',#1206,#1207,#1430,.T.);
#1002=EDGE_CURVE('',#1207,#1114,#1431,.T.);
#1003=EDGE_CURVE('',#1208,#1073,#1432,.F.);
#1004=EDGE_CURVE('',#1209,#1208,#1433,.T.);
#1005=EDGE_CURVE('',#1209,#1210,#1434,.T.);
#1006=EDGE_CURVE('',#1210,#1136,#1435,.T.);
#1007=EDGE_CURVE('',#1211,#1113,#1436,.F.);
#1008=EDGE_CURVE('',#1056,#1207,#1437,.T.);
#1009=EDGE_CURVE('',#1210,#1212,#1438,.F.);
#1010=EDGE_CURVE('',#1212,#1211,#1439,.F.);
#1011=EDGE_CURVE('',#1213,#1212,#1440,.F.);
#1012=EDGE_CURVE('',#1214,#1213,#1441,.F.);
#1013=EDGE_CURVE('',#1214,#1211,#1442,.T.);
#1014=EDGE_CURVE('',#1215,#1102,#1443,.T.);
#1015=EDGE_CURVE('',#1215,#1214,#1444,.F.);
#1016=EDGE_CURVE('',#1104,#1216,#1445,.F.);
#1017=EDGE_CURVE('',#1204,#1215,#1446,.F.);
#1018=EDGE_CURVE('',#1216,#1203,#1447,.F.);
#1019=EDGE_CURVE('',#1213,#1209,#1448,.F.);
#1020=EDGE_CURVE('',#1206,#1055,#1449,.T.);
#1021=EDGE_CURVE('',#1061,#1217,#1450,.T.);
#1022=EDGE_CURVE('',#1217,#1218,#1451,.F.);
#1023=EDGE_CURVE('',#1218,#1219,#1452,.F.);
#1024=EDGE_CURVE('',#1219,#1072,#1453,.T.);
#1025=EDGE_CURVE('',#1220,#1219,#1454,.F.);
#1026=EDGE_CURVE('',#1221,#1220,#1455,.T.);
#1027=EDGE_CURVE('',#1221,#1072,#1456,.T.);
#1028=EDGE_CURVE('',#1222,#1218,#1457,.F.);
#1029=EDGE_CURVE('',#1220,#1222,#1458,.T.);
#1030=EDGE_CURVE('',#1223,#1217,#1459,.F.);
#1031=EDGE_CURVE('',#1222,#1223,#1460,.T.);
#1032=EDGE_CURVE('',#1223,#1205,#1461,.T.);
#1033=EDGE_CURVE('',#1208,#1221,#1462,.T.);
#1034=EDGE_CURVE('',#1224,#1224,#200,.F.);
#1035=EDGE_CURVE('',#1225,#1225,#201,.F.);
#1036=EDGE_CURVE('',#1226,#1226,#202,.F.);
#1037=EDGE_CURVE('',#1227,#1227,#203,.F.);
#1038=EDGE_CURVE('',#1135,#1134,#204,.T.);
#1039=EDGE_CURVE('',#1133,#1132,#205,.T.);
#1040=EDGE_CURVE('',#1131,#1134,#206,.T.);
#1041=EDGE_CURVE('',#1135,#1130,#207,.F.);
#1042=EDGE_CURVE('',#1132,#1129,#208,.T.);
#1043=EDGE_CURVE('',#1128,#1133,#209,.T.);
#1044=EDGE_CURVE('',#1228,#1228,#210,.F.);
#1045=VERTEX_POINT('',#2131);
#1046=VERTEX_POINT('',#2132);
#1047=VERTEX_POINT('',#2134);
#1048=VERTEX_POINT('',#2139);
#1049=VERTEX_POINT('',#2146);
#1050=VERTEX_POINT('',#2147);
#1051=VERTEX_POINT('',#2149);
#1052=VERTEX_POINT('',#2154);
#1053=VERTEX_POINT('',#2162);
#1054=VERTEX_POINT('',#2164);
#1055=VERTEX_POINT('',#2177);
#1056=VERTEX_POINT('',#2178);
#1057=VERTEX_POINT('',#2247);
#1058=VERTEX_POINT('',#2252);
#1059=VERTEX_POINT('',#2254);
#1060=VERTEX_POINT('',#2264);
#1061=VERTEX_POINT('',#2265);
#1062=VERTEX_POINT('',#2270);
#1063=VERTEX_POINT('',#2272);
#1064=VERTEX_POINT('',#2277);
#1065=VERTEX_POINT('',#2282);
#1066=VERTEX_POINT('',#2287);
#1067=VERTEX_POINT('',#2292);
#1068=VERTEX_POINT('',#2299);
#1069=VERTEX_POINT('',#2300);
#1070=VERTEX_POINT('',#2302);
#1071=VERTEX_POINT('',#2307);
#1072=VERTEX_POINT('',#2383);
#1073=VERTEX_POINT('',#2388);
#1074=VERTEX_POINT('',#2390);
#1075=VERTEX_POINT('',#2395);
#1076=VERTEX_POINT('',#2400);
#1077=VERTEX_POINT('',#2413);
#1078=VERTEX_POINT('',#2414);
#1079=VERTEX_POINT('',#2419);
#1080=VERTEX_POINT('',#2421);
#1081=VERTEX_POINT('',#2426);
#1082=VERTEX_POINT('',#2431);
#1083=VERTEX_POINT('',#2436);
#1084=VERTEX_POINT('',#2441);
#1085=VERTEX_POINT('',#2448);
#1086=VERTEX_POINT('',#2449);
#1087=VERTEX_POINT('',#2451);
#1088=VERTEX_POINT('',#2456);
#1089=VERTEX_POINT('',#2463);
#1090=VERTEX_POINT('',#2464);
#1091=VERTEX_POINT('',#2469);
#1092=VERTEX_POINT('',#2471);
#1093=VERTEX_POINT('',#2476);
#1094=VERTEX_POINT('',#2481);
#1095=VERTEX_POINT('',#2486);
#1096=VERTEX_POINT('',#2491);
#1097=VERTEX_POINT('',#2567);
#1098=VERTEX_POINT('',#2572);
#1099=VERTEX_POINT('',#2574);
#1100=VERTEX_POINT('',#2579);
#1101=VERTEX_POINT('',#2584);
#1102=VERTEX_POINT('',#2597);
#1103=VERTEX_POINT('',#2598);
#1104=VERTEX_POINT('',#2603);
#1105=VERTEX_POINT('',#2612);
#1106=VERTEX_POINT('',#2617);
#1107=VERTEX_POINT('',#2626);
#1108=VERTEX_POINT('',#2631);
#1109=VERTEX_POINT('',#2640);
#1110=VERTEX_POINT('',#2645);
#1111=VERTEX_POINT('',#2650);
#1112=VERTEX_POINT('',#2653);
#1113=VERTEX_POINT('',#2659);
#1114=VERTEX_POINT('',#2660);
#1115=VERTEX_POINT('',#2669);
#1116=VERTEX_POINT('',#2678);
#1117=VERTEX_POINT('',#2685);
#1118=VERTEX_POINT('',#2688);
#1119=VERTEX_POINT('',#2690);
#1120=VERTEX_POINT('',#2693);
#1121=VERTEX_POINT('',#2695);
#1122=VERTEX_POINT('',#2770);
#1123=VERTEX_POINT('',#2775);
#1124=VERTEX_POINT('',#2777);
#1125=VERTEX_POINT('',#2782);
#1126=VERTEX_POINT('',#2787);
#1127=VERTEX_POINT('',#2797);
#1128=VERTEX_POINT('',#2802);
#1129=VERTEX_POINT('',#2803);
#1130=VERTEX_POINT('',#2805);
#1131=VERTEX_POINT('',#2811);
#1132=VERTEX_POINT('',#2815);
#1133=VERTEX_POINT('',#2816);
#1134=VERTEX_POINT('',#2818);
#1135=VERTEX_POINT('',#2820);
#1136=VERTEX_POINT('',#2826);
#1137=VERTEX_POINT('',#2835);
#1138=VERTEX_POINT('',#2844);
#1139=VERTEX_POINT('',#2853);
#1140=VERTEX_POINT('',#2870);
#1141=VERTEX_POINT('',#2875);
#1142=VERTEX_POINT('',#2880);
#1143=VERTEX_POINT('',#2988);
#1144=VERTEX_POINT('',#2993);
#1145=VERTEX_POINT('',#3055);
#1146=VERTEX_POINT('',#3060);
#1147=VERTEX_POINT('',#3066);
#1148=VERTEX_POINT('',#3115);
#1149=VERTEX_POINT('',#3124);
#1150=VERTEX_POINT('',#3227);
#1151=VERTEX_POINT('',#3233);
#1152=VERTEX_POINT('',#3415);
#1153=VERTEX_POINT('',#3480);
#1154=VERTEX_POINT('',#3555);
#1155=VERTEX_POINT('',#3569);
#1156=VERTEX_POINT('',#3574);
#1157=VERTEX_POINT('',#3591);
#1158=VERTEX_POINT('',#3596);
#1159=VERTEX_POINT('',#3613);
#1160=VERTEX_POINT('',#3712);
#1161=VERTEX_POINT('',#3831);
#1162=VERTEX_POINT('',#3836);
#1163=VERTEX_POINT('',#3841);
#1164=VERTEX_POINT('',#3949);
#1165=VERTEX_POINT('',#3954);
#1166=VERTEX_POINT('',#4016);
#1167=VERTEX_POINT('',#4021);
#1168=VERTEX_POINT('',#4027);
#1169=VERTEX_POINT('',#4076);
#1170=VERTEX_POINT('',#4085);
#1171=VERTEX_POINT('',#4188);
#1172=VERTEX_POINT('',#4194);
#1173=VERTEX_POINT('',#4376);
#1174=VERTEX_POINT('',#4441);
#1175=VERTEX_POINT('',#4516);
#1176=VERTEX_POINT('',#4530);
#1177=VERTEX_POINT('',#4535);
#1178=VERTEX_POINT('',#4552);
#1179=VERTEX_POINT('',#4557);
#1180=VERTEX_POINT('',#4574);
#1181=VERTEX_POINT('',#4673);
#1182=VERTEX_POINT('',#4792);
#1183=VERTEX_POINT('',#4797);
#1184=VERTEX_POINT('',#4802);
#1185=VERTEX_POINT('',#4910);
#1186=VERTEX_POINT('',#4915);
#1187=VERTEX_POINT('',#4945);
#1188=VERTEX_POINT('',#4950);
#1189=VERTEX_POINT('',#4956);
#1190=VERTEX_POINT('',#5005);
#1191=VERTEX_POINT('',#5014);
#1192=VERTEX_POINT('',#5117);
#1193=VERTEX_POINT('',#5123);
#1194=VERTEX_POINT('',#5305);
#1195=VERTEX_POINT('',#5370);
#1196=VERTEX_POINT('',#5477);
#1197=VERTEX_POINT('',#5491);
#1198=VERTEX_POINT('',#5496);
#1199=VERTEX_POINT('',#5513);
#1200=VERTEX_POINT('',#5518);
#1201=VERTEX_POINT('',#5535);
#1202=VERTEX_POINT('',#5634);
#1203=VERTEX_POINT('',#5753);
#1204=VERTEX_POINT('',#5758);
#1205=VERTEX_POINT('',#5763);
#1206=VERTEX_POINT('',#5871);
#1207=VERTEX_POINT('',#5876);
#1208=VERTEX_POINT('',#5906);
#1209=VERTEX_POINT('',#5911);
#1210=VERTEX_POINT('',#5917);
#1211=VERTEX_POINT('',#5966);
#1212=VERTEX_POINT('',#5975);
#1213=VERTEX_POINT('',#6078);
#1214=VERTEX_POINT('',#6084);
#1215=VERTEX_POINT('',#6266);
#1216=VERTEX_POINT('',#6331);
#1217=VERTEX_POINT('',#6438);
#1218=VERTEX_POINT('',#6452);
#1219=VERTEX_POINT('',#6457);
#1220=VERTEX_POINT('',#6474);
#1221=VERTEX_POINT('',#6479);
#1222=VERTEX_POINT('',#6496);
#1223=VERTEX_POINT('',#6595);
#1224=VERTEX_POINT('',#6704);
#1225=VERTEX_POINT('',#6706);
#1226=VERTEX_POINT('',#6710);
#1227=VERTEX_POINT('',#6712);
#1228=VERTEX_POINT('',#6753);
#1229=B_SPLINE_CURVE_WITH_KNOTS('',3,(#2127,#2128,#2129,#2130),
 .UNSPECIFIED.,.F.,.F.,(4,4),(0.,1.),.UNSPECIFIED.);
#1230=B_SPLINE_CURVE_WITH_KNOTS('',3,(#2135,#2136,#2137,#2138),
 .UNSPECIFIED.,.F.,.F.,(4,4),(0.000237996621673221,0.00229275435660831),
 .UNSPECIFIED.);
#1231=B_SPLINE_CURVE_WITH_KNOTS('',3,(#2142,#2143,#2144,#2145),
 .UNSPECIFIED.,.F.,.F.,(4,4),(0.000185860533633778,0.00224061815072145),
 .UNSPECIFIED.);
#1232=B_SPLINE_CURVE_WITH_KNOTS('',3,(#2150,#2151,#2152,#2153),
 .UNSPECIFIED.,.F.,.F.,(4,4),(0.,1.),.UNSPECIFIED.);
#1233=B_SPLINE_CURVE_WITH_KNOTS('',3,(#2157,#2158,#2159,#2160,#2161),
 .UNSPECIFIED.,.F.,.F.,(4,1,4),(9.97465998686664E-18,0.00217140721314819,
0.00434281442629638),.UNSPECIFIED.);
#1234=B_SPLINE_CURVE_WITH_KNOTS('',3,(#2165,#2166,#2167,#2168,#2169,#2170,
#2171),.UNSPECIFIED.,.F.,.F.,(4,1,1,1,4),(0.,0.25,0.5,0.75,1.),
 .UNSPECIFIED.);
#1235=B_SPLINE_CURVE_WITH_KNOTS('',3,(#2173,#2174,#2175,#2176),
 .UNSPECIFIED.,.F.,.F.,(4,4),(0.,0.000100064323994535),.UNSPECIFIED.);
#1236=B_SPLINE_CURVE_WITH_KNOTS('',3,(#2179,#2180,#2181,#2182,#2183,#2184,
#2185),.UNSPECIFIED.,.F.,.F.,(4,1,1,1,4),(0.00106743720293941,0.018972213583864,
0.0368769899647885,0.0547817663457131,0.0726865427266376),.UNSPECIFIED.);
#1237=B_SPLINE_CURVE_WITH_KNOTS('',3,(#2186,#2187,#2188,#2189,#2190,#2191,
#2192,#2193,#2194,#2195,#2196,#2197,#2198,#2199,#2200,#2201,#2202,#2203,
#2204,#2205,#2206,#2207,#2208,#2209,#2210,#2211,#2212,#2213,#2214,#2215,
#2216,#2217,#2218,#2219,#2220,#2221,#2222,#2223,#2224,#2225,#2226,#2227,
#2228,#2229,#2230,#2231,#2232,#2233,#2234,#2235,#2236,#2237,#2238,#2239,
#2240,#2241,#2242,#2243,#2244,#2245,#2246),.UNSPECIFIED.,.F.,.F.,(4,1,1,
1,1,1,1,1,1,1,1,1,1,1,1,1,1,1,1,1,1,1,1,1,1,1,1,1,1,1,1,1,1,1,1,1,1,1,1,
1,1,1,1,1,1,1,1,1,1,1,1,1,1,1,1,1,1,1,4),(0.,0.03125,0.0625,0.078125,0.09375,
0.1015625,0.109375,0.1171875,0.12109375,0.123046875,0.125,0.126953125,0.12890625,
0.1328125,0.140625,0.1484375,0.15625,0.171875,0.1875,0.203125,0.21875,0.234375,
0.2421875,0.24609375,0.25,0.25390625,0.2578125,0.265625,0.28125,0.296875,
0.3125,0.34375,0.375,0.4375,0.46875,0.484375,0.4921875,0.5,0.5078125,0.515625,
0.53125,0.5625,0.59375,0.609375,0.625,0.6875,0.71875,0.734375,0.7421875,
0.75,0.7578125,0.765625,0.78125,0.8125,0.828125,0.84375,0.875,0.9375,1.),
 .UNSPECIFIED.);
#1238=B_SPLINE_CURVE_WITH_KNOTS('',3,(#2248,#2249,#2250,#2251),
 .UNSPECIFIED.,.F.,.F.,(4,4),(0.,0.000900443991983116),.UNSPECIFIED.);
#1239=B_SPLINE_CURVE_WITH_KNOTS('',3,(#2255,#2256,#2257,#2258),
 .UNSPECIFIED.,.F.,.F.,(4,4),(0.,0.0010861664878606),.UNSPECIFIED.);
#1240=B_SPLINE_CURVE_WITH_KNOTS('',3,(#2260,#2261,#2262,#2263),
 .UNSPECIFIED.,.F.,.F.,(4,4),(0.,0.00169284771889842),.UNSPECIFIED.);
#1241=B_SPLINE_CURVE_WITH_KNOTS('',3,(#2266,#2267,#2268,#2269),
 .UNSPECIFIED.,.F.,.F.,(4,4),(0.,1.),.UNSPECIFIED.);
#1242=B_SPLINE_CURVE_WITH_KNOTS('',3,(#2273,#2274,#2275,#2276),
 .UNSPECIFIED.,.F.,.F.,(4,4),(0.00216765420239044,0.00392440183082038),
 .UNSPECIFIED.);
#1243=B_SPLINE_CURVE_WITH_KNOTS('',3,(#2278,#2279,#2280,#2281),
 .UNSPECIFIED.,.F.,.F.,(4,4),(0.,0.000105449760540952),.UNSPECIFIED.);
#1244=B_SPLINE_CURVE_WITH_KNOTS('',3,(#2283,#2284,#2285,#2286),
 .UNSPECIFIED.,.F.,.F.,(4,4),(0.000681671787159704,0.00215549315121696),
 .UNSPECIFIED.);
#1245=B_SPLINE_CURVE_WITH_KNOTS('',3,(#2288,#2289,#2290,#2291),
 .UNSPECIFIED.,.F.,.F.,(4,4),(0.,0.000296000947692295),.UNSPECIFIED.);
#1246=B_SPLINE_CURVE_WITH_KNOTS('',3,(#2295,#2296,#2297,#2298),
 .UNSPECIFIED.,.F.,.F.,(4,4),(0.,1.),.UNSPECIFIED.);
#1247=B_SPLINE_CURVE_WITH_KNOTS('',3,(#2303,#2304,#2305,#2306),
 .UNSPECIFIED.,.F.,.F.,(4,4),(0.000239756867792935,0.0022945146059099),
 .UNSPECIFIED.);
#1248=B_SPLINE_CURVE_WITH_KNOTS('',3,(#2310,#2311,#2312,#2313,#2314,#2315,
#2316),.UNSPECIFIED.,.F.,.F.,(4,1,1,1,4),(0.,0.25,0.5,0.75,1.),
 .UNSPECIFIED.);
#1249=B_SPLINE_CURVE_WITH_KNOTS('',3,(#2317,#2318,#2319,#2320,#2321),
 .UNSPECIFIED.,.F.,.F.,(4,1,4),(2.0888836804026E-17,0.00217140721314825,
0.00434281442629647),.UNSPECIFIED.);
#1250=B_SPLINE_CURVE_WITH_KNOTS('',3,(#2323,#2324,#2325,#2326,#2327,#2328,
#2329,#2330,#2331,#2332,#2333,#2334,#2335,#2336,#2337,#2338,#2339,#2340,
#2341,#2342,#2343,#2344,#2345,#2346,#2347,#2348,#2349,#2350,#2351,#2352,
#2353,#2354,#2355,#2356,#2357,#2358,#2359,#2360,#2361,#2362,#2363,#2364,
#2365,#2366,#2367,#2368,#2369,#2370,#2371,#2372,#2373,#2374,#2375,#2376,
#2377,#2378,#2379,#2380,#2381,#2382),.UNSPECIFIED.,.F.,.F.,(4,1,1,1,1,1,
1,1,1,1,1,1,1,1,1,1,1,1,1,1,1,1,1,1,1,1,1,1,1,1,1,1,1,1,1,1,1,1,1,1,1,1,
1,1,1,1,1,1,1,1,1,1,1,1,1,1,1,4),(0.,0.03125,0.0625,0.078125,0.09375,0.1015625,
0.109375,0.1171875,0.12109375,0.123046875,0.125,0.126953125,0.12890625,
0.1328125,0.140625,0.1484375,0.15625,0.171875,0.1875,0.203125,0.21875,0.234375,
0.2421875,0.24609375,0.25,0.25390625,0.2578125,0.265625,0.28125,0.296875,
0.3125,0.34375,0.375,0.4375,0.46875,0.484375,0.4921875,0.5,0.5078125,0.515625,
0.53125,0.5625,0.59375,0.609375,0.625,0.65625,0.6875,0.71875,0.734375,0.7421875,
0.75,0.7578125,0.765625,0.78125,0.8125,0.84375,0.875,1.),.UNSPECIFIED.);
#1251=B_SPLINE_CURVE_WITH_KNOTS('',3,(#2384,#2385,#2386,#2387),
 .UNSPECIFIED.,.F.,.F.,(4,4),(0.,0.000900443991983173),.UNSPECIFIED.);
#1252=B_SPLINE_CURVE_WITH_KNOTS('',3,(#2391,#2392,#2393,#2394),
 .UNSPECIFIED.,.F.,.F.,(4,4),(0.,0.00108616648786064),.UNSPECIFIED.);
#1253=B_SPLINE_CURVE_WITH_KNOTS('',3,(#2396,#2397,#2398,#2399),
 .UNSPECIFIED.,.F.,.F.,(4,4),(0.,0.000100064323994511),.UNSPECIFIED.);
#1254=B_SPLINE_CURVE_WITH_KNOTS('',3,(#2401,#2402,#2403,#2404,#2405,#2406,
#2407),.UNSPECIFIED.,.F.,.F.,(4,1,1,1,4),(0.00106743720293933,0.0189722135838639,
0.0368769899647884,0.054781766345713,0.0726865427266376),.UNSPECIFIED.);
#1255=B_SPLINE_CURVE_WITH_KNOTS('',3,(#2409,#2410,#2411,#2412),
 .UNSPECIFIED.,.F.,.F.,(4,4),(0.,0.00169284771889841),.UNSPECIFIED.);
#1256=B_SPLINE_CURVE_WITH_KNOTS('',3,(#2415,#2416,#2417,#2418),
 .UNSPECIFIED.,.F.,.F.,(4,4),(0.,1.),.UNSPECIFIED.);
#1257=B_SPLINE_CURVE_WITH_KNOTS('',3,(#2422,#2423,#2424,#2425),
 .UNSPECIFIED.,.F.,.F.,(4,4),(0.00216997282246811,0.00392672053874104),
 .UNSPECIFIED.);
#1258=B_SPLINE_CURVE_WITH_KNOTS('',3,(#2427,#2428,#2429,#2430),
 .UNSPECIFIED.,.F.,.F.,(4,4),(0.,0.000105449760540967),.UNSPECIFIED.);
#1259=B_SPLINE_CURVE_WITH_KNOTS('',3,(#2432,#2433,#2434,#2435),
 .UNSPECIFIED.,.F.,.F.,(4,4),(0.000683990136734963,0.00215781166009327),
 .UNSPECIFIED.);
#1260=B_SPLINE_CURVE_WITH_KNOTS('',3,(#2437,#2438,#2439,#2440),
 .UNSPECIFIED.,.F.,.F.,(4,4),(0.,0.000296000947696003),.UNSPECIFIED.);
#1261=B_SPLINE_CURVE_WITH_KNOTS('',3,(#2444,#2445,#2446,#2447),
 .UNSPECIFIED.,.F.,.F.,(4,4),(0.,1.),.UNSPECIFIED.);
#1262=B_SPLINE_CURVE_WITH_KNOTS('',3,(#2452,#2453,#2454,#2455),
 .UNSPECIFIED.,.F.,.F.,(4,4),(0.000239756867792953,0.00229451460590987),
 .UNSPECIFIED.);
#1263=B_SPLINE_CURVE_WITH_KNOTS('',3,(#2459,#2460,#2461,#2462),
 .UNSPECIFIED.,.F.,.F.,(4,4),(0.,0.0016928477188984),.UNSPECIFIED.);
#1264=B_SPLINE_CURVE_WITH_KNOTS('',3,(#2465,#2466,#2467,#2468),
 .UNSPECIFIED.,.F.,.F.,(4,4),(0.,1.),.UNSPECIFIED.);
#1265=B_SPLINE_CURVE_WITH_KNOTS('',3,(#2472,#2473,#2474,#2475),
 .UNSPECIFIED.,.F.,.F.,(4,4),(0.00216997282246842,0.00392672053874869),
 .UNSPECIFIED.);
#1266=B_SPLINE_CURVE_WITH_KNOTS('',3,(#2477,#2478,#2479,#2480),
 .UNSPECIFIED.,.F.,.F.,(4,4),(0.,0.000105449760541479),.UNSPECIFIED.);
#1267=B_SPLINE_CURVE_WITH_KNOTS('',3,(#2482,#2483,#2484,#2485),
 .UNSPECIFIED.,.F.,.F.,(4,4),(0.000683990137439426,0.00215781166009362),
 .UNSPECIFIED.);
#1268=B_SPLINE_CURVE_WITH_KNOTS('',3,(#2487,#2488,#2489,#2490),
 .UNSPECIFIED.,.F.,.F.,(4,4),(0.,0.000296000947696472),.UNSPECIFIED.);
#1269=B_SPLINE_CURVE_WITH_KNOTS('',3,(#2494,#2495,#2496,#2497,#2498,#2499,
#2500),.UNSPECIFIED.,.F.,.F.,(4,1,1,1,4),(0.,0.25,0.5,0.75,1.),
 .UNSPECIFIED.);
#1270=B_SPLINE_CURVE_WITH_KNOTS('',3,(#2501,#2502,#2503,#2504,#2505),
 .UNSPECIFIED.,.F.,.F.,(4,1,4),(3.46944695195361E-18,0.00217140721314842,
0.00434281442629684),.UNSPECIFIED.);
#1271=B_SPLINE_CURVE_WITH_KNOTS('',3,(#2507,#2508,#2509,#2510,#2511,#2512,
#2513,#2514,#2515,#2516,#2517,#2518,#2519,#2520,#2521,#2522,#2523,#2524,
#2525,#2526,#2527,#2528,#2529,#2530,#2531,#2532,#2533,#2534,#2535,#2536,
#2537,#2538,#2539,#2540,#2541,#2542,#2543,#2544,#2545,#2546,#2547,#2548,
#2549,#2550,#2551,#2552,#2553,#2554,#2555,#2556,#2557,#2558,#2559,#2560,
#2561,#2562,#2563,#2564,#2565,#2566),.UNSPECIFIED.,.F.,.F.,(4,1,1,1,1,1,
1,1,1,1,1,1,1,1,1,1,1,1,1,1,1,1,1,1,1,1,1,1,1,1,1,1,1,1,1,1,1,1,1,1,1,1,
1,1,1,1,1,1,1,1,1,1,1,1,1,1,1,4),(0.,0.03125,0.0625,0.078125,0.09375,0.1015625,
0.109375,0.1171875,0.12109375,0.123046875,0.125,0.126953125,0.12890625,
0.1328125,0.140625,0.1484375,0.15625,0.171875,0.1875,0.203125,0.21875,0.234375,
0.2421875,0.24609375,0.25,0.25390625,0.2578125,0.265625,0.28125,0.296875,
0.3125,0.34375,0.375,0.4375,0.46875,0.484375,0.4921875,0.5,0.5078125,0.515625,
0.53125,0.5625,0.59375,0.609375,0.625,0.65625,0.6875,0.71875,0.734375,0.7421875,
0.75,0.7578125,0.765625,0.78125,0.8125,0.84375,0.875,1.),.UNSPECIFIED.);
#1272=B_SPLINE_CURVE_WITH_KNOTS('',3,(#2568,#2569,#2570,#2571),
 .UNSPECIFIED.,.F.,.F.,(4,4),(0.,0.000900443991982974),.UNSPECIFIED.);
#1273=B_SPLINE_CURVE_WITH_KNOTS('',3,(#2575,#2576,#2577,#2578),
 .UNSPECIFIED.,.F.,.F.,(4,4),(0.,0.00108616648786061),.UNSPECIFIED.);
#1274=B_SPLINE_CURVE_WITH_KNOTS('',3,(#2580,#2581,#2582,#2583),
 .UNSPECIFIED.,.F.,.F.,(4,4),(0.,0.000100064323994537),.UNSPECIFIED.);
#1275=B_SPLINE_CURVE_WITH_KNOTS('',3,(#2585,#2586,#2587,#2588,#2589,#2590,
#2591),.UNSPECIFIED.,.F.,.F.,(4,1,1,1,4),(0.00106743720293933,0.0189722135838639,
0.0368769899647885,0.054781766345713,0.0726865427266376),.UNSPECIFIED.);
#1276=B_SPLINE_CURVE_WITH_KNOTS('',3,(#2593,#2594,#2595,#2596),
 .UNSPECIFIED.,.F.,.F.,(4,4),(0.,0.000274893188488875),.UNSPECIFIED.);
#1277=B_SPLINE_CURVE_WITH_KNOTS('',3,(#2599,#2600,#2601,#2602),
 .UNSPECIFIED.,.F.,.F.,(4,4),(2.4800849335572E-5,9.07763663399714E-5),
 .UNSPECIFIED.);
#1278=B_SPLINE_CURVE_WITH_KNOTS('',3,(#2604,#2605,#2606,#2607),
 .UNSPECIFIED.,.F.,.F.,(4,4),(0.,0.000908432793138868),.UNSPECIFIED.);
#1279=B_SPLINE_CURVE_WITH_KNOTS('',3,(#2608,#2609,#2610,#2611),
 .UNSPECIFIED.,.F.,.F.,(4,4),(0.,0.000274893188487265),.UNSPECIFIED.);
#1280=B_SPLINE_CURVE_WITH_KNOTS('',3,(#2613,#2614,#2615,#2616),
 .UNSPECIFIED.,.F.,.F.,(4,4),(2.48008493355663E-5,9.07763663414973E-5),
 .UNSPECIFIED.);
#1281=B_SPLINE_CURVE_WITH_KNOTS('',3,(#2618,#2619,#2620,#2621),
 .UNSPECIFIED.,.F.,.F.,(4,4),(0.,0.000908432793138598),.UNSPECIFIED.);
#1282=B_SPLINE_CURVE_WITH_KNOTS('',3,(#2622,#2623,#2624,#2625),
 .UNSPECIFIED.,.F.,.F.,(4,4),(0.,0.000274893188484452),.UNSPECIFIED.);
#1283=B_SPLINE_CURVE_WITH_KNOTS('',3,(#2627,#2628,#2629,#2630),
 .UNSPECIFIED.,.F.,.F.,(4,4),(2.48008493356151E-5,9.07763663392214E-5),
 .UNSPECIFIED.);
#1284=B_SPLINE_CURVE_WITH_KNOTS('',3,(#2632,#2633,#2634,#2635),
 .UNSPECIFIED.,.F.,.F.,(4,4),(0.,0.000908432793138345),.UNSPECIFIED.);
#1285=B_SPLINE_CURVE_WITH_KNOTS('',3,(#2636,#2637,#2638,#2639),
 .UNSPECIFIED.,.F.,.F.,(4,4),(0.,0.00027489318848638),.UNSPECIFIED.);
#1286=B_SPLINE_CURVE_WITH_KNOTS('',3,(#2641,#2642,#2643,#2644),
 .UNSPECIFIED.,.F.,.F.,(4,4),(2.48008493355407E-5,9.07763663416381E-5),
 .UNSPECIFIED.);
#1287=B_SPLINE_CURVE_WITH_KNOTS('',3,(#2646,#2647,#2648,#2649),
 .UNSPECIFIED.,.F.,.F.,(4,4),(0.,0.000908432793138507),.UNSPECIFIED.);
#1288=B_SPLINE_CURVE_WITH_KNOTS('',3,(#2655,#2656,#2657,#2658),
 .UNSPECIFIED.,.F.,.F.,(4,4),(0.000597428553646561,0.00207124411127942),
 .UNSPECIFIED.);
#1289=B_SPLINE_CURVE_WITH_KNOTS('',3,(#2661,#2662,#2663,#2664),
 .UNSPECIFIED.,.F.,.F.,(4,4),(0.,0.000296000947696081),.UNSPECIFIED.);
#1290=B_SPLINE_CURVE_WITH_KNOTS('',3,(#2665,#2666,#2667,#2668),
 .UNSPECIFIED.,.F.,.F.,(4,4),(0.,0.00169284771889842),.UNSPECIFIED.);
#1291=B_SPLINE_CURVE_WITH_KNOTS('',3,(#2670,#2671,#2672,#2673),
 .UNSPECIFIED.,.F.,.F.,(4,4),(0.,1.),.UNSPECIFIED.);
#1292=B_SPLINE_CURVE_WITH_KNOTS('',3,(#2674,#2675,#2676,#2677),
 .UNSPECIFIED.,.F.,.F.,(4,4),(0.00208340114210191,0.0038401455261088),
 .UNSPECIFIED.);
#1293=B_SPLINE_CURVE_WITH_KNOTS('',3,(#2679,#2680,#2681,#2682),
 .UNSPECIFIED.,.F.,.F.,(4,4),(0.,0.000105449760540947),.UNSPECIFIED.);
#1294=B_SPLINE_CURVE_WITH_KNOTS('',3,(#2697,#2698,#2699,#2700,#2701,#2702,
#2703),.UNSPECIFIED.,.F.,.F.,(4,1,1,1,4),(0.,0.25,0.5,0.75,1.),
 .UNSPECIFIED.);
#1295=B_SPLINE_CURVE_WITH_KNOTS('',3,(#2704,#2705,#2706,#2707,#2708),
 .UNSPECIFIED.,.F.,.F.,(4,1,4),(1.39048664439199E-17,0.00217140721314847,
0.00434281442629692),.UNSPECIFIED.);
#1296=B_SPLINE_CURVE_WITH_KNOTS('',3,(#2710,#2711,#2712,#2713,#2714,#2715,
#2716,#2717,#2718,#2719,#2720,#2721,#2722,#2723,#2724,#2725,#2726,#2727,
#2728,#2729,#2730,#2731,#2732,#2733,#2734,#2735,#2736,#2737,#2738,#2739,
#2740,#2741,#2742,#2743,#2744,#2745,#2746,#2747,#2748,#2749,#2750,#2751,
#2752,#2753,#2754,#2755,#2756,#2757,#2758,#2759,#2760,#2761,#2762,#2763,
#2764,#2765,#2766,#2767,#2768,#2769),.UNSPECIFIED.,.F.,.F.,(4,1,1,1,1,1,
1,1,1,1,1,1,1,1,1,1,1,1,1,1,1,1,1,1,1,1,1,1,1,1,1,1,1,1,1,1,1,1,1,1,1,1,
1,1,1,1,1,1,1,1,1,1,1,1,1,1,1,4),(0.,0.03125,0.0625,0.078125,0.09375,0.1015625,
0.109375,0.1171875,0.12109375,0.123046875,0.125,0.126953125,0.12890625,
0.1328125,0.140625,0.1484375,0.15625,0.171875,0.1875,0.203125,0.21875,0.234375,
0.2421875,0.24609375,0.25,0.25390625,0.2578125,0.265625,0.28125,0.296875,
0.3125,0.34375,0.375,0.4375,0.46875,0.484375,0.4921875,0.5,0.5078125,0.515625,
0.53125,0.5625,0.59375,0.609375,0.625,0.65625,0.6875,0.71875,0.734375,0.7421875,
0.75,0.7578125,0.765625,0.78125,0.8125,0.84375,0.875,1.),.UNSPECIFIED.);
#1297=B_SPLINE_CURVE_WITH_KNOTS('',3,(#2771,#2772,#2773,#2774),
 .UNSPECIFIED.,.F.,.F.,(4,4),(0.,0.000900443991982814),.UNSPECIFIED.);
#1298=B_SPLINE_CURVE_WITH_KNOTS('',3,(#2778,#2779,#2780,#2781),
 .UNSPECIFIED.,.F.,.F.,(4,4),(0.,0.00108616648786069),.UNSPECIFIED.);
#1299=B_SPLINE_CURVE_WITH_KNOTS('',3,(#2783,#2784,#2785,#2786),
 .UNSPECIFIED.,.F.,.F.,(4,4),(0.,0.000100064323994532),.UNSPECIFIED.);
#1300=B_SPLINE_CURVE_WITH_KNOTS('',3,(#2788,#2789,#2790,#2791,#2792,#2793,
#2794),.UNSPECIFIED.,.F.,.F.,(4,1,1,1,4),(0.00106743720293928,0.0189722135838638,
0.0368769899647884,0.054781766345713,0.0726865427266375),.UNSPECIFIED.);
#1301=B_SPLINE_CURVE_WITH_KNOTS('',3,(#2798,#2799,#2800,#2801),
 .UNSPECIFIED.,.F.,.F.,(4,4),(0.,0.000781827188314733),.UNSPECIFIED.);
#1302=B_SPLINE_CURVE_WITH_KNOTS('',3,(#2806,#2807,#2808,#2809,#2810),
 .UNSPECIFIED.,.F.,.F.,(4,1,4),(0.,0.000592030819252935,0.00118406163850587),
 .UNSPECIFIED.);
#1303=B_SPLINE_CURVE_WITH_KNOTS('',3,(#2822,#2823,#2824,#2825),
 .UNSPECIFIED.,.F.,.F.,(4,4),(0.,0.00101640753784563),.UNSPECIFIED.);
#1304=B_SPLINE_CURVE_WITH_KNOTS('',3,(#2827,#2828,#2829,#2830),
 .UNSPECIFIED.,.F.,.F.,(4,4),(0.000111591978319963,0.000197408402638529),
 .UNSPECIFIED.);
#1305=B_SPLINE_CURVE_WITH_KNOTS('',3,(#2831,#2832,#2833,#2834),
 .UNSPECIFIED.,.F.,.F.,(4,4),(0.,0.00101640753784588),.UNSPECIFIED.);
#1306=B_SPLINE_CURVE_WITH_KNOTS('',3,(#2836,#2837,#2838,#2839),
 .UNSPECIFIED.,.F.,.F.,(4,4),(0.000111591978319947,0.000197408402638706),
 .UNSPECIFIED.);
#1307=B_SPLINE_CURVE_WITH_KNOTS('',3,(#2840,#2841,#2842,#2843),
 .UNSPECIFIED.,.F.,.F.,(4,4),(0.,0.00101640753784639),.UNSPECIFIED.);
#1308=B_SPLINE_CURVE_WITH_KNOTS('',3,(#2845,#2846,#2847,#2848),
 .UNSPECIFIED.,.F.,.F.,(4,4),(0.000111591978319936,0.000197408402638864),
 .UNSPECIFIED.);
#1309=B_SPLINE_CURVE_WITH_KNOTS('',3,(#2849,#2850,#2851,#2852),
 .UNSPECIFIED.,.F.,.F.,(4,4),(0.,0.00101640753784625),.UNSPECIFIED.);
#1310=B_SPLINE_CURVE_WITH_KNOTS('',3,(#2854,#2855,#2856,#2857),
 .UNSPECIFIED.,.F.,.F.,(4,4),(0.000111591978319945,0.000197408402638691),
 .UNSPECIFIED.);
#1311=B_SPLINE_CURVE_WITH_KNOTS('',3,(#2866,#2867,#2868,#2869),
 .UNSPECIFIED.,.F.,.F.,(4,4),(1.00000000000002,1.05025906695361),
 .UNSPECIFIED.);
#1312=B_SPLINE_CURVE_WITH_KNOTS('',3,(#2871,#2872,#2873,#2874),
 .UNSPECIFIED.,.F.,.F.,(4,4),(0.,1.),.UNSPECIFIED.);
#1313=B_SPLINE_CURVE_WITH_KNOTS('',3,(#2876,#2877,#2878,#2879),
 .UNSPECIFIED.,.F.,.F.,(4,4),(0.00676325350402522,0.00822538793435429),
 .UNSPECIFIED.);
#1314=B_SPLINE_CURVE_WITH_KNOTS('',3,(#2881,#2882,#2883,#2884),
 .UNSPECIFIED.,.F.,.F.,(4,4),(-0.100000000000014,-6.95277169171504E-15),
 .UNSPECIFIED.);
#1315=B_SPLINE_CURVE_WITH_KNOTS('',3,(#2975,#2976,#2977,#2978,#2979,#2980,
#2981,#2982,#2983,#2984,#2985,#2986,#2987),.UNSPECIFIED.,.F.,.F.,(4,1,1,
1,1,1,1,1,1,1,4),(0.000321469435986956,0.125281285756489,0.25024110207699,
0.375200918397492,0.437680826557743,0.500160734717993,0.562640642878244,
0.625120551038495,0.750080367358997,0.875040183679498,1.),.UNSPECIFIED.);
#1316=B_SPLINE_CURVE_WITH_KNOTS('',3,(#2989,#2990,#2991,#2992),
 .UNSPECIFIED.,.F.,.F.,(4,4),(0.899999999999999,1.),.UNSPECIFIED.);
#1317=B_SPLINE_CURVE_WITH_KNOTS('',3,(#2994,#2995,#2996,#2997,#2998,#2999,
#3000,#3001,#3002,#3003,#3004,#3005,#3006),.UNSPECIFIED.,.F.,.F.,(4,1,1,
1,1,1,1,1,1,1,4),(0.,0.12490535150422,0.24981070300844,0.37471605451266,
0.43716873026477,0.49962140601688,0.56207408176899,0.624526757521101,0.749432109025321,
0.874337460529541,0.999242812033761),.UNSPECIFIED.);
#1318=B_SPLINE_CURVE_WITH_KNOTS('',3,(#3035,#3036,#3037,#3038),
 .UNSPECIFIED.,.F.,.F.,(4,4),(0.,0.992452066395539),.UNSPECIFIED.);
#1319=B_SPLINE_CURVE_WITH_KNOTS('',3,(#3051,#3052,#3053,#3054),
 .UNSPECIFIED.,.F.,.F.,(4,4),(1.0000000000005,1.09999999999999),
 .UNSPECIFIED.);
#1320=B_SPLINE_CURVE_WITH_KNOTS('',3,(#3056,#3057,#3058,#3059),
 .UNSPECIFIED.,.F.,.F.,(4,4),(0.00495230527166158,0.0054985706293788),
 .UNSPECIFIED.);
#1321=B_SPLINE_CURVE_WITH_KNOTS('',3,(#3061,#3062,#3063,#3064,#3065),
 .UNSPECIFIED.,.F.,.F.,(4,1,4),(0.,0.5,1.),.UNSPECIFIED.);
#1322=B_SPLINE_CURVE_WITH_KNOTS('',3,(#3067,#3068,#3069,#3070),
 .UNSPECIFIED.,.F.,.F.,(4,4),(0.498915009330442,0.834950587859058),
 .UNSPECIFIED.);
#1323=B_SPLINE_CURVE_WITH_KNOTS('',3,(#3103,#3104,#3105,#3106,#3107,#3108,
#3109,#3110,#3111,#3112,#3113,#3114),.UNSPECIFIED.,.F.,.F.,(4,1,1,1,1,1,
1,1,1,4),(0.00340849604635331,0.127982434040559,0.252556372034765,0.377130310028971,
0.439417279026074,0.501704248023177,0.626278186017382,0.750852124011588,
0.875426062005794,1.),.UNSPECIFIED.);
#1324=B_SPLINE_CURVE_WITH_KNOTS('',3,(#3116,#3117,#3118,#3119),
 .UNSPECIFIED.,.F.,.F.,(4,4),(0.00806377627832578,1.),.UNSPECIFIED.);
#1325=B_SPLINE_CURVE_WITH_KNOTS('',3,(#3120,#3121,#3122,#3123),
 .UNSPECIFIED.,.F.,.F.,(4,4),(0.,1.),.UNSPECIFIED.);
#1326=B_SPLINE_CURVE_WITH_KNOTS('',3,(#3125,#3126,#3127,#3128,#3129),
 .UNSPECIFIED.,.F.,.F.,(4,1,4),(0.,0.5,1.),.UNSPECIFIED.);
#1327=B_SPLINE_CURVE_WITH_KNOTS('',3,(#3220,#3221,#3222,#3223,#3224,#3225,
#3226),.UNSPECIFIED.,.F.,.F.,(4,1,1,1,4),(0.,0.25,0.5,0.75,1.),
 .UNSPECIFIED.);
#1328=B_SPLINE_CURVE_WITH_KNOTS('',3,(#3228,#3229,#3230,#3231,#3232),
 .UNSPECIFIED.,.F.,.F.,(4,1,4),(0.,0.5,1.),.UNSPECIFIED.);
#1329=B_SPLINE_CURVE_WITH_KNOTS('',3,(#3234,#3235,#3236,#3237,#3238,#3239,
#3240),.UNSPECIFIED.,.F.,.F.,(4,1,1,1,4),(0.,0.25,0.5,0.75,1.),
 .UNSPECIFIED.);
#1330=B_SPLINE_CURVE_WITH_KNOTS('',3,(#3409,#3410,#3411,#3412,#3413,#3414),
 .UNSPECIFIED.,.F.,.F.,(4,1,1,4),(0.,0.383797178758068,0.575695768137102,
0.767594357516136),.UNSPECIFIED.);
#1331=B_SPLINE_CURVE_WITH_KNOTS('',3,(#3416,#3417,#3418,#3419,#3420,#3421,
#3422,#3423,#3424,#3425,#3426,#3427),.UNSPECIFIED.,.F.,.F.,(4,1,1,1,1,1,
1,1,1,4),(0.,0.125,0.25,0.375,0.5,0.5625,0.625,0.75,0.875,1.),
 .UNSPECIFIED.);
#1332=B_SPLINE_CURVE_WITH_KNOTS('',3,(#3476,#3477,#3478,#3479),
 .UNSPECIFIED.,.F.,.F.,(4,4),(0.,0.878559617721011),.UNSPECIFIED.);
#1333=B_SPLINE_CURVE_WITH_KNOTS('',3,(#3481,#3482,#3483,#3484),
 .UNSPECIFIED.,.F.,.F.,(4,4),(0.,1.),.UNSPECIFIED.);
#1334=B_SPLINE_CURVE_WITH_KNOTS('',3,(#3485,#3486,#3487,#3488),
 .UNSPECIFIED.,.F.,.F.,(4,4),(0.,1.),.UNSPECIFIED.);
#1335=B_SPLINE_CURVE_WITH_KNOTS('',3,(#3525,#3526,#3527,#3528),
 .UNSPECIFIED.,.F.,.F.,(4,4),(0.,1.),.UNSPECIFIED.);
#1336=B_SPLINE_CURVE_WITH_KNOTS('',3,(#3551,#3552,#3553,#3554),
 .UNSPECIFIED.,.F.,.F.,(4,4),(0.,1.),.UNSPECIFIED.);
#1337=B_SPLINE_CURVE_WITH_KNOTS('',3,(#3556,#3557,#3558,#3559,#3560,#3561,
#3562,#3563,#3564,#3565,#3566,#3567,#3568),.UNSPECIFIED.,.F.,.F.,(4,1,1,
1,1,1,1,1,1,1,4),(0.,0.125,0.25,0.375,0.4375,0.5,0.5625,0.625,0.75,0.875,
1.),.UNSPECIFIED.);
#1338=B_SPLINE_CURVE_WITH_KNOTS('',3,(#3570,#3571,#3572,#3573),
 .UNSPECIFIED.,.F.,.F.,(4,4),(0.,1.),.UNSPECIFIED.);
#1339=B_SPLINE_CURVE_WITH_KNOTS('',3,(#3575,#3576,#3577,#3578),
 .UNSPECIFIED.,.F.,.F.,(4,4),(0.,1.),.UNSPECIFIED.);
#1340=B_SPLINE_CURVE_WITH_KNOTS('',3,(#3587,#3588,#3589,#3590),
 .UNSPECIFIED.,.F.,.F.,(4,4),(1.,1.10000000000001),.UNSPECIFIED.);
#1341=B_SPLINE_CURVE_WITH_KNOTS('',3,(#3592,#3593,#3594,#3595),
 .UNSPECIFIED.,.F.,.F.,(4,4),(0.00012435439137344,0.000155443086225045),
 .UNSPECIFIED.);
#1342=B_SPLINE_CURVE_WITH_KNOTS('',3,(#3597,#3598,#3599,#3600),
 .UNSPECIFIED.,.F.,.F.,(4,4),(-0.0999999999999962,2.6104118866499E-14),
 .UNSPECIFIED.);
#1343=B_SPLINE_CURVE_WITH_KNOTS('',3,(#3609,#3610,#3611,#3612),
 .UNSPECIFIED.,.F.,.F.,(4,4),(1.,1.1),.UNSPECIFIED.);
#1344=B_SPLINE_CURVE_WITH_KNOTS('',3,(#3614,#3615,#3616,#3617),
 .UNSPECIFIED.,.F.,.F.,(4,4),(0.0173260436533055,0.024330528443423),
 .UNSPECIFIED.);
#1345=B_SPLINE_CURVE_WITH_KNOTS('',3,(#3708,#3709,#3710,#3711),
 .UNSPECIFIED.,.F.,.F.,(4,4),(1.,1.1),.UNSPECIFIED.);
#1346=B_SPLINE_CURVE_WITH_KNOTS('',3,(#3713,#3714,#3715,#3716,#3717,#3718,
#3719,#3720,#3721,#3722,#3723,#3724,#3725),.UNSPECIFIED.,.F.,.F.,(4,1,1,
1,1,1,1,1,1,1,4),(0.0370125897505577,0.0467558392993595,0.0564990888481613,
0.0662423383969631,0.071113963171364,0.0759855879457649,0.0808572127201659,
0.0857288374945668,0.0954720870433686,0.10521533659217,0.114958586140972),
 .UNSPECIFIED.);
#1347=B_SPLINE_CURVE_WITH_KNOTS('',3,(#3738,#3739,#3740,#3741),
 .UNSPECIFIED.,.F.,.F.,(4,4),(0.,0.000276808166986697),.UNSPECIFIED.);
#1348=B_SPLINE_CURVE_WITH_KNOTS('',3,(#3754,#3755,#3756,#3757),
 .UNSPECIFIED.,.F.,.F.,(4,4),(0.0036006850274378,0.00450082366698754),
 .UNSPECIFIED.);
#1349=B_SPLINE_CURVE_WITH_KNOTS('',3,(#3827,#3828,#3829,#3830),
 .UNSPECIFIED.,.F.,.F.,(4,4),(0.999999999999903,1.05025906695361),
 .UNSPECIFIED.);
#1350=B_SPLINE_CURVE_WITH_KNOTS('',3,(#3832,#3833,#3834,#3835),
 .UNSPECIFIED.,.F.,.F.,(4,4),(0.,1.),.UNSPECIFIED.);
#1351=B_SPLINE_CURVE_WITH_KNOTS('',3,(#3837,#3838,#3839,#3840),
 .UNSPECIFIED.,.F.,.F.,(4,4),(0.00676325350402522,0.00822538793435429),
 .UNSPECIFIED.);
#1352=B_SPLINE_CURVE_WITH_KNOTS('',3,(#3842,#3843,#3844,#3845),
 .UNSPECIFIED.,.F.,.F.,(4,4),(-0.100000000000014,-6.95277169171504E-15),
 .UNSPECIFIED.);
#1353=B_SPLINE_CURVE_WITH_KNOTS('',3,(#3936,#3937,#3938,#3939,#3940,#3941,
#3942,#3943,#3944,#3945,#3946,#3947,#3948),.UNSPECIFIED.,.F.,.F.,(4,1,1,
1,1,1,1,1,1,1,4),(0.000321469435987197,0.125281285756489,0.25024110207699,
0.375200918397492,0.437680826557743,0.500160734717994,0.562640642878244,
0.625120551038495,0.750080367358997,0.875040183679498,1.),.UNSPECIFIED.);
#1354=B_SPLINE_CURVE_WITH_KNOTS('',3,(#3950,#3951,#3952,#3953),
 .UNSPECIFIED.,.F.,.F.,(4,4),(0.899999999999999,1.),.UNSPECIFIED.);
#1355=B_SPLINE_CURVE_WITH_KNOTS('',3,(#3955,#3956,#3957,#3958,#3959,#3960,
#3961,#3962,#3963,#3964,#3965,#3966,#3967),.UNSPECIFIED.,.F.,.F.,(4,1,1,
1,1,1,1,1,1,1,4),(0.,0.12490535150422,0.24981070300844,0.374716054512661,
0.437168730264771,0.499621406016881,0.562074081768991,0.624526757521101,
0.749432109025321,0.874337460529542,0.999242812033762),.UNSPECIFIED.);
#1356=B_SPLINE_CURVE_WITH_KNOTS('',3,(#3996,#3997,#3998,#3999),
 .UNSPECIFIED.,.F.,.F.,(4,4),(0.,0.992452066395516),.UNSPECIFIED.);
#1357=B_SPLINE_CURVE_WITH_KNOTS('',3,(#4012,#4013,#4014,#4015),
 .UNSPECIFIED.,.F.,.F.,(4,4),(1.00000000000021,1.09999999999999),
 .UNSPECIFIED.);
#1358=B_SPLINE_CURVE_WITH_KNOTS('',3,(#4017,#4018,#4019,#4020),
 .UNSPECIFIED.,.F.,.F.,(4,4),(0.00495230527166158,0.0054985706293788),
 .UNSPECIFIED.);
#1359=B_SPLINE_CURVE_WITH_KNOTS('',3,(#4022,#4023,#4024,#4025,#4026),
 .UNSPECIFIED.,.F.,.F.,(4,1,4),(0.,0.5,1.),.UNSPECIFIED.);
#1360=B_SPLINE_CURVE_WITH_KNOTS('',3,(#4028,#4029,#4030,#4031),
 .UNSPECIFIED.,.F.,.F.,(4,4),(0.498915009330442,0.834950587859163),
 .UNSPECIFIED.);
#1361=B_SPLINE_CURVE_WITH_KNOTS('',3,(#4064,#4065,#4066,#4067,#4068,#4069,
#4070,#4071,#4072,#4073,#4074,#4075),.UNSPECIFIED.,.F.,.F.,(4,1,1,1,1,1,
1,1,1,4),(0.00340849604635234,0.127982434040558,0.252556372034764,0.37713031002897,
0.439417279026073,0.501704248023176,0.626278186017382,0.750852124011588,
0.875426062005794,1.),.UNSPECIFIED.);
#1362=B_SPLINE_CURVE_WITH_KNOTS('',3,(#4077,#4078,#4079,#4080),
 .UNSPECIFIED.,.F.,.F.,(4,4),(0.00806377627835116,1.),.UNSPECIFIED.);
#1363=B_SPLINE_CURVE_WITH_KNOTS('',3,(#4081,#4082,#4083,#4084),
 .UNSPECIFIED.,.F.,.F.,(4,4),(0.,1.),.UNSPECIFIED.);
#1364=B_SPLINE_CURVE_WITH_KNOTS('',3,(#4086,#4087,#4088,#4089,#4090),
 .UNSPECIFIED.,.F.,.F.,(4,1,4),(0.,0.5,1.),.UNSPECIFIED.);
#1365=B_SPLINE_CURVE_WITH_KNOTS('',3,(#4181,#4182,#4183,#4184,#4185,#4186,
#4187),.UNSPECIFIED.,.F.,.F.,(4,1,1,1,4),(0.,0.25,0.5,0.75,1.),
 .UNSPECIFIED.);
#1366=B_SPLINE_CURVE_WITH_KNOTS('',3,(#4189,#4190,#4191,#4192,#4193),
 .UNSPECIFIED.,.F.,.F.,(4,1,4),(0.,0.5,1.),.UNSPECIFIED.);
#1367=B_SPLINE_CURVE_WITH_KNOTS('',3,(#4195,#4196,#4197,#4198,#4199,#4200,
#4201),.UNSPECIFIED.,.F.,.F.,(4,1,1,1,4),(0.,0.25,0.5,0.75,1.),
 .UNSPECIFIED.);
#1368=B_SPLINE_CURVE_WITH_KNOTS('',3,(#4370,#4371,#4372,#4373,#4374,#4375),
 .UNSPECIFIED.,.F.,.F.,(4,1,1,4),(0.,0.383797178758162,0.575695768137242,
0.767594357516323),.UNSPECIFIED.);
#1369=B_SPLINE_CURVE_WITH_KNOTS('',3,(#4377,#4378,#4379,#4380,#4381,#4382,
#4383,#4384,#4385,#4386,#4387,#4388),.UNSPECIFIED.,.F.,.F.,(4,1,1,1,1,1,
1,1,1,4),(0.,0.125,0.25,0.375,0.5,0.5625,0.625,0.75,0.875,1.),
 .UNSPECIFIED.);
#1370=B_SPLINE_CURVE_WITH_KNOTS('',3,(#4437,#4438,#4439,#4440),
 .UNSPECIFIED.,.F.,.F.,(4,4),(0.,0.878559617721426),.UNSPECIFIED.);
#1371=B_SPLINE_CURVE_WITH_KNOTS('',3,(#4442,#4443,#4444,#4445),
 .UNSPECIFIED.,.F.,.F.,(4,4),(0.,1.),.UNSPECIFIED.);
#1372=B_SPLINE_CURVE_WITH_KNOTS('',3,(#4446,#4447,#4448,#4449),
 .UNSPECIFIED.,.F.,.F.,(4,4),(0.,1.),.UNSPECIFIED.);
#1373=B_SPLINE_CURVE_WITH_KNOTS('',3,(#4486,#4487,#4488,#4489),
 .UNSPECIFIED.,.F.,.F.,(4,4),(0.,1.),.UNSPECIFIED.);
#1374=B_SPLINE_CURVE_WITH_KNOTS('',3,(#4512,#4513,#4514,#4515),
 .UNSPECIFIED.,.F.,.F.,(4,4),(0.,1.),.UNSPECIFIED.);
#1375=B_SPLINE_CURVE_WITH_KNOTS('',3,(#4517,#4518,#4519,#4520,#4521,#4522,
#4523,#4524,#4525,#4526,#4527,#4528,#4529),.UNSPECIFIED.,.F.,.F.,(4,1,1,
1,1,1,1,1,1,1,4),(0.,0.125,0.25,0.375,0.4375,0.5,0.5625,0.625,0.75,0.875,
1.),.UNSPECIFIED.);
#1376=B_SPLINE_CURVE_WITH_KNOTS('',3,(#4531,#4532,#4533,#4534),
 .UNSPECIFIED.,.F.,.F.,(4,4),(0.,1.),.UNSPECIFIED.);
#1377=B_SPLINE_CURVE_WITH_KNOTS('',3,(#4536,#4537,#4538,#4539),
 .UNSPECIFIED.,.F.,.F.,(4,4),(0.,1.),.UNSPECIFIED.);
#1378=B_SPLINE_CURVE_WITH_KNOTS('',3,(#4548,#4549,#4550,#4551),
 .UNSPECIFIED.,.F.,.F.,(4,4),(1.,1.10000000000001),.UNSPECIFIED.);
#1379=B_SPLINE_CURVE_WITH_KNOTS('',3,(#4553,#4554,#4555,#4556),
 .UNSPECIFIED.,.F.,.F.,(4,4),(0.00012435439137344,0.000155443086225045),
 .UNSPECIFIED.);
#1380=B_SPLINE_CURVE_WITH_KNOTS('',3,(#4558,#4559,#4560,#4561),
 .UNSPECIFIED.,.F.,.F.,(4,4),(-0.0999999999999962,2.6104118866499E-14),
 .UNSPECIFIED.);
#1381=B_SPLINE_CURVE_WITH_KNOTS('',3,(#4570,#4571,#4572,#4573),
 .UNSPECIFIED.,.F.,.F.,(4,4),(1.,1.1),.UNSPECIFIED.);
#1382=B_SPLINE_CURVE_WITH_KNOTS('',3,(#4575,#4576,#4577,#4578),
 .UNSPECIFIED.,.F.,.F.,(4,4),(0.0173260436533055,0.024330528443423),
 .UNSPECIFIED.);
#1383=B_SPLINE_CURVE_WITH_KNOTS('',3,(#4669,#4670,#4671,#4672),
 .UNSPECIFIED.,.F.,.F.,(4,4),(1.,1.1),.UNSPECIFIED.);
#1384=B_SPLINE_CURVE_WITH_KNOTS('',3,(#4674,#4675,#4676,#4677,#4678,#4679,
#4680,#4681,#4682,#4683,#4684,#4685,#4686),.UNSPECIFIED.,.F.,.F.,(4,1,1,
1,1,1,1,1,1,1,4),(0.0370125897505577,0.0467558392993595,0.0564990888481613,
0.0662423383969631,0.071113963171364,0.0759855879457649,0.0808572127201659,
0.0857288374945668,0.0954720870433686,0.10521533659217,0.114958586140972),
 .UNSPECIFIED.);
#1385=B_SPLINE_CURVE_WITH_KNOTS('',3,(#4699,#4700,#4701,#4702),
 .UNSPECIFIED.,.F.,.F.,(4,4),(0.,0.000276808166986697),.UNSPECIFIED.);
#1386=B_SPLINE_CURVE_WITH_KNOTS('',3,(#4715,#4716,#4717,#4718),
 .UNSPECIFIED.,.F.,.F.,(4,4),(0.0036006850274378,0.00450082366698754),
 .UNSPECIFIED.);
#1387=B_SPLINE_CURVE_WITH_KNOTS('',3,(#4788,#4789,#4790,#4791),
 .UNSPECIFIED.,.F.,.F.,(4,4),(0.999999999999728,1.05025906695361),
 .UNSPECIFIED.);
#1388=B_SPLINE_CURVE_WITH_KNOTS('',3,(#4793,#4794,#4795,#4796),
 .UNSPECIFIED.,.F.,.F.,(4,4),(0.,1.),.UNSPECIFIED.);
#1389=B_SPLINE_CURVE_WITH_KNOTS('',3,(#4798,#4799,#4800,#4801),
 .UNSPECIFIED.,.F.,.F.,(4,4),(0.00676325350402522,0.00822538793435429),
 .UNSPECIFIED.);
#1390=B_SPLINE_CURVE_WITH_KNOTS('',3,(#4803,#4804,#4805,#4806),
 .UNSPECIFIED.,.F.,.F.,(4,4),(-0.100000000000014,-6.95277169171504E-15),
 .UNSPECIFIED.);
#1391=B_SPLINE_CURVE_WITH_KNOTS('',3,(#4897,#4898,#4899,#4900,#4901,#4902,
#4903,#4904,#4905,#4906,#4907,#4908,#4909),.UNSPECIFIED.,.F.,.F.,(4,1,1,
1,1,1,1,1,1,1,4),(0.00032146943598571,0.125281285756487,0.250241102076989,
0.375200918397491,0.437680826557742,0.500160734717993,0.562640642878244,
0.625120551038495,0.750080367358996,0.875040183679498,1.),.UNSPECIFIED.);
#1392=B_SPLINE_CURVE_WITH_KNOTS('',3,(#4911,#4912,#4913,#4914),
 .UNSPECIFIED.,.F.,.F.,(4,4),(0.899999999999999,1.),.UNSPECIFIED.);
#1393=B_SPLINE_CURVE_WITH_KNOTS('',3,(#4916,#4917,#4918,#4919,#4920,#4921,
#4922,#4923,#4924,#4925,#4926,#4927,#4928),.UNSPECIFIED.,.F.,.F.,(4,1,1,
1,1,1,1,1,1,1,4),(0.,0.12490535150422,0.249810703008441,0.374716054512661,
0.437168730264771,0.499621406016881,0.562074081768991,0.624526757521102,
0.749432109025322,0.874337460529542,0.999242812033763),.UNSPECIFIED.);
#1394=B_SPLINE_CURVE_WITH_KNOTS('',3,(#4941,#4942,#4943,#4944),
 .UNSPECIFIED.,.F.,.F.,(4,4),(1.00000000000045,1.09999999999999),
 .UNSPECIFIED.);
#1395=B_SPLINE_CURVE_WITH_KNOTS('',3,(#4946,#4947,#4948,#4949),
 .UNSPECIFIED.,.F.,.F.,(4,4),(0.00495230527166158,0.0054985706293788),
 .UNSPECIFIED.);
#1396=B_SPLINE_CURVE_WITH_KNOTS('',3,(#4951,#4952,#4953,#4954,#4955),
 .UNSPECIFIED.,.F.,.F.,(4,1,4),(0.,0.5,1.),.UNSPECIFIED.);
#1397=B_SPLINE_CURVE_WITH_KNOTS('',3,(#4957,#4958,#4959,#4960),
 .UNSPECIFIED.,.F.,.F.,(4,4),(0.498915009330442,0.834950587859106),
 .UNSPECIFIED.);
#1398=B_SPLINE_CURVE_WITH_KNOTS('',3,(#4993,#4994,#4995,#4996,#4997,#4998,
#4999,#5000,#5001,#5002,#5003,#5004),.UNSPECIFIED.,.F.,.F.,(4,1,1,1,1,1,
1,1,1,4),(0.00340849604635067,0.127982434040557,0.252556372034763,0.377130310028969,
0.439417279026072,0.501704248023175,0.626278186017382,0.750852124011588,
0.875426062005794,1.),.UNSPECIFIED.);
#1399=B_SPLINE_CURVE_WITH_KNOTS('',3,(#5006,#5007,#5008,#5009),
 .UNSPECIFIED.,.F.,.F.,(4,4),(0.0080637762783267,1.),.UNSPECIFIED.);
#1400=B_SPLINE_CURVE_WITH_KNOTS('',3,(#5010,#5011,#5012,#5013),
 .UNSPECIFIED.,.F.,.F.,(4,4),(0.,1.),.UNSPECIFIED.);
#1401=B_SPLINE_CURVE_WITH_KNOTS('',3,(#5015,#5016,#5017,#5018,#5019),
 .UNSPECIFIED.,.F.,.F.,(4,1,4),(0.,0.5,1.),.UNSPECIFIED.);
#1402=B_SPLINE_CURVE_WITH_KNOTS('',3,(#5110,#5111,#5112,#5113,#5114,#5115,
#5116),.UNSPECIFIED.,.F.,.F.,(4,1,1,1,4),(0.,0.25,0.5,0.75,1.),
 .UNSPECIFIED.);
#1403=B_SPLINE_CURVE_WITH_KNOTS('',3,(#5118,#5119,#5120,#5121,#5122),
 .UNSPECIFIED.,.F.,.F.,(4,1,4),(0.,0.5,1.),.UNSPECIFIED.);
#1404=B_SPLINE_CURVE_WITH_KNOTS('',3,(#5124,#5125,#5126,#5127,#5128,#5129,
#5130),.UNSPECIFIED.,.F.,.F.,(4,1,1,1,4),(0.,0.25,0.5,0.75,1.),
 .UNSPECIFIED.);
#1405=B_SPLINE_CURVE_WITH_KNOTS('',3,(#5299,#5300,#5301,#5302,#5303,#5304),
 .UNSPECIFIED.,.F.,.F.,(4,1,1,4),(0.,0.383797178758288,0.575695768137432,
0.767594357516575),.UNSPECIFIED.);
#1406=B_SPLINE_CURVE_WITH_KNOTS('',3,(#5306,#5307,#5308,#5309,#5310,#5311,
#5312,#5313,#5314,#5315,#5316,#5317),.UNSPECIFIED.,.F.,.F.,(4,1,1,1,1,1,
1,1,1,4),(0.,0.125,0.25,0.375,0.5,0.5625,0.625,0.75,0.875,1.),
 .UNSPECIFIED.);
#1407=B_SPLINE_CURVE_WITH_KNOTS('',3,(#5366,#5367,#5368,#5369),
 .UNSPECIFIED.,.F.,.F.,(4,4),(0.,0.878559617721939),.UNSPECIFIED.);
#1408=B_SPLINE_CURVE_WITH_KNOTS('',3,(#5371,#5372,#5373,#5374),
 .UNSPECIFIED.,.F.,.F.,(4,4),(0.,1.),.UNSPECIFIED.);
#1409=B_SPLINE_CURVE_WITH_KNOTS('',3,(#5375,#5376,#5377,#5378),
 .UNSPECIFIED.,.F.,.F.,(4,4),(0.,1.),.UNSPECIFIED.);
#1410=B_SPLINE_CURVE_WITH_KNOTS('',3,(#5415,#5416,#5417,#5418),
 .UNSPECIFIED.,.F.,.F.,(4,4),(0.,1.),.UNSPECIFIED.);
#1411=B_SPLINE_CURVE_WITH_KNOTS('',3,(#5447,#5448,#5449,#5450),
 .UNSPECIFIED.,.F.,.F.,(4,4),(0.,0.992452066395537),.UNSPECIFIED.);
#1412=B_SPLINE_CURVE_WITH_KNOTS('',3,(#5473,#5474,#5475,#5476),
 .UNSPECIFIED.,.F.,.F.,(4,4),(0.,1.),.UNSPECIFIED.);
#1413=B_SPLINE_CURVE_WITH_KNOTS('',3,(#5478,#5479,#5480,#5481,#5482,#5483,
#5484,#5485,#5486,#5487,#5488,#5489,#5490),.UNSPECIFIED.,.F.,.F.,(4,1,1,
1,1,1,1,1,1,1,4),(0.,0.125,0.25,0.375,0.4375,0.5,0.5625,0.625,0.75,0.875,
1.),.UNSPECIFIED.);
#1414=B_SPLINE_CURVE_WITH_KNOTS('',3,(#5492,#5493,#5494,#5495),
 .UNSPECIFIED.,.F.,.F.,(4,4),(0.,1.),.UNSPECIFIED.);
#1415=B_SPLINE_CURVE_WITH_KNOTS('',3,(#5497,#5498,#5499,#5500),
 .UNSPECIFIED.,.F.,.F.,(4,4),(0.,1.),.UNSPECIFIED.);
#1416=B_SPLINE_CURVE_WITH_KNOTS('',3,(#5509,#5510,#5511,#5512),
 .UNSPECIFIED.,.F.,.F.,(4,4),(1.,1.10000000000001),.UNSPECIFIED.);
#1417=B_SPLINE_CURVE_WITH_KNOTS('',3,(#5514,#5515,#5516,#5517),
 .UNSPECIFIED.,.F.,.F.,(4,4),(0.00012435439137344,0.000155443086225045),
 .UNSPECIFIED.);
#1418=B_SPLINE_CURVE_WITH_KNOTS('',3,(#5519,#5520,#5521,#5522),
 .UNSPECIFIED.,.F.,.F.,(4,4),(-0.0999999999999962,2.6104118866499E-14),
 .UNSPECIFIED.);
#1419=B_SPLINE_CURVE_WITH_KNOTS('',3,(#5531,#5532,#5533,#5534),
 .UNSPECIFIED.,.F.,.F.,(4,4),(1.,1.1),.UNSPECIFIED.);
#1420=B_SPLINE_CURVE_WITH_KNOTS('',3,(#5536,#5537,#5538,#5539),
 .UNSPECIFIED.,.F.,.F.,(4,4),(0.0173260436533055,0.024330528443423),
 .UNSPECIFIED.);
#1421=B_SPLINE_CURVE_WITH_KNOTS('',3,(#5630,#5631,#5632,#5633),
 .UNSPECIFIED.,.F.,.F.,(4,4),(1.,1.1),.UNSPECIFIED.);
#1422=B_SPLINE_CURVE_WITH_KNOTS('',3,(#5635,#5636,#5637,#5638,#5639,#5640,
#5641,#5642,#5643,#5644,#5645,#5646,#5647),.UNSPECIFIED.,.F.,.F.,(4,1,1,
1,1,1,1,1,1,1,4),(0.0370125897505577,0.0467558392993595,0.0564990888481613,
0.0662423383969631,0.071113963171364,0.0759855879457649,0.0808572127201659,
0.0857288374945668,0.0954720870433686,0.10521533659217,0.114958586140972),
 .UNSPECIFIED.);
#1423=B_SPLINE_CURVE_WITH_KNOTS('',3,(#5660,#5661,#5662,#5663),
 .UNSPECIFIED.,.F.,.F.,(4,4),(0.,0.000276808166986697),.UNSPECIFIED.);
#1424=B_SPLINE_CURVE_WITH_KNOTS('',3,(#5676,#5677,#5678,#5679),
 .UNSPECIFIED.,.F.,.F.,(4,4),(0.0036006850274378,0.00450082366698754),
 .UNSPECIFIED.);
#1425=B_SPLINE_CURVE_WITH_KNOTS('',3,(#5749,#5750,#5751,#5752),
 .UNSPECIFIED.,.F.,.F.,(4,4),(0.999999999999923,1.05025906695361),
 .UNSPECIFIED.);
#1426=B_SPLINE_CURVE_WITH_KNOTS('',3,(#5754,#5755,#5756,#5757),
 .UNSPECIFIED.,.F.,.F.,(4,4),(0.,1.),.UNSPECIFIED.);
#1427=B_SPLINE_CURVE_WITH_KNOTS('',3,(#5759,#5760,#5761,#5762),
 .UNSPECIFIED.,.F.,.F.,(4,4),(0.00676325350402522,0.00822538793435429),
 .UNSPECIFIED.);
#1428=B_SPLINE_CURVE_WITH_KNOTS('',3,(#5764,#5765,#5766,#5767),
 .UNSPECIFIED.,.F.,.F.,(4,4),(-0.100000000000014,-6.95277169171504E-15),
 .UNSPECIFIED.);
#1429=B_SPLINE_CURVE_WITH_KNOTS('',3,(#5858,#5859,#5860,#5861,#5862,#5863,
#5864,#5865,#5866,#5867,#5868,#5869,#5870),.UNSPECIFIED.,.F.,.F.,(4,1,1,
1,1,1,1,1,1,1,4),(0.000321469435985503,0.125281285756487,0.250241102076989,
0.375200918397491,0.437680826557742,0.500160734717993,0.562640642878244,
0.625120551038495,0.750080367358996,0.875040183679498,1.),.UNSPECIFIED.);
#1430=B_SPLINE_CURVE_WITH_KNOTS('',3,(#5872,#5873,#5874,#5875),
 .UNSPECIFIED.,.F.,.F.,(4,4),(0.899999999999999,1.),.UNSPECIFIED.);
#1431=B_SPLINE_CURVE_WITH_KNOTS('',3,(#5877,#5878,#5879,#5880,#5881,#5882,
#5883,#5884,#5885,#5886,#5887,#5888,#5889),.UNSPECIFIED.,.F.,.F.,(4,1,1,
1,1,1,1,1,1,1,4),(0.,0.12490535150422,0.24981070300844,0.37471605451266,
0.43716873026477,0.49962140601688,0.56207408176899,0.6245267575211,0.74943210902532,
0.87433746052954,0.99924281203376),.UNSPECIFIED.);
#1432=B_SPLINE_CURVE_WITH_KNOTS('',3,(#5902,#5903,#5904,#5905),
 .UNSPECIFIED.,.F.,.F.,(4,4),(1.00000000000046,1.09999999999999),
 .UNSPECIFIED.);
#1433=B_SPLINE_CURVE_WITH_KNOTS('',3,(#5907,#5908,#5909,#5910),
 .UNSPECIFIED.,.F.,.F.,(4,4),(0.00495230527166158,0.0054985706293788),
 .UNSPECIFIED.);
#1434=B_SPLINE_CURVE_WITH_KNOTS('',3,(#5912,#5913,#5914,#5915,#5916),
 .UNSPECIFIED.,.F.,.F.,(4,1,4),(0.,0.5,1.),.UNSPECIFIED.);
#1435=B_SPLINE_CURVE_WITH_KNOTS('',3,(#5918,#5919,#5920,#5921),
 .UNSPECIFIED.,.F.,.F.,(4,4),(0.498915009330442,0.834950587859055),
 .UNSPECIFIED.);
#1436=B_SPLINE_CURVE_WITH_KNOTS('',3,(#5954,#5955,#5956,#5957,#5958,#5959,
#5960,#5961,#5962,#5963,#5964,#5965),.UNSPECIFIED.,.F.,.F.,(4,1,1,1,1,1,
1,1,1,4),(0.00340849604635288,0.127982434040559,0.252556372034765,0.377130310028971,
0.439417279026074,0.501704248023176,0.626278186017382,0.750852124011588,
0.875426062005794,1.),.UNSPECIFIED.);
#1437=B_SPLINE_CURVE_WITH_KNOTS('',3,(#5967,#5968,#5969,#5970),
 .UNSPECIFIED.,.F.,.F.,(4,4),(0.00806377627830418,1.),.UNSPECIFIED.);
#1438=B_SPLINE_CURVE_WITH_KNOTS('',3,(#5971,#5972,#5973,#5974),
 .UNSPECIFIED.,.F.,.F.,(4,4),(0.,1.),.UNSPECIFIED.);
#1439=B_SPLINE_CURVE_WITH_KNOTS('',3,(#5976,#5977,#5978,#5979,#5980),
 .UNSPECIFIED.,.F.,.F.,(4,1,4),(0.,0.5,1.),.UNSPECIFIED.);
#1440=B_SPLINE_CURVE_WITH_KNOTS('',3,(#6071,#6072,#6073,#6074,#6075,#6076,
#6077),.UNSPECIFIED.,.F.,.F.,(4,1,1,1,4),(0.,0.25,0.5,0.75,1.),
 .UNSPECIFIED.);
#1441=B_SPLINE_CURVE_WITH_KNOTS('',3,(#6079,#6080,#6081,#6082,#6083),
 .UNSPECIFIED.,.F.,.F.,(4,1,4),(0.,0.5,1.),.UNSPECIFIED.);
#1442=B_SPLINE_CURVE_WITH_KNOTS('',3,(#6085,#6086,#6087,#6088,#6089,#6090,
#6091),.UNSPECIFIED.,.F.,.F.,(4,1,1,1,4),(0.,0.25,0.5,0.75,1.),
 .UNSPECIFIED.);
#1443=B_SPLINE_CURVE_WITH_KNOTS('',3,(#6260,#6261,#6262,#6263,#6264,#6265),
 .UNSPECIFIED.,.F.,.F.,(4,1,1,4),(0.,0.383797178758197,0.575695768137295,
0.767594357516394),.UNSPECIFIED.);
#1444=B_SPLINE_CURVE_WITH_KNOTS('',3,(#6267,#6268,#6269,#6270,#6271,#6272,
#6273,#6274,#6275,#6276,#6277,#6278),.UNSPECIFIED.,.F.,.F.,(4,1,1,1,1,1,
1,1,1,4),(0.,0.125,0.25,0.375,0.5,0.5625,0.625,0.75,0.875,1.),
 .UNSPECIFIED.);
#1445=B_SPLINE_CURVE_WITH_KNOTS('',3,(#6327,#6328,#6329,#6330),
 .UNSPECIFIED.,.F.,.F.,(4,4),(0.,0.878559617721594),.UNSPECIFIED.);
#1446=B_SPLINE_CURVE_WITH_KNOTS('',3,(#6332,#6333,#6334,#6335),
 .UNSPECIFIED.,.F.,.F.,(4,4),(0.,1.),.UNSPECIFIED.);
#1447=B_SPLINE_CURVE_WITH_KNOTS('',3,(#6336,#6337,#6338,#6339),
 .UNSPECIFIED.,.F.,.F.,(4,4),(0.,1.),.UNSPECIFIED.);
#1448=B_SPLINE_CURVE_WITH_KNOTS('',3,(#6376,#6377,#6378,#6379),
 .UNSPECIFIED.,.F.,.F.,(4,4),(0.,1.),.UNSPECIFIED.);
#1449=B_SPLINE_CURVE_WITH_KNOTS('',3,(#6408,#6409,#6410,#6411),
 .UNSPECIFIED.,.F.,.F.,(4,4),(0.,0.992452066395563),.UNSPECIFIED.);
#1450=B_SPLINE_CURVE_WITH_KNOTS('',3,(#6434,#6435,#6436,#6437),
 .UNSPECIFIED.,.F.,.F.,(4,4),(0.,1.),.UNSPECIFIED.);
#1451=B_SPLINE_CURVE_WITH_KNOTS('',3,(#6439,#6440,#6441,#6442,#6443,#6444,
#6445,#6446,#6447,#6448,#6449,#6450,#6451),.UNSPECIFIED.,.F.,.F.,(4,1,1,
1,1,1,1,1,1,1,4),(0.,0.125,0.25,0.375,0.4375,0.5,0.5625,0.625,0.75,0.875,
1.),.UNSPECIFIED.);
#1452=B_SPLINE_CURVE_WITH_KNOTS('',3,(#6453,#6454,#6455,#6456),
 .UNSPECIFIED.,.F.,.F.,(4,4),(0.,1.),.UNSPECIFIED.);
#1453=B_SPLINE_CURVE_WITH_KNOTS('',3,(#6458,#6459,#6460,#6461),
 .UNSPECIFIED.,.F.,.F.,(4,4),(0.,1.),.UNSPECIFIED.);
#1454=B_SPLINE_CURVE_WITH_KNOTS('',3,(#6470,#6471,#6472,#6473),
 .UNSPECIFIED.,.F.,.F.,(4,4),(1.,1.10000000000001),.UNSPECIFIED.);
#1455=B_SPLINE_CURVE_WITH_KNOTS('',3,(#6475,#6476,#6477,#6478),
 .UNSPECIFIED.,.F.,.F.,(4,4),(0.00012435439137344,0.000155443086225045),
 .UNSPECIFIED.);
#1456=B_SPLINE_CURVE_WITH_KNOTS('',3,(#6480,#6481,#6482,#6483),
 .UNSPECIFIED.,.F.,.F.,(4,4),(-0.0999999999999962,2.6104118866499E-14),
 .UNSPECIFIED.);
#1457=B_SPLINE_CURVE_WITH_KNOTS('',3,(#6492,#6493,#6494,#6495),
 .UNSPECIFIED.,.F.,.F.,(4,4),(1.,1.1),.UNSPECIFIED.);
#1458=B_SPLINE_CURVE_WITH_KNOTS('',3,(#6497,#6498,#6499,#6500),
 .UNSPECIFIED.,.F.,.F.,(4,4),(0.0173260436533055,0.024330528443423),
 .UNSPECIFIED.);
#1459=B_SPLINE_CURVE_WITH_KNOTS('',3,(#6591,#6592,#6593,#6594),
 .UNSPECIFIED.,.F.,.F.,(4,4),(1.,1.1),.UNSPECIFIED.);
#1460=B_SPLINE_CURVE_WITH_KNOTS('',3,(#6596,#6597,#6598,#6599,#6600,#6601,
#6602,#6603,#6604,#6605,#6606,#6607,#6608),.UNSPECIFIED.,.F.,.F.,(4,1,1,
1,1,1,1,1,1,1,4),(0.0370125897505577,0.0467558392993595,0.0564990888481613,
0.0662423383969631,0.071113963171364,0.0759855879457649,0.0808572127201659,
0.0857288374945668,0.0954720870433686,0.10521533659217,0.114958586140972),
 .UNSPECIFIED.);
#1461=B_SPLINE_CURVE_WITH_KNOTS('',3,(#6621,#6622,#6623,#6624),
 .UNSPECIFIED.,.F.,.F.,(4,4),(0.,0.000276808166986697),.UNSPECIFIED.);
#1462=B_SPLINE_CURVE_WITH_KNOTS('',3,(#6637,#6638,#6639,#6640),
 .UNSPECIFIED.,.F.,.F.,(4,4),(0.0036006850274378,0.00450082366698754),
 .UNSPECIFIED.);
#1463=EDGE_LOOP('',(#211,#212,#213,#214));
#1464=EDGE_LOOP('',(#215,#216,#217,#218));
#1465=EDGE_LOOP('',(#219,#220,#221,#222));
#1466=EDGE_LOOP('',(#223,#224,#225,#226,#227,#228,#229));
#1467=EDGE_LOOP('',(#230,#231,#232,#233,#234,#235,#236,#237));
#1468=EDGE_LOOP('',(#238,#239,#240,#241));
#1469=EDGE_LOOP('',(#242,#243,#244,#245));
#1470=EDGE_LOOP('',(#246,#247,#248,#249,#250,#251,#252));
#1471=EDGE_LOOP('',(#253,#254,#255,#256,#257,#258,#259,#260));
#1472=EDGE_LOOP('',(#261,#262,#263,#264));
#1473=EDGE_LOOP('',(#265,#266,#267,#268,#269,#270,#271,#272));
#1474=EDGE_LOOP('',(#273,#274,#275,#276));
#1475=EDGE_LOOP('',(#277,#278,#279,#280,#281,#282,#283));
#1476=EDGE_LOOP('',(#284,#285,#286,#287,#288,#289,#290,#291,#292,#293,#294,
#295,#296,#297,#298,#299));
#1477=EDGE_LOOP('',(#300));
#1478=EDGE_LOOP('',(#301,#302,#303,#304,#305,#306,#307,#308));
#1479=EDGE_LOOP('',(#309));
#1480=EDGE_LOOP('',(#310));
#1481=EDGE_LOOP('',(#311));
#1482=EDGE_LOOP('',(#312));
#1483=EDGE_LOOP('',(#313));
#1484=EDGE_LOOP('',(#314));
#1485=EDGE_LOOP('',(#315,#316,#317,#318));
#1486=EDGE_LOOP('',(#319,#320,#321,#322,#323,#324,#325));
#1487=EDGE_LOOP('',(#326));
#1488=EDGE_LOOP('',(#327,#328,#329,#330));
#1489=EDGE_LOOP('',(#331,#332,#333,#334));
#1490=EDGE_LOOP('',(#335,#336,#337,#338,#339,#340,#341,#342,#343,#344,#345,
#346));
#1491=EDGE_LOOP('',(#347,#348,#349,#350,#351));
#1492=EDGE_LOOP('',(#352,#353,#354,#355));
#1493=EDGE_LOOP('',(#356,#357,#358,#359,#360,#361));
#1494=EDGE_LOOP('',(#362,#363,#364,#365,#366));
#1495=EDGE_LOOP('',(#367,#368,#369,#370,#371,#372,#373,#374,#375));
#1496=EDGE_LOOP('',(#376,#377,#378,#379));
#1497=EDGE_LOOP('',(#380,#381,#382,#383,#384,#385));
#1498=EDGE_LOOP('',(#386,#387,#388,#389,#390,#391));
#1499=EDGE_LOOP('',(#392,#393,#394,#395));
#1500=EDGE_LOOP('',(#396,#397,#398,#399,#400,#401,#402,#403));
#1501=EDGE_LOOP('',(#404,#405,#406,#407));
#1502=EDGE_LOOP('',(#408,#409,#410,#411));
#1503=EDGE_LOOP('',(#412,#413,#414,#415));
#1504=EDGE_LOOP('',(#416,#417,#418,#419));
#1505=EDGE_LOOP('',(#420,#421,#422,#423));
#1506=EDGE_LOOP('',(#424,#425,#426,#427));
#1507=EDGE_LOOP('',(#428,#429,#430,#431));
#1508=EDGE_LOOP('',(#432,#433,#434,#435,#436,#437,#438,#439,#440,#441,#442));
#1509=EDGE_LOOP('',(#443,#444,#445,#446,#447));
#1510=EDGE_LOOP('',(#448,#449,#450,#451));
#1511=EDGE_LOOP('',(#452,#453,#454,#455,#456,#457));
#1512=EDGE_LOOP('',(#458,#459,#460,#461,#462));
#1513=EDGE_LOOP('',(#463,#464,#465,#466,#467,#468,#469,#470,#471));
#1514=EDGE_LOOP('',(#472,#473,#474,#475));
#1515=EDGE_LOOP('',(#476,#477,#478,#479,#480,#481));
#1516=EDGE_LOOP('',(#482,#483,#484,#485,#486,#487));
#1517=EDGE_LOOP('',(#488,#489,#490,#491));
#1518=EDGE_LOOP('',(#492,#493,#494,#495,#496,#497,#498,#499));
#1519=EDGE_LOOP('',(#500,#501,#502,#503));
#1520=EDGE_LOOP('',(#504,#505,#506,#507));
#1521=EDGE_LOOP('',(#508,#509,#510,#511));
#1522=EDGE_LOOP('',(#512,#513,#514,#515));
#1523=EDGE_LOOP('',(#516,#517,#518,#519));
#1524=EDGE_LOOP('',(#520,#521,#522,#523));
#1525=EDGE_LOOP('',(#524,#525,#526,#527));
#1526=EDGE_LOOP('',(#528,#529,#530,#531,#532,#533,#534,#535,#536,#537,#538));
#1527=EDGE_LOOP('',(#539,#540,#541,#542,#543));
#1528=EDGE_LOOP('',(#544,#545,#546,#547));
#1529=EDGE_LOOP('',(#548,#549,#550,#551,#552));
#1530=EDGE_LOOP('',(#553,#554,#555,#556,#557,#558,#559,#560,#561));
#1531=EDGE_LOOP('',(#562,#563,#564,#565));
#1532=EDGE_LOOP('',(#566,#567,#568,#569,#570,#571));
#1533=EDGE_LOOP('',(#572,#573,#574,#575,#576,#577));
#1534=EDGE_LOOP('',(#578,#579,#580,#581));
#1535=EDGE_LOOP('',(#582,#583,#584,#585,#586,#587));
#1536=EDGE_LOOP('',(#588,#589,#590,#591,#592,#593,#594,#595));
#1537=EDGE_LOOP('',(#596,#597,#598,#599));
#1538=EDGE_LOOP('',(#600,#601,#602,#603));
#1539=EDGE_LOOP('',(#604,#605,#606,#607));
#1540=EDGE_LOOP('',(#608,#609,#610,#611));
#1541=EDGE_LOOP('',(#612,#613,#614,#615));
#1542=EDGE_LOOP('',(#616,#617,#618,#619));
#1543=EDGE_LOOP('',(#620,#621,#622,#623));
#1544=EDGE_LOOP('',(#624,#625,#626,#627,#628,#629,#630,#631,#632,#633,#634));
#1545=EDGE_LOOP('',(#635,#636,#637,#638,#639));
#1546=EDGE_LOOP('',(#640,#641,#642,#643));
#1547=EDGE_LOOP('',(#644,#645,#646,#647,#648));
#1548=EDGE_LOOP('',(#649,#650,#651,#652,#653,#654,#655,#656,#657));
#1549=EDGE_LOOP('',(#658,#659,#660,#661));
#1550=EDGE_LOOP('',(#662,#663,#664,#665,#666,#667));
#1551=EDGE_LOOP('',(#668,#669,#670,#671,#672,#673));
#1552=EDGE_LOOP('',(#674,#675,#676,#677));
#1553=EDGE_LOOP('',(#678,#679,#680,#681,#682,#683));
#1554=EDGE_LOOP('',(#684,#685,#686,#687,#688,#689,#690,#691));
#1555=EDGE_LOOP('',(#692,#693,#694,#695));
#1556=EDGE_LOOP('',(#696,#697,#698,#699));
#1557=EDGE_LOOP('',(#700,#701,#702,#703));
#1558=EDGE_LOOP('',(#704,#705,#706,#707));
#1559=EDGE_LOOP('',(#708,#709,#710,#711));
#1560=EDGE_LOOP('',(#712,#713,#714,#715));
#1561=EDGE_LOOP('',(#716,#717,#718,#719));
#1562=EDGE_LOOP('',(#720,#721,#722,#723,#724,#725,#726,#727,#728,#729,#730));
#1563=EDGE_LOOP('',(#731));
#1564=EDGE_LOOP('',(#732));
#1565=EDGE_LOOP('',(#733));
#1566=EDGE_LOOP('',(#734));
#1567=EDGE_LOOP('',(#735));
#1568=EDGE_LOOP('',(#736));
#1569=EDGE_LOOP('',(#737));
#1570=EDGE_LOOP('',(#738,#739));
#1571=EDGE_LOOP('',(#740));
#1572=EDGE_LOOP('',(#741,#742));
#1573=EDGE_LOOP('',(#743,#744,#745,#746));
#1574=EDGE_LOOP('',(#747,#748,#749,#750));
#1575=EDGE_LOOP('',(#751,#752,#753,#754));
#1576=EDGE_LOOP('',(#755,#756,#757,#758));
#1577=EDGE_LOOP('',(#759));
#1578=EDGE_LOOP('',(#760));
#1579=EDGE_LOOP('',(#761));
#1580=EDGE_LOOP('',(#762));
#1581=EDGE_LOOP('',(#763));
#1582=EDGE_LOOP('',(#764));
#1583=EDGE_LOOP('',(#765));
#1584=EDGE_LOOP('',(#766));
#1585=FACE_BOUND('',#1463,.T.);
#1586=FACE_BOUND('',#1464,.T.);
#1587=FACE_BOUND('',#1465,.T.);
#1588=FACE_BOUND('',#1466,.T.);
#1589=FACE_BOUND('',#1467,.T.);
#1590=FACE_BOUND('',#1468,.T.);
#1591=FACE_BOUND('',#1469,.T.);
#1592=FACE_BOUND('',#1470,.T.);
#1593=FACE_BOUND('',#1471,.T.);
#1594=FACE_BOUND('',#1472,.T.);
#1595=FACE_BOUND('',#1473,.T.);
#1596=FACE_BOUND('',#1474,.T.);
#1597=FACE_BOUND('',#1475,.T.);
#1598=FACE_BOUND('',#1476,.T.);
#1599=FACE_BOUND('',#1477,.T.);
#1600=FACE_BOUND('',#1478,.T.);
#1601=FACE_BOUND('',#1479,.T.);
#1602=FACE_BOUND('',#1480,.T.);
#1603=FACE_BOUND('',#1481,.T.);
#1604=FACE_BOUND('',#1482,.T.);
#1605=FACE_BOUND('',#1483,.T.);
#1606=FACE_BOUND('',#1484,.T.);
#1607=FACE_BOUND('',#1485,.T.);
#1608=FACE_BOUND('',#1486,.T.);
#1609=FACE_BOUND('',#1487,.T.);
#1610=FACE_BOUND('',#1488,.T.);
#1611=FACE_BOUND('',#1489,.T.);
#1612=FACE_BOUND('',#1490,.T.);
#1613=FACE_BOUND('',#1491,.T.);
#1614=FACE_BOUND('',#1492,.T.);
#1615=FACE_BOUND('',#1493,.T.);
#1616=FACE_BOUND('',#1494,.T.);
#1617=FACE_BOUND('',#1495,.T.);
#1618=FACE_BOUND('',#1496,.T.);
#1619=FACE_BOUND('',#1497,.T.);
#1620=FACE_BOUND('',#1498,.T.);
#1621=FACE_BOUND('',#1499,.T.);
#1622=FACE_BOUND('',#1500,.T.);
#1623=FACE_BOUND('',#1501,.T.);
#1624=FACE_BOUND('',#1502,.T.);
#1625=FACE_BOUND('',#1503,.T.);
#1626=FACE_BOUND('',#1504,.T.);
#1627=FACE_BOUND('',#1505,.T.);
#1628=FACE_BOUND('',#1506,.T.);
#1629=FACE_BOUND('',#1507,.T.);
#1630=FACE_BOUND('',#1508,.T.);
#1631=FACE_BOUND('',#1509,.T.);
#1632=FACE_BOUND('',#1510,.T.);
#1633=FACE_BOUND('',#1511,.T.);
#1634=FACE_BOUND('',#1512,.T.);
#1635=FACE_BOUND('',#1513,.T.);
#1636=FACE_BOUND('',#1514,.T.);
#1637=FACE_BOUND('',#1515,.T.);
#1638=FACE_BOUND('',#1516,.T.);
#1639=FACE_BOUND('',#1517,.T.);
#1640=FACE_BOUND('',#1518,.T.);
#1641=FACE_BOUND('',#1519,.T.);
#1642=FACE_BOUND('',#1520,.T.);
#1643=FACE_BOUND('',#1521,.T.);
#1644=FACE_BOUND('',#1522,.T.);
#1645=FACE_BOUND('',#1523,.T.);
#1646=FACE_BOUND('',#1524,.T.);
#1647=FACE_BOUND('',#1525,.T.);
#1648=FACE_BOUND('',#1526,.T.);
#1649=FACE_BOUND('',#1527,.T.);
#1650=FACE_BOUND('',#1528,.T.);
#1651=FACE_BOUND('',#1529,.T.);
#1652=FACE_BOUND('',#1530,.T.);
#1653=FACE_BOUND('',#1531,.T.);
#1654=FACE_BOUND('',#1532,.T.);
#1655=FACE_BOUND('',#1533,.T.);
#1656=FACE_BOUND('',#1534,.T.);
#1657=FACE_BOUND('',#1535,.T.);
#1658=FACE_BOUND('',#1536,.T.);
#1659=FACE_BOUND('',#1537,.T.);
#1660=FACE_BOUND('',#1538,.T.);
#1661=FACE_BOUND('',#1539,.T.);
#1662=FACE_BOUND('',#1540,.T.);
#1663=FACE_BOUND('',#1541,.T.);
#1664=FACE_BOUND('',#1542,.T.);
#1665=FACE_BOUND('',#1543,.T.);
#1666=FACE_BOUND('',#1544,.T.);
#1667=FACE_BOUND('',#1545,.T.);
#1668=FACE_BOUND('',#1546,.T.);
#1669=FACE_BOUND('',#1547,.T.);
#1670=FACE_BOUND('',#1548,.T.);
#1671=FACE_BOUND('',#1549,.T.);
#1672=FACE_BOUND('',#1550,.T.);
#1673=FACE_BOUND('',#1551,.T.);
#1674=FACE_BOUND('',#1552,.T.);
#1675=FACE_BOUND('',#1553,.T.);
#1676=FACE_BOUND('',#1554,.T.);
#1677=FACE_BOUND('',#1555,.T.);
#1678=FACE_BOUND('',#1556,.T.);
#1679=FACE_BOUND('',#1557,.T.);
#1680=FACE_BOUND('',#1558,.T.);
#1681=FACE_BOUND('',#1559,.T.);
#1682=FACE_BOUND('',#1560,.T.);
#1683=FACE_BOUND('',#1561,.T.);
#1684=FACE_BOUND('',#1562,.T.);
#1685=FACE_BOUND('',#1563,.T.);
#1686=FACE_BOUND('',#1564,.T.);
#1687=FACE_BOUND('',#1565,.T.);
#1688=FACE_BOUND('',#1566,.T.);
#1689=FACE_BOUND('',#1567,.T.);
#1690=FACE_BOUND('',#1568,.T.);
#1691=FACE_BOUND('',#1569,.T.);
#1692=FACE_BOUND('',#1570,.T.);
#1693=FACE_BOUND('',#1571,.T.);
#1694=FACE_BOUND('',#1572,.T.);
#1695=FACE_BOUND('',#1573,.T.);
#1696=FACE_BOUND('',#1574,.T.);
#1697=FACE_BOUND('',#1575,.T.);
#1698=FACE_BOUND('',#1576,.T.);
#1699=FACE_BOUND('',#1577,.T.);
#1700=FACE_BOUND('',#1578,.T.);
#1701=FACE_BOUND('',#1579,.T.);
#1702=FACE_BOUND('',#1580,.T.);
#1703=FACE_BOUND('',#1581,.T.);
#1704=FACE_BOUND('',#1582,.T.);
#1705=FACE_BOUND('',#1583,.T.);
#1706=FACE_BOUND('',#1584,.T.);
#1707=PLANE('',#1841);
#1708=PLANE('',#1844);
#1709=PLANE('',#1851);
#1710=PLANE('',#1854);
#1711=PLANE('',#1860);
#1712=PLANE('',#1863);
#1713=PLANE('',#1866);
#1714=PLANE('',#1875);
#1715=PLANE('',#1876);
#1716=PLANE('',#1881);
#1717=PLANE('',#1891);
#1718=PLANE('',#1899);
#1719=PLANE('',#1903);
#1720=ADVANCED_FACE('',(#1585),#1707,.F.);
#1721=ADVANCED_FACE('',(#1586),#1708,.F.);
#1722=ADVANCED_FACE('',(#1587),#156,.T.);
#1723=ADVANCED_FACE('',(#1588),#147,.T.);
#1724=ADVANCED_FACE('',(#1589),#1709,.F.);
#1725=ADVANCED_FACE('',(#1590),#1710,.F.);
#1726=ADVANCED_FACE('',(#1591),#157,.T.);
#1727=ADVANCED_FACE('',(#1592),#148,.T.);
#1728=ADVANCED_FACE('',(#1593),#1711,.F.);
#1729=ADVANCED_FACE('',(#1594),#1712,.F.);
#1730=ADVANCED_FACE('',(#1595),#1713,.F.);
#1731=ADVANCED_FACE('',(#1596),#158,.T.);
#1732=ADVANCED_FACE('',(#1597),#149,.T.);
#1733=ADVANCED_FACE('',(#1598,#1599),#150,.T.);
#1734=ADVANCED_FACE('',(#1600),#1714,.F.);
#1735=ADVANCED_FACE('',(#1601,#1602),#1715,.T.);
#1736=ADVANCED_FACE('',(#1603,#1604),#151,.F.);
#1737=ADVANCED_FACE('',(#1605,#1606),#1716,.T.);
#1738=ADVANCED_FACE('',(#1607),#159,.T.);
#1739=ADVANCED_FACE('',(#1608),#152,.T.);
#1740=ADVANCED_FACE('',(#1609,#1610),#153,.F.);
#1741=ADVANCED_FACE('',(#1611,#1612),#1717,.F.);
#1742=ADVANCED_FACE('',(#1613),#91,.T.);
#1743=ADVANCED_FACE('',(#1614),#92,.T.);
#1744=ADVANCED_FACE('',(#1615),#93,.F.);
#1745=ADVANCED_FACE('',(#1616),#94,.F.);
#1746=ADVANCED_FACE('',(#1617),#95,.F.);
#1747=ADVANCED_FACE('',(#1618),#73,.T.);
#1748=ADVANCED_FACE('',(#1619),#74,.T.);
#1749=ADVANCED_FACE('',(#1620),#75,.T.);
#1750=ADVANCED_FACE('',(#1621),#76,.T.);
#1751=ADVANCED_FACE('',(#1622),#96,.T.);
#1752=ADVANCED_FACE('',(#1623),#97,.T.);
#1753=ADVANCED_FACE('',(#1624),#98,.T.);
#1754=ADVANCED_FACE('',(#1625),#99,.T.);
#1755=ADVANCED_FACE('',(#1626),#100,.F.);
#1756=ADVANCED_FACE('',(#1627),#101,.F.);
#1757=ADVANCED_FACE('',(#1628),#102,.T.);
#1758=ADVANCED_FACE('',(#1629),#103,.T.);
#1759=ADVANCED_FACE('',(#1630),#104,.T.);
#1760=ADVANCED_FACE('',(#1631),#105,.T.);
#1761=ADVANCED_FACE('',(#1632),#106,.T.);
#1762=ADVANCED_FACE('',(#1633),#107,.F.);
#1763=ADVANCED_FACE('',(#1634),#108,.F.);
#1764=ADVANCED_FACE('',(#1635),#109,.F.);
#1765=ADVANCED_FACE('',(#1636),#77,.T.);
#1766=ADVANCED_FACE('',(#1637),#78,.T.);
#1767=ADVANCED_FACE('',(#1638),#79,.T.);
#1768=ADVANCED_FACE('',(#1639),#80,.T.);
#1769=ADVANCED_FACE('',(#1640),#110,.T.);
#1770=ADVANCED_FACE('',(#1641),#111,.T.);
#1771=ADVANCED_FACE('',(#1642),#112,.T.);
#1772=ADVANCED_FACE('',(#1643),#113,.T.);
#1773=ADVANCED_FACE('',(#1644),#114,.F.);
#1774=ADVANCED_FACE('',(#1645),#115,.F.);
#1775=ADVANCED_FACE('',(#1646),#116,.T.);
#1776=ADVANCED_FACE('',(#1647),#117,.T.);
#1777=ADVANCED_FACE('',(#1648),#118,.T.);
#1778=ADVANCED_FACE('',(#1649),#119,.T.);
#1779=ADVANCED_FACE('',(#1650),#120,.T.);
#1780=ADVANCED_FACE('',(#1651),#121,.F.);
#1781=ADVANCED_FACE('',(#1652),#122,.F.);
#1782=ADVANCED_FACE('',(#1653),#81,.T.);
#1783=ADVANCED_FACE('',(#1654),#82,.T.);
#1784=ADVANCED_FACE('',(#1655),#83,.T.);
#1785=ADVANCED_FACE('',(#1656),#84,.T.);
#1786=ADVANCED_FACE('',(#1657),#123,.F.);
#1787=ADVANCED_FACE('',(#1658),#124,.T.);
#1788=ADVANCED_FACE('',(#1659),#125,.T.);
#1789=ADVANCED_FACE('',(#1660),#126,.T.);
#1790=ADVANCED_FACE('',(#1661),#127,.T.);
#1791=ADVANCED_FACE('',(#1662),#128,.F.);
#1792=ADVANCED_FACE('',(#1663),#129,.F.);
#1793=ADVANCED_FACE('',(#1664),#130,.T.);
#1794=ADVANCED_FACE('',(#1665),#131,.T.);
#1795=ADVANCED_FACE('',(#1666),#132,.T.);
#1796=ADVANCED_FACE('',(#1667),#133,.T.);
#1797=ADVANCED_FACE('',(#1668),#134,.T.);
#1798=ADVANCED_FACE('',(#1669),#135,.F.);
#1799=ADVANCED_FACE('',(#1670),#136,.F.);
#1800=ADVANCED_FACE('',(#1671),#85,.T.);
#1801=ADVANCED_FACE('',(#1672),#86,.T.);
#1802=ADVANCED_FACE('',(#1673),#87,.T.);
#1803=ADVANCED_FACE('',(#1674),#88,.T.);
#1804=ADVANCED_FACE('',(#1675),#137,.F.);
#1805=ADVANCED_FACE('',(#1676),#138,.T.);
#1806=ADVANCED_FACE('',(#1677),#139,.T.);
#1807=ADVANCED_FACE('',(#1678),#140,.T.);
#1808=ADVANCED_FACE('',(#1679),#141,.T.);
#1809=ADVANCED_FACE('',(#1680),#142,.F.);
#1810=ADVANCED_FACE('',(#1681),#143,.F.);
#1811=ADVANCED_FACE('',(#1682),#144,.T.);
#1812=ADVANCED_FACE('',(#1683),#145,.T.);
#1813=ADVANCED_FACE('',(#1684),#146,.T.);
#1814=ADVANCED_FACE('',(#1685,#1686),#154,.F.);
#1815=ADVANCED_FACE('',(#1687),#1718,.F.);
#1816=ADVANCED_FACE('',(#1688,#1689),#155,.F.);
#1817=ADVANCED_FACE('',(#1690),#1719,.F.);
#1818=ADVANCED_FACE('',(#1691,#1692),#160,.T.);
#1819=ADVANCED_FACE('',(#1693,#1694),#161,.T.);
#1820=ADVANCED_FACE('',(#1695),#89,.T.);
#1821=ADVANCED_FACE('',(#1696),#162,.T.);
#1822=ADVANCED_FACE('',(#1697),#163,.T.);
#1823=ADVANCED_FACE('',(#1698),#90,.T.);
#1824=ADVANCED_FACE('',(#1699,#1700),#72,.F.);
#1825=ADVANCED_FACE('',(#1701,#1702),#164,.T.);
#1826=ADVANCED_FACE('',(#1703,#1704),#165,.F.);
#1827=ADVANCED_FACE('',(#1705,#1706),#166,.T.);
#1828=CLOSED_SHELL('',(#1720,#1721,#1722,#1723,#1724,#1725,#1726,#1727,
#1728,#1729,#1730,#1731,#1732,#1733,#1734,#1735,#1736,#1737,#1738,#1739,
#1740,#1741,#1742,#1743,#1744,#1745,#1746,#1747,#1748,#1749,#1750,#1751,
#1752,#1753,#1754,#1755,#1756,#1757,#1758,#1759,#1760,#1761,#1762,#1763,
#1764,#1765,#1766,#1767,#1768,#1769,#1770,#1771,#1772,#1773,#1774,#1775,
#1776,#1777,#1778,#1779,#1780,#1781,#1782,#1783,#1784,#1785,#1786,#1787,
#1788,#1789,#1790,#1791,#1792,#1793,#1794,#1795,#1796,#1797,#1798,#1799,
#1800,#1801,#1802,#1803,#1804,#1805,#1806,#1807,#1808,#1809,#1810,#1811,
#1812,#1813,#1814,#1815,#1816,#1817,#1818,#1819,#1820,#1821,#1822,#1823,
#1824,#1825,#1826,#1827));
#1829=STYLED_ITEM('',(#1830),#1837);
#1830=PRESENTATION_STYLE_ASSIGNMENT((#1831));
#1831=SURFACE_STYLE_USAGE(.BOTH.,#1832);
#1832=SURFACE_SIDE_STYLE('',(#1833));
#1833=SURFACE_STYLE_FILL_AREA(#1834);
#1834=FILL_AREA_STYLE('',(#1835));
#1835=FILL_AREA_STYLE_COLOUR('',#1836);
#1836=COLOUR_RGB('',0.,0.6,1.);
#1837=MANIFOLD_SOLID_BREP('Body (0)',#1828);
#1838=SHAPE_DEFINITION_REPRESENTATION(#6787,#1839);
#1839=SHAPE_REPRESENTATION('OOM-B03-01-exported',(#1840),#6782);
#1840=AXIS2_PLACEMENT_3D('',#2125,#1935,#1936);
#1841=AXIS2_PLACEMENT_3D('',#2126,#1937,#1938);
#1842=AXIS2_PLACEMENT_3D('',#2133,#1939,#1940);
#1843=AXIS2_PLACEMENT_3D('',#2140,#1941,#1942);
#1844=AXIS2_PLACEMENT_3D('',#2141,#1943,#1944);
#1845=AXIS2_PLACEMENT_3D('',#2148,#1945,#1946);
#1846=AXIS2_PLACEMENT_3D('',#2155,#1947,#1948);
#1847=AXIS2_PLACEMENT_3D('',#2156,#1949,#1950);
#1848=AXIS2_PLACEMENT_3D('',#2163,#1951,#1952);
#1849=AXIS2_PLACEMENT_3D('',#2172,#1953,#1954);
#1850=AXIS2_PLACEMENT_3D('',#2253,#1955,#1956);
#1851=AXIS2_PLACEMENT_3D('',#2259,#1957,#1958);
#1852=AXIS2_PLACEMENT_3D('',#2271,#1959,#1960);
#1853=AXIS2_PLACEMENT_3D('',#2293,#1961,#1962);
#1854=AXIS2_PLACEMENT_3D('',#2294,#1963,#1964);
#1855=AXIS2_PLACEMENT_3D('',#2301,#1965,#1966);
#1856=AXIS2_PLACEMENT_3D('',#2308,#1967,#1968);
#1857=AXIS2_PLACEMENT_3D('',#2309,#1969,#1970);
#1858=AXIS2_PLACEMENT_3D('',#2322,#1971,#1972);
#1859=AXIS2_PLACEMENT_3D('',#2389,#1973,#1974);
#1860=AXIS2_PLACEMENT_3D('',#2408,#1975,#1976);
#1861=AXIS2_PLACEMENT_3D('',#2420,#1977,#1978);
#1862=AXIS2_PLACEMENT_3D('',#2442,#1979,#1980);
#1863=AXIS2_PLACEMENT_3D('',#2443,#1981,#1982);
#1864=AXIS2_PLACEMENT_3D('',#2450,#1983,#1984);
#1865=AXIS2_PLACEMENT_3D('',#2457,#1985,#1986);
#1866=AXIS2_PLACEMENT_3D('',#2458,#1987,#1988);
#1867=AXIS2_PLACEMENT_3D('',#2470,#1989,#1990);
#1868=AXIS2_PLACEMENT_3D('',#2492,#1991,#1992);
#1869=AXIS2_PLACEMENT_3D('',#2493,#1993,#1994);
#1870=AXIS2_PLACEMENT_3D('',#2506,#1995,#1996);
#1871=AXIS2_PLACEMENT_3D('',#2573,#1997,#1998);
#1872=AXIS2_PLACEMENT_3D('',#2592,#1999,#2000);
#1873=AXIS2_PLACEMENT_3D('',#2651,#2001,#2002);
#1874=AXIS2_PLACEMENT_3D('',#2652,#2003,#2004);
#1875=AXIS2_PLACEMENT_3D('',#2654,#2005,#2006);
#1876=AXIS2_PLACEMENT_3D('',#2683,#2007,#2008);
#1877=AXIS2_PLACEMENT_3D('',#2684,#2009,#2010);
#1878=AXIS2_PLACEMENT_3D('',#2686,#2011,#2012);
#1879=AXIS2_PLACEMENT_3D('',#2687,#2013,#2014);
#1880=AXIS2_PLACEMENT_3D('',#2689,#2015,#2016);
#1881=AXIS2_PLACEMENT_3D('',#2691,#2017,#2018);
#1882=AXIS2_PLACEMENT_3D('',#2692,#2019,#2020);
#1883=AXIS2_PLACEMENT_3D('',#2694,#2021,#2022);
#1884=AXIS2_PLACEMENT_3D('',#2696,#2023,#2024);
#1885=AXIS2_PLACEMENT_3D('',#2709,#2025,#2026);
#1886=AXIS2_PLACEMENT_3D('',#2776,#2027,#2028);
#1887=AXIS2_PLACEMENT_3D('',#2795,#2029,#2030);
#1888=AXIS2_PLACEMENT_3D('',#2796,#2031,#2032);
#1889=AXIS2_PLACEMENT_3D('',#2804,#2033,#2034);
#1890=AXIS2_PLACEMENT_3D('',#2812,#2035,#2036);
#1891=AXIS2_PLACEMENT_3D('',#2813,#2037,#2038);
#1892=AXIS2_PLACEMENT_3D('',#2814,#2039,#2040);
#1893=AXIS2_PLACEMENT_3D('',#2817,#2041,#2042);
#1894=AXIS2_PLACEMENT_3D('',#2819,#2043,#2044);
#1895=AXIS2_PLACEMENT_3D('',#2821,#2045,#2046);
#1896=AXIS2_PLACEMENT_3D('',#6702,#2047,#2048);
#1897=AXIS2_PLACEMENT_3D('',#6703,#2049,#2050);
#1898=AXIS2_PLACEMENT_3D('',#6705,#2051,#2052);
#1899=AXIS2_PLACEMENT_3D('',#6707,#2053,#2054);
#1900=AXIS2_PLACEMENT_3D('',#6708,#2055,#2056);
#1901=AXIS2_PLACEMENT_3D('',#6709,#2057,#2058);
#1902=AXIS2_PLACEMENT_3D('',#6711,#2059,#2060);
#1903=AXIS2_PLACEMENT_3D('',#6713,#2061,#2062);
#1904=AXIS2_PLACEMENT_3D('',#6714,#2063,#2064);
#1905=AXIS2_PLACEMENT_3D('',#6715,#2065,#2066);
#1906=AXIS2_PLACEMENT_3D('',#6716,#2067,#2068);
#1907=AXIS2_PLACEMENT_3D('',#6717,#2069,#2070);
#1908=AXIS2_PLACEMENT_3D('',#6733,#2071,#2072);
#1909=AXIS2_PLACEMENT_3D('',#6734,#2073,#2074);
#1910=AXIS2_PLACEMENT_3D('',#6735,#2075,#2076);
#1911=AXIS2_PLACEMENT_3D('',#6736,#2077,#2078);
#1912=AXIS2_PLACEMENT_3D('',#6737,#2079,#2080);
#1913=AXIS2_PLACEMENT_3D('',#6738,#2081,#2082);
#1914=AXIS2_PLACEMENT_3D('',#6751,#2083,#2084);
#1915=AXIS2_PLACEMENT_3D('',#6752,#2085,#2086);
#1916=AXIS2_PLACEMENT_3D('',#6754,#2087,#2088);
#1917=AXIS2_PLACEMENT_3D('',#6755,#2089,#2090);
#1918=AXIS2_PLACEMENT_3D('',#6756,#2091,#2092);
#1919=AXIS2_PLACEMENT_3D('',#6757,#2093,#2094);
#1920=AXIS2_PLACEMENT_3D('',#6759,#2095,#2096);
#1921=AXIS2_PLACEMENT_3D('',#6760,#2097,#2098);
#1922=AXIS2_PLACEMENT_3D('',#6762,#2099,#2100);
#1923=AXIS2_PLACEMENT_3D('',#6763,#2101,#2102);
#1924=AXIS2_PLACEMENT_3D('',#6765,#2103,#2104);
#1925=AXIS2_PLACEMENT_3D('',#6766,#2105,#2106);
#1926=AXIS2_PLACEMENT_3D('',#6768,#2107,#2108);
#1927=AXIS2_PLACEMENT_3D('',#6769,#2109,#2110);
#1928=AXIS2_PLACEMENT_3D('',#6771,#2111,#2112);
#1929=AXIS2_PLACEMENT_3D('',#6772,#2113,#2114);
#1930=AXIS2_PLACEMENT_3D('',#6774,#2115,#2116);
#1931=AXIS2_PLACEMENT_3D('',#6775,#2117,#2118);
#1932=AXIS2_PLACEMENT_3D('',#6777,#2119,#2120);
#1933=AXIS2_PLACEMENT_3D('',#6778,#2121,#2122);
#1934=AXIS2_PLACEMENT_3D('',#6780,#2123,#2124);
#1935=DIRECTION('',(0.,0.,1.));
#1936=DIRECTION('',(1.,0.,0.));
#1937=DIRECTION('',(-0.10387627765822,0.30827226997436,0.945609817263298));
#1938=DIRECTION('',(0.,-0.950753176463498,0.309949023945177));
#1939=DIRECTION('',(-0.10387627765822,0.30827226997436,0.945609817263298));
#1940=DIRECTION('',(0.,-0.950753176463498,0.309949023945177));
#1941=DIRECTION('',(-0.10387627765822,0.30827226997436,0.945609817263298));
#1942=DIRECTION('',(0.,-0.950753176463498,0.309949023945177));
#1943=DIRECTION('',(-0.10387627765822,0.30827226997436,0.945609817263298));
#1944=DIRECTION('',(0.,-0.950753176463498,0.309949023945177));
#1945=DIRECTION('',(-0.10387627765822,0.30827226997436,0.945609817263298));
#1946=DIRECTION('',(0.,-0.950753176463498,0.309949023945177));
#1947=DIRECTION('',(-0.10387627765822,0.30827226997436,0.945609817263298));
#1948=DIRECTION('',(0.,-0.950753176463498,0.309949023945177));
#1949=DIRECTION('',(0.10387627765822,-0.30827226997436,-0.945609817263298));
#1950=DIRECTION('',(0.,0.950753176463498,-0.309949023945177));
#1951=DIRECTION('',(-0.10387627765822,0.30827226997436,0.945609817263298));
#1952=DIRECTION('',(0.,-0.950753176463498,0.309949023945177));
#1953=DIRECTION('',(-0.10387627765822,0.30827226997436,0.945609817263298));
#1954=DIRECTION('',(0.,-0.950753176463498,0.309949023945177));
#1955=DIRECTION('',(-0.10387627765822,0.30827226997436,0.945609817263298));
#1956=DIRECTION('',(-0.994590226646066,-0.0321963508712234,-0.0987607009427574));
#1957=DIRECTION('',(-0.10387627765822,0.30827226997436,0.945609817263298));
#1958=DIRECTION('',(0.,-0.950753176463498,0.309949023945177));
#1959=DIRECTION('',(-0.10387627765822,0.30827226997436,0.945609817263298));
#1960=DIRECTION('',(0.,-0.950753176463498,0.309949023945177));
#1961=DIRECTION('',(-0.10387627765822,0.30827226997436,0.945609817263298));
#1962=DIRECTION('',(-0.994590226646066,-0.0321963508712234,-0.0987607009427574));
#1963=DIRECTION('',(-0.10387627765822,0.30827226997436,0.945609817263298));
#1964=DIRECTION('',(0.,-0.950753176463498,0.309949023945177));
#1965=DIRECTION('',(-0.10387627765822,0.30827226997436,0.945609817263298));
#1966=DIRECTION('',(0.,-0.950753176463498,0.309949023945177));
#1967=DIRECTION('',(-0.10387627765822,0.30827226997436,0.945609817263298));
#1968=DIRECTION('',(0.,-0.950753176463498,0.309949023945177));
#1969=DIRECTION('',(0.10387627765822,-0.30827226997436,-0.945609817263298));
#1970=DIRECTION('',(0.,0.950753176463498,-0.309949023945177));
#1971=DIRECTION('',(-0.10387627765822,0.30827226997436,0.945609817263298));
#1972=DIRECTION('',(0.,-0.950753176463498,0.309949023945177));
#1973=DIRECTION('',(-0.10387627765822,0.30827226997436,0.945609817263298));
#1974=DIRECTION('',(-0.994590226646066,-0.0321963508712234,-0.0987607009427574));
#1975=DIRECTION('',(-0.10387627765822,0.30827226997436,0.945609817263298));
#1976=DIRECTION('',(0.,-0.950753176463498,0.309949023945177));
#1977=DIRECTION('',(-0.10387627765822,0.30827226997436,0.945609817263298));
#1978=DIRECTION('',(0.,-0.950753176463498,0.309949023945177));
#1979=DIRECTION('',(-0.10387627765822,0.30827226997436,0.945609817263298));
#1980=DIRECTION('',(-0.994590226646066,-0.0321963508712234,-0.0987607009427574));
#1981=DIRECTION('',(-0.10387627765822,0.30827226997436,0.945609817263298));
#1982=DIRECTION('',(0.,-0.950753176463498,0.309949023945177));
#1983=DIRECTION('',(-0.10387627765822,0.30827226997436,0.945609817263298));
#1984=DIRECTION('',(0.,-0.950753176463498,0.309949023945177));
#1985=DIRECTION('',(-0.10387627765822,0.30827226997436,0.945609817263298));
#1986=DIRECTION('',(0.,-0.950753176463498,0.309949023945177));
#1987=DIRECTION('',(-0.10387627765822,0.30827226997436,0.945609817263298));
#1988=DIRECTION('',(0.,-0.950753176463498,0.309949023945177));
#1989=DIRECTION('',(-0.10387627765822,0.30827226997436,0.945609817263298));
#1990=DIRECTION('',(0.,-0.950753176463498,0.309949023945177));
#1991=DIRECTION('',(-0.10387627765822,0.30827226997436,0.945609817263298));
#1992=DIRECTION('',(-0.994590226646066,-0.0321963508712234,-0.0987607009427574));
#1993=DIRECTION('',(0.10387627765822,-0.30827226997436,-0.945609817263298));
#1994=DIRECTION('',(0.,0.950753176463498,-0.309949023945177));
#1995=DIRECTION('',(-0.10387627765822,0.30827226997436,0.945609817263298));
#1996=DIRECTION('',(0.,-0.950753176463498,0.309949023945177));
#1997=DIRECTION('',(-0.10387627765822,0.30827226997436,0.945609817263298));
#1998=DIRECTION('',(-0.994590226646066,-0.0321963508712234,-0.0987607009427574));
#1999=DIRECTION('',(-0.10387627765822,0.30827226997436,0.945609817263298));
#2000=DIRECTION('',(0.,-0.950753176463498,0.309949023945177));
#2001=DIRECTION('',(-0.10387627765822,0.30827226997436,0.945609817263298));
#2002=DIRECTION('',(-0.994590226646066,-0.0321963508712234,-0.0987607009427574));
#2003=DIRECTION('',(-0.10387627765822,0.30827226997436,0.945609817263298));
#2004=DIRECTION('',(-0.994590226646066,-0.0321963508712234,-0.0987607009427574));
#2005=DIRECTION('',(-0.10387627765822,0.30827226997436,0.945609817263298));
#2006=DIRECTION('',(0.,-0.950753176463498,0.309949023945177));
#2007=DIRECTION('',(-0.10387627765822,0.30827226997436,0.945609817263298));
#2008=DIRECTION('',(0.,-0.950753176463498,0.309949023945177));
#2009=DIRECTION('',(-0.10387627765822,0.30827226997436,0.945609817263298));
#2010=DIRECTION('',(0.,-0.950753176463498,0.309949023945177));
#2011=DIRECTION('',(0.10387627765822,-0.30827226997436,-0.945609817263298));
#2012=DIRECTION('',(0.,0.950753176463498,-0.309949023945177));
#2013=DIRECTION('',(-0.10387627765822,0.30827226997436,0.945609817263298));
#2014=DIRECTION('',(0.,-0.950753176463498,0.309949023945177));
#2015=DIRECTION('',(-0.10387627765822,0.30827226997436,0.945609817263298));
#2016=DIRECTION('',(0.,-0.950753176463498,0.309949023945177));
#2017=DIRECTION('',(-0.10387627765822,0.30827226997436,0.945609817263298));
#2018=DIRECTION('',(0.,-0.950753176463498,0.309949023945177));
#2019=DIRECTION('',(-0.10387627765822,0.30827226997436,0.945609817263298));
#2020=DIRECTION('',(0.,-0.950753176463498,0.309949023945177));
#2021=DIRECTION('',(-0.10387627765822,0.30827226997436,0.945609817263298));
#2022=DIRECTION('',(0.,-0.950753176463498,0.309949023945177));
#2023=DIRECTION('',(0.10387627765822,-0.30827226997436,-0.945609817263298));
#2024=DIRECTION('',(0.,0.950753176463498,-0.309949023945177));
#2025=DIRECTION('',(-0.10387627765822,0.30827226997436,0.945609817263298));
#2026=DIRECTION('',(0.,-0.950753176463498,0.309949023945177));
#2027=DIRECTION('',(-0.10387627765822,0.30827226997436,0.945609817263298));
#2028=DIRECTION('',(-0.994590226646066,-0.0321963508712234,-0.0987607009427574));
#2029=DIRECTION('',(-0.10387627765822,0.30827226997436,0.945609817263298));
#2030=DIRECTION('',(0.,-0.950753176463498,0.309949023945177));
#2031=DIRECTION('',(-0.10387627765822,0.308272269974359,0.945609817263298));
#2032=DIRECTION('',(0.,-0.950753176463499,0.309949023945175));
#2033=DIRECTION('',(-0.10387627765822,0.30827226997436,0.945609817263298));
#2034=DIRECTION('',(0.,-0.950753176463498,0.309949023945177));
#2035=DIRECTION('',(-0.10387627765822,0.30827226997436,0.945609817263298));
#2036=DIRECTION('',(0.,-0.950753176463498,0.309949023945177));
#2037=DIRECTION('',(-0.10387627765822,0.30827226997436,0.945609817263298));
#2038=DIRECTION('',(0.,-0.950753176463498,0.309949023945177));
#2039=DIRECTION('',(-0.10387627765822,0.30827226997436,0.945609817263298));
#2040=DIRECTION('',(0.,-0.950753176463498,0.309949023945177));
#2041=DIRECTION('',(-0.10387627765822,0.30827226997436,0.945609817263298));
#2042=DIRECTION('',(0.,-0.950753176463498,0.309949023945177));
#2043=DIRECTION('',(-0.10387627765822,0.30827226997436,0.945609817263298));
#2044=DIRECTION('',(0.,-0.950753176463498,0.309949023945177));
#2045=DIRECTION('',(-0.10387627765822,0.30827226997436,0.945609817263298));
#2046=DIRECTION('',(0.,-0.950753176463498,0.309949023945177));
#2047=DIRECTION('',(0.10387627765822,-0.30827226997436,-0.945609817263298));
#2048=DIRECTION('',(0.,0.950753176463498,-0.309949023945177));
#2049=DIRECTION('',(-0.10387627765822,0.30827226997436,0.945609817263298));
#2050=DIRECTION('',(0.,-0.950753176463498,0.309949023945177));
#2051=DIRECTION('',(-0.10387627765822,0.30827226997436,0.945609817263298));
#2052=DIRECTION('',(-0.994590226646066,-0.0321963508712234,-0.0987607009427574));
#2053=DIRECTION('',(-0.10387627765822,0.30827226997436,0.945609817263298));
#2054=DIRECTION('',(0.,-0.950753176463498,0.309949023945177));
#2055=DIRECTION('',(0.10387627765822,-0.30827226997436,-0.945609817263298));
#2056=DIRECTION('',(0.,0.950753176463498,-0.309949023945177));
#2057=DIRECTION('',(-0.10387627765822,0.30827226997436,0.945609817263298));
#2058=DIRECTION('',(0.,-0.950753176463498,0.309949023945177));
#2059=DIRECTION('',(-0.10387627765822,0.30827226997436,0.945609817263298));
#2060=DIRECTION('',(-0.994590226646066,-0.0321963508712234,-0.0987607009427574));
#2061=DIRECTION('',(-0.10387627765822,0.30827226997436,0.945609817263298));
#2062=DIRECTION('',(0.,-0.950753176463498,0.309949023945177));
#2063=DIRECTION('',(-0.10387627765822,0.30827226997436,0.945609817263298));
#2064=DIRECTION('',(0.,-0.950753176463498,0.309949023945177));
#2065=DIRECTION('',(-0.10387627765822,0.30827226997436,0.945609817263298));
#2066=DIRECTION('',(0.,-0.950753176463498,0.309949023945177));
#2067=DIRECTION('',(-0.10387627765822,0.30827226997436,0.945609817263298));
#2068=DIRECTION('',(0.,-0.950753176463498,0.309949023945177));
#2069=DIRECTION('',(-0.10387627765822,0.30827226997436,0.945609817263298));
#2070=DIRECTION('',(0.,-0.950753176463498,0.309949023945177));
#2071=DIRECTION('',(-0.710988150963526,-0.68785114179871,0.146139166261742));
#2072=DIRECTION('',(0.695316025696783,-0.718704128560029,0.));
#2073=DIRECTION('',(-0.493841931732259,-0.841259814363936,0.220004707220793));
#2074=DIRECTION('',(0.862389380206075,-0.50624555001282,0.));
#2075=DIRECTION('',(-0.10387627765822,0.30827226997436,0.945609817263298));
#2076=DIRECTION('',(0.,-0.950753176463498,0.309949023945177));
#2077=DIRECTION('',(0.690405788920698,-0.662021444207459,0.291663254514961));
#2078=DIRECTION('',(0.692113816507527,0.721788379651117,0.));
#2079=DIRECTION('',(-0.10387627765822,0.30827226997436,0.945609817263298));
#2080=DIRECTION('',(0.,-0.950753176463498,0.309949023945177));
#2081=DIRECTION('',(-0.809535687001381,0.526134640999969,-0.26045020831444));
#2082=DIRECTION('',(-0.544942073888562,-0.838473694343498,0.));
#2083=DIRECTION('',(-0.10387627765822,0.308272269974359,0.945609817263298));
#2084=DIRECTION('',(0.,-0.950753176463499,0.309949023945175));
#2085=DIRECTION('',(0.10387627765822,-0.30827226997436,-0.945609817263298));
#2086=DIRECTION('',(0.,0.950753176463498,-0.309949023945177));
#2087=DIRECTION('',(-0.10387627765822,0.30827226997436,0.945609817263298));
#2088=DIRECTION('',(0.,-0.950753176463498,0.309949023945177));
#2089=DIRECTION('',(-0.10387627765822,0.30827226997436,0.945609817263298));
#2090=DIRECTION('',(0.,-0.950753176463498,0.309949023945177));
#2091=DIRECTION('',(-0.10387627765822,0.30827226997436,0.945609817263298));
#2092=DIRECTION('',(0.,-0.950753176463498,0.309949023945177));
#2093=DIRECTION('',(0.,0.,-1.));
#2094=DIRECTION('',(-1.,0.,0.));
#2095=DIRECTION('',(0.,0.,1.));
#2096=DIRECTION('',(1.,0.,0.));
#2097=DIRECTION('',(0.,1.,0.));
#2098=DIRECTION('',(-1.,0.,0.));
#2099=DIRECTION('',(0.,0.,1.));
#2100=DIRECTION('',(1.,0.,0.));
#2101=DIRECTION('',(-1.,0.,0.));
#2102=DIRECTION('',(0.,-1.,0.));
#2103=DIRECTION('',(0.,0.,1.));
#2104=DIRECTION('',(1.,0.,0.));
#2105=DIRECTION('',(0.,-1.,0.));
#2106=DIRECTION('',(1.,0.,0.));
#2107=DIRECTION('',(0.,0.,1.));
#2108=DIRECTION('',(1.,0.,0.));
#2109=DIRECTION('',(0.,0.,1.));
#2110=DIRECTION('',(-1.,0.,0.));
#2111=DIRECTION('',(0.,0.,1.));
#2112=DIRECTION('',(1.,0.,0.));
#2113=DIRECTION('',(1.,0.,0.));
#2114=DIRECTION('',(0.,1.,0.));
#2115=DIRECTION('',(0.,0.,1.));
#2116=DIRECTION('',(1.,0.,0.));
#2117=DIRECTION('',(-0.577350269189626,0.577350269189626,-0.577350269189626));
#2118=DIRECTION('',(-0.707106781186548,-0.707106781186547,2.22044604925031E-16));
#2119=DIRECTION('',(0.,0.,1.));
#2120=DIRECTION('',(1.,0.,0.));
#2121=DIRECTION('',(-0.718873086818576,0.585048618558824,-0.375419230954334));
#2122=DIRECTION('',(-0.6312190555786,-0.775604605372131,-3.19065495690829E-8));
#2123=DIRECTION('',(0.,0.,1.));
#2124=DIRECTION('',(1.,0.,0.));
#2125=CARTESIAN_POINT('',(0.,0.,0.));
#2126=CARTESIAN_POINT('',(-9.05197354061262,27.8198316578168,-160.068056783129));
#2127=CARTESIAN_POINT('',(-0.961260634927578,30.4253672079881,-160.028697228041));
#2128=CARTESIAN_POINT('',(-0.265481742947479,30.4488039159051,-159.959905604864));
#2129=CARTESIAN_POINT('',(0.43029714903262,30.4722406238222,-159.891113981687));
#2130=CARTESIAN_POINT('',(1.12607604101272,30.4956773317393,-159.82232235851));
#2131=CARTESIAN_POINT('',(-0.961260634927656,30.4253672079881,-160.028697228041));
#2132=CARTESIAN_POINT('',(1.12607604101238,30.4956773317392,-159.82232235851));
#2133=CARTESIAN_POINT('',(-9.05197354061259,27.8198316578168,-160.068056783129));
#2134=CARTESIAN_POINT('',(-10.5876196358621,35.7170788554828,-162.811280756686));
#2135=CARTESIAN_POINT('',(-10.5848701647445,37.6707336291446,-163.44787734865));
#2136=CARTESIAN_POINT('',(-10.5817838505666,37.0196386136355,-163.235278949651));
#2137=CARTESIAN_POINT('',(-10.5827202423472,36.3684197430037,-163.023082072097));
#2138=CARTESIAN_POINT('',(-10.5876196358621,35.7170788554828,-162.811280756686));
#2139=CARTESIAN_POINT('',(-10.5848701647445,37.6707336291446,-163.44787734865));
#2140=CARTESIAN_POINT('',(-9.05197354061262,27.8198316578168,-160.068056783129));
#2141=CARTESIAN_POINT('',(-9.05197354061262,27.8198316578168,-160.068056783129));
#2142=CARTESIAN_POINT('',(1.30504103021273,29.6204369339448,-159.517331276728));
#2143=CARTESIAN_POINT('',(0.623820403615432,29.5954345327269,-159.584013236693));
#2144=CARTESIAN_POINT('',(-0.0573929637857373,29.5742777789816,-159.651948094413));
#2145=CARTESIAN_POINT('',(-0.738599179767868,29.5569095764828,-159.721117248148));
#2146=CARTESIAN_POINT('',(1.30504103021273,29.6204369339448,-159.517331276728));
#2147=CARTESIAN_POINT('',(-0.738599179767867,29.5569095764828,-159.721117248148));
#2148=CARTESIAN_POINT('',(-9.05197354061262,27.8198316578168,-160.068056783129));
#2149=CARTESIAN_POINT('',(-6.59742071075816,18.1698420755177,-156.652489446495));
#2150=CARTESIAN_POINT('',(-6.6002870045341,20.1650855814694,-157.303261015724));
#2151=CARTESIAN_POINT('',(-6.59933157327543,19.5000044128188,-157.086337159314));
#2152=CARTESIAN_POINT('',(-6.59837614201676,18.8349232441681,-156.869413302905));
#2153=CARTESIAN_POINT('',(-6.59742071075809,18.1698420755174,-156.652489446495));
#2154=CARTESIAN_POINT('',(-6.6002870045341,20.1650855814695,-157.303261015724));
#2155=CARTESIAN_POINT('',(-9.05197354061259,27.8198316578168,-160.068056783129));
#2156=CARTESIAN_POINT('',(-9.36360237358728,28.7446484677399,-157.231227331339));
#2157=CARTESIAN_POINT('',(1.30504103021271,29.6204369339448,-159.517331276728));
#2158=CARTESIAN_POINT('',(2.03496301118382,29.6472267895561,-159.445882136153));
#2159=CARTESIAN_POINT('',(3.41101150969577,30.0232534992309,-158.82546396526));
#2160=CARTESIAN_POINT('',(3.91160732043863,30.8839334082817,-157.632406618329));
#2161=CARTESIAN_POINT('',(3.89569698469547,31.3062091192565,-157.032764348459));
#2162=CARTESIAN_POINT('',(3.89569698469556,31.306209119255,-157.032764348458));
#2163=CARTESIAN_POINT('',(-9.32205186252402,28.6213395597502,-157.609471258244));
#2164=CARTESIAN_POINT('',(-6.03811960484975,16.2822842092021,-153.226150373043));
#2165=CARTESIAN_POINT('',(-6.59742071075842,18.1698420755174,-156.652489446495));
#2166=CARTESIAN_POINT('',(-6.59468056810978,17.8310238027317,-156.541732438724));
#2167=CARTESIAN_POINT('',(-6.56981747069007,17.19056606554,-156.213077907744));
#2168=CARTESIAN_POINT('',(-6.44022031537178,16.4511277256184,-155.303180675392));
#2169=CARTESIAN_POINT('',(-6.27329323083527,16.1622804519676,-154.41070180223));
#2170=CARTESIAN_POINT('',(-6.11697804546232,16.1793881223299,-153.62129348942));
#2171=CARTESIAN_POINT('',(-6.03811960484975,16.2822842092021,-153.226150373043));
#2172=CARTESIAN_POINT('',(-1.64974999468781,5.85234969944388,-227.452212361311));
#2173=CARTESIAN_POINT('',(-1.06385152321782,-1.85538980768366,-223.764284938541));
#2174=CARTESIAN_POINT('',(-1.09698653825104,-1.85711009735935,-223.760866115347));
#2175=CARTESIAN_POINT('',(-1.13013582653132,-1.8586504599053,-223.757505614971));
#2176=CARTESIAN_POINT('',(-1.16329946178678,-1.86001120096862,-223.754204304882));
#2177=CARTESIAN_POINT('',(-1.06385152321782,-1.85538980768366,-223.764284938541));
#2178=CARTESIAN_POINT('',(-1.16329945510963,-1.86001119953011,-223.754204302062));
#2179=CARTESIAN_POINT('',(-1.06385151685476,-1.85538980645068,-223.764284936507));
#2180=CARTESIAN_POINT('',(-0.583385097653815,0.0754737910285834,-218.133190421496));
#2181=CARTESIAN_POINT('',(0.696814615796832,4.43324191331657,-207.078376169394));
#2182=CARTESIAN_POINT('',(1.57950152730146,12.2829436567129,-190.985925558219));
#2183=CARTESIAN_POINT('',(1.18869697664364,20.6766618273168,-175.147532782555));
#2184=CARTESIAN_POINT('',(0.0958577035403013,26.5848979267959,-164.835946978737));
#2185=CARTESIAN_POINT('',(-0.738599179767871,29.5569095764828,-159.721117248148));
#2186=CARTESIAN_POINT('',(-10.0484975996214,4.35471225274451,-226.95041002806));
#2187=CARTESIAN_POINT('',(-10.0906962572596,4.43643189594352,-226.336503917683));
#2188=CARTESIAN_POINT('',(-10.1739706861722,4.60469192289899,-225.045075727408));
#2189=CARTESIAN_POINT('',(-10.270238029024,4.82880802550555,-223.271640224937));
#2190=CARTESIAN_POINT('',(-10.339212155273,5.01778559038657,-221.75772084867));
#2191=CARTESIAN_POINT('',(-10.3782390507476,5.1403670957371,-220.771455465674));
#2192=CARTESIAN_POINT('',(-10.4065304484115,5.24122920776826,-219.95954154774));
#2193=CARTESIAN_POINT('',(-10.4262325359397,5.3187001268431,-219.336329545758));
#2194=CARTESIAN_POINT('',(-10.4410670481474,5.3836370062312,-218.814725803182));
#2195=CARTESIAN_POINT('',(-10.4510056800739,5.43169964263637,-218.429445435274));
#2196=CARTESIAN_POINT('',(-10.4559117839497,5.45645481120646,-218.231181034058));
#2197=CARTESIAN_POINT('',(-10.4609928027587,5.48336733958513,-218.015889897632));
#2198=CARTESIAN_POINT('',(-10.4601428373901,5.47890265658674,-218.05158081588));
#2199=CARTESIAN_POINT('',(-10.4612185044762,5.48468730919252,-218.005150299014));
#2200=CARTESIAN_POINT('',(-10.4624101214812,5.49128629981095,-217.951843156818));
#2201=CARTESIAN_POINT('',(-10.465414792838,5.50815093815526,-217.815558125487));
#2202=CARTESIAN_POINT('',(-10.4699338318041,5.53485882832455,-217.599722721389));
#2203=CARTESIAN_POINT('',(-10.4772881142119,5.58116238459951,-217.226621016676));
#2204=CARTESIAN_POINT('',(-10.4882268632672,5.65844400124057,-216.60755042923));
#2205=CARTESIAN_POINT('',(-10.501658200384,5.78378259398967,-215.61782713006));
#2206=CARTESIAN_POINT('',(-10.5120520033124,5.94320092108206,-214.383430707945));
#2207=CARTESIAN_POINT('',(-10.5152349139642,6.13982124226641,-212.899482123588));
#2208=CARTESIAN_POINT('',(-10.5082231936562,6.33495506575261,-211.471008044313));
#2209=CARTESIAN_POINT('',(-10.4953437000603,6.49419099303885,-210.339962107707));
#2210=CARTESIAN_POINT('',(-10.486194219085,6.58542933167049,-209.700964884074));
#2211=CARTESIAN_POINT('',(-10.475986200323,6.672350650447,-209.100012477237));
#2212=CARTESIAN_POINT('',(-10.4720131210235,6.70293967999393,-208.89086562067));
#2213=CARTESIAN_POINT('',(-10.4640200253494,6.76378444487796,-208.476164518294));
#2214=CARTESIAN_POINT('',(-10.4500319504771,6.86192316308221,-207.815757403544));
#2215=CARTESIAN_POINT('',(-10.4265428458557,7.00937769040088,-206.844010610377));
#2216=CARTESIAN_POINT('',(-10.3941620825712,7.18819896600162,-205.700080610339));
#2217=CARTESIAN_POINT('',(-10.3453732496099,7.43258628465222,-204.180517606608));
#2218=CARTESIAN_POINT('',(-10.274730917191,7.74767627585447,-202.302620492957));
#2219=CARTESIAN_POINT('',(-10.1439646429296,8.27246430102546,-199.340806845388));
#2220=CARTESIAN_POINT('',(-9.99037967025421,8.82873605031421,-196.439057811184));
#2221=CARTESIAN_POINT('',(-9.8437094897482,9.33768901497151,-193.968680013594));
#2222=CARTESIAN_POINT('',(-9.76681147449577,9.60162149095432,-192.731673702627));
#2223=CARTESIAN_POINT('',(-9.72391923276868,9.74839552200571,-192.05452050277));
#2224=CARTESIAN_POINT('',(-9.68675843735212,9.87534444785855,-191.476235878077));
#2225=CARTESIAN_POINT('',(-9.66733252184005,9.94170577604455,-191.176890230257));
#2226=CARTESIAN_POINT('',(-9.63228558273044,10.0614123605754,-190.639781774351));
#2227=CARTESIAN_POINT('',(-9.56769530668618,10.2816210114371,-189.664273664964));
#2228=CARTESIAN_POINT('',(-9.45448217901848,10.6649262159503,-188.006017551056));
#2229=CARTESIAN_POINT('',(-9.31202076527466,11.1407078386222,-186.029693588652));
#2230=CARTESIAN_POINT('',(-9.17993259919601,11.5780837368975,-184.274705983344));
#2231=CARTESIAN_POINT('',(-8.95401389131337,12.3241924976228,-181.355764983167));
#2232=CARTESIAN_POINT('',(-8.71443565475759,13.104732817292,-178.493052157714));
#2233=CARTESIAN_POINT('',(-8.5082202759712,13.7758403052256,-176.148743827774));
#2234=CARTESIAN_POINT('',(-8.41720390697407,14.0717868104355,-175.136827573298));
#2235=CARTESIAN_POINT('',(-8.36540670696013,14.2400217022987,-174.567739641952));
#2236=CARTESIAN_POINT('',(-8.33596279655369,14.3355686410927,-174.245939076593));
#2237=CARTESIAN_POINT('',(-8.2779872257997,14.5235185698918,-173.618082980367));
#2238=CARTESIAN_POINT('',(-8.2107566138974,14.7414399395042,-172.897793351792));
#2239=CARTESIAN_POINT('',(-8.08926812084793,15.1352683227049,-171.612160460614));
#2240=CARTESIAN_POINT('',(-7.95112593469728,15.5839185977992,-170.188141077771));
#2241=CARTESIAN_POINT('',(-7.82167624024694,16.0058990573303,-168.879851251524));
#2242=CARTESIAN_POINT('',(-7.66755813849239,16.5099779693445,-167.344306815676));
#2243=CARTESIAN_POINT('',(-7.40454582995577,17.3765384540581,-164.780075543873));
#2244=CARTESIAN_POINT('',(-7.02925664166397,18.6396108953348,-161.240779805761));
#2245=CARTESIAN_POINT('',(-6.74070567294143,19.6557974935123,-158.58878397412));
#2246=CARTESIAN_POINT('',(-6.6002870045341,20.1650855814695,-157.303261015724));
#2247=CARTESIAN_POINT('',(-10.0484975996214,4.35471225274447,-226.95041002806));
#2248=CARTESIAN_POINT('',(-9.98541049879404,4.23497512040691,-227.840623781545));
#2249=CARTESIAN_POINT('',(-10.0070585948185,4.27530840187766,-227.543986893756));
#2250=CARTESIAN_POINT('',(-10.0280937373269,4.31519923408664,-227.247245435606));
#2251=CARTESIAN_POINT('',(-10.0484975996214,4.35471225274447,-226.95041002806));
#2252=CARTESIAN_POINT('',(-9.98541049879402,4.23497512040677,-227.840623781545));
#2253=CARTESIAN_POINT('',(-1.64974999468781,5.85234969944388,-227.452212361311));
#2254=CARTESIAN_POINT('',(-1.24879194055506,-2.20697832366052,-224.780796172315));
#2255=CARTESIAN_POINT('',(-1.24879194055504,-2.20697832366052,-224.780796172315));
#2256=CARTESIAN_POINT('',(-1.2210318286687,-2.09205371519687,-224.438249593141));
#2257=CARTESIAN_POINT('',(-1.19249832070527,-1.97641344145144,-224.096049884998));
#2258=CARTESIAN_POINT('',(-1.16329945510963,-1.86001119953011,-223.754204302062));
#2259=CARTESIAN_POINT('',(-9.322051862524,28.6213395597499,-157.609471258244));
#2260=CARTESIAN_POINT('',(7.20318024657797,32.5760797240659,-157.083416153657));
#2261=CARTESIAN_POINT('',(6.64443102886792,32.5075976983859,-157.122469977652));
#2262=CARTESIAN_POINT('',(6.08541749908531,32.4418011675859,-157.162428317803));
#2263=CARTESIAN_POINT('',(5.52616481332024,32.3786945399593,-157.203289847805));
#2264=CARTESIAN_POINT('',(7.20318024657767,32.5760797240658,-157.083416153657));
#2265=CARTESIAN_POINT('',(5.52616481332016,32.3786945399601,-157.203289847805));
#2266=CARTESIAN_POINT('',(5.52616481332016,32.3786945399595,-157.203289847805));
#2267=CARTESIAN_POINT('',(4.91681766375971,32.3099352033638,-157.247811505845));
#2268=CARTESIAN_POINT('',(4.3071414899918,32.2443640897676,-157.293408679952));
#2269=CARTESIAN_POINT('',(3.69713629201645,32.181981199171,-157.340081370126));
#2270=CARTESIAN_POINT('',(3.69713629201645,32.1819811991709,-157.340081370126));
#2271=CARTESIAN_POINT('',(-9.32205186252402,28.6213395597502,-157.609471258244));
#2272=CARTESIAN_POINT('',(-11.6831081278734,41.18007879889,-161.963030955167));
#2273=CARTESIAN_POINT('',(-11.812853189061,42.8415483447584,-162.518928760797));
#2274=CARTESIAN_POINT('',(-11.7666770071639,42.2880071606088,-162.333399799431));
#2275=CARTESIAN_POINT('',(-11.7234325355844,41.7341836047404,-162.148100835449));
#2276=CARTESIAN_POINT('',(-11.6831081278757,41.180078798897,-161.963030955169));
#2277=CARTESIAN_POINT('',(-11.8128536578586,42.841548281685,-162.518928796889));
#2278=CARTESIAN_POINT('',(-11.8128536578586,42.841548281685,-162.518928796889));
#2279=CARTESIAN_POINT('',(-11.778124388656,42.8465037984,-162.51672926513));
#2280=CARTESIAN_POINT('',(-11.7433930406599,42.8514420813532,-162.514523881589));
#2281=CARTESIAN_POINT('',(-11.7086596039211,42.8563630534586,-162.512312630353));
#2282=CARTESIAN_POINT('',(-11.7086569877131,42.856363268163,-162.512312412953));
#2283=CARTESIAN_POINT('',(-11.8302826958192,44.2490207996509,-162.979684595735));
#2284=CARTESIAN_POINT('',(-11.7876821868595,43.7849998857627,-162.823732362537));
#2285=CARTESIAN_POINT('',(-11.7471424020884,43.3207805046233,-162.667941801102));
#2286=CARTESIAN_POINT('',(-11.7086569877131,42.856363268163,-162.512312412953));
#2287=CARTESIAN_POINT('',(-11.8302850800326,44.2490276731265,-162.979686805833));
#2288=CARTESIAN_POINT('',(-11.8302917312786,44.249048105541,-162.979694495267));
#2289=CARTESIAN_POINT('',(-11.8389679682362,44.3435514168153,-163.01145601565));
#2290=CARTESIAN_POINT('',(-11.8764193301871,44.432834247672,-163.044676614216));
#2291=CARTESIAN_POINT('',(-11.9368840940972,44.5050473495539,-163.074860471154));
#2292=CARTESIAN_POINT('',(-11.9368840940959,44.5050473495626,-163.074860471153));
#2293=CARTESIAN_POINT('',(-9.322051862524,28.6213395597499,-157.609471258244));
#2294=CARTESIAN_POINT('',(-9.05197354061262,27.8198316578168,-160.068056783129));
#2295=CARTESIAN_POINT('',(-11.5036600766911,35.4745777341642,-162.832852550533));
#2296=CARTESIAN_POINT('',(-11.5046155079498,36.1396589028149,-163.049776406943));
#2297=CARTESIAN_POINT('',(-11.5055709392085,36.8047400714655,-163.266700263353));
#2298=CARTESIAN_POINT('',(-11.5065263704671,37.4698212401162,-163.483624119763));
#2299=CARTESIAN_POINT('',(-11.5036600766911,35.4745777341641,-162.832852550533));
#2300=CARTESIAN_POINT('',(-11.5065263704671,37.4698212401159,-163.483624119763));
#2301=CARTESIAN_POINT('',(-9.05197354061259,27.8198316578168,-160.068056783129));
#2302=CARTESIAN_POINT('',(-17.3653479014573,26.0827537391509,-160.414996318109));
#2303=CARTESIAN_POINT('',(-19.408988111438,26.0192263816889,-160.618782289529));
#2304=CARTESIAN_POINT('',(-18.7277681019046,26.0442287602591,-160.552100389967));
#2305=CARTESIAN_POINT('',(-18.0465547314225,26.0653855209979,-160.484165534188));
#2306=CARTESIAN_POINT('',(-17.3653479014573,26.0827537391509,-160.414996318109));
#2307=CARTESIAN_POINT('',(-19.408988111438,26.0192263816889,-160.618782289529));
#2308=CARTESIAN_POINT('',(-9.05197354061262,27.8198316578168,-160.068056783129));
#2309=CARTESIAN_POINT('',(-9.36360237358728,28.7446484677399,-157.231227331339));
#2310=CARTESIAN_POINT('',(1.12607604101272,30.495677331739,-159.82232235851));
#2311=CARTESIAN_POINT('',(1.4806092401538,30.5097734632171,-159.787971887532));
#2312=CARTESIAN_POINT('',(2.17604201173006,30.601568176968,-159.624371526698));
#2313=CARTESIAN_POINT('',(3.0914591101137,31.009452975132,-159.002182662484));
#2314=CARTESIAN_POINT('',(3.56310811238107,31.4873755136231,-158.326199524176));
#2315=CARTESIAN_POINT('',(3.71388172517535,31.9439264000035,-157.680660059883));
#2316=CARTESIAN_POINT('',(3.69713629201646,32.1819811991709,-157.340081370126));
#2317=CARTESIAN_POINT('',(-10.5848701647445,37.6707336291446,-163.44787734865));
#2318=CARTESIAN_POINT('',(-10.5881771264609,38.3683768909519,-163.675674885109));
#2319=CARTESIAN_POINT('',(-10.8106286609531,39.9065541911523,-163.609719056173));
#2320=CARTESIAN_POINT('',(-11.3960585713893,40.917397169655,-162.58491653987));
#2321=CARTESIAN_POINT('',(-11.6831081278752,41.1800787988898,-161.963030955167));
#2322=CARTESIAN_POINT('',(-1.64974999468781,5.85234969944388,-227.452212361311));
#2323=CARTESIAN_POINT('',(-0.170835066204922,-1.76456209564027,-223.870432053279));
#2324=CARTESIAN_POINT('',(-0.122233713436764,-1.55262114675243,-223.289004086497));
#2325=CARTESIAN_POINT('',(-0.0163695319120713,-1.10210268866257,-222.068816097804));
#2326=CARTESIAN_POINT('',(0.135991397685622,-0.467569488642369,-220.401865986656));
#2327=CARTESIAN_POINT('',(0.268489104251675,0.0859512873802087,-218.984657132247));
#2328=CARTESIAN_POINT('',(0.35538933456373,0.451897086537058,-218.063896168295));
#2329=CARTESIAN_POINT('',(0.427017177411004,0.75665131629471,-217.307475589854));
#2330=CARTESIAN_POINT('',(0.481969627085562,0.992420468249209,-216.727668509093));
#2331=CARTESIAN_POINT('',(0.527885885061107,1.19127141223364,-216.2430477035));
#2332=CARTESIAN_POINT('',(0.561717612729585,1.33909183344875,-215.885480516936));
#2333=CARTESIAN_POINT('',(0.579107842817431,1.41535229446624,-215.70155775298));
#2334=CARTESIAN_POINT('',(0.597963476479708,1.49839003026802,-215.501934172354));
#2335=CARTESIAN_POINT('',(0.594840735834398,1.48463073038899,-215.5350314172));
#2336=CARTESIAN_POINT('',(0.598926404668037,1.5025555105783,-215.491991647689));
#2337=CARTESIAN_POINT('',(0.603659106054793,1.52317063932057,-215.442603024444));
#2338=CARTESIAN_POINT('',(0.615765379034587,1.57591287444011,-215.31635426668));
#2339=CARTESIAN_POINT('',(0.63494145869459,1.65965977458536,-215.116510853497));
#2340=CARTESIAN_POINT('',(0.66796272770963,1.80485883833699,-214.771214147517));
#2341=CARTESIAN_POINT('',(0.722324917495905,2.04697863940503,-214.198708032383));
#2342=CARTESIAN_POINT('',(0.807532235116397,2.43793743157094,-213.284742327896));
#2343=CARTESIAN_POINT('',(0.910847462057223,2.93164917711817,-212.146835725147));
#2344=CARTESIAN_POINT('',(1.03028803092585,3.53415240052924,-210.781736133023));
#2345=CARTESIAN_POINT('',(1.13963966128695,4.12389445160789,-209.470663633415));
#2346=CARTESIAN_POINT('',(1.22167599372797,4.59798818265678,-208.434665542434));
#2347=CARTESIAN_POINT('',(1.26679591020239,4.86766529872091,-207.849888623774));
#2348=CARTESIAN_POINT('',(1.30815654975234,5.12285700861735,-207.300370832801));
#2349=CARTESIAN_POINT('',(1.32222503403617,5.21208650581798,-207.109231993009));
#2350=CARTESIAN_POINT('',(1.34993373522032,5.38913625588032,-206.730248361903));
#2351=CARTESIAN_POINT('',(1.39285688823779,5.6723546829977,-206.126999362294));
#2352=CARTESIAN_POINT('',(1.45306545218049,6.09203767160274,-205.239966374787));
#2353=CARTESIAN_POINT('',(1.51887118966037,6.59090287333827,-204.196700100223));
#2354=CARTESIAN_POINT('',(1.59965466404139,7.25950750721522,-202.811918852781));
#2355=CARTESIAN_POINT('',(1.6868193390233,8.09647493016411,-201.102340700574));
#2356=CARTESIAN_POINT('',(1.7972974224647,9.43685943660866,-198.408643178822));
#2357=CARTESIAN_POINT('',(1.8646259078958,10.7773343378028,-195.772022620071));
#2358=CARTESIAN_POINT('',(1.88753240384613,11.9364389514499,-193.527192215051));
#2359=CARTESIAN_POINT('',(1.8901613547084,12.5208634904529,-192.402826034806));
#2360=CARTESIAN_POINT('',(1.8893663995983,12.8417314067048,-191.787227156154));
#2361=CARTESIAN_POINT('',(1.88712432453501,13.1163883000374,-191.261424347544));
#2362=CARTESIAN_POINT('',(1.88533328678976,13.258797811756,-190.989201281827));
#2363=CARTESIAN_POINT('',(1.88149986462242,13.5145546745527,-190.500717435162));
#2364=CARTESIAN_POINT('',(1.87181520898765,13.9801914094546,-189.613372009522));
#2365=CARTESIAN_POINT('',(1.84661520787497,14.7756662745096,-188.104746115562));
#2366=CARTESIAN_POINT('',(1.79813161191294,15.7325205832161,-186.306035057841));
#2367=CARTESIAN_POINT('',(1.74059223953862,16.5884731242466,-184.708728747441));
#2368=CARTESIAN_POINT('',(1.66467773396648,17.543453260499,-182.935223653718));
#2369=CARTESIAN_POINT('',(1.55850002014204,18.6257751499334,-180.941549907946));
#2370=CARTESIAN_POINT('',(1.42142068857165,19.7829464690411,-178.828263052913));
#2371=CARTESIAN_POINT('',(1.30598271133997,20.6243195934003,-177.302530551225));
#2372=CARTESIAN_POINT('',(1.2303901444139,21.1346145628834,-176.381073205403));
#2373=CARTESIAN_POINT('',(1.18568531415995,21.4249349348769,-175.858101781907));
#2374=CARTESIAN_POINT('',(1.1611891187279,21.5819405047005,-175.57553661873));
#2375=CARTESIAN_POINT('',(1.10618037635437,21.9243388696485,-174.960559200236));
#2376=CARTESIAN_POINT('',(1.0412740362022,22.3135486182889,-174.263215447831));
#2377=CARTESIAN_POINT('',(0.918430646698351,23.019423147841,-173.002046450173));
#2378=CARTESIAN_POINT('',(0.732877526480164,23.9953915532226,-171.268338671326));
#2379=CARTESIAN_POINT('',(0.490275577535215,25.1454719425064,-169.23809386682));
#2380=CARTESIAN_POINT('',(-0.0296181111877914,27.3839441168797,-165.307688586433));
#2381=CARTESIAN_POINT('',(-0.531090558331632,29.1237054041582,-162.286255423982));
#2382=CARTESIAN_POINT('',(-0.961260634927656,30.4253672079881,-160.028697228041));
#2383=CARTESIAN_POINT('',(-0.170835066205432,-1.7645620956403,-223.870432053279));
#2384=CARTESIAN_POINT('',(-0.240081184759096,-2.07027943914699,-224.714552525125));
#2385=CARTESIAN_POINT('',(-0.217438535279113,-1.96893917190067,-224.43293875147));
#2386=CARTESIAN_POINT('',(-0.194334754735525,-1.86703961945142,-224.151563654429));
#2387=CARTESIAN_POINT('',(-0.17083506620583,-1.7645620956404,-223.870432053279));
#2388=CARTESIAN_POINT('',(-0.240081184758151,-2.07027943914682,-224.714552525125));
#2389=CARTESIAN_POINT('',(-1.64974999468781,5.85234969944388,-227.452212361311));
#2390=CARTESIAN_POINT('',(6.79475323713299,6.50899634153127,-226.738643615357));
#2391=CARTESIAN_POINT('',(6.79475323713299,6.50899634153128,-226.738643615357));
#2392=CARTESIAN_POINT('',(6.75464928716604,6.68071572992568,-226.422067284604));
#2393=CARTESIAN_POINT('',(6.71378116626645,6.85307254796213,-226.105981223203));
#2394=CARTESIAN_POINT('',(6.67210091776899,7.02596962513257,-225.790339312423));
#2395=CARTESIAN_POINT('',(6.67210091776899,7.02596962513257,-225.790339312423));
#2396=CARTESIAN_POINT('',(6.66653857260524,7.11327750801511,-225.838911542708));
#2397=CARTESIAN_POINT('',(6.66858095630118,7.08419402522987,-225.82270794225));
#2398=CARTESIAN_POINT('',(6.67043503300081,7.05509154161309,-225.806516931165));
#2399=CARTESIAN_POINT('',(6.67210091851091,7.02596961778062,-225.7903393125));
#2400=CARTESIAN_POINT('',(6.66653857260524,7.11327750801511,-225.838911542708));
#2401=CARTESIAN_POINT('',(6.66653857189568,7.11327751474958,-225.838911543244));
#2402=CARTESIAN_POINT('',(5.96683690126131,9.96215007416617,-220.636734079782));
#2403=CARTESIAN_POINT('',(4.04237484898054,15.9167209590577,-210.454519004045));
#2404=CARTESIAN_POINT('',(-0.242067933258968,23.8317623070291,-194.950984219269));
#2405=CARTESIAN_POINT('',(-5.12546370234006,30.5346066660126,-179.054876459748));
#2406=CARTESIAN_POINT('',(-8.74743065639312,34.1746833861213,-168.281689831411));
#2407=CARTESIAN_POINT('',(-10.5876196358621,35.7170788554828,-162.811280756686));
#2408=CARTESIAN_POINT('',(-9.322051862524,28.6213395597499,-157.609471258244));
#2409=CARTESIAN_POINT('',(-12.8995247854034,44.3024059207793,-163.114545759745));
#2410=CARTESIAN_POINT('',(-12.8468067205883,43.7699904092596,-162.935185212141));
#2411=CARTESIAN_POINT('',(-12.7969069233447,43.2372310038779,-162.756022143666));
#2412=CARTESIAN_POINT('',(-12.7498291533351,42.7041516302515,-162.577064767162));
#2413=CARTESIAN_POINT('',(-12.8995247854033,44.3024059207789,-163.114545759744));
#2414=CARTESIAN_POINT('',(-12.749829153336,42.7041516302514,-162.577064767162));
#2415=CARTESIAN_POINT('',(-12.7498291533356,42.7041516302515,-162.577064767162));
#2416=CARTESIAN_POINT('',(-12.6985344422092,42.1233222393934,-162.382077474225));
#2417=CARTESIAN_POINT('',(-12.6505860978301,41.542069999409,-162.187319932986));
#2418=CARTESIAN_POINT('',(-12.6059841201983,40.9603949102983,-161.992792143445));
#2419=CARTESIAN_POINT('',(-12.6059841201983,40.9603949102982,-161.992792143445));
#2420=CARTESIAN_POINT('',(-9.32205186252402,28.6213395597502,-157.609471258244));
#2421=CARTESIAN_POINT('',(-22.5398007097433,25.9364700002441,-158.186178168029));
#2422=CARTESIAN_POINT('',(-24.282270501816,25.756037201838,-158.318768635367));
#2423=CARTESIAN_POINT('',(-23.7016431091936,25.8189739085615,-158.275503675487));
#2424=CARTESIAN_POINT('',(-23.1208195854696,25.8791144722511,-158.231305617502));
#2425=CARTESIAN_POINT('',(-22.5398007097507,25.9364700002433,-158.18617816803));
#2426=CARTESIAN_POINT('',(-24.2822704527929,25.7560367532863,-158.318768488908));
#2427=CARTESIAN_POINT('',(-24.2822704527929,25.7560367532863,-158.318768488908));
#2428=CARTESIAN_POINT('',(-24.2862783834003,25.7891055703622,-158.32998932019));
#2429=CARTESIAN_POINT('',(-24.2902682141571,25.8221769625304,-158.341208997517));
#2430=CARTESIAN_POINT('',(-24.2942398662524,25.8552509378452,-158.352427525169));
#2431=CARTESIAN_POINT('',(-24.294240002261,25.8552534343398,-158.352428353976));
#2432=CARTESIAN_POINT('',(-25.7552285205287,25.6916940880137,-158.459598601325));
#2433=CARTESIAN_POINT('',(-25.2683700533699,25.7481772834349,-158.424530392597));
#2434=CARTESIAN_POINT('',(-24.7813737389477,25.8026950456584,-158.388806302762));
#2435=CARTESIAN_POINT('',(-24.294240002261,25.8552534343398,-158.352428353976));
#2436=CARTESIAN_POINT('',(-25.7552357298574,25.6916916892333,-158.459598318677));
#2437=CARTESIAN_POINT('',(-25.7552573917929,25.6916845142461,-158.459598656937));
#2438=CARTESIAN_POINT('',(-25.8544118466854,25.6801809108918,-158.466740665877));
#2439=CARTESIAN_POINT('',(-25.9490795578935,25.6413157047416,-158.464469813036));
#2440=CARTESIAN_POINT('',(-26.0266698220635,25.5810042436843,-158.453331431234));
#2441=CARTESIAN_POINT('',(-26.0266698220678,25.581004243681,-158.453331431229));
#2442=CARTESIAN_POINT('',(-9.322051862524,28.6213395597499,-157.609471258244));
#2443=CARTESIAN_POINT('',(-9.05197354061262,27.8198316578168,-160.068056783129));
#2444=CARTESIAN_POINT('',(-17.1426864462976,25.2142961076456,-160.107416338216));
#2445=CARTESIAN_POINT('',(-17.8384653382777,25.1908593997285,-160.176207961393));
#2446=CARTESIAN_POINT('',(-18.5342442302578,25.1674226918115,-160.24499958457));
#2447=CARTESIAN_POINT('',(-19.2300231222379,25.1439859838944,-160.313791207747));
#2448=CARTESIAN_POINT('',(-17.1426864462976,25.2142961076456,-160.107416338216));
#2449=CARTESIAN_POINT('',(-19.2300231222377,25.1439859838945,-160.313791207747));
#2450=CARTESIAN_POINT('',(-9.05197354061259,27.8198316578168,-160.068056783129));
#2451=CARTESIAN_POINT('',(-7.51632744536312,19.9225844601507,-157.324832809571));
#2452=CARTESIAN_POINT('',(-7.5190769164808,17.968929686489,-156.688236217607));
#2453=CARTESIAN_POINT('',(-7.52216323056736,18.6200246827336,-156.900834610316));
#2454=CARTESIAN_POINT('',(-7.52122683902224,19.271243553454,-157.113031487924));
#2455=CARTESIAN_POINT('',(-7.51632744536313,19.9225844601507,-157.324832809571));
#2456=CARTESIAN_POINT('',(-7.51907691648081,17.968929686489,-156.688236217607));
#2457=CARTESIAN_POINT('',(-9.05197354061262,27.8198316578168,-160.068056783129));
#2458=CARTESIAN_POINT('',(-9.322051862524,28.6213395597499,-157.609471258244));
#2459=CARTESIAN_POINT('',(-25.8472839716259,24.6665993954346,-158.135526362831));
#2460=CARTESIAN_POINT('',(-25.2885347539158,24.7350814211146,-158.096472538836));
#2461=CARTESIAN_POINT('',(-24.7295212241333,24.8008779519146,-158.056514198685));
#2462=CARTESIAN_POINT('',(-24.1702685383682,24.8639845795412,-158.015652668683));
#2463=CARTESIAN_POINT('',(-25.8472839716258,24.6665993954346,-158.135526362831));
#2464=CARTESIAN_POINT('',(-24.1702685383681,24.8639845795406,-158.015652668683));
#2465=CARTESIAN_POINT('',(-24.1702685383682,24.8639845795411,-158.015652668683));
#2466=CARTESIAN_POINT('',(-23.5609213888106,24.9327439161365,-157.971131010643));
#2467=CARTESIAN_POINT('',(-22.9512452150457,24.9983150297324,-157.925533836536));
#2468=CARTESIAN_POINT('',(-22.3412400170735,25.0606979203287,-157.878861146363));
#2469=CARTESIAN_POINT('',(-22.3412400170645,25.0606979203296,-157.878861146362));
#2470=CARTESIAN_POINT('',(-9.32205186252402,28.6213395597502,-157.609471258244));
#2471=CARTESIAN_POINT('',(-6.96099559717291,16.0626003206107,-153.255911561321));
#2472=CARTESIAN_POINT('',(-6.83125053598704,14.4011307747421,-152.700013755691));
#2473=CARTESIAN_POINT('',(-6.8774267163387,14.9546719403654,-152.885542710848));
#2474=CARTESIAN_POINT('',(-6.92067118811605,15.5084954962419,-153.070841674854));
#2475=CARTESIAN_POINT('',(-6.9609955971729,16.0626003206107,-153.255911561321));
#2476=CARTESIAN_POINT('',(-6.83125006617651,14.4011308348093,-152.700013728821));
#2477=CARTESIAN_POINT('',(-6.83125006617651,14.4011308348093,-152.700013728821));
#2478=CARTESIAN_POINT('',(-6.86597933537924,14.3961753180942,-152.702213260579));
#2479=CARTESIAN_POINT('',(-6.90071068438801,14.3912370381473,-152.704418634899));
#2480=CARTESIAN_POINT('',(-6.93544412112692,14.3863160660419,-152.706629886135));
#2481=CARTESIAN_POINT('',(-6.93544673733496,14.3863158513374,-152.706630103534));
#2482=CARTESIAN_POINT('',(-6.81382102922882,12.9936583198493,-152.239257920753));
#2483=CARTESIAN_POINT('',(-6.85642153699875,13.4576792207777,-152.395210149596));
#2484=CARTESIAN_POINT('',(-6.8969613218859,13.9218986019195,-152.551000711043));
#2485=CARTESIAN_POINT('',(-6.93544673733494,14.3863158513375,-152.706630103534));
#2486=CARTESIAN_POINT('',(-6.81381870249552,12.9936516169565,-152.239255187401));
#2487=CARTESIAN_POINT('',(-6.8138119927566,12.9936310109535,-152.239248030442));
#2488=CARTESIAN_POINT('',(-6.8051357557989,12.8991276996779,-152.207486510058));
#2489=CARTESIAN_POINT('',(-6.76768439485916,12.8098448718236,-152.174265902278));
#2490=CARTESIAN_POINT('',(-6.70721963094755,12.7376317699412,-152.14408204534));
#2491=CARTESIAN_POINT('',(-6.70721963094346,12.7376317699389,-152.144082045335));
#2492=CARTESIAN_POINT('',(-9.322051862524,28.6213395597499,-157.609471258244));
#2493=CARTESIAN_POINT('',(-9.36360237358728,28.7446484677399,-157.231227331339));
#2494=CARTESIAN_POINT('',(-11.5065263704668,37.4698212401162,-163.483624119763));
#2495=CARTESIAN_POINT('',(-11.5092665131153,37.8086395128893,-163.59438112753));
#2496=CARTESIAN_POINT('',(-11.557140471474,38.5173862809721,-163.713562461181));
#2497=CARTESIAN_POINT('',(-11.8153359079888,39.6384640573101,-163.452799751539));
#2498=CARTESIAN_POINT('',(-12.1354915992025,40.3820458620092,-162.95040312429));
#2499=CARTESIAN_POINT('',(-12.4446105821771,40.8184120223247,-162.348803072399));
#2500=CARTESIAN_POINT('',(-12.6059841201982,40.9603949102982,-161.992792143445));
#2501=CARTESIAN_POINT('',(-19.408988111438,26.0192263816889,-160.618782289529));
#2502=CARTESIAN_POINT('',(-20.1389100924092,25.9924365260776,-160.690231430104));
#2503=CARTESIAN_POINT('',(-21.6312279992119,25.9614610179893,-160.252222244862));
#2504=CARTESIAN_POINT('',(-22.4105218808834,25.927869727241,-158.908226494937));
#2505=CARTESIAN_POINT('',(-22.5398007097435,25.936470000244,-158.186178168029));
#2506=CARTESIAN_POINT('',(-1.64974999468781,5.85234969944388,-227.452212361311));
#2507=CARTESIAN_POINT('',(6.5650826339122,7.89578921486172,-226.279794063216));
#2508=CARTESIAN_POINT('',(6.48053333093773,8.19021783568826,-225.739884127515));
#2509=CARTESIAN_POINT('',(6.2975297909162,8.8121874527198,-224.607322284648));
#2510=CARTESIAN_POINT('',(6.02896979100285,9.67076468158087,-223.059649976588));
#2511=CARTESIAN_POINT('',(5.78693868611329,10.4047532717782,-221.742416692927));
#2512=CARTESIAN_POINT('',(5.62351805489824,10.8829726424218,-220.885755346263));
#2513=CARTESIAN_POINT('',(5.48523645159947,11.2764470457541,-220.181316652432));
#2514=CARTESIAN_POINT('',(5.37712000440583,11.5783015196548,-219.64096692587));
#2515=CARTESIAN_POINT('',(5.2850049940758,11.8307573388273,-219.188984391987));
#2516=CARTESIAN_POINT('',(5.21596157560534,12.0170886998659,-218.855272860445));
#2517=CARTESIAN_POINT('',(5.18022676631719,12.1129430374696,-218.683573615635));
#2518=CARTESIAN_POINT('',(5.14117997984327,12.2169880194116,-218.497159118891));
#2519=CARTESIAN_POINT('',(5.14764587741508,12.1997415115862,-218.528066197092));
#2520=CARTESIAN_POINT('',(5.13920644871429,12.2221946841413,-218.487878594342));
#2521=CARTESIAN_POINT('',(5.12947738096559,12.2480048665805,-218.441772216137));
#2522=CARTESIAN_POINT('',(5.10456354064339,12.3139936297807,-218.323908571864));
#2523=CARTESIAN_POINT('',(5.06487308439418,12.4184856797812,-218.13729470381));
#2524=CARTESIAN_POINT('',(4.99580627973191,12.5989759832386,-217.814717554745));
#2525=CARTESIAN_POINT('',(4.87994132774306,12.8980080504679,-217.279464682625));
#2526=CARTESIAN_POINT('',(4.69062161108773,13.3743711064682,-216.423498176662));
#2527=CARTESIAN_POINT('',(4.44808056423189,13.9655842230732,-215.355370071654));
#2528=CARTESIAN_POINT('',(4.14707642826685,14.6716958198762,-214.070233506157));
#2529=CARTESIAN_POINT('',(3.84709099434223,15.3460162532488,-212.831700001037));
#2530=CARTESIAN_POINT('',(3.60209408256972,15.8756321514763,-211.849727306614));
#2531=CARTESIAN_POINT('',(3.46176592349312,16.1736910598991,-211.294574633995));
#2532=CARTESIAN_POINT('',(3.32815256431722,16.4529981558657,-210.772139637049));
#2533=CARTESIAN_POINT('',(3.28121867419079,16.5499033622227,-210.590204282709));
#2534=CARTESIAN_POINT('',(3.18803209463427,16.7418861847215,-210.229369367021));
#2535=CARTESIAN_POINT('',(3.03832179584295,17.0465285343911,-209.654265639578));
#2536=CARTESIAN_POINT('',(2.81499353692233,17.4921340502956,-208.806830321085));
#2537=CARTESIAN_POINT('',(2.54713076050418,18.0121496636415,-207.807113009468));
#2538=CARTESIAN_POINT('',(2.18522069870949,18.6970081184285,-206.476260936851));
#2539=CARTESIAN_POINT('',(1.72700488219822,19.5321148843942,-204.82598684841));
#2540=CARTESIAN_POINT('',(0.983594158948504,20.8254637736724,-202.210756165857));
#2541=CARTESIAN_POINT('',(0.227640688551997,22.0568331339062,-199.629005229908));
#2542=CARTESIAN_POINT('',(-0.433772604112546,23.075476566286,-197.413557248727));
#2543=CARTESIAN_POINT('',(-0.768927922080746,23.5779709108845,-196.299587500456));
#2544=CARTESIAN_POINT('',(-0.953323255294324,23.8511337490994,-195.688605295568));
#2545=CARTESIAN_POINT('',(-1.11141811946989,24.0830792887712,-195.165999032247));
#2546=CARTESIAN_POINT('',(-1.19348221847373,24.2026084332264,-194.895134961066));
#2547=CARTESIAN_POINT('',(-1.34095567378155,24.4165488071589,-194.408797797351));
#2548=CARTESIAN_POINT('',(-1.60989832769887,24.8027913422004,-193.524049340977));
#2549=CARTESIAN_POINT('',(-2.07097132531064,25.4518471991921,-192.015571437613));
#2550=CARTESIAN_POINT('',(-2.6291340823436,26.2096619523062,-190.207961574065));
#2551=CARTESIAN_POINT('',(-3.13105398652409,26.8699828596402,-188.595694329262));
#2552=CARTESIAN_POINT('',(-3.6929748854792,27.5925929906493,-186.799824109555));
#2553=CARTESIAN_POINT('',(-4.33347019861096,28.3867071740402,-184.770888968084));
#2554=CARTESIAN_POINT('',(-5.02234990866985,29.2069959134961,-182.608393036458));
#2555=CARTESIAN_POINT('',(-5.52567503371816,29.7847369012062,-181.039325319253));
#2556=CARTESIAN_POINT('',(-5.83182310322614,30.1284979576333,-180.088904080428));
#2557=CARTESIAN_POINT('',(-6.00628399208476,30.3220191014177,-179.548629598059));
#2558=CARTESIAN_POINT('',(-6.10069034391399,30.4262812569819,-179.256549594162));
#2559=CARTESIAN_POINT('',(-6.30685004959368,30.6517154123669,-178.620045514966));
#2560=CARTESIAN_POINT('',(-6.54158015370413,30.9051219444582,-177.897084743457));
#2561=CARTESIAN_POINT('',(-6.96808788714218,31.3586172322406,-176.586997050376));
#2562=CARTESIAN_POINT('',(-7.56006988419517,31.9673223119165,-174.778206740031));
#2563=CARTESIAN_POINT('',(-8.26059853085289,32.65769973331,-172.6484008334));
#2564=CARTESIAN_POINT('',(-9.62904505648716,33.9494670886133,-168.502580770839));
#2565=CARTESIAN_POINT('',(-10.700662908039,34.8512796575583,-165.270604348567));
#2566=CARTESIAN_POINT('',(-11.5036600766911,35.4745777341641,-162.832852550533));
#2567=CARTESIAN_POINT('',(6.56508263391208,7.89578921486234,-226.279794063216));
#2568=CARTESIAN_POINT('',(6.68591050941842,7.46972427848087,-227.063800941077));
#2569=CARTESIAN_POINT('',(6.64623314473094,7.61138576431495,-226.802177954671));
#2570=CARTESIAN_POINT('',(6.60596384763916,7.75342731533229,-226.540850898675));
#2571=CARTESIAN_POINT('',(6.56508263391215,7.89578921486198,-226.279794063216));
#2572=CARTESIAN_POINT('',(6.68591050941839,7.46972427848107,-227.063800941077));
#2573=CARTESIAN_POINT('',(-1.64974999468781,5.85234969944388,-227.452212361311));
#2574=CARTESIAN_POINT('',(-2.05070804882058,13.9116777225483,-230.123628550307));
#2575=CARTESIAN_POINT('',(-2.05070804882057,13.9116777225483,-230.123628550307));
#2576=CARTESIAN_POINT('',(-2.15252360769199,14.016526495079,-229.792031241487));
#2577=CARTESIAN_POINT('',(-2.2550735628328,14.1205438631089,-229.460442085919));
#2578=CARTESIAN_POINT('',(-2.3582537476639,14.2236950142293,-229.128818582936));
#2579=CARTESIAN_POINT('',(-2.3582537476639,14.2236950142293,-229.128818582936));
#2580=CARTESIAN_POINT('',(-2.45387114150369,14.207705784729,-229.153608221644));
#2581=CARTESIAN_POINT('',(-2.42201266146372,14.2132144306006,-229.1454064511));
#2582=CARTESIAN_POINT('',(-2.39014028183357,14.218544258239,-229.137142956252));
#2583=CARTESIAN_POINT('',(-2.35825374048464,14.2236950141778,-229.128818584687));
#2584=CARTESIAN_POINT('',(-2.45387114150369,14.207705784729,-229.153608221644));
#2585=CARTESIAN_POINT('',(-2.45387114820793,14.2077057845085,-229.153608220572));
#2586=CARTESIAN_POINT('',(-4.15387433869765,15.8960455054169,-223.682977014928));
#2587=CARTESIAN_POINT('',(-7.85728688840536,18.7296144092959,-212.678723509303));
#2588=CARTESIAN_POINT('',(-12.3850618608151,21.6973928078897,-195.589093159491));
#2589=CARTESIAN_POINT('',(-15.6517588247891,24.1579940234696,-178.132402429459));
#2590=CARTESIAN_POINT('',(-16.9866332685951,25.4544521547749,-166.343947916396));
#2591=CARTESIAN_POINT('',(-17.3653479014574,26.0827537391509,-160.414996318109));
#2592=CARTESIAN_POINT('',(-9.322051862524,28.6213395597499,-157.609471258244));
#2593=CARTESIAN_POINT('',(7.33949022566082,31.8395368987631,-156.560487134491));
#2594=CARTESIAN_POINT('',(7.35398344577192,31.7800995631967,-156.628703460016));
#2595=CARTESIAN_POINT('',(7.36833962912281,31.7208202498086,-156.69708558345));
#2596=CARTESIAN_POINT('',(7.38256609701977,31.6616748758191,-156.765611085259));
#2597=CARTESIAN_POINT('',(7.33949014134068,31.8395372444584,-156.56048673771));
#2598=CARTESIAN_POINT('',(7.38256609701971,31.6616748758195,-156.765611085259));
#2599=CARTESIAN_POINT('',(7.32903338515429,31.8823446572457,-156.511385310243));
#2600=CARTESIAN_POINT('',(7.33252614564569,31.8680715360048,-156.527747450381));
#2601=CARTESIAN_POINT('',(7.33601172846475,31.8538023484046,-156.544114552479));
#2602=CARTESIAN_POINT('',(7.33949014134068,31.8395372444584,-156.56048673771));
#2603=CARTESIAN_POINT('',(7.33036123157775,31.8770512217609,-156.517355371857));
#2604=CARTESIAN_POINT('',(7.20318024657745,32.5760797240668,-157.083416153657));
#2605=CARTESIAN_POINT('',(7.25265949161402,32.3442591305773,-156.894967828925));
#2606=CARTESIAN_POINT('',(7.29503227089076,32.1112259013545,-156.706173007267));
#2607=CARTESIAN_POINT('',(7.33032817139738,31.8770523665577,-156.517452619293));
#2608=CARTESIAN_POINT('',(-12.0681470658933,44.5636985408523,-162.840560801768));
#2609=CARTESIAN_POINT('',(-12.0242113946724,44.5443194537163,-162.918601977647));
#2610=CARTESIAN_POINT('',(-11.9804665148224,44.5247646351934,-162.996706051554));
#2611=CARTESIAN_POINT('',(-11.9368840941039,44.5050473495612,-163.074860471153));
#2612=CARTESIAN_POINT('',(-12.068147321432,44.5636986535597,-162.840560347842));
#2613=CARTESIAN_POINT('',(-12.0997964983791,44.5776273546211,-162.784372365102));
#2614=CARTESIAN_POINT('',(-12.0892417500468,44.5729926086108,-162.803100883805));
#2615=CARTESIAN_POINT('',(-12.0786919670557,44.5683497171209,-162.821830183603));
#2616=CARTESIAN_POINT('',(-12.068147321432,44.5636986535597,-162.840560347842));
#2617=CARTESIAN_POINT('',(-12.0958611252773,44.5759769617512,-162.791243632306));
#2618=CARTESIAN_POINT('',(-12.8995247854041,44.3024059207787,-163.114545759744));
#2619=CARTESIAN_POINT('',(-12.6327728745226,44.4000882141146,-163.009648943973));
#2620=CARTESIAN_POINT('',(-12.3648393526762,44.4912998877076,-162.901781054859));
#2621=CARTESIAN_POINT('',(-12.0958830276157,44.5759084173276,-162.7913169351));
#2622=CARTESIAN_POINT('',(-26.0362117961026,25.5592955121258,-158.179462946768));
#2623=CARTESIAN_POINT('',(-26.0331843267801,25.5667369269196,-158.27074151562));
#2624=CARTESIAN_POINT('',(-26.0300003270155,25.5739624682681,-158.362031742364));
#2625=CARTESIAN_POINT('',(-26.0266698220679,25.5810042436812,-158.453331431229));
#2626=CARTESIAN_POINT('',(-26.0362118137234,25.5592954688347,-158.179462415853));
#2627=CARTESIAN_POINT('',(-26.0383684088715,25.5539205337566,-158.113741584384));
#2628=CARTESIAN_POINT('',(-26.0376572916715,25.5557178621812,-158.13564831665));
#2629=CARTESIAN_POINT('',(-26.0369384288339,25.5575095714207,-158.157555257278));
#2630=CARTESIAN_POINT('',(-26.0362118137234,25.5592954688347,-158.179462415853));
#2631=CARTESIAN_POINT('',(-26.0381557493244,25.5546422298303,-158.12179510546));
#2632=CARTESIAN_POINT('',(-25.8472839716257,24.6665993954341,-158.135526362831));
#2633=CARTESIAN_POINT('',(-25.9178698386697,24.9610578348724,-158.131836218324));
#2634=CARTESIAN_POINT('',(-25.9814930093207,25.2571555725135,-158.127183804893));
#2635=CARTESIAN_POINT('',(-26.0381043713824,25.5545867236519,-158.12186460885));
#2636=CARTESIAN_POINT('',(-6.62857450458629,12.835133870016,-151.89938927949));
#2637=CARTESIAN_POINT('',(-6.65498948637355,12.8025170363808,-151.980842997988));
#2638=CARTESIAN_POINT('',(-6.68119418306983,12.7700180828825,-152.06241127426));
#2639=CARTESIAN_POINT('',(-6.70721963094378,12.7376317699388,-152.144082045335));
#2640=CARTESIAN_POINT('',(-6.62857435094974,12.8351340597326,-151.899388805721));
#2641=CARTESIAN_POINT('',(-6.6095385253378,12.8586378363816,-151.840754529521));
#2642=CARTESIAN_POINT('',(-6.61588939597869,12.8507967895753,-151.860294883223));
#2643=CARTESIAN_POINT('',(-6.62223473331256,12.8429622027039,-151.879839626152));
#2644=CARTESIAN_POINT('',(-6.62857435094974,12.8351340597326,-151.899388805721));
#2645=CARTESIAN_POINT('',(-6.61193339246884,12.8557164898394,-151.84790684501));
#2646=CARTESIAN_POINT('',(-5.74457893964357,12.9402731987212,-152.104396756743));
#2647=CARTESIAN_POINT('',(-6.03243747253247,12.9052287513344,-152.017155103276));
#2648=CARTESIAN_POINT('',(-6.32162138575332,12.8770815861597,-151.931575757301));
#2649=CARTESIAN_POINT('',(-6.61189317236883,12.8557306728816,-151.848000293044));
#2650=CARTESIAN_POINT('',(-5.74457893964381,12.9402731987212,-152.104396756743));
#2651=CARTESIAN_POINT('',(-9.322051862524,28.6213395597499,-157.609471258244));
#2652=CARTESIAN_POINT('',(-9.8414332508151,30.1627009096217,-152.881422171927));
#2653=CARTESIAN_POINT('',(-26.7494671037982,29.6153629448109,-154.560354087954));
#2654=CARTESIAN_POINT('',(-9.322051862524,28.6213395597499,-157.609471258244));
#2655=CARTESIAN_POINT('',(7.11112479477444,31.550985031405,-156.759343915214));
#2656=CARTESIAN_POINT('',(6.62426582017097,31.4945017771141,-156.794412160494));
#2657=CARTESIAN_POINT('',(6.13726950622079,31.439984019067,-156.830136251638));
#2658=CARTESIAN_POINT('',(5.65013627721299,31.3874256851607,-156.866514162512));
#2659=CARTESIAN_POINT('',(7.11113194697629,31.550987600809,-156.759343674583));
#2660=CARTESIAN_POINT('',(5.65013627721298,31.3874256851608,-156.866514162512));
#2661=CARTESIAN_POINT('',(7.11115366775784,31.5509946022484,-156.759343868771));
#2662=CARTESIAN_POINT('',(7.21030812265039,31.5624982056027,-156.752201859831));
#2663=CARTESIAN_POINT('',(7.30497583284635,31.6013634147566,-156.754472703459));
#2664=CARTESIAN_POINT('',(7.38256609701634,31.661674875814,-156.765611085262));
#2665=CARTESIAN_POINT('',(-5.74457893964382,12.9402731987212,-152.104396756743));
#2666=CARTESIAN_POINT('',(-5.79729700445872,13.472688710241,-152.283757304347));
#2667=CARTESIAN_POINT('',(-5.84719680170301,14.0054481156226,-152.462920372822));
#2668=CARTESIAN_POINT('',(-5.89427457171256,14.538527489249,-152.641877749326));
#2669=CARTESIAN_POINT('',(-5.89427457171256,14.538527489249,-152.641877749326));
#2670=CARTESIAN_POINT('',(-5.89427457171247,14.538527489249,-152.641877749326));
#2671=CARTESIAN_POINT('',(-5.94556928283885,15.1193568801074,-152.836865042263));
#2672=CARTESIAN_POINT('',(-5.99351762721795,15.7006091200918,-153.031622583502));
#2673=CARTESIAN_POINT('',(-6.03811960484977,16.2822842092022,-153.226150373043));
#2674=CARTESIAN_POINT('',(5.63816677676799,31.4866419176625,-156.900173881122));
#2675=CARTESIAN_POINT('',(5.05753865851582,31.4237051322849,-156.943438895071));
#2676=CARTESIAN_POINT('',(4.4767151352697,31.3635645756658,-156.987636955308));
#2677=CARTESIAN_POINT('',(3.89569698471053,31.306209119258,-157.032764348458));
#2678=CARTESIAN_POINT('',(5.63816672875787,31.4866423632081,-156.900174036801));
#2679=CARTESIAN_POINT('',(5.63816672875787,31.4866423632081,-156.900174036801));
#2680=CARTESIAN_POINT('',(5.64217465936527,31.4535735461321,-156.888953205519));
#2681=CARTESIAN_POINT('',(5.6461644891091,31.4205021569701,-156.877733518971));
#2682=CARTESIAN_POINT('',(5.65013614120443,31.3874281816553,-156.866514991319));
#2683=CARTESIAN_POINT('',(-9.8414332508151,30.1627009096217,-152.881422171927));
#2684=CARTESIAN_POINT('',(-9.84143325081505,30.1627009096215,-152.881422171927));
#2685=CARTESIAN_POINT('',(-9.84143325081505,20.6005499357583,-149.764125869863));
#2686=CARTESIAN_POINT('',(-9.84143325081505,30.1627009096215,-152.881422171927));
#2687=CARTESIAN_POINT('',(-9.38437762911887,28.8063029217343,-157.042105367886));
#2688=CARTESIAN_POINT('',(-9.38437762911887,19.5293779008101,-154.017793773005));
#2689=CARTESIAN_POINT('',(-9.81027036751759,30.0702192286292,-153.165105117106));
#2690=CARTESIAN_POINT('',(-9.81027036751759,20.793294207705,-150.140793522226));
#2691=CARTESIAN_POINT('',(-9.35321474582147,28.7138212407424,-157.325788313065));
#2692=CARTESIAN_POINT('',(-9.35321474582143,28.7138212407426,-157.325788313065));
#2693=CARTESIAN_POINT('',(-9.35321474582143,22.6534694297976,-155.350091386599));
#2694=CARTESIAN_POINT('',(-9.3532147458214,28.713821240742,-157.325788313065));
#2695=CARTESIAN_POINT('',(-9.3532147458214,19.7221221727568,-154.394461425368));
#2696=CARTESIAN_POINT('',(-9.36360237358728,28.7446484677399,-157.231227331339));
#2697=CARTESIAN_POINT('',(-19.2300231222379,25.1439859838947,-160.313791207747));
#2698=CARTESIAN_POINT('',(-19.5845563216071,25.1298898524076,-160.348141678748));
#2699=CARTESIAN_POINT('',(-20.302999954426,25.1063841695963,-160.302268842191));
#2700=CARTESIAN_POINT('',(-21.3470153332361,25.0801388078266,-159.753797764524));
#2701=CARTESIAN_POINT('',(-21.9718929428402,25.0569508001813,-159.034905402071));
#2702=CARTESIAN_POINT('',(-22.2754703528514,25.0538737446022,-158.289436501795));
#2703=CARTESIAN_POINT('',(-22.3412400170645,25.0606979203296,-157.878861146362));
#2704=CARTESIAN_POINT('',(-7.5190769164808,17.968929686489,-156.688236217607));
#2705=CARTESIAN_POINT('',(-7.51576995476441,17.2712864246816,-156.460438681149));
#2706=CARTESIAN_POINT('',(-7.40958782856258,16.0781603260675,-155.467967153949));
#2707=CARTESIAN_POINT('',(-7.10285598905551,15.8944059658675,-153.955716573396));
#2708=CARTESIAN_POINT('',(-6.96099559717289,16.0626003206105,-153.255911561321));
#2709=CARTESIAN_POINT('',(-1.64974999468781,5.85234969944388,-227.452212361311));
#2710=CARTESIAN_POINT('',(-3.31257989950439,14.0150635632468,-229.359772037997));
#2711=CARTESIAN_POINT('',(-3.48792921309897,14.1792708790165,-228.787383958182));
#2712=CARTESIAN_POINT('',(-3.86007136391459,14.5189820658493,-227.583581912955));
#2713=CARTESIAN_POINT('',(-4.37725963648772,14.9671421976612,-225.929424213247));
#2714=CARTESIAN_POINT('',(-4.82076257417421,15.3365875765422,-224.515480407855));
#2715=CARTESIAN_POINT('',(-5.11011033107507,15.5714426530815,-223.593314642391));
#2716=CARTESIAN_POINT('',(-5.34831117474565,15.7610249383383,-222.833382609356));
#2717=CARTESIAN_POINT('',(-5.53108215900133,15.9045811790457,-222.249627961851));
#2718=CARTESIAN_POINT('',(-5.68394793938256,16.0231229333103,-221.760662491221));
#2719=CARTESIAN_POINT('',(-5.79676171731346,16.1096965093107,-221.39923777859));
#2720=CARTESIAN_POINT('',(-5.85479286052511,16.1540455543108,-221.213196896567));
#2721=CARTESIAN_POINT('',(-5.91777629932158,16.2019653287645,-221.011114844357));
#2722=CARTESIAN_POINT('',(-5.9073376960293,16.1940134375408,-221.044615595169));
#2723=CARTESIAN_POINT('',(-5.92093846087561,16.2043264822271,-221.00103724443));
#2724=CARTESIAN_POINT('',(-5.93659184746017,16.2161205260328,-220.951012346042));
#2725=CARTESIAN_POINT('',(-5.97661663264553,16.2462316918199,-220.823112426713));
#2726=CARTESIAN_POINT('',(-6.04000220805375,16.2936847311845,-220.620506566189));
#2727=CARTESIAN_POINT('',(-6.14944456468749,16.3752795264388,-220.270124416704));
#2728=CARTESIAN_POINT('',(-6.33061045591192,16.509473408615,-219.688307070848));
#2729=CARTESIAN_POINT('',(-6.61856882732658,16.720216264911,-218.756582969606));
#2730=CARTESIAN_POINT('',(-6.97481890367454,16.97713596325,-217.591965045758));
#2731=CARTESIAN_POINT('',(-7.39844651846456,17.2773646585352,-216.18797948969));
#2732=CARTESIAN_POINT('',(-7.80077186169185,17.5570768652971,-214.832044407264));
#2733=CARTESIAN_POINT('',(-8.11492561175754,17.7718349607847,-213.755023869368));
#2734=CARTESIAN_POINT('',(-8.29122420602286,17.8914550922776,-213.14565089318));
#2735=CARTESIAN_POINT('',(-8.45599018575424,18.0024917979599,-212.571781281429));
#2736=CARTESIAN_POINT('',(-8.51301948065658,18.0407565359118,-212.371837911705));
#2737=CARTESIAN_POINT('',(-8.62592166544844,18.1165343728076,-211.975285526418));
#2738=CARTESIAN_POINT('',(-8.80456704193122,18.2360970126098,-211.343023686668));
#2739=CARTESIAN_POINT('',(-9.06461475959264,18.40947406614,-210.410874566121));
#2740=CARTESIAN_POINT('',(-9.36590250962059,18.6094457522068,-209.310493532711));
#2741=CARTESIAN_POINT('',(-9.75980721220032,18.8700868905531,-207.84485970781));
#2742=CARTESIAN_POINT('',(-10.2345453707591,19.1833162237678,-206.026266661343));
#2743=CARTESIAN_POINT('',(-10.9576679029175,19.6610686313665,-203.142919854439));
#2744=CARTESIAN_POINT('',(-11.6273648867778,20.1082348404422,-200.296040441578));
#2745=CARTESIAN_POINT('',(-12.1650144958908,20.4767266270277,-197.855045055763));
#2746=CARTESIAN_POINT('',(-12.4259007505706,20.6587289089736,-196.628435177615));
#2747=CARTESIAN_POINT('',(-12.5666088869367,20.7577978648056,-195.955898638724));
#2748=CARTESIAN_POINT('',(-12.6853008825902,20.8420354320661,-195.380810586081));
#2749=CARTESIAN_POINT('',(-12.7461480228956,20.8855164152145,-195.082823819749));
#2750=CARTESIAN_POINT('',(-12.8547411594684,20.9634063749263,-194.547862668531));
#2751=CARTESIAN_POINT('',(-13.049408453275,21.1042222391207,-193.574944975458));
#2752=CARTESIAN_POINT('',(-13.3720718211252,21.3410969393676,-191.916890046819));
#2753=CARTESIAN_POINT('',(-13.7392775645584,21.6178784484956,-189.931484748548));
#2754=CARTESIAN_POINT('',(-14.0515942326579,21.8595428471824,-188.161905836055));
#2755=CARTESIAN_POINT('',(-14.3868892251465,22.1249037665705,-186.192075602896));
#2756=CARTESIAN_POINT('',(-14.7439823801352,22.4174247957794,-183.968487289168));
#2757=CARTESIAN_POINT('',(-15.0991328215585,22.721037334697,-181.600892505771));
#2758=CARTESIAN_POINT('',(-15.3398057670768,22.9364899300038,-179.884864798663));
#2759=CARTESIAN_POINT('',(-15.4795489724152,23.0652441048538,-178.846070738758));
#2760=CARTESIAN_POINT('',(-15.5571415098618,23.1378640253768,-178.255740899826));
#2761=CARTESIAN_POINT('',(-15.5987400129003,23.1770068201275,-177.936630717766));
#2762=CARTESIAN_POINT('',(-15.6876611402717,23.2617472490595,-177.241381190413));
#2763=CARTESIAN_POINT('',(-15.7860773731635,23.3572277634229,-176.451961728782));
#2764=CARTESIAN_POINT('',(-15.9588525403677,23.5286565579083,-175.022046527743));
#2765=CARTESIAN_POINT('',(-16.1804008687767,23.7608377952281,-173.049815520589));
#2766=CARTESIAN_POINT('',(-16.4155379490921,24.0285372720011,-170.73109128115));
#2767=CARTESIAN_POINT('',(-16.8223647002061,24.5402812196519,-166.22534573834));
#2768=CARTESIAN_POINT('',(-17.0367053689084,24.9248291475121,-162.73056629847));
#2769=CARTESIAN_POINT('',(-17.1426864462976,25.2142961076456,-160.107416338216));
#2770=CARTESIAN_POINT('',(-3.31257989950599,14.0150635632463,-229.359772037998));
#2771=CARTESIAN_POINT('',(-3.05941880461885,13.7749788380343,-230.189872197497));
#2772=CARTESIAN_POINT('',(-3.14338691481067,13.8556333380927,-229.913226096956));
#2773=CARTESIAN_POINT('',(-3.22779513495443,13.9356661688699,-229.636532679851));
#2774=CARTESIAN_POINT('',(-3.3125798995056,14.0150635632464,-229.359772037998));
#2775=CARTESIAN_POINT('',(-3.05941880461825,13.7749788380344,-230.189872197497));
#2776=CARTESIAN_POINT('',(-1.64974999468781,5.85234969944388,-227.452212361311));
#2777=CARTESIAN_POINT('',(-10.0942532265086,5.1957030573562,-228.165781107266));
#2778=CARTESIAN_POINT('',(-10.0942532265086,5.19570305735619,-228.165781107266));
#2779=CARTESIAN_POINT('',(-10.1282047235267,5.24375704995615,-227.808213550024));
#2780=CARTESIAN_POINT('',(-10.1613530498045,5.29105787369502,-227.450510747714));
#2781=CARTESIAN_POINT('',(-10.1936541205425,5.33771418956638,-227.092683572575));
#2782=CARTESIAN_POINT('',(-10.1936541205425,5.33771418956639,-227.092683572575));
#2783=CARTESIAN_POINT('',(-10.1842612373267,5.23903846902995,-227.078981617478));
#2784=CARTESIAN_POINT('',(-10.187580156016,5.2719103080111,-227.083564624196));
#2785=CARTESIAN_POINT('',(-10.1907111413657,5.30480225672036,-227.088131640059));
#2786=CARTESIAN_POINT('',(-10.1936541207823,5.33771419542834,-227.092683577068));
#2787=CARTESIAN_POINT('',(-10.1842612373267,5.23903846902994,-227.078981617478));
#2788=CARTESIAN_POINT('',(-10.1842612369584,5.23903846330795,-227.078981613835));
#2789=CARTESIAN_POINT('',(-10.7040963376127,6.00936922227899,-221.179433356642));
#2790=CARTESIAN_POINT('',(-11.202847121589,7.24613536355465,-209.302580674652));
#2791=CARTESIAN_POINT('',(-10.5634924002545,10.1485741575734,-191.624034498441));
#2792=CARTESIAN_POINT('',(-9.33759814580557,14.3000491847738,-174.225058752266));
#2793=CARTESIAN_POINT('',(-8.14334490866173,17.8646666954494,-162.898205063722));
#2794=CARTESIAN_POINT('',(-7.51632744536313,19.9225844601508,-157.324832809571));
#2795=CARTESIAN_POINT('',(-1.64974999468781,5.85234969944403,-227.452212361311));
#2796=CARTESIAN_POINT('',(-9.145462190505,28.0972767007939,-159.217007947592));
#2797=CARTESIAN_POINT('',(-9.145462190505,24.056575700824,-157.899724595825));
#2798=CARTESIAN_POINT('',(-4.16775831060585,2.6689352237925,-226.05650236379));
#2799=CARTESIAN_POINT('',(-4.37879570901652,2.80609296449896,-226.124398980655));
#2800=CARTESIAN_POINT('',(-4.57487988912896,2.96143502817955,-226.196581126065));
#2801=CARTESIAN_POINT('',(-4.75475986056278,3.13391967472167,-226.272571766254));
#2802=CARTESIAN_POINT('',(-4.16775831060585,2.6689352237925,-226.05650236379));
#2803=CARTESIAN_POINT('',(-4.75475986056278,3.13391967472167,-226.272571766254));
#2804=CARTESIAN_POINT('',(-1.71207576128274,6.03731306142865,-226.884846470953));
#2805=CARTESIAN_POINT('',(1.95705502050182,4.14976689916095,-225.86644144766));
#2806=CARTESIAN_POINT('',(1.95705502050182,4.14976689916095,-225.86644144766));
#2807=CARTESIAN_POINT('',(1.85953092508518,3.98363458609788,-225.822994833105));
#2808=CARTESIAN_POINT('',(1.65006811573488,3.6433074978634,-225.813806280046));
#2809=CARTESIAN_POINT('',(1.38381522437065,3.37998386199872,-225.678460374726));
#2810=CARTESIAN_POINT('',(1.24375438003854,3.24448088411562,-225.649671744438));
#2811=CARTESIAN_POINT('',(1.24375438003855,3.24448088411561,-225.649671744438));
#2812=CARTESIAN_POINT('',(-1.71207576128274,6.03731306142865,-226.884846470953));
#2813=CARTESIAN_POINT('',(-1.64974999468781,5.85234969944388,-227.452212361311));
#2814=CARTESIAN_POINT('',(-5.68865906505386,1.24532450375331,-226.393983844003));
#2815=CARTESIAN_POINT('',(-5.12198949621915,2.53906548167255,-226.753498874772));
#2816=CARTESIAN_POINT('',(-4.45211713920947,2.00843616708278,-226.506925556667));
#2817=CARTESIAN_POINT('',(-1.64974999468781,5.85234969944404,-227.452212361311));
#2818=CARTESIAN_POINT('',(1.72337381364353,2.6652353323927,-226.042660026347));
#2819=CARTESIAN_POINT('',(3.1563955056173,2.45692147615486,-225.817329937123));
#2820=CARTESIAN_POINT('',(2.53737572099575,3.69832643191502,-226.2900325112));
#2821=CARTESIAN_POINT('',(-1.64974999468781,5.85234969944404,-227.452212361311));
#2822=CARTESIAN_POINT('',(-0.240081184758144,-2.07027943914686,-224.714552525125));
#2823=CARTESIAN_POINT('',(-0.576935877981443,-2.08961089160228,-224.745254258952));
#2824=CARTESIAN_POINT('',(-0.913815581224845,-2.10800283706677,-224.776265022883));
#2825=CARTESIAN_POINT('',(-1.25071566855174,-2.12547106555351,-224.807579161152));
#2826=CARTESIAN_POINT('',(-1.25071568458369,-2.12547107640418,-224.807579162235));
#2827=CARTESIAN_POINT('',(-1.24879194055504,-2.20697832366051,-224.780796172315));
#2828=CARTESIAN_POINT('',(-1.24942438657805,-2.17980876756527,-224.789723022181));
#2829=CARTESIAN_POINT('',(-1.25006564071616,-2.15263968826422,-224.798650684191));
#2830=CARTESIAN_POINT('',(-1.25071570019927,-2.12547108560742,-224.807579158091));
#2831=CARTESIAN_POINT('',(-9.98541049879403,4.23497512040677,-227.840623781545));
#2832=CARTESIAN_POINT('',(-9.99422601683898,4.55669740713758,-227.9464748218));
#2833=CARTESIAN_POINT('',(-10.0020578624381,4.87847544448584,-228.052235979461));
#2834=CARTESIAN_POINT('',(-10.0089227102989,5.20030427062054,-228.157907468688));
#2835=CARTESIAN_POINT('',(-10.0089227199447,5.20030428505955,-228.157907477314));
#2836=CARTESIAN_POINT('',(-10.0942532265086,5.19570305735622,-228.165781107266));
#2837=CARTESIAN_POINT('',(-10.0658095272623,5.19722839245974,-228.163153800484));
#2838=CARTESIAN_POINT('',(-10.0373660285157,5.1987621409659,-228.160529258528));
#2839=CARTESIAN_POINT('',(-10.0089227302057,5.20030430022877,-228.157907480527));
#2840=CARTESIAN_POINT('',(-3.05941880461823,13.7749788380343,-230.189872197497));
#2841=CARTESIAN_POINT('',(-2.72256411139468,13.7943102904898,-230.159170463671));
#2842=CARTESIAN_POINT('',(-2.38568440815101,13.8127022359542,-230.12815969974));
#2843=CARTESIAN_POINT('',(-2.04878432082387,13.8301704644409,-230.096845561471));
#2844=CARTESIAN_POINT('',(-2.04878430423025,13.8301704736248,-230.096845565501));
#2845=CARTESIAN_POINT('',(-2.05070804882057,13.9116777225483,-230.123628550307));
#2846=CARTESIAN_POINT('',(-2.05007560279756,13.8845081664529,-230.114701700441));
#2847=CARTESIAN_POINT('',(-2.04943434865944,13.8573390871518,-230.105774038431));
#2848=CARTESIAN_POINT('',(-2.04878428917633,13.8301704844949,-230.096845564532));
#2849=CARTESIAN_POINT('',(6.68591050941839,7.46972427848107,-227.063800941077));
#2850=CARTESIAN_POINT('',(6.69472602746333,7.14800199175014,-226.957949900823));
#2851=CARTESIAN_POINT('',(6.70255787306247,6.82622395440176,-226.852188743162));
#2852=CARTESIAN_POINT('',(6.70942272092329,6.50439512826694,-226.746517253934));
#2853=CARTESIAN_POINT('',(6.70942273113079,6.50439511216105,-226.746517250422));
#2854=CARTESIAN_POINT('',(6.79475323713298,6.5089963415313,-226.738643615357));
#2855=CARTESIAN_POINT('',(6.76630953788672,6.50747100642777,-226.741270922138));
#2856=CARTESIAN_POINT('',(6.7378660391401,6.50593725792162,-226.743895464095));
#2857=CARTESIAN_POINT('',(6.70942274083008,6.50439509865874,-226.746517242095));
#2858=CARTESIAN_POINT('',(-5.79690715748068,14.5394807727683,-152.664652250338));
#2859=CARTESIAN_POINT('',(-5.75004566487504,14.0064981079961,-152.486615472736));
#2860=CARTESIAN_POINT('',(-5.70036628818931,13.4737674865745,-152.308334112262));
#2861=CARTESIAN_POINT('',(-5.64786665391349,12.9412889719304,-152.129807423669));
#2862=CARTESIAN_POINT('',(-5.89427457171246,14.538527489249,-152.641877749326));
#2863=CARTESIAN_POINT('',(-5.84720364175051,14.0055255680651,-152.462946373989));
#2864=CARTESIAN_POINT('',(-5.79730546031421,13.4727741084559,-152.283786073364));
#2865=CARTESIAN_POINT('',(-5.74457893964379,12.9402731987212,-152.104396756743));
#2866=CARTESIAN_POINT('',(-5.74457893964377,12.9402731987212,-152.104396756743));
#2867=CARTESIAN_POINT('',(-5.72837670883126,12.9404433714337,-152.108653811444));
#2868=CARTESIAN_POINT('',(-5.71217447801875,12.9406135441461,-152.112910866146));
#2869=CARTESIAN_POINT('',(-5.69597224720624,12.9407837168585,-152.117167920847));
#2870=CARTESIAN_POINT('',(-5.69330154768974,12.9485092827668,-152.120652425281));
#2871=CARTESIAN_POINT('',(-5.69063084817323,12.9562348486752,-152.124136929716));
#2872=CARTESIAN_POINT('',(-5.6695293970196,13.02082976819,-152.152944623555));
#2873=CARTESIAN_POINT('',(-5.66234248998523,13.0881429281146,-152.179024011547));
#2874=CARTESIAN_POINT('',(-5.66909355964934,13.1581787953872,-152.2025069012));
#2875=CARTESIAN_POINT('',(-5.66909355964934,13.1581787953871,-152.2025069012));
#2876=CARTESIAN_POINT('',(-5.79690715748068,14.5394807727683,-152.664652250338));
#2877=CARTESIAN_POINT('',(-5.75640277056057,14.0788011214111,-152.510767469358));
#2878=CARTESIAN_POINT('',(-5.71379768980911,13.6183613639427,-152.356717184002));
#2879=CARTESIAN_POINT('',(-5.66909355964934,13.1581787953871,-152.2025069012));
#2880=CARTESIAN_POINT('',(-5.79690715748068,14.5394807727683,-152.664652250338));
#2881=CARTESIAN_POINT('',(-5.79690715748068,14.5394807727683,-152.664652250338));
#2882=CARTESIAN_POINT('',(-5.82936296222461,14.5391630115952,-152.65706075));
#2883=CARTESIAN_POINT('',(-5.86181876696853,14.5388452504221,-152.649469249663));
#2884=CARTESIAN_POINT('',(-5.89427457171246,14.538527489249,-152.641877749326));
#2885=CARTESIAN_POINT('',(-17.0601072098616,4.92052197432981,-227.623114332508));
#2886=CARTESIAN_POINT('',(-17.5107112469688,4.97990082418473,-224.413849502283));
#2887=CARTESIAN_POINT('',(-17.770000429629,4.94413825918672,-221.185754612588));
#2888=CARTESIAN_POINT('',(-17.8757356392854,4.9135885685035,-216.346828876544));
#2889=CARTESIAN_POINT('',(-17.8596931194762,4.90700774642916,-214.734114708373));
#2890=CARTESIAN_POINT('',(-17.7305516680258,4.92455326339464,-211.515842747727));
#2891=CARTESIAN_POINT('',(-17.6181438152466,4.94941851854363,-209.910322367386));
#2892=CARTESIAN_POINT('',(-17.3595409527923,5.02602190591756,-206.7033370962));
#2893=CARTESIAN_POINT('',(-17.2130738552316,5.07746571211698,-205.101857658034));
#2894=CARTESIAN_POINT('',(-16.915908337929,5.19259825448621,-201.898273073652));
#2895=CARTESIAN_POINT('',(-16.7647818500353,5.25582328916022,-200.296139242647));
#2896=CARTESIAN_POINT('',(-16.4489788776913,5.3894161848317,-197.091825629671));
#2897=CARTESIAN_POINT('',(-16.2840256414029,5.45948158480297,-195.489623680756));
#2898=CARTESIAN_POINT('',(-15.9151376754447,5.61691301703735,-192.28886148973));
#2899=CARTESIAN_POINT('',(-15.7103865731326,5.70339958561913,-190.690239180648));
#2900=CARTESIAN_POINT('',(-15.2033345417801,5.95677684472692,-187.516545900938));
#2901=CARTESIAN_POINT('',(-14.9005052767295,6.12648954724899,-185.942356809929));
#2902=CARTESIAN_POINT('',(-14.3941943437932,6.45557733091214,-183.605442872165));
#2903=CARTESIAN_POINT('',(-14.2173589478737,6.57750628930755,-182.830350145291));
#2904=CARTESIAN_POINT('',(-13.8704162991712,6.8172429744302,-181.277217997797));
#2905=CARTESIAN_POINT('',(-13.699995597416,6.9347155653105,-180.499155787785));
#2906=CARTESIAN_POINT('',(-13.1878446939886,7.28913749919575,-178.164757380209));
#2907=CARTESIAN_POINT('',(-12.8510931733283,7.51863498035956,-176.604915061821));
#2908=CARTESIAN_POINT('',(-12.1639166065491,7.97943948035323,-173.486847818104));
#2909=CARTESIAN_POINT('',(-11.8053621030065,8.22550268009328,-171.933120957085));
#2910=CARTESIAN_POINT('',(-10.6700787718451,9.11580703046521,-167.318862120728));
#2911=CARTESIAN_POINT('',(-9.84782563203689,9.8967993664678,-164.300961927993));
#2912=CARTESIAN_POINT('',(-8.25879616210411,11.851433698967,-158.386795276351));
#2913=CARTESIAN_POINT('',(-7.47870513792152,13.033495056304,-155.493020405517));
#2914=CARTESIAN_POINT('',(-6.82621338595511,14.4117606307374,-152.678295805791));
#2915=CARTESIAN_POINT('',(-17.0623012345339,5.02047462224325,-227.625271745503));
#2916=CARTESIAN_POINT('',(-17.5179000475884,5.07977487753361,-224.414568652492));
#2917=CARTESIAN_POINT('',(-17.7825752925933,5.04349906214442,-221.185880694645));
#2918=CARTESIAN_POINT('',(-17.8964704300325,5.01145369625929,-216.346424794955));
#2919=CARTESIAN_POINT('',(-17.8831833215763,5.00425117478446,-214.733621097071));
#2920=CARTESIAN_POINT('',(-17.7596067890676,5.0202810061814,-211.51527989134));
#2921=CARTESIAN_POINT('',(-17.6500086939186,5.04425187911603,-209.909779349365));
#2922=CARTESIAN_POINT('',(-17.3970431503151,5.11877044786018,-206.702767195071));
#2923=CARTESIAN_POINT('',(-17.2534038641768,5.16902397116361,-205.101241252368));
#2924=CARTESIAN_POINT('',(-16.9618806988679,5.2814550330814,-201.897367919235));
#2925=CARTESIAN_POINT('',(-16.8135690495933,5.34316893683822,-200.294991535355));
#2926=CARTESIAN_POINT('',(-16.5033485462133,5.47338753786569,-197.08994912881));
#2927=CARTESIAN_POINT('',(-16.3411631108948,5.54158949654565,-195.487260335892));
#2928=CARTESIAN_POINT('',(-15.977715653315,5.69490862365294,-192.285302413452));
#2929=CARTESIAN_POINT('',(-15.7756366945603,5.77914577565944,-190.685969742206));
#2930=CARTESIAN_POINT('',(-15.273781267808,6.02761449577623,-187.510838209432));
#2931=CARTESIAN_POINT('',(-14.9734767372996,6.19466701398199,-185.935928510101));
#2932=CARTESIAN_POINT('',(-14.4707630010637,6.51949042119186,-183.597963658882));
#2933=CARTESIAN_POINT('',(-14.2950950065176,6.63995263290935,-182.822524757806));
#2934=CARTESIAN_POINT('',(-13.9503996681044,6.87667777207217,-181.268624811231));
#2935=CARTESIAN_POINT('',(-13.781058643657,6.99260561705562,-180.490140524909));
#2936=CARTESIAN_POINT('',(-13.2720002206735,7.34229449151825,-178.1544044298));
#2937=CARTESIAN_POINT('',(-12.9371095088427,7.56850479441963,-176.593546842933));
#2938=CARTESIAN_POINT('',(-12.2531879556696,8.02260254068848,-173.473334077723));
#2939=CARTESIAN_POINT('',(-11.8960341252646,8.26524483732107,-171.918520048322));
#2940=CARTESIAN_POINT('',(-10.7642987452823,9.14530379956293,-167.301292200666));
#2941=CARTESIAN_POINT('',(-9.94351546395607,9.91951774128293,-164.281766550597));
#2942=CARTESIAN_POINT('',(-8.35607297253273,11.8616839837497,-158.36504016626));
#2943=CARTESIAN_POINT('',(-7.57603118011636,13.038029998215,-155.469941998165));
#2944=CARTESIAN_POINT('',(-6.92357347122411,14.411248877249,-152.655475816642));
#2945=CARTESIAN_POINT('',(-17.0623231134254,5.02147135357719,-227.625293259301));
#2946=CARTESIAN_POINT('',(-17.517971734562,5.08077082511978,-224.414575823884));
#2947=CARTESIAN_POINT('',(-17.7827006895708,5.04448989157956,-221.18588195194));
#2948=CARTESIAN_POINT('',(-17.8966771980979,5.01242961076851,-216.346420765439));
#2949=CARTESIAN_POINT('',(-17.883417566701,5.00522088968532,-214.733616174762));
#2950=CARTESIAN_POINT('',(-17.7598965277604,5.02123560661225,-211.515274278516));
#2951=CARTESIAN_POINT('',(-17.6503264516137,5.04519756073586,-209.90977393437));
#2952=CARTESIAN_POINT('',(-17.3974171235528,5.11969533959503,-206.702761511997));
#2953=CARTESIAN_POINT('',(-17.2538060364499,5.1699369933554,-205.101235105549));
#2954=CARTESIAN_POINT('',(-16.9623391368743,5.28234111601474,-201.897358893004));
#2955=CARTESIAN_POINT('',(-16.8140555572698,5.3440399507207,-200.294980090377));
#2956=CARTESIAN_POINT('',(-16.5038907224674,5.47422490316285,-197.089930416277));
#2957=CARTESIAN_POINT('',(-16.3417328877578,5.54240827954047,-195.487236768534));
#2958=CARTESIAN_POINT('',(-15.9783396831197,5.69568639859584,-192.285266922217));
#2959=CARTESIAN_POINT('',(-15.7762873710749,5.77990111934083,-190.685927167215));
#2960=CARTESIAN_POINT('',(-15.2744837650472,6.0283208913335,-187.510781292131));
#2961=CARTESIAN_POINT('',(-14.9742044112807,6.19534688208733,-185.935864406868));
#2962=CARTESIAN_POINT('',(-14.4715265464173,6.52012776478466,-183.597889075903));
#2963=CARTESIAN_POINT('',(-14.2958701932389,6.64057535005248,-182.822446722765));
#2964=CARTESIAN_POINT('',(-13.9511972650834,6.87727045797267,-181.268539119671));
#2965=CARTESIAN_POINT('',(-13.7818670072161,6.9931828986955,-180.490050624389));
#2966=CARTESIAN_POINT('',(-13.2728394225568,7.34282457492246,-178.154301189813));
#2967=CARTESIAN_POINT('',(-12.9379672667774,7.56900209796615,-176.593433478653));
#2968=CARTESIAN_POINT('',(-12.2540781727149,8.02303296425007,-173.473199318226));
#2969=CARTESIAN_POINT('',(-11.8969383098719,8.26564114751609,-171.918374447545));
#2970=CARTESIAN_POINT('',(-10.7652383101839,9.14559794238579,-167.301116992803));
#2971=CARTESIAN_POINT('',(-9.94446968633841,9.91974428971869,-164.281575133616));
#2972=CARTESIAN_POINT('',(-8.35704302032079,11.8617861999514,-158.364823223534));
#2973=CARTESIAN_POINT('',(-7.57700171884533,13.0380752208159,-155.469711859472));
#2974=CARTESIAN_POINT('',(-6.92454434943182,14.4112437740251,-152.655248254904));
#2975=CARTESIAN_POINT('',(-6.83125006355839,14.4011308377589,-152.70001372433));
#2976=CARTESIAN_POINT('',(-7.48418740834922,13.024317244171,-155.514239837274));
#2977=CARTESIAN_POINT('',(-9.03197218481965,10.6680203231135,-161.30261260282));
#2978=CARTESIAN_POINT('',(-11.513866082638,8.33058371581853,-170.352550390944));
#2979=CARTESIAN_POINT('',(-13.1693453128857,7.32399425178417,-178.19559073062));
#2980=CARTESIAN_POINT('',(-14.5901194532704,6.30242633038575,-184.385521799441));
#2981=CARTESIAN_POINT('',(-15.5103444922907,5.78556280980018,-189.102461472114));
#2982=CARTESIAN_POINT('',(-16.1213962431221,5.52999188501473,-193.898446625721));
#2983=CARTESIAN_POINT('',(-16.7715741070512,5.25062384092794,-200.30589296066));
#2984=CARTESIAN_POINT('',(-17.5657614805568,4.92792494521598,-208.303528764099));
#2985=CARTESIAN_POINT('',(-18.0602640313346,4.89857174906907,-217.957611713631));
#2986=CARTESIAN_POINT('',(-17.5105663915431,4.97988173569936,-224.414881182838));
#2987=CARTESIAN_POINT('',(-17.0601072098616,4.92052197432982,-227.623114332508));
#2988=CARTESIAN_POINT('',(-17.0601072098616,4.92052197432981,-227.623114332508));
#2989=CARTESIAN_POINT('',(-17.0601072098616,4.92052197432981,-227.623114332508));
#2990=CARTESIAN_POINT('',(-17.060838551419,4.95383952363429,-227.623833470173));
#2991=CARTESIAN_POINT('',(-17.0615698929765,4.98715707293877,-227.624552607838));
#2992=CARTESIAN_POINT('',(-17.0623012345339,5.02047462224325,-227.625271745503));
#2993=CARTESIAN_POINT('',(-17.0623012345339,5.02047462224325,-227.625271745503));
#2994=CARTESIAN_POINT('',(-17.0623012345339,5.02047462224325,-227.625271745503));
#2995=CARTESIAN_POINT('',(-17.5175550736497,5.07972997609391,-224.416999758238));
#2996=CARTESIAN_POINT('',(-18.0778554977129,4.99753910084853,-217.961279849535));
#2997=CARTESIAN_POINT('',(-17.6011686246605,5.02212241820694,-208.311454016176));
#2998=CARTESIAN_POINT('',(-16.8214599974011,5.33786133436289,-200.316878373582));
#2999=CARTESIAN_POINT('',(-16.1828555830072,5.60959825902475,-193.910263221202));
#3000=CARTESIAN_POINT('',(-15.5807326744016,5.85799627294251,-189.114154133146));
#3001=CARTESIAN_POINT('',(-14.6697953009245,6.36517793585588,-184.396652199367));
#3002=CARTESIAN_POINT('',(-13.2582982608536,7.37436229103766,-178.20665250904));
#3003=CARTESIAN_POINT('',(-11.6125591742344,8.36295066167725,-170.360870149613));
#3004=CARTESIAN_POINT('',(-9.13672080283605,10.6752362428933,-161.309118230467));
#3005=CARTESIAN_POINT('',(-7.58894829652545,13.0165202390873,-155.519941189216));
#3006=CARTESIAN_POINT('',(-6.93544428538504,14.3863157154443,-152.706630606932));
#3007=CARTESIAN_POINT('',(-6.23914039305212,5.125045184421,-150.719964669481));
#3008=CARTESIAN_POINT('',(-6.51195746606993,10.261802867706,-151.560534787727));
#3009=CARTESIAN_POINT('',(-6.77832554478558,15.3976852744392,-152.408967536635));
#3010=CARTESIAN_POINT('',(-7.03461309661996,20.5337425215344,-153.259446280852));
#3011=CARTESIAN_POINT('',(-9.27866544218556,6.47674503243795,-158.256392576402));
#3012=CARTESIAN_POINT('',(-8.876704004789,10.887166570228,-159.06313258887));
#3013=CARTESIAN_POINT('',(-8.46643469849119,15.2960122176381,-159.878461657336));
#3014=CARTESIAN_POINT('',(-8.0439817260727,19.7040781625577,-160.694391706798));
#3015=CARTESIAN_POINT('',(-12.6934729357846,6.9790112801216,-171.130618815623));
#3016=CARTESIAN_POINT('',(-11.300304035001,10.3322845331442,-171.886046608255));
#3017=CARTESIAN_POINT('',(-9.89649245751434,13.6802707334741,-172.646421117598));
#3018=CARTESIAN_POINT('',(-8.48142948802002,17.0241432865317,-173.402248762521));
#3019=CARTESIAN_POINT('',(-15.5667856970715,5.79110515337898,-189.213066302505));
#3020=CARTESIAN_POINT('',(-13.1314226628127,8.03015883110449,-189.893607294974));
#3021=CARTESIAN_POINT('',(-10.6910800367427,10.2627087116168,-190.575397549659));
#3022=CARTESIAN_POINT('',(-8.24555871202609,12.490028258666,-191.253525592553));
#3023=CARTESIAN_POINT('',(-18.2903106891962,4.36006292935574,-207.178608475198));
#3024=CARTESIAN_POINT('',(-14.9852423819,5.66720936789846,-207.796296892968));
#3025=CARTESIAN_POINT('',(-11.6784689354317,6.96886396437365,-208.415439376724));
#3026=CARTESIAN_POINT('',(-8.36941986926233,8.26528977809402,-209.032806684574));
#3027=CARTESIAN_POINT('',(-21.1024250142751,4.21916920728967,-219.851304076492));
#3028=CARTESIAN_POINT('',(-17.1448562066045,4.82877205655044,-220.43396597806));
#3029=CARTESIAN_POINT('',(-13.1867045773777,5.43198345335967,-221.019565639833));
#3030=CARTESIAN_POINT('',(-9.22730246143186,6.02834095394457,-221.604040008083));
#3031=CARTESIAN_POINT('',(-23.4158564581604,4.83147117543197,-227.296941905785));
#3032=CARTESIAN_POINT('',(-18.9434327086508,4.89018777055812,-227.851352396374));
#3033=CARTESIAN_POINT('',(-14.4713573250735,4.94208957983354,-228.409684481418));
#3034=CARTESIAN_POINT('',(-9.99910244957033,4.98612772398947,-228.967238329499));
#3035=CARTESIAN_POINT('',(-17.0601072098616,4.92052197432982,-227.623114332508));
#3036=CARTESIAN_POINT('',(-14.7659737899884,4.97486601584199,-227.438427615818));
#3037=CARTESIAN_POINT('',(-12.4732263257375,5.08005150582594,-227.257149335764));
#3038=CARTESIAN_POINT('',(-10.1842612373267,5.23903846902994,-227.078981617478));
#3039=CARTESIAN_POINT('',(-9.98102463520826,4.13602544656634,-227.826849666421));
#3040=CARTESIAN_POINT('',(-9.94661706589669,4.08723376691451,-228.188312282938));
#3041=CARTESIAN_POINT('',(-9.91143119182323,4.03761409871637,-228.549722036625));
#3042=CARTESIAN_POINT('',(-9.87537880146975,3.98707208129442,-228.911074575402));
#3043=CARTESIAN_POINT('',(-9.98541049879404,4.23497512040688,-227.840623781545));
#3044=CARTESIAN_POINT('',(-9.95040637307792,4.18619547622554,-228.202189889946));
#3045=CARTESIAN_POINT('',(-9.91462794896518,4.13658122421162,-228.56370943756));
#3046=CARTESIAN_POINT('',(-9.87798794144381,4.08603828023805,-228.925177194139));
#3047=CARTESIAN_POINT('',(-10.0292691346519,5.22447185881239,-227.978364932788));
#3048=CARTESIAN_POINT('',(-9.98829944489022,5.175812569336,-228.340965960034));
#3049=CARTESIAN_POINT('',(-9.94659552038463,5.12625247916422,-228.703583446911));
#3050=CARTESIAN_POINT('',(-9.90407934118444,5.07570026967452,-229.066203381509));
#3051=CARTESIAN_POINT('',(-9.98541049879402,4.23497512040639,-227.840623781545));
#3052=CARTESIAN_POINT('',(-9.98394854426543,4.20199189579304,-227.836032409837));
#3053=CARTESIAN_POINT('',(-9.98248658973684,4.16900867117969,-227.831441038129));
#3054=CARTESIAN_POINT('',(-9.98102463520826,4.13602544656634,-227.826849666421));
#3055=CARTESIAN_POINT('',(-9.98102463520825,4.13602544656631,-227.826849666421));
#3056=CARTESIAN_POINT('',(-9.9291420310341,4.06266137924348,-228.365682437315));
#3057=CARTESIAN_POINT('',(-9.94663235283195,4.0873236380948,-228.186118778681));
#3058=CARTESIAN_POINT('',(-9.96392310247862,4.11177460516153,-228.006506785206));
#3059=CARTESIAN_POINT('',(-9.98102463520824,4.13602544656631,-227.826849666421));
#3060=CARTESIAN_POINT('',(-9.9291420310341,4.06266137924348,-228.365682437315));
#3061=CARTESIAN_POINT('',(-9.92870392590472,4.06204364300824,-228.370179786753));
#3062=CARTESIAN_POINT('',(-9.89953433281732,4.02091496054877,-228.66958979477));
#3063=CARTESIAN_POINT('',(-9.86338480347502,4.49893283195081,-229.231365547644));
#3064=CARTESIAN_POINT('',(-9.93269105338266,5.10972204664098,-228.822649489384));
#3065=CARTESIAN_POINT('',(-9.96711836013337,5.15063451489175,-228.523457365277));
#3066=CARTESIAN_POINT('',(-9.96711839387889,5.15063456474097,-228.523457375992));
#3067=CARTESIAN_POINT('',(-9.9671183601316,5.15063451488965,-228.523457365292));
#3068=CARTESIAN_POINT('',(-9.98113948077346,5.16729683022517,-228.401606158542));
#3069=CARTESIAN_POINT('',(-9.99507327713242,5.18385226019381,-228.279756017583));
#3070=CARTESIAN_POINT('',(-10.0089227096839,5.20030426989047,-228.157907474099));
#3071=CARTESIAN_POINT('',(-6.12179630530002,2.9045051742102,-150.109384159395));
#3072=CARTESIAN_POINT('',(-6.46202823931675,8.81959192932791,-151.080236767668));
#3073=CARTESIAN_POINT('',(-6.79386337585453,14.7332593909778,-152.063409910494));
#3074=CARTESIAN_POINT('',(-7.1108762133298,20.6472154799155,-153.049735122972));
#3075=CARTESIAN_POINT('',(-9.54271351338583,4.63143192025495,-157.835681855454));
#3076=CARTESIAN_POINT('',(-9.09003455674616,9.69252176669311,-158.767351894532));
#3077=CARTESIAN_POINT('',(-8.62640918727545,14.751228521518,-159.712908440879));
#3078=CARTESIAN_POINT('',(-8.14465382266572,19.8087965678454,-160.659562747001));
#3079=CARTESIAN_POINT('',(-13.1240967147063,5.53334995006621,-169.938748561099));
#3080=CARTESIAN_POINT('',(-11.6065657911126,9.4605629501696,-170.817296504552));
#3081=CARTESIAN_POINT('',(-10.0743308279974,13.3804071335088,-171.705303425563));
#3082=CARTESIAN_POINT('',(-8.52520791604832,17.2944115643376,-172.587087641167));
#3083=CARTESIAN_POINT('',(-16.2171261765759,5.04176074038361,-186.308739185492));
#3084=CARTESIAN_POINT('',(-13.593895570713,7.7902971470462,-187.109843256988));
#3085=CARTESIAN_POINT('',(-10.9623637300038,10.5293703567075,-187.914579180854));
#3086=CARTESIAN_POINT('',(-8.32188006220816,13.2608558168144,-188.71357226076));
#3087=CARTESIAN_POINT('',(-18.2306879954459,4.37638678988584,-198.236979637112));
#3088=CARTESIAN_POINT('',(-14.9200907825456,6.39003361171786,-198.986896118753));
#3089=CARTESIAN_POINT('',(-11.6050428043153,8.39505078118118,-199.739632007817));
#3090=CARTESIAN_POINT('',(-8.28467289398922,10.3923447095595,-200.488507153722));
#3091=CARTESIAN_POINT('',(-20.9672776183707,3.90763024392602,-212.297495161291));
#3092=CARTESIAN_POINT('',(-16.8678727506986,5.07802078017768,-212.995519921652));
#3093=CARTESIAN_POINT('',(-12.7668007897959,6.24005626619147,-213.697112892802));
#3094=CARTESIAN_POINT('',(-8.66301038341022,7.39352091695705,-214.396494074375));
#3095=CARTESIAN_POINT('',(-23.5440368205675,4.26127347285116,-222.038489890184));
#3096=CARTESIAN_POINT('',(-18.8279503939331,4.77380233201629,-222.704258334446));
#3097=CARTESIAN_POINT('',(-14.111608913145,5.27700037141081,-223.375738047974));
#3098=CARTESIAN_POINT('',(-9.3938752990421,5.76939951081304,-224.04579203206));
#3099=CARTESIAN_POINT('',(-25.8298062206501,5.08066626824275,-228.586014959736));
#3100=CARTESIAN_POINT('',(-20.5781108196701,5.02032213778373,-229.221161759857));
#3101=CARTESIAN_POINT('',(-15.3272392034751,4.95050288766788,-229.862919340569));
#3102=CARTESIAN_POINT('',(-10.0764121459228,4.86906472723235,-230.503650032418));
#3103=CARTESIAN_POINT('',(-6.81381174718584,12.9936314739724,-152.239247083728));
#3104=CARTESIAN_POINT('',(-7.54982136691257,11.5985176406999,-155.09639049802));
#3105=CARTESIAN_POINT('',(-9.30017398061584,9.23859486017532,-160.971864871676));
#3106=CARTESIAN_POINT('',(-12.1180924535561,6.99193675363546,-170.142575736459));
#3107=CARTESIAN_POINT('',(-14.0394440702409,6.12804235334763,-178.089341183987));
#3108=CARTESIAN_POINT('',(-15.6664962784782,5.23099709414458,-184.375971885557));
#3109=CARTESIAN_POINT('',(-17.0134962190809,4.75369817421496,-190.788443639855));
#3110=CARTESIAN_POINT('',(-17.9400859967452,4.6699111367901,-198.955166035322));
#3111=CARTESIAN_POINT('',(-19.0280965611801,4.51801649238327,-208.726192130696));
#3112=CARTESIAN_POINT('',(-19.4898101745099,4.77165592392932,-218.565203767734));
#3113=CARTESIAN_POINT('',(-18.8915221340597,4.99919929323144,-225.125390613718));
#3114=CARTESIAN_POINT('',(-18.4032335715665,4.99360999076282,-228.385419082759));
#3115=CARTESIAN_POINT('',(-18.4032336628598,4.99360999180783,-228.385418473233));
#3116=CARTESIAN_POINT('',(-10.1936541206076,5.33771419544042,-227.092683577055));
#3117=CARTESIAN_POINT('',(-12.4802047468605,5.17945663801572,-227.266940390712));
#3118=CARTESIAN_POINT('',(-14.7705413838224,5.07468559090753,-227.444336426542));
#3119=CARTESIAN_POINT('',(-17.062301234534,5.02047462224325,-227.625271745503));
#3120=CARTESIAN_POINT('',(-17.3457288018106,4.9858798678381,-229.113348065907));
#3121=CARTESIAN_POINT('',(-14.8857551196318,4.9832773821783,-228.909046469477));
#3122=CARTESIAN_POINT('',(-12.4253867170229,5.03746061459046,-228.711138084003));
#3123=CARTESIAN_POINT('',(-9.96711842762798,5.15063461459441,-228.523457386677));
#3124=CARTESIAN_POINT('',(-17.3457288018106,4.9858798678381,-229.113348065907));
#3125=CARTESIAN_POINT('',(-18.4032336628598,4.99360999180783,-228.385418473233));
#3126=CARTESIAN_POINT('',(-18.3694480576106,4.99322326449702,-228.610983768146));
#3127=CARTESIAN_POINT('',(-17.9990551524896,4.99178355279438,-228.944993460618));
#3128=CARTESIAN_POINT('',(-17.5640418442103,4.98614399073189,-229.129724990414));
#3129=CARTESIAN_POINT('',(-17.3418299724437,4.98587548210491,-229.113038530713));
#3130=CARTESIAN_POINT('',(-18.3980572151132,3.89362539092129,-228.382757232695));
#3131=CARTESIAN_POINT('',(-18.3905564358771,3.89352515567221,-228.438777956898));
#3132=CARTESIAN_POINT('',(-18.3708036400747,3.8934454462403,-228.492211303305));
#3133=CARTESIAN_POINT('',(-18.3168421321539,3.89319375688079,-228.59093783775));
#3134=CARTESIAN_POINT('',(-18.2831219056247,3.8930248485471,-228.63614554235));
#3135=CARTESIAN_POINT('',(-18.1713973125481,3.89234911861974,-228.761608589719));
#3136=CARTESIAN_POINT('',(-18.0817179672131,3.89166377790651,-228.833330307857));
#3137=CARTESIAN_POINT('',(-17.8887806562513,3.88993985983772,-228.95796443186));
#3138=CARTESIAN_POINT('',(-17.7852907814752,3.88889802615082,-229.010297513035));
#3139=CARTESIAN_POINT('',(-17.5696727061488,3.88704754184336,-229.081068782314));
#3140=CARTESIAN_POINT('',(-17.4570615042057,3.88623158471336,-229.099570998528));
#3141=CARTESIAN_POINT('',(-17.3454055116027,3.88613642242353,-229.089343945744));
#3142=CARTESIAN_POINT('',(-17.3425690842268,3.88613400499014,-229.089084145157));
#3143=CARTESIAN_POINT('',(-17.339732656851,3.88613158755676,-229.088824344569));
#3144=CARTESIAN_POINT('',(-17.3368962294751,3.88612917012338,-229.088564543982));
#3145=CARTESIAN_POINT('',(-18.7610850050952,3.89179242031036,-228.434253915733));
#3146=CARTESIAN_POINT('',(-18.7461163963235,3.89189820389264,-228.542965325839));
#3147=CARTESIAN_POINT('',(-18.7087386608585,3.89196039943798,-228.63865071631));
#3148=CARTESIAN_POINT('',(-18.6213340871762,3.89177928334654,-228.798132347491));
#3149=CARTESIAN_POINT('',(-18.571542633361,3.89155005588926,-228.863572058089));
#3150=CARTESIAN_POINT('',(-18.4167457072287,3.89050733727182,-229.037495520957));
#3151=CARTESIAN_POINT('',(-18.3040962580852,3.88933911256635,-229.126014485825));
#3152=CARTESIAN_POINT('',(-18.0676031737635,3.88641074963932,-229.279105491596));
#3153=CARTESIAN_POINT('',(-17.9384289778151,3.88457640115654,-229.345580408902));
#3154=CARTESIAN_POINT('',(-17.6509068799455,3.88087660460877,-229.440578859952));
#3155=CARTESIAN_POINT('',(-17.4906164838435,3.8789427591754,-229.470238712053));
#3156=CARTESIAN_POINT('',(-17.314959107132,3.8781677966263,-229.454657457542));
#3157=CARTESIAN_POINT('',(-17.3104968352874,3.87814811004309,-229.45426164272));
#3158=CARTESIAN_POINT('',(-17.3060345634428,3.87812842345987,-229.453865827898));
#3159=CARTESIAN_POINT('',(-17.3015722915981,3.87810873687666,-229.453470013076));
#3160=CARTESIAN_POINT('',(-19.2161638545094,4.16449735726835,-228.499290079666));
#3161=CARTESIAN_POINT('',(-19.1916162868152,4.16486494147927,-228.673952296471));
#3162=CARTESIAN_POINT('',(-19.1320030595228,4.16510145413477,-228.822593435512));
#3163=CARTESIAN_POINT('',(-19.002418304501,4.16500816743424,-229.058352854735));
#3164=CARTESIAN_POINT('',(-18.9323740784217,4.16470284610422,-229.149274677397));
#3165=CARTESIAN_POINT('',(-18.7232994021011,4.16319803487647,-229.384385306236));
#3166=CARTESIAN_POINT('',(-18.58171161035,4.16142223187935,-229.494362152303));
#3167=CARTESIAN_POINT('',(-18.2904158753023,4.15697722163682,-229.683985451237));
#3168=CARTESIAN_POINT('',(-18.129006788202,4.1541451087714,-229.768637946855));
#3169=CARTESIAN_POINT('',(-17.7514995359357,4.14811708400487,-229.894922845834));
#3170=CARTESIAN_POINT('',(-17.5316403662286,4.14478103368049,-229.939026648794));
#3171=CARTESIAN_POINT('',(-17.2761234083076,4.14314191969954,-229.917231718654));
#3172=CARTESIAN_POINT('',(-17.2696324419246,4.14310028084381,-229.916678056149));
#3173=CARTESIAN_POINT('',(-17.2631414755416,4.14305864198808,-229.916124393645));
#3174=CARTESIAN_POINT('',(-17.2566505091586,4.14301700313234,-229.91557073114));
#3175=CARTESIAN_POINT('',(-19.2187520783827,4.71448965771165,-228.500620699935));
#3176=CARTESIAN_POINT('',(-19.1937254275004,4.71485905346259,-228.67545808634));
#3177=CARTESIAN_POINT('',(-19.1336943048938,4.71509618119678,-228.824380341402));
#3178=CARTESIAN_POINT('',(-19.003356851593,4.71500211878265,-229.060807594873));
#3179=CARTESIAN_POINT('',(-18.9329851491999,4.71469540809307,-229.152113626662));
#3180=CARTESIAN_POINT('',(-18.7230358051492,4.71318388362695,-229.388447548704));
#3181=CARTESIAN_POINT('',(-18.5809965877038,4.71140013303245,-229.499347040345));
#3182=CARTESIAN_POINT('',(-18.2889849845949,4.7069329419511,-229.690892721177));
#3183=CARTESIAN_POINT('',(-18.1273169181291,4.70408658451886,-229.776545783053));
#3184=CARTESIAN_POINT('',(-17.749599413421,4.69802538785151,-229.904835623544));
#3185=CARTESIAN_POINT('',(-17.5297958417302,4.69467060370315,-229.949940093482));
#3186=CARTESIAN_POINT('',(-17.2745680218354,4.6930117303391,-229.929096461382));
#3187=CARTESIAN_POINT('',(-17.2680844005039,4.69296958953041,-229.928566964959));
#3188=CARTESIAN_POINT('',(-17.2616007791724,4.69292744872173,-229.928037468536));
#3189=CARTESIAN_POINT('',(-17.2551171578409,4.69288530791304,-229.927507972112));
#3190=CARTESIAN_POINT('',(-18.7662614528418,4.99177702119693,-228.436915156271));
#3191=CARTESIAN_POINT('',(-18.7503391737329,4.99188642281499,-228.545977080688));
#3192=CARTESIAN_POINT('',(-18.7121211516002,4.99194985356203,-228.642224528089));
#3193=CARTESIAN_POINT('',(-18.6232111813603,4.99176718604306,-228.803041827769));
#3194=CARTESIAN_POINT('',(-18.5727647749175,4.99153517986528,-228.86924995662));
#3195=CARTESIAN_POINT('',(-18.4162185133248,4.99047903477614,-229.045620005891));
#3196=CARTESIAN_POINT('',(-18.3026662127927,4.98929491487756,-229.13598426191));
#3197=CARTESIAN_POINT('',(-18.0647413923487,4.98632219026291,-229.292920031473));
#3198=CARTESIAN_POINT('',(-17.9350492376694,4.98445935264334,-229.361396081299));
#3199=CARTESIAN_POINT('',(-17.6471066349162,4.98069321231017,-229.46040441537));
#3200=CARTESIAN_POINT('',(-17.4869237047081,4.97872171139545,-229.492071230955));
#3201=CARTESIAN_POINT('',(-17.3118483341876,4.97790741790555,-229.478386942998));
#3202=CARTESIAN_POINT('',(-17.3074008472037,4.97788673218781,-229.478039317331));
#3203=CARTESIAN_POINT('',(-17.3029533602197,4.97786604647007,-229.477691691663));
#3204=CARTESIAN_POINT('',(-17.2985058732358,4.97784536075234,-229.477344065995));
#3205=CARTESIAN_POINT('',(-18.4032336628598,4.99360999180783,-228.385418473233));
#3206=CARTESIAN_POINT('',(-18.3947902058861,4.99351334368253,-228.441790139459));
#3207=CARTESIAN_POINT('',(-18.3741861308164,4.99343490036412,-228.495785115085));
#3208=CARTESIAN_POINT('',(-18.318719226338,4.99318165957733,-228.595847318028));
#3209=CARTESIAN_POINT('',(-18.2843440471813,4.99300997252148,-228.641823440881));
#3210=CARTESIAN_POINT('',(-18.1708701186439,4.99232081612735,-228.769733074652));
#3211=CARTESIAN_POINT('',(-18.0802879219206,4.99161958022151,-228.843300083944));
#3212=CARTESIAN_POINT('',(-17.8859188748365,4.98985130045755,-228.971778971736));
#3213=CARTESIAN_POINT('',(-17.7819110413299,4.9887809776325,-229.026113185433));
#3214=CARTESIAN_POINT('',(-17.5658724611191,4.98686414954988,-229.10089433773));
#3215=CARTESIAN_POINT('',(-17.4533619440239,4.98601025121658,-229.121413752677));
#3216=CARTESIAN_POINT('',(-17.3422947386583,4.98587604370289,-229.113073431201));
#3217=CARTESIAN_POINT('',(-17.3394732684039,4.98587263439313,-229.112861559759));
#3218=CARTESIAN_POINT('',(-17.3366517981495,4.98586922508336,-229.112649688317));
#3219=CARTESIAN_POINT('',(-17.333830327895,4.9858658157736,-229.112437816875));
#3220=CARTESIAN_POINT('',(-17.3418316597215,4.98587548414373,-229.113038657415));
#3221=CARTESIAN_POINT('',(-17.3341533403656,4.98388261881392,-229.204361465137));
#3222=CARTESIAN_POINT('',(-17.3135106907707,4.9470807514847,-229.450254830343));
#3223=CARTESIAN_POINT('',(-17.2884858605078,4.42175675683351,-229.754128018112));
#3224=CARTESIAN_POINT('',(-17.3164414095919,3.910183548579,-229.427873869984));
#3225=CARTESIAN_POINT('',(-17.3372616655133,3.88414316062592,-229.180624102554));
#3226=CARTESIAN_POINT('',(-17.3449399778011,3.88613602565788,-229.0893013055));
#3227=CARTESIAN_POINT('',(-17.3488581543533,3.8861390432981,-229.089676859923));
#3228=CARTESIAN_POINT('',(-17.3449382644256,3.8861360241976,-229.089301148565));
#3229=CARTESIAN_POINT('',(-17.5683281241615,3.88632641514831,-229.109762386994));
#3230=CARTESIAN_POINT('',(-18.0019090305506,3.89182466754929,-228.933215159041));
#3231=CARTESIAN_POINT('',(-18.3680436353242,3.89322431010672,-228.606918272874));
#3232=CARTESIAN_POINT('',(-18.3980572151132,3.89362539092129,-228.382757232695));
#3233=CARTESIAN_POINT('',(-18.3980572151132,3.89362539092129,-228.382757232695));
#3234=CARTESIAN_POINT('',(-18.3980571973055,3.89362539068332,-228.382757365694));
#3235=CARTESIAN_POINT('',(-18.4888141403686,3.89316714815287,-228.395631567727));
#3236=CARTESIAN_POINT('',(-18.7340057850786,3.92335802477639,-228.430467948684));
#3237=CARTESIAN_POINT('',(-19.0495575629378,4.44034125704337,-228.476138530915));
#3238=CARTESIAN_POINT('',(-18.7388864336839,4.96048636276323,-228.432977119119));
#3239=CARTESIAN_POINT('',(-18.4939905858706,4.99315174904795,-228.398292809099));
#3240=CARTESIAN_POINT('',(-18.403233642814,4.99360999157838,-228.385418607066));
#3241=CARTESIAN_POINT('',(-5.68898599507299,13.1181268587428,-152.280809460188));
#3242=CARTESIAN_POINT('',(-6.05478863418666,12.3829479348701,-153.71785138264));
#3243=CARTESIAN_POINT('',(-6.46310317722935,11.7014050053488,-155.165558862201));
#3244=CARTESIAN_POINT('',(-7.31302055179321,10.4420025882463,-158.095614331143));
#3245=CARTESIAN_POINT('',(-7.75803834652555,9.86779491784823,-159.578085719984));
#3246=CARTESIAN_POINT('',(-9.12452834329779,8.29516382038146,-164.066075987883));
#3247=CARTESIAN_POINT('',(-10.0818365642215,7.45099823529938,-167.113472431391));
#3248=CARTESIAN_POINT('',(-11.8719127017947,6.1995246270965,-173.325561315357));
#3249=CARTESIAN_POINT('',(-12.6834117811225,5.76842354885947,-176.48592512532));
#3250=CARTESIAN_POINT('',(-13.9368817061588,5.04030933990013,-181.208277008464));
#3251=CARTESIAN_POINT('',(-14.3710398852815,4.78409101835791,-182.777333393069));
#3252=CARTESIAN_POINT('',(-15.1840302195015,4.36485648684363,-185.94193679621));
#3253=CARTESIAN_POINT('',(-15.5512460283177,4.21076641641905,-187.540816890855));
#3254=CARTESIAN_POINT('',(-16.5003051377308,3.88028340506191,-192.373430324619));
#3255=CARTESIAN_POINT('',(-16.948463861343,3.79754673825219,-195.633898067377));
#3256=CARTESIAN_POINT('',(-17.582517117912,3.67163328625204,-200.528976169982));
#3257=CARTESIAN_POINT('',(-17.787042431205,3.63400208416518,-202.162264920944));
#3258=CARTESIAN_POINT('',(-18.1863010871437,3.5746381681176,-205.431350538351));
#3259=CARTESIAN_POINT('',(-18.381476648799,3.55342632754648,-207.067145939778));
#3260=CARTESIAN_POINT('',(-18.7238904663621,3.54332920725296,-210.343827104094));
#3261=CARTESIAN_POINT('',(-18.8712762312735,3.55458472777432,-211.984903363885));
#3262=CARTESIAN_POINT('',(-19.0598667303812,3.61022295146826,-215.27158515754));
#3263=CARTESIAN_POINT('',(-19.1003888844791,3.65390584014862,-216.916980694313));
#3264=CARTESIAN_POINT('',(-19.0682687814051,3.74691850594904,-220.204417257869));
#3265=CARTESIAN_POINT('',(-18.9953332510387,3.79578836555701,-221.846253255886));
#3266=CARTESIAN_POINT('',(-18.7680828718455,3.86949984611157,-225.122883355232));
#3267=CARTESIAN_POINT('',(-18.6155994468732,3.89653253201921,-226.757991513984));
#3268=CARTESIAN_POINT('',(-18.3980571239083,3.89362538970246,-228.382757913894));
#3269=CARTESIAN_POINT('',(-5.64596966773539,12.7884682277107,-152.126151039748));
#3270=CARTESIAN_POINT('',(-6.02152841501515,12.0491538106994,-153.569288144059));
#3271=CARTESIAN_POINT('',(-6.44090284549426,11.36480230141,-155.021222235532));
#3272=CARTESIAN_POINT('',(-7.31515834089917,10.1003180473906,-157.9619191508));
#3273=CARTESIAN_POINT('',(-7.77295675381549,9.52464786652629,-159.448975248787));
#3274=CARTESIAN_POINT('',(-9.17947885782924,7.95053551966911,-163.950117685689));
#3275=CARTESIAN_POINT('',(-10.1665311316185,7.10878498419676,-167.007623582622));
#3276=CARTESIAN_POINT('',(-12.0160802070539,5.87174691807253,-173.240328917464));
#3277=CARTESIAN_POINT('',(-12.8549238915678,5.4536686552036,-176.403319571625));
#3278=CARTESIAN_POINT('',(-14.1412215916387,4.75134196975837,-181.111302348424));
#3279=CARTESIAN_POINT('',(-14.5866432015978,4.50375246869949,-182.67898073661));
#3280=CARTESIAN_POINT('',(-15.4254745812209,4.10062151186923,-185.860498256975));
#3281=CARTESIAN_POINT('',(-15.8049392023676,3.95534611483443,-187.469397575112));
#3282=CARTESIAN_POINT('',(-16.7858148761026,3.65333831592836,-192.32394613299));
#3283=CARTESIAN_POINT('',(-17.2497327605986,3.59147313151457,-195.591348320225));
#3284=CARTESIAN_POINT('',(-17.9025431298154,3.49693141990154,-200.488283622328));
#3285=CARTESIAN_POINT('',(-18.1126495257015,3.46979629140389,-202.122315761163));
#3286=CARTESIAN_POINT('',(-18.5218226946481,3.43140655391705,-205.392757620434));
#3287=CARTESIAN_POINT('',(-18.7215225470658,3.42064786069559,-207.030774647092));
#3288=CARTESIAN_POINT('',(-19.0720748294,3.43144212912441,-210.314963005296));
#3289=CARTESIAN_POINT('',(-19.2231279799114,3.45314582033022,-211.961747202222));
#3290=CARTESIAN_POINT('',(-19.4177679580535,3.52973535090346,-215.264225158236));
#3291=CARTESIAN_POINT('',(-19.4605454670269,3.58387195830873,-216.917526456922));
#3292=CARTESIAN_POINT('',(-19.431437601356,3.6974521554932,-220.221129373435));
#3293=CARTESIAN_POINT('',(-19.3592711648005,3.75638449757066,-221.87002615849));
#3294=CARTESIAN_POINT('',(-19.132742536423,3.84957919027449,-225.157453811195));
#3295=CARTESIAN_POINT('',(-18.979931647245,3.88616795659393,-226.799973902394));
#3296=CARTESIAN_POINT('',(-18.7610849854426,3.89179242354402,-228.434254092522));
#3297=CARTESIAN_POINT('',(-5.85839763596787,12.3740195937441,-151.863851339862));
#3298=CARTESIAN_POINT('',(-6.24584417243748,11.636889907199,-153.313161159823));
#3299=CARTESIAN_POINT('',(-6.67907070530795,10.9563482066217,-154.771343342521));
#3300=CARTESIAN_POINT('',(-7.58311224355827,9.70125340805063,-157.727512969334));
#3301=CARTESIAN_POINT('',(-8.05623241207197,9.13208145051766,-159.221603532533));
#3302=CARTESIAN_POINT('',(-9.50946284513437,7.58220490288902,-163.743803994118));
#3303=CARTESIAN_POINT('',(-10.5296024533189,6.76240215856231,-166.818017291574));
#3304=CARTESIAN_POINT('',(-12.4404089699304,5.58154489635216,-173.087096154867));
#3305=CARTESIAN_POINT('',(-13.3043716579405,5.19886121292429,-176.259823116056));
#3306=CARTESIAN_POINT('',(-14.6144532347496,4.55514362778079,-180.95732444113));
#3307=CARTESIAN_POINT('',(-15.0676202756968,4.32674971479112,-182.525366273961));
#3308=CARTESIAN_POINT('',(-15.925369755336,3.95952141192152,-185.732194318611));
#3309=CARTESIAN_POINT('',(-16.3131101021444,3.83262562971873,-187.355786326306));
#3310=CARTESIAN_POINT('',(-17.3120420625088,3.58654389293594,-192.24418331699));
#3311=CARTESIAN_POINT('',(-17.7803607569316,3.56198289502481,-195.52410397372));
#3312=CARTESIAN_POINT('',(-18.4332636866987,3.52045013937964,-200.426698069592));
#3313=CARTESIAN_POINT('',(-18.6424900660521,3.51053382282487,-202.062406717725));
#3314=CARTESIAN_POINT('',(-19.0483076453547,3.50564950349415,-205.335475692761));
#3315=CARTESIAN_POINT('',(-19.2457698793586,3.51114578920846,-206.976455125872));
#3316=CARTESIAN_POINT('',(-19.5907790719236,3.55359855783252,-210.270247609841));
#3317=CARTESIAN_POINT('',(-19.7385916379448,3.59071831819191,-211.924201028031));
#3318=CARTESIAN_POINT('',(-19.9253165289221,3.69745541929081,-215.246814928906));
#3319=CARTESIAN_POINT('',(-19.9632611837763,3.76626269644854,-216.910356568675));
#3320=CARTESIAN_POINT('',(-19.922833611278,3.90808708188179,-220.235404168035));
#3321=CARTESIAN_POINT('',(-19.8441957936832,3.98052918249608,-221.894007493847));
#3322=CARTESIAN_POINT('',(-19.6039240041515,4.09932831937254,-225.197218556747));
#3323=CARTESIAN_POINT('',(-19.4435008101555,4.1481771508158,-226.850412956591));
#3324=CARTESIAN_POINT('',(-19.2161639216502,4.1644973660239,-228.499289625601));
#3325=CARTESIAN_POINT('',(-6.39079439077681,12.3692689033912,-151.725897991189));
#3326=CARTESIAN_POINT('',(-6.77761615722979,11.6468416694806,-153.172315350598));
#3327=CARTESIAN_POINT('',(-7.21090725457405,10.9809467768586,-154.632427123128));
#3328=CARTESIAN_POINT('',(-8.11367557581058,9.75733548154342,-157.592938557302));
#3329=CARTESIAN_POINT('',(-8.58548771064769,9.20481624679987,-159.089636277797));
#3330=CARTESIAN_POINT('',(-10.0320545328408,7.70711442112054,-163.621072366902));
#3331=CARTESIAN_POINT('',(-11.0440086790318,6.92516963550433,-166.703426831455));
#3332=CARTESIAN_POINT('',(-12.9286477317308,5.82058512501685,-172.993711624351));
#3333=CARTESIAN_POINT('',(-13.7744869138406,5.47613356199455,-176.179344089228));
#3334=CARTESIAN_POINT('',(-15.0500668076376,4.88516536943543,-180.891805276606));
#3335=CARTESIAN_POINT('',(-15.4905661335872,4.6735905814424,-182.464018989795));
#3336=CARTESIAN_POINT('',(-16.321549198785,4.3379086491401,-185.679182789986));
#3337=CARTESIAN_POINT('',(-16.695218966823,4.22573541374007,-187.307112118012));
#3338=CARTESIAN_POINT('',(-17.6507220888925,4.02031776920254,-192.208368164145));
#3339=CARTESIAN_POINT('',(-18.0884445012324,4.0181864386441,-195.495989648581));
#3340=CARTESIAN_POINT('',(-18.6946397708203,4.00424224433473,-200.405258333258));
#3341=CARTESIAN_POINT('',(-18.8881534104226,4.00252336746213,-202.042461530178));
#3342=CARTESIAN_POINT('',(-19.2624735280965,4.01221443825771,-205.317394132329));
#3343=CARTESIAN_POINT('',(-19.4441497983249,4.02408781347903,-206.95874431503));
#3344=CARTESIAN_POINT('',(-19.7577266493284,4.07762911045249,-210.252977066046));
#3345=CARTESIAN_POINT('',(-19.8898895825234,4.11946058293233,-211.906999083944));
#3346=CARTESIAN_POINT('',(-20.0456606013717,4.23411455707066,-215.230394468372));
#3347=CARTESIAN_POINT('',(-20.068301160996,4.30612887779463,-216.894652385794));
#3348=CARTESIAN_POINT('',(-19.9977035811542,4.45302281033185,-220.222173468186));
#3349=CARTESIAN_POINT('',(-19.9042002670498,4.52732822266059,-221.882537908033));
#3350=CARTESIAN_POINT('',(-19.6346377781587,4.64862821681356,-225.190321907959));
#3351=CARTESIAN_POINT('',(-19.4598117364412,4.69811481019987,-226.84633553618));
#3352=CARTESIAN_POINT('',(-19.2187521402618,4.71448966646093,-228.500620245195));
#3353=CARTESIAN_POINT('',(-6.71076317735324,12.7789668470049,-151.850244342402));
#3354=CARTESIAN_POINT('',(-7.08507822951959,12.0690514958312,-153.287591760131));
#3355=CARTESIAN_POINT('',(-7.5045759440707,11.4139994418824,-154.743389796746));
#3356=CARTESIAN_POINT('',(-8.37628500535952,10.2124821943776,-157.692770326736));
#3357=CARTESIAN_POINT('',(-8.8314673510069,9.6701174590964,-159.185040739268));
#3358=CARTESIAN_POINT('',(-10.2246622331622,8.20035455612073,-163.704654431348));
#3359=CARTESIAN_POINT('',(-11.1953435829729,7.4343199380437,-166.778442662338));
#3360=CARTESIAN_POINT('',(-12.992557730726,6.34982737543904,-173.053559856478));
#3361=CARTESIAN_POINT('',(-13.7951544033565,6.0082133533384,-176.24236151806));
#3362=CARTESIAN_POINT('',(-15.0124487374204,5.4113854530705,-180.98026401933));
#3363=CARTESIAN_POINT('',(-15.4325349174242,5.19743420203846,-182.556286168279));
#3364=CARTESIAN_POINT('',(-16.2178334680732,4.85739598626999,-185.754475199724));
#3365=CARTESIAN_POINT('',(-16.5691569317104,4.74156568286856,-187.372049158523));
#3366=CARTESIAN_POINT('',(-17.4631749288987,4.52088606847872,-192.252315827302));
#3367=CARTESIAN_POINT('',(-17.8659002491773,4.5038802187103,-195.535119669946));
#3368=CARTESIAN_POINT('',(-18.4252952980699,4.46451562983312,-200.445404149661));
#3369=CARTESIAN_POINT('',(-18.6039762144483,4.45377538066841,-202.08242538607));
#3370=CARTESIAN_POINT('',(-18.950154460126,4.44453642345417,-205.35659449957));
#3371=CARTESIAN_POINT('',(-19.1182823850099,4.44653190924886,-206.995353025453));
#3372=CARTESIAN_POINT('',(-19.405969984198,4.47950323435222,-210.280421917659));
#3373=CARTESIAN_POINT('',(-19.5257238690773,4.51063034982037,-211.927343313956));
#3374=CARTESIAN_POINT('',(-19.6584561029443,4.60305362645392,-215.231384237259));
#3375=CARTESIAN_POINT('',(-19.6706254214691,4.66360432100553,-216.886118091091));
#3376=CARTESIAN_POINT('',(-19.5811775411056,4.78732361238867,-220.194667973805));
#3377=CARTESIAN_POINT('',(-19.4792801115367,4.84998257789323,-221.847086986838));
#3378=CARTESIAN_POINT('',(-19.1941700844346,4.94817898516295,-225.143660513642));
#3379=CARTESIAN_POINT('',(-19.0125483918079,4.98604676356447,-226.791818303996));
#3380=CARTESIAN_POINT('',(-18.7662614226128,4.99177702445425,-228.436915331701));
#3381=CARTESIAN_POINT('',(-6.75377950469081,13.108625478037,-152.004902762842));
#3382=CARTESIAN_POINT('',(-7.11834323138951,12.4028409029778,-153.436151158669));
#3383=CARTESIAN_POINT('',(-7.52677627582673,11.750602145823,-154.887726423418));
#3384=CARTESIAN_POINT('',(-8.3741472162326,10.5541667352314,-157.826465507076));
#3385=CARTESIAN_POINT('',(-8.81654894372072,10.0132645104198,-159.314151210448));
#3386=CARTESIAN_POINT('',(-10.1697117186233,8.54498285683015,-163.820612733576));
#3387=CARTESIAN_POINT('',(-11.1106490155136,7.77653318912084,-166.884291511198));
#3388=CARTESIAN_POINT('',(-12.848390225529,6.6776050844885,-173.13879225428));
#3389=CARTESIAN_POINT('',(-13.6236422929006,6.32296824698571,-176.324967071801));
#3390=CARTESIAN_POINT('',(-14.8081088519458,5.70035282321653,-181.077238679347));
#3391=CARTESIAN_POINT('',(-15.2169316011377,5.47777275172418,-182.654638824738));
#3392=CARTESIAN_POINT('',(-15.976389106324,5.12163096121713,-185.835913738958));
#3393=CARTESIAN_POINT('',(-16.3154637576559,4.99698598444867,-187.443468474267));
#3394=CARTESIAN_POINT('',(-17.1776651905362,4.74783115762133,-192.301800018931));
#3395=CARTESIAN_POINT('',(-17.5646313499009,4.70995382541428,-195.577669417098));
#3396=CARTESIAN_POINT('',(-18.105269286177,4.63921749620043,-200.486096697315));
#3397=CARTESIAN_POINT('',(-18.2783691199492,4.61798117342357,-202.122374545873));
#3398=CARTESIAN_POINT('',(-18.6146328526242,4.58776803766086,-205.395187417464));
#3399=CARTESIAN_POINT('',(-18.7782364867468,4.57931037611304,-207.031724318117));
#3400=CARTESIAN_POINT('',(-19.0577856211563,4.59139031246748,-210.30928601648));
#3401=CARTESIAN_POINT('',(-19.1738721204396,4.61206925727205,-211.950499475619));
#3402=CARTESIAN_POINT('',(-19.3005548752718,4.68354122701117,-215.238744236564));
#3403=CARTESIAN_POINT('',(-19.3104688389243,4.73363820284983,-216.885572328458));
#3404=CARTESIAN_POINT('',(-19.2180087211517,4.83678996284008,-220.177955858263));
#3405=CARTESIAN_POINT('',(-19.1153421977722,4.8893864458748,-221.823314084211));
#3406=CARTESIAN_POINT('',(-18.8295104198598,4.9680996410048,-225.109090057701));
#3407=CARTESIAN_POINT('',(-18.6482120617756,4.99641419182448,-226.749835315888));
#3408=CARTESIAN_POINT('',(-18.4032335610357,4.99360999064228,-228.385419153068));
#3409=CARTESIAN_POINT('',(-5.68898599507299,13.1181268587428,-152.280809460188));
#3410=CARTESIAN_POINT('',(-5.67247645000029,12.9916048061995,-152.221451994752));
#3411=CARTESIAN_POINT('',(-5.73488302815695,12.656289485199,-152.037107463767));
#3412=CARTESIAN_POINT('',(-6.33710156378458,12.5906378267021,-151.850780008508));
#3413=CARTESIAN_POINT('',(-6.55915896201365,12.7538242347858,-151.876217056455));
#3414=CARTESIAN_POINT('',(-6.62857456802139,12.8351339443204,-151.899389300666));
#3415=CARTESIAN_POINT('',(-5.68898599507299,13.1181268587428,-152.280809460188));
#3416=CARTESIAN_POINT('',(-18.3980571340175,3.89362538983755,-228.382757838391));
#3417=CARTESIAN_POINT('',(-18.83314318476,3.89943969144316,-225.133214515646));
#3418=CARTESIAN_POINT('',(-19.3141403906563,3.67982493727078,-218.563052215114));
#3419=CARTESIAN_POINT('',(-18.6567677310482,3.47392367864588,-208.693599484572));
#3420=CARTESIAN_POINT('',(-17.3748820093463,3.71474718907813,-198.895392219647));
#3421=CARTESIAN_POINT('',(-16.2880571466855,3.90972105253556,-190.739622657942));
#3422=CARTESIAN_POINT('',(-14.8093129879332,4.52137062592097,-184.344639720911));
#3423=CARTESIAN_POINT('',(-13.0763305321679,5.55785285119731,-178.069562114655));
#3424=CARTESIAN_POINT('',(-11.0523117685106,6.61769656674057,-170.16304588777));
#3425=CARTESIAN_POINT('',(-8.17085945014082,9.1349030982459,-161.014028075373));
#3426=CARTESIAN_POINT('',(-6.42059111461173,11.6477693299248,-155.15489268169));
#3427=CARTESIAN_POINT('',(-5.68898599507299,13.1181268587428,-152.280809460188));
#3428=CARTESIAN_POINT('',(-6.63351160580935,12.840994147992,-151.901075547622));
#3429=CARTESIAN_POINT('',(-6.63129664733097,12.8452230819784,-151.89253579414));
#3430=CARTESIAN_POINT('',(-6.62908279235895,12.8494525141536,-151.883994836265));
#3431=CARTESIAN_POINT('',(-6.62235058279373,12.8623218838496,-151.858005617252));
#3432=CARTESIAN_POINT('',(-6.61783661819305,12.8709615057873,-151.840556936516));
#3433=CARTESIAN_POINT('',(-6.61325363894829,12.8797441477759,-151.82281809229));
#3434=CARTESIAN_POINT('',(-6.61317918050254,12.8798868399591,-151.822529887723));
#3435=CARTESIAN_POINT('',(-6.61310472359442,12.880029532129,-151.822241682826));
#3436=CARTESIAN_POINT('',(-6.41270215396568,12.5754173574774,-151.823883222092));
#3437=CARTESIAN_POINT('',(-6.4104489322929,12.5796767767197,-151.815348047137));
#3438=CARTESIAN_POINT('',(-6.40819659973995,12.583937159026,-151.806810710234));
#3439=CARTESIAN_POINT('',(-6.40134816736547,12.5968991821918,-151.780835463221));
#3440=CARTESIAN_POINT('',(-6.39675667403219,12.6056002444342,-151.763397555968));
#3441=CARTESIAN_POINT('',(-6.39209481496654,12.6144457099307,-151.745668793792));
#3442=CARTESIAN_POINT('',(-6.39201907498788,12.614589422808,-151.745380753));
#3443=CARTESIAN_POINT('',(-6.39194333657988,12.6147331356681,-151.745092711849));
#3444=CARTESIAN_POINT('',(-6.04565544799325,12.4617296607077,-151.86023267232));
#3445=CARTESIAN_POINT('',(-6.04338401665699,12.4660462033421,-151.851692266995));
#3446=CARTESIAN_POINT('',(-6.041113380412,12.470363905558,-151.843149244801));
#3447=CARTESIAN_POINT('',(-6.03420963193024,12.4834996530905,-151.817157866714));
#3448=CARTESIAN_POINT('',(-6.02958122316263,12.4923169726925,-151.799709577964));
#3449=CARTESIAN_POINT('',(-6.02488181212623,12.5012807307244,-151.78196972111));
#3450=CARTESIAN_POINT('',(-6.02480546205361,12.5014263654948,-151.781681500006));
#3451=CARTESIAN_POINT('',(-6.02472911356718,12.5015720002339,-151.781393278487));
#3452=CARTESIAN_POINT('',(-5.75145338509687,12.6254644954323,-152.017402392467));
#3453=CARTESIAN_POINT('',(-5.7492026523584,12.6298318398571,-152.008847811347));
#3454=CARTESIAN_POINT('',(-5.74695284709553,12.6342000508295,-152.00029113037));
#3455=CARTESIAN_POINT('',(-5.74011196748936,12.6474903694193,-151.974256221184));
#3456=CARTESIAN_POINT('',(-5.7355254718158,12.6564118577617,-151.956777614476));
#3457=CARTESIAN_POINT('',(-5.73086871501121,12.6654812104631,-151.93900720717));
#3458=CARTESIAN_POINT('',(-5.73079305792668,12.6656285608203,-151.938718489659));
#3459=CARTESIAN_POINT('',(-5.73071740241016,12.6657759111291,-151.938429771683));
#3460=CARTESIAN_POINT('',(-5.6601481277342,12.8971273099117,-152.17712742158));
#3461=CARTESIAN_POINT('',(-5.6579344038622,12.9015147684645,-152.16855979064));
#3462=CARTESIAN_POINT('',(-5.65572182678177,12.9059026082868,-152.159990982797));
#3463=CARTESIAN_POINT('',(-5.64899335816812,12.919254177026,-152.133916046236));
#3464=CARTESIAN_POINT('',(-5.64448183017133,12.92821751215,-152.116408969153));
#3465=CARTESIAN_POINT('',(-5.6399013554042,12.9373289762289,-152.0986103132));
#3466=CARTESIAN_POINT('',(-5.63982693764706,12.9374770107621,-152.09832113671));
#3467=CARTESIAN_POINT('',(-5.63975252142575,12.9376250452364,-152.098031959734));
#3468=CARTESIAN_POINT('',(-5.68898572812079,13.1181273952538,-152.280808411476));
#3469=CARTESIAN_POINT('',(-5.68680280606058,13.1225145410252,-152.272232884566));
#3470=CARTESIAN_POINT('',(-5.68462120536858,13.1269016735591,-152.263656949525));
#3471=CARTESIAN_POINT('',(-5.67798628920771,13.1402523446594,-152.237557816991));
#3472=CARTESIAN_POINT('',(-5.67353715829293,13.1492156855835,-152.220033252095));
#3473=CARTESIAN_POINT('',(-5.66902017185582,13.1583268246995,-152.202217446565));
#3474=CARTESIAN_POINT('',(-5.6689467855713,13.1584748539492,-152.201927991444));
#3475=CARTESIAN_POINT('',(-5.6688734007959,13.1586228831362,-152.201638535835));
#3476=CARTESIAN_POINT('',(-6.1475592671429,12.6318237844714,-151.885899935939));
#3477=CARTESIAN_POINT('',(-6.24871213735545,12.6307465527322,-151.85877302781));
#3478=CARTESIAN_POINT('',(-6.47292037899871,12.683941355188,-151.817570029361));
#3479=CARTESIAN_POINT('',(-6.61181783325022,12.8558392324875,-151.847750446067));
#3480=CARTESIAN_POINT('',(-6.14755926714282,12.6318237844714,-151.885899935939));
#3481=CARTESIAN_POINT('',(-5.68898572812079,13.1181273952538,-152.280808411476));
#3482=CARTESIAN_POINT('',(-5.68234276108815,13.1314781535142,-152.254711766254));
#3483=CARTESIAN_POINT('',(-5.67571203087061,13.1448287858461,-152.228611340039));
#3484=CARTESIAN_POINT('',(-5.66909355964934,13.1581787953872,-152.2025069012));
#3485=CARTESIAN_POINT('',(-5.69063089992451,12.9562347552165,-152.124137177184));
#3486=CARTESIAN_POINT('',(-5.75757463434856,12.7513075066915,-152.032737158713));
#3487=CARTESIAN_POINT('',(-6.00185637728821,12.6333754535155,-151.924974150035));
#3488=CARTESIAN_POINT('',(-6.1475592671429,12.6318237844714,-151.885899935939));
#3489=CARTESIAN_POINT('',(-17.3488581543533,3.8861390432981,-229.089676859923));
#3490=CARTESIAN_POINT('',(-14.8754547761937,3.8843962968633,-228.843657212534));
#3491=CARTESIAN_POINT('',(-12.4010801377349,3.94213875346765,-228.602128118542));
#3492=CARTESIAN_POINT('',(-9.91072418713089,4.06291562138327,-228.368493000416));
#3493=CARTESIAN_POINT('',(-9.89274455294365,4.06379087385006,-228.366806722459));
#3494=CARTESIAN_POINT('',(-9.87476502367667,4.06466939970837,-228.365120961363));
#3495=CARTESIAN_POINT('',(-17.3155419806587,3.87818649019919,-229.454740188558));
#3496=CARTESIAN_POINT('',(-14.8426316136514,3.86300274817624,-229.208472863066));
#3497=CARTESIAN_POINT('',(-12.3682689830832,3.90666764489458,-228.965883744464));
#3498=CARTESIAN_POINT('',(-9.87758125718713,4.01304417734171,-228.730237165171));
#3499=CARTESIAN_POINT('',(-9.85959919556841,4.01381545277873,-228.728536314777));
#3500=CARTESIAN_POINT('',(-9.84161721417206,4.01458999113371,-228.726835931676));
#3501=CARTESIAN_POINT('',(-17.2731144254048,4.14318100496055,-229.916987150847));
#3502=CARTESIAN_POINT('',(-14.8041777769905,4.11098129675613,-229.680839571701));
#3503=CARTESIAN_POINT('',(-12.3333316710066,4.13615922464234,-229.447830766887));
#3504=CARTESIAN_POINT('',(-9.84578184882381,4.22284037895255,-229.220817250867));
#3505=CARTESIAN_POINT('',(-9.82782240324144,4.22346940433666,-229.219178674394));
#3506=CARTESIAN_POINT('',(-9.80986300822457,4.22410163799593,-229.217540511234));
#3507=CARTESIAN_POINT('',(-17.2715497491334,4.69305141723053,-229.928822753839));
#3508=CARTESIAN_POINT('',(-14.8093279747397,4.66042178429707,-229.713533911416));
#3509=CARTESIAN_POINT('',(-12.345484933418,4.68382015549228,-229.502335747325));
#3510=CARTESIAN_POINT('',(-9.86504035695704,4.7671113922787,-229.297617010368));
#3511=CARTESIAN_POINT('',(-9.84713221204169,4.76771586059902,-229.296139412902));
#3512=CARTESIAN_POINT('',(-9.82922412013467,4.76832345445799,-229.294662244763));
#3513=CARTESIAN_POINT('',(-17.312412628116,4.97792731473917,-229.478411394542));
#3514=CARTESIAN_POINT('',(-14.8529319649091,4.96188378366979,-229.273861862162));
#3515=CARTESIAN_POINT('',(-12.3925755079254,5.00198950693501,-229.074893705442));
#3516=CARTESIAN_POINT('',(-9.91609827345346,5.10158620399157,-228.883836684172));
#3517=CARTESIAN_POINT('',(-9.89821881319734,5.10230836534875,-228.88245779148));
#3518=CARTESIAN_POINT('',(-9.88033943807172,5.10303362419014,-228.881079397867));
#3519=CARTESIAN_POINT('',(-17.3457288018106,4.9858798678381,-229.113348065907));
#3520=CARTESIAN_POINT('',(-14.8857550924188,4.98327738214951,-228.909046467217));
#3521=CARTESIAN_POINT('',(-12.4253866625882,5.03746061578925,-228.711138079625));
#3522=CARTESIAN_POINT('',(-9.94924120339715,5.15145764803111,-228.522092519416));
#3523=CARTESIAN_POINT('',(-9.93136417059536,5.15228378645477,-228.520728198911));
#3524=CARTESIAN_POINT('',(-9.91348724763989,5.15311303286653,-228.519364426858));
#3525=CARTESIAN_POINT('',(-9.92870392590471,4.06204364300825,-228.370179786753));
#3526=CARTESIAN_POINT('',(-12.4010801377209,3.94213875346798,-228.602128118541));
#3527=CARTESIAN_POINT('',(-14.8754547761867,3.8843962968633,-228.843657212533));
#3528=CARTESIAN_POINT('',(-17.3488581543533,3.8861390432981,-229.089676859923));
#3529=CARTESIAN_POINT('',(-2.06789922403895,-3.11088838765231,-144.217207919456));
#3530=CARTESIAN_POINT('',(-6.15155068018187,27.1393076961963,-148.489636169558));
#3531=CARTESIAN_POINT('',(-2.29125457406829,-2.98408964203216,-144.646938703549));
#3532=CARTESIAN_POINT('',(-6.17031342727525,27.0455783624994,-148.907062058567));
#3533=CARTESIAN_POINT('',(-2.51460992409762,-2.857290896412,-145.076669487642));
#3534=CARTESIAN_POINT('',(-6.18907617436864,26.9518490288025,-149.324487947577));
#3535=CARTESIAN_POINT('',(-3.69808690523199,-2.18543147303819,-147.353653186453));
#3536=CARTESIAN_POINT('',(-6.28849299731443,26.4552121276818,-151.536272580932));
#3537=CARTESIAN_POINT('',(-4.88156388636635,-1.51357204966434,-149.630636885264));
#3538=CARTESIAN_POINT('',(-6.38790982026024,25.9585752265609,-153.748057214287));
#3539=CARTESIAN_POINT('',(-14.8183878178359,3.96987850138801,-169.324909800309));
#3540=CARTESIAN_POINT('',(-7.08591645431993,21.4836079046241,-172.886676230273));
#3541=CARTESIAN_POINT('',(-18.1589157909681,2.34325538690207,-188.622459038437));
#3542=CARTESIAN_POINT('',(-4.31166831757843,13.265935985767,-191.81646203311));
#3543=CARTESIAN_POINT('',(-21.6184355905356,0.562120720776808,-208.96019205528));
#3544=CARTESIAN_POINT('',(-4.50260490172169,7.96163201517255,-211.957611336954));
#3545=CARTESIAN_POINT('',(-30.2495104333667,4.35534741673017,-229.608959984006));
#3546=CARTESIAN_POINT('',(-5.5028711833529,3.52969547702683,-232.147436481824));
#3547=CARTESIAN_POINT('',(-31.5105787418236,4.94202364235471,-232.507340061113));
#3548=CARTESIAN_POINT('',(-5.65108232162586,2.91683540088352,-234.978885543217));
#3549=CARTESIAN_POINT('',(-32.7716470502804,5.52869986797927,-235.405720138219));
#3550=CARTESIAN_POINT('',(-5.79929345989884,2.30397532474021,-237.81033460461));
#3551=CARTESIAN_POINT('',(-5.89427457171243,14.538527489249,-152.641877749326));
#3552=CARTESIAN_POINT('',(-5.91272545962778,14.4976830353584,-152.722470144758));
#3553=CARTESIAN_POINT('',(-5.93129293564853,14.4569642504831,-152.803069552196));
#3554=CARTESIAN_POINT('',(-5.94997261853411,14.4163664121329,-152.883675708136));
#3555=CARTESIAN_POINT('',(-5.94997261853414,14.4163664121329,-152.883675708136));
#3556=CARTESIAN_POINT('',(-17.0403609878101,4.02094814310888,-227.603697615556));
#3557=CARTESIAN_POINT('',(-17.4460554060402,4.08104076734122,-224.407035459402));
#3558=CARTESIAN_POINT('',(-17.8992997690675,4.00880276906276,-217.959773148653));
#3559=CARTESIAN_POINT('',(-17.2535111153499,4.07862089720906,-208.301342982157));
#3560=CARTESIAN_POINT('',(-16.3312510328837,4.4617064391841,-200.305125605793));
#3561=CARTESIAN_POINT('',(-15.5810692902478,4.80828393140294,-193.91327943169));
#3562=CARTESIAN_POINT('',(-14.8971901135488,5.124902271997,-189.135079093262));
#3563=CARTESIAN_POINT('',(-13.9075187189907,5.7148725622274,-184.436141948609));
#3564=CARTESIAN_POINT('',(-12.4049137431664,6.84548280722545,-178.270351745022));
#3565=CARTESIAN_POINT('',(-10.6746892981482,8.00696576134471,-170.478725757884));
#3566=CARTESIAN_POINT('',(-8.1517378077929,10.5309160155634,-161.468519372384));
#3567=CARTESIAN_POINT('',(-6.60266294240616,12.9929157142309,-155.700260809282));
#3568=CARTESIAN_POINT('',(-5.94997261853414,14.4163664121329,-152.883675708136));
#3569=CARTESIAN_POINT('',(-17.0403609878101,4.02094814310888,-227.603697615556));
#3570=CARTESIAN_POINT('',(-10.0793538120191,4.35249308909221,-226.953260963408));
#3571=CARTESIAN_POINT('',(-12.3968277509037,4.18607246778438,-227.16741492202));
#3572=CARTESIAN_POINT('',(-14.7180767623426,4.07665627071088,-227.384441507273));
#3573=CARTESIAN_POINT('',(-17.0403609878101,4.02094814310888,-227.603697615556));
#3574=CARTESIAN_POINT('',(-10.0793538120191,4.35249308909221,-226.953260963408));
#3575=CARTESIAN_POINT('',(-10.0793538120191,4.35249308909221,-226.953260963408));
#3576=CARTESIAN_POINT('',(-10.069067417983,4.35323174330362,-226.952310592089));
#3577=CARTESIAN_POINT('',(-10.0587820139092,4.35397146458445,-226.95136028031));
#3578=CARTESIAN_POINT('',(-10.0484975996214,4.35471225274451,-226.95041002806));
#3579=CARTESIAN_POINT('',(-10.042627441013,4.25581112558547,-226.936841377258));
#3580=CARTESIAN_POINT('',(-10.0529182458153,4.25506762483556,-226.937808636715));
#3581=CARTESIAN_POINT('',(-10.0632091464557,4.25432523619028,-226.938776050017));
#3582=CARTESIAN_POINT('',(-10.0735001429224,4.25358395954442,-226.939743617137));
#3583=CARTESIAN_POINT('',(-10.0484975996214,4.35471225274452,-226.95041002806));
#3584=CARTESIAN_POINT('',(-10.0587829079495,4.35397142453089,-226.951360185472));
#3585=CARTESIAN_POINT('',(-10.069068312085,4.35323170334836,-226.95231049726));
#3586=CARTESIAN_POINT('',(-10.0793538120191,4.35249308909222,-226.953260963408));
#3587=CARTESIAN_POINT('',(-10.0793538120191,4.35249308909222,-226.953260963408));
#3588=CARTESIAN_POINT('',(-10.0774025889869,4.31952337924295,-226.948755181317));
#3589=CARTESIAN_POINT('',(-10.0754513659546,4.28655366939369,-226.944249399227));
#3590=CARTESIAN_POINT('',(-10.0735001429224,4.25358395954442,-226.939743617137));
#3591=CARTESIAN_POINT('',(-10.0735001429224,4.25358395954443,-226.939743617137));
#3592=CARTESIAN_POINT('',(-10.042627441013,4.25581112558548,-226.936841377258));
#3593=CARTESIAN_POINT('',(-10.0529182754303,4.25506762269592,-226.937808639499));
#3594=CARTESIAN_POINT('',(-10.0632091761415,4.25432523405196,-226.938776052808));
#3595=CARTESIAN_POINT('',(-10.0735001429224,4.25358395954443,-226.939743617137));
#3596=CARTESIAN_POINT('',(-10.042627441013,4.25581112558547,-226.936841377258));
#3597=CARTESIAN_POINT('',(-10.042627441013,4.25581112558547,-226.936841377258));
#3598=CARTESIAN_POINT('',(-10.0445841605492,4.28877816797182,-226.941364260859));
#3599=CARTESIAN_POINT('',(-10.0465408800853,4.32174521035819,-226.945887144459));
#3600=CARTESIAN_POINT('',(-10.0484975996214,4.35471225274455,-226.95041002806));
#3601=CARTESIAN_POINT('',(-10.0734642759068,4.25297791652536,-226.939660792696));
#3602=CARTESIAN_POINT('',(-12.3921751602752,4.08595439998247,-227.157690598854));
#3603=CARTESIAN_POINT('',(-14.7146575531568,3.97619784053127,-227.378561883479));
#3604=CARTESIAN_POINT('',(-17.0381535197545,3.9203830582568,-227.601526983508));
#3605=CARTESIAN_POINT('',(-10.0793538120191,4.35249308909221,-226.953260963408));
#3606=CARTESIAN_POINT('',(-12.3968183097855,4.18607314576256,-227.167414049582));
#3607=CARTESIAN_POINT('',(-14.7180630763259,4.07665659901797,-227.384440215122));
#3608=CARTESIAN_POINT('',(-17.0403609878101,4.02094814310888,-227.603697615556));
#3609=CARTESIAN_POINT('',(-17.0403609878101,4.02094814310888,-227.603697615556));
#3610=CARTESIAN_POINT('',(-17.0396296462527,3.9876305938044,-227.602978477891));
#3611=CARTESIAN_POINT('',(-17.0388983046952,3.95431304449992,-227.602259340227));
#3612=CARTESIAN_POINT('',(-17.0381669631378,3.92099549519544,-227.601540202562));
#3613=CARTESIAN_POINT('',(-17.0381669631378,3.92099549519544,-227.601540202562));
#3614=CARTESIAN_POINT('',(-10.0735001429224,4.25358395954443,-226.939743617137));
#3615=CARTESIAN_POINT('',(-12.392133959911,4.08656912326897,-227.157743281967));
#3616=CARTESIAN_POINT('',(-14.7146586078089,3.97681010281009,-227.378595793468));
#3617=CARTESIAN_POINT('',(-17.0381669631378,3.92099549519544,-227.601540202562));
#3618=CARTESIAN_POINT('',(-17.0381167617774,3.91870848404044,-227.601490838911));
#3619=CARTESIAN_POINT('',(-17.4386587542126,3.97887507785893,-224.40664154535));
#3620=CARTESIAN_POINT('',(-17.6439640752236,3.94825676042733,-221.184490907146));
#3621=CARTESIAN_POINT('',(-17.6679133001838,3.93269804422695,-216.350878938205));
#3622=CARTESIAN_POINT('',(-17.6242536204259,3.93234844122798,-214.739062115684));
#3623=CARTESIAN_POINT('',(-17.4393356489479,3.96508549419876,-211.521484190285));
#3624=CARTESIAN_POINT('',(-17.298765929953,3.9989150358026,-209.915764972369));
#3625=CARTESIAN_POINT('',(-16.9836608918027,4.09641431209724,-206.709049147358));
#3626=CARTESIAN_POINT('',(-16.8088509770157,4.15978818205531,-205.108035818644));
#3627=CARTESIAN_POINT('',(-16.4551328374253,4.3019973413678,-201.907345328605));
#3628=CARTESIAN_POINT('',(-16.2757935571685,4.3803682613188,-200.3076425762));
#3629=CARTESIAN_POINT('',(-15.9040381630129,4.54778131048451,-197.110633574396));
#3630=CARTESIAN_POINT('',(-15.7113435871211,4.6365237606687,-195.513311204956));
#3631=CARTESIAN_POINT('',(-15.2879260533999,4.83517233760604,-192.324533687548));
#3632=CARTESIAN_POINT('',(-15.0563923743398,4.94420454072023,-190.733031253855));
#3633=CARTESIAN_POINT('',(-14.4972553937556,5.24677950175437,-187.573753413382));
#3634=CARTESIAN_POINT('',(-14.1691210149686,5.44315491497375,-186.006786893798));
#3635=CARTESIAN_POINT('',(-13.6267558077644,5.81498403613755,-183.68040613647));
#3636=CARTESIAN_POINT('',(-13.4382196868626,5.95161402186402,-182.908783072409));
#3637=CARTESIAN_POINT('',(-13.0687525146813,6.22153507360595,-181.363346483698));
#3638=CARTESIAN_POINT('',(-12.8875103358103,6.35449046870238,-180.589514694289));
#3639=CARTESIAN_POINT('',(-12.3443638690653,6.75635129369169,-178.268523769598));
#3640=CARTESIAN_POINT('',(-11.9889616830429,7.01879577122859,-176.718857366304));
#3641=CARTESIAN_POINT('',(-11.2691605024118,7.54682126534133,-173.622294429085));
#3642=CARTESIAN_POINT('',(-10.8965672187665,7.82717176965569,-172.079464127315));
#3643=CARTESIAN_POINT('',(-9.72572319533453,8.8201644255025,-167.494963337751));
#3644=CARTESIAN_POINT('',(-8.88873783895335,9.6690958004056,-164.493354910347));
#3645=CARTESIAN_POINT('',(-7.28380227235638,11.7486963149258,-158.604844154755));
#3646=CARTESIAN_POINT('',(-6.50321780404223,12.9880418734323,-155.724332534833));
#3647=CARTESIAN_POINT('',(-5.85038484239641,14.4168898750253,-152.907017840228));
#3648=CARTESIAN_POINT('',(-17.0381669631377,3.92099549519544,-227.601540202562));
#3649=CARTESIAN_POINT('',(-17.4388232407725,3.98116029069592,-224.406658000187));
#3650=CARTESIAN_POINT('',(-17.644251799986,3.95053022960977,-221.184493792023));
#3651=CARTESIAN_POINT('',(-17.6683877318144,3.93493729094562,-216.350869692436));
#3652=CARTESIAN_POINT('',(-17.6247910984753,3.93457346287614,-214.73905082139));
#3653=CARTESIAN_POINT('',(-17.440000457608,3.96727583552704,-211.521471311598));
#3654=CARTESIAN_POINT('',(-17.2994950285261,4.00108491281959,-209.915752547602));
#3655=CARTESIAN_POINT('',(-16.984518977565,4.09853648649142,-206.709036107481));
#3656=CARTESIAN_POINT('',(-16.8097737657788,4.16188312165063,-205.1080217147));
#3657=CARTESIAN_POINT('',(-16.4561847285406,4.30403046853438,-201.907324617815));
#3658=CARTESIAN_POINT('',(-16.2769098544547,4.38236681238022,-200.307616315572));
#3659=CARTESIAN_POINT('',(-15.9052821924709,4.54970265449187,-197.110590638281));
#3660=CARTESIAN_POINT('',(-15.712650946484,4.63840246737621,-195.513257129389));
#3661=CARTESIAN_POINT('',(-15.2893578967421,4.83695695088136,-192.324452252515));
#3662=CARTESIAN_POINT('',(-15.0578853588548,4.94593768521602,-190.732933565063));
#3663=CARTESIAN_POINT('',(-14.4988672815007,5.24840033423381,-187.573622816));
#3664=CARTESIAN_POINT('',(-14.1707906710288,5.44471487991908,-186.006639808216));
#3665=CARTESIAN_POINT('',(-13.6285077710886,5.81644642811487,-183.680235004994));
#3666=CARTESIAN_POINT('',(-13.4399983614347,5.95304285328958,-182.908604020139));
#3667=CARTESIAN_POINT('',(-13.0705826098392,6.22289499801055,-181.363149863459));
#3668=CARTESIAN_POINT('',(-12.8893651350065,6.3558150478593,-180.589308416544));
#3669=CARTESIAN_POINT('',(-12.34628942714,6.75756757597081,-178.268286884297));
#3670=CARTESIAN_POINT('',(-11.9909298181842,7.01993683975888,-176.7185972507));
#3671=CARTESIAN_POINT('',(-11.2712031153442,7.54780887700077,-173.621985221919));
#3672=CARTESIAN_POINT('',(-10.8986418804255,7.82808110781532,-172.079130044708));
#3673=CARTESIAN_POINT('',(-9.72787903747351,8.82083933948798,-167.494561321356));
#3674=CARTESIAN_POINT('',(-8.89092731284511,9.66961561831649,-164.492915701951));
#3675=CARTESIAN_POINT('',(-7.28602805781796,11.74893085114,-158.604346377253));
#3676=CARTESIAN_POINT('',(-6.5054447159732,12.9881456371939,-155.723804479037));
#3677=CARTESIAN_POINT('',(-5.85261253326514,14.4168781656213,-152.906495697285));
#3678=CARTESIAN_POINT('',(-17.0403609878101,4.02094814310888,-227.603697615556));
#3679=CARTESIAN_POINT('',(-17.4460120413921,4.0810343440448,-224.407377150397));
#3680=CARTESIAN_POINT('',(-17.6568266629503,4.04989103256746,-221.184619874079));
#3681=CARTESIAN_POINT('',(-17.6891225225615,4.03280241870141,-216.350465610847));
#3682=CARTESIAN_POINT('',(-17.6482813005754,4.03181689123145,-214.738557210088));
#3683=CARTESIAN_POINT('',(-17.4690555786498,4.0630035783138,-211.520908455211));
#3684=CARTESIAN_POINT('',(-17.3313599071982,4.095918273392,-209.915209529581));
#3685=CARTESIAN_POINT('',(-17.0220211750877,4.19128502843403,-206.708466206353));
#3686=CARTESIAN_POINT('',(-16.8501037747241,4.25344138069727,-205.107405309033));
#3687=CARTESIAN_POINT('',(-16.5021570894794,4.39288724712956,-201.906419463399));
#3688=CARTESIAN_POINT('',(-16.3256970540128,4.46971246005822,-200.306468608279));
#3689=CARTESIAN_POINT('',(-15.9596518609929,4.63367400752586,-197.10871413742));
#3690=CARTESIAN_POINT('',(-15.7697884159759,4.72051037911889,-195.510893784526));
#3691=CARTESIAN_POINT('',(-15.3519358746124,4.91495255749696,-192.320893176237));
#3692=CARTESIAN_POINT('',(-15.1231354802826,5.02168387525633,-190.728664126622));
#3693=CARTESIAN_POINT('',(-14.5693140075286,5.31923798528312,-187.567915124493));
#3694=CARTESIAN_POINT('',(-14.2437621315988,5.51289234665207,-186.000211508387));
#3695=CARTESIAN_POINT('',(-13.7050764283591,5.8803595183946,-183.672755791711));
#3696=CARTESIAN_POINT('',(-13.5177344200786,6.01548919689138,-182.900778632654));
#3697=CARTESIAN_POINT('',(-13.1505659787724,6.28232979565252,-181.354556676893));
#3698=CARTESIAN_POINT('',(-12.9704281812475,6.41370509960442,-180.580293153668));
#3699=CARTESIAN_POINT('',(-12.4304449538249,6.8107245682933,-178.257933933888));
#3700=CARTESIAN_POINT('',(-12.0769461536987,7.06980665381895,-176.707229031812));
#3701=CARTESIAN_POINT('',(-11.3604744644647,7.59097193733601,-173.608471481538));
#3702=CARTESIAN_POINT('',(-10.9893139026836,7.86782326504311,-172.064529135946));
#3703=CARTESIAN_POINT('',(-9.82209901091067,8.8503361085857,-167.476991401293));
#3704=CARTESIAN_POINT('',(-8.98661714476429,9.69233399313162,-164.473720324555));
#3705=CARTESIAN_POINT('',(-7.38330486824658,11.7591811359227,-158.582591267162));
#3706=CARTESIAN_POINT('',(-6.60277075816804,12.992680579105,-155.700726071685));
#3707=CARTESIAN_POINT('',(-5.94997261853414,14.4163664121329,-152.883675708136));
#3708=CARTESIAN_POINT('',(-5.94997261853414,14.4163664121329,-152.883675708136));
#3709=CARTESIAN_POINT('',(-5.9175192567778,14.4165369966291,-152.891282371186));
#3710=CARTESIAN_POINT('',(-5.88506589502147,14.4167075811252,-152.898889034236));
#3711=CARTESIAN_POINT('',(-5.85261253326514,14.4168781656213,-152.906495697285));
#3712=CARTESIAN_POINT('',(-5.85261253326509,14.4168781656213,-152.906495697285));
#3713=CARTESIAN_POINT('',(-17.0381669631377,3.92099549519544,-227.601540202562));
#3714=CARTESIAN_POINT('',(-17.4417072596,3.98159337115082,-224.383660481023));
#3715=CARTESIAN_POINT('',(-17.8826583412503,3.90879938241034,-217.876650619166));
#3716=CARTESIAN_POINT('',(-17.21189867134,3.98643237454245,-208.255580651304));
#3717=CARTESIAN_POINT('',(-16.2790821704556,4.37557860564476,-200.274049004982));
#3718=CARTESIAN_POINT('',(-15.5183828322204,4.72935977689029,-193.895370052908));
#3719=CARTESIAN_POINT('',(-14.8254471973062,5.05312537852437,-189.115668408516));
#3720=CARTESIAN_POINT('',(-13.8216481663979,5.65655030715392,-184.401071132223));
#3721=CARTESIAN_POINT('',(-12.3082645309793,6.80111555558,-178.226451988794));
#3722=CARTESIAN_POINT('',(-10.5593212529059,7.98869087148796,-170.408130526359));
#3723=CARTESIAN_POINT('',(-8.0514396288446,10.5235763234246,-161.47780214418));
#3724=CARTESIAN_POINT('',(-6.50886141990483,12.9806681319844,-155.738549325027));
#3725=CARTESIAN_POINT('',(-5.85261253326512,14.4168781656213,-152.906495697285));
#3726=CARTESIAN_POINT('',(-5.79593348440786,14.539490305593,-152.664879995098));
#3727=CARTESIAN_POINT('',(-5.81439313574646,14.4986273878705,-152.745510629485));
#3728=CARTESIAN_POINT('',(-5.83296244738622,14.4577583334029,-152.826125163232));
#3729=CARTESIAN_POINT('',(-5.85163893348186,14.4168832831505,-152.906723896926));
#3730=CARTESIAN_POINT('',(-5.79690715748064,14.5394807727683,-152.664652250338));
#3731=CARTESIAN_POINT('',(-5.81536678481762,14.4986193230944,-152.745282720663));
#3732=CARTESIAN_POINT('',(-5.83393607201115,14.4577517404272,-152.825897102665));
#3733=CARTESIAN_POINT('',(-5.8526125332651,14.4168781656213,-152.906495697285));
#3734=CARTESIAN_POINT('',(-5.89427457171243,14.538527489249,-152.641877749325));
#3735=CARTESIAN_POINT('',(-5.91273179888485,14.4978128445945,-152.72249181338));
#3736=CARTESIAN_POINT('',(-5.9312986414524,14.4570924421311,-152.803091020875));
#3737=CARTESIAN_POINT('',(-5.94997261853411,14.4163664121329,-152.883675708136));
#3738=CARTESIAN_POINT('',(-5.8526125332651,14.4168781656213,-152.906495697285));
#3739=CARTESIAN_POINT('',(-5.8339382101762,14.457747061037,-152.825906329954));
#3740=CARTESIAN_POINT('',(-5.81536890404778,14.4986146320562,-152.745291977324));
#3741=CARTESIAN_POINT('',(-5.79690715748067,14.5394807727682,-152.664652250338));
#3742=CARTESIAN_POINT('',(-10.042627441013,4.25581112558547,-226.936841377258));
#3743=CARTESIAN_POINT('',(-10.0227229937019,4.21628150168635,-227.233581759285));
#3744=CARTESIAN_POINT('',(-10.0021829904349,4.17637473212676,-227.530253749458));
#3745=CARTESIAN_POINT('',(-9.98102463520825,4.13602544656631,-227.826849666421));
#3746=CARTESIAN_POINT('',(-10.0484975996214,4.35471225274451,-226.95041002806));
#3747=CARTESIAN_POINT('',(-10.0280959005541,4.31520342327578,-227.247213964974));
#3748=CARTESIAN_POINT('',(-10.007060948387,4.27531278688863,-227.543954643565));
#3749=CARTESIAN_POINT('',(-9.98541049879404,4.23497512040686,-227.840623781546));
#3750=CARTESIAN_POINT('',(-10.0485563004687,4.3557012515681,-226.95054571286));
#3751=CARTESIAN_POINT('',(-10.0281496289464,4.31619263004106,-227.247350285315));
#3752=CARTESIAN_POINT('',(-10.0071097273525,4.2763021549836,-227.544091650782));
#3753=CARTESIAN_POINT('',(-9.98545435687787,4.23596460469115,-227.840761520963));
#3754=CARTESIAN_POINT('',(-9.98102463520825,4.13602544656631,-227.826849666421));
#3755=CARTESIAN_POINT('',(-10.0021811174383,4.17637116029542,-227.530280004956));
#3756=CARTESIAN_POINT('',(-10.0227213014859,4.21627814099708,-227.233606987257));
#3757=CARTESIAN_POINT('',(-10.042627441013,4.25581112558547,-226.936841377258));
#3758=CARTESIAN_POINT('',(-5.68504571656205,12.9562933753058,-152.125603117922));
#3759=CARTESIAN_POINT('',(-5.6845394907644,12.9511670600047,-152.123881357515));
#3760=CARTESIAN_POINT('',(-5.68403326496674,12.9460407447036,-152.122159597107));
#3761=CARTESIAN_POINT('',(-5.68352703916909,12.9409144294026,-152.120437836699));
#3762=CARTESIAN_POINT('',(-5.67352593860312,12.8396378941167,-152.086422385361));
#3763=CARTESIAN_POINT('',(-5.66343128707825,12.7383624261802,-152.052431218733));
#3764=CARTESIAN_POINT('',(-5.65324357751195,12.6370880199153,-152.018464204865));
#3765=CARTESIAN_POINT('',(-5.74610175364055,12.9556525529499,-152.109577765441));
#3766=CARTESIAN_POINT('',(-5.74559414897496,12.9505261015404,-152.107850762542));
#3767=CARTESIAN_POINT('',(-5.74508654430937,12.9453996501308,-152.106123759643));
#3768=CARTESIAN_POINT('',(-5.74457893964378,12.9402731987212,-152.104396756743));
#3769=CARTESIAN_POINT('',(-5.73455059788043,12.8389939744482,-152.070277733662));
#3770=CARTESIAN_POINT('',(-5.72442852133592,12.7377158171985,-152.036183368839));
#3771=CARTESIAN_POINT('',(-5.71421320813071,12.6364387213046,-152.002113531238));
#3772=CARTESIAN_POINT('',(-6.62707997702439,12.946406120204,-151.87834778012));
#3773=CARTESIAN_POINT('',(-6.62655247665838,12.9412777048836,-151.876545133248));
#3774=CARTESIAN_POINT('',(-6.62602497629237,12.9361492895632,-151.874742486377));
#3775=CARTESIAN_POINT('',(-6.62549747592636,12.9310208742429,-151.872939839505));
#3776=CARTESIAN_POINT('',(-6.61507607062956,12.8297028505453,-151.837326378617));
#3777=CARTESIAN_POINT('',(-6.60455827817807,12.7283858891651,-151.80174296592));
#3778=CARTESIAN_POINT('',(-6.59394467176671,12.6270699845861,-151.76618948356));
#3779=CARTESIAN_POINT('',(-10.1430602747496,5.24190604556609,-227.075774934425));
#3780=CARTESIAN_POINT('',(-12.4457134060609,5.08131556199789,-227.254974119107));
#3781=CARTESIAN_POINT('',(-14.7522089894692,4.97519208009106,-227.437319495517));
#3782=CARTESIAN_POINT('',(-17.0601072098616,4.92052197432982,-227.623114332508));
#3783=CARTESIAN_POINT('',(-10.1489080228838,5.34081804042735,-227.089273864361));
#3784=CARTESIAN_POINT('',(-12.4503243594864,5.18082566526793,-227.26462617716));
#3785=CARTESIAN_POINT('',(-14.7555918760096,5.07503921753177,-227.443156157168));
#3786=CARTESIAN_POINT('',(-17.062301234534,5.02047462224325,-227.625271745503));
#3787=CARTESIAN_POINT('',(-4.96483710064519,2.82799200873874,-150.207264583357));
#3788=CARTESIAN_POINT('',(-5.30126641650507,8.79397176589421,-151.091855341163));
#3789=CARTESIAN_POINT('',(-5.63852722428487,14.7600867232763,-151.975225927692));
#3790=CARTESIAN_POINT('',(-5.97725409552493,20.7261656954658,-152.858278613941));
#3791=CARTESIAN_POINT('',(-6.67520227325613,3.6380783960252,-154.065564718244));
#3792=CARTESIAN_POINT('',(-6.61328694562753,9.17474206114048,-154.925796792715));
#3793=CARTESIAN_POINT('',(-6.55229894000677,14.7116082605302,-155.784705500028));
#3794=CARTESIAN_POINT('',(-6.49294054751972,20.2485149586094,-156.643349358417));
#3795=CARTESIAN_POINT('',(-9.56891009264693,4.68948243356867,-161.745720914032));
#3796=CARTESIAN_POINT('',(-8.76433001255926,9.42505942221222,-162.560458618559));
#3797=CARTESIAN_POINT('',(-7.96097787283618,14.161008354429,-163.37395309166));
#3798=CARTESIAN_POINT('',(-7.15940552427563,18.8972060512657,-164.18758634424));
#3799=CARTESIAN_POINT('',(-13.1057090830098,4.9415711986906,-174.825393698696));
#3800=CARTESIAN_POINT('',(-11.2318276011411,8.52327190702328,-175.575289525254));
#3801=CARTESIAN_POINT('',(-9.35926496514679,12.1057992357315,-176.324399188565));
#3802=CARTESIAN_POINT('',(-7.48818579195667,15.6889825371728,-177.074137988991));
#3803=CARTESIAN_POINT('',(-16.0056066867649,4.04941630414149,-189.475757397412));
#3804=CARTESIAN_POINT('',(-13.1687707646235,6.59197541699536,-190.168898153528));
#3805=CARTESIAN_POINT('',(-10.3326256108577,9.13548757994372,-190.861763778803));
#3806=CARTESIAN_POINT('',(-7.49722428676521,11.6797762902757,-191.55516856382));
#3807=CARTESIAN_POINT('',(-19.5244245434495,2.79176147547525,-207.929730840536));
#3808=CARTESIAN_POINT('',(-15.6715223890703,4.23833823408012,-208.563113814247));
#3809=CARTESIAN_POINT('',(-11.8188370570632,5.68570209562976,-209.196221121794));
#3810=CARTESIAN_POINT('',(-7.96647339138145,7.13383160102647,-209.829576830983));
#3811=CARTESIAN_POINT('',(-23.0348387883517,3.02118767482271,-221.025539599445));
#3812=CARTESIAN_POINT('',(-18.400118407746,3.62415684656495,-221.611252333091));
#3813=CARTESIAN_POINT('',(-13.7654455502615,4.22805435332335,-222.196417954757));
#3814=CARTESIAN_POINT('',(-9.13093658941792,4.83301005773116,-222.781736066943));
#3815=CARTESIAN_POINT('',(-25.8516242781174,3.98771541867639,-228.708561495442));
#3816=CARTESIAN_POINT('',(-20.5927136600971,3.91734899948773,-229.256533889431));
#3817=CARTESIAN_POINT('',(-15.3337207237662,3.8479294946237,-229.803845964081));
#3818=CARTESIAN_POINT('',(-10.0747232984587,3.77967094000009,-230.351260665421));
#3819=CARTESIAN_POINT('',(-24.1590892035537,24.7646125155222,-158.015188593538));
#3820=CARTESIAN_POINT('',(-24.7178816487439,24.7015537869629,-158.056880494029));
#3821=CARTESIAN_POINT('',(-25.2765128471018,24.6358100477467,-158.097662155787));
#3822=CARTESIAN_POINT('',(-25.8349830180122,24.5673791233118,-158.137532388803));
#3823=CARTESIAN_POINT('',(-24.1702685383682,24.8639845795411,-158.015652668683));
#3824=CARTESIAN_POINT('',(-24.7294399689045,24.8008871208351,-158.056508261811));
#3825=CARTESIAN_POINT('',(-25.2884451318354,24.7350924054723,-158.096466274693));
#3826=CARTESIAN_POINT('',(-25.8472839716259,24.666599395434,-158.135526362831));
#3827=CARTESIAN_POINT('',(-25.8472839716259,24.6665993954341,-158.135526362831));
#3828=CARTESIAN_POINT('',(-25.8452231901217,24.6499770011016,-158.13586243281));
#3829=CARTESIAN_POINT('',(-25.8431624086175,24.6333546067691,-158.136198502789));
#3830=CARTESIAN_POINT('',(-25.8411016271133,24.6167322124366,-158.136534572768));
#3831=CARTESIAN_POINT('',(-25.8325983814631,24.6142016314133,-158.136034824069));
#3832=CARTESIAN_POINT('',(-25.824095135813,24.61167105039,-158.135535075369));
#3833=CARTESIAN_POINT('',(-25.753144035026,24.5917750086282,-158.131322367028));
#3834=CARTESIAN_POINT('',(-25.6809687780106,24.5862524989437,-158.126518017818));
#3835=CARTESIAN_POINT('',(-25.607511957091,24.5951021233649,-158.121243042872));
#3836=CARTESIAN_POINT('',(-25.607511957091,24.5951021233649,-158.121243042872));
#3837=CARTESIAN_POINT('',(-24.1590892035537,24.7646125155222,-158.015188593538));
#3838=CARTESIAN_POINT('',(-24.6420773490336,24.7101081666798,-158.051224681486));
#3839=CARTESIAN_POINT('',(-25.1248909406582,24.6536039633081,-158.086576687449));
#3840=CARTESIAN_POINT('',(-25.607511957091,24.5951021233649,-158.121243042872));
#3841=CARTESIAN_POINT('',(-24.1590892035537,24.7646125155222,-158.015188593538));
#3842=CARTESIAN_POINT('',(-24.1590892035537,24.7646125155222,-158.015188593538));
#3843=CARTESIAN_POINT('',(-24.1628156484918,24.7977365368618,-158.015343285253));
#3844=CARTESIAN_POINT('',(-24.16654209343,24.8308605582014,-158.015497976968));
#3845=CARTESIAN_POINT('',(-24.1702685383682,24.8639845795411,-158.015652668683));
#3846=CARTESIAN_POINT('',(-2.59786694504921,20.7973885130835,-231.21033809092));
#3847=CARTESIAN_POINT('',(-3.85304328060207,21.845707488547,-228.411854521388));
#3848=CARTESIAN_POINT('',(-5.20072969055075,22.7014825477096,-225.593965799893));
#3849=CARTESIAN_POINT('',(-7.19679743401531,23.7098723114738,-221.30139324431));
#3850=CARTESIAN_POINT('',(-7.85820269789535,23.9961552018428,-219.858572104502));
#3851=CARTESIAN_POINT('',(-9.1490032193956,24.475410942125,-216.946801556978));
#3852=CARTESIAN_POINT('',(-9.77771566134203,24.6691226137644,-215.477738606802));
#3853=CARTESIAN_POINT('',(-11.0085766927325,25.0253074017122,-212.525517143687));
#3854=CARTESIAN_POINT('',(-11.6109971523577,25.1874892753679,-211.042404843012));
#3855=CARTESIAN_POINT('',(-12.8048599472705,25.5089974053656,-208.069890556159));
#3856=CARTESIAN_POINT('',(-13.396732955867,25.6678664843008,-206.580556345763));
#3857=CARTESIAN_POINT('',(-14.5738258459439,25.9730451493532,-203.596176574362));
#3858=CARTESIAN_POINT('',(-15.1593280766834,26.1190595897674,-202.101172649105));
#3859=CARTESIAN_POINT('',(-16.3126259239686,26.373939735789,-199.099392880802));
#3860=CARTESIAN_POINT('',(-16.8812414289177,26.4819353979371,-197.592737786885));
#3861=CARTESIAN_POINT('',(-17.9343900482301,26.60578092427,-194.548206443172));
#3862=CARTESIAN_POINT('',(-18.4159808234996,26.6212169849289,-193.009892004369));
#3863=CARTESIAN_POINT('',(-19.0598195269804,26.5959778624473,-190.68381139672));
#3864=CARTESIAN_POINT('',(-19.2615928180769,26.5801149281834,-189.905388587628));
#3865=CARTESIAN_POINT('',(-19.670174932315,26.5551279448303,-188.348950778447));
#3866=CARTESIAN_POINT('',(-19.8772958130806,26.5456698853883,-187.570982068468));
#3867=CARTESIAN_POINT('',(-20.4969039753451,26.5166569841888,-185.235907474967));
#3868=CARTESIAN_POINT('',(-20.9176781406447,26.5019191464541,-183.679658575621));
#3869=CARTESIAN_POINT('',(-21.7567682906398,26.4589442887907,-180.565019489101));
#3870=CARTESIAN_POINT('',(-22.1596870344071,26.4233179901781,-179.003109491151));
#3871=CARTESIAN_POINT('',(-23.209756165431,26.2638047070665,-174.286669624071));
#3872=CARTESIAN_POINT('',(-23.7141513755521,26.1004084497218,-171.106629064074));
#3873=CARTESIAN_POINT('',(-24.3153765745308,25.8423440233715,-164.711716380897));
#3874=CARTESIAN_POINT('',(-24.4033582427781,25.7349915962307,-161.492946624604));
#3875=CARTESIAN_POINT('',(-24.2813331628405,25.7561978144596,-158.294088042464));
#3876=CARTESIAN_POINT('',(-2.50569812976467,20.8086273478286,-231.173208613646));
#3877=CARTESIAN_POINT('',(-3.76158481532607,21.8620917668929,-228.374519188041));
#3878=CARTESIAN_POINT('',(-5.11003932304753,22.723194914605,-225.557434407837));
#3879=CARTESIAN_POINT('',(-7.10777705563789,23.7395194222149,-221.266693112925));
#3880=CARTESIAN_POINT('',(-7.76981642178137,24.0284538080396,-219.824616488802));
#3881=CARTESIAN_POINT('',(-9.06208984996174,24.5130189451889,-216.914552186065));
#3882=CARTESIAN_POINT('',(-9.69164164225063,24.7093888087829,-215.446450775062));
#3883=CARTESIAN_POINT('',(-10.9244790943784,25.0708917399942,-212.496213667899));
#3884=CARTESIAN_POINT('',(-11.5280363986614,25.2357337834505,-211.014124369835));
#3885=CARTESIAN_POINT('',(-12.7245454912827,25.5625555083856,-208.043605158361));
#3886=CARTESIAN_POINT('',(-13.3179280207377,25.7240783680862,-206.555242780989));
#3887=CARTESIAN_POINT('',(-14.4984601147455,26.0345307109442,-203.572718046748));
#3888=CARTESIAN_POINT('',(-15.0858925292225,26.1831653020281,-202.078596931746));
#3889=CARTESIAN_POINT('',(-16.2434920955271,26.4431978172706,-199.078516652595));
#3890=CARTESIAN_POINT('',(-16.814480234134,26.5537253709092,-197.572677018996));
#3891=CARTESIAN_POINT('',(-17.8727539548279,26.6824546548911,-194.529891892145));
#3892=CARTESIAN_POINT('',(-18.3570952105526,26.7002413817531,-192.992515199111));
#3893=CARTESIAN_POINT('',(-19.0052958053734,26.6783109243616,-190.667936519884));
#3894=CARTESIAN_POINT('',(-19.2085624140591,26.6635148437853,-189.890029301859));
#3895=CARTESIAN_POINT('',(-19.6202321979039,26.6405827716384,-188.334567691617));
#3896=CARTESIAN_POINT('',(-19.8289475629219,26.6321126330623,-187.557059116094));
#3897=CARTESIAN_POINT('',(-20.4534569267542,26.6059242375462,-185.223309319018));
#3898=CARTESIAN_POINT('',(-20.8776670014543,26.5928836934309,-183.667843133843));
#3899=CARTESIAN_POINT('',(-21.7237916329712,26.5528562484469,-180.554620998205));
#3900=CARTESIAN_POINT('',(-22.1302927177277,26.5184781824755,-178.99338564587));
#3901=CARTESIAN_POINT('',(-23.1909670913462,26.3620169249913,-174.279087024383));
#3902=CARTESIAN_POINT('',(-23.7022315651877,26.1997184683113,-171.100581806103));
#3903=CARTESIAN_POINT('',(-24.3159051090827,25.9425009380844,-164.708643257609));
#3904=CARTESIAN_POINT('',(-24.4096466937822,25.8349017911674,-161.490960320237));
#3905=CARTESIAN_POINT('',(-24.2921275330626,25.8556132077343,-158.294335330869));
#3906=CARTESIAN_POINT('',(-2.50477901908453,20.8087394218855,-231.172838357188));
#3907=CARTESIAN_POINT('',(-3.76067278828129,21.8622551514951,-228.374146878778));
#3908=CARTESIAN_POINT('',(-5.10913495550086,22.7234114310943,-225.557070115506));
#3909=CARTESIAN_POINT('',(-7.10688934128174,23.7398150642499,-221.266347081989));
#3910=CARTESIAN_POINT('',(-7.76893503071538,24.0287758908809,-219.824277882204));
#3911=CARTESIAN_POINT('',(-9.06122314677316,24.5133939735232,-216.9142305942));
#3912=CARTESIAN_POINT('',(-9.69078330909331,24.7097903447013,-215.446138771699));
#3913=CARTESIAN_POINT('',(-10.9236404701585,25.071346308625,-212.495921452604));
#3914=CARTESIAN_POINT('',(-11.5272091110966,25.2362148793884,-211.013842355958));
#3915=CARTESIAN_POINT('',(-12.723744592692,25.5630895916798,-208.043343039446));
#3916=CARTESIAN_POINT('',(-13.3171421751423,25.7246389149759,-206.554990353227));
#3917=CARTESIAN_POINT('',(-14.4977085650131,26.0351438471352,-203.572484117483));
#3918=CARTESIAN_POINT('',(-15.0851602273505,26.1838045664541,-202.078371805895));
#3919=CARTESIAN_POINT('',(-16.242802690549,26.4438884613043,-199.078308474111));
#3920=CARTESIAN_POINT('',(-16.8138144891425,26.5544412630543,-197.57247697231));
#3921=CARTESIAN_POINT('',(-17.8721393175284,26.68321924804,-194.529709258795));
#3922=CARTESIAN_POINT('',(-18.3565080011412,26.7010294158283,-192.992341916996));
#3923=CARTESIAN_POINT('',(-19.0047520928965,26.6791319525619,-190.667778215052));
#3924=CARTESIAN_POINT('',(-19.208033592998,26.6643465106882,-189.889876138519));
#3925=CARTESIAN_POINT('',(-19.6197341671931,26.6414349301884,-188.334424262967));
#3926=CARTESIAN_POINT('',(-19.8284654324643,26.6329746431941,-187.556920275922));
#3927=CARTESIAN_POINT('',(-20.4530236712517,26.6068144137483,-185.223183689762));
#3928=CARTESIAN_POINT('',(-20.8772680089617,26.5937907951049,-183.667725309841));
#3929=CARTESIAN_POINT('',(-21.7234627885766,26.5537927418243,-180.554517304086));
#3930=CARTESIAN_POINT('',(-22.129999596564,26.5194271232729,-178.993288679341));
#3931=CARTESIAN_POINT('',(-23.1907797260361,26.3629963006959,-174.279011410431));
#3932=CARTESIAN_POINT('',(-23.7021127004179,26.2007087913229,-171.100521502633));
#3933=CARTESIAN_POINT('',(-24.3159103796479,25.9434997063741,-164.708612612315));
#3934=CARTESIAN_POINT('',(-24.4097094024376,25.8358980991587,-161.49094051274));
#3935=CARTESIAN_POINT('',(-24.2922351749035,25.856604581546,-158.294337796837));
#3936=CARTESIAN_POINT('',(-24.2822704518954,25.7560367518496,-158.318768483177));
#3937=CARTESIAN_POINT('',(-24.4031764623768,25.7354976743441,-161.516700837904));
#3938=CARTESIAN_POINT('',(-24.2195952493668,25.9386718350345,-167.949278110354));
#3939=CARTESIAN_POINT('',(-22.7030408519295,26.4448890801245,-177.487023548477));
#3940=CARTESIAN_POINT('',(-20.4523259466468,26.4960986661187,-185.245810540921));
#3941=CARTESIAN_POINT('',(-18.8847494071163,26.6266008689672,-191.483047090911));
#3942=CARTESIAN_POINT('',(-17.4494491835435,26.5920891333289,-196.098478176444));
#3943=CARTESIAN_POINT('',(-15.7399673219197,26.2653195783386,-200.616339147757));
#3944=CARTESIAN_POINT('',(-13.3975915242042,25.6721826187528,-206.592760356422));
#3945=CARTESIAN_POINT('',(-10.4499462117334,24.9173504832871,-214.038474705301));
#3946=CARTESIAN_POINT('',(-6.55772660198721,23.5866165113535,-222.786416496646));
#3947=CARTESIAN_POINT('',(-3.85263977977341,21.8453704860372,-228.412754148323));
#3948=CARTESIAN_POINT('',(-2.59786694504921,20.7973885130836,-231.21033809092));
#3949=CARTESIAN_POINT('',(-2.59786694504921,20.7973885130835,-231.21033809092));
#3950=CARTESIAN_POINT('',(-2.59786694504921,20.7973885130835,-231.21033809092));
#3951=CARTESIAN_POINT('',(-2.56714400662103,20.8011347913319,-231.197961598495));
#3952=CARTESIAN_POINT('',(-2.53642106819285,20.8048810695802,-231.18558510607));
#3953=CARTESIAN_POINT('',(-2.50569812976467,20.8086273478286,-231.173208613646));
#3954=CARTESIAN_POINT('',(-2.50569812976467,20.8086273478286,-231.173208613646));
#3955=CARTESIAN_POINT('',(-2.50569812976467,20.8086273478286,-231.173208613646));
#3956=CARTESIAN_POINT('',(-3.7606338730408,21.861294096312,-228.376638321995));
#3957=CARTESIAN_POINT('',(-6.46600997690192,23.6125312878259,-222.754261610984));
#3958=CARTESIAN_POINT('',(-10.3610490129483,24.9594303876716,-214.015754470111));
#3959=CARTESIAN_POINT('',(-13.3139651550687,25.7271818144151,-206.578569497548));
#3960=CARTESIAN_POINT('',(-15.6630996553255,26.3307521956222,-200.608339672857));
#3961=CARTESIAN_POINT('',(-17.3792813235801,26.6655924715553,-196.095079384985));
#3962=CARTESIAN_POINT('',(-18.8237555475968,26.7083695383751,-191.484924401526));
#3963=CARTESIAN_POINT('',(-20.4027735572513,26.5857729684881,-185.254471341808));
#3964=CARTESIAN_POINT('',(-22.6711537653356,26.5428894647956,-177.502395672932));
#3965=CARTESIAN_POINT('',(-24.2114886120968,26.0405425325822,-167.974244269029));
#3966=CARTESIAN_POINT('',(-24.4091125171476,25.836104567885,-161.546886241984));
#3967=CARTESIAN_POINT('',(-24.2942398953237,25.855250929869,-158.352428342811));
#3968=CARTESIAN_POINT('',(-33.5552859977463,24.667162986484,-160.091475390447));
#3969=CARTESIAN_POINT('',(-28.5236607759993,25.2643176385128,-158.869419448501));
#3970=CARTESIAN_POINT('',(-23.4895694605054,25.8536091107032,-157.653385581109));
#3971=CARTESIAN_POINT('',(-18.4543779468702,26.4326782646307,-156.436994696148));
#3972=CARTESIAN_POINT('',(-29.2896389203021,26.353101891803,-166.934385269868));
#3973=CARTESIAN_POINT('',(-24.9280562687157,26.2278939670891,-165.827524693805));
#3974=CARTESIAN_POINT('',(-20.5643322467841,26.092802688205,-164.727222306708));
#3975=CARTESIAN_POINT('',(-16.2009447882382,25.9456134095344,-163.625206455131));
#3976=CARTESIAN_POINT('',(-23.6342652135456,27.3236799218857,-178.964913495387));
#3977=CARTESIAN_POINT('',(-20.2486431134315,26.1386008335872,-178.021948599368));
#3978=CARTESIAN_POINT('',(-16.8657255279423,24.9416865384114,-177.083261901403));
#3979=CARTESIAN_POINT('',(-13.4882930085454,23.7342347188243,-176.13977264982));
#3980=CARTESIAN_POINT('',(-17.4000340638724,26.6270418851805,-196.207042474264));
#3981=CARTESIAN_POINT('',(-15.0515450166409,24.3312451214606,-195.418748786906));
#3982=CARTESIAN_POINT('',(-12.708436203506,22.0297276841371,-194.633097701196));
#3983=CARTESIAN_POINT('',(-10.3715385630937,19.7233374745321,-193.845152159839));
#3984=CARTESIAN_POINT('',(-11.4338346537096,25.7827957020661,-213.409306533653));
#3985=CARTESIAN_POINT('',(-9.95288966852276,22.5599793896623,-212.75059242534));
#3986=CARTESIAN_POINT('',(-8.47635248751622,19.3347013540982,-212.09499172644));
#3987=CARTESIAN_POINT('',(-7.00528930993192,16.1070347738054,-211.43939308427));
#3988=CARTESIAN_POINT('',(-6.44146265995404,26.1408539573071,-225.38733091095));
#3989=CARTESIAN_POINT('',(-5.60498244667814,22.2204154530459,-224.836037722241));
#3990=CARTESIAN_POINT('',(-4.7731409008652,18.2982485635714,-224.289776057075));
#3991=CARTESIAN_POINT('',(-3.94800492718682,14.3744189579366,-223.744955423942));
#3992=CARTESIAN_POINT('',(-2.88039164186825,27.0637090703802,-232.288889653377));
#3993=CARTESIAN_POINT('',(-2.55312303441046,22.59288097917,-231.82200180473));
#3994=CARTESIAN_POINT('',(-2.23048996701046,18.1210100354515,-231.361388172777));
#3995=CARTESIAN_POINT('',(-1.91535546242322,13.6483623363213,-230.903150105179));
#3996=CARTESIAN_POINT('',(-2.59786694504922,20.7973885130836,-231.21033809092));
#3997=CARTESIAN_POINT('',(-2.59853946580838,18.5943872821794,-230.541835487559));
#3998=CARTESIAN_POINT('',(-2.55139329737125,16.3969330382288,-229.856569975881));
#3999=CARTESIAN_POINT('',(-2.45387114150369,14.207705784729,-229.153608221644));
#4000=CARTESIAN_POINT('',(-3.1553698389163,13.7638721361554,-230.215757332041));
#4001=CARTESIAN_POINT('',(-3.05263996414701,13.6577765629319,-230.551033388658));
#4002=CARTESIAN_POINT('',(-2.95067962002463,13.5508513274371,-230.886426068226));
#4003=CARTESIAN_POINT('',(-2.8495758305869,13.4430020405813,-231.221950259219));
#4004=CARTESIAN_POINT('',(-3.0594188046176,13.7749788380344,-230.189872197497));
#4005=CARTESIAN_POINT('',(-2.95662942806363,13.6682817778568,-230.525110731477));
#4006=CARTESIAN_POINT('',(-2.85461311091276,13.5607571606704,-230.860474982219));
#4007=CARTESIAN_POINT('',(-2.75345699152024,13.4523116942179,-231.195979138226));
#4008=CARTESIAN_POINT('',(-2.09990846163052,13.8860458568245,-229.931020852054));
#4009=CARTESIAN_POINT('',(-1.99652406722982,13.7733339271066,-230.265884159666));
#4010=CARTESIAN_POINT('',(-1.89394801979388,13.6598154930035,-230.600964122148));
#4011=CARTESIAN_POINT('',(-1.79226860085351,13.5454082305838,-230.936267928294));
#4012=CARTESIAN_POINT('',(-3.05941880461781,13.7749788380344,-230.189872197497));
#4013=CARTESIAN_POINT('',(-3.09140248271731,13.7712766040747,-230.198500575678));
#4014=CARTESIAN_POINT('',(-3.1233861608168,13.767574370115,-230.20712895386));
#4015=CARTESIAN_POINT('',(-3.1553698389163,13.7638721361554,-230.215757332041));
#4016=CARTESIAN_POINT('',(-3.15536983891626,13.7638721361553,-230.215757332042));
#4017=CARTESIAN_POINT('',(-3.00279969650173,13.6050774657473,-230.715678776143));
#4018=CARTESIAN_POINT('',(-3.05344968052204,13.6582116135743,-230.549039683119));
#4019=CARTESIAN_POINT('',(-3.10431019271549,13.7111396428624,-230.382398991723));
#4020=CARTESIAN_POINT('',(-3.15536983891627,13.7638721361553,-230.215757332041));
#4021=CARTESIAN_POINT('',(-3.0027996965017,13.6050774657473,-230.715678776143));
#4022=CARTESIAN_POINT('',(-3.00153115872393,13.6037466223647,-230.719852426095));
#4023=CARTESIAN_POINT('',(-2.91708128821639,13.5151429599641,-230.997712817233));
#4024=CARTESIAN_POINT('',(-2.25161889291568,13.4198234918844,-231.303447783853));
#4025=CARTESIAN_POINT('',(-1.86049979431605,13.6223108812392,-230.711045601885));
#4026=CARTESIAN_POINT('',(-1.94511535813482,13.7159932241624,-230.434569885736));
#4027=CARTESIAN_POINT('',(-1.9451153086015,13.7159932598799,-230.434569882696));
#4028=CARTESIAN_POINT('',(-1.94511535813047,13.7159932241576,-230.43456988575));
#4029=CARTESIAN_POINT('',(-1.97957652147873,13.7541469909208,-230.321970332175));
#4030=CARTESIAN_POINT('',(-2.01413395848078,13.7922050291898,-230.209395650007));
#4031=CARTESIAN_POINT('',(-2.04878431928447,13.830170462755,-230.096845566469));
#4032=CARTESIAN_POINT('',(-35.8308779148358,24.4559843696785,-160.398820717165));
#4033=CARTESIAN_POINT('',(-30.0359486348983,25.1685671791741,-158.999683748667));
#4034=CARTESIAN_POINT('',(-24.2372171188739,25.870494443145,-157.610360980282));
#4035=CARTESIAN_POINT('',(-18.4367806675446,26.5573669624092,-156.220629242806));
#4036=CARTESIAN_POINT('',(-31.1493616871823,26.5148178561872,-167.343260010871));
#4037=CARTESIAN_POINT('',(-26.1420053607613,26.3784205408341,-166.080193850358));
#4038=CARTESIAN_POINT('',(-21.1310632353911,26.2284896810463,-164.828187680109));
#4039=CARTESIAN_POINT('',(-16.1205195543692,26.0605201728881,-163.573805196668));
#4040=CARTESIAN_POINT('',(-25.4441437964124,27.8309171503223,-178.561207992355));
#4041=CARTESIAN_POINT('',(-21.4827873543094,26.5556993810365,-177.475287497707));
#4042=CARTESIAN_POINT('',(-17.5241592493536,25.2636314218519,-176.397649983921));
#4043=CARTESIAN_POINT('',(-13.573213566051,23.9556658614775,-175.313209951357));
#4044=CARTESIAN_POINT('',(-19.2722484066273,27.7365600152875,-194.0429355534));
#4045=CARTESIAN_POINT('',(-16.4072663562162,25.2828938292082,-193.121545830338));
#4046=CARTESIAN_POINT('',(-13.5493638497167,22.8195313449327,-192.20540156325));
#4047=CARTESIAN_POINT('',(-10.700631283297,20.3477737147699,-191.285241934076));
#4048=CARTESIAN_POINT('',(-15.0530385107121,27.4037668766781,-205.394921747242));
#4049=CARTESIAN_POINT('',(-12.8728333125052,24.2178755066981,-204.573944505797));
#4050=CARTESIAN_POINT('',(-10.6993179475956,21.0262838321886,-203.757965456922));
#4051=CARTESIAN_POINT('',(-8.53437040221736,17.8294797005595,-202.940469994153));
#4052=CARTESIAN_POINT('',(-9.7952360165777,27.3964371006607,-218.727671331495));
#4053=CARTESIAN_POINT('',(-8.39800180020538,23.3689823667613,-218.02801587807));
#4054=CARTESIAN_POINT('',(-7.00693219302871,19.3384343339359,-217.334504306787));
#4055=CARTESIAN_POINT('',(-5.62456255180347,15.3048291558811,-216.641832754148));
#4056=CARTESIAN_POINT('',(-5.54025421556822,28.1214735150463,-227.839267344198));
#4057=CARTESIAN_POINT('',(-4.75049228024992,23.4346656057235,-227.241343985423));
#4058=CARTESIAN_POINT('',(-3.96693049093138,18.7456500229901,-226.652163178594));
#4059=CARTESIAN_POINT('',(-3.19379897883816,14.0545147155665,-226.065684790107));
#4060=CARTESIAN_POINT('',(-2.15477076325271,29.2054775470933,-233.850063289204));
#4061=CARTESIAN_POINT('',(-1.89504679841939,23.9463455302673,-233.338759711917));
#4062=CARTESIAN_POINT('',(-1.64130080097191,18.6858780599989,-232.837286668895));
#4063=CARTESIAN_POINT('',(-1.39858760618415,13.4245426599491,-232.339498666794));
#4064=CARTESIAN_POINT('',(-25.7552573509728,25.6916844958008,-158.459597575756));
#4065=CARTESIAN_POINT('',(-25.8763327803426,25.7425678967945,-161.720590197315));
#4066=CARTESIAN_POINT('',(-25.6628431813465,26.1270914957708,-168.275033935023));
#4067=CARTESIAN_POINT('',(-24.017886368723,26.9477834271614,-177.955460411765));
#4068=CARTESIAN_POINT('',(-21.5975117332128,27.2530170929073,-185.806422498089));
#4069=CARTESIAN_POINT('',(-19.8790903519605,27.5788732900746,-192.12421961089));
#4070=CARTESIAN_POINT('',(-17.7230178358876,27.6472192458396,-198.329757237429));
#4071=CARTESIAN_POINT('',(-14.4898007819733,27.0128066093831,-205.8600143152));
#4072=CARTESIAN_POINT('',(-10.6684004066762,26.2287177999746,-214.885638605987));
#4073=CARTESIAN_POINT('',(-6.44211515714783,24.8581236243822,-223.680162300377));
#4074=CARTESIAN_POINT('',(-3.56107124003954,23.0639606040596,-229.330502203665));
#4075=CARTESIAN_POINT('',(-2.23571145906025,21.9743870168797,-232.145194625334));
#4076=CARTESIAN_POINT('',(-2.23571170686229,21.9743872205951,-232.145194099072));
#4077=CARTESIAN_POINT('',(-2.35825374047711,14.2236950140107,-229.128818584633));
#4078=CARTESIAN_POINT('',(-2.45667324515325,16.4113649279501,-229.827487752944));
#4079=CARTESIAN_POINT('',(-2.50499289741892,18.6072300768919,-230.508611600213));
#4080=CARTESIAN_POINT('',(-2.50569812976469,20.8086273478286,-231.173208613646));
#4081=CARTESIAN_POINT('',(-1.9354606463229,20.8032213211612,-232.577024522384));
#4082=CARTESIAN_POINT('',(-1.99434277055678,18.436357933933,-231.878664275884));
#4083=CARTESIAN_POINT('',(-1.9987430734809,16.0733055521322,-231.163485762174));
#4084=CARTESIAN_POINT('',(-1.9451152590769,13.715993295607,-230.434569879628));
#4085=CARTESIAN_POINT('',(-1.9354606463229,20.8032213211612,-232.577024522384));
#4086=CARTESIAN_POINT('',(-2.23571170686229,21.9743872205951,-232.145194099072));
#4087=CARTESIAN_POINT('',(-2.1440084613019,21.8989979882575,-232.339945985714));
#4088=CARTESIAN_POINT('',(-2.00555261549309,21.4740833087826,-232.561379825783));
#4089=CARTESIAN_POINT('',(-1.93091780750996,21.013603449924,-232.637419724276));
#4090=CARTESIAN_POINT('',(-1.93554840926314,20.7994673618333,-232.575930543987));
#4091=CARTESIAN_POINT('',(-3.24166997939847,21.8652923773139,-232.576640815464));
#4092=CARTESIAN_POINT('',(-3.21890826612252,21.8474387371576,-232.625197434152));
#4093=CARTESIAN_POINT('',(-3.19704736371693,21.8180945513577,-232.668858876061));
#4094=CARTESIAN_POINT('',(-3.15656283646705,21.7467921746791,-232.745903086886));
#4095=CARTESIAN_POINT('',(-3.13797642525657,21.7053278740128,-232.779310808312));
#4096=CARTESIAN_POINT('',(-3.08638765861502,21.5724976145499,-232.868296980788));
#4097=CARTESIAN_POINT('',(-3.05689132704451,21.4713020134969,-232.913863155475));
#4098=CARTESIAN_POINT('',(-3.00572082035228,21.2591315216473,-232.985464163526));
#4099=CARTESIAN_POINT('',(-2.98428261254219,21.1480382977084,-233.010933553479));
#4100=CARTESIAN_POINT('',(-2.9548781836904,20.9237885711278,-233.029657627485));
#4101=CARTESIAN_POINT('',(-2.94688739872141,20.8101471629903,-233.022871000485));
#4102=CARTESIAN_POINT('',(-2.94992682191095,20.7028985407096,-232.990310944062));
#4103=CARTESIAN_POINT('',(-2.95000403320019,20.7001740749539,-232.989483812144));
#4104=CARTESIAN_POINT('',(-2.95008124448944,20.6974496091983,-232.988656680225));
#4105=CARTESIAN_POINT('',(-2.95015845577869,20.6947251434426,-232.987829548306));
#4106=CARTESIAN_POINT('',(-3.22632839598039,22.2103634972151,-232.69966521334));
#4107=CARTESIAN_POINT('',(-3.18187919125558,22.1753423452385,-232.793686637704));
#4108=CARTESIAN_POINT('',(-3.14252306726762,22.1208532309503,-232.871370772861));
#4109=CARTESIAN_POINT('',(-3.07691633735881,22.0054631314536,-232.995688369832));
#4110=CARTESIAN_POINT('',(-3.04998733580016,21.9444852413888,-233.043835259033));
#4111=CARTESIAN_POINT('',(-2.97856998711079,21.7604186358678,-233.167251601452));
#4112=CARTESIAN_POINT('',(-2.94243889958738,21.6335691863857,-233.223203652023));
#4113=CARTESIAN_POINT('',(-2.88033109441079,21.3733633799835,-233.311577681807));
#4114=CARTESIAN_POINT('',(-2.85359113930591,21.2344316091685,-233.34461085034));
#4115=CARTESIAN_POINT('',(-2.81525203680557,20.9351647441914,-233.370626378508));
#4116=CARTESIAN_POINT('',(-2.80323250440944,20.7727108993618,-233.364243839169));
#4117=CARTESIAN_POINT('',(-2.80837886782203,20.6038324772866,-233.313721729621));
#4118=CARTESIAN_POINT('',(-2.80850960228355,20.5995424130599,-233.312438302809));
#4119=CARTESIAN_POINT('',(-2.80864033674508,20.5952523488332,-233.311154875997));
#4120=CARTESIAN_POINT('',(-2.80877107120661,20.5909622846064,-233.309871449185));
#4121=CARTESIAN_POINT('',(-2.95566184857377,22.668976107912,-232.745584031587));
#4122=CARTESIAN_POINT('',(-2.88406118932164,22.6122408542281,-232.896461679903));
#4123=CARTESIAN_POINT('',(-2.82277944132928,22.5260941428821,-233.016758282137));
#4124=CARTESIAN_POINT('',(-2.72563051404432,22.3551637695714,-233.200387295629));
#4125=CARTESIAN_POINT('',(-2.68819405242861,22.2695977066653,-233.267095802468));
#4126=CARTESIAN_POINT('',(-2.591740690361,22.0209430353477,-233.434006245241));
#4127=CARTESIAN_POINT('',(-2.54712982523863,21.8617186761026,-233.503307306243));
#4128=CARTESIAN_POINT('',(-2.47096594469918,21.5409373974294,-233.613436291646));
#4129=CARTESIAN_POINT('',(-2.43740054935306,21.3669863054178,-233.656347142248));
#4130=CARTESIAN_POINT('',(-2.38749962192693,20.9736555737267,-233.692357852539));
#4131=CARTESIAN_POINT('',(-2.37024691556325,20.7501220318224,-233.686933007979));
#4132=CARTESIAN_POINT('',(-2.37784690077057,20.5042540721255,-233.614422263403));
#4133=CARTESIAN_POINT('',(-2.37803996525011,20.4980082218539,-233.612580253349));
#4134=CARTESIAN_POINT('',(-2.37823302972964,20.4917623715822,-233.610738243295));
#4135=CARTESIAN_POINT('',(-2.37842609420917,20.4855165213106,-233.608896233241));
#4136=CARTESIAN_POINT('',(-2.45268271230567,22.7235235295527,-232.529860673391));
#4137=CARTESIAN_POINT('',(-2.38100402239647,22.6662872140724,-232.680793608815));
#4138=CARTESIAN_POINT('',(-2.31960292997118,22.5796792678294,-232.801253558427));
#4139=CARTESIAN_POINT('',(-2.22217511579048,22.4078876538056,-232.985321940121));
#4140=CARTESIAN_POINT('',(-2.1845802094052,22.3219292187679,-233.05230576257));
#4141=CARTESIAN_POINT('',(-2.0876262754644,22.0721892810336,-233.220128981093));
#4142=CARTESIAN_POINT('',(-2.04264274593425,21.9123497232396,-233.290163373645));
#4143=CARTESIAN_POINT('',(-1.96570995937931,21.5905057865552,-233.401869715291));
#4144=CARTESIAN_POINT('',(-1.93174805435208,21.41611241909,-233.445626484656));
#4145=CARTESIAN_POINT('',(-1.88106015756755,21.0221968003144,-233.483398922297));
#4146=CARTESIAN_POINT('',(-1.86341839628874,20.7985280783493,-233.478887937201));
#4147=CARTESIAN_POINT('',(-1.87065285188993,20.5527624203607,-233.407296367071));
#4148=CARTESIAN_POINT('',(-1.87083663072202,20.546519168887,-233.405477707054));
#4149=CARTESIAN_POINT('',(-1.87102040955411,20.5402759174133,-233.403659047037));
#4150=CARTESIAN_POINT('',(-1.8712041883862,20.5340326659396,-233.40184038702));
#4151=CARTESIAN_POINT('',(-2.2203701234442,22.3194583404964,-232.268218496948));
#4152=CARTESIAN_POINT('',(-2.17576483934443,22.2834394270633,-232.362351598478));
#4153=CARTESIAN_POINT('',(-2.13617004455205,22.2280234808449,-232.440361325439));
#4154=CARTESIAN_POINT('',(-2.07000554085076,22.1109108999218,-232.565557658817));
#4155=CARTESIAN_POINT('',(-2.04275964975461,22.0491482655937,-232.614255179237));
#4156=CARTESIAN_POINT('',(-1.97034115731515,21.86291112724,-232.739497073153));
#4157=CARTESIAN_POINT('',(-1.9334647409734,21.73483128066,-232.796915786825));
#4158=CARTESIAN_POINT('',(-1.86981912377625,21.4725001582351,-232.888444529098));
#4159=CARTESIAN_POINT('',(-1.84228614931072,21.3326838365118,-232.92316953516));
#4160=CARTESIAN_POINT('',(-1.80237310808007,21.0322471973681,-232.952708518021));
#4161=CARTESIAN_POINT('',(-1.78957330881032,20.8695182716006,-232.948158022176));
#4162=CARTESIAN_POINT('',(-1.79399077006061,20.7008491737569,-232.899469936956));
#4163=CARTESIAN_POINT('',(-1.79410298802338,20.6965644270502,-232.89823310036));
#4164=CARTESIAN_POINT('',(-1.79421520598616,20.6922796803435,-232.896996263765));
#4165=CARTESIAN_POINT('',(-1.79432742394894,20.6879949336369,-232.895759427169));
#4166=CARTESIAN_POINT('',(-2.23571170686229,21.9743872205951,-232.145194099072));
#4167=CARTESIAN_POINT('',(-2.21279388720136,21.9555464825107,-232.193865098549));
#4168=CARTESIAN_POINT('',(-2.19069434100126,21.9252648012522,-232.23784942864));
#4169=CARTESIAN_POINT('',(-2.14965203995932,21.8522399431475,-232.31577237587));
#4170=CARTESIAN_POINT('',(-2.13074873921222,21.8099908982175,-232.349730728517));
#4171=CARTESIAN_POINT('',(-2.07815882881701,21.6749901059225,-232.440542452485));
#4172=CARTESIAN_POINT('',(-2.04791716842642,21.5725641077713,-232.487575290277));
#4173=CARTESIAN_POINT('',(-1.99520884972179,21.3582682998988,-232.562331010817));
#4174=CARTESIAN_POINT('',(-1.972977622551,21.2462905250513,-232.589492238302));
#4175=CARTESIAN_POINT('',(-1.94199925496084,21.0208710243048,-232.611739766994));
#4176=CARTESIAN_POINT('',(-1.93322423036556,20.9069459582796,-232.60679302426));
#4177=CARTESIAN_POINT('',(-1.93553872414942,20.7999152371798,-232.576059151398));
#4178=CARTESIAN_POINT('',(-1.93559751986093,20.7971963068268,-232.575278410514));
#4179=CARTESIAN_POINT('',(-1.93565631557244,20.7944773764738,-232.57449766963));
#4180=CARTESIAN_POINT('',(-1.93571511128395,20.7917584461208,-232.573716928746));
#4181=CARTESIAN_POINT('',(-1.9355483741025,20.7994689877908,-232.57593101088));
#4182=CARTESIAN_POINT('',(-1.90016357758633,20.7746382238208,-232.656764992885));
#4183=CARTESIAN_POINT('',(-1.83360723598538,20.7048232337402,-232.88685228942));
#4184=CARTESIAN_POINT('',(-2.18974266509568,20.573420253689,-233.361016046677));
#4185=CARTESIAN_POINT('',(-2.79003316043719,20.6133495158325,-233.277425350269));
#4186=CARTESIAN_POINT('',(-2.91455470197898,20.6776206277827,-233.071009163364));
#4187=CARTESIAN_POINT('',(-2.94993949435422,20.7024513828125,-232.990175189532));
#4188=CARTESIAN_POINT('',(-2.94982635331802,20.7062117394332,-232.99133280558));
#4189=CARTESIAN_POINT('',(-2.94993954099455,20.7024497370687,-232.990174689894));
#4190=CARTESIAN_POINT('',(-2.94385857476886,20.9170217822373,-233.055317511766));
#4191=CARTESIAN_POINT('',(-3.01528011745038,21.3745522378418,-232.986350836493));
#4192=CARTESIAN_POINT('',(-3.15059137595739,21.7938529126276,-232.770935021895));
#4193=CARTESIAN_POINT('',(-3.24166997939847,21.8652923773139,-232.576640815464));
#4194=CARTESIAN_POINT('',(-3.24166997939847,21.8652923773139,-232.576640815464));
#4195=CARTESIAN_POINT('',(-3.24166992535958,21.8652923349273,-232.576640930743));
#4196=CARTESIAN_POINT('',(-3.23783451663293,21.9515601047132,-232.607397057197));
#4197=CARTESIAN_POINT('',(-3.19873724812931,22.1876000785872,-232.678111549588));
#4198=CARTESIAN_POINT('',(-2.71126761650589,22.5366543093433,-232.580823876819));
#4199=CARTESIAN_POINT('',(-2.25026230510293,22.2904609285977,-232.271318931528));
#4200=CARTESIAN_POINT('',(-2.23187624372615,22.0606549456446,-232.175950341075));
#4201=CARTESIAN_POINT('',(-2.23571165245279,21.974387175865,-232.145194214623));
#4202=CARTESIAN_POINT('',(-25.6124876681191,24.5960515659217,-158.21127358335));
#4203=CARTESIAN_POINT('',(-25.7039294901239,24.6141758089676,-159.863756264887));
#4204=CARTESIAN_POINT('',(-25.7424933108725,24.676957006176,-161.513498617565));
#4205=CARTESIAN_POINT('',(-25.7111749090516,24.8384167552733,-164.809955647468));
#4206=CARTESIAN_POINT('',(-25.6379431181284,24.9407577698675,-166.456054103404));
#4207=CARTESIAN_POINT('',(-25.2650620641844,25.285154998655,-171.377930817948));
#4208=CARTESIAN_POINT('',(-24.8078482484384,25.5690476047957,-174.637691570466));
#4209=CARTESIAN_POINT('',(-23.44528845239,26.0345854568726,-181.06321196831));
#4210=CARTESIAN_POINT('',(-22.5632095991196,26.1939886869528,-184.23004095226));
#4211=CARTESIAN_POINT('',(-21.3223011431449,26.4641767941982,-189.003832846875));
#4212=CARTESIAN_POINT('',(-20.9232443466843,26.5698743421408,-190.599345552063));
#4213=CARTESIAN_POINT('',(-20.0286170649351,26.7310676992594,-193.765586904755));
#4214=CARTESIAN_POINT('',(-19.5234115341314,26.7754298819468,-195.333326719103));
#4215=CARTESIAN_POINT('',(-17.8711262751966,26.7651155769302,-199.984555788109));
#4216=CARTESIAN_POINT('',(-16.6261733380635,26.583628943761,-203.026840502835));
#4217=CARTESIAN_POINT('',(-14.7582050496658,26.2730752670694,-207.586875398272));
#4218=CARTESIAN_POINT('',(-14.1308615858608,26.1629972493267,-209.105164522121));
#4219=CARTESIAN_POINT('',(-12.8605247921895,25.934308536666,-212.135642739523));
#4220=CARTESIAN_POINT('',(-12.2170609660265,25.8161799436113,-213.647717465621));
#4221=CARTESIAN_POINT('',(-10.898013684914,25.5351746652901,-216.65356824878));
#4222=CARTESIAN_POINT('',(-10.2222257515222,25.3724198272995,-218.147489957801));
#4223=CARTESIAN_POINT('',(-8.83739843289787,24.9454024909711,-221.103982591498));
#4224=CARTESIAN_POINT('',(-8.12907638784993,24.6804455774115,-222.566499062045));
#4225=CARTESIAN_POINT('',(-6.70741589840222,24.041064638655,-225.462530084726));
#4226=CARTESIAN_POINT('',(-5.99457780838439,23.6663486627592,-226.89598154675));
#4227=CARTESIAN_POINT('',(-4.59283794634864,22.8363955031531,-229.748994697296));
#4228=CARTESIAN_POINT('',(-3.90182654210555,22.3830980725443,-231.168355585311));
#4229=CARTESIAN_POINT('',(-3.24166970262119,21.8652921602205,-232.576641405902));
#4230=CARTESIAN_POINT('',(-25.9760640075626,24.5516877833741,-158.194286981589));
#4231=CARTESIAN_POINT('',(-26.0689115526499,24.5778132736457,-159.855904167895));
#4232=CARTESIAN_POINT('',(-26.1084424842194,24.6503470312862,-161.512859407676));
#4233=CARTESIAN_POINT('',(-26.0777036668901,24.8331209258908,-164.825953169696));
#4234=CARTESIAN_POINT('',(-26.0040822356184,24.9469574722977,-166.479413936732));
#4235=CARTESIAN_POINT('',(-25.6276400509256,25.3278828756813,-171.422045266856));
#4236=CARTESIAN_POINT('',(-25.1644313427394,25.6391868992936,-174.696138418018));
#4237=CARTESIAN_POINT('',(-23.7809445831298,26.1603709893807,-181.146878087287));
#4238=CARTESIAN_POINT('',(-22.886195493913,26.3472518896496,-184.316650576867));
#4239=CARTESIAN_POINT('',(-21.6279231190932,26.6546801757737,-189.074293360073));
#4240=CARTESIAN_POINT('',(-21.221664828214,26.7724677784319,-190.66752805157));
#4241=CARTESIAN_POINT('',(-20.3057287851669,26.9572809408178,-193.847954382149));
#4242=CARTESIAN_POINT('',(-19.7885296445162,27.0125757315731,-195.423740817746));
#4243=CARTESIAN_POINT('',(-18.1016564936815,27.0319567026687,-200.090008153602));
#4244=CARTESIAN_POINT('',(-16.8349868312993,26.8665590808151,-203.133551442407));
#4245=CARTESIAN_POINT('',(-14.9378051539358,26.5769758057703,-207.686783050427));
#4246=CARTESIAN_POINT('',(-14.3006306422642,26.4732120124853,-209.20275922452));
#4247=CARTESIAN_POINT('',(-13.0106877681025,26.2559547884069,-212.228239862201));
#4248=CARTESIAN_POINT('',(-12.3568198063131,26.1428258267408,-213.739118443271));
#4249=CARTESIAN_POINT('',(-11.015722562435,25.8703537507356,-216.745131374264));
#4250=CARTESIAN_POINT('',(-10.3281086125395,25.7111062000488,-218.240796299722));
#4251=CARTESIAN_POINT('',(-8.9177845950283,25.2890302499518,-221.20440042059));
#4252=CARTESIAN_POINT('',(-8.19672281573605,25.0257883288431,-222.670326569204));
#4253=CARTESIAN_POINT('',(-6.74973298526445,24.388273542361,-225.573313873095));
#4254=CARTESIAN_POINT('',(-6.02484003362187,24.0139409044635,-227.009261959948));
#4255=CARTESIAN_POINT('',(-4.60091914626582,23.1845189419017,-229.864378342264));
#4256=CARTESIAN_POINT('',(-3.89816095073948,22.7304188097325,-231.286519736165));
#4257=CARTESIAN_POINT('',(-3.22632832094976,22.2103634451388,-232.699665366014));
#4258=CARTESIAN_POINT('',(-26.4636158014779,24.7691933970885,-158.168229339771));
#4259=CARTESIAN_POINT('',(-26.5520864755238,24.805990208743,-159.836999210703));
#4260=CARTESIAN_POINT('',(-26.5857464400688,24.8912559546513,-161.500944604129));
#4261=CARTESIAN_POINT('',(-26.5404612949607,25.1011388049667,-164.83041774016));
#4262=CARTESIAN_POINT('',(-26.4582089922628,25.2292520579239,-166.490817564075));
#4263=CARTESIAN_POINT('',(-26.0515692173008,25.6541930933097,-171.452507017183));
#4264=CARTESIAN_POINT('',(-25.5618747634481,25.9967952985547,-174.739811662159));
#4265=CARTESIAN_POINT('',(-24.1129371087555,26.5763808564199,-181.213729754454));
#4266=CARTESIAN_POINT('',(-23.1821652141683,26.7893556948481,-184.383490012981));
#4267=CARTESIAN_POINT('',(-21.8748656208354,27.1275722120294,-189.113583260176));
#4268=CARTESIAN_POINT('',(-21.4510063135299,27.2546879942056,-190.701180249822));
#4269=CARTESIAN_POINT('',(-20.4921854859835,27.4566590014325,-193.894017113351));
#4270=CARTESIAN_POINT('',(-19.9523116946012,27.519034279348,-195.477412748566));
#4271=CARTESIAN_POINT('',(-18.2007806731271,27.5550314600145,-200.155627119983));
#4272=CARTESIAN_POINT('',(-16.8949891114117,27.3951324664468,-203.196539132163));
#4273=CARTESIAN_POINT('',(-14.9470798134506,27.1096154638011,-207.733891386781));
#4274=CARTESIAN_POINT('',(-14.2934834135169,27.0063131109865,-209.244373813897));
#4275=CARTESIAN_POINT('',(-12.9718262765159,26.7884665119369,-212.25825130827));
#4276=CARTESIAN_POINT('',(-12.301879607963,26.6741388893234,-213.764881886385));
#4277=CARTESIAN_POINT('',(-10.9278956734479,26.3974542628557,-216.765801124408));
#4278=CARTESIAN_POINT('',(-10.2232485473693,26.2351584759103,-218.261100708463));
#4279=CARTESIAN_POINT('',(-8.77711144062694,25.8044313736932,-221.229127622065));
#4280=CARTESIAN_POINT('',(-8.03843188558786,25.5359374947911,-222.697394824391));
#4281=CARTESIAN_POINT('',(-6.55679913531951,24.8860166520435,-225.606012601691));
#4282=CARTESIAN_POINT('',(-5.81554831104096,24.5048200129654,-227.043939266912));
#4283=CARTESIAN_POINT('',(-4.36167129166081,23.6614341070106,-229.900158607227));
#4284=CARTESIAN_POINT('',(-3.64329122068127,23.1990542281398,-231.325398395619));
#4285=CARTESIAN_POINT('',(-2.95566202587593,22.6689762595788,-232.745583636213));
#4286=CARTESIAN_POINT('',(-26.5297785406999,25.315114080886,-158.158580560538));
#4287=CARTESIAN_POINT('',(-26.6059862757252,25.3532400073127,-159.818819748051));
#4288=CARTESIAN_POINT('',(-26.6254814184516,25.4395987389052,-161.478713021797));
#4289=CARTESIAN_POINT('',(-26.5496546564542,25.6504141362755,-164.79935307548));
#4290=CARTESIAN_POINT('',(-26.4511147119243,25.778341973423,-166.455225235306));
#4291=CARTESIAN_POINT('',(-25.9929825830027,26.1999938353568,-171.403144395836));
#4292=CARTESIAN_POINT('',(-25.4653038686853,26.5366638616522,-174.681041031599));
#4293=CARTESIAN_POINT('',(-23.9377818335849,27.0939367584077,-181.13826779131));
#4294=CARTESIAN_POINT('',(-22.9666399181251,27.2904052977255,-184.300644823803));
#4295=CARTESIAN_POINT('',(-21.6046956842341,27.5970978309908,-189.016011777331));
#4296=CARTESIAN_POINT('',(-21.1636380800545,27.7126448355306,-190.59802839752));
#4297=CARTESIAN_POINT('',(-20.1723195873204,27.8898820182606,-193.780223882307));
#4298=CARTESIAN_POINT('',(-19.6170805185631,27.9390867511117,-195.358721363497));
#4299=CARTESIAN_POINT('',(-17.8227034862987,27.9340781598008,-200.023234139214));
#4300=CARTESIAN_POINT('',(-16.4929599387723,27.7449538948318,-203.055737162785));
#4301=CARTESIAN_POINT('',(-14.5166288716925,27.4151434332319,-207.57833892908));
#4302=CARTESIAN_POINT('',(-13.8547663151606,27.2969784000175,-209.083616236569));
#4303=CARTESIAN_POINT('',(-12.5186958534131,27.0493743297197,-212.086781393799));
#4304=CARTESIAN_POINT('',(-11.8426021104874,26.9201503067451,-213.587906328345));
#4305=CARTESIAN_POINT('',(-10.4579697017303,26.613707573402,-216.578232811129));
#4306=CARTESIAN_POINT('',(-9.74882126406017,26.4365470958776,-218.068443671123));
#4307=CARTESIAN_POINT('',(-8.29479972692383,25.9761642236068,-221.0275374523));
#4308=CARTESIAN_POINT('',(-7.55273395509539,25.692878948215,-222.491962566827));
#4309=CARTESIAN_POINT('',(-6.06513871875477,25.0134806120365,-225.394450588003));
#4310=CARTESIAN_POINT('',(-5.32130930247464,24.6175976257504,-226.830092847692));
#4311=CARTESIAN_POINT('',(-3.86297258296843,23.7449558403147,-229.683260024886));
#4312=CARTESIAN_POINT('',(-3.14270843712026,23.2680269153576,-231.107743287472));
#4313=CARTESIAN_POINT('',(-2.45268288983129,22.7235236762015,-232.529860276311));
#4314=CARTESIAN_POINT('',(-26.1083894860065,25.6435291509692,-158.174989423123));
#4315=CARTESIAN_POINT('',(-26.1767184881142,25.6723189241761,-159.819544517911));
#4316=CARTESIAN_POINT('',(-26.187912440987,25.7470325998371,-161.46839624302));
#4317=CARTESIAN_POINT('',(-26.0960903898753,25.9316715884652,-164.763823840325));
#4318=CARTESIAN_POINT('',(-25.9898936749551,26.045137303344,-166.408229279161));
#4319=CARTESIAN_POINT('',(-25.510466782302,26.4194843596791,-171.323320024231));
#4320=CARTESIAN_POINT('',(-24.9712895532656,26.7189240254239,-174.578597156857));
#4321=CARTESIAN_POINT('',(-23.4306340327371,27.1954827934212,-180.995954161041));
#4322=CARTESIAN_POINT('',(-22.4551449017945,27.3493510953755,-184.150960198592));
#4323=CARTESIAN_POINT('',(-21.0875832459066,27.5937314137109,-188.879150394341));
#4324=CARTESIAN_POINT('',(-20.6469283612304,27.6883814611301,-190.461224346961));
#4325=CARTESIAN_POINT('',(-19.6659969878734,27.8237269744258,-193.620367920065));
#4326=CARTESIAN_POINT('',(-19.1180672924476,27.8526806750858,-195.186358047609));
#4327=CARTESIAN_POINT('',(-17.3455021200094,27.7900501022709,-199.825222192063));
#4328=CARTESIAN_POINT('',(-16.0309284860594,27.5662019375588,-202.851947503663));
#4329=CARTESIAN_POINT('',(-14.0769032704003,27.1880317446451,-207.375678135019));
#4330=CARTESIAN_POINT('',(-13.4231964455609,27.054542590552,-208.881244069869));
#4331=CARTESIAN_POINT('',(-12.1044269218877,26.7777704239679,-211.885300033254));
#4332=CARTESIAN_POINT('',(-11.4382648113323,26.634848661588,-213.385167327231));
#4333=CARTESIAN_POINT('',(-10.0758706190293,26.3028603718245,-216.369994747667));
#4334=CARTESIAN_POINT('',(-9.37925404594996,26.1138834400099,-217.855482224959));
#4335=CARTESIAN_POINT('',(-7.95316116759328,25.6324959497526,-220.801220081144));
#4336=CARTESIAN_POINT('',(-7.2253269547748,25.3396712357069,-222.259462054012));
#4337=CARTESIAN_POINT('',(-5.76641215211128,24.6432014623308,-225.150189845783));
#4338=CARTESIAN_POINT('',(-5.03636201650448,24.23949613004,-226.58156912149));
#4339=CARTESIAN_POINT('',(-3.60352172886589,23.3515624085035,-229.430581177599));
#4340=CARTESIAN_POINT('',(-2.89699244967547,22.8683596640489,-230.851206390376));
#4341=CARTESIAN_POINT('',(-2.22037004883006,22.3194582783373,-232.268218646177));
#4342=CARTESIAN_POINT('',(-25.744813146563,25.6878929335167,-158.191976024885));
#4343=CARTESIAN_POINT('',(-25.8117423475823,25.7086864074532,-159.827396050831));
#4344=CARTESIAN_POINT('',(-25.8219632676372,25.7736425747469,-161.469035452916));
#4345=CARTESIAN_POINT('',(-25.7295616320397,25.9369674178277,-164.74782631809));
#4346=CARTESIAN_POINT('',(-25.6237545574706,26.0389376009207,-166.384869445818));
#4347=CARTESIAN_POINT('',(-25.1478887955497,26.3767564826389,-171.279205575353));
#4348=CARTESIAN_POINT('',(-24.6147064589502,26.6487847308456,-174.520150309385));
#4349=CARTESIAN_POINT('',(-23.0949779020117,27.0696972609935,-180.912288041985));
#4350=CARTESIAN_POINT('',(-22.1321590069901,27.1960878926589,-184.064350574027));
#4351=CARTESIAN_POINT('',(-20.7819612699637,27.4032280321453,-188.808689881122));
#4352=CARTESIAN_POINT('',(-20.3485078796758,27.4857880248706,-190.393041847451));
#4353=CARTESIAN_POINT('',(-19.3888852676664,27.5975137328358,-193.538000442675));
#4354=CARTESIAN_POINT('',(-18.852949182067,27.6155348254546,-195.095943948967));
#4355=CARTESIAN_POINT('',(-17.1149719015163,27.5232089765423,-199.719769826568));
#4356=CARTESIAN_POINT('',(-15.8221149928542,27.2832718004812,-202.7452365641));
#4357=CARTESIAN_POINT('',(-13.897303166115,26.8841312059559,-207.27577048286));
#4358=CARTESIAN_POINT('',(-13.2534273891537,26.7443278273861,-208.783649367493));
#4359=CARTESIAN_POINT('',(-11.9542639459782,26.4561241722344,-211.792702910554));
#4360=CARTESIAN_POINT('',(-11.2985059710429,26.3082027784678,-213.293766349556));
#4361=CARTESIAN_POINT('',(-9.95816174151111,25.9676812863698,-216.278431622208));
#4362=CARTESIAN_POINT('',(-9.27337118492577,25.7751970672615,-217.762175883035));
#4363=CARTESIAN_POINT('',(-7.87277500546973,25.288868190771,-220.700802252055));
#4364=CARTESIAN_POINT('',(-7.15768052689397,24.9943284842828,-222.155634546832));
#4365=CARTESIAN_POINT('',(-5.72409506524381,24.2959925586172,-225.039406057435));
#4366=CARTESIAN_POINT('',(-5.00609979128064,23.8919038883369,-226.468288708272));
#4367=CARTESIAN_POINT('',(-3.59544052893511,23.0034389697537,-229.315197532651));
#4368=CARTESIAN_POINT('',(-2.90065563394342,22.5210352732033,-230.733039707909));
#4369=CARTESIAN_POINT('',(-2.23571143047655,21.9743869933812,-232.145194686038));
#4370=CARTESIAN_POINT('',(-25.6124876681191,24.5960515659217,-158.21127358335));
#4371=CARTESIAN_POINT('',(-25.7520272414607,24.5790248713409,-158.204754173518));
#4372=CARTESIAN_POINT('',(-26.1339763710135,24.6427583040808,-158.185603100856));
#4373=CARTESIAN_POINT('',(-26.2761948900567,25.2602278520574,-158.17144415799));
#4374=CARTESIAN_POINT('',(-26.119165739264,25.4880534376953,-158.176310740958));
#4375=CARTESIAN_POINT('',(-26.0362117203106,25.5592955772171,-158.179462949649));
#4376=CARTESIAN_POINT('',(-25.6124876681191,24.5960515659217,-158.21127358335));
#4377=CARTESIAN_POINT('',(-3.24166973329881,21.865292184283,-232.576641340459));
#4378=CARTESIAN_POINT('',(-4.56198768947544,22.9009073583393,-229.760060578274));
#4379=CARTESIAN_POINT('',(-7.43857753000227,24.5830282614367,-224.073029563377));
#4380=CARTESIAN_POINT('',(-11.6315128234998,25.7725881699266,-215.191313952586));
#4381=CARTESIAN_POINT('',(-15.3806260284295,26.380689468305,-206.065501355308));
#4382=CARTESIAN_POINT('',(-18.5060828779339,26.8669623732883,-198.467420125356));
#4383=CARTESIAN_POINT('',(-20.5308835588126,26.6793052289358,-192.196728516653));
#4384=CARTESIAN_POINT('',(-22.1160777157674,26.2609714817541,-185.811880913102));
#4385=CARTESIAN_POINT('',(-24.3399664153737,25.8664366218245,-177.897869237658));
#4386=CARTESIAN_POINT('',(-25.7282497849639,25.005272426375,-168.116525330451));
#4387=CARTESIAN_POINT('',(-25.7953712724605,24.6323000441512,-161.51623822956));
#4388=CARTESIAN_POINT('',(-25.6124876681191,24.5960515659217,-158.21127358335));
#4389=CARTESIAN_POINT('',(-26.0302257254938,25.5643627001268,-158.17969074223));
#4390=CARTESIAN_POINT('',(-26.0298097223139,25.5642014744992,-158.169917397823));
#4391=CARTESIAN_POINT('',(-26.0293937654864,25.5640416010177,-158.160143011286));
#4392=CARTESIAN_POINT('',(-26.0281284096354,25.5635593081937,-158.130401641191));
#4393=CARTESIAN_POINT('',(-26.0272795168599,25.5632412293865,-158.110435329313));
#4394=CARTESIAN_POINT('',(-26.0264171691264,25.5629237141944,-158.090138515919));
#4395=CARTESIAN_POINT('',(-26.0264031586652,25.5629185570665,-158.089808752211));
#4396=CARTESIAN_POINT('',(-26.0263891483665,25.5629134015023,-158.089478988537));
#4397=CARTESIAN_POINT('',(-26.3018493829085,25.3377375965818,-158.16929112781));
#4398=CARTESIAN_POINT('',(-26.3014032547399,25.3375410016353,-158.159501787087));
#4399=CARTESIAN_POINT('',(-26.3009571351509,25.3373457730867,-158.149710319177));
#4400=CARTESIAN_POINT('',(-26.2996001985581,25.3367560405987,-158.119920396945));
#4401=CARTESIAN_POINT('',(-26.2986899587158,25.3363659845865,-158.099923141526));
#4402=CARTESIAN_POINT('',(-26.2977652667266,25.3359754325036,-158.079593935642));
#4403=CARTESIAN_POINT('',(-26.2977502433695,25.3359690887776,-158.079263645634));
#4404=CARTESIAN_POINT('',(-26.2977352201905,25.3359627466526,-158.078933355642));
#4405=CARTESIAN_POINT('',(-26.3869765163445,24.9612768369731,-158.16964738861));
#4406=CARTESIAN_POINT('',(-26.3864801306019,24.9610688495844,-158.159826960607));
#4407=CARTESIAN_POINT('',(-26.3859837578134,24.9608622407002,-158.150003901184));
#4408=CARTESIAN_POINT('',(-26.3844740691705,24.9602379654113,-158.120119248572));
#4409=CARTESIAN_POINT('',(-26.3834614397785,24.9598248157048,-158.100058990297));
#4410=CARTESIAN_POINT('',(-26.3824327819665,24.9594108748488,-158.079665205475));
#4411=CARTESIAN_POINT('',(-26.3824160695051,24.9594041511481,-158.079333866207));
#4412=CARTESIAN_POINT('',(-26.3823993572576,24.9593974290728,-158.079002526914));
#4413=CARTESIAN_POINT('',(-26.1703265853435,24.6597259040994,-158.183651428255));
#4414=CARTESIAN_POINT('',(-26.1697897734991,24.6595456398979,-158.173802586131));
#4415=CARTESIAN_POINT('',(-26.1692530335843,24.6593667587697,-158.163951718557));
#4416=CARTESIAN_POINT('',(-26.1676205044418,24.6588268029665,-158.133980232196));
#4417=CARTESIAN_POINT('',(-26.1665254842401,24.658470216712,-158.113860481545));
#4418=CARTESIAN_POINT('',(-26.1654132354135,24.6581137429995,-158.093406588341));
#4419=CARTESIAN_POINT('',(-26.1653951648793,24.6581079529617,-158.093074272445));
#4420=CARTESIAN_POINT('',(-26.1653770945953,24.6581021645395,-158.092741956482));
#4421=CARTESIAN_POINT('',(-25.8562255696729,24.5663105189141,-158.199885265861));
#4422=CARTESIAN_POINT('',(-25.8556760858805,24.5661707957707,-158.190024575679));
#4423=CARTESIAN_POINT('',(-25.8551267445488,24.5660324508214,-158.180162923268));
#4424=CARTESIAN_POINT('',(-25.8534557420486,24.565615722609,-158.150155039595));
#4425=CARTESIAN_POINT('',(-25.8523348732376,24.5653417457968,-158.130009032565));
#4426=CARTESIAN_POINT('',(-25.8511964581195,24.5650691500298,-158.109529252707));
#4427=CARTESIAN_POINT('',(-25.8511779624776,24.5650647227344,-158.109196516207));
#4428=CARTESIAN_POINT('',(-25.8511594671038,24.565060297026,-158.108863779618));
#4429=CARTESIAN_POINT('',(-25.6124876013888,24.596051552695,-158.211272377417));
#4430=CARTESIAN_POINT('',(-25.6119419454115,24.5959433941772,-158.201411220293));
#4431=CARTESIAN_POINT('',(-25.6113964816906,24.5958366027905,-158.191549981009));
#4432=CARTESIAN_POINT('',(-25.609737144351,24.5955157890111,-158.161540467044));
#4433=CARTESIAN_POINT('',(-25.6086240522958,24.5953060953545,-158.141391926754));
#4434=CARTESIAN_POINT('',(-25.6074935903977,24.5950987546866,-158.120910276066));
#4435=CARTESIAN_POINT('',(-25.607475223976,24.595095387569,-158.120577509166));
#4436=CARTESIAN_POINT('',(-25.6074568578258,24.5950920220121,-158.120244742172));
#4437=CARTESIAN_POINT('',(-26.2222464886169,25.0722496970731,-158.146750882241));
#4438=CARTESIAN_POINT('',(-26.2353491549527,25.1761274027723,-158.144167257145));
#4439=CARTESIAN_POINT('',(-26.2059192760076,25.4081066280552,-158.13338621022));
#4440=CARTESIAN_POINT('',(-26.0381059422085,25.5545702648734,-158.121582454064));
#4441=CARTESIAN_POINT('',(-26.2222464886169,25.0722496970731,-158.146750882241));
#4442=CARTESIAN_POINT('',(-25.6124876013888,24.596051552695,-158.211272377417));
#4443=CARTESIAN_POINT('',(-25.6108270864604,24.5957224097168,-158.181263362038));
#4444=CARTESIAN_POINT('',(-25.6091683555866,24.5954059272976,-158.151253585859));
#4445=CARTESIAN_POINT('',(-25.607511957091,24.5951021233649,-158.121243042872));
#4446=CARTESIAN_POINT('',(-25.8240951211584,24.6116710456698,-158.135535344472));
#4447=CARTESIAN_POINT('',(-26.0491904529945,24.6747920731648,-158.148893174268));
#4448=CARTESIAN_POINT('',(-26.20337311067,24.9226218923452,-158.150472394462));
#4449=CARTESIAN_POINT('',(-26.2222464886169,25.0722496970731,-158.146750882241));
#4450=CARTESIAN_POINT('',(-2.94982635331803,20.7062117394332,-232.99133280558));
#4451=CARTESIAN_POINT('',(-3.02473645362106,18.3341282707997,-232.252508421937));
#4452=CARTESIAN_POINT('',(-3.04346572330363,15.9659056944163,-231.493976030307));
#4453=CARTESIAN_POINT('',(-3.00122620007193,13.5865684102243,-230.714222805443));
#4454=CARTESIAN_POINT('',(-3.00091804472253,13.5693905160869,-230.708592366826));
#4455=CARTESIAN_POINT('',(-3.00060668987208,13.5522129386211,-230.702961118174));
#4456=CARTESIAN_POINT('',(-2.80833444892408,20.6043885668398,-233.313910744935));
#4457=CARTESIAN_POINT('',(-2.89563007723901,18.2315562313754,-232.58028276978));
#4458=CARTESIAN_POINT('',(-2.92765145984639,15.8622064699063,-231.826371057373));
#4459=CARTESIAN_POINT('',(-2.8993819815264,13.4815537503446,-231.050443167452));
#4460=CARTESIAN_POINT('',(-2.8991747157905,13.464366336161,-231.044840299212));
#4461=CARTESIAN_POINT('',(-2.89896428000478,13.4471792228085,-231.039236575568));
#4462=CARTESIAN_POINT('',(-2.37787814168281,20.50136199653,-233.61355609833));
#4463=CARTESIAN_POINT('',(-2.4766485602348,18.1288986797677,-232.896539439343));
#4464=CARTESIAN_POINT('',(-2.52170296830134,15.7594323906872,-232.159242270045));
#4465=CARTESIAN_POINT('',(-2.5079514739227,13.378355886009,-231.399480167752));
#4466=CARTESIAN_POINT('',(-2.50784909584266,13.3611653793145,-231.39399397693));
#4467=CARTESIAN_POINT('',(-2.50774361925705,13.3439751493934,-231.38850689781));
#4468=CARTESIAN_POINT('',(-1.87069528818527,20.549866787394,-233.406401956731));
#4469=CARTESIAN_POINT('',(-1.96145188671642,18.1800135857235,-232.709617135376));
#4470=CARTESIAN_POINT('',(-1.99934164376464,15.8131322933793,-231.993997128095));
#4471=CARTESIAN_POINT('',(-1.97970100507984,13.4344968070378,-231.257003263324));
#4472=CARTESIAN_POINT('',(-1.97955617782181,13.4173239154837,-231.251681501278));
#4473=CARTESIAN_POINT('',(-1.97940832116165,13.4001512922237,-231.246358898481));
#4474=CARTESIAN_POINT('',(-1.79396874192893,20.7013981485678,-232.899602461739));
#4475=CARTESIAN_POINT('',(-1.86523654458976,18.3337859457983,-232.206438414506));
#4476=CARTESIAN_POINT('',(-1.88292881042018,15.9696062753226,-231.495880773433));
#4477=CARTESIAN_POINT('',(-1.84288104384324,13.5938355924021,-230.765489358597));
#4478=CARTESIAN_POINT('',(-1.84258887983487,13.5766834085901,-230.760215347618));
#4479=CARTESIAN_POINT('',(-1.8422936840468,13.5595315087223,-230.754940576097));
#4480=CARTESIAN_POINT('',(-1.9354606463229,20.8032213211612,-232.577024522384));
#4481=CARTESIAN_POINT('',(-1.99434277120815,18.43635790775,-231.878664268158));
#4482=CARTESIAN_POINT('',(-1.99874307357825,16.0733054998506,-231.163485746351));
#4483=CARTESIAN_POINT('',(-1.94472526239093,13.6988502522816,-230.429268996587));
#4484=CARTESIAN_POINT('',(-1.94433220883737,13.6817075885886,-230.423967414998));
#4485=CARTESIAN_POINT('',(-1.94393609410454,13.6645652247371,-230.418665118055));
#4486=CARTESIAN_POINT('',(-3.00153115872391,13.6037466223647,-230.719852426095));
#4487=CARTESIAN_POINT('',(-3.04346572330374,15.9659056944029,-231.493976030302));
#4488=CARTESIAN_POINT('',(-3.02473645362127,18.334128270793,-232.252508421935));
#4489=CARTESIAN_POINT('',(-2.94982635331803,20.7062117394332,-232.99133280558));
#4490=CARTESIAN_POINT('',(-43.6778864113169,21.0266544318811,-156.657038264117));
#4491=CARTESIAN_POINT('',(-14.349008346993,27.0920616287552,-149.374733511984));
#4492=CARTESIAN_POINT('',(-43.3897697071972,21.1764337196,-157.038075021993));
#4493=CARTESIAN_POINT('',(-14.2651576828495,27.0231762188659,-149.788986415312));
#4494=CARTESIAN_POINT('',(-43.1016530030775,21.3262130073188,-157.419111779869));
#4495=CARTESIAN_POINT('',(-14.181307018706,26.9542908089766,-150.203239318641));
#4496=CARTESIAN_POINT('',(-41.575029677685,22.1198377816647,-159.438083932776));
#4497=CARTESIAN_POINT('',(-13.7370135157581,26.5892926259052,-152.398211480237));
#4498=CARTESIAN_POINT('',(-40.0484063522924,22.9134625560106,-161.457056085683));
#4499=CARTESIAN_POINT('',(-13.2927200128104,26.2242944428339,-154.593183641832));
#4500=CARTESIAN_POINT('',(-27.1403185237206,29.4539048015819,-178.9863735078));
#4501=CARTESIAN_POINT('',(-9.60870283158413,22.8904638085223,-173.622447272956));
#4502=CARTESIAN_POINT('',(-20.8179978958446,28.9443509067,-197.58661687181));
#4503=CARTESIAN_POINT('',(-9.39139813967613,15.8455530638834,-193.215440569091));
#4504=CARTESIAN_POINT('',(-14.2152877156104,28.3412750688369,-217.203054367351));
#4505=CARTESIAN_POINT('',(-6.05205398620054,11.749077415121,-213.362541118677));
#4506=CARTESIAN_POINT('',(-2.44927713229473,33.2654592759183,-235.97987634371));
#4507=CARTESIAN_POINT('',(-1.9046719566307,8.51759801268877,-233.378244870112));
#4508=CARTESIAN_POINT('',(-0.748716537184307,34.0102527167306,-238.604465023209));
#4509=CARTESIAN_POINT('',(-1.31519223126098,8.07299079527925,-236.183508828692));
#4510=CARTESIAN_POINT('',(0.951844057926254,34.7550461575428,-241.229053702709));
#4511=CARTESIAN_POINT('',(-0.725712505891263,7.62838357786978,-238.988772787271));
#4512=CARTESIAN_POINT('',(-24.1702685383682,24.8639845795411,-158.015652668683));
#4513=CARTESIAN_POINT('',(-24.1750219131223,24.8630197650609,-158.107741286011));
#4514=CARTESIAN_POINT('',(-24.1796588858644,24.8621795577387,-158.199810974955));
#4515=CARTESIAN_POINT('',(-24.1841838308421,24.8614592749877,-158.291862446821));
#4516=CARTESIAN_POINT('',(-24.1841838308421,24.8614592749877,-158.291862446821));
#4517=CARTESIAN_POINT('',(-3.42738628261003,20.6962390003782,-231.544503386383));
#4518=CARTESIAN_POINT('',(-4.67630296470308,21.6983560996604,-228.747573557879));
#4519=CARTESIAN_POINT('',(-7.36799307562788,23.3442908098731,-223.106337579737));
#4520=CARTESIAN_POINT('',(-11.2233791420551,24.5317837664718,-214.306732498019));
#4521=CARTESIAN_POINT('',(-14.1138974315124,25.166880437375,-206.811509568769));
#4522=CARTESIAN_POINT('',(-16.3874509930071,25.6657103973301,-200.801458904043));
#4523=CARTESIAN_POINT('',(-18.0331453574049,25.9237460289439,-196.260066601249));
#4524=CARTESIAN_POINT('',(-19.3935887898368,25.8939344564978,-191.617240991853));
#4525=CARTESIAN_POINT('',(-20.8508494021447,25.6892647717814,-185.341289119659));
#4526=CARTESIAN_POINT('',(-22.9383491399236,25.5700548545664,-177.551533754649));
#4527=CARTESIAN_POINT('',(-24.267913188192,25.0339683560007,-167.96694722599));
#4528=CARTESIAN_POINT('',(-24.3467353323956,24.8358040796976,-161.510291722186));
#4529=CARTESIAN_POINT('',(-24.1841838308421,24.8614592749877,-158.291862446821));
#4530=CARTESIAN_POINT('',(-3.42738628261005,20.6962390003782,-231.544503386383));
#4531=CARTESIAN_POINT('',(-3.31378134568883,14.0444837744062,-229.369679916963));
#4532=CARTESIAN_POINT('',(-3.40377405840395,16.2541236958178,-230.113747069817));
#4533=CARTESIAN_POINT('',(-3.44056124874136,18.4723324934623,-230.838637301973));
#4534=CARTESIAN_POINT('',(-3.42738628261005,20.6962390003782,-231.544503386383));
#4535=CARTESIAN_POINT('',(-3.31378134568883,14.0444837744062,-229.369679916963));
#4536=CARTESIAN_POINT('',(-3.31378134568883,14.0444837744062,-229.369679916963));
#4537=CARTESIAN_POINT('',(-3.3133818519509,14.0346759793628,-229.366377451354));
#4538=CARTESIAN_POINT('',(-3.31298136983069,14.0248692423725,-229.363074825023));
#4539=CARTESIAN_POINT('',(-3.31257989950436,14.0150635632466,-229.359772037997));
#4540=CARTESIAN_POINT('',(-3.40838704521486,14.0024718294775,-229.385509929743));
#4541=CARTESIAN_POINT('',(-3.40878414927752,14.0122803073471,-229.388830339047));
#4542=CARTESIAN_POINT('',(-3.40918017583193,14.0220889557307,-229.392150466339));
#4543=CARTESIAN_POINT('',(-3.40957512498416,14.0318977746117,-229.395470311638));
#4544=CARTESIAN_POINT('',(-3.3125798995044,14.0150635632466,-229.359772037997));
#4545=CARTESIAN_POINT('',(-3.31298145462139,14.0248701304027,-229.363074943847));
#4546=CARTESIAN_POINT('',(-3.31338193664904,14.0346768674612,-229.36637757016));
#4547=CARTESIAN_POINT('',(-3.31378134568885,14.0444837744062,-229.369679916963));
#4548=CARTESIAN_POINT('',(-3.31378134568885,14.0444837744062,-229.369679916963));
#4549=CARTESIAN_POINT('',(-3.34571260545396,14.0402884411414,-229.378276715188));
#4550=CARTESIAN_POINT('',(-3.37764386521906,14.0360931078766,-229.386873513413));
#4551=CARTESIAN_POINT('',(-3.40957512498416,14.0318977746117,-229.395470311638));
#4552=CARTESIAN_POINT('',(-3.40957512498417,14.0318977746117,-229.395470311638));
#4553=CARTESIAN_POINT('',(-3.40838704521485,14.0024718294775,-229.385509929743));
#4554=CARTESIAN_POINT('',(-3.40878415042029,14.012280335574,-229.388830348602));
#4555=CARTESIAN_POINT('',(-3.40918017697122,14.0220889840257,-229.392150475916));
#4556=CARTESIAN_POINT('',(-3.40957512498417,14.0318977746117,-229.395470311638));
#4557=CARTESIAN_POINT('',(-3.40838704521486,14.0024718294775,-229.385509929743));
#4558=CARTESIAN_POINT('',(-3.40838704521486,14.0024718294775,-229.385509929743));
#4559=CARTESIAN_POINT('',(-3.37645132997803,14.0066690740672,-229.376930632494));
#4560=CARTESIAN_POINT('',(-3.3445156147412,14.0108663186569,-229.368351335246));
#4561=CARTESIAN_POINT('',(-3.31257989950437,14.0150635632466,-229.359772037997));
#4562=CARTESIAN_POINT('',(-3.41016207940865,14.031820656783,-229.395628336369));
#4563=CARTESIAN_POINT('',(-3.49914340976873,16.2418853400316,-230.143659375461));
#4564=CARTESIAN_POINT('',(-3.53469199421153,18.460546208461,-230.872381092582));
#4565=CARTESIAN_POINT('',(-3.52011984118303,20.6849313022495,-231.581860366018));
#4566=CARTESIAN_POINT('',(-3.31378134568883,14.0444837744062,-229.369679916963));
#4567=CARTESIAN_POINT('',(-3.40377369178414,16.2541146940028,-230.113744038575));
#4568=CARTESIAN_POINT('',(-3.44056132638595,18.4723193872192,-230.838633142062));
#4569=CARTESIAN_POINT('',(-3.42738628261005,20.6962390003782,-231.544503386383));
#4570=CARTESIAN_POINT('',(-3.42738628261005,20.6962390003782,-231.544503386383));
#4571=CARTESIAN_POINT('',(-3.45810922103823,20.6924927221299,-231.556879878807));
#4572=CARTESIAN_POINT('',(-3.48883215946641,20.6887464438815,-231.569256371232));
#4573=CARTESIAN_POINT('',(-3.51955509789459,20.6850001656332,-231.581632863657));
#4574=CARTESIAN_POINT('',(-3.51955509789456,20.6850001656332,-231.581632863657));
#4575=CARTESIAN_POINT('',(-3.40957512498417,14.0318977746117,-229.395470311638));
#4576=CARTESIAN_POINT('',(-3.4985599459908,16.2418935946129,-230.143454779319));
#4577=CARTESIAN_POINT('',(-3.53411886597396,18.4605990614069,-230.872169558454));
#4578=CARTESIAN_POINT('',(-3.5195550978946,20.6850001656332,-231.581632863657));
#4579=CARTESIAN_POINT('',(-3.52166400759429,20.6847430104605,-231.582482421227));
#4580=CARTESIAN_POINT('',(-4.76972058958143,21.681489817297,-228.786062122612));
#4581=CARTESIAN_POINT('',(-6.10970844699855,22.4838620792573,-225.960115593273));
#4582=CARTESIAN_POINT('',(-8.08903808827379,23.4127228501187,-221.649188530002));
#4583=CARTESIAN_POINT('',(-8.74408782065967,23.6724301172055,-220.198905198116));
#4584=CARTESIAN_POINT('',(-10.0201255738604,24.0984704047929,-217.270033162232));
#4585=CARTESIAN_POINT('',(-10.6404253072521,24.2655393349391,-215.791332819396));
#4586=CARTESIAN_POINT('',(-11.8514769088934,24.5684210061026,-212.819222392822));
#4587=CARTESIAN_POINT('',(-12.4425029098591,24.7039403145504,-211.325856658769));
#4588=CARTESIAN_POINT('',(-13.6098421778918,24.9721909150946,-208.333345968911));
#4589=CARTESIAN_POINT('',(-14.1865854386373,25.1044614653606,-206.834271191823));
#4590=CARTESIAN_POINT('',(-15.3292075971657,25.3567826856191,-203.831298603806));
#4591=CARTESIAN_POINT('',(-15.8953638260995,25.47653566781,-202.327446376473));
#4592=CARTESIAN_POINT('',(-17.0055460557894,25.67977423054,-199.308632830723));
#4593=CARTESIAN_POINT('',(-17.5503809360578,25.7623930457102,-197.793804475123));
#4594=CARTESIAN_POINT('',(-18.5521612743867,25.8372892505565,-194.731771007696));
#4595=CARTESIAN_POINT('',(-19.0061843115087,25.8291648637185,-193.184057654695));
#4596=CARTESIAN_POINT('',(-19.606304297389,25.7707633849474,-190.842923397285));
#4597=CARTESIAN_POINT('',(-19.7931102440739,25.7442075031865,-190.059332880303));
#4598=CARTESIAN_POINT('',(-20.1707450134424,25.6986243894583,-188.49311074538));
#4599=CARTESIAN_POINT('',(-20.3618845683765,25.6792645167934,-187.710530162527));
#4600=CARTESIAN_POINT('',(-20.9323685708341,25.6219419313979,-185.362177292186));
#4601=CARTESIAN_POINT('',(-21.3187050252704,25.5901923217852,-183.798083341881));
#4602=CARTESIAN_POINT('',(-22.0872894044551,25.5176758977365,-180.669242325379));
#4603=CARTESIAN_POINT('',(-22.4543027709782,25.4695387119676,-179.100570434739));
#4604=CARTESIAN_POINT('',(-23.3980768180715,25.2794353393481,-174.362669118012));
#4605=CARTESIAN_POINT('',(-23.8336222157359,25.1050359566393,-171.167240010766));
#4606=CARTESIAN_POINT('',(-24.3100791356415,24.8384831912695,-164.742517929743));
#4607=CARTESIAN_POINT('',(-24.3403298470293,24.7336036070731,-161.512855116793));
#4608=CARTESIAN_POINT('',(-24.1731424752162,24.7597691634526,-158.291609500223));
#4609=CARTESIAN_POINT('',(-3.51955509789456,20.6850001656332,-231.581632863657));
#4610=CARTESIAN_POINT('',(-4.76762793336199,21.6818647050876,-228.78520785486));
#4611=CARTESIAN_POINT('',(-6.1076333655829,22.4843588787552,-225.959279720458));
#4612=CARTESIAN_POINT('',(-8.08700121778941,23.4134012040632,-221.648394558164));
#4613=CARTESIAN_POINT('',(-8.74206545903503,23.6731691398748,-220.198128261502));
#4614=CARTESIAN_POINT('',(-10.0181369137342,24.0993309114861,-217.269295266113));
#4615=CARTESIAN_POINT('',(-10.6384558522559,24.2664606635792,-215.790616924203));
#4616=CARTESIAN_POINT('',(-11.8495526762736,24.5694640188924,-212.81855190157));
#4617=CARTESIAN_POINT('',(-12.4406046893208,24.7050441945422,-211.325209574785));
#4618=CARTESIAN_POINT('',(-13.6080045071489,24.9734163751659,-208.33274453414));
#4619=CARTESIAN_POINT('',(-14.1847823071599,25.1057476464468,-206.83369199351));
#4620=CARTESIAN_POINT('',(-15.3274831579282,25.3581895334432,-203.830761850499));
#4621=CARTESIAN_POINT('',(-15.8936835512921,25.4780024671605,-202.3269298227));
#4622=CARTESIAN_POINT('',(-17.0039642083833,25.6813589209732,-199.308155162869));
#4623=CARTESIAN_POINT('',(-17.5488533767547,25.7640356682163,-197.793345465773));
#4624=CARTESIAN_POINT('',(-18.5507509822524,25.8390436180584,-194.73135195344));
#4625=CARTESIAN_POINT('',(-19.0048369529695,25.8309730166872,-193.18366005695));
#4626=CARTESIAN_POINT('',(-19.6050567430508,25.7726472433039,-190.842560165083));
#4627=CARTESIAN_POINT('',(-19.7918968582549,25.7461157721647,-190.058981445313));
#4628=CARTESIAN_POINT('',(-20.1696022764254,25.7005796767492,-188.492781646745));
#4629=CARTESIAN_POINT('',(-20.3607783146679,25.6812424086484,-187.710211592204));
#4630=CARTESIAN_POINT('',(-20.9313744612546,25.6239844506154,-185.361889034458));
#4631=CARTESIAN_POINT('',(-21.317789532549,25.5922736766866,-183.797812993394));
#4632=CARTESIAN_POINT('',(-22.0865348673266,25.5198246922287,-180.669004398069));
#4633=CARTESIAN_POINT('',(-22.453630201201,25.4717160672037,-179.100347943959));
#4634=CARTESIAN_POINT('',(-23.397646906279,25.2816825278182,-174.362495620957));
#4635=CARTESIAN_POINT('',(-23.8333494791968,25.1073082638273,-171.167101643782));
#4636=CARTESIAN_POINT('',(-24.3100912290121,24.8407748762421,-164.742447613774));
#4637=CARTESIAN_POINT('',(-24.3404737327381,24.7358896468638,-161.51280966827));
#4638=CARTESIAN_POINT('',(-24.1733894606201,24.7620438817131,-158.291615158416));
#4639=CARTESIAN_POINT('',(-3.42738628261004,20.6962390003782,-231.544503386383));
#4640=CARTESIAN_POINT('',(-4.67616946808601,21.6982489834335,-228.747872521513));
#4641=CARTESIAN_POINT('',(-6.01694299807969,22.5060712456506,-225.922748328402));
#4642=CARTESIAN_POINT('',(-7.99798083941199,23.4430483148043,-221.613694426778));
#4643=CARTESIAN_POINT('',(-8.65367918292105,23.7054677460716,-220.164172645802));
#4644=CARTESIAN_POINT('',(-9.93122354430033,24.13693891455,-217.237045895199));
#4645=CARTESIAN_POINT('',(-10.5523818331646,24.3067268585977,-215.759329092463));
#4646=CARTESIAN_POINT('',(-11.7654550779195,24.6150483571743,-212.789248425782));
#4647=CARTESIAN_POINT('',(-12.3576439356245,24.7532887026247,-211.296929101608));
#4648=CARTESIAN_POINT('',(-13.527690051161,25.0269744781859,-208.306459136342));
#4649=CARTESIAN_POINT('',(-14.1059773720306,25.1619595302322,-206.808378428735));
#4650=CARTESIAN_POINT('',(-15.2521174267297,25.4196750950342,-203.807303322885));
#4651=CARTESIAN_POINT('',(-15.8202480038313,25.5421081794212,-202.30435410534));
#4652=CARTESIAN_POINT('',(-16.9348303799418,25.7506170024548,-199.287278934663));
#4653=CARTESIAN_POINT('',(-17.482092181971,25.8358256411883,-197.773284697884));
#4654=CARTESIAN_POINT('',(-18.4891148888502,25.9157173486795,-194.713037402413));
#4655=CARTESIAN_POINT('',(-18.9459513400225,25.9099974135113,-193.166283251692));
#4656=CARTESIAN_POINT('',(-19.5505330214437,25.8549803052182,-190.826685288246));
#4657=CARTESIAN_POINT('',(-19.7388664542371,25.8295156877666,-190.043622159544));
#4658=CARTESIAN_POINT('',(-20.1196595420144,25.7860345035573,-188.478398559915));
#4659=CARTESIAN_POINT('',(-20.3124300645092,25.7676851563224,-187.69628863983));
#4660=CARTESIAN_POINT('',(-20.8879274126637,25.7132517039727,-185.349290878509));
#4661=CARTESIAN_POINT('',(-21.2777783933586,25.6832382236634,-183.785997551617));
#4662=CARTESIAN_POINT('',(-22.0535582096579,25.6137366518849,-180.658605907172));
#4663=CARTESIAN_POINT('',(-22.4242358845216,25.5668762595012,-179.090624098678));
#4664=CARTESIAN_POINT('',(-23.3788578321942,25.3798947457431,-174.354913021268));
#4665=CARTESIAN_POINT('',(-23.8214296688323,25.2066182824167,-171.161054385811));
#4666=CARTESIAN_POINT('',(-24.310619763564,24.9409317909551,-164.739374490486));
#4667=CARTESIAN_POINT('',(-24.3467621837421,24.8357998418005,-161.510823363903));
#4668=CARTESIAN_POINT('',(-24.1841838308421,24.8614592749877,-158.291862446821));
#4669=CARTESIAN_POINT('',(-24.1841838308421,24.8614592749877,-158.291862446821));
#4670=CARTESIAN_POINT('',(-24.1805857074348,24.8283208105629,-158.291780017353));
#4671=CARTESIAN_POINT('',(-24.1769875840274,24.795182346138,-158.291697587884));
#4672=CARTESIAN_POINT('',(-24.1733894606201,24.7620438817131,-158.291615158416));
#4673=CARTESIAN_POINT('',(-24.1733894606202,24.7620438817131,-158.291615158416));
#4674=CARTESIAN_POINT('',(-3.51955509789458,20.6850001656332,-231.581632863657));
#4675=CARTESIAN_POINT('',(-4.77661185738001,21.6890403722636,-228.765078524995));
#4676=CARTESIAN_POINT('',(-7.49296456808693,23.3341143142289,-223.06805528123));
#4677=CARTESIAN_POINT('',(-11.3257547549765,24.4909276100487,-214.293521953203));
#4678=CARTESIAN_POINT('',(-14.2046524368875,25.113524477776,-206.806817063058));
#4679=CARTESIAN_POINT('',(-16.4661588598286,25.6002861255148,-200.803482858531));
#4680=CARTESIAN_POINT('',(-18.1058361320607,25.8504287794079,-196.256019954453));
#4681=CARTESIAN_POINT('',(-19.4602009550861,25.811022491034,-191.590904233792));
#4682=CARTESIAN_POINT('',(-20.9081850965101,25.5987979780611,-185.299276154786));
#4683=CARTESIAN_POINT('',(-22.9824968695035,25.4687763802134,-177.471402033203));
#4684=CARTESIAN_POINT('',(-24.2697629600328,24.9334744260477,-167.95708243912));
#4685=CARTESIAN_POINT('',(-24.3413481955856,24.7357527644009,-161.529668316232));
#4686=CARTESIAN_POINT('',(-24.1733894606201,24.7620438817131,-158.291615158416));
#4687=CARTESIAN_POINT('',(-24.1589774103284,24.7636187959736,-158.015183952792));
#4688=CARTESIAN_POINT('',(-24.1637322038853,24.762653619508,-158.107315903529));
#4689=CARTESIAN_POINT('',(-24.1685003320517,24.7617980882227,-158.199458917476));
#4690=CARTESIAN_POINT('',(-24.1732815170365,24.7610497288724,-158.291612685535));
#4691=CARTESIAN_POINT('',(-24.1590892035537,24.7646125155222,-158.015188593538));
#4692=CARTESIAN_POINT('',(-24.1638427223518,24.7636474858861,-158.107319812094));
#4693=CARTESIAN_POINT('',(-24.1686095673199,24.7627920990409,-158.199462103296));
#4694=CARTESIAN_POINT('',(-24.1733894606202,24.7620438817131,-158.291615158416));
#4695=CARTESIAN_POINT('',(-24.1702685383682,24.8639845795411,-158.015652668683));
#4696=CARTESIAN_POINT('',(-24.174894581144,24.8630342328637,-158.107710668971));
#4697=CARTESIAN_POINT('',(-24.1795331061362,24.8621932900502,-158.199780685641));
#4698=CARTESIAN_POINT('',(-24.1841838308422,24.8614592749877,-158.291862446821));
#4699=CARTESIAN_POINT('',(-24.1733894606201,24.7620438817131,-158.291615158416));
#4700=CARTESIAN_POINT('',(-24.1686101145435,24.7627920133816,-158.199472653391));
#4701=CARTESIAN_POINT('',(-24.1638432680725,24.7636473750973,-158.107330389082));
#4702=CARTESIAN_POINT('',(-24.1590892035538,24.7646125155222,-158.015188593538));
#4703=CARTESIAN_POINT('',(-3.40838704521483,14.0024718294775,-229.385509929743));
#4704=CARTESIAN_POINT('',(-3.32366146758463,13.9235789306846,-229.662297067322));
#4705=CARTESIAN_POINT('',(-3.23930138894116,13.8440416835234,-229.939038670969));
#4706=CARTESIAN_POINT('',(-3.15536983891625,13.7638721361553,-230.215757332042));
#4707=CARTESIAN_POINT('',(-3.31257989950437,14.0150635632466,-229.359772037997));
#4708=CARTESIAN_POINT('',(-3.2278041238744,13.9356745866197,-229.636503337555));
#4709=CARTESIAN_POINT('',(-3.14339604377369,13.8556421068033,-229.913196020153));
#4710=CARTESIAN_POINT('',(-3.05941880461756,13.7749788380344,-230.189872197497));
#4711=CARTESIAN_POINT('',(-3.31162184010585,14.0151894789994,-229.359514662319));
#4712=CARTESIAN_POINT('',(-3.2268455625022,13.9357955416567,-229.636245403504));
#4713=CARTESIAN_POINT('',(-3.14243700239295,13.8557581095761,-229.912937596897));
#4714=CARTESIAN_POINT('',(-3.05845930635127,13.7750899036552,-230.18961334941));
#4715=CARTESIAN_POINT('',(-3.15536983891624,13.7638721361553,-230.215757332042));
#4716=CARTESIAN_POINT('',(-3.23929395908616,13.8440345866914,-229.939063166877));
#4717=CARTESIAN_POINT('',(-3.32365426447184,13.9235722234485,-229.662320598929));
#4718=CARTESIAN_POINT('',(-3.40838704521484,14.0024718294775,-229.385509929743));
#4719=CARTESIAN_POINT('',(-25.8233853978699,24.6059413094938,-158.135649834477));
#4720=CARTESIAN_POINT('',(-25.8287631672198,24.6052822962225,-158.136030794256));
#4721=CARTESIAN_POINT('',(-25.8341409365697,24.6046232829513,-158.136411754034));
#4722=CARTESIAN_POINT('',(-25.8395187059195,24.60396426968,-158.136792713813));
#4723=CARTESIAN_POINT('',(-25.9457630189077,24.5909446684847,-158.144319033246));
#4724=CARTESIAN_POINT('',(-26.0519954756342,24.577829153795,-158.151846995531));
#4725=CARTESIAN_POINT('',(-26.1582161402427,24.5646182317209,-158.159376588461));
#4726=CARTESIAN_POINT('',(-25.8311439419719,24.6685775671973,-158.134398254089));
#4727=CARTESIAN_POINT('',(-25.8365239518566,24.6679181766095,-158.134774290336));
#4728=CARTESIAN_POINT('',(-25.8419039617412,24.6672587860218,-158.135150326584));
#4729=CARTESIAN_POINT('',(-25.8472839716259,24.666599395434,-158.135526362831));
#4730=CARTESIAN_POINT('',(-25.9535725490779,24.6535723398967,-158.142955411973));
#4731=CARTESIAN_POINT('',(-26.0598491167359,24.6404491210349,-158.150386399504));
#4732=CARTESIAN_POINT('',(-26.1661137384187,24.6272302498749,-158.157819315121));
#4733=CARTESIAN_POINT('',(-25.9430920592442,25.5723568111745,-158.116339187044));
#4734=CARTESIAN_POINT('',(-25.9485043978294,25.5716919762829,-158.116644181607));
#4735=CARTESIAN_POINT('',(-25.9539167364146,25.5710271413913,-158.116949176169));
#4736=CARTESIAN_POINT('',(-25.9593290749998,25.5703623064996,-158.117254170732));
#4737=CARTESIAN_POINT('',(-26.066256344883,25.5572276921798,-158.123279705791));
#4738=CARTESIAN_POINT('',(-26.1731693896515,25.5439933097355,-158.129311443537));
#4739=CARTESIAN_POINT('',(-26.2800682684365,25.5306597411288,-158.135349401167));
#4740=CARTESIAN_POINT('',(-2.45211030153907,14.1683005832598,-229.140952998672));
#4741=CARTESIAN_POINT('',(-2.55082582187721,16.3705637869929,-229.848346186276));
#4742=CARTESIAN_POINT('',(-2.59854350093295,18.581169274794,-230.537824471939));
#4743=CARTESIAN_POINT('',(-2.59786694504924,20.7973885130836,-231.21033809092));
#4744=CARTESIAN_POINT('',(-2.35632132685591,14.1808845222664,-229.115143759951));
#4745=CARTESIAN_POINT('',(-2.4560408257924,16.3827172199896,-229.818600895009));
#4746=CARTESIAN_POINT('',(-2.50498829707806,18.5928700183147,-230.504276329988));
#4747=CARTESIAN_POINT('',(-2.50569812976469,20.8086273478286,-231.173208613646));
#4748=CARTESIAN_POINT('',(-35.8485072173267,23.2992676463776,-160.27358065628));
#4749=CARTESIAN_POINT('',(-30.042107018271,24.0291545732751,-158.776389366395));
#4750=CARTESIAN_POINT('',(-24.2360882720268,24.7600961811211,-157.27822822203));
#4751=CARTESIAN_POINT('',(-18.4302474466958,25.4925272870862,-155.780104986668));
#4752=CARTESIAN_POINT('',(-33.5584836454286,24.3244302966789,-163.762549342008));
#4753=CARTESIAN_POINT('',(-28.1499048446914,24.6286544736163,-162.329650086396));
#4754=CARTESIAN_POINT('',(-22.7416889642359,24.9340527794777,-160.895682206895));
#4755=CARTESIAN_POINT('',(-17.333561329405,25.241097789279,-159.46180378636));
#4756=CARTESIAN_POINT('',(-29.5071843380137,25.8123083677659,-170.822081008711));
#4757=CARTESIAN_POINT('',(-24.8409482652857,25.3228870832027,-169.5092429503));
#4758=CARTESIAN_POINT('',(-20.1748910112839,24.8349348851686,-168.195404085928));
#4759=CARTESIAN_POINT('',(-15.5085692797684,24.3487202694076,-166.881964795891));
#4760=CARTESIAN_POINT('',(-23.9981722567952,26.8398266420272,-183.160854370868));
#4761=CARTESIAN_POINT('',(-20.4009233697108,25.2075333827609,-182.021655229815));
#4762=CARTESIAN_POINT('',(-16.8032530975214,23.576755531661,-180.881703306577));
#4763=CARTESIAN_POINT('',(-13.2047438003125,21.9473722551515,-179.742366179528));
#4764=CARTESIAN_POINT('',(-18.8891708854001,26.8412430414306,-197.222739235768));
#4765=CARTESIAN_POINT('',(-16.2539492307373,24.1794321224948,-196.241383814971));
#4766=CARTESIAN_POINT('',(-13.6179761751997,21.518438713408,-195.25955065284));
#4767=CARTESIAN_POINT('',(-10.9810825339679,18.85814513069,-194.278048801261));
#4768=CARTESIAN_POINT('',(-12.5746016517582,26.6993340472529,-214.960241535895));
#4769=CARTESIAN_POINT('',(-10.9539837515945,22.9512433982829,-214.145362753551));
#4770=CARTESIAN_POINT('',(-9.33276116141849,19.203491244573,-213.329971813255));
#4771=CARTESIAN_POINT('',(-7.71074158441254,15.4560797153076,-212.514567831436));
#4772=CARTESIAN_POINT('',(-7.07944985921357,27.6958765091454,-227.316861684633));
#4773=CARTESIAN_POINT('',(-6.2404832766754,23.112230128096,-226.628686444084));
#4774=CARTESIAN_POINT('',(-5.40089149183469,18.5288210825885,-225.939664923563));
#4775=CARTESIAN_POINT('',(-4.5602727319925,13.9456442184552,-225.250395790667));
#4776=CARTESIAN_POINT('',(-3.10369756779736,29.0999492149916,-234.396357103331));
#4777=CARTESIAN_POINT('',(-2.88848827044939,23.8491673823646,-233.809551198164));
#4778=CARTESIAN_POINT('',(-2.67268141459097,18.5985189547511,-233.221763166935));
#4779=CARTESIAN_POINT('',(-2.45577216288715,13.3479572100087,-232.633606941016));
#4780=CARTESIAN_POINT('',(-12.8406822606963,42.6838659234714,-162.613591510561));
#4781=CARTESIAN_POINT('',(-12.8873737600625,43.2163441015311,-162.793175775999));
#4782=CARTESIAN_POINT('',(-12.936886522943,43.7485802653432,-162.972973860536));
#4783=CARTESIAN_POINT('',(-12.9892230220942,44.2805746460127,-163.152985605956));
#4784=CARTESIAN_POINT('',(-12.7498291533356,42.7041516302514,-162.577064767162));
#4785=CARTESIAN_POINT('',(-12.7969000832975,43.2371535514354,-162.755996142499));
#4786=CARTESIAN_POINT('',(-12.8467982647338,43.7699050110446,-162.935156443124));
#4787=CARTESIAN_POINT('',(-12.8995247854042,44.3024059207793,-163.114545759745));
#4788=CARTESIAN_POINT('',(-12.899524785404,44.3024059207793,-163.114545759745));
#4789=CARTESIAN_POINT('',(-12.9145519510155,44.2987485224454,-163.120985595759));
#4790=CARTESIAN_POINT('',(-12.929579116627,44.2950911241114,-163.127425431774));
#4791=CARTESIAN_POINT('',(-12.9446062822385,44.2914337257775,-163.133865267789));
#4792=CARTESIAN_POINT('',(-12.9470295845718,44.2829739624859,-163.13263287722));
#4793=CARTESIAN_POINT('',(-12.9494528869051,44.2745141991942,-163.131400486651));
#4794=CARTESIAN_POINT('',(-12.9685765429068,44.2040498028866,-163.120597120213));
#4795=CARTESIAN_POINT('',(-12.9747960098935,44.1338655837916,-163.103324563072));
#4796=CARTESIAN_POINT('',(-12.9680627530949,44.0638825795269,-163.079679518778));
#4797=CARTESIAN_POINT('',(-12.9680627530949,44.063882579527,-163.079679518778));
#4798=CARTESIAN_POINT('',(-12.8406822606963,42.6838659234714,-162.613591510561));
#4799=CARTESIAN_POINT('',(-12.8810397152085,43.1441095254443,-162.768813851285));
#4800=CARTESIAN_POINT('',(-12.9235004070544,43.604120781847,-162.924178542295));
#4801=CARTESIAN_POINT('',(-12.9680627530949,44.063882579527,-163.079679518778));
#4802=CARTESIAN_POINT('',(-12.8406822606963,42.6838659234714,-162.613591510561));
#4803=CARTESIAN_POINT('',(-12.8406822606963,42.6838659234714,-162.613591510561));
#4804=CARTESIAN_POINT('',(-12.8103978915761,42.6906278257314,-162.601415929428));
#4805=CARTESIAN_POINT('',(-12.7801135224558,42.6973897279914,-162.589240348295));
#4806=CARTESIAN_POINT('',(-12.7498291533356,42.7041516302514,-162.577064767162));
#4807=CARTESIAN_POINT('',(13.521295532287,7.49437959020738,-225.102800658649));
#4808=CARTESIAN_POINT('',(13.3279031598921,9.34618045807171,-222.449616998843));
#4809=CARTESIAN_POINT('',(12.9497186664376,11.2737653102654,-219.874641351448));
#4810=CARTESIAN_POINT('',(12.1045078057891,14.1264252105639,-216.056884733828));
#4811=CARTESIAN_POINT('',(11.7724106530222,15.0709572312591,-214.792480367778));
#4812=CARTESIAN_POINT('',(11.0126937377945,16.9247622669998,-212.270477816132));
#4813=CARTESIAN_POINT('',(10.5857101666426,17.8334592550091,-211.012342564294));
#4814=CARTESIAN_POINT('',(9.69776066978073,19.6245596395003,-208.490239641585));
#4815=CARTESIAN_POINT('',(9.23654452005152,20.507192476897,-207.226485549877));
#4816=CARTESIAN_POINT('',(8.30906507198664,22.2626343391276,-204.692176417584));
#4817=CARTESIAN_POINT('',(7.84240700570359,23.1358082408758,-203.421953201263));
#4818=CARTESIAN_POINT('',(6.89536680824258,24.8755297983792,-200.879968135184));
#4819=CARTESIAN_POINT('',(6.41472891384768,25.7423176275038,-199.608419516649));
#4820=CARTESIAN_POINT('',(5.41492029013698,27.457261175619,-197.065764814667));
#4821=CARTESIAN_POINT('',(4.89499493740673,28.3061131059149,-195.795282915717));
#4822=CARTESIAN_POINT('',(3.75917688313904,29.9187165455435,-193.245173442439));
#4823=CARTESIAN_POINT('',(3.14275976121979,30.6796344225207,-191.964699633366));
#4824=CARTESIAN_POINT('',(2.16720567203387,31.7431134135639,-190.02998442503));
#4825=CARTESIAN_POINT('',(1.83410844249492,32.0849206540985,-189.382589484216));
#4826=CARTESIAN_POINT('',(1.17418198465205,32.7740219239361,-188.086557518018));
#4827=CARTESIAN_POINT('',(0.847063058297571,33.1215806037864,-187.438159492169));
#4828=CARTESIAN_POINT('',(-0.135333297673813,34.1626999462051,-185.491804618306));
#4829=CARTESIAN_POINT('',(-0.785951026801321,34.8646591049373,-184.194450137534));
#4830=CARTESIAN_POINT('',(-2.10036307733052,36.2652931426267,-181.602647480816));
#4831=CARTESIAN_POINT('',(-2.77217281035737,36.9488733884497,-180.304739425882));
#4832=CARTESIAN_POINT('',(-4.84645938022888,38.8452366626422,-176.371034271001));
#4833=CARTESIAN_POINT('',(-6.29386109460068,39.9194895712377,-173.698062181034));
#4834=CARTESIAN_POINT('',(-9.13563663301634,41.682613353862,-168.208191187112));
#4835=CARTESIAN_POINT('',(-10.5430875454512,42.3623597278215,-165.39096367451));
#4836=CARTESIAN_POINT('',(-11.8227289700824,42.8452780306367,-162.496599531986));
#4837=CARTESIAN_POINT('',(13.5174646360694,7.41230702118247,-225.04579699519));
#4838=CARTESIAN_POINT('',(13.3286817322554,9.26532995524048,-222.390544055961));
#4839=CARTESIAN_POINT('',(12.9556834277489,11.1940212194896,-219.81434198289));
#4840=CARTESIAN_POINT('',(12.1184480364414,14.0487242098942,-215.995436360992));
#4841=CARTESIAN_POINT('',(11.789069059669,14.993988432876,-214.730782562561));
#4842=CARTESIAN_POINT('',(11.034880437009,16.8494178497958,-212.208515837635));
#4843=CARTESIAN_POINT('',(10.6107071647711,17.7590076136589,-210.950365674862));
#4844=CARTESIAN_POINT('',(9.72840156984499,19.5521732802444,-208.428349562608));
#4845=CARTESIAN_POINT('',(9.27001930072544,20.4359783890899,-207.164697224655));
#4846=CARTESIAN_POINT('',(8.34817672857437,22.1941379830622,-204.630626991089));
#4847=CARTESIAN_POINT('',(7.88432188430575,23.0688574901736,-203.360540579));
#4848=CARTESIAN_POINT('',(6.9428166139259,24.8120944317445,-200.818851521717));
#4849=CARTESIAN_POINT('',(6.46491049079512,25.6808526270467,-199.547461760428));
#4850=CARTESIAN_POINT('',(5.47045343129875,27.4001724387207,-197.005193110533));
#4851=CARTESIAN_POINT('',(4.95314706551688,28.2514315377654,-195.73493767682));
#4852=CARTESIAN_POINT('',(3.82244528547704,29.8691819117797,-193.185535190619));
#4853=CARTESIAN_POINT('',(3.20852721712664,30.6328361861616,-191.90554821002));
#4854=CARTESIAN_POINT('',(2.23655934939077,31.7006121247649,-189.971784004892));
#4855=CARTESIAN_POINT('',(1.90463025797706,32.0438839255287,-189.324741945104));
#4856=CARTESIAN_POINT('',(1.24694464839091,32.7360159186157,-188.029418952607));
#4857=CARTESIAN_POINT('',(0.920898113454208,33.0851409666031,-187.381376677924));
#4858=CARTESIAN_POINT('',(-0.0584321663528314,34.1310717280794,-185.436119127321));
#4859=CARTESIAN_POINT('',(-0.707218171142387,34.8364043787392,-184.139515152164));
#4860=CARTESIAN_POINT('',(-2.01843741721845,36.2439297874427,-181.549291712609));
#4861=CARTESIAN_POINT('',(-2.68887119223242,36.9310042831253,-180.252245838552));
#4862=CARTESIAN_POINT('',(-4.75961348921282,38.837623861455,-176.321476210663));
#4863=CARTESIAN_POINT('',(-6.20546227334184,39.9184086333556,-173.65088579951));
#4864=CARTESIAN_POINT('',(-9.04538943718988,41.6932247643508,-168.16595408715));
#4865=CARTESIAN_POINT('',(-10.4526861104043,42.3783748519343,-165.351005778989));
#4866=CARTESIAN_POINT('',(-11.7319202473005,42.8652321768526,-162.459780950869));
#4867=CARTESIAN_POINT('',(13.517426434237,7.41148859062649,-225.045228552645));
#4868=CARTESIAN_POINT('',(13.3286894962065,9.26452371117173,-222.389954978489));
#4869=CARTESIAN_POINT('',(12.9557429085593,11.193226008601,-219.813740675458));
#4870=CARTESIAN_POINT('',(12.1185870489136,14.0479493727722,-215.994823595648));
#4871=CARTESIAN_POINT('',(11.7892351778882,14.9932208973011,-214.730167309869));
#4872=CARTESIAN_POINT('',(11.0351016835569,16.8486665126073,-212.207897950598));
#4873=CARTESIAN_POINT('',(10.610956435719,17.7582651792628,-210.949747639132));
#4874=CARTESIAN_POINT('',(9.72870712198224,19.5514514409143,-208.427732392556));
#4875=CARTESIAN_POINT('',(9.27035311242018,20.435268239692,-207.164081069294));
#4876=CARTESIAN_POINT('',(8.34856675139474,22.1934549349812,-204.630013218035));
#4877=CARTESIAN_POINT('',(7.88473986095503,23.0681898549239,-203.359928170163));
#4878=CARTESIAN_POINT('',(6.94328978506345,24.8114618520288,-200.81824206469));
#4879=CARTESIAN_POINT('',(6.46541090325216,25.680239695892,-199.546853887531));
#4880=CARTESIAN_POINT('',(5.47100720974307,27.3996031478208,-197.00458908736));
#4881=CARTESIAN_POINT('',(4.95372696059152,28.2508862512372,-195.734335911967));
#4882=CARTESIAN_POINT('',(3.82307620021892,29.868687950663,-193.184940475867));
#4883=CARTESIAN_POINT('',(3.20918305251894,30.6323695124964,-191.904958349938));
#4884=CARTESIAN_POINT('',(2.23725094670998,31.7001883004125,-189.971203628248));
#4885=CARTESIAN_POINT('',(1.9053335040109,32.0434747058226,-189.324165087401));
#4886=CARTESIAN_POINT('',(1.24767024024269,32.7356369213888,-188.028849164816));
#4887=CARTESIAN_POINT('',(0.921634399231063,33.0847775892546,-187.380810437695));
#4888=CARTESIAN_POINT('',(-0.0576653055562141,34.1307563303716,-185.435563829639));
#4889=CARTESIAN_POINT('',(-0.706433044326001,34.836122621612,-184.13896733855));
#4890=CARTESIAN_POINT('',(-2.01762045164333,36.2437167513105,-181.548759647005));
#4891=CARTESIAN_POINT('',(-2.68804050555542,36.9308260917761,-180.251722370645));
#4892=CARTESIAN_POINT('',(-4.75874745892141,38.8375479463327,-176.320982015936));
#4893=CARTESIAN_POINT('',(-6.20458075717523,39.9183978542049,-173.650415354968));
#4894=CARTESIAN_POINT('',(-9.04448948896682,41.6933305817109,-168.165532897298));
#4895=CARTESIAN_POINT('',(-10.4517846241023,42.3785345553174,-165.350607317444));
#4896=CARTESIAN_POINT('',(-11.7310146995108,42.8654311603032,-162.459413794678));
#4897=CARTESIAN_POINT('',(-11.8128536614913,42.8415482817465,-162.518928792143));
#4898=CARTESIAN_POINT('',(-10.5329671805034,42.357773127537,-165.411965891531));
#4899=CARTESIAN_POINT('',(-7.7305345999202,40.9906681775267,-171.044942711502));
#4900=CARTESIAN_POINT('',(-3.37461563119276,37.7665851036984,-179.054689240138));
#4901=CARTESIAN_POINT('',(-0.149608530115518,34.1153072429081,-185.499424671634));
#4902=CARTESIAN_POINT('',(2.52195979714094,31.4249096226999,-190.695762817939));
#4903=CARTESIAN_POINT('',(4.3820843213548,29.1524457397594,-194.534945875849));
#4904=CARTESIAN_POINT('',(5.93850208627088,26.6024663147586,-198.344846531579));
#4905=CARTESIAN_POINT('',(7.85130182304577,23.13476794834,-203.431339576935));
#4906=CARTESIAN_POINT('',(10.2201756219952,18.7842905441989,-209.768439062242));
#4907=CARTESIAN_POINT('',(12.602458602408,13.2113024611219,-217.29925864622));
#4908=CARTESIAN_POINT('',(13.3279653296289,9.34558516069116,-222.450469916297));
#4909=CARTESIAN_POINT('',(13.521295532287,7.49437959020738,-225.102800658649));
#4910=CARTESIAN_POINT('',(13.521295532287,7.49437959020739,-225.102800658649));
#4911=CARTESIAN_POINT('',(13.521295532287,7.49437959020738,-225.102800658649));
#4912=CARTESIAN_POINT('',(13.5200185668811,7.46702206719908,-225.083799437496));
#4913=CARTESIAN_POINT('',(13.5187416014752,7.43966454419078,-225.064798216343));
#4914=CARTESIAN_POINT('',(13.5174646360694,7.41230702118247,-225.04579699519));
#4915=CARTESIAN_POINT('',(13.5174646360694,7.41230702118247,-225.04579699519));
#4916=CARTESIAN_POINT('',(13.5174646360694,7.41230702118247,-225.04579699519));
#4917=CARTESIAN_POINT('',(13.3288246763984,9.26392686857365,-222.392554581534));
#4918=CARTESIAN_POINT('',(12.6140527509312,13.1301332710654,-217.240995536672));
#4919=CARTESIAN_POINT('',(10.2503427823294,18.7056437024749,-209.712813024129));
#4920=CARTESIAN_POINT('',(7.89668219485991,23.0609014233085,-203.379339385131));
#4921=CARTESIAN_POINT('',(5.99585816435845,26.5350371370937,-198.295676993481));
#4922=CARTESIAN_POINT('',(4.44861158938442,29.0914702608155,-194.488106419599));
#4923=CARTESIAN_POINT('',(2.59808390816949,31.3726984595384,-190.652300136793));
#4924=CARTESIAN_POINT('',(-0.063627907231908,34.0737601339143,-185.461305129467));
#4925=CARTESIAN_POINT('',(-3.27849087170753,37.7418401634392,-179.022989359335));
#4926=CARTESIAN_POINT('',(-7.62723060573664,40.9877394489926,-171.025286338475));
#4927=CARTESIAN_POINT('',(-10.4288476901741,42.3674736006184,-165.400425746416));
#4928=CARTESIAN_POINT('',(-11.7086592791515,42.8563629277083,-162.51231337073));
#4929=CARTESIAN_POINT('',(6.68525049870493,7.55761678750524,-227.111492357948));
#4930=CARTESIAN_POINT('',(6.72572065888227,7.38419480913575,-227.431659057531));
#4931=CARTESIAN_POINT('',(6.76547195348812,7.211424422405,-227.752419708661));
#4932=CARTESIAN_POINT('',(6.80442326294778,7.03937894132266,-228.073843223025));
#4933=CARTESIAN_POINT('',(6.68591050941841,7.46972427848064,-227.063800941077));
#4934=CARTESIAN_POINT('',(6.72581654768611,7.29619400921451,-227.384159407495));
#4935=CARTESIAN_POINT('',(6.76500930226998,7.12331727521624,-227.705119865764));
#4936=CARTESIAN_POINT('',(6.80340836987721,6.95116773782477,-228.026750192017));
#4937=CARTESIAN_POINT('',(6.69251061655321,6.59079918823467,-226.586886772361));
#4938=CARTESIAN_POINT('',(6.72677543572454,6.41618601000218,-226.909162907137));
#4939=CARTESIAN_POINT('',(6.76038279008856,6.24224580332852,-227.232121436798));
#4940=CARTESIAN_POINT('',(6.7932594391714,6.06905570284567,-227.555819881939));
#4941=CARTESIAN_POINT('',(6.68591050941841,7.46972427848103,-227.063800941077));
#4942=CARTESIAN_POINT('',(6.68569050584725,7.4990217814891,-227.079698080034));
#4943=CARTESIAN_POINT('',(6.68547050227609,7.52831928449717,-227.095595218991));
#4944=CARTESIAN_POINT('',(6.68525049870493,7.55761678750524,-227.111492357948));
#4945=CARTESIAN_POINT('',(6.68525049870497,7.55761678750515,-227.111492357949));
#4946=CARTESIAN_POINT('',(6.74504134110953,7.29956902867504,-227.589248839125));
#4947=CARTESIAN_POINT('',(6.72529893999975,7.38540183440265,-227.429874396601));
#4948=CARTESIAN_POINT('',(6.70536531014597,7.47142117129447,-227.270624240886));
#4949=CARTESIAN_POINT('',(6.68525049870495,7.55761678750515,-227.111492357949));
#4950=CARTESIAN_POINT('',(6.74504134110955,7.29956902867502,-227.589248839126));
#4951=CARTESIAN_POINT('',(6.74553577019276,7.29741929532985,-227.593240564636));
#4952=CARTESIAN_POINT('',(6.778449684281,7.15430356591331,-227.858991103366));
#4953=CARTESIAN_POINT('',(6.82282838837976,6.43730310984856,-228.030282512942));
#4954=CARTESIAN_POINT('',(6.7712279342175,6.18532713874978,-227.338356837412));
#4955=CARTESIAN_POINT('',(6.74351492059155,6.32882768616827,-227.071871231042));
#4956=CARTESIAN_POINT('',(6.74351495252135,6.32882764170756,-227.071871203798));
#4957=CARTESIAN_POINT('',(6.74351492059297,6.32882768616089,-227.071871231056));
#4958=CARTESIAN_POINT('',(6.73222831282719,6.38727078526649,-226.963340323868));
#4959=CARTESIAN_POINT('',(6.72086332006744,6.44579424072813,-226.854889727307));
#4960=CARTESIAN_POINT('',(6.70942272143138,6.50439512566392,-226.746517258747));
#4961=CARTESIAN_POINT('',(-12.2796396466343,53.6180119703536,-167.318619306936));
#4962=CARTESIAN_POINT('',(-12.1348512386748,48.2829404101173,-164.568599008727));
#4963=CARTESIAN_POINT('',(-11.9957671186556,42.9412976180224,-161.830768713984));
#4964=CARTESIAN_POINT('',(-11.8705846760159,37.5966340817174,-159.098166982022));
#4965=CARTESIAN_POINT('',(-7.52529441127435,47.9338883158125,-171.730825816361));
#4966=CARTESIAN_POINT('',(-8.10930928038555,43.262562338272,-169.603574543609));
#4967=CARTESIAN_POINT('',(-8.70115366501655,38.584369476979,-167.490810601802));
#4968=CARTESIAN_POINT('',(-9.31044820340977,33.9052977678257,-165.383137653751));
#4969=CARTESIAN_POINT('',(-1.70128020912687,40.3765436099076,-180.042948590827));
#4970=CARTESIAN_POINT('',(-3.26498452089754,36.5863587697137,-178.744073599265));
#4971=CARTESIAN_POINT('',(-4.8407453765034,32.7956858079781,-177.459840396641));
#4972=CARTESIAN_POINT('',(-6.43387819459832,29.0122889997441,-176.177423811005));
#4973=CARTESIAN_POINT('',(4.57241485930426,31.4289131183395,-192.62729374743));
#4974=CARTESIAN_POINT('',(1.9871459945608,28.5677181492899,-192.171764198745));
#4975=CARTESIAN_POINT('',(-0.604925407626247,25.7115387125704,-191.726245787301));
#4976=CARTESIAN_POINT('',(-3.20639769703382,22.8642796952892,-191.282382321396));
#4977=CARTESIAN_POINT('',(8.92847322784686,25.1424907101855,-202.023341999763));
#4978=CARTESIAN_POINT('',(5.70768109273665,22.8623305341048,-202.090941943556));
#4979=CARTESIAN_POINT('',(2.48364080344691,20.5872310370176,-202.166670127796));
#4980=CARTESIAN_POINT('',(-0.74587039170288,18.3202968885065,-202.244902912515));
#4981=CARTESIAN_POINT('',(14.3982553472761,17.4999876483787,-212.843710883752));
#4982=CARTESIAN_POINT('',(10.4494899953759,15.8825461923044,-213.516992529368));
#4983=CARTESIAN_POINT('',(6.50032960603113,14.269684723157,-214.198285782671));
#4984=CARTESIAN_POINT('',(2.54862383799385,12.6648804812081,-214.883366292634));
#4985=CARTESIAN_POINT('',(18.8104040195625,11.6994831053314,-219.810691647866));
#4986=CARTESIAN_POINT('',(14.2940609226705,10.5941785801519,-220.963233002486));
#4987=CARTESIAN_POINT('',(9.7791878572992,9.4930853605604,-222.12576694233));
#4988=CARTESIAN_POINT('',(5.2633642215622,8.40148062037471,-223.293746261424));
#4989=CARTESIAN_POINT('',(22.2806477494326,7.36494134039977,-224.045710772174));
#4990=CARTESIAN_POINT('',(17.2709279907911,6.70717752336703,-225.613324295126));
#4991=CARTESIAN_POINT('',(12.2639197738195,6.05328655458585,-227.191511725685));
#4992=CARTESIAN_POINT('',(7.25749754422062,5.40940770516674,-228.775654796252));
#4993=CARTESIAN_POINT('',(-11.8302921871882,44.2490482667419,-162.979693527218));
#4994=CARTESIAN_POINT('',(-10.4595229242492,43.7603942127494,-165.90091417983));
#4995=CARTESIAN_POINT('',(-7.44155045874499,42.3584181460227,-171.564876946622));
#4996=CARTESIAN_POINT('',(-2.73894614853126,39.011918754597,-179.550897824256));
#4997=CARTESIAN_POINT('',(0.757433944228766,35.2016217558486,-185.941981431604));
#4998=CARTESIAN_POINT('',(3.64185068850799,32.3672027341861,-191.101431355603));
#4999=CARTESIAN_POINT('',(6.25009830247764,29.1015134374221,-196.170389325428));
#5000=CARTESIAN_POINT('',(8.76643377606496,24.4674329750449,-202.475490246184));
#5001=CARTESIAN_POINT('',(11.7602384361768,18.9635274192259,-210.053349258959));
#5002=CARTESIAN_POINT('',(14.1286457722252,13.0514179760543,-217.571412243417));
#5003=CARTESIAN_POINT('',(14.8174636973261,9.00414707470234,-222.728049145082));
#5004=CARTESIAN_POINT('',(14.9805125426987,7.0767708746655,-225.397295974634));
#5005=CARTESIAN_POINT('',(14.9805125122117,7.07677123502625,-225.397295475566));
#5006=CARTESIAN_POINT('',(6.6721009183366,7.02596961776739,-225.790339312517));
#5007=CARTESIAN_POINT('',(8.95367524814192,7.19899526504402,-225.570782119597));
#5008=CARTESIAN_POINT('',(11.2361450846938,7.32711251279119,-225.32177277738));
#5009=CARTESIAN_POINT('',(13.5174646360694,7.4123070211825,-225.045796995189));
#5010=CARTESIAN_POINT('',(14.0893281186401,6.59091428398337,-226.183419624558));
#5011=CARTESIAN_POINT('',(11.6424730937537,6.55458470205547,-226.507143397106));
#5012=CARTESIAN_POINT('',(9.19285102677016,6.46850971002509,-226.802878165041));
#5013=CARTESIAN_POINT('',(6.7435149844483,6.32882759726165,-227.071871176526));
#5014=CARTESIAN_POINT('',(14.0893281186401,6.59091428398337,-226.183419624558));
#5015=CARTESIAN_POINT('',(14.9805125122117,7.07677123502625,-225.397295475566));
#5016=CARTESIAN_POINT('',(14.9917937333859,6.94341373126446,-225.581983940795));
#5017=CARTESIAN_POINT('',(14.6951034787394,6.72612705156071,-225.918906547962));
#5018=CARTESIAN_POINT('',(14.3061302208769,6.59513415844015,-226.153288261755));
#5019=CARTESIAN_POINT('',(14.0854529000112,6.59084860043848,-226.183944093768));
#5020=CARTESIAN_POINT('',(15.0453727675895,7.96890882848791,-226.03751704784));
#5021=CARTESIAN_POINT('',(15.0490457101449,7.93584895578593,-226.083213301368));
#5022=CARTESIAN_POINT('',(15.0402214292184,7.90349625462139,-226.129264757341));
#5023=CARTESIAN_POINT('',(15.0068356698952,7.84268556410363,-226.217844028514));
#5024=CARTESIAN_POINT('',(14.9827351451098,7.81430620944692,-226.260206697182));
#5025=CARTESIAN_POINT('',(14.8981124822014,7.73455189584559,-226.381458797983));
#5026=CARTESIAN_POINT('',(14.8245022961071,7.68754900294701,-226.456018358648));
#5027=CARTESIAN_POINT('',(14.6603238175843,7.60392571029898,-226.593182547988));
#5028=CARTESIAN_POINT('',(14.569415019296,7.56763084791776,-226.655377920343));
#5029=CARTESIAN_POINT('',(14.3724718342697,7.51406010464441,-226.754608503289));
#5030=CARTESIAN_POINT('',(14.2659779160262,7.49672187898445,-226.79179333759));
#5031=CARTESIAN_POINT('',(14.1547284833884,7.49561049858532,-226.805721399912));
#5032=CARTESIAN_POINT('',(14.1519023839653,7.49558226588847,-226.806075218246));
#5033=CARTESIAN_POINT('',(14.1490762845422,7.49555403319163,-226.80642903658));
#5034=CARTESIAN_POINT('',(14.1462501851191,7.49552580049479,-226.806782854914));
#5035=CARTESIAN_POINT('',(15.4108002756638,7.96362018711701,-226.007865554463));
#5036=CARTESIAN_POINT('',(15.4175045900233,7.8991959531507,-226.096447783903));
#5037=CARTESIAN_POINT('',(15.39972717205,7.84096615185754,-226.179188623746));
#5038=CARTESIAN_POINT('',(15.3455510595665,7.74253559844708,-226.322193371847));
#5039=CARTESIAN_POINT('',(15.3097046320715,7.70138035376591,-226.383698466047));
#5040=CARTESIAN_POINT('',(15.1924828518406,7.59091180356667,-226.551830260168));
#5041=CARTESIAN_POINT('',(15.0997290627731,7.53303593820142,-226.644426097571));
#5042=CARTESIAN_POINT('',(14.8986023425457,7.43100800517826,-226.813283296361));
#5043=CARTESIAN_POINT('',(14.7853924653655,7.38546525374776,-226.89213527075));
#5044=CARTESIAN_POINT('',(14.5229749240734,7.3146625862361,-227.025669413407));
#5045=CARTESIAN_POINT('',(14.3720942993489,7.28867117628026,-227.081668889821));
#5046=CARTESIAN_POINT('',(14.197216357595,7.28713301990473,-227.104345521297));
#5047=CARTESIAN_POINT('',(14.1927738859474,7.28709394570234,-227.104921581899));
#5048=CARTESIAN_POINT('',(14.1883314142998,7.28705487149996,-227.105497642501));
#5049=CARTESIAN_POINT('',(14.1838889426521,7.28701579729757,-227.106073703103));
#5050=CARTESIAN_POINT('',(15.8513695969122,7.73397498703799,-225.810745794672));
#5051=CARTESIAN_POINT('',(15.8616411291387,7.63027521560391,-225.953049909888));
#5052=CARTESIAN_POINT('',(15.8325002177657,7.53960640972824,-226.08180532122));
#5053=CARTESIAN_POINT('',(15.75203356029,7.39393256105642,-226.2931793216));
#5054=CARTESIAN_POINT('',(15.7013823338121,7.33668553122876,-226.378796466475));
#5055=CARTESIAN_POINT('',(15.5431041356719,7.18744229883765,-226.60609794493));
#5056=CARTESIAN_POINT('',(15.4262908836974,7.11569502431729,-226.721649473185));
#5057=CARTESIAN_POINT('',(15.1788181907699,6.99008696588858,-226.930957477773));
#5058=CARTESIAN_POINT('',(15.0377040078539,6.93269015716736,-227.031054196025));
#5059=CARTESIAN_POINT('',(14.6935386642924,6.83976983575303,-227.208288415254));
#5060=CARTESIAN_POINT('',(14.4873021522818,6.80267810308552,-227.288194820836));
#5061=CARTESIAN_POINT('',(14.2331226936668,6.80034793787711,-227.322165316976));
#5062=CARTESIAN_POINT('',(14.2266657041404,6.80028874406017,-227.323028278676));
#5063=CARTESIAN_POINT('',(14.220208714614,6.80022955024323,-227.323891240376));
#5064=CARTESIAN_POINT('',(14.2137517250876,6.80017035642628,-227.324754202077));
#5065=CARTESIAN_POINT('',(15.8189394692233,7.28790619030716,-225.490635008535));
#5066=CARTESIAN_POINT('',(15.8287765536954,7.18407214334039,-225.633170280844));
#5067=CARTESIAN_POINT('',(15.7992819520768,7.09321218184364,-225.762229049768));
#5068=CARTESIAN_POINT('',(15.7182100875995,6.94710140095186,-225.974277863161));
#5069=CARTESIAN_POINT('',(15.6673140198916,6.88961052542686,-226.060263045218));
#5070=CARTESIAN_POINT('',(15.5084207792309,6.73960351993689,-226.288704658892));
#5071=CARTESIAN_POINT('',(15.391347608939,6.66729585907738,-226.405076877586));
#5072=CARTESIAN_POINT('',(15.1435535747567,6.54053914944655,-226.616053969183));
#5073=CARTESIAN_POINT('',(15.0023834777785,6.48255395104877,-226.71699867167));
#5074=CARTESIAN_POINT('',(14.6584084200999,6.3884781291902,-226.895874142536));
#5075=CARTESIAN_POINT('',(14.4524240899502,6.35082173104311,-226.976569429415));
#5076=CARTESIAN_POINT('',(14.1987156802941,6.34797147052333,-227.011244604872));
#5077=CARTESIAN_POINT('',(14.1922706569518,6.34789906458453,-227.012125467732));
#5078=CARTESIAN_POINT('',(14.1858256336095,6.34782665864574,-227.013006330591));
#5079=CARTESIAN_POINT('',(14.1793806102672,6.34775425270694,-227.013887193451));
#5080=CARTESIAN_POINT('',(15.345940020286,7.07148259365534,-225.367643982189));
#5081=CARTESIAN_POINT('',(15.351779872873,7.00678999856307,-225.456687783547));
#5082=CARTESIAN_POINT('',(15.3332906406719,6.94817769608924,-225.54003608084));
#5083=CARTESIAN_POINT('',(15.277904114186,6.84887327823728,-225.684390454971));
#5084=CARTESIAN_POINT('',(15.241568004231,6.80723034216305,-225.746631623535));
#5085=CARTESIAN_POINT('',(15.123116138958,6.69523424576333,-225.917043688089));
#5086=CARTESIAN_POINT('',(15.0298425132562,6.63623760771661,-226.011280906372));
#5087=CARTESIAN_POINT('',(14.8280731105193,6.53191237229917,-226.183476279182));
#5088=CARTESIAN_POINT('',(14.7147514052155,6.48519284151627,-226.264024222046));
#5089=CARTESIAN_POINT('',(14.4527144356875,6.41207917310483,-226.400840867966));
#5090=CARTESIAN_POINT('',(14.3023356430116,6.38495506335348,-226.458423387351));
#5091=CARTESIAN_POINT('',(14.1284023308495,6.38238008519704,-226.482504097089));
#5092=CARTESIAN_POINT('',(14.1239838558829,6.38231467233056,-226.483115825871));
#5093=CARTESIAN_POINT('',(14.1195653809163,6.38224925946409,-226.483727554653));
#5094=CARTESIAN_POINT('',(14.1151469059496,6.38218384659761,-226.484339283434));
#5095=CARTESIAN_POINT('',(14.9805125122117,7.07677123502625,-225.397295475566));
#5096=CARTESIAN_POINT('',(14.9833318343725,7.04344348088878,-225.443451496694));
#5097=CARTESIAN_POINT('',(14.9737848978405,7.01070779885284,-225.490112214435));
#5098=CARTESIAN_POINT('',(14.9391887245144,6.94902324389429,-225.580041111637));
#5099=CARTESIAN_POINT('',(14.9145985172696,6.92015619784497,-225.623139854672));
#5100=CARTESIAN_POINT('',(14.828745769318,6.83887433804049,-225.746672225901));
#5101=CARTESIAN_POINT('',(14.7546157465902,6.79075067245821,-225.822873167447));
#5102=CARTESIAN_POINT('',(14.5897945855578,6.70483007742384,-225.963375530811));
#5103=CARTESIAN_POINT('',(14.498773959147,6.66735843568948,-226.027266871643));
#5104=CARTESIAN_POINT('',(14.3022113458828,6.61147669150985,-226.129779957844));
#5105=CARTESIAN_POINT('',(14.1962146540234,6.59299959592505,-226.16855740287));
#5106=CARTESIAN_POINT('',(14.0859144566429,6.59085756387753,-226.183879975704));
#5107=CARTESIAN_POINT('',(14.0831124708998,6.59080314925815,-226.184269219166));
#5108=CARTESIAN_POINT('',(14.0803104851566,6.59074873463876,-226.184658462627));
#5109=CARTESIAN_POINT('',(14.0775084994135,6.59069432001937,-226.185047706089));
#5110=CARTESIAN_POINT('',(14.0854545756369,6.59084863297916,-226.183943860995));
#5111=CARTESIAN_POINT('',(14.0960102168802,6.53872881203221,-226.258609020294));
#5112=CARTESIAN_POINT('',(14.12647645284,6.42385550846581,-226.477971679075));
#5113=CARTESIAN_POINT('',(14.1953324627733,6.67057056210728,-227.028717526026));
#5114=CARTESIAN_POINT('',(14.1913545307866,7.27691234428296,-227.064273798943));
#5115=CARTESIAN_POINT('',(14.1648202907247,7.44348605032699,-226.880444620315));
#5116=CARTESIAN_POINT('',(14.1542646446808,7.4956058648426,-226.80577947099));
#5117=CARTESIAN_POINT('',(14.1581718502565,7.49563540562583,-226.805304045227));
#5118=CARTESIAN_POINT('',(14.1542629375441,7.49560584778833,-226.805779684718));
#5119=CARTESIAN_POINT('',(14.3768393937947,7.49782938372011,-226.777913845939));
#5120=CARTESIAN_POINT('',(14.7660280413597,7.62407345694979,-226.550348058875));
#5121=CARTESIAN_POINT('',(15.0600696612023,7.83662322242952,-226.220365803701));
#5122=CARTESIAN_POINT('',(15.0453727675895,7.96890882848791,-226.03751704784));
#5123=CARTESIAN_POINT('',(15.0453727675895,7.96890882848791,-226.03751704784));
#5124=CARTESIAN_POINT('',(15.0453727763095,7.96890875000003,-226.037517156328));
#5125=CARTESIAN_POINT('',(15.1367296551273,7.96758657104167,-226.030104308438));
#5126=CARTESIAN_POINT('',(15.3815400777201,7.93852704230701,-225.991797574243));
#5127=CARTESIAN_POINT('',(15.666144331131,7.51338637339371,-225.664404508322));
#5128=CARTESIAN_POINT('',(15.3203861207219,7.0973687392999,-225.388160092845));
#5129=CARTESIAN_POINT('',(15.0718693977164,7.07544897694374,-225.389882737257));
#5130=CARTESIAN_POINT('',(14.9805125189051,7.07677115590239,-225.397295585146));
#5131=CARTESIAN_POINT('',(-12.9306517459531,44.0519448801155,-163.160852576115));
#5132=CARTESIAN_POINT('',(-12.2433482860962,43.8330100251405,-164.650507096842));
#5133=CARTESIAN_POINT('',(-11.5157901564331,43.567137939984,-166.108947935378));
#5134=CARTESIAN_POINT('',(-10.0279391003562,42.9333529178891,-168.986150539222));
#5135=CARTESIAN_POINT('',(-9.26451454364513,42.5626290071487,-170.402209659923));
#5136=CARTESIAN_POINT('',(-6.94511752460505,41.3073304035191,-174.588752745639));
#5137=CARTESIAN_POINT('',(-5.35573478119422,40.2756966989772,-177.295277093098));
#5138=CARTESIAN_POINT('',(-2.30375707468451,37.782241533161,-182.570570496091));
#5139=CARTESIAN_POINT('',(-0.861298516472472,36.340852422084,-185.153976976891));
#5140=CARTESIAN_POINT('',(1.33947193940567,34.2576752411903,-189.055121257231));
#5141=CARTESIAN_POINT('',(2.08891568507617,33.5782247124333,-190.356182417173));
#5142=CARTESIAN_POINT('',(3.53290621095595,32.124848231862,-192.935719922621));
#5143=CARTESIAN_POINT('',(4.21617045566568,31.3410054946124,-194.213901948885));
#5144=CARTESIAN_POINT('',(6.11529461663485,28.851992884167,-198.029950751038));
#5145=CARTESIAN_POINT('',(7.19960883880276,27.0468192020739,-200.56055386971));
#5146=CARTESIAN_POINT('',(8.78969498805712,24.3355263482421,-204.368464643202));
#5147=CARTESIAN_POINT('',(9.31308083565216,23.4268793150042,-205.637837196353));
#5148=CARTESIAN_POINT('',(10.3497463945081,21.5946191058,-208.171214264153));
#5149=CARTESIAN_POINT('',(10.8634251346385,20.670613231258,-209.434827073968));
#5150=CARTESIAN_POINT('',(11.8428095055664,18.7903811751569,-211.956636403808));
#5151=CARTESIAN_POINT('',(12.3086878682408,17.8339393397633,-213.214872036586));
#5152=CARTESIAN_POINT('',(13.1353231890897,15.8847838474709,-215.736460050958));
#5153=CARTESIAN_POINT('',(13.4954158622654,14.8927157109372,-217.000188974172));
#5154=CARTESIAN_POINT('',(14.1038582945768,12.898713990701,-219.543941549146));
#5155=CARTESIAN_POINT('',(14.3519102861507,11.8972536623863,-220.824129316405));
#5156=CARTESIAN_POINT('',(14.7685466345307,9.91268796573768,-223.408949247085));
#5157=CARTESIAN_POINT('',(14.9388442641776,8.92774216766032,-224.712191797036));
#5158=CARTESIAN_POINT('',(15.0453728122545,7.9689084264875,-226.037517603496));
#5159=CARTESIAN_POINT('',(-12.9820100717994,44.4063599509662,-163.239571851802));
#5160=CARTESIAN_POINT('',(-12.2836987752142,44.1878458506544,-164.734525965721));
#5161=CARTESIAN_POINT('',(-11.5443092330509,43.9224927004299,-166.195763563715));
#5162=CARTESIAN_POINT('',(-10.0302292809889,43.2881782865978,-169.079536885346));
#5163=CARTESIAN_POINT('',(-9.25330557427863,42.9167845088577,-170.497552258455));
#5164=CARTESIAN_POINT('',(-6.89206171655569,41.6575815998659,-174.68746309584));
#5165=CARTESIAN_POINT('',(-5.27174545295009,40.6200028790858,-177.394705986498));
#5166=CARTESIAN_POINT('',(-2.15845262229122,38.1066451390523,-182.666152787106));
#5167=CARTESIAN_POINT('',(-0.689557557568503,36.6549281651636,-185.238665791115));
#5168=CARTESIAN_POINT('',(1.53885783429957,34.5613445043708,-189.106998593432));
#5169=CARTESIAN_POINT('',(2.29849860109083,33.8764299252892,-190.39972997513));
#5170=CARTESIAN_POINT('',(3.7700639917187,32.4018044370511,-192.978136722471));
#5171=CARTESIAN_POINT('',(4.4667164875282,31.6057655288858,-194.256672100298));
#5172=CARTESIAN_POINT('',(6.39945613472826,29.082939068979,-198.067161781173));
#5173=CARTESIAN_POINT('',(7.49921501708934,27.2578272440743,-200.587967482731));
#5174=CARTESIAN_POINT('',(9.10600915932353,24.521243795481,-204.375367445733));
#5175=CARTESIAN_POINT('',(9.63432947305317,23.6040196438568,-205.638110311607));
#5176=CARTESIAN_POINT('',(10.6796187440696,21.7546159488764,-208.15838067843));
#5177=CARTESIAN_POINT('',(11.1974911177994,20.821138213921,-209.416761814266));
#5178=CARTESIAN_POINT('',(12.1849751550833,18.9201299106461,-211.930710759259));
#5179=CARTESIAN_POINT('',(12.654893953347,17.9521328089963,-213.186634415367));
#5180=CARTESIAN_POINT('',(13.4892095904106,15.9771861956647,-215.707272155997));
#5181=CARTESIAN_POINT('',(13.8523925545017,14.9721865116454,-216.970695933472));
#5182=CARTESIAN_POINT('',(14.465640910431,12.9522941609163,-219.514610496589));
#5183=CARTESIAN_POINT('',(14.71518806495,11.9386166042629,-220.794347052324));
#5184=CARTESIAN_POINT('',(15.1334040088577,9.93202188093824,-223.376178588768));
#5185=CARTESIAN_POINT('',(15.3042253234812,8.93499405815813,-224.679757414439));
#5186=CARTESIAN_POINT('',(15.4108002909589,7.96362008016967,-226.007865695811));
#5187=CARTESIAN_POINT('',(-12.7991528495423,44.9085653008277,-163.232682201352));
#5188=CARTESIAN_POINT('',(-12.0881375809689,44.6854442950391,-164.728893500693));
#5189=CARTESIAN_POINT('',(-11.3342114139352,44.4142498876982,-166.190114374152));
#5190=CARTESIAN_POINT('',(-9.78854990179283,43.7652174854141,-169.074759993538));
#5191=CARTESIAN_POINT('',(-8.99566932530448,43.3854406642991,-170.491522492938));
#5192=CARTESIAN_POINT('',(-6.58614038749402,42.0973226526527,-174.674728835584));
#5193=CARTESIAN_POINT('',(-4.93157424827925,41.0343460823783,-177.375847207678));
#5194=CARTESIAN_POINT('',(-1.75479832608827,38.4582025049923,-182.631181090572));
#5195=CARTESIAN_POINT('',(-0.261680437661545,36.9737505327051,-185.185799655315));
#5196=CARTESIAN_POINT('',(1.98419286855061,34.8403312474317,-189.007027208347));
#5197=CARTESIAN_POINT('',(2.75025394631822,34.1401536216006,-190.287332270984));
#5198=CARTESIAN_POINT('',(4.24300213630743,32.6229045607888,-192.861044576771));
#5199=CARTESIAN_POINT('',(4.94946107327232,31.8039433534503,-194.138821722752));
#5200=CARTESIAN_POINT('',(6.90293521517924,29.2172427483534,-197.939843319327));
#5201=CARTESIAN_POINT('',(8.00707010215386,27.3549003513497,-200.447904742877));
#5202=CARTESIAN_POINT('',(9.61167156940065,24.5720898103913,-204.208842883661));
#5203=CARTESIAN_POINT('',(10.1383574452384,23.63988573322,-205.463041567853));
#5204=CARTESIAN_POINT('',(11.1787338137284,21.7615982371476,-207.966508239006));
#5205=CARTESIAN_POINT('',(11.6939577917255,20.8130845817301,-209.218187567306));
#5206=CARTESIAN_POINT('',(12.6758775720436,18.8804805958728,-211.722339696637));
#5207=CARTESIAN_POINT('',(13.1430468212869,17.8956101855304,-212.975564141108));
#5208=CARTESIAN_POINT('',(13.9716431654761,15.8839995716896,-215.496054760933));
#5209=CARTESIAN_POINT('',(14.3311697418723,14.8608378339047,-216.7599478437));
#5210=CARTESIAN_POINT('',(14.93574666507,12.8048420465456,-219.306525576507));
#5211=CARTESIAN_POINT('',(15.1800037485138,11.7741489732327,-220.587309329724));
#5212=CARTESIAN_POINT('',(15.5862339923877,9.73673421136495,-223.169356031648));
#5213=CARTESIAN_POINT('',(15.7509190905039,8.72306575549622,-224.475697722484));
#5214=CARTESIAN_POINT('',(15.8513695728411,7.733975248971,-225.810745418413));
#5215=CARTESIAN_POINT('',(-12.3050425904123,45.0269383234241,-163.022104711235));
#5216=CARTESIAN_POINT('',(-11.5961484501524,44.7935555879386,-164.507586774937));
#5217=CARTESIAN_POINT('',(-10.8427180838711,44.5093773611919,-165.961776924108));
#5218=CARTESIAN_POINT('',(-9.29946569210702,43.8322324612033,-168.831740344687));
#5219=CARTESIAN_POINT('',(-8.508419250534,43.437364221061,-170.241106465351));
#5220=CARTESIAN_POINT('',(-6.10693724997102,42.1011767670569,-174.402484440023));
#5221=CARTESIAN_POINT('',(-4.4612051587793,41.002267038345,-177.089557416156));
#5222=CARTESIAN_POINT('',(-1.31075086543409,38.3503082224912,-182.32228197035));
#5223=CARTESIAN_POINT('',(0.164721404223096,36.8262059104138,-184.868345348653));
#5224=CARTESIAN_POINT('',(2.3763982001527,34.63913157544,-188.677391097428));
#5225=CARTESIAN_POINT('',(3.12980734718522,33.9220879818626,-189.953667967505));
#5226=CARTESIAN_POINT('',(4.59598397312909,32.372714295513,-192.520818286041));
#5227=CARTESIAN_POINT('',(5.28858516532153,31.5383989167009,-193.796195588875));
#5228=CARTESIAN_POINT('',(7.19948958041302,28.9084846454628,-197.5921788208));
#5229=CARTESIAN_POINT('',(8.27376482635889,27.0215264610891,-200.099245230795));
#5230=CARTESIAN_POINT('',(9.83221096149265,24.20948822202,-203.858536753101));
#5231=CARTESIAN_POINT('',(10.343291796002,23.268767089967,-205.112221292194));
#5232=CARTESIAN_POINT('',(11.3522830792463,21.3755707058465,-207.614847324479));
#5233=CARTESIAN_POINT('',(11.8517261816916,20.4206648606673,-208.866202222467));
#5234=CARTESIAN_POINT('',(12.8022682821557,18.4768101276263,-211.370411682938));
#5235=CARTESIAN_POINT('',(13.2538373445061,17.4870812651145,-212.624017645484));
#5236=CARTESIAN_POINT('',(14.0517943122003,15.4666204536566,-215.146589708361));
#5237=CARTESIAN_POINT('',(14.3962823861083,14.439463476201,-216.412184265725));
#5238=CARTESIAN_POINT('',(14.9715016346276,12.3759873927174,-218.963683367916));
#5239=CARTESIAN_POINT('',(15.2014406686232,11.3418063562092,-220.24768954451));
#5240=CARTESIAN_POINT('',(15.57975052365,9.29782408448809,-222.837637563418));
#5241=CARTESIAN_POINT('',(15.7308565960105,8.28107302100846,-224.14865946806));
#5242=CARTESIAN_POINT('',(15.8189394398717,7.28790645230196,-225.490634632781));
#5243=CARTESIAN_POINT('',(-11.9937895535394,44.643105996159,-162.818416871568));
#5244=CARTESIAN_POINT('',(-11.2997153570071,44.4040763186799,-164.291911013516));
#5245=CARTESIAN_POINT('',(-10.5613225728794,44.1127476474213,-165.739088663619));
#5246=CARTESIAN_POINT('',(-9.05206086166066,43.4222082381721,-168.593497587652));
#5247=CARTESIAN_POINT('',(-8.27880542470789,43.0206316224059,-169.996720203232));
#5248=CARTESIAN_POINT('',(-5.9336554415692,41.6652898286251,-174.142974304813));
#5249=CARTESIAN_POINT('',(-4.33100727402666,40.5558447910712,-176.822126403454));
#5250=CARTESIAN_POINT('',(-1.27035770090643,37.8908565739981,-182.048354546661));
#5251=CARTESIAN_POINT('',(0.163246126207903,36.3598389205317,-184.603757177868));
#5252=CARTESIAN_POINT('',(2.32326849750011,34.1589451604119,-188.447726371554));
#5253=CARTESIAN_POINT('',(3.05760540286729,33.4402986457865,-189.732401368141));
#5254=CARTESIAN_POINT('',(4.47602766531965,31.9014239065261,-192.297684141041));
#5255=CARTESIAN_POINT('',(5.1449646716132,31.0746766553928,-193.571419832552));
#5256=CARTESIAN_POINT('',(6.9925648652227,28.4654228631859,-197.371832784103));
#5257=CARTESIAN_POINT('',(8.0326044654798,26.5910794635862,-199.890648458598));
#5258=CARTESIAN_POINT('',(9.54708794351729,23.7960406187218,-203.674755184598));
#5259=CARTESIAN_POINT('',(10.0441981745865,22.8617823573593,-204.936469760295));
#5260=CARTESIAN_POINT('',(11.0267172750994,20.9825608862657,-207.455058849372));
#5261=CARTESIAN_POINT('',(11.513027897751,20.0362987717598,-208.712791124616));
#5262=CARTESIAN_POINT('',(12.4377565752881,18.1127889741888,-211.226854731833));
#5263=CARTESIAN_POINT('',(12.8764749997753,17.1350749682108,-212.48354142404));
#5264=CARTESIAN_POINT('',(13.6495118838691,15.1424279595524,-215.008342050931));
#5265=CARTESIAN_POINT('',(13.9826178429626,14.1294377962745,-216.275168777464));
#5266=CARTESIAN_POINT('',(14.537150849557,12.0945848532235,-218.828926079466));
#5267=CARTESIAN_POINT('',(14.7580619051675,11.0739313702349,-220.11510748188));
#5268=CARTESIAN_POINT('',(15.1204370713837,9.05420162716582,-222.712741652322));
#5269=CARTESIAN_POINT('',(15.264094964492,8.0510058784959,-224.025679278174));
#5270=CARTESIAN_POINT('',(15.3459400249645,7.07148248680351,-225.36764412453));
#5271=CARTESIAN_POINT('',(-11.942431227693,44.2886909253083,-162.739697595882));
#5272=CARTESIAN_POINT('',(-11.2593606406928,44.0492468587461,-164.207890927817));
#5273=CARTESIAN_POINT('',(-10.5328034962405,43.7573928869734,-165.65227303528));
#5274=CARTESIAN_POINT('',(-9.04977068104899,43.0673828694655,-168.500111241531));
#5275=CARTESIAN_POINT('',(-8.2900143940741,42.6664761207058,-169.901377604686));
#5276=CARTESIAN_POINT('',(-5.98671124961914,41.3150386322607,-174.044263954642));
#5277=CARTESIAN_POINT('',(-4.41499660231213,40.2115386109261,-176.722697510153));
#5278=CARTESIAN_POINT('',(-1.41566215325833,37.5664529681434,-181.952772255547));
#5279=CARTESIAN_POINT('',(-0.00849483269685369,36.0457631774315,-184.519068363687));
#5280=CARTESIAN_POINT('',(2.1238826026066,33.8552758972417,-188.395849035332));
#5281=CARTESIAN_POINT('',(2.84802248688012,33.1420934329102,-189.688853810162));
#5282=CARTESIAN_POINT('',(4.23886988452941,31.6244677013575,-192.255267341213));
#5283=CARTESIAN_POINT('',(4.89441863974641,30.8099166211229,-193.528649681142));
#5284=CARTESIAN_POINT('',(6.70840334713788,28.234476678367,-197.334621753961));
#5285=CARTESIAN_POINT('',(7.73299828717494,26.3800714216118,-199.8632348456));
#5286=CARTESIAN_POINT('',(9.23077377226,23.6103231714699,-203.667852382055));
#5287=CARTESIAN_POINT('',(9.72294953718786,22.6846420284982,-204.936196645062));
#5288=CARTESIAN_POINT('',(10.6968449255355,20.8225640431978,-207.467892435072));
#5289=CARTESIAN_POINT('',(11.1789619145884,19.8857737890996,-208.730856384291));
#5290=CARTESIAN_POINT('',(12.0955909257729,17.9830402386967,-211.252780376409));
#5291=CARTESIAN_POINT('',(12.5302689146688,17.0168814989717,-212.511779045254));
#5292=CARTESIAN_POINT('',(13.2956254825486,15.0500256113647,-215.037529945897));
#5293=CARTESIAN_POINT('',(13.6256411507245,14.0499669955763,-216.304661818143));
#5294=CARTESIAN_POINT('',(14.1753682337048,12.0410046829983,-218.858257132044));
#5295=CARTESIAN_POINT('',(14.3947841263613,11.0325684283753,-220.144889745946));
#5296=CARTESIAN_POINT('',(14.7555796970635,9.03486771194826,-222.745512310654));
#5297=CARTESIAN_POINT('',(14.8987095641279,8.04375176253244,-224.058112336047));
#5298=CARTESIAN_POINT('',(14.9805125462151,7.07677083309828,-225.397296032201));
#5299=CARTESIAN_POINT('',(-12.9306517459531,44.0519448801155,-163.160852576115));
#5300=CARTESIAN_POINT('',(-12.9503629265186,44.1879683844174,-163.191064812038));
#5301=CARTESIAN_POINT('',(-12.9040430745852,44.5710240723351,-163.228968147906));
#5302=CARTESIAN_POINT('',(-12.3472206962731,44.7713973128849,-163.00204386762));
#5303=CARTESIAN_POINT('',(-12.1354094085386,44.6386181528437,-162.88333410245));
#5304=CARTESIAN_POINT('',(-12.0681470044203,44.5636984723811,-162.840560762677));
#5305=CARTESIAN_POINT('',(-12.9306517459531,44.0519448801155,-163.160852576115));
#5306=CARTESIAN_POINT('',(15.0453728073041,7.96890847104469,-226.037517541908));
#5307=CARTESIAN_POINT('',(14.8323150173009,9.88658216459051,-223.386857347305));
#5308=CARTESIAN_POINT('',(14.026269970236,13.9257353717934,-218.240775890652));
#5309=CARTESIAN_POINT('',(11.4573884200156,19.804396552795,-210.709320410984));
#5310=CARTESIAN_POINT('',(8.26285732754463,25.2397056820297,-203.096273823579));
#5311=CARTESIAN_POINT('',(5.58477555943463,29.7670841151111,-196.766463178689));
#5312=CARTESIAN_POINT('',(2.84245816917995,32.9053242868677,-191.658846297201));
#5313=CARTESIAN_POINT('',(-0.152263299883734,35.6132884213701,-186.448021398126));
#5314=CARTESIAN_POINT('',(-3.75373729741654,39.2348379622328,-179.994597231749));
#5315=CARTESIAN_POINT('',(-8.53156979338105,42.3454940694427,-171.880427012926));
#5316=CARTESIAN_POINT('',(-11.556045124398,43.6140752651415,-166.140160971342));
#5317=CARTESIAN_POINT('',(-12.9306517459531,44.0519448801155,-163.160852576115));
#5318=CARTESIAN_POINT('',(-12.0633605555985,44.5582851696139,-162.83750366948));
#5319=CARTESIAN_POINT('',(-12.0674762123238,44.5596969129438,-162.828740926545));
#5320=CARTESIAN_POINT('',(-12.0715910578697,44.5611090256201,-162.819976726883));
#5321=CARTESIAN_POINT('',(-12.0841078493057,44.5654064838502,-162.793307557195));
#5322=CARTESIAN_POINT('',(-12.0925055621616,44.5682926107903,-162.775401577939));
#5323=CARTESIAN_POINT('',(-12.1010369633593,44.571227648966,-162.75719702252));
#5324=CARTESIAN_POINT('',(-12.1011755721887,44.5712753350369,-162.756901251285));
#5325=CARTESIAN_POINT('',(-12.1013141795774,44.5713230214089,-162.756605479497));
#5326=CARTESIAN_POINT('',(-12.2775607747441,44.8042478267339,-162.97486137121));
#5327=CARTESIAN_POINT('',(-12.2817149218664,44.8056297590743,-162.966091981471));
#5328=CARTESIAN_POINT('',(-12.2858686854561,44.8070122287756,-162.957320151201));
#5329=CARTESIAN_POINT('',(-12.2985023806399,44.811219054348,-162.930630810772));
#5330=CARTESIAN_POINT('',(-12.3069777675377,44.814044172216,-162.912712735248));
#5331=CARTESIAN_POINT('',(-12.3155883891289,44.8169173975966,-162.894494997468));
#5332=CARTESIAN_POINT('',(-12.3157282850307,44.8169640794127,-162.894199012032));
#5333=CARTESIAN_POINT('',(-12.3158681794648,44.817010761552,-162.893903026015));
#5334=CARTESIAN_POINT('',(-12.6222643983213,44.8516282502411,-163.141906175544));
#5335=CARTESIAN_POINT('',(-12.6264410480839,44.8529657994006,-163.133102936212));
#5336=CARTESIAN_POINT('',(-12.63061750827,44.8543039859568,-163.124296801609));
#5337=CARTESIAN_POINT('',(-12.6433196208683,44.8583759677408,-163.097504328018));
#5338=CARTESIAN_POINT('',(-12.6518406116467,44.8611106128374,-163.079517541053));
#5339=CARTESIAN_POINT('',(-12.6604977303659,44.8638920921085,-163.061229468113));
#5340=CARTESIAN_POINT('',(-12.6606383817046,44.8639372833642,-163.060932339897));
#5341=CARTESIAN_POINT('',(-12.6607790315707,44.8639824749879,-163.060635211062));
#5342=CARTESIAN_POINT('',(-12.8897272663052,44.6085398566585,-163.228149540515));
#5343=CARTESIAN_POINT('',(-12.8938897026007,44.6098458498651,-163.219301441332));
#5344=CARTESIAN_POINT('',(-12.8980516994563,44.6111524248612,-163.210450999303));
#5345=CARTESIAN_POINT('',(-12.9107107511366,44.6151286194047,-163.183521740385));
#5346=CARTESIAN_POINT('',(-12.9192033607979,44.6177992544315,-163.165442086657));
#5347=CARTESIAN_POINT('',(-12.9278315102534,44.6205157517341,-163.147059986735));
#5348=CARTESIAN_POINT('',(-12.9279716909532,44.6205598872658,-163.146761330829));
#5349=CARTESIAN_POINT('',(-12.9281118702071,44.6206040232081,-163.146462674278));
#5350=CARTESIAN_POINT('',(-12.9650821356337,44.289541284322,-163.213624588402));
#5351=CARTESIAN_POINT('',(-12.9692122136055,44.2908409647553,-163.204747204071));
#5352=CARTESIAN_POINT('',(-12.9733414251582,44.2921410959772,-163.195868444346));
#5353=CARTESIAN_POINT('',(-12.9859022779566,44.2960982174658,-163.168849836668));
#5354=CARTESIAN_POINT('',(-12.9943298109224,44.2987563590468,-163.150708613422));
#5355=CARTESIAN_POINT('',(-13.0028915710728,44.3014601035044,-163.132264706312));
#5356=CARTESIAN_POINT('',(-13.003030673176,44.3015040318585,-163.131965046216));
#5357=CARTESIAN_POINT('',(-13.0031697738682,44.3015479606421,-163.13166538547));
#5358=CARTESIAN_POINT('',(-12.9306522475272,44.051945039889,-163.160851489009));
#5359=CARTESIAN_POINT('',(-12.9347537195616,44.0532515497716,-163.151962011094));
#5360=CARTESIAN_POINT('',(-12.9388539780745,44.0545583929469,-163.143071959557));
#5361=CARTESIAN_POINT('',(-12.9513279932139,44.0585363394802,-163.116016421529));
#5362=CARTESIAN_POINT('',(-12.9596979115638,44.0612086681232,-163.097849150198));
#5363=CARTESIAN_POINT('',(-12.9682009017695,44.063926740234,-163.07937944011));
#5364=CARTESIAN_POINT('',(-12.9683390490593,44.0639709013724,-163.079079360799));
#5365=CARTESIAN_POINT('',(-12.9684771949643,44.0640150629422,-163.078779280844));
#5366=CARTESIAN_POINT('',(-12.5284108815363,44.7054249034638,-163.042955144746));
#5367=CARTESIAN_POINT('',(-12.4347011150871,44.728590936848,-163.002325755206));
#5368=CARTESIAN_POINT('',(-12.2268326866893,44.7238875843535,-162.894783648749));
#5369=CARTESIAN_POINT('',(-12.0960127766554,44.5759613293328,-162.791071475961));
#5370=CARTESIAN_POINT('',(-12.5284108815364,44.7054249034638,-163.042955144746));
#5371=CARTESIAN_POINT('',(-12.9306522475272,44.051945039889,-163.160851489009));
#5372=CARTESIAN_POINT('',(-12.9431336567386,44.0559209500859,-163.13379944267));
#5373=CARTESIAN_POINT('',(-12.9556038279344,44.0598999503354,-163.106742085022));
#5374=CARTESIAN_POINT('',(-12.9680627530949,44.063882579527,-163.079679518778));
#5375=CARTESIAN_POINT('',(-12.9494527816692,44.2745141339273,-163.131400726065));
#5376=CARTESIAN_POINT('',(-12.8887850925175,44.4980667198844,-163.165668450649));
#5377=CARTESIAN_POINT('',(-12.6633925558136,44.6720560232388,-163.101478639497));
#5378=CARTESIAN_POINT('',(-12.5284108815363,44.7054249034638,-163.042955144746));
#5379=CARTESIAN_POINT('',(14.1581718502565,7.49563540562585,-226.805304045227));
#5380=CARTESIAN_POINT('',(11.6899262580842,7.48207145807651,-227.098276213199));
#5381=CARTESIAN_POINT('',(9.21780285672361,7.41764803459338,-227.360298839969));
#5382=CARTESIAN_POINT('',(6.7275568250054,7.29654496183854,-227.594934575175));
#5383=CARTESIAN_POINT('',(6.70957787233341,7.29566768684785,-227.596627057122));
#5384=CARTESIAN_POINT('',(6.69159891421393,7.29478746600257,-227.598318017506));
#5385=CARTESIAN_POINT('',(14.1978017079098,7.28710697600021,-227.104285337057));
#5386=CARTESIAN_POINT('',(11.7308506502116,7.28460535376468,-227.404801635595));
#5387=CARTESIAN_POINT('',(9.25943234094063,7.23220263325924,-227.674193592984));
#5388=CARTESIAN_POINT('',(6.76938879668817,7.1239143713775,-227.915704306996));
#5389=CARTESIAN_POINT('',(6.75141126531459,7.12312965159126,-227.917446397261));
#5390=CARTESIAN_POINT('',(6.73343369526168,7.12234202175008,-227.919186937843));
#5391=CARTESIAN_POINT('',(14.2301280970723,6.80026615855749,-227.322540846678));
#5392=CARTESIAN_POINT('',(11.770142832481,6.80590096212005,-227.640174946251));
#5393=CARTESIAN_POINT('',(9.30523122515693,6.76311130021452,-227.927206867023));
#5394=CARTESIAN_POINT('',(6.82121523455324,6.66594284016766,-228.186389670479));
#5395=CARTESIAN_POINT('',(6.80328117535132,6.66523847595447,-228.188259345053));
#5396=CARTESIAN_POINT('',(6.78534704134802,6.66453127551578,-228.190127465072));
#5397=CARTESIAN_POINT('',(14.195706231264,6.34790559773626,-227.011598636344));
#5398=CARTESIAN_POINT('',(11.7464162225871,6.34215779876553,-227.344608337581));
#5399=CARTESIAN_POINT('',(9.29275528306635,6.28854213728947,-227.648496532933));
#5400=CARTESIAN_POINT('',(6.82028818107628,6.18157625390184,-227.925836067888));
#5401=CARTESIAN_POINT('',(6.80243751297096,6.18080121240446,-227.927836890069));
#5402=CARTESIAN_POINT('',(6.78458678089933,6.18002339251256,-227.929836218077));
#5403=CARTESIAN_POINT('',(14.1289579762934,6.3823858543577,-226.482400916388));
#5404=CARTESIAN_POINT('',(11.683397446068,6.35711878892407,-226.813668643737));
#5405=CARTESIAN_POINT('',(9.23448045677688,6.28306430707444,-227.116772924683));
#5406=CARTESIAN_POINT('',(6.76753468973414,6.15518119884831,-227.394597101815));
#5407=CARTESIAN_POINT('',(6.74972394051739,6.15425512463871,-227.396601487015));
#5408=CARTESIAN_POINT('',(6.7319131742631,6.15332625614761,-227.398604443077));
#5409=CARTESIAN_POINT('',(14.0893281186401,6.59091428398337,-226.183419624558));
#5410=CARTESIAN_POINT('',(11.6424730666858,6.55458470165358,-226.507143400687));
#5411=CARTESIAN_POINT('',(9.19285097257319,6.46850970812071,-226.802878171584));
#5412=CARTESIAN_POINT('',(6.72570271805131,6.32781178931142,-227.073827369995));
#5413=CARTESIAN_POINT('',(6.70789054750706,6.32679316001482,-227.075782146654));
#5414=CARTESIAN_POINT('',(6.69007839313445,6.3257717007272,-227.07773552212));
#5415=CARTESIAN_POINT('',(6.74553577019272,7.29741929532983,-227.593240564636));
#5416=CARTESIAN_POINT('',(9.21780285670958,7.41764803459302,-227.360298839971));
#5417=CARTESIAN_POINT('',(11.6899262580772,7.48207145807647,-227.0982762132));
#5418=CARTESIAN_POINT('',(14.1581718502565,7.49563540562585,-226.805304045227));
#5419=CARTESIAN_POINT('',(-12.1870906709583,51.4710560898046,-166.48232314812));
#5420=CARTESIAN_POINT('',(-12.0840090597291,46.8380201154635,-164.096611803951));
#5421=CARTESIAN_POINT('',(-11.9856365771124,42.200696041033,-161.718876229514));
#5422=CARTESIAN_POINT('',(-11.8967363338563,37.5613919193253,-159.34463204197));
#5423=CARTESIAN_POINT('',(-7.81917623622208,46.1771124442481,-171.038531524406));
#5424=CARTESIAN_POINT('',(-8.33643932909839,42.1088701206911,-169.182173833809));
#5425=CARTESIAN_POINT('',(-8.860042730937,38.0363645856288,-167.3351382411));
#5426=CARTESIAN_POINT('',(-9.39539886855927,33.9633598867348,-165.491424526073));
#5427=CARTESIAN_POINT('',(-1.9810510123458,38.4831978777864,-180.224327917474));
#5428=CARTESIAN_POINT('',(-3.41050680982339,35.2376127732644,-179.138572098797));
#5429=CARTESIAN_POINT('',(-4.84906520657052,31.9927442537882,-178.061889245027));
#5430=CARTESIAN_POINT('',(-6.29926197258831,28.7531378089437,-176.986230512012));
#5431=CARTESIAN_POINT('',(4.45868117221078,29.087087749062,-194.607822560503));
#5432=CARTESIAN_POINT('',(2.06617012122346,26.7208628013042,-194.317373097922));
#5433=CARTESIAN_POINT('',(-0.330551106577718,24.35885826794,-194.032678536072));
#5434=CARTESIAN_POINT('',(-2.73272375244632,22.0028934138955,-193.749163557953));
#5435=CARTESIAN_POINT('',(10.7444632027782,19.9464663726041,-209.070331364472));
#5436=CARTESIAN_POINT('',(7.54835143471654,18.3159710382828,-209.444499561879));
#5437=CARTESIAN_POINT('',(4.3512087022255,16.6889668064662,-209.823350862148));
#5438=CARTESIAN_POINT('',(1.15182559481179,15.0670867619371,-210.204298179704));
#5439=CARTESIAN_POINT('',(15.9945012095107,12.8523658851129,-218.590619754146));
#5440=CARTESIAN_POINT('',(12.1977629365591,11.7654683624504,-219.472035464664));
#5441=CARTESIAN_POINT('',(8.40144088748015,10.6819974381935,-220.35960795693));
#5442=CARTESIAN_POINT('',(4.6041132241031,9.60465370548112,-221.25053487309));
#5443=CARTESIAN_POINT('',(19.6815098350714,8.16371688831344,-223.648973182941));
#5444=CARTESIAN_POINT('',(15.4107585620397,7.50649952364869,-224.930433960833));
#5445=CARTESIAN_POINT('',(11.1415549939809,6.85253768205777,-226.218891005368));
#5446=CARTESIAN_POINT('',(6.87252654399446,6.20538713413475,-227.511354383821));
#5447=CARTESIAN_POINT('',(13.521295532287,7.49437959020741,-225.102800658649));
#5448=CARTESIAN_POINT('',(11.2369081393447,7.41111239210015,-225.376207716046));
#5449=CARTESIAN_POINT('',(8.95129028182167,7.28476846152165,-225.622388457635));
#5450=CARTESIAN_POINT('',(6.66653857260524,7.11327750801511,-225.838911542708));
#5451=CARTESIAN_POINT('',(-17.0183342181083,61.6656700832743,-166.976925368034));
#5452=CARTESIAN_POINT('',(-14.1208337252944,34.9355986923885,-151.90669014057));
#5453=CARTESIAN_POINT('',(-16.7234979057702,61.3267382211464,-167.197902341577));
#5454=CARTESIAN_POINT('',(-14.0144685463975,34.7693514355091,-152.286729480359));
#5455=CARTESIAN_POINT('',(-16.4286615934321,60.9878063590185,-167.41887931512));
#5456=CARTESIAN_POINT('',(-13.9081033675007,34.6031041786297,-152.666768820149));
#5457=CARTESIAN_POINT('',(-14.8664335616933,59.191932398763,-168.58975416327));
#5458=CARTESIAN_POINT('',(-13.3445138192666,33.7222217566612,-154.680456025346));
#5459=CARTESIAN_POINT('',(-13.3042055299545,57.3960584385073,-169.760629011419));
#5460=CARTESIAN_POINT('',(-12.7809242710327,32.8413393346929,-156.694143230542));
#5461=CARTESIAN_POINT('',(-0.0640117224778997,42.1092403313687,-180.137697265162));
#5462=CARTESIAN_POINT('',(-8.05154826787403,25.352464530844,-174.254013401637));
#5463=CARTESIAN_POINT('',(7.09966046133732,32.3899683980519,-195.643115364101));
#5464=CARTESIAN_POINT('',(-6.52082061689675,20.7943161355457,-194.513419392347));
#5465=CARTESIAN_POINT('',(14.593999227216,22.1970236138829,-212.035274016822));
#5466=CARTESIAN_POINT('',(-2.03750754069425,13.3601905568504,-213.446767575179));
#5467=CARTESIAN_POINT('',(26.8523853079563,7.63907282093254,-224.406760511556));
#5468=CARTESIAN_POINT('',(3.19136174440465,5.24295729331689,-231.750895077944));
#5469=CARTESIAN_POINT('',(28.6180607983868,5.5548804642026,-226.101936498384));
#5470=CARTESIAN_POINT('',(3.93187088369196,4.09806234213109,-234.311271918778));
#5471=CARTESIAN_POINT('',(30.3837362888174,3.47068810747247,-227.797112485212));
#5472=CARTESIAN_POINT('',(4.67238002297927,2.95316739094532,-236.871648759613));
#5473=CARTESIAN_POINT('',(-12.7498291533356,42.7041516302515,-162.577064767162));
#5474=CARTESIAN_POINT('',(-12.7133279831342,42.6914284975916,-162.660788272519));
#5475=CARTESIAN_POINT('',(-12.6767194117264,42.6786069597564,-162.744421135401));
#5476=CARTESIAN_POINT('',(-12.6400074751202,42.6656907146939,-162.827966762043));
#5477=CARTESIAN_POINT('',(-12.6400074751202,42.6656907146938,-162.827966762043));
#5478=CARTESIAN_POINT('',(13.5557735982455,8.23303271143156,-225.615833629786));
#5479=CARTESIAN_POINT('',(13.3208708998888,10.0740317678136,-222.980991846725));
#5480=CARTESIAN_POINT('',(12.5023773370791,13.9203897677752,-217.85132923517));
#5481=CARTESIAN_POINT('',(9.96862751933995,19.4534492819265,-210.32321160117));
#5482=CARTESIAN_POINT('',(7.47085612291288,23.7459880506633,-203.97718453754));
#5483=CARTESIAN_POINT('',(5.45897095795419,27.1437512953506,-198.883452199208));
#5484=CARTESIAN_POINT('',(3.83088155951564,29.6292532747236,-195.066288173744));
#5485=CARTESIAN_POINT('',(1.9016639435205,31.8275620117915,-191.21231842962));
#5486=CARTESIAN_POINT('',(-0.852210266765542,34.4103271009171,-185.987514949829));
#5487=CARTESIAN_POINT('',(-4.15016909564748,37.9013889638222,-179.507691693083));
#5488=CARTESIAN_POINT('',(-8.55039940909549,40.9486145085062,-171.428594102003));
#5489=CARTESIAN_POINT('',(-11.3569124111148,42.218297514214,-165.750102036311));
#5490=CARTESIAN_POINT('',(-12.6400074751202,42.6656907146938,-162.827966762043));
#5491=CARTESIAN_POINT('',(13.5557735982455,8.23303271143158,-225.615833629786));
#5492=CARTESIAN_POINT('',(6.59597515119006,7.89790063699612,-226.277273619602));
#5493=CARTESIAN_POINT('',(8.91616615736074,8.05625785327205,-226.087853753872));
#5494=CARTESIAN_POINT('',(11.2369642922042,8.16701211091795,-225.866722734532));
#5495=CARTESIAN_POINT('',(13.5557735982455,8.23303271143159,-225.615833629786));
#5496=CARTESIAN_POINT('',(6.59597515119005,7.89790063699612,-226.277273619602));
#5497=CARTESIAN_POINT('',(6.59597515119005,7.89790063699613,-226.277273619602));
#5498=CARTESIAN_POINT('',(6.58567673352949,7.89719766513751,-226.278114537083));
#5499=CARTESIAN_POINT('',(6.57537922782437,7.89649385770973,-226.278954684909));
#5500=CARTESIAN_POINT('',(6.56508263391217,7.89578921486172,-226.279794063216));
#5501=CARTESIAN_POINT('',(6.56300761500912,7.98342755557687,-226.327910749856));
#5502=CARTESIAN_POINT('',(6.57331397636546,7.98412488934486,-226.327085105314));
#5503=CARTESIAN_POINT('',(6.58362039049069,7.9848212388241,-226.326258914859));
#5504=CARTESIAN_POINT('',(6.59392685737523,7.98551660411353,-226.325432178536));
#5505=CARTESIAN_POINT('',(6.56508263391216,7.89578921486177,-226.279794063216));
#5506=CARTESIAN_POINT('',(6.57538008650484,7.89649400270006,-226.278954457858));
#5507=CARTESIAN_POINT('',(6.58567759226571,7.89719781004727,-226.27811430997));
#5508=CARTESIAN_POINT('',(6.59597515119004,7.89790063699616,-226.277273619602));
#5509=CARTESIAN_POINT('',(6.59597515119004,7.89790063699616,-226.277273619602));
#5510=CARTESIAN_POINT('',(6.5952923865851,7.92710595936862,-226.29332647258));
#5511=CARTESIAN_POINT('',(6.59460962198016,7.95631128174107,-226.309379325558));
#5512=CARTESIAN_POINT('',(6.59392685737523,7.98551660411353,-226.325432178536));
#5513=CARTESIAN_POINT('',(6.5939268573752,7.98551660411353,-226.325432178536));
#5514=CARTESIAN_POINT('',(6.56300761500914,7.98342755557685,-226.327910749856));
#5515=CARTESIAN_POINT('',(6.57331400602525,7.98412489135162,-226.327085102938));
#5516=CARTESIAN_POINT('',(6.5836204202212,7.98482124082998,-226.326258912474));
#5517=CARTESIAN_POINT('',(6.59392685737523,7.98551660411352,-226.325432178536));
#5518=CARTESIAN_POINT('',(6.56300761500912,7.98342755557687,-226.327910749856));
#5519=CARTESIAN_POINT('',(6.56300761500912,7.98342755557687,-226.327910749856));
#5520=CARTESIAN_POINT('',(6.5636992879768,7.9542147753385,-226.31187185431));
#5521=CARTESIAN_POINT('',(6.56439096094448,7.92500199510012,-226.295832958763));
#5522=CARTESIAN_POINT('',(6.56508263391216,7.89578921486175,-226.279794063216));
#5523=CARTESIAN_POINT('',(6.59391430692439,7.98605345086843,-226.325727259067));
#5524=CARTESIAN_POINT('',(8.9161155979537,8.14271853323612,-226.139471433256));
#5525=CARTESIAN_POINT('',(11.2388975976346,8.25158595350923,-225.921327538725));
#5526=CARTESIAN_POINT('',(13.5596279674016,8.31560816131027,-225.673186570127));
#5527=CARTESIAN_POINT('',(6.59597515119005,7.89790063699612,-226.277273619602));
#5528=CARTESIAN_POINT('',(8.91615670517348,8.05625720814324,-226.087854525547));
#5529=CARTESIAN_POINT('',(11.2369506266664,8.16701172183593,-225.866724213107));
#5530=CARTESIAN_POINT('',(13.5557735982455,8.23303271143158,-225.615833629786));
#5531=CARTESIAN_POINT('',(13.5557735982455,8.23303271143158,-225.615833629786));
#5532=CARTESIAN_POINT('',(13.5570505636514,8.26039023443989,-225.634834850939));
#5533=CARTESIAN_POINT('',(13.5583275290573,8.28774775744819,-225.653836072092));
#5534=CARTESIAN_POINT('',(13.5596044944631,8.3151052804565,-225.672837293246));
#5535=CARTESIAN_POINT('',(13.5596044944631,8.31510528045646,-225.672837293246));
#5536=CARTESIAN_POINT('',(6.59392685737523,7.98551660411352,-226.325432178536));
#5537=CARTESIAN_POINT('',(8.91604626691022,8.14218729299851,-226.139162670052));
#5538=CARTESIAN_POINT('',(11.2388660793002,8.25107035765652,-225.920997109294));
#5539=CARTESIAN_POINT('',(13.5596044944631,8.31510528045651,-225.672837293246));
#5540=CARTESIAN_POINT('',(13.5596921489932,8.31698317848914,-225.674141591));
#5541=CARTESIAN_POINT('',(13.3200996217862,10.1565354223859,-223.041698072486));
#5542=CARTESIAN_POINT('',(12.8899345739427,12.0730308382708,-220.479014743633));
#5543=CARTESIAN_POINT('',(11.9647865336002,14.9052130896733,-216.672774459099));
#5544=CARTESIAN_POINT('',(11.6054454264494,15.8424063340219,-215.410870124104));
#5545=CARTESIAN_POINT('',(10.7903190929791,17.6799303905933,-212.891515349796));
#5546=CARTESIAN_POINT('',(10.3351682303897,18.5796791925077,-211.633529548482));
#5547=CARTESIAN_POINT('',(9.39065057635362,20.3500795004477,-209.110556534917));
#5548=CARTESIAN_POINT('',(8.90103077865824,21.2209628006765,-207.845782577441));
#5549=CARTESIAN_POINT('',(7.91705359440096,22.9491651612165,-205.309078991646));
#5550=CARTESIAN_POINT('',(7.42229916760164,23.8068476444197,-204.037484602796));
#5551=CARTESIAN_POINT('',(6.41978305496046,25.5113349259337,-201.492532675788));
#5552=CARTESIAN_POINT('',(5.91176494241325,26.3583740094404,-200.219391849997));
#5553=CARTESIAN_POINT('',(4.85831822770653,28.0294547889162,-197.672867793907));
#5554=CARTESIAN_POINT('',(4.31214308059311,28.8541799534273,-196.400116060848));
#5555=CARTESIAN_POINT('',(3.12504521885183,30.4151962824694,-193.842920540259));
#5556=CARTESIAN_POINT('',(2.48358038053397,31.148687574038,-192.55756730735));
#5557=CARTESIAN_POINT('',(1.47208202070764,32.1690987712546,-190.61332030708));
#5558=CARTESIAN_POINT('',(1.12727668181069,32.4962268989731,-189.962388481771));
#5559=CARTESIAN_POINT('',(0.444890468672353,33.1549515905012,-188.659250556566));
#5560=CARTESIAN_POINT('',(0.107023090809792,33.486810748995,-188.007286879136));
#5561=CARTESIAN_POINT('',(-0.90610418152865,34.4797058110174,-186.049933664882));
#5562=CARTESIAN_POINT('',(-1.57508106562165,35.1478528617868,-184.745056955681));
#5563=CARTESIAN_POINT('',(-2.92149421506895,36.4794155082469,-182.137425993337));
#5564=CARTESIAN_POINT('',(-3.6070950114458,37.12797330373,-180.830876402135));
#5565=CARTESIAN_POINT('',(-5.71690540654561,38.9215388626089,-176.867748809687));
#5566=CARTESIAN_POINT('',(-7.17987195585846,39.9303236829399,-174.170905436517));
#5567=CARTESIAN_POINT('',(-10.0401735325092,41.576256449861,-168.631528611545));
#5568=CARTESIAN_POINT('',(-11.4491703662877,42.2018420455016,-165.791456904176));
#5569=CARTESIAN_POINT('',(-12.7328939873986,42.6452799987328,-162.865627787133));
#5570=CARTESIAN_POINT('',(13.5596044944631,8.31510528045646,-225.672837293246));
#5571=CARTESIAN_POINT('',(13.3201174362585,10.154685486384,-223.040346427661));
#5572=CARTESIAN_POINT('',(12.8900710533251,12.0712062180236,-220.477635037028));
#5573=CARTESIAN_POINT('',(11.9651054992671,14.9034352172608,-216.671368462189));
#5574=CARTESIAN_POINT('',(11.6058265865549,15.8406452150905,-215.409458419945));
#5575=CARTESIAN_POINT('',(10.7908267456492,17.6782064390401,-212.890097601102));
#5576=CARTESIAN_POINT('',(10.3357401853579,18.5779756685108,-211.632111458612));
#5577=CARTESIAN_POINT('',(9.39135166913814,20.3484232320592,-209.109140431352));
#5578=CARTESIAN_POINT('',(8.9017967133124,21.2193333549679,-207.844368802099));
#5579=CARTESIAN_POINT('',(7.91794850610938,22.9475978997816,-205.307670682533));
#5580=CARTESIAN_POINT('',(7.42325821968204,23.8053157478979,-204.036079423893));
#5581=CARTESIAN_POINT('',(6.42086875140938,25.5098834647255,-201.491134269846));
#5582=CARTESIAN_POINT('',(5.91291314437337,26.3569676320745,-200.21799707886));
#5583=CARTESIAN_POINT('',(4.85958887851928,28.0281485446012,-197.671481856006));
#5584=CARTESIAN_POINT('',(4.3134736563052,28.8529287874108,-196.398735304686));
#5585=CARTESIAN_POINT('',(3.12649285975905,30.4140628831814,-193.841555960631));
#5586=CARTESIAN_POINT('',(2.48508520215134,31.1476167861117,-192.556213866818));
#5587=CARTESIAN_POINT('',(1.47366889846491,32.1681263015541,-190.6119886264));
#5588=CARTESIAN_POINT('',(1.1288902876735,32.4952879397963,-189.961064875344));
#5589=CARTESIAN_POINT('',(0.446555347263469,33.1540819771399,-188.657943172128));
#5590=CARTESIAN_POINT('',(0.108712506731196,33.4859769756187,-188.005987634621));
#5591=CARTESIAN_POINT('',(-0.904344610883623,34.4789821274615,-186.048659528161));
#5592=CARTESIAN_POINT('',(-1.57327958339068,35.147206366918,-184.743799991239));
#5593=CARTESIAN_POINT('',(-2.9196196784512,36.4789266944673,-182.136205162878));
#5594=CARTESIAN_POINT('',(-3.60518899160685,37.1275644416932,-180.82967529919));
#5595=CARTESIAN_POINT('',(-5.71491829038948,38.9213646745149,-176.866614874377));
#5596=CARTESIAN_POINT('',(-7.17784930718905,39.9302989500584,-174.169825996271));
#5597=CARTESIAN_POINT('',(-10.0381085912809,41.5764992489731,-168.630562186735));
#5598=CARTESIAN_POINT('',(-11.44710189592,42.2022084866941,-165.79054262972));
#5599=CARTESIAN_POINT('',(-12.7308161979022,42.6457365684779,-162.864785343161));
#5600=CARTESIAN_POINT('',(13.5557735982455,8.23303271143156,-225.615833629786));
#5601=CARTESIAN_POINT('',(13.3208960086219,10.0738349835528,-222.981273484779));
#5602=CARTESIAN_POINT('',(12.8960358146364,11.9914621272478,-220.41733566847));
#5603=CARTESIAN_POINT('',(11.9790457299193,14.8257342165911,-216.609920089353));
#5604=CARTESIAN_POINT('',(11.6224849932016,15.7636764167073,-215.347760614728));
#5605=CARTESIAN_POINT('',(10.8130134448638,17.6028620218361,-212.828135622605));
#5606=CARTESIAN_POINT('',(10.3607371834864,18.5035240271606,-211.57013456918));
#5607=CARTESIAN_POINT('',(9.42199256920238,20.2760368728033,-209.047250352375));
#5608=CARTESIAN_POINT('',(8.93527149398632,21.1481192671608,-207.782580476877));
#5609=CARTESIAN_POINT('',(7.95706016269714,22.8791015437162,-205.246121256038));
#5610=CARTESIAN_POINT('',(7.46517309828418,23.7383649971957,-203.97466680163));
#5611=CARTESIAN_POINT('',(6.46831855709269,25.4464480980908,-201.43001765638));
#5612=CARTESIAN_POINT('',(5.9630947213208,26.2955026316174,-200.157039322639));
#5613=CARTESIAN_POINT('',(4.91512201968107,27.9710598077029,-197.610910151873));
#5614=CARTESIAN_POINT('',(4.37162578441538,28.7982472192612,-196.338390065789));
#5615=CARTESIAN_POINT('',(3.18976126209705,30.3645282494176,-193.781917708812));
#5616=CARTESIAN_POINT('',(2.55085265805817,31.1008185497526,-192.497062443472));
#5617=CARTESIAN_POINT('',(1.54302257582181,32.125625012755,-190.553788206263));
#5618=CARTESIAN_POINT('',(1.19941210315566,32.4542512112266,-189.903217336231));
#5619=CARTESIAN_POINT('',(0.519318011002329,33.1160759718195,-188.600804606717));
#5620=CARTESIAN_POINT('',(0.182547561887847,33.4495373384355,-187.949204820376));
#5621=CARTESIAN_POINT('',(-0.827443479562637,34.4473539093358,-185.992974037176));
#5622=CARTESIAN_POINT('',(-1.49454672773172,35.11895164072,-184.688865005869));
#5623=CARTESIAN_POINT('',(-2.83769401833911,36.4575633392832,-182.082849394672));
#5624=CARTESIAN_POINT('',(-3.5218873734819,37.1096953363689,-180.777181711859));
#5625=CARTESIAN_POINT('',(-5.62807239937341,38.9137518733276,-176.817056814039));
#5626=CARTESIAN_POINT('',(-7.08945048593022,39.9292180121764,-174.122649614748));
#5627=CARTESIAN_POINT('',(-9.94786139545442,41.587110659462,-168.588325086773));
#5628=CARTESIAN_POINT('',(-11.3567004608731,42.2182236108068,-165.750584734199));
#5629=CARTESIAN_POINT('',(-12.6400074751202,42.6656907146938,-162.827966762043));
#5630=CARTESIAN_POINT('',(-12.6400074751202,42.6656907146938,-162.827966762043));
#5631=CARTESIAN_POINT('',(-12.6702770493808,42.6590393326218,-162.840239622416));
#5632=CARTESIAN_POINT('',(-12.7005466236415,42.6523879505499,-162.852512482788));
#5633=CARTESIAN_POINT('',(-12.7308161979022,42.6457365684779,-162.864785343161));
#5634=CARTESIAN_POINT('',(-12.7308161979022,42.6457365684781,-162.864785343161));
#5635=CARTESIAN_POINT('',(13.5596044944631,8.31510528045648,-225.672837293246));
#5636=CARTESIAN_POINT('',(13.3183935516638,10.1679272206205,-223.021397134605));
#5637=CARTESIAN_POINT('',(12.4761700344018,14.048781676079,-217.847371389982));
#5638=CARTESIAN_POINT('',(9.92482710885516,19.552131004071,-210.349056366385));
#5639=CARTESIAN_POINT('',(7.41922400815381,23.8305229851685,-204.013147276714));
#5640=CARTESIAN_POINT('',(5.39917360663849,27.2141014856791,-198.927661785615));
#5641=CARTESIAN_POINT('',(3.76147051589911,29.6941099003167,-195.106926435156));
#5642=CARTESIAN_POINT('',(1.81449197470839,31.8897464627498,-191.235542152703));
#5643=CARTESIAN_POINT('',(-0.952556495234306,34.4656659394059,-185.997759910473));
#5644=CARTESIAN_POINT('',(-4.27574566499105,37.9499595570745,-179.485356365028));
#5645=CARTESIAN_POINT('',(-8.64623940410727,40.9427237065123,-171.459895211269));
#5646=CARTESIAN_POINT('',(-11.4403833673014,42.1998872099847,-165.805855058686));
#5647=CARTESIAN_POINT('',(-12.7308161979022,42.6457365684779,-162.864785343161));
#5648=CARTESIAN_POINT('',(-12.841590790772,42.6836630666265,-162.613956777594));
#5649=CARTESIAN_POINT('',(-12.8050723516108,42.670933156029,-162.697719471865));
#5650=CARTESIAN_POINT('',(-12.7684493886724,42.6582246257715,-162.781451507809));
#5651=CARTESIAN_POINT('',(-12.7317242841325,42.6455370272351,-162.865153528567));
#5652=CARTESIAN_POINT('',(-12.8406822606964,42.6838659234715,-162.613591510561));
#5653=CARTESIAN_POINT('',(-12.8041639712696,42.671134917961,-162.69735322432));
#5654=CARTESIAN_POINT('',(-12.7675411563211,42.658425282542,-162.781084287363));
#5655=CARTESIAN_POINT('',(-12.7308161979022,42.645736568478,-162.864785343161));
#5656=CARTESIAN_POINT('',(-12.7498291533356,42.7041516302515,-162.577064767162));
#5657=CARTESIAN_POINT('',(-12.7133258373675,42.691311133322,-162.660728429583));
#5658=CARTESIAN_POINT('',(-12.6767178214247,42.6784909816302,-162.744362202353));
#5659=CARTESIAN_POINT('',(-12.6400074751202,42.6656907146939,-162.827966762043));
#5660=CARTESIAN_POINT('',(-12.7308161979022,42.645736568478,-162.864785343161));
#5661=CARTESIAN_POINT('',(-12.7675369518831,42.6584238298811,-162.781093869835));
#5662=CARTESIAN_POINT('',(-12.8041597788415,42.6711334563968,-162.697362840459));
#5663=CARTESIAN_POINT('',(-12.8406822606963,42.6838659234715,-162.613591510561));
#5664=CARTESIAN_POINT('',(6.56300761500912,7.98342755557684,-226.327910749856));
#5665=CARTESIAN_POINT('',(6.60435986150079,7.84116649082765,-226.588804240922));
#5666=CARTESIAN_POINT('',(6.64510098596567,7.69921005948739,-226.849988551558));
#5667=CARTESIAN_POINT('',(6.68525049870497,7.55761678750513,-227.111492357949));
#5668=CARTESIAN_POINT('',(6.56508263391216,7.89578921486172,-226.279794063216));
#5669=CARTESIAN_POINT('',(6.60595951339335,7.75344240860863,-226.540823221304));
#5670=CARTESIAN_POINT('',(6.64622883103086,7.61140116566922,-226.802149511171));
#5671=CARTESIAN_POINT('',(6.68591050941845,7.46972427848056,-227.063800941077));
#5672=CARTESIAN_POINT('',(6.56510338384002,7.894912842485,-226.279312902406));
#5673=CARTESIAN_POINT('',(6.60597550971094,7.75256517882767,-226.540343417147));
#5674=CARTESIAN_POINT('',(6.64624010933956,7.61052308778294,-226.801671126789));
#5675=CARTESIAN_POINT('',(6.68591710944252,7.46884536445274,-227.063324032911));
#5676=CARTESIAN_POINT('',(6.68525049870497,7.55761678750514,-227.111492357949));
#5677=CARTESIAN_POINT('',(6.64510454011256,7.69919752525588,-226.850011700605));
#5678=CARTESIAN_POINT('',(6.60436337714394,7.84115439622142,-226.588826421299));
#5679=CARTESIAN_POINT('',(6.56300761500912,7.98342755557681,-226.327910749856));
#5680=CARTESIAN_POINT('',(-12.9546331996763,44.2732542969893,-163.133619458116));
#5681=CARTESIAN_POINT('',(-12.9551384340452,44.2783776700401,-163.13535024373));
#5682=CARTESIAN_POINT('',(-12.9556436684141,44.283501043091,-163.137081029343));
#5683=CARTESIAN_POINT('',(-12.9561489027829,44.2886244161419,-163.138811814956));
#5684=CARTESIAN_POINT('',(-12.966130416479,44.3898428237302,-163.173005570109));
#5685=CARTESIAN_POINT('',(-12.9761987598086,44.4910402171799,-163.207236226332));
#5686=CARTESIAN_POINT('',(-12.9863534760502,44.5922167095868,-163.241503586077));
#5687=CARTESIAN_POINT('',(-12.8980019714075,44.2870265665506,-163.109364751046));
#5688=CARTESIAN_POINT('',(-12.8985095760731,44.2921530179601,-163.111091753946));
#5689=CARTESIAN_POINT('',(-12.8990171807387,44.2972794693697,-163.112818756845));
#5690=CARTESIAN_POINT('',(-12.8995247854042,44.3024059207793,-163.114545759745));
#5691=CARTESIAN_POINT('',(-12.9095531271676,44.4036851450523,-163.148664782826));
#5692=CARTESIAN_POINT('',(-12.9196684050143,44.5049431258954,-163.18282103777));
#5693=CARTESIAN_POINT('',(-12.9298701569531,44.6061799761966,-163.21701432672));
#5694=CARTESIAN_POINT('',(-12.0808693624868,44.4857467939132,-162.759393318808));
#5695=CARTESIAN_POINT('',(-12.0814111681893,44.4909176629937,-162.761065740887));
#5696=CARTESIAN_POINT('',(-12.0819529738918,44.496088532074,-162.762738162967));
#5697=CARTESIAN_POINT('',(-12.0824947795944,44.5012594011544,-162.764410585046));
#5698=CARTESIAN_POINT('',(-12.0931988040501,44.603416150032,-162.797451298264));
#5699=CARTESIAN_POINT('',(-12.1039913005543,44.7055483470348,-162.830534016338));
#5700=CARTESIAN_POINT('',(-12.1148717310809,44.8076561020492,-162.86365853697));
#5701=CARTESIAN_POINT('',(6.62541313583622,7.11018579452635,-225.842805754687));
#5702=CARTESIAN_POINT('',(8.92386282323467,7.28325078359235,-225.625341646386));
#5703=CARTESIAN_POINT('',(11.2232018149871,7.41061278891152,-225.377848158391));
#5704=CARTESIAN_POINT('',(13.521295532287,7.49437959020742,-225.102800658649));
#5705=CARTESIAN_POINT('',(6.62745183501756,7.02257786440071,-225.79463216981));
#5706=CARTESIAN_POINT('',(8.92389738399942,7.19732198093887,-225.574029625874));
#5707=CARTESIAN_POINT('',(11.2212636805859,7.32655677569316,-225.323573010555));
#5708=CARTESIAN_POINT('',(13.5174646360694,7.4123070211825,-225.045796995189));
#5709=CARTESIAN_POINT('',(-13.3875018963931,53.5488207452191,-167.667679836135));
#5710=CARTESIAN_POINT('',(-13.2666398401574,48.2225771237303,-164.820730380302));
#5711=CARTESIAN_POINT('',(-13.1452126010081,42.8969886237682,-161.972576823176));
#5712=CARTESIAN_POINT('',(-13.0224110846414,37.5717085018305,-159.123905614899));
#5713=CARTESIAN_POINT('',(-11.0079547429329,50.7528117496825,-169.901098281199));
#5714=CARTESIAN_POINT('',(-11.2541308909273,45.7629765100946,-167.363497277046));
#5715=CARTESIAN_POINT('',(-11.4996726794779,40.7738081574004,-164.824552733969));
#5716=CARTESIAN_POINT('',(-11.7436746469023,35.7848657805822,-162.285055642373));
#5717=CARTESIAN_POINT('',(-6.73524263680143,45.6089547347936,-174.774337538035));
#5718=CARTESIAN_POINT('',(-7.66568883638477,41.2469089820064,-172.813811392304));
#5719=CARTESIAN_POINT('',(-8.59520165249633,36.8853654382819,-170.851847058376));
#5720=CARTESIAN_POINT('',(-9.52296175468263,32.5236534867005,-168.889497454603));
#5721=CARTESIAN_POINT('',(-0.721375545944172,38.0057033805294,-184.2439894564));
#5722=CARTESIAN_POINT('',(-2.63688613563573,34.5475448307612,-183.115134218428));
#5723=CARTESIAN_POINT('',(-4.55131372526944,31.0892595771614,-181.984918184605));
#5724=CARTESIAN_POINT('',(-6.46420828162567,27.6301712411836,-180.854524265166));
#5725=CARTESIAN_POINT('',(5.05118390750452,30.3726972928231,-195.744131994397));
#5726=CARTESIAN_POINT('',(2.24890142991604,27.7275943747049,-195.365539247954));
#5727=CARTESIAN_POINT('',(-0.552820274181484,25.0819241906105,-194.986038258804));
#5728=CARTESIAN_POINT('',(-3.35375801487099,22.435358354773,-194.606363456595));
#5729=CARTESIAN_POINT('',(12.1999451701868,20.8578165736987,-210.334374210554));
#5730=CARTESIAN_POINT('',(8.46197563327408,19.0701557901434,-210.747249476456));
#5731=CARTESIAN_POINT('',(4.72411367468215,17.2820321057857,-211.159405934615));
#5732=CARTESIAN_POINT('',(0.986566204723201,15.4931640787242,-211.571248650938));
#5733=CARTESIAN_POINT('',(18.1926182807799,13.2618232192566,-219.83514289264));
#5734=CARTESIAN_POINT('',(13.7343659407295,12.1351521526613,-220.855859608953));
#5735=CARTESIAN_POINT('',(9.27599316189925,11.0080512093855,-221.875594441154));
#5736=CARTESIAN_POINT('',(4.81774292834381,9.88001478636846,-222.894800351772));
#5737=CARTESIAN_POINT('',(22.3960669066036,8.18011343115533,-224.775236728686));
#5738=CARTESIAN_POINT('',(17.3628038493037,7.58082853701623,-226.281386348586));
#5739=CARTESIAN_POINT('',(12.3292698840343,6.98115640361503,-227.786479512478));
#5740=CARTESIAN_POINT('',(7.29567733566387,6.38048385439886,-229.290977618333));
#5741=CARTESIAN_POINT('',(5.52149978537675,32.4587341807175,-157.263055167361));
#5742=CARTESIAN_POINT('',(6.08046222380641,32.5212884225643,-157.222910754706));
#5743=CARTESIAN_POINT('',(6.63926003596951,32.586537704171,-157.183645817011));
#5744=CARTESIAN_POINT('',(7.19789334200457,32.6544844946313,-157.145260640822));
#5745=CARTESIAN_POINT('',(5.52616481332019,32.3786945399594,-157.203289847805));
#5746=CARTESIAN_POINT('',(6.08533624385649,32.4417919986654,-157.162434254677));
#5747=CARTESIAN_POINT('',(6.64434140678741,32.5075867140282,-157.122476241795));
#5748=CARTESIAN_POINT('',(7.20318024657787,32.5760797240665,-157.083416153657));
#5749=CARTESIAN_POINT('',(7.20318024657788,32.5760797240665,-157.083416153657));
#5750=CARTESIAN_POINT('',(7.20229453027479,32.5892148927775,-157.093776974394));
#5751=CARTESIAN_POINT('',(7.2014088139717,32.6023500614885,-157.104137795131));
#5752=CARTESIAN_POINT('',(7.20052309766861,32.6154852301995,-157.114498615868));
#5753=CARTESIAN_POINT('',(7.19226724920166,32.6172816138395,-157.117250478433));
#5754=CARTESIAN_POINT('',(7.18401140073468,32.6190779974795,-157.120002340997));
#5755=CARTESIAN_POINT('',(7.1150380950996,32.6331045624486,-157.142219376739));
#5756=CARTESIAN_POINT('',(7.04383027813192,32.6357560129626,-157.155830556801));
#5757=CARTESIAN_POINT('',(6.97035564434676,32.6269592515493,-157.160943377105));
#5758=CARTESIAN_POINT('',(6.97035564434681,32.6269592515493,-157.160943377105));
#5759=CARTESIAN_POINT('',(5.52149978537678,32.4587341807175,-157.263055167361));
#5760=CARTESIAN_POINT('',(6.00463486326454,32.5128024801757,-157.228356639157));
#5761=CARTESIAN_POINT('',(6.48759284379472,32.5688781824817,-157.194319038848));
#5762=CARTESIAN_POINT('',(6.97035564434681,32.6269592515493,-157.160943377105));
#5763=CARTESIAN_POINT('',(5.52149978537673,32.4587341807176,-157.263055167361));
#5764=CARTESIAN_POINT('',(5.52149978537675,32.4587341807175,-157.263055167361));
#5765=CARTESIAN_POINT('',(5.52305479469123,32.4320543004648,-157.243133394176));
#5766=CARTESIAN_POINT('',(5.52460980400571,32.4053744202121,-157.22321162099));
#5767=CARTESIAN_POINT('',(5.52616481332019,32.3786945399594,-157.203289847805));
#5768=CARTESIAN_POINT('',(-0.940944732525344,-8.38248694854639,-221.515576900238));
#5769=CARTESIAN_POINT('',(-0.329764806474635,-7.51962620629061,-218.451611979738));
#5770=CARTESIAN_POINT('',(0.380447927359446,-6.48357897825743,-215.466430164143));
#5771=CARTESIAN_POINT('',(1.4255696005191,-4.66985853240645,-211.102320366062));
#5772=CARTESIAN_POINT('',(1.77092023144136,-4.01819022415451,-209.668022971648));
#5773=CARTESIAN_POINT('',(2.43114528916433,-2.62609541173057,-206.839519006881));
#5774=CARTESIAN_POINT('',(2.74528201273812,-1.88624484021166,-205.444926324878));
#5775=CARTESIAN_POINT('',(3.346796409721,-0.374725856294335,-202.668059594098));
#5776=CARTESIAN_POINT('',(3.63446781717777,0.397168913646014,-201.285938364899));
#5777=CARTESIAN_POINT('',(4.19801668132813,1.94623518824824,-198.520558935077));
#5778=CARTESIAN_POINT('',(4.47435811153539,2.72376504573525,-197.137536098148));
#5779=CARTESIAN_POINT('',(5.02021377649529,4.29190083385762,-194.375617190493));
#5780=CARTESIAN_POINT('',(5.29003134912824,5.08273962253933,-192.9968705483));
#5781=CARTESIAN_POINT('',(5.81240853866088,6.70023445686734,-190.255233423595));
#5782=CARTESIAN_POINT('',(6.06584979319193,7.52757729359695,-188.89278430948));
#5783=CARTESIAN_POINT('',(6.49023238958914,9.26971246600048,-186.213512900205));
#5784=CARTESIAN_POINT('',(6.65823530798993,10.1849069848408,-184.897164438925));
#5785=CARTESIAN_POINT('',(6.83283085522115,11.6027128820288,-182.951615900474));
#5786=CARTESIAN_POINT('',(6.87834231269822,12.0823120152226,-182.307551041879));
#5787=CARTESIAN_POINT('',(6.97394061779585,13.0361369535361,-181.014824737368));
#5788=CARTESIAN_POINT('',(7.02436327396221,13.5106262837086,-180.366333211486));
#5789=CARTESIAN_POINT('',(7.17372598368276,14.935180461212,-178.420654523548));
#5790=CARTESIAN_POINT('',(7.28063394051514,15.8813749388427,-177.119706623734));
#5791=CARTESIAN_POINT('',(7.49248860676023,17.7857883341892,-174.524475809818));
#5792=CARTESIAN_POINT('',(7.58215212104324,18.7510580783649,-173.234750891816));
#5793=CARTESIAN_POINT('',(7.69321801335711,21.697238986041,-169.403226767658));
#5794=CARTESIAN_POINT('',(7.5724646489146,23.7158804879836,-166.892395044953));
#5795=CARTESIAN_POINT('',(6.92094377941044,27.6917030294575,-161.883270082566));
#5796=CARTESIAN_POINT('',(6.38156555940548,29.6608631878949,-159.391037455423));
#5797=CARTESIAN_POINT('',(5.63239080680298,31.5008408469145,-156.880807295313));
#5798=CARTESIAN_POINT('',(-1.03913846869988,-8.3758457044029,-221.497860127046));
#5799=CARTESIAN_POINT('',(-0.427633500006908,-7.5169869341189,-218.430593520413));
#5800=CARTESIAN_POINT('',(0.283147458203181,-6.48567463297099,-215.442788269698));
#5801=CARTESIAN_POINT('',(1.32975466204679,-4.67934151606141,-211.075168043022));
#5802=CARTESIAN_POINT('',(1.67570215987403,-4.03021420037914,-209.63978717083));
#5803=CARTESIAN_POINT('',(2.33736349790321,-2.64332008921173,-206.80924354291));
#5804=CARTESIAN_POINT('',(2.65234011310315,-1.90612931600795,-205.413694249165));
#5805=CARTESIAN_POINT('',(3.25583751390841,-0.399948011889591,-202.634903089781));
#5806=CARTESIAN_POINT('',(3.54465183521011,0.369268576802986,-201.251814107188));
#5807=CARTESIAN_POINT('',(4.11084152098917,1.91303750775807,-198.484389751964));
#5808=CARTESIAN_POINT('',(4.3886808554502,2.68794805892564,-197.100289333367));
#5809=CARTESIAN_POINT('',(4.93792818245814,4.25095125866597,-194.336082603779));
#5810=CARTESIAN_POINT('',(5.2096399091229,5.03927682156424,-192.956125164575));
#5811=CARTESIAN_POINT('',(5.73622987351091,6.65188324510314,-190.211978871389));
#5812=CARTESIAN_POINT('',(5.99199060509061,7.47685194251559,-188.84823040003));
#5813=CARTESIAN_POINT('',(6.42141797249697,9.21434175266484,-186.166481507907));
#5814=CARTESIAN_POINT('',(6.59214569037971,10.1272618183905,-184.84896152101));
#5815=CARTESIAN_POINT('',(6.77109215370056,11.5417916215952,-182.90181114389));
#5816=CARTESIAN_POINT('',(6.81809766551866,12.0203217146528,-182.25723740105));
#5817=CARTESIAN_POINT('',(6.91677717819045,12.9721109190495,-180.963476072221));
#5818=CARTESIAN_POINT('',(6.96878703271916,13.4456339505965,-180.314458086738));
#5819=CARTESIAN_POINT('',(7.12302453972793,14.8674419820515,-178.367214238103));
#5820=CARTESIAN_POINT('',(7.23333932146924,15.8120254797279,-177.065218861253));
#5821=CARTESIAN_POINT('',(7.45216626008313,17.7136760796842,-174.468004792127));
#5822=CARTESIAN_POINT('',(7.5453874002307,18.6777709379709,-173.177380241004));
#5823=CARTESIAN_POINT('',(7.66705485685121,21.6209107360266,-169.343681386947));
#5824=CARTESIAN_POINT('',(7.55325382788979,23.6382079063272,-166.832070544004));
#5825=CARTESIAN_POINT('',(6.91444269936015,27.6124078100162,-161.822350995801));
#5826=CARTESIAN_POINT('',(6.38092940326154,29.581503058982,-159.329987456917));
#5827=CARTESIAN_POINT('',(5.63663381453799,31.4208678463674,-156.820921436642));
#5828=CARTESIAN_POINT('',(-1.04011766010386,-8.37577947768183,-221.497683454759));
#5829=CARTESIAN_POINT('',(-0.42860945007418,-7.51696061520362,-218.430383923594));
#5830=CARTESIAN_POINT('',(0.282177174489448,-6.48569553091378,-215.442552511892));
#5831=CARTESIAN_POINT('',(1.32879919209749,-4.67943608070923,-211.074897279098));
#5832=CARTESIAN_POINT('',(1.67475264190258,-4.03033410389457,-209.639505602427));
#5833=CARTESIAN_POINT('',(2.33642830256968,-2.64349185430371,-206.808941634915));
#5834=CARTESIAN_POINT('',(2.65141329319857,-1.90632760470263,-205.413382801803));
#5835=CARTESIAN_POINT('',(3.25493046858796,-0.400199528115684,-202.634572451949));
#5836=CARTESIAN_POINT('',(3.54375618706687,0.368990353658934,-201.251473818885));
#5837=CARTESIAN_POINT('',(4.10997220721245,1.91270645931614,-198.484029071593));
#5838=CARTESIAN_POINT('',(4.38782647882759,2.68759089066862,-197.099917907313));
#5839=CARTESIAN_POINT('',(4.93710762760921,4.25054290805638,-194.335688363485));
#5840=CARTESIAN_POINT('',(5.20883824284486,5.03884340897841,-192.95571885017));
#5841=CARTESIAN_POINT('',(5.73547021717246,6.65140108511233,-190.211547535467));
#5842=CARTESIAN_POINT('',(5.99125407865917,7.47634610752369,-188.847786106872));
#5843=CARTESIAN_POINT('',(6.42073175270015,9.21378959395653,-186.166012509202));
#5844=CARTESIAN_POINT('',(6.59148664237952,10.1266869787554,-184.84848083981));
#5845=CARTESIAN_POINT('',(6.77047649318924,11.5411841126353,-182.901314489099));
#5846=CARTESIAN_POINT('',(6.81749690376998,12.0197035451868,-182.256735671647));
#5847=CARTESIAN_POINT('',(6.91620714235248,12.9714724491731,-180.962964021519));
#5848=CARTESIAN_POINT('',(6.9682328244793,13.444985844756,-180.313940786163));
#5849=CARTESIAN_POINT('',(7.12251894313874,14.8667664915457,-178.36668132969));
#5850=CARTESIAN_POINT('',(7.23286769785833,15.8113339244732,-177.064675507362));
#5851=CARTESIAN_POINT('',(7.45176416421844,17.7129569737363,-174.467441661145));
#5852=CARTESIAN_POINT('',(7.54502078113673,18.6770401160194,-173.176808138849));
#5853=CARTESIAN_POINT('',(7.66679395693081,21.6201495880226,-169.343087598308));
#5854=CARTESIAN_POINT('',(7.55306225690427,23.6374333526006,-166.831468985951));
#5855=CARTESIAN_POINT('',(6.91437787036036,27.6116170752883,-161.821743508517));
#5856=CARTESIAN_POINT('',(6.38092305949001,29.5807116769746,-159.329378664176));
#5857=CARTESIAN_POINT('',(5.63667612596093,31.4200703527824,-156.820324252745));
#5858=CARTESIAN_POINT('',(5.63816672684574,31.4866423676558,-156.900174033296));
#5859=CARTESIAN_POINT('',(6.38602187352432,29.646592697364,-159.409504890902));
#5860=CARTESIAN_POINT('',(7.45708846462706,25.7200166656057,-164.398277203969));
#5861=CARTESIAN_POINT('',(7.81455913809883,19.6522797393925,-171.920216082605));
#5862=CARTESIAN_POINT('',(7.13337210364574,14.9432028285735,-178.449204861333));
#5863=CARTESIAN_POINT('',(6.81658975098686,11.1007350841185,-183.598237526469));
#5864=CARTESIAN_POINT('',(6.32118901260766,8.34591941623073,-187.538929171519));
#5865=CARTESIAN_POINT('',(5.55707316506855,5.86713862143479,-191.626954009542));
#5866=CARTESIAN_POINT('',(4.47731924019891,2.71320917051514,-197.144472181173));
#5867=CARTESIAN_POINT('',(3.1043603531718,-1.20513499387225,-204.033493121039));
#5868=CARTESIAN_POINT('',(1.09992117306067,-5.47674230116257,-212.470453863205));
#5869=CARTESIAN_POINT('',(-0.32996128214075,-7.51990358964675,-218.452596950813));
#5870=CARTESIAN_POINT('',(-0.940944732525346,-8.3824869485464,-221.515576900238));
#5871=CARTESIAN_POINT('',(-0.940944732525345,-8.38248694854639,-221.515576900238));
#5872=CARTESIAN_POINT('',(-0.940944732525344,-8.38248694854639,-221.515576900238));
#5873=CARTESIAN_POINT('',(-0.973675977916856,-8.38027320049856,-221.509671309174));
#5874=CARTESIAN_POINT('',(-1.00640722330837,-8.37805945245073,-221.50376571811));
#5875=CARTESIAN_POINT('',(-1.03913846869988,-8.3758457044029,-221.497860127046));
#5876=CARTESIAN_POINT('',(-1.03913846869988,-8.3758457044029,-221.497860127046));
#5877=CARTESIAN_POINT('',(-1.03913846869988,-8.3758457044029,-221.497860127046));
#5878=CARTESIAN_POINT('',(-0.428096524210498,-7.51763725164446,-218.432916017777));
#5879=CARTESIAN_POINT('',(1.0022072301203,-5.48485891591207,-212.448013775223));
#5880=CARTESIAN_POINT('',(3.01022317061723,-1.23166426698984,-204.008512570195));
#5881=CARTESIAN_POINT('',(4.38918735252757,2.6715809432562,-197.117648261164));
#5882=CARTESIAN_POINT('',(5.47610223667678,5.81388320049616,-191.597600541826));
#5883=CARTESIAN_POINT('',(6.24716023856295,8.28387406220264,-187.50718116776));
#5884=CARTESIAN_POINT('',(6.75204415484181,11.0295068570192,-183.564027934634));
#5885=CARTESIAN_POINT('',(7.08084738916582,14.8623494564638,-178.413486296699));
#5886=CARTESIAN_POINT('',(7.7801037193937,19.5619013603209,-171.881463836016));
#5887=CARTESIAN_POINT('',(7.44753720352417,25.6224331593036,-164.360160299913));
#5888=CARTESIAN_POINT('',(6.39131653044815,29.5478892718207,-159.373480693648));
#5889=CARTESIAN_POINT('',(5.65013633078719,31.3874277132836,-156.866515634851));
#5890=CARTESIAN_POINT('',(-0.140404297586993,-2.07022990208383,-224.722584692328));
#5891=CARTESIAN_POINT('',(-0.168256442867387,-2.18634798688164,-225.068937951811));
#5892=CARTESIAN_POINT('',(-0.195279618310465,-2.30181280631571,-225.41571567706));
#5893=CARTESIAN_POINT('',(-0.221379707935038,-2.41655101796421,-225.762967539208));
#5894=CARTESIAN_POINT('',(-0.240081184758004,-2.07027943914689,-224.714552525125));
#5895=CARTESIAN_POINT('',(-0.267960397328154,-2.1858922924168,-225.061238565965));
#5896=CARTESIAN_POINT('',(-0.295005535782433,-2.30085866124253,-225.408354321106));
#5897=CARTESIAN_POINT('',(-0.321122580046337,-2.41510567615508,-225.75594824793));
#5898=CARTESIAN_POINT('',(-1.23685005646809,-2.07077480977744,-224.634230853095));
#5899=CARTESIAN_POINT('',(-1.26499994193587,-2.18133534776845,-224.984244707505));
#5900=CARTESIAN_POINT('',(-1.29226471050217,-2.29131721051083,-225.334740761561));
#5901=CARTESIAN_POINT('',(-1.31855130115952,-2.40065225806364,-225.685755335154));
#5902=CARTESIAN_POINT('',(-0.240081184757547,-2.07027943914689,-224.714552525125));
#5903=CARTESIAN_POINT('',(-0.206855555700695,-2.07026292679254,-224.717229914193));
#5904=CARTESIAN_POINT('',(-0.173629926643845,-2.07024641443819,-224.719907303261));
#5905=CARTESIAN_POINT('',(-0.140404297586993,-2.07022990208383,-224.722584692328));
#5906=CARTESIAN_POINT('',(-0.140404297587007,-2.07022990208391,-224.722584692328));
#5907=CARTESIAN_POINT('',(-0.181300993422845,-2.24284705782884,-225.239252500297));
#5908=CARTESIAN_POINT('',(-0.167883732310164,-2.18548614107686,-225.066953492163));
#5909=CARTESIAN_POINT('',(-0.154247599617145,-2.12794386640637,-224.894732034369));
#5910=CARTESIAN_POINT('',(-0.140404297587007,-2.07022990208388,-224.722584692328));
#5911=CARTESIAN_POINT('',(-0.181300993422839,-2.24284705782887,-225.239252500297));
#5912=CARTESIAN_POINT('',(-0.181636996988018,-2.24428368402663,-225.243567925293));
#5913=CARTESIAN_POINT('',(-0.204003360319909,-2.33992443350205,-225.530868080904));
#5914=CARTESIAN_POINT('',(-0.788937522179568,-2.48358755008509,-225.958200276733));
#5915=CARTESIAN_POINT('',(-1.30096332484909,-2.3272616958485,-225.449960724911));
#5916=CARTESIAN_POINT('',(-1.27848808140698,-2.23653102310242,-225.160758710583));
#5917=CARTESIAN_POINT('',(-1.27848813275604,-2.23653105343134,-225.160758697094));
#5918=CARTESIAN_POINT('',(-1.27848808140814,-2.23653102310708,-225.160758710598));
#5919=CARTESIAN_POINT('',(-1.26933464646754,-2.19957937542913,-225.042976150235));
#5920=CARTESIAN_POINT('',(-1.2600759985842,-2.16255852826785,-224.925250094883));
#5921=CARTESIAN_POINT('',(-1.25071566896803,-2.12547106720062,-224.807579166378));
#5922=CARTESIAN_POINT('',(17.4294419629015,32.0665327748853,-157.029182749166));
#5923=CARTESIAN_POINT('',(11.4390691569067,31.9339651602712,-156.649152027728));
#5924=CARTESIAN_POINT('',(5.44758662436379,31.8040625658552,-156.283817644197));
#5925=CARTESIAN_POINT('',(-0.544680221801086,31.6864825992238,-155.927272862188));
#5926=CARTESIAN_POINT('',(14.0813537625222,26.0505023798803,-162.223247660945));
#5927=CARTESIAN_POINT('',(8.9426615236296,26.5766635641311,-162.290732587782));
#5928=CARTESIAN_POINT('',(3.8035003830991,27.107108317451,-162.375531362573));
#5929=CARTESIAN_POINT('',(-1.33458247170635,27.653574162783,-162.468895204085));
#5930=CARTESIAN_POINT('',(10.6187668725793,18.0789764096515,-171.42048915957));
#5931=CARTESIAN_POINT('',(6.61123704229927,19.4912223388468,-172.086082606111));
#5932=CARTESIAN_POINT('',(2.60908304485281,20.912461519635,-172.767493838283));
#5933=CARTESIAN_POINT('',(-1.38587254459562,22.3510347026043,-173.451301500815));
#5934=CARTESIAN_POINT('',(7.62753708935566,8.73411384343553,-184.893097379522));
#5935=CARTESIAN_POINT('',(4.80051678006412,11.0751214671278,-186.160061625395));
#5936=CARTESIAN_POINT('',(1.98207471208667,13.4213777243453,-187.435423404904));
#5937=CARTESIAN_POINT('',(-0.827646475944971,15.7773617973337,-188.71071264808));
#5938=CARTESIAN_POINT('',(5.75082374311311,2.11511062339322,-194.865399889633));
#5939=CARTESIAN_POINT('',(3.6604236226963,5.03448863912454,-196.503893556512));
#5940=CARTESIAN_POINT('',(1.5779159467273,7.95599798601022,-198.148336678692));
#5941=CARTESIAN_POINT('',(-0.49617288347473,10.8831618975065,-199.792940072083));
#5942=CARTESIAN_POINT('',(3.22621374548311,-5.98881920835595,-206.413534713547));
#5943=CARTESIAN_POINT('',(1.9796190448827,-2.40841539427911,-208.484496572949));
#5944=CARTESIAN_POINT('',(0.740461009263917,1.17130665541256,-210.560894368686));
#5945=CARTESIAN_POINT('',(-0.489823993612895,4.75357224228416,-212.638027612861));
#5946=CARTESIAN_POINT('',(0.80662141456321,-12.1607169368638,-214.009914193853));
#5947=CARTESIAN_POINT('',(0.216602808987365,-8.06668469355542,-216.42614735151));
#5948=CARTESIAN_POINT('',(-0.365490564914448,-3.97556429101897,-218.84934181171));
#5949=CARTESIAN_POINT('',(-0.936712098641745,0.116365415621218,-221.273853503377));
#5950=CARTESIAN_POINT('',(-1.39438770796478,-16.7598699384508,-218.781662442706));
#5951=CARTESIAN_POINT('',(-1.4121360304595,-12.2188458691166,-221.495726343066));
#5952=CARTESIAN_POINT('',(-1.42201862868367,-7.68208861774521,-224.217144397359));
#5953=CARTESIAN_POINT('',(-1.42032699551804,-3.14607022755004,-226.939806161876));
#5954=CARTESIAN_POINT('',(7.11115341659885,31.5509952449135,-156.759343035189));
#5955=CARTESIAN_POINT('',(7.86698848918104,29.6163439566548,-159.276714480536));
#5956=CARTESIAN_POINT('',(8.92111874198578,25.4699215104272,-164.261707883276));
#5957=CARTESIAN_POINT('',(9.16084776663574,19.0560720810711,-171.73801314895));
#5958=CARTESIAN_POINT('',(8.31550160720076,14.0766470162889,-178.224900117502));
#5959=CARTESIAN_POINT('',(7.8544447619904,10.0193265382562,-183.35318363027));
#5960=CARTESIAN_POINT('',(6.95961991928448,6.20799236579732,-188.629075727853));
#5961=CARTESIAN_POINT('',(5.31614856129308,2.1245375024519,-195.570641966306));
#5962=CARTESIAN_POINT('',(3.40054228167302,-2.74717388836557,-203.893902783669));
#5963=CARTESIAN_POINT('',(1.08095075486316,-7.03504972439859,-212.456453710774));
#5964=CARTESIAN_POINT('',(-0.512987196694052,-9.06061423612584,-218.522937555135));
#5965=CARTESIAN_POINT('',(-1.18700956980751,-9.90400615145145,-221.637520432059));
#5966=CARTESIAN_POINT('',(-1.18700944378576,-9.90400599376107,-221.637519849727));
#5967=CARTESIAN_POINT('',(-1.16329946179392,-1.86001120080263,-223.754204304939));
#5968=CARTESIAN_POINT('',(-1.06985625356528,-4.03291302489021,-223.010234757364));
#5969=CARTESIAN_POINT('',(-1.02940340170964,-6.20543197319317,-222.25749760371));
#5970=CARTESIAN_POINT('',(-1.03913846869988,-8.3758457044029,-221.497860127046));
#5971=CARTESIAN_POINT('',(-1.32094003684753,-9.22642716933981,-222.719743168081));
#5972=CARTESIAN_POINT('',(-1.24893925532126,-6.89849584969922,-223.537525590699));
#5973=CARTESIAN_POINT('',(-1.23379261677189,-4.5673352275167,-224.35053048687));
#5974=CARTESIAN_POINT('',(-1.27848818410277,-2.23653108375093,-225.160758683575));
#5975=CARTESIAN_POINT('',(-1.32094003684753,-9.22642716933981,-222.719743168081));
#5976=CARTESIAN_POINT('',(-1.18700944378576,-9.90400599376107,-221.637519849727));
#5977=CARTESIAN_POINT('',(-1.23364586292278,-9.962360992496,-221.853021723227));
#5978=CARTESIAN_POINT('',(-1.29839905825694,-9.75617270442784,-222.302520182799));
#5979=CARTESIAN_POINT('',(-1.32699381582353,-9.4323253007515,-222.64559352789));
#5980=CARTESIAN_POINT('',(-1.32082866316935,-9.22274327928995,-222.721052080495));
#5981=CARTESIAN_POINT('',(-0.111014468125115,-10.0027581579047,-221.843633465071));
#5982=CARTESIAN_POINT('',(-0.122602459609655,-10.0180646256995,-221.896793824114));
#5983=CARTESIAN_POINT('',(-0.133534847139335,-10.0211528504961,-221.952617184585));
#5984=CARTESIAN_POINT('',(-0.15344362579163,-10.0109128536947,-222.062878779378));
#5985=CARTESIAN_POINT('',(-0.162410335258267,-9.9979968160188,-222.117041431219));
#5986=CARTESIAN_POINT('',(-0.186897171731593,-9.94559660008457,-222.274770406914));
#5987=CARTESIAN_POINT('',(-0.200324344061462,-9.8920892326434,-222.37548551103));
#5988=CARTESIAN_POINT('',(-0.222736018314726,-9.76526595151064,-222.565682816323));
#5989=CARTESIAN_POINT('',(-0.231593149637013,-9.69150942363988,-222.654741879899));
#5990=CARTESIAN_POINT('',(-0.242322688188676,-9.52268092464004,-222.806019658118));
#5991=CARTESIAN_POINT('',(-0.24419618945809,-9.42719369929255,-222.868493335633));
#5992=CARTESIAN_POINT('',(-0.240750206303292,-9.32115161970078,-222.904754401594));
#5993=CARTESIAN_POINT('',(-0.240662667061304,-9.31845780407534,-222.905675551259));
#5994=CARTESIAN_POINT('',(-0.240575127819317,-9.3157639884499,-222.906596700924));
#5995=CARTESIAN_POINT('',(-0.240487588577322,-9.31307017282448,-222.907517850589));
#5996=CARTESIAN_POINT('',(-0.123956333450938,-10.3549508897878,-221.742454256856));
#5997=CARTESIAN_POINT('',(-0.146732615044547,-10.3842481881952,-221.845726472038));
#5998=CARTESIAN_POINT('',(-0.166488421540829,-10.3879266796548,-221.946468567195));
#5999=CARTESIAN_POINT('',(-0.198866690250805,-10.37114824966,-222.124637349506));
#6000=CARTESIAN_POINT('',(-0.211850665489214,-10.3515548317337,-222.203435265103));
#6001=CARTESIAN_POINT('',(-0.245692868277245,-10.2789994950293,-222.422074179672));
#6002=CARTESIAN_POINT('',(-0.261928295724694,-10.2111941356179,-222.547236931373));
#6003=CARTESIAN_POINT('',(-0.288669736806947,-10.055944625166,-222.78081110615));
#6004=CARTESIAN_POINT('',(-0.299445373143729,-9.96438995426421,-222.893104829313));
#6005=CARTESIAN_POINT('',(-0.312679919066509,-9.7396255533466,-223.09562189485));
#6006=CARTESIAN_POINT('',(-0.315289680085133,-9.60509696390619,-223.187663762704));
#6007=CARTESIAN_POINT('',(-0.309363881714975,-9.43853166075564,-223.245281249218));
#6008=CARTESIAN_POINT('',(-0.309213347056414,-9.43430035731453,-223.24674492181));
#6009=CARTESIAN_POINT('',(-0.309062812397877,-9.43006905387339,-223.248208594402));
#6010=CARTESIAN_POINT('',(-0.308912277739333,-9.42583775043226,-223.249672266994));
#6011=CARTESIAN_POINT('',(-0.409132409023365,-10.7705037636057,-221.564451842751));
#6012=CARTESIAN_POINT('',(-0.445913968354781,-10.817100697145,-221.730540526456));
#6013=CARTESIAN_POINT('',(-0.476723400427859,-10.8213862790192,-221.887640474595));
#6014=CARTESIAN_POINT('',(-0.524754230166642,-10.7962230410808,-222.151144880706));
#6015=CARTESIAN_POINT('',(-0.542797692180947,-10.7682093293324,-222.260975341403));
#6016=CARTESIAN_POINT('',(-0.588454576068103,-10.6703027016336,-222.556477005925));
#6017=CARTESIAN_POINT('',(-0.60829090141394,-10.584601419906,-222.712704319244));
#6018=CARTESIAN_POINT('',(-0.640631739833112,-10.3938732099041,-223.001506637364));
#6019=CARTESIAN_POINT('',(-0.653902230994994,-10.2801510394791,-223.143345000632));
#6020=CARTESIAN_POINT('',(-0.670461249716351,-9.98576865396879,-223.410853408549));
#6021=CARTESIAN_POINT('',(-0.674091298383531,-9.80266289505647,-223.540288461651));
#6022=CARTESIAN_POINT('',(-0.665153813870124,-9.56076421454894,-223.624974772227));
#6023=CARTESIAN_POINT('',(-0.664926772534017,-9.55461919694994,-223.627126081477));
#6024=CARTESIAN_POINT('',(-0.66469973119791,-9.54847417935097,-223.629277390726));
#6025=CARTESIAN_POINT('',(-0.664472689861804,-9.542329161752,-223.631428699976));
#6026=CARTESIAN_POINT('',(-0.947129896853697,-10.7211276815339,-221.461395035079));
#6027=CARTESIAN_POINT('',(-0.983944851408436,-10.7673560172695,-221.627834758369));
#6028=CARTESIAN_POINT('',(-1.01480942284572,-10.771370904789,-221.785355832743));
#6029=CARTESIAN_POINT('',(-1.06297164820297,-10.7457841340712,-222.049763517914));
#6030=CARTESIAN_POINT('',(-1.08109091990305,-10.717623285248,-222.16007090931));
#6031=CARTESIAN_POINT('',(-1.12698875045383,-10.6194018774698,-222.457023226504));
#6032=CARTESIAN_POINT('',(-1.14700623283055,-10.5336537311299,-222.614260544286));
#6033=CARTESIAN_POINT('',(-1.1797214504588,-10.3430336951576,-222.905076975069));
#6034=CARTESIAN_POINT('',(-1.19318538599853,-10.2294718835224,-223.047917970067));
#6035=CARTESIAN_POINT('',(-1.2101308357536,-9.93569328327277,-223.317310843783));
#6036=CARTESIAN_POINT('',(-1.21395335549125,-9.75303574360306,-223.447621585696));
#6037=CARTESIAN_POINT('',(-1.20519948965134,-9.51177921949828,-223.533044699183));
#6038=CARTESIAN_POINT('',(-1.20497711283004,-9.50565051477206,-223.535214725637));
#6039=CARTESIAN_POINT('',(-1.20475473600875,-9.49952181004586,-223.53738475209));
#6040=CARTESIAN_POINT('',(-1.20453235918746,-9.49339310531965,-223.539554778544));
#6041=CARTESIAN_POINT('',(-1.19995130911161,-10.2561987256441,-221.536340641512));
#6042=CARTESIAN_POINT('',(-1.22279446151545,-10.2847630056853,-221.640313265756));
#6043=CARTESIAN_POINT('',(-1.24266046637622,-10.2878959311937,-221.74189928349));
#6044=CARTESIAN_POINT('',(-1.27530152632352,-10.2702704356416,-221.921874623923));
#6045=CARTESIAN_POINT('',(-1.28843712093191,-10.2503827435654,-222.001626400919));
#6046=CARTESIAN_POINT('',(-1.32276121705165,-10.1771978467006,-222.223166620828));
#6047=CARTESIAN_POINT('',(-1.33935895856311,-10.1092987580659,-222.350349381457));
#6048=CARTESIAN_POINT('',(-1.36684915805312,-9.95426559567305,-222.587951781558));
#6049=CARTESIAN_POINT('',(-1.37801168314319,-9.86303164235219,-222.702250768186));
#6050=CARTESIAN_POINT('',(-1.39201909114862,-9.6394748119531,-222.908536765315));
#6051=CARTESIAN_POINT('',(-1.39501475288619,-9.50584149685168,-223.00233659613));
#6052=CARTESIAN_POINT('',(-1.38945523327748,-9.34056167065434,-223.061421103131));
#6053=CARTESIAN_POINT('',(-1.38931400329738,-9.33636302253188,-223.062922042841));
#6054=CARTESIAN_POINT('',(-1.38917277331726,-9.33216437440944,-223.064422982551));
#6055=CARTESIAN_POINT('',(-1.38903154333715,-9.32796572628699,-223.065923922261));
#6056=CARTESIAN_POINT('',(-1.18700944378576,-9.90400599376107,-221.637519849727));
#6057=CARTESIAN_POINT('',(-1.19866448431222,-9.91858965793946,-221.691376537605));
#6058=CARTESIAN_POINT('',(-1.20970689197465,-9.92112210203534,-221.748047900881));
#6059=CARTESIAN_POINT('',(-1.22987846186416,-9.91003503967599,-221.860116053794));
#6060=CARTESIAN_POINT('',(-1.23899679069951,-9.89682472785105,-221.915232567036));
#6061=CARTESIAN_POINT('',(-1.26396552050886,-9.8437949517547,-222.075862848068));
#6062=CARTESIAN_POINT('',(-1.27775500690394,-9.79019385509162,-222.178597961115));
#6063=CARTESIAN_POINT('',(-1.3009154395569,-9.66358692201739,-222.37282349173));
#6064=CARTESIAN_POINT('',(-1.31015945963184,-9.59015111172935,-222.463887818774));
#6065=CARTESIAN_POINT('',(-1.32166186027542,-9.42253018324511,-222.61893452858));
#6066=CARTESIAN_POINT('',(-1.32392305963495,-9.32793611113802,-222.683178131288));
#6067=CARTESIAN_POINT('',(-1.32084155786592,-9.22318162959945,-222.720894255507));
#6068=CARTESIAN_POINT('',(-1.32076327764314,-9.22052052317559,-222.72185236841));
#6069=CARTESIAN_POINT('',(-1.32068499742035,-9.21785941675172,-222.722810481314));
#6070=CARTESIAN_POINT('',(-1.32060671719756,-9.21519831032785,-222.723768594217));
#6071=CARTESIAN_POINT('',(-1.32082870998199,-9.22274487066793,-222.72105150753));
#6072=CARTESIAN_POINT('',(-1.33797954589903,-9.25202679297476,-222.806205492545));
#6073=CARTESIAN_POINT('',(-1.35342700194527,-9.33388697378979,-223.041374219999));
#6074=CARTESIAN_POINT('',(-0.903410732638745,-9.48109293474825,-223.42182949746));
#6075=CARTESIAN_POINT('',(-0.335053718368137,-9.42625362297059,-223.214722318658));
#6076=CARTESIAN_POINT('',(-0.257886672809589,-9.34999141682979,-222.990059559505));
#6077=CARTESIAN_POINT('',(-0.240735838765994,-9.32070949231206,-222.904905586958));
#6078=CARTESIAN_POINT('',(-0.240859950778716,-9.32443729050933,-222.903648099569));
#6079=CARTESIAN_POINT('',(-0.240735785886943,-9.3207078650828,-222.904906143389));
#6080=CARTESIAN_POINT('',(-0.247630155598434,-9.5328659833704,-222.832358721168));
#6081=CARTESIAN_POINT('',(-0.220600871740176,-9.85865411334198,-222.497212381421));
#6082=CARTESIAN_POINT('',(-0.157382598164529,-10.0640053800914,-222.056349054681));
#6083=CARTESIAN_POINT('',(-0.111014468125115,-10.0027581579047,-221.843633465071));
#6084=CARTESIAN_POINT('',(-0.111014468125115,-10.0027581579047,-221.843633465071));
#6085=CARTESIAN_POINT('',(-0.111014495636318,-10.002758194244,-221.84363359128));
#6086=CARTESIAN_POINT('',(-0.11424996860834,-10.0908063855187,-221.818338818969));
#6087=CARTESIAN_POINT('',(-0.153728459229148,-10.3257150115039,-221.744153973339));
#6088=CARTESIAN_POINT('',(-0.672145615300883,-10.5829266789062,-221.559719162419));
#6089=CARTESIAN_POINT('',(-1.16823800785902,-10.2326058265346,-221.549818280437));
#6090=CARTESIAN_POINT('',(-1.19024494442807,-9.99205421965296,-221.612225205281));
#6091=CARTESIAN_POINT('',(-1.18700947145615,-9.90400602838431,-221.637519977589));
#6092=CARTESIAN_POINT('',(6.99284992709308,32.5740201729367,-157.230388452953));
#6093=CARTESIAN_POINT('',(7.40579256984111,31.601782151043,-158.504602214595));
#6094=CARTESIAN_POINT('',(7.7635999772101,30.5915859391569,-159.761008180013));
#6095=CARTESIAN_POINT('',(8.37021525690226,28.5369387508621,-162.271809222897));
#6096=CARTESIAN_POINT('',(8.61539022795779,27.4896661551294,-163.524241276503));
#6097=CARTESIAN_POINT('',(9.19541619628161,24.3173392252456,-167.276897915574));
#6098=CARTESIAN_POINT('',(9.37027690302274,22.1576473294809,-169.771057954022));
#6099=CARTESIAN_POINT('',(9.26961867591085,17.9471807033849,-174.832919843138));
#6100=CARTESIAN_POINT('',(9.01849930152471,15.9152872839907,-177.409861149951));
#6101=CARTESIAN_POINT('',(8.72489137639182,12.8338077868923,-181.259565418821));
#6102=CARTESIAN_POINT('',(8.64112014647897,11.7924413886505,-182.534170258178));
#6103=CARTESIAN_POINT('',(8.37749305638963,9.75863701944631,-185.112069814076));
#6104=CARTESIAN_POINT('',(8.18833596147942,8.77634202908463,-186.421392120637));
#6105=CARTESIAN_POINT('',(7.4861157541007,5.96716071229873,-190.418825287547));
#6106=CARTESIAN_POINT('',(6.8773183155233,4.26073699656509,-193.167611434252));
#6107=CARTESIAN_POINT('',(5.96538291981091,1.73408436742474,-197.310565414912));
#6108=CARTESIAN_POINT('',(5.65689999030797,0.897884149842647,-198.694937595176));
#6109=CARTESIAN_POINT('',(5.02397009955391,-0.76505126274843,-201.46692206298));
#6110=CARTESIAN_POINT('',(4.69900945186602,-1.59214038480687,-202.854255548126));
#6111=CARTESIAN_POINT('',(4.01693272411836,-3.20146428288027,-205.646895259121));
#6112=CARTESIAN_POINT('',(3.65963738848947,-3.9838957597619,-207.05228544267));
#6113=CARTESIAN_POINT('',(2.91285489160646,-5.45039569203194,-209.904062617001));
#6114=CARTESIAN_POINT('',(2.52410336563624,-6.13382402632567,-211.350670606439));
#6115=CARTESIAN_POINT('',(1.74300541157402,-7.39543214200499,-214.285828722289));
#6116=CARTESIAN_POINT('',(1.35115484349636,-7.97330663481585,-215.774401025541));
#6117=CARTESIAN_POINT('',(0.593301709033882,-9.05420769130391,-218.782837905021));
#6118=CARTESIAN_POINT('',(0.225071359410044,-9.55882337286482,-220.30182772571));
#6119=CARTESIAN_POINT('',(-0.111014609032545,-10.0027583440305,-221.843634111488));
#6120=CARTESIAN_POINT('',(7.34808426802778,32.6431403953028,-157.171435909961));
#6121=CARTESIAN_POINT('',(7.76368436242063,31.6591863877082,-158.447909941885));
#6122=CARTESIAN_POINT('',(8.12323040567429,30.6369479705537,-159.704126391571));
#6123=CARTESIAN_POINT('',(8.73231604500208,28.5553754080976,-162.215502866449));
#6124=CARTESIAN_POINT('',(8.97781990752433,27.4944749030863,-163.46711357051));
#6125=CARTESIAN_POINT('',(9.55609947654078,24.2802342438538,-167.215535514673));
#6126=CARTESIAN_POINT('',(9.72615475817081,22.0896009639889,-169.706191151102));
#6127=CARTESIAN_POINT('',(9.60641175378474,17.8180210677441,-174.759603617283));
#6128=CARTESIAN_POINT('',(9.3417140447767,15.7613449307177,-177.325334785873));
#6129=CARTESIAN_POINT('',(9.02555936175415,12.6580062983555,-181.144007581783));
#6130=CARTESIAN_POINT('',(8.93352022770713,11.6077146155568,-182.41118266017));
#6131=CARTESIAN_POINT('',(8.65031819566477,9.54514500810255,-184.990680597296));
#6132=CARTESIAN_POINT('',(8.45030692967683,8.54853591214711,-186.302328857663));
#6133=CARTESIAN_POINT('',(7.71529775230717,5.70432068223869,-190.301099760561));
#6134=CARTESIAN_POINT('',(7.08446908779012,3.98274129477373,-193.045764360549));
#6135=CARTESIAN_POINT('',(6.14127118344401,1.44119940961224,-197.176868017634));
#6136=CARTESIAN_POINT('',(5.82231058961593,0.600603922775443,-198.557666848251));
#6137=CARTESIAN_POINT('',(5.16848381752415,-1.06993228561342,-201.322898436663));
#6138=CARTESIAN_POINT('',(4.83278837704669,-1.90103975212418,-202.708418018088));
#6139=CARTESIAN_POINT('',(4.12862288811836,-3.51878171096505,-205.50054239029));
#6140=CARTESIAN_POINT('',(3.75987458597509,-4.3058275707223,-206.907585317867));
#6141=CARTESIAN_POINT('',(2.9892262273854,-5.78210870338368,-209.767096893642));
#6142=CARTESIAN_POINT('',(2.58856990321084,-6.46972985888904,-211.21789582119));
#6143=CARTESIAN_POINT('',(1.78393629433945,-7.73852722595157,-214.162425996929));
#6144=CARTESIAN_POINT('',(1.38075693377136,-8.31893980262991,-215.655111250866));
#6145=CARTESIAN_POINT('',(0.601580618700574,-9.40291787068905,-218.6692540577));
#6146=CARTESIAN_POINT('',(0.222454626975754,-9.90925679498048,-220.193211580668));
#6147=CARTESIAN_POINT('',(-0.123956373533934,-10.3549509414251,-221.742454422318));
#6148=CARTESIAN_POINT('',(7.80606531596775,32.5133914974834,-156.928304201443));
#6149=CARTESIAN_POINT('',(8.21810472211739,31.5163439934951,-158.205055449813));
#6150=CARTESIAN_POINT('',(8.57246432082566,30.4793421396686,-159.460513112543));
#6151=CARTESIAN_POINT('',(9.16879914960964,28.3653320884981,-161.971855222711));
#6152=CARTESIAN_POINT('',(9.40630725488641,27.2882700568929,-163.222308461397));
#6153=CARTESIAN_POINT('',(9.95596598467242,24.0253344622321,-166.966025812519));
#6154=CARTESIAN_POINT('',(10.10069806185,21.7999529423859,-169.454052837093));
#6155=CARTESIAN_POINT('',(9.91772981273682,17.4633665449246,-174.504547490985));
#6156=CARTESIAN_POINT('',(9.61611311856632,15.3832560507813,-177.06213275839));
#6157=CARTESIAN_POINT('',(9.24460525463644,12.2679026631832,-180.850768389301));
#6158=CARTESIAN_POINT('',(9.13363998415138,11.2122153421861,-182.111518295123));
#6159=CARTESIAN_POINT('',(8.809817866955,9.12576697127784,-184.699221782031));
#6160=CARTESIAN_POINT('',(8.58866266572912,8.11753470382109,-186.017195300492));
#6161=CARTESIAN_POINT('',(7.7916738257976,5.24875518127475,-190.028399516333));
#6162=CARTESIAN_POINT('',(7.12169845663401,3.5217507799278,-192.775469584433));
#6163=CARTESIAN_POINT('',(6.12548769615256,0.982924485969865,-196.901649566472));
#6164=CARTESIAN_POINT('',(5.78935079270329,0.144106445058352,-198.281074471681));
#6165=CARTESIAN_POINT('',(5.1022524448896,-1.52121877129518,-201.043732623498));
#6166=CARTESIAN_POINT('',(4.75006752032996,-2.34990851838489,-202.429760806793));
#6167=CARTESIAN_POINT('',(4.01299417356794,-3.96337510915038,-205.226786182071));
#6168=CARTESIAN_POINT('',(3.62770373071146,-4.748829972188,-206.638664460677));
#6169=CARTESIAN_POINT('',(2.82343807718103,-6.22297638271285,-209.513742067774));
#6170=CARTESIAN_POINT('',(2.40634044368396,-6.90883696443799,-210.972909587984));
#6171=CARTESIAN_POINT('',(1.56971218911161,-8.17308752361624,-213.935917142851));
#6172=CARTESIAN_POINT('',(1.15135626587162,-8.75014185723667,-215.437377556659));
#6173=CARTESIAN_POINT('',(0.343981279897078,-9.8253715762732,-218.466415981169));
#6174=CARTESIAN_POINT('',(-0.0492904989702708,-10.3278113218278,-220.000712283457));
#6175=CARTESIAN_POINT('',(-0.409132322933152,-10.770503644584,-221.564451407801));
#6176=CARTESIAN_POINT('',(7.8339415595108,32.0810931459293,-156.589422141886));
#6177=CARTESIAN_POINT('',(8.23222166834299,31.0871572501065,-157.861082377484));
#6178=CARTESIAN_POINT('',(8.57185608000654,30.0507253991453,-159.115491025439));
#6179=CARTESIAN_POINT('',(9.13651338853663,27.9391538064713,-161.625325826509));
#6180=CARTESIAN_POINT('',(9.35720775074264,26.8638384944379,-162.875517507841));
#6181=CARTESIAN_POINT('',(9.85399080019093,23.6082973528207,-166.620412411089));
#6182=CARTESIAN_POINT('',(9.96009003087432,21.3907728121971,-169.111943216012));
#6183=CARTESIAN_POINT('',(9.69838323642014,17.0769565891004,-174.177725803391));
#6184=CARTESIAN_POINT('',(9.35687440850769,15.0119341746829,-176.747044614078));
#6185=CARTESIAN_POINT('',(8.93102707674917,11.9271991138846,-180.553184596703));
#6186=CARTESIAN_POINT('',(8.80287929365262,10.8830337277744,-181.81965855978));
#6187=CARTESIAN_POINT('',(8.44675436166451,8.82074092639253,-184.41977719372));
#6188=CARTESIAN_POINT('',(8.21044671706169,7.82504757932921,-185.74458634339));
#6189=CARTESIAN_POINT('',(7.37147097781927,4.99472425486453,-189.777312845731));
#6190=CARTESIAN_POINT('',(6.67828026389883,3.29475900490134,-192.539497716591));
#6191=CARTESIAN_POINT('',(5.65420006236493,0.798587033122849,-196.685456157279));
#6192=CARTESIAN_POINT('',(5.30990470074006,-0.0256879425884411,-198.071066585803));
#6193=CARTESIAN_POINT('',(4.60850540456297,-1.66158918561554,-200.84546006301));
#6194=CARTESIAN_POINT('',(4.2501784938541,-2.4753976325988,-202.237040209152));
#6195=CARTESIAN_POINT('',(3.50251133455775,-4.05926833532331,-205.045155937855));
#6196=CARTESIAN_POINT('',(3.11276902604293,-4.83000524783079,-206.462573058305));
#6197=CARTESIAN_POINT('',(2.30093343775245,-6.27542921287958,-209.349446724433));
#6198=CARTESIAN_POINT('',(1.88071518020776,-6.94728659421938,-210.814874084692));
#6199=CARTESIAN_POINT('',(1.03893677222818,-8.18447040898731,-213.791406248099));
#6200=CARTESIAN_POINT('',(0.618549704048048,-8.74846304688063,-215.300134604851));
#6201=CARTESIAN_POINT('',(-0.191914671540179,-9.79850353901312,-218.344699446491));
#6202=CARTESIAN_POINT('',(-0.586246703310437,-10.2888390841493,-219.887251716768));
#6203=CARTESIAN_POINT('',(-0.947129810558743,-10.7211275574387,-221.461394601665));
#6204=CARTESIAN_POINT('',(7.40383675511391,31.7785436921947,-156.493671790847));
#6205=CARTESIAN_POINT('',(7.7919249015875,30.800808890335,-157.759958255736));
#6206=CARTESIAN_POINT('',(8.12201392403695,29.7797144894666,-159.014082217345));
#6207=CARTESIAN_POINT('',(8.66774452285517,27.7030188440845,-161.522444074063));
#6208=CARTESIAN_POINT('',(8.87962089924036,26.6456117781584,-162.77353166334));
#6209=CARTESIAN_POINT('',(9.3521491075706,23.4461600250667,-166.52430871193));
#6210=CARTESIAN_POINT('',(9.44493869626608,21.271240703691,-169.021971908934));
#6211=CARTESIAN_POINT('',(9.16771860110474,17.0452011560159,-174.105960242099));
#6212=CARTESIAN_POINT('',(8.82323662464595,15.0187011784946,-176.695158497336));
#6213=CARTESIAN_POINT('',(8.39840300598633,11.9765991997715,-180.548839996543));
#6214=CARTESIAN_POINT('',(8.27199884667354,10.9493513866949,-181.827463189458));
#6215=CARTESIAN_POINT('',(7.92419118511991,8.93509291837023,-184.431791420699));
#6216=CARTESIAN_POINT('',(7.69387503235045,7.96356166317558,-185.757110943466));
#6217=CARTESIAN_POINT('',(6.87489205633351,5.19625882939375,-189.798926419342));
#6218=CARTESIAN_POINT('',(6.19763270236191,3.52875774473762,-192.573820624881));
#6219=CARTESIAN_POINT('',(5.19869591584771,1.07252450390985,-196.74448119924));
#6220=CARTESIAN_POINT('',(4.86341840569914,0.261015147475657,-198.137651076495));
#6221=CARTESIAN_POINT('',(4.18098973686112,-1.35067311424799,-200.926353315688));
#6222=CARTESIAN_POINT('',(3.83301032407344,-2.15201798057941,-202.322976822838));
#6223=CARTESIAN_POINT('',(3.10765721011952,-3.71056816328355,-205.137281901826));
#6224=CARTESIAN_POINT('',(2.73000517664802,-4.46817812197872,-206.555402513037));
#6225=CARTESIAN_POINT('',(1.94421694851815,-5.88701436374631,-209.438506207047));
#6226=CARTESIAN_POINT('',(1.53731937626833,-6.54662911842692,-210.901824814543));
#6227=CARTESIAN_POINT('',(0.722385460562735,-7.76129299671867,-213.873404207488));
#6228=CARTESIAN_POINT('',(0.315143810135334,-8.315582181912,-215.380625347228));
#6229=CARTESIAN_POINT('',(-0.470211284184982,-9.34918179617473,-218.425820988365));
#6230=CARTESIAN_POINT('',(-0.851460977640427,-9.83130702198858,-219.966291191794));
#6231=CARTESIAN_POINT('',(-1.19995134881825,-10.2561987670796,-221.536340810055));
#6232=CARTESIAN_POINT('',(7.04860241417918,31.7094234698287,-156.552624333839));
#6233=CARTESIAN_POINT('',(7.43403847550007,30.7434013542707,-157.816646035655));
#6234=CARTESIAN_POINT('',(7.76238349556997,29.7343524580495,-159.070964005781));
#6235=CARTESIAN_POINT('',(8.30564373475814,27.6845821868693,-161.578750430516));
#6236=CARTESIAN_POINT('',(8.51719121967585,26.6408030302049,-162.830659369316));
#6237=CARTESIAN_POINT('',(8.99146582730734,23.4832650064519,-166.585671112865));
#6238=CARTESIAN_POINT('',(9.08906084112443,21.3392870692014,-169.086838711967));
#6239=CARTESIAN_POINT('',(8.83092552322437,17.1743607916384,-174.179276467842));
#6240=CARTESIAN_POINT('',(8.50002188139275,15.1726435317584,-176.779684861461));
#6241=CARTESIAN_POINT('',(8.09773502062462,12.152400688313,-180.664397833557));
#6242=CARTESIAN_POINT('',(7.97959876541827,11.1340781597638,-181.95045078745));
#6243=CARTESIAN_POINT('',(7.65136604587183,9.14858492973879,-184.553180637496));
#6244=CARTESIAN_POINT('',(7.43190406415753,8.19136778011696,-185.876174206443));
#6245=CARTESIAN_POINT('',(6.64571005811798,5.45909885944603,-189.916651946323));
#6246=CARTESIAN_POINT('',(5.99048193012827,3.80675344654489,-192.695667698599));
#6247=CARTESIAN_POINT('',(5.02280765219804,1.36540946171442,-196.878178596511));
#6248=CARTESIAN_POINT('',(4.69800780639243,0.558295374535604,-198.274921823443));
#6249=CARTESIAN_POINT('',(4.03647601888962,-1.04579209137576,-201.070376941982));
#6250=CARTESIAN_POINT('',(3.69923139888452,-1.84311861325521,-202.468814352851));
#6251=CARTESIAN_POINT('',(2.99596704612776,-3.39325073520567,-205.283634770681));
#6252=CARTESIAN_POINT('',(2.62976797915503,-4.14624631101781,-206.700102637838));
#6253=CARTESIAN_POINT('',(1.8678456127466,-5.55530135239513,-209.575471930407));
#6254=CARTESIAN_POINT('',(1.47285283869419,-6.21072328585677,-211.03459959977));
#6255=CARTESIAN_POINT('',(0.681454577796892,-7.41819791277887,-213.996806932871));
#6256=CARTESIAN_POINT('',(0.285541719869845,-7.96994901408685,-215.499915121884));
#6257=CARTESIAN_POINT('',(-0.478490193861154,-9.00047161680065,-218.539404835704));
#6258=CARTESIAN_POINT('',(-0.848846863704279,-9.48086931884641,-220.074907944026));
#6259=CARTESIAN_POINT('',(-1.18700958434397,-9.90400616964067,-221.637520499231));
#6260=CARTESIAN_POINT('',(6.99284992709308,32.5740201729367,-157.230388452953));
#6261=CARTESIAN_POINT('',(7.12918786494184,32.600548319276,-157.207762633272));
#6262=CARTESIAN_POINT('',(7.49505026827119,32.5845552534529,-157.080472510817));
#6263=CARTESIAN_POINT('',(7.59187262999825,32.1018072875297,-156.681379718139));
#6264=CARTESIAN_POINT('',(7.4245973687111,31.9043889499346,-156.583240417947));
#6265=CARTESIAN_POINT('',(7.33949014786843,31.8395368394849,-156.560487113694));
#6266=CARTESIAN_POINT('',(6.99284992709308,32.5740201729367,-157.230388452953));
#6267=CARTESIAN_POINT('',(-0.111014593414566,-10.0027583234008,-221.84363403984));
#6268=CARTESIAN_POINT('',(0.561159522016354,-9.11488550230568,-218.760011284678));
#6269=CARTESIAN_POINT('',(2.15070710958194,-6.97746795237246,-212.73079854239));
#6270=CARTESIAN_POINT('',(4.43213351246729,-2.49426793848576,-204.21160594297));
#6271=CARTESIAN_POINT('',(6.26860134662791,2.57376340280283,-195.926164687918));
#6272=CARTESIAN_POINT('',(7.8028012906831,6.80984279435834,-189.038665711274));
#6273=CARTESIAN_POINT('',(8.56402874005938,10.7473896838528,-183.806757501459));
#6274=CARTESIAN_POINT('',(8.88748388371589,14.9101697908133,-178.705702599679));
#6275=CARTESIAN_POINT('',(9.53391734944662,19.9860979071489,-172.259773881861));
#6276=CARTESIAN_POINT('',(9.0258205414421,26.4751247413136,-164.777929757847));
#6277=CARTESIAN_POINT('',(7.81873503345077,30.6295445509151,-159.778815423472));
#6278=CARTESIAN_POINT('',(6.99284992709308,32.5740201729367,-157.230388452953));
#6279=CARTESIAN_POINT('',(7.33335356408545,31.8349166174796,-156.558888474871));
#6280=CARTESIAN_POINT('',(7.33103686265868,31.8407185204235,-156.551359322862));
#6281=CARTESIAN_POINT('',(7.32871991525732,31.8465199387565,-156.543828551862));
#6282=CARTESIAN_POINT('',(7.32166997753553,31.8641690595066,-156.520911533256));
#6283=CARTESIAN_POINT('',(7.31693733650475,31.8760128871916,-156.505523185141));
#6284=CARTESIAN_POINT('',(7.31212656681833,31.888048082548,-156.489876598892));
#6285=CARTESIAN_POINT('',(7.31204840597344,31.88824361793,-156.489622386797));
#6286=CARTESIAN_POINT('',(7.31197024519417,31.8884391520361,-156.489368173787));
#6287=CARTESIAN_POINT('',(7.61158645419801,32.0419275876297,-156.629453465492));
#6288=CARTESIAN_POINT('',(7.60923940057999,32.0477655341588,-156.621938241521));
#6289=CARTESIAN_POINT('',(7.60689184995407,32.053603614715,-156.614420542258));
#6290=CARTESIAN_POINT('',(7.59974965055207,32.0713621959412,-156.591545877049));
#6291=CARTESIAN_POINT('',(7.59495551714519,32.0832784320639,-156.57618714969));
#6292=CARTESIAN_POINT('',(7.59008206263048,32.0953876750239,-156.560569855619));
#6293=CARTESIAN_POINT('',(7.59000288335025,32.0955844134433,-156.560316119398));
#6294=CARTESIAN_POINT('',(7.5899237041451,32.0957811505676,-156.560062382222));
#6295=CARTESIAN_POINT('',(7.71905667002949,32.3520810739754,-156.832491459254));
#6296=CARTESIAN_POINT('',(7.71665506586051,32.3579431531579,-156.824968242601));
#6297=CARTESIAN_POINT('',(7.71425286913094,32.3638056508141,-156.817442145225));
#6298=CARTESIAN_POINT('',(7.70694481637144,32.3816376554195,-156.794542946161));
#6299=CARTESIAN_POINT('',(7.7020396049687,32.3936027698247,-156.779168128719));
#6300=CARTESIAN_POINT('',(7.69705323947395,32.4057619479837,-156.763533983748));
#6301=CARTESIAN_POINT('',(7.69697222574645,32.4059594977104,-156.763279973696));
#6302=CARTESIAN_POINT('',(7.6968912121193,32.4061570461486,-156.763025962635));
#6303=CARTESIAN_POINT('',(7.52914593394139,32.574278447991,-157.061900504727));
#6304=CARTESIAN_POINT('',(7.52669741854005,32.5801320498239,-157.054346666548));
#6305=CARTESIAN_POINT('',(7.52424848703243,32.5859857169206,-157.046790411116));
#6306=CARTESIAN_POINT('',(7.51679778581576,32.603792185857,-157.023797729373));
#6307=CARTESIAN_POINT('',(7.51179665162639,32.6157408954808,-157.008359219588));
#6308=CARTESIAN_POINT('',(7.50671301014888,32.6278832191973,-156.992660605564));
#6309=CARTESIAN_POINT('',(7.50663041599942,32.6280804951239,-156.992405548044));
#6310=CARTESIAN_POINT('',(7.50654782197804,32.6282777697973,-156.992150489479));
#6311=CARTESIAN_POINT('',(7.23099530630506,32.6203580753195,-157.190866744121));
#6312=CARTESIAN_POINT('',(7.22852946841291,32.626184937449,-157.183282419031));
#6313=CARTESIAN_POINT('',(7.22606349260892,32.6320112534425,-157.175696503874));
#6314=CARTESIAN_POINT('',(7.21856010592389,32.6497366718827,-157.15261084331));
#6315=CARTESIAN_POINT('',(7.21352323214394,32.6616321253999,-157.137108550009));
#6316=CARTESIAN_POINT('',(7.20840353164257,32.6737199297033,-157.121345766805));
#6317=CARTESIAN_POINT('',(7.20832035165469,32.6739163198861,-157.121089666719));
#6318=CARTESIAN_POINT('',(7.20823717180996,32.6741127088524,-157.120833565586));
#6319=CARTESIAN_POINT('',(6.99284962574084,32.5740208824478,-157.230387523069));
#6320=CARTESIAN_POINT('',(6.99038541978933,32.5798226966197,-157.222783675367));
#6321=CARTESIAN_POINT('',(6.98792129824755,32.5856234637155,-157.215178928072));
#6322=CARTESIAN_POINT('',(6.98042286192942,32.6032728951285,-157.192033771476));
#6323=CARTESIAN_POINT('',(6.97538898243909,32.6151182583523,-157.176490475539));
#6324=CARTESIAN_POINT('',(6.97027251677242,32.627154810247,-157.16068661061));
#6325=CARTESIAN_POINT('',(6.97018938934534,32.6273503677527,-157.160429843077));
#6326=CARTESIAN_POINT('',(6.97010626206562,32.6275459240663,-157.160173074508));
#6327=CARTESIAN_POINT('',(7.54627633993773,32.2649989908621,-156.782104198444));
#6328=CARTESIAN_POINT('',(7.55193590251009,32.1832100868079,-156.716931525872));
#6329=CARTESIAN_POINT('',(7.5061662103191,31.9997223114865,-156.57896746789));
#6330=CARTESIAN_POINT('',(7.33027533230235,31.8772302969474,-156.517239467964));
#6331=CARTESIAN_POINT('',(7.54627633993771,32.2649989908621,-156.782104198444));
#6332=CARTESIAN_POINT('',(6.99284962574084,32.5740208824478,-157.230387523069));
#6333=CARTESIAN_POINT('',(6.98535066863381,32.5916766938833,-157.207247846887));
#6334=CARTESIAN_POINT('',(6.97785249678168,32.6093228088839,-157.184099839201));
#6335=CARTESIAN_POINT('',(6.97035564434676,32.6269592515493,-157.160943377105));
#6336=CARTESIAN_POINT('',(7.18401143956474,32.619077843474,-157.120002558777));
#6337=CARTESIAN_POINT('',(7.40283072612847,32.5745821534111,-157.049512435094));
#6338=CARTESIAN_POINT('',(7.5381241775683,32.3828095844092,-156.875980395069));
#6339=CARTESIAN_POINT('',(7.54627633993773,32.2649989908621,-156.782104198444));
#6340=CARTESIAN_POINT('',(-0.240859950778716,-9.32443729050932,-222.903648099569));
#6341=CARTESIAN_POINT('',(-0.160792064488449,-6.96766051585996,-223.689425003796));
#6342=CARTESIAN_POINT('',(-0.139811557707648,-4.60611890635532,-224.468450928205));
#6343=CARTESIAN_POINT('',(-0.18194116205351,-2.22710782700246,-225.249204770147));
#6344=CARTESIAN_POINT('',(-0.182248635887661,-2.20993195538895,-225.254841412756));
#6345=CARTESIAN_POINT('',(-0.182559419590608,-2.19275607291015,-225.260477860696));
#6346=CARTESIAN_POINT('',(-0.309405823824821,-9.43909510064047,-223.24511478068));
#6347=CARTESIAN_POINT('',(-0.216150886200776,-7.08394812943452,-224.032991728881));
#6348=CARTESIAN_POINT('',(-0.181185182296161,-4.7233361917525,-224.813706280075));
#6349=CARTESIAN_POINT('',(-0.208810478972513,-2.34459520162545,-225.595498304715));
#6350=CARTESIAN_POINT('',(-0.209013214463277,-2.32742123179102,-225.601142412826));
#6351=CARTESIAN_POINT('',(-0.209219238905557,-2.31024720992479,-225.606786293951));
#6352=CARTESIAN_POINT('',(-0.665108186649689,-9.55791483301203,-223.625971899196));
#6353=CARTESIAN_POINT('',(-0.557386384274646,-7.21201642089158,-224.424475078609));
#6354=CARTESIAN_POINT('',(-0.506397477548279,-4.86016186583033,-225.215795363865));
#6355=CARTESIAN_POINT('',(-0.51661514034787,-2.4895726668888,-226.007726753594));
#6356=CARTESIAN_POINT('',(-0.516692132047463,-2.47245749902343,-226.013444042518));
#6357=CARTESIAN_POINT('',(-0.516772347619503,-2.45534223588173,-226.019161078495));
#6358=CARTESIAN_POINT('',(-1.2051482296841,-9.50890977242726,-223.534019433452));
#6359=CARTESIAN_POINT('',(-1.10145986543616,-7.17743400266095,-224.348525113621));
#6360=CARTESIAN_POINT('',(-1.053388006587,-4.84077000059761,-225.156835152163));
#6361=CARTESIAN_POINT('',(-1.0650511708009,-2.48580916085727,-225.966449814932));
#6362=CARTESIAN_POINT('',(-1.06513852124889,-2.46880684248024,-225.972294801693));
#6363=CARTESIAN_POINT('',(-1.06522901807365,-2.45180444525317,-225.978139564359));
#6364=CARTESIAN_POINT('',(-1.38948590989365,-9.34108497947096,-223.061209849191));
#6365=CARTESIAN_POINT('',(-1.30429797425126,-7.01478337320442,-223.881092091393));
#6366=CARTESIAN_POINT('',(-1.27516624072835,-4.68455246131317,-224.695785856692));
#6367=CARTESIAN_POINT('',(-1.30568253987605,-2.3370681895622,-225.512944427391));
#6368=CARTESIAN_POINT('',(-1.30590599284506,-2.32011991860268,-225.518843930877));
#6369=CARTESIAN_POINT('',(-1.30613257976179,-2.30317162838452,-225.524743264846));
#6370=CARTESIAN_POINT('',(-1.32094003684753,-9.22642716933981,-222.719743168081));
#6371=CARTESIAN_POINT('',(-1.24893925452477,-6.89849582394692,-223.537525599746));
#6372=CARTESIAN_POINT('',(-1.23379261643677,-4.56733517594065,-224.350530504857));
#6373=CARTESIAN_POINT('',(-1.27881322295489,-2.21958081493908,-225.166650892823));
#6374=CARTESIAN_POINT('',(-1.27914141425092,-2.20263064211905,-225.172542930567));
#6375=CARTESIAN_POINT('',(-1.27947276040089,-2.1856804911434,-225.178434830924));
#6376=CARTESIAN_POINT('',(-0.18163699698803,-2.2442836840266,-225.243567925293));
#6377=CARTESIAN_POINT('',(-0.139811557707528,-4.60611890634192,-224.468450928209));
#6378=CARTESIAN_POINT('',(-0.160792064488222,-6.96766051585327,-223.689425003798));
#6379=CARTESIAN_POINT('',(-0.240859950778716,-9.32443729050932,-222.903648099569));
#6380=CARTESIAN_POINT('',(15.1290549337359,31.9289382877417,-157.110812427153));
#6381=CARTESIAN_POINT('',(9.92769425020029,31.8355053446568,-156.787727143177));
#6382=CARTESIAN_POINT('',(4.72560733860754,31.7447722047692,-156.47445818504));
#6383=CARTESIAN_POINT('',(-0.47697148360606,31.6624561762292,-156.167083626675));
#6384=CARTESIAN_POINT('',(12.1917972418946,26.3007555848831,-162.36053883094));
#6385=CARTESIAN_POINT('',(7.71491293482833,26.76814272383,-162.417781728873));
#6386=CARTESIAN_POINT('',(3.23785481735606,27.2395741150621,-162.486377591727));
#6387=CARTESIAN_POINT('',(-1.23843580639368,27.7218246397583,-162.56060977774));
#6388=CARTESIAN_POINT('',(8.95974126541519,18.1385292360224,-172.39003323771));
#6389=CARTESIAN_POINT('',(5.53783226860728,19.4312964728215,-173.002670107684));
#6390=CARTESIAN_POINT('',(2.1201678638575,20.7313284488509,-173.62504846122));
#6391=CARTESIAN_POINT('',(-1.29239845206286,22.0430463766512,-174.248706624712));
#6392=CARTESIAN_POINT('',(6.29192953901177,8.25115101726052,-187.613846388744));
#6393=CARTESIAN_POINT('',(3.98629247505178,10.4197765109482,-188.792231605989));
#6394=CARTESIAN_POINT('',(1.68680506018571,12.5918392954198,-189.974978384534));
#6395=CARTESIAN_POINT('',(-0.606743901378639,14.7695841980295,-191.157536990666));
#6396=CARTESIAN_POINT('',(3.8879871672917,-1.47626640010625,-202.839633306017));
#6397=CARTESIAN_POINT('',(2.51599872133932,1.42320101651898,-204.490204029506));
#6398=CARTESIAN_POINT('',(1.14909225431016,4.32312941674173,-206.143798512431));
#6399=CARTESIAN_POINT('',(-0.212304964518484,7.22534176622575,-207.797711780008));
#6400=CARTESIAN_POINT('',(1.33353885518963,-9.06931886490458,-213.054592919688));
#6401=CARTESIAN_POINT('',(0.657889176632863,-5.62617503404505,-215.069963720482));
#6402=CARTESIAN_POINT('',(-0.0121227890322942,-2.18426767201823,-217.089397539688));
#6403=CARTESIAN_POINT('',(-0.675184310141809,1.25857570148904,-219.109619457231));
#6404=CARTESIAN_POINT('',(-0.853954981220787,-14.0685210066348,-218.657025435349));
#6405=CARTESIAN_POINT('',(-0.979551112200514,-10.1961936849632,-220.959784552476));
#6406=CARTESIAN_POINT('',(-1.09931236408198,-6.32638277356025,-223.267187314009));
#6407=CARTESIAN_POINT('',(-1.21122044315248,-2.45684747819707,-225.575442608142));
#6408=CARTESIAN_POINT('',(-0.940944732525345,-8.38248694854639,-221.515576900238));
#6409=CARTESIAN_POINT('',(-0.930526184835265,-6.20840887423726,-222.272799844305));
#6410=CARTESIAN_POINT('',(-0.970542746544581,-4.03211307088104,-223.022967817518));
#6411=CARTESIAN_POINT('',(-1.06385152321782,-1.85538980768365,-223.764284938541));
#6412=CARTESIAN_POINT('',(24.5916529691698,37.528127263741,-154.537095023373));
#6413=CARTESIAN_POINT('',(-5.92337605848328,34.9828447598296,-151.021592798144));
#6414=CARTESIAN_POINT('',(24.3750172273588,37.1662148595144,-154.806766023133));
#6415=CARTESIAN_POINT('',(-5.91962429082334,34.7917535791426,-151.404805123614));
#6416=CARTESIAN_POINT('',(24.1583814855478,36.8043024552877,-155.076437022894));
#6417=CARTESIAN_POINT('',(-5.91587252316334,34.6006623984557,-151.788017449085));
#6418=CARTESIAN_POINT('',(23.0105092107598,34.8866631440602,-156.505323416947));
#6419=CARTESIAN_POINT('',(-5.89599330082299,33.5881412584378,-153.818517126041));
#6420=CARTESIAN_POINT('',(21.8626369359717,32.9690238328325,-157.934209811));
#6421=CARTESIAN_POINT('',(-5.87611407848254,32.57562011842,-155.849016802998));
#6422=CARTESIAN_POINT('',(12.2579189834068,16.6252140311749,-170.47623355767));
#6423=CARTESIAN_POINT('',(-5.52876189060983,23.9456086269458,-173.518242358955));
#6424=CARTESIAN_POINT('',(9.75874256621387,5.78887287825402,-186.678957530728));
#6425=CARTESIAN_POINT('',(-1.44109079479905,18.2146990574292,-193.114440856366));
#6426=CARTESIAN_POINT('',(7.19085135229081,-5.58213073417724,-203.792411704751));
#6427=CARTESIAN_POINT('',(-0.488058456215398,9.57274515690192,-212.041837793456));
#6428=CARTESIAN_POINT('',(-0.947847993115536,-21.2710390382556,-218.035844151853));
#6429=CARTESIAN_POINT('',(-0.406837482317554,0.255054757654929,-230.520086689656));
#6430=CARTESIAN_POINT('',(-2.14380140625235,-23.5133486101734,-220.004811536287));
#6431=CARTESIAN_POINT('',(-0.40401920667292,-1.05809305226467,-233.106648633304));
#6432=CARTESIAN_POINT('',(-3.33975481938925,-25.7556581820912,-221.973778920722));
#6433=CARTESIAN_POINT('',(-0.401200931028287,-2.37124086218426,-235.693210576952));
#6434=CARTESIAN_POINT('',(5.5261648133202,32.3786945399595,-157.203289847805));
#6435=CARTESIAN_POINT('',(5.54896847036032,32.3260917678892,-157.275517131266));
#6436=CARTESIAN_POINT('',(5.57164653848953,32.2733916525008,-157.347679712642));
#6437=CARTESIAN_POINT('',(5.59420373718783,32.2205978518391,-157.419780023358));
#6438=CARTESIAN_POINT('',(5.59420373718783,32.220597851839,-157.419780023358));
#6439=CARTESIAN_POINT('',(-0.0572011069545411,-8.4422581458378,-221.675027858959));
#6440=CARTESIAN_POINT('',(0.551118458551757,-7.54328356450567,-218.640453748248));
#6441=CARTESIAN_POINT('',(1.97107064363948,-5.41509827303525,-212.704764804086));
#6442=CARTESIAN_POINT('',(3.93849554604525,-0.999713587336285,-204.317822085308));
#6443=CARTESIAN_POINT('',(5.25350252154162,3.04081405247231,-197.470800574565));
#6444=CARTESIAN_POINT('',(6.26535266071351,6.28632482942347,-191.995272726854));
#6445=CARTESIAN_POINT('',(6.96683680337179,8.83040951777667,-187.941300665757));
#6446=CARTESIAN_POINT('',(7.3877340143667,11.6485001175211,-184.031219386376));
#6447=CARTESIAN_POINT('',(7.59372539221279,15.5665451363612,-178.916577575191));
#6448=CARTESIAN_POINT('',(8.11349074612789,20.3382998706004,-172.434883696318));
#6449=CARTESIAN_POINT('',(7.56577597130365,26.4455621680689,-164.930166248398));
#6450=CARTESIAN_POINT('',(6.38715997887469,30.3754091487473,-159.940071123407));
#6451=CARTESIAN_POINT('',(5.59420373718782,32.220597851839,-157.419780023358));
#6452=CARTESIAN_POINT('',(-0.0572011069545353,-8.44225814583779,-221.675027858959));
#6453=CARTESIAN_POINT('',(-0.169597315140237,-1.79409004831792,-223.860854666047));
#6454=CARTESIAN_POINT('',(-0.0768875351389908,-4.01179337476143,-223.141521606075));
#6455=CARTESIAN_POINT('',(-0.0405512213969705,-6.22866411183349,-222.412526939832));
#6456=CARTESIAN_POINT('',(-0.0572011069545314,-8.44225814583779,-221.675027858959));
#6457=CARTESIAN_POINT('',(-0.169597315140241,-1.79409004831792,-223.860854666047));
#6458=CARTESIAN_POINT('',(-0.169597315140236,-1.79409004831791,-223.860854666047));
#6459=CARTESIAN_POINT('',(-0.170008832502566,-1.7842465709217,-223.864047677818));
#6460=CARTESIAN_POINT('',(-0.170421416254137,-1.7744039200783,-223.867240140195));
#6461=CARTESIAN_POINT('',(-0.170835066204896,-1.7645620956404,-223.870432053279));
#6462=CARTESIAN_POINT('',(-0.0712327807890212,-1.76323314831516,-223.879242197372));
#6463=CARTESIAN_POINT('',(-0.0708201201722741,-1.77308779316666,-223.876063402983));
#6464=CARTESIAN_POINT('',(-0.070408580133019,-1.78294248071637,-223.872884498536));
#6465=CARTESIAN_POINT('',(-0.0699981605629812,-1.79279721095379,-223.869705484035));
#6466=CARTESIAN_POINT('',(-0.170835066204869,-1.76456209564037,-223.870432053279));
#6467=CARTESIAN_POINT('',(-0.170421366823229,-1.77440470317178,-223.867239699483));
#6468=CARTESIAN_POINT('',(-0.170008783170167,-1.78424735406557,-223.864047237069));
#6469=CARTESIAN_POINT('',(-0.169597315140213,-1.79409004831789,-223.860854666047));
#6470=CARTESIAN_POINT('',(-0.169597315140213,-1.79409004831789,-223.860854666047));
#6471=CARTESIAN_POINT('',(-0.136397596947802,-1.79365910252986,-223.86380493871));
#6472=CARTESIAN_POINT('',(-0.103197878755392,-1.79322815674183,-223.866755211372));
#6473=CARTESIAN_POINT('',(-0.0699981605629812,-1.79279721095379,-223.869705484035));
#6474=CARTESIAN_POINT('',(-0.0699981605629812,-1.79279721095377,-223.869705484035));
#6475=CARTESIAN_POINT('',(-0.0712327807890186,-1.76323314831518,-223.879242197372));
#6476=CARTESIAN_POINT('',(-0.0708201189847441,-1.77308782152649,-223.876063393835));
#6477=CARTESIAN_POINT('',(-0.0704085789491027,-1.78294250914377,-223.872884489366));
#6478=CARTESIAN_POINT('',(-0.0699981605629944,-1.7927972109538,-223.869705484035));
#6479=CARTESIAN_POINT('',(-0.0712327807890212,-1.76323314831516,-223.879242197372));
#6480=CARTESIAN_POINT('',(-0.0712327807890212,-1.76323314831516,-223.879242197372));
#6481=CARTESIAN_POINT('',(-0.10443354259431,-1.7636761307569,-223.876305482674));
#6482=CARTESIAN_POINT('',(-0.137634304399606,-1.76411911319863,-223.873368767976));
#6483=CARTESIAN_POINT('',(-0.170835066204895,-1.76456209564037,-223.870432053279));
#6484=CARTESIAN_POINT('',(-0.0693878895737314,-1.7927892893892,-223.869759715393));
#6485=CARTESIAN_POINT('',(0.0230838474472447,-4.01321240681304,-223.153502656648));
#6486=CARTESIAN_POINT('',(0.0589320386894053,-6.23276241442052,-222.427508329622));
#6487=CARTESIAN_POINT('',(0.0415942888301545,-8.44894008268244,-221.692853187617));
#6488=CARTESIAN_POINT('',(-0.169597315140241,-1.79409004831792,-223.860854666047));
#6489=CARTESIAN_POINT('',(-0.0768879128277972,-4.01178434009702,-223.141524536554));
#6490=CARTESIAN_POINT('',(-0.0405511232734884,-6.22865106636532,-222.412531286166));
#6491=CARTESIAN_POINT('',(-0.0572011069545353,-8.44225814583779,-221.675027858959));
#6492=CARTESIAN_POINT('',(-0.0572011069545353,-8.44225814583779,-221.675027858959));
#6493=CARTESIAN_POINT('',(-0.02446986156302,-8.44447189388562,-221.680933450023));
#6494=CARTESIAN_POINT('',(0.00826138382849571,-8.44668564193345,-221.686839041087));
#6495=CARTESIAN_POINT('',(0.0409926292200109,-8.44889938998128,-221.692744632151));
#6496=CARTESIAN_POINT('',(0.0409926292199853,-8.44889938998128,-221.692744632151));
#6497=CARTESIAN_POINT('',(-0.0699981605629975,-1.7927972109538,-223.869705484035));
#6498=CARTESIAN_POINT('',(0.0224722529899849,-4.01313717834548,-223.1534511727));
#6499=CARTESIAN_POINT('',(0.058326337465236,-6.23271860094032,-222.427423344308));
#6500=CARTESIAN_POINT('',(0.0409926292200001,-8.44889938998128,-221.692744632151));
#6501=CARTESIAN_POINT('',(0.0432393948101942,-8.44905134793093,-221.693150008684));
#6502=CARTESIAN_POINT('',(0.651161457155107,-7.54607931705216,-218.662277495224));
#6503=CARTESIAN_POINT('',(1.35567894571773,-6.46257448055918,-215.703390057507));
#6504=CARTESIAN_POINT('',(2.38591132169026,-4.57481171621846,-211.374464867302));
#6505=CARTESIAN_POINT('',(2.72527962668317,-3.89767534195566,-209.951027041671));
#6506=CARTESIAN_POINT('',(3.37110901789165,-2.45345452000092,-207.142966377849));
#6507=CARTESIAN_POINT('',(3.67682760768892,-1.68694510662879,-205.757961701454));
#6508=CARTESIAN_POINT('',(4.25846659344434,-0.12192719355771,-203.000383289453));
#6509=CARTESIAN_POINT('',(4.53468271150171,0.676810668181327,-201.627961737316));
#6510=CARTESIAN_POINT('',(5.07176293486752,2.27897158748978,-198.88307835134));
#6511=CARTESIAN_POINT('',(5.33309104907048,3.08275444037797,-197.510855987174));
#6512=CARTESIAN_POINT('',(5.84495248911326,4.70233355079923,-194.771867646378));
#6513=CARTESIAN_POINT('',(6.0957851813917,5.51836210229901,-193.40525667848));
#6514=CARTESIAN_POINT('',(6.57593823009602,7.18485289598229,-190.688768650733));
#6515=CARTESIAN_POINT('',(6.8061316423112,8.03599144843738,-189.33934283958));
#6516=CARTESIAN_POINT('',(7.17995109948301,9.82468653366729,-186.684902945945));
#6517=CARTESIAN_POINT('',(7.32064367707413,10.7626776252933,-185.380296546453));
#6518=CARTESIAN_POINT('',(7.45163051033231,12.2133194224447,-183.450803046265));
#6519=CARTESIAN_POINT('',(7.48216723902203,12.7036334176507,-182.811838673877));
#6520=CARTESIAN_POINT('',(7.54688296743346,13.6778622746489,-181.529486294885));
#6521=CARTESIAN_POINT('',(7.58139732337602,14.1620367009041,-180.886271410898));
#6522=CARTESIAN_POINT('',(7.68190052024016,15.6141151733112,-178.956280142294));
#6523=CARTESIAN_POINT('',(7.75466227660592,16.5764563112303,-177.665830980104));
#6524=CARTESIAN_POINT('',(7.89663468697441,18.5085608758518,-175.090478097043));
#6525=CARTESIAN_POINT('',(7.95064054076602,19.485606361418,-173.809770094711));
#6526=CARTESIAN_POINT('',(7.95544821619135,22.4622679487634,-170.000043029426));
#6527=CARTESIAN_POINT('',(7.76501242092415,24.4943835267063,-167.497020336098));
#6528=CARTESIAN_POINT('',(6.98610333077594,28.4864695735174,-162.493854836558));
#6529=CARTESIAN_POINT('',(6.38794167669935,30.4562803118608,-160.002934322216));
#6530=CARTESIAN_POINT('',(5.58986364542129,32.3024007103056,-157.481036127138));
#6531=CARTESIAN_POINT('',(0.0409926292199853,-8.44889938998128,-221.692744632151));
#6532=CARTESIAN_POINT('',(0.648922128848095,-7.54601892800771,-218.661796572988));
#6533=CARTESIAN_POINT('',(1.35345261892207,-6.46262243112184,-215.702849108593));
#6534=CARTESIAN_POINT('',(2.38371898524219,-4.57502869585686,-211.373843596461));
#6535=CARTESIAN_POINT('',(2.72310094711461,-3.89795046190823,-209.950380979833));
#6536=CARTESIAN_POINT('',(3.36896320177545,-2.45384863691891,-207.142273646588));
#6537=CARTESIAN_POINT('',(3.67470100908779,-1.68740008224881,-205.757247082011));
#6538=CARTESIAN_POINT('',(4.25638536784689,-0.122504300341809,-202.999624637263));
#6539=CARTESIAN_POINT('',(4.53262763685441,0.676172282076303,-201.627180942013));
#6540=CARTESIAN_POINT('',(5.06976828471771,2.27821199315,-198.882250766209));
#6541=CARTESIAN_POINT('',(5.33113067238725,3.08193491383133,-197.510003745955));
#6542=CARTESIAN_POINT('',(5.84306971686672,4.70139658577418,-194.770963057628));
#6543=CARTESIAN_POINT('',(6.09394574918158,5.51736763229014,-193.404324385549));
#6544=CARTESIAN_POINT('',(6.57419519016053,7.18374657450937,-190.687778945653));
#6545=CARTESIAN_POINT('',(6.80444167420517,8.03483080441057,-189.338323403977));
#6546=CARTESIAN_POINT('',(7.1783765605108,9.82341959935687,-186.68382682319));
#6547=CARTESIAN_POINT('',(7.31913148409216,10.7613586493436,-185.379193618083));
#6548=CARTESIAN_POINT('',(7.45021787042711,12.211925486365,-183.449663466311));
#6549=CARTESIAN_POINT('',(7.48078878449376,12.7022150209212,-182.81068745017));
#6550=CARTESIAN_POINT('',(7.5455750138498,13.6763972984012,-181.528311388842));
#6551=CARTESIAN_POINT('',(7.58012568639262,14.1605496148296,-180.885084458962));
#6552=CARTESIAN_POINT('',(7.68074042323103,15.6125652528169,-178.955057378));
#6553=CARTESIAN_POINT('',(7.75358013097409,16.5748695299904,-177.664584248545));
#6554=CARTESIAN_POINT('',(7.89571207353124,18.5069108792394,-175.089185986728));
#6555=CARTESIAN_POINT('',(7.94979932916869,19.4839294823048,-173.808457399939));
#6556=CARTESIAN_POINT('',(7.95484957841608,22.4605214861847,-169.998680574776));
#6557=CARTESIAN_POINT('',(7.76457285916268,24.4926063045476,-167.49564005444));
#6558=CARTESIAN_POINT('',(6.98595457991336,28.484655223871,-162.492460950214));
#6559=CARTESIAN_POINT('',(6.38792712084488,30.4544644770242,-160.001537440488));
#6560=CARTESIAN_POINT('',(5.58996072945281,32.3005708523862,-157.47966588203));
#6561=CARTESIAN_POINT('',(-0.0572011069545353,-8.4422581458378,-221.675027858959));
#6562=CARTESIAN_POINT('',(0.551053435315807,-7.54337965583599,-218.640778113663));
#6563=CARTESIAN_POINT('',(1.25615214976582,-6.4647180858354,-215.679207214148));
#6564=CARTESIAN_POINT('',(2.28790404676986,-4.58451167951182,-211.346691273421));
#6565=CARTESIAN_POINT('',(2.62788287554729,-3.90997443813287,-209.922145179015));
#6566=CARTESIAN_POINT('',(3.27518141051433,-2.47107331440007,-207.111998182617));
#6567=CARTESIAN_POINT('',(3.58175910945284,-1.70728455804511,-205.726015006298));
#6568=CARTESIAN_POINT('',(4.16542647203429,-0.147726455937032,-202.966468132947));
#6569=CARTESIAN_POINT('',(4.44281165488675,0.648271945233265,-201.593056684301));
#6570=CARTESIAN_POINT('',(4.98259312437875,2.2450143126598,-198.846081583095));
#6571=CARTESIAN_POINT('',(5.24545341630206,3.04611792702174,-197.472756981174));
#6572=CARTESIAN_POINT('',(5.7607841228296,4.66044701058253,-194.731428470915));
#6573=CARTESIAN_POINT('',(6.01355430917624,5.47390483131507,-193.363579001824));
#6574=CARTESIAN_POINT('',(6.49801652501059,7.13539536274514,-190.644524393447));
#6575=CARTESIAN_POINT('',(6.73058248610384,7.98410545332918,-189.293769494527));
#6576=CARTESIAN_POINT('',(7.10956214341865,9.76804888602122,-186.636795430892));
#6577=CARTESIAN_POINT('',(7.2530418664819,10.7037134828933,-185.330990700168));
#6578=CARTESIAN_POINT('',(7.38847916890652,12.1510042259314,-183.399858709728));
#6579=CARTESIAN_POINT('',(7.42054413731422,12.6402247203513,-182.760373809341));
#6580=CARTESIAN_POINT('',(7.48841157424442,13.6123712639147,-181.476962723695));
#6581=CARTESIAN_POINT('',(7.52454944514958,14.0955572817175,-180.833209334214));
#6582=CARTESIAN_POINT('',(7.63003897927621,15.5448267736564,-178.901617092555));
#6583=CARTESIAN_POINT('',(7.70628551192822,16.5055200708756,-177.610096486063));
#6584=CARTESIAN_POINT('',(7.85538972685412,18.4347986247343,-175.032714969037));
#6585=CARTESIAN_POINT('',(7.91303460835614,19.4106423419108,-173.751086749127));
#6586=CARTESIAN_POINT('',(7.92868642191018,22.3841932361703,-169.939135194064));
#6587=CARTESIAN_POINT('',(7.74536203813786,24.4149337228913,-167.435315553491));
#6588=CARTESIAN_POINT('',(6.97945349986306,28.4053600044296,-162.431541863449));
#6589=CARTESIAN_POINT('',(6.38729096470092,30.3751043481113,-159.940487441981));
#6590=CARTESIAN_POINT('',(5.59420373718783,32.220597851839,-157.419780023358));
#6591=CARTESIAN_POINT('',(5.59420373718783,32.220597851839,-157.419780023358));
#6592=CARTESIAN_POINT('',(5.59278940127616,32.2472555186881,-157.439741976249));
#6593=CARTESIAN_POINT('',(5.59137506536448,32.2739131855371,-157.45970392914));
#6594=CARTESIAN_POINT('',(5.58996072945281,32.3005708523862,-157.47966588203));
#6595=CARTESIAN_POINT('',(5.58996072945288,32.3005708523863,-157.47966588203));
#6596=CARTESIAN_POINT('',(0.040992629219992,-8.44889938998127,-221.692744632151));
#6597=CARTESIAN_POINT('',(0.653298149443807,-7.53951978049227,-218.639979090633));
#6598=CARTESIAN_POINT('',(2.08647626123857,-5.37653325573958,-212.655966727919));
#6599=CARTESIAN_POINT('',(4.03868319249176,-0.952364231435365,-204.311115064486));
#6600=CARTESIAN_POINT('',(5.34479427458574,3.09257711303732,-197.480379218638));
#6601=CARTESIAN_POINT('',(6.3469496342467,6.34317513705466,-192.019548979992));
#6602=CARTESIAN_POINT('',(7.04185945065365,8.8968064994332,-187.966574889219));
#6603=CARTESIAN_POINT('',(7.45304476339667,11.7352742788697,-184.045709051134));
#6604=CARTESIAN_POINT('',(7.64736407029652,15.6679835169249,-178.924935744481));
#6605=CARTESIAN_POINT('',(8.14742995160666,20.469874048349,-172.422084858184));
#6606=CARTESIAN_POINT('',(7.57208392708103,26.5328256038893,-164.980614916329));
#6607=CARTESIAN_POINT('',(6.39210340837944,30.4448025775682,-160.014736067481));
#6608=CARTESIAN_POINT('',(5.58996072945278,32.3005708523863,-157.47966588203));
#6609=CARTESIAN_POINT('',(5.52145313514856,32.459534576246,-157.2636528199));
#6610=CARTESIAN_POINT('',(5.54426671652806,32.4069069243915,-157.335914197821));
#6611=CARTESIAN_POINT('',(5.56708849599309,32.3541848709518,-157.408117753566));
#6612=CARTESIAN_POINT('',(5.58991829942214,32.3013705815133,-157.480264739959));
#6613=CARTESIAN_POINT('',(5.52149978537675,32.4587341807176,-157.263055167361));
#6614=CARTESIAN_POINT('',(5.54431196626462,32.4061067551693,-157.335316132889));
#6615=CARTESIAN_POINT('',(5.56713233898765,32.3533849239284,-157.407519286732));
#6616=CARTESIAN_POINT('',(5.58996072945288,32.3005708523863,-157.47966588203));
#6617=CARTESIAN_POINT('',(5.52616481332019,32.3786945399595,-157.203289847805));
#6618=CARTESIAN_POINT('',(5.54883694489169,32.3260897450529,-157.275509573992));
#6619=CARTESIAN_POINT('',(5.57151664325915,32.2733901337111,-157.347672537587));
#6620=CARTESIAN_POINT('',(5.59420373718789,32.2205978518391,-157.419780023358));
#6621=CARTESIAN_POINT('',(5.58996072945286,32.3005708523863,-157.47966588203));
#6622=CARTESIAN_POINT('',(5.56713495248416,32.3533788775365,-157.407527546398));
#6623=CARTESIAN_POINT('',(5.54431458518324,32.4061007133557,-157.335324428702));
#6624=CARTESIAN_POINT('',(5.52149978537679,32.4587341807175,-157.263055167361));
#6625=CARTESIAN_POINT('',(-0.0712327807890073,-1.76323314831518,-223.879242197372));
#6626=CARTESIAN_POINT('',(-0.09470166461642,-1.86613093817058,-224.160088932886));
#6627=CARTESIAN_POINT('',(-0.117780615528043,-1.96845689190925,-224.441203630047));
#6628=CARTESIAN_POINT('',(-0.140404297587021,-2.07022990208391,-224.722584692328));
#6629=CARTESIAN_POINT('',(-0.170835066204883,-1.76456209564039,-223.870432053279));
#6630=CARTESIAN_POINT('',(-0.194332263286356,-1.86702875473536,-224.151533848723));
#6631=CARTESIAN_POINT('',(-0.217436073582378,-1.9689281542455,-224.432908134584));
#6632=CARTESIAN_POINT('',(-0.240081184758004,-2.07027943914697,-224.714552525125));
#6633=CARTESIAN_POINT('',(-0.17183107652279,-1.76457538494638,-223.870343952947));
#6634=CARTESIAN_POINT('',(-0.19532855673324,-1.867037732788,-224.151448298958));
#6635=CARTESIAN_POINT('',(-0.218432615619976,-1.96893286680955,-224.432825180674));
#6636=CARTESIAN_POINT('',(-0.241077941084072,-2.07027993451137,-224.714472204464));
#6637=CARTESIAN_POINT('',(-0.140404297587018,-2.07022990208392,-224.722584692329));
#6638=CARTESIAN_POINT('',(-0.117782618239521,-1.96846590114007,-224.441228538684));
#6639=CARTESIAN_POINT('',(-0.0947036598700789,-1.86613968622999,-224.160112809627));
#6640=CARTESIAN_POINT('',(-0.0712327807890206,-1.76323314831516,-223.879242197372));
#6641=CARTESIAN_POINT('',(7.18370648163158,32.6236063628013,-157.123572741561));
#6642=CARTESIAN_POINT('',(7.18908524241023,32.6242624338224,-157.123200806989));
#6643=CARTESIAN_POINT('',(7.1944640031889,32.6249185048434,-157.122828872416));
#6644=CARTESIAN_POINT('',(7.19984276396754,32.6255745758645,-157.122456937843));
#6645=CARTESIAN_POINT('',(7.30610666382558,32.6385360493623,-157.115108922224));
#6646=CARTESIAN_POINT('',(7.41236542874731,32.6515734895652,-157.107820449534));
#6647=CARTESIAN_POINT('',(7.51861908668059,32.6646864977813,-157.100591202482));
#6648=CARTESIAN_POINT('',(7.1870402169239,32.5741015523032,-157.084544262399));
#6649=CARTESIAN_POINT('',(7.19242022680856,32.574760942891,-157.084168226152));
#6650=CARTESIAN_POINT('',(7.19780023669321,32.5754203334788,-157.083792189904));
#6651=CARTESIAN_POINT('',(7.20318024657786,32.5760797240665,-157.083416153657));
#6652=CARTESIAN_POINT('',(7.30946882402989,32.5891067796039,-157.075987104515));
#6653=CARTESIAN_POINT('',(7.4157521903857,32.6022098220591,-157.068618007105));
#6654=CARTESIAN_POINT('',(7.52203037333482,32.6153884476263,-157.061308542837));
#6655=CARTESIAN_POINT('',(7.23514271973274,31.8597961029427,-156.521401911883));
#6656=CARTESIAN_POINT('',(7.24054075298143,31.8605033915943,-156.520966692529));
#6657=CARTESIAN_POINT('',(7.24593878623012,31.8612106802459,-156.520531473174));
#6658=CARTESIAN_POINT('',(7.2513368194788,31.8619179688976,-156.52009625382));
#6659=CARTESIAN_POINT('',(7.357981470203,31.8758913083975,-156.51149797109));
#6660=CARTESIAN_POINT('',(7.46461981091887,31.8899409264642,-156.502965538721));
#6661=CARTESIAN_POINT('',(7.57125186558852,31.9040663455064,-156.494498619363));
#6662=CARTESIAN_POINT('',(-1.06553683737428,-1.81620874316712,-223.77762769044));
#6663=CARTESIAN_POINT('',(-0.971024760949025,-4.00599744140251,-223.031969579217));
#6664=CARTESIAN_POINT('',(-0.930463673549119,-6.1953644057914,-222.277343181969));
#6665=CARTESIAN_POINT('',(-0.940944732525339,-8.38248694854639,-221.515576900238));
#6666=CARTESIAN_POINT('',(-1.1651348610103,-1.81748861743804,-223.76876227422));
#6667=CARTESIAN_POINT('',(-1.07038614969452,-4.00456957378262,-223.020054908026));
#6668=CARTESIAN_POINT('',(-1.02933989834563,-6.19127402508976,-222.262452837736));
#6669=CARTESIAN_POINT('',(-1.03913846869988,-8.3758457044029,-221.497860127046));
#6670=CARTESIAN_POINT('',(17.4961682202884,33.0775451075803,-157.601363763212));
#6671=CARTESIAN_POINT('',(11.4742007616086,32.9873943163495,-157.136196355071));
#6672=CARTESIAN_POINT('',(5.45234844673381,32.8969791659235,-156.669574528838));
#6673=CARTESIAN_POINT('',(-0.569417733470482,32.8053469102102,-156.202079242172));
#6674=CARTESIAN_POINT('',(15.8753266292397,30.0664598490288,-160.204113657435));
#6675=CARTESIAN_POINT('',(10.2824870081367,30.3090640976189,-159.959643983366));
#6676=CARTESIAN_POINT('',(4.68971734475124,30.5513636384529,-159.713576027102));
#6677=CARTESIAN_POINT('',(-0.903053865017045,30.7922829499126,-159.46660121443));
#6678=CARTESIAN_POINT('',(13.2030316085654,24.4861288005964,-165.697977443355));
#6679=CARTESIAN_POINT('',(8.41092941634167,25.3490813210157,-165.865027060562));
#6680=CARTESIAN_POINT('',(3.6187114859514,26.2114389075424,-166.030396064109));
#6681=CARTESIAN_POINT('',(-1.17379799918982,27.0721392685586,-166.195119002952));
#6682=CARTESIAN_POINT('',(10.1710876278413,16.1074479371928,-175.908528784228));
#6683=CARTESIAN_POINT('',(6.53220963293412,17.8632833550237,-176.668768513868));
#6684=CARTESIAN_POINT('',(2.8926744071052,19.618303281232,-177.427614066593));
#6685=CARTESIAN_POINT('',(-0.747650273269836,21.371781523205,-178.186296074629));
#6686=CARTESIAN_POINT('',(7.93474810613971,7.58087055553407,-187.997150156042));
#6687=CARTESIAN_POINT('',(5.33407989602984,10.1401376692055,-189.29305358651));
#6688=CARTESIAN_POINT('',(2.73253029016057,12.6989730571462,-190.588251384767));
#6689=CARTESIAN_POINT('',(0.130100232331697,15.2569895143587,-191.883483219154));
#6690=CARTESIAN_POINT('',(5.25012227849553,-3.04975599807901,-203.303863515195));
#6691=CARTESIAN_POINT('',(3.74443699579838,0.357250625940616,-205.165000537151));
#6692=CARTESIAN_POINT('',(2.23803777903743,3.76424295684249,-207.025655243155));
#6693=CARTESIAN_POINT('',(0.730834397754313,7.17091596444315,-208.886257650484));
#6694=CARTESIAN_POINT('',(2.23722935164182,-11.4128656150661,-213.543820807451));
#6695=CARTESIAN_POINT('',(1.57473080965888,-7.35292112886976,-215.83842549796));
#6696=CARTESIAN_POINT('',(0.911439103472432,-3.29271551987965,-218.132347472348));
#6697=CARTESIAN_POINT('',(0.247079070918387,0.767380625644356,-220.426140628047));
#6698=CARTESIAN_POINT('',(-0.351859803716318,-16.9321203651599,-219.087441120797));
#6699=CARTESIAN_POINT('',(-0.341421540344004,-12.3509898458607,-221.728369039854));
#6700=CARTESIAN_POINT('',(-0.331769425140879,-7.76943305651246,-224.368562309624));
#6701=CARTESIAN_POINT('',(-0.323273799907655,-3.18780241560979,-227.008631342738));
#6702=CARTESIAN_POINT('',(2.11763272903514,5.53964417589834,-216.36123176449));
#6703=CARTESIAN_POINT('',(3.11484499455402,2.5802303841446,-225.439086010217));
#6704=CARTESIAN_POINT('',(3.11484499455402,1.56719339259414,-225.108832234028));
#6705=CARTESIAN_POINT('',(2.11763272903514,5.53964417589834,-216.36123176449));
#6706=CARTESIAN_POINT('',(1.05788692332054,5.50533864294518,-216.466462276303));
#6707=CARTESIAN_POINT('',(2.11763272903514,5.53964417589834,-216.36123176449));
#6708=CARTESIAN_POINT('',(-6.72742184163604,4.32804720349684,-216.93788567137));
#6709=CARTESIAN_POINT('',(-5.73020957611715,1.36863341174306,-226.015739917097));
#6710=CARTESIAN_POINT('',(-5.73020957611715,0.363269030901781,-225.68798744015));
#6711=CARTESIAN_POINT('',(-6.72742184163604,4.32804720349684,-216.93788567137));
#6712=CARTESIAN_POINT('',(-7.77914127014451,4.29400149619834,-217.042319180942));
#6713=CARTESIAN_POINT('',(-6.72742184163604,4.32804720349684,-216.93788567137));
#6714=CARTESIAN_POINT('',(3.11484499455401,2.58023038414461,-225.439086010217));
#6715=CARTESIAN_POINT('',(3.1563955056173,2.45692147615486,-225.817329937123));
#6716=CARTESIAN_POINT('',(-5.73020957611715,1.36863341174306,-226.015739917097));
#6717=CARTESIAN_POINT('',(-5.68865906505386,1.24532450375331,-226.393983844003));
#6718=CARTESIAN_POINT('',(1.24375438003652,3.24448088411366,-225.649671744438));
#6719=CARTESIAN_POINT('',(1.30608014663235,3.05951752212933,-226.217037634797));
#6720=CARTESIAN_POINT('',(1.72337381364305,2.6652353323902,-226.042660026346));
#6721=CARTESIAN_POINT('',(1.38378645188958,3.37995596941273,-225.678454588293));
#6722=CARTESIAN_POINT('',(1.37612610126209,3.16700477109589,-226.141623035841));
#6723=CARTESIAN_POINT('',(1.75680712793773,2.83820609140988,-226.095376442117));
#6724=CARTESIAN_POINT('',(1.64995928457653,3.64309690455746,-225.813749455173));
#6725=CARTESIAN_POINT('',(1.69188572778425,3.53386238506296,-226.131478853356));
#6726=CARTESIAN_POINT('',(1.94094473508156,3.31361010133961,-226.23013217515));
#6727=CARTESIAN_POINT('',(1.8598448224088,3.98416924553629,-225.823134793099));
#6728=CARTESIAN_POINT('',(1.95365663352621,3.89996857611245,-226.317181992736));
#6729=CARTESIAN_POINT('',(2.37188506313031,3.61876021809805,-226.2822729642));
#6730=CARTESIAN_POINT('',(1.95705502050182,4.14976689916095,-225.86644144766));
#6731=CARTESIAN_POINT('',(2.01938078709672,3.96480353717634,-226.433807338018));
#6732=CARTESIAN_POINT('',(2.53737572099575,3.69832643191501,-226.2900325112));
#6733=CARTESIAN_POINT('',(1.6610480470462,2.85019869437536,-225.475294135988));
#6734=CARTESIAN_POINT('',(2.47504995440071,3.88328979389944,-225.722666620842));
#6735=CARTESIAN_POINT('',(-1.71207576128274,6.03731306142865,-226.884846470953));
#6736=CARTESIAN_POINT('',(-5.18431526281408,2.72402884365717,-226.186132984414));
#6737=CARTESIAN_POINT('',(-1.71207576128274,6.03731306142865,-226.884846470953));
#6738=CARTESIAN_POINT('',(-4.5144429058044,2.19339952906739,-225.939559666309));
#6739=CARTESIAN_POINT('',(-4.75475986056493,3.13391967472373,-226.272571766255));
#6740=CARTESIAN_POINT('',(-4.6924340939695,2.94895631273836,-226.839937656614));
#6741=CARTESIAN_POINT('',(-5.12198949622214,2.53906548167366,-226.753498874773));
#6742=CARTESIAN_POINT('',(-4.57489775955236,2.96145213251691,-226.196588824296));
#6743=CARTESIAN_POINT('',(-4.56634254679757,2.84855284871762,-226.689439375437));
#6744=CARTESIAN_POINT('',(-4.87151868937015,2.44548122992772,-226.695475571931));
#6745=CARTESIAN_POINT('',(-4.37830487888937,2.80577392783137,-226.124241211756));
#6746=CARTESIAN_POINT('',(-4.27519732935637,2.61792734138285,-226.582430704614));
#6747=CARTESIAN_POINT('',(-4.59388457379547,2.2253831844084,-226.59322438881));
#6748=CARTESIAN_POINT('',(-4.16775831060585,2.6689352237925,-226.05650236379));
#6749=CARTESIAN_POINT('',(-4.10543254401091,2.48397186180788,-226.623868254148));
#6750=CARTESIAN_POINT('',(-4.45211713920947,2.00843616708278,-226.506925556667));
#6751=CARTESIAN_POINT('',(-9.14546219050499,28.0972767007939,-159.217007947592));
#6752=CARTESIAN_POINT('',(-9.34408734862493,28.6867339835155,-157.408877124001));
#6753=CARTESIAN_POINT('',(-9.34408734862493,34.5454005889669,-159.318823933471));
#6754=CARTESIAN_POINT('',(-9.81027036751758,30.0702192286292,-153.165105117106));
#6755=CARTESIAN_POINT('',(-9.38437762911886,28.8063029217343,-157.042105367886));
#6756=CARTESIAN_POINT('',(-9.32205186252397,28.6213395597503,-157.609471258244));
#6757=CARTESIAN_POINT('',(-5.30689239501953,17.0984191894531,-91.9981002807617));
#6758=CARTESIAN_POINT('',(0.,0.,0.));
#6759=CARTESIAN_POINT('',(-24.5659662901113,-24.5659662901113,98.5287094116211));
#6760=CARTESIAN_POINT('',(-5.30689239501953,-138.719039916992,-190.526809692383));
#6761=CARTESIAN_POINT('',(0.,0.,0.));
#6762=CARTESIAN_POINT('',(-34.5865411081443,-34.5865411081443,138.719039916992));
#6763=CARTESIAN_POINT('',(138.719039916992,17.0984191894531,-190.526809692383));
#6764=CARTESIAN_POINT('',(0.,0.,0.));
#6765=CARTESIAN_POINT('',(-34.5865411081443,-34.5865411081443,138.719039916992));
#6766=CARTESIAN_POINT('',(-5.30689239501953,138.719039916992,-190.526809692383));
#6767=CARTESIAN_POINT('',(0.,0.,0.));
#6768=CARTESIAN_POINT('',(-34.5865411081443,-34.5865411081443,138.719039916992));
#6769=CARTESIAN_POINT('',(-5.30689239501953,17.0984191894531,-289.055511474609));
#6770=CARTESIAN_POINT('',(0.,0.,0.));
#6771=CARTESIAN_POINT('',(-24.5659643878896,-24.5659643878896,98.5287017822266));
#6772=CARTESIAN_POINT('',(-138.719039916992,17.0984191894531,-190.526809692383));
#6773=CARTESIAN_POINT('',(0.,0.,0.));
#6774=CARTESIAN_POINT('',(-34.5865411081443,-34.5865411081443,138.719039916992));
#6775=CARTESIAN_POINT('',(101.473449707031,-89.6819229125976,-83.746467590332));
#6776=CARTESIAN_POINT('',(0.,0.,0.));
#6777=CARTESIAN_POINT('',(-46.1129591611274,-46.1129591611274,184.948977770338));
#6778=CARTESIAN_POINT('',(120.035951396878,-84.9107656740651,-125.068643453007));
#6779=CARTESIAN_POINT('',(0.,0.,0.));
#6780=CARTESIAN_POINT('',(-43.4728763984712,-43.4728763984712,174.36018414128));
#6781=MECHANICAL_DESIGN_GEOMETRIC_PRESENTATION_REPRESENTATION('',(#1829),
#6782);
#6782=(
GEOMETRIC_REPRESENTATION_CONTEXT(3)
GLOBAL_UNCERTAINTY_ASSIGNED_CONTEXT((#6783))
GLOBAL_UNIT_ASSIGNED_CONTEXT((#6786,#6785,#6784))
REPRESENTATION_CONTEXT('OOM-B03-01-exported','TOP_LEVEL_ASSEMBLY_PART')
);
#6783=UNCERTAINTY_MEASURE_WITH_UNIT(LENGTH_MEASURE(0.005),#6786,
'DISTANCE_ACCURACY_VALUE','Maximum Tolerance applied to model');
#6784=(
NAMED_UNIT(*)
SI_UNIT($,.STERADIAN.)
SOLID_ANGLE_UNIT()
);
#6785=(
NAMED_UNIT(*)
PLANE_ANGLE_UNIT()
SI_UNIT($,.RADIAN.)
);
#6786=(
LENGTH_UNIT()
NAMED_UNIT(*)
SI_UNIT(.MILLI.,.METRE.)
);
#6787=PRODUCT_DEFINITION_SHAPE('','',#6788);
#6788=PRODUCT_DEFINITION('','',#6790,#6789);
#6789=PRODUCT_DEFINITION_CONTEXT('',#6796,'design');
#6790=PRODUCT_DEFINITION_FORMATION_WITH_SPECIFIED_SOURCE('','',#6792,
 .NOT_KNOWN.);
#6791=PRODUCT_RELATED_PRODUCT_CATEGORY('','',(#6792));
#6792=PRODUCT('OOM-B03-01-exported','OOM-B03-01-exported',
'OOM-B03-01-exported',(#6794));
#6793=PRODUCT_CATEGORY('','');
#6794=PRODUCT_CONTEXT('',#6796,'mechanical');
#6795=APPLICATION_PROTOCOL_DEFINITION('international standard',
'ap242_managed_model_based_3d_engineering',2020,#6796);
#6796=APPLICATION_CONTEXT('managed model based 3d engineering');
ENDSEC;
END-ISO-10303-21;
