ISO-10303-21;
HEADER;
/* Generated by software containing ST-Developer
 * from STEP Tools, Inc. (www.steptools.com) 
 */
/* OPTION: using custom renumber hook */

FILE_DESCRIPTION(
/* description */ (
'CAx-IF Rec.Pracs.---Representation and Presentation of Product Manufa
cturing Information (PMI)---4.0---2014-10-13',
'CAx-IF Rec.Pracs.---3D Tessellated Geometry---0.4---2014-09-14','2;1'),

/* implementation_level */ '2;1');

FILE_NAME(
/* name */ 'OOM-B01-exported',
/* time_stamp */ '2026-07-29T13:45:33+03:00',
/* author */ (''),
/* organization */ (''),
/* preprocessor_version */ 'ST-DEVELOPER v18.102',
/* originating_system */ 'SIEMENS PLM Software NX2206.9140',
/* authorisation */ $);

FILE_SCHEMA (('AP242_MANAGED_MODEL_BASED_3D_ENGINEERING_MIM_LF { 1 0 10303 442 3 1 4 }'));
ENDSEC;

DATA;
#10=DEFAULT_MODEL_GEOMETRIC_VIEW('','',#53,#27,'','',#3949,*);
#11=MECHANICAL_DESIGN_AND_DRAUGHTING_RELATIONSHIP('','',#19,#20);
#12=MECHANICAL_DESIGN_AND_DRAUGHTING_RELATIONSHIP('','',#21,#20);
#13=MECHANICAL_DESIGN_AND_DRAUGHTING_RELATIONSHIP('','',#22,#20);
#14=MECHANICAL_DESIGN_AND_DRAUGHTING_RELATIONSHIP('','',#23,#20);
#15=MECHANICAL_DESIGN_AND_DRAUGHTING_RELATIONSHIP('','',#24,#20);
#16=MECHANICAL_DESIGN_AND_DRAUGHTING_RELATIONSHIP('','',#25,#20);
#17=MECHANICAL_DESIGN_AND_DRAUGHTING_RELATIONSHIP('','',#26,#20);
#18=MECHANICAL_DESIGN_AND_DRAUGHTING_RELATIONSHIP('','',#27,#20);
#19=DRAUGHTING_MODEL('Top',(#46,#37),#3944);
#20=DRAUGHTING_MODEL('',(#38),#3944);
#21=DRAUGHTING_MODEL('Front',(#47,#39),#3944);
#22=DRAUGHTING_MODEL('Right',(#48,#40),#3944);
#23=DRAUGHTING_MODEL('Back',(#49,#41),#3944);
#24=DRAUGHTING_MODEL('Bottom',(#50,#42),#3944);
#25=DRAUGHTING_MODEL('Left',(#51,#43),#3944);
#26=DRAUGHTING_MODEL('Isometric',(#52,#44),#3944);
#27=DRAUGHTING_MODEL('Trimetric',(#53,#45),#3944);
#28=REPRESENTATION_MAP(#1628,#71);
#29=REPRESENTATION_MAP(#1628,#71);
#30=REPRESENTATION_MAP(#1628,#71);
#31=REPRESENTATION_MAP(#1628,#71);
#32=REPRESENTATION_MAP(#1628,#71);
#33=REPRESENTATION_MAP(#1628,#71);
#34=REPRESENTATION_MAP(#1628,#71);
#35=REPRESENTATION_MAP(#1628,#71);
#36=REPRESENTATION_MAP(#1628,#71);
#37=MAPPED_ITEM('',#28,#1628);
#38=MAPPED_ITEM('',#29,#1628);
#39=MAPPED_ITEM('',#30,#1628);
#40=MAPPED_ITEM('',#31,#1628);
#41=MAPPED_ITEM('',#32,#1628);
#42=MAPPED_ITEM('',#33,#1628);
#43=MAPPED_ITEM('',#34,#1628);
#44=MAPPED_ITEM('',#35,#1628);
#45=MAPPED_ITEM('',#36,#1628);
#46=CAMERA_MODEL_D3('Top',#1800,#54);
#47=CAMERA_MODEL_D3('Front',#1802,#55);
#48=CAMERA_MODEL_D3('Right',#1804,#56);
#49=CAMERA_MODEL_D3('Back',#1806,#57);
#50=CAMERA_MODEL_D3('Bottom',#1808,#58);
#51=CAMERA_MODEL_D3('Left',#1810,#59);
#52=CAMERA_MODEL_D3('Isometric',#1812,#60);
#53=CAMERA_MODEL_D3('Trimetric',#1814,#61);
#54=VIEW_VOLUME(.PARALLEL.,#3920,57.6716918945313,0.,.F.,0.,.F.,.F.,#62);
#55=VIEW_VOLUME(.PARALLEL.,#3923,322.17431640625,0.,.F.,0.,.F.,.F.,#63);
#56=VIEW_VOLUME(.PARALLEL.,#3926,322.17431640625,0.,.F.,0.,.F.,.F.,#64);
#57=VIEW_VOLUME(.PARALLEL.,#3929,322.17431640625,0.,.F.,0.,.F.,.F.,#65);
#58=VIEW_VOLUME(.PARALLEL.,#3932,57.6716918945313,0.,.F.,0.,.F.,.F.,#66);
#59=VIEW_VOLUME(.PARALLEL.,#3935,322.17431640625,0.,.F.,0.,.F.,.F.,#67);
#60=VIEW_VOLUME(.PARALLEL.,#3938,317.432562468299,0.,.F.,0.,.F.,.F.,#68);
#61=VIEW_VOLUME(.PARALLEL.,#3941,334.267335944986,0.,.F.,0.,.F.,.F.,#69);
#62=PLANAR_BOX('',28.7583354625294,28.7583354625294,#1801);
#63=PLANAR_BOX('',160.654157425553,160.654157425553,#1803);
#64=PLANAR_BOX('',160.654157425553,160.654157425553,#1805);
#65=PLANAR_BOX('',160.654157425553,160.654157425553,#1807);
#66=PLANAR_BOX('',28.7583354625294,28.7583354625294,#1809);
#67=PLANAR_BOX('',160.654157425553,160.654157425553,#1811);
#68=PLANAR_BOX('',158.289653351739,158.289653351739,#1813);
#69=PLANAR_BOX('',166.684414233103,166.684414233103,#1815);
#70=SHAPE_REPRESENTATION_RELATIONSHIP('','',#1627,#71);
#71=ADVANCED_BREP_SHAPE_REPRESENTATION('',(#1625),#3944);
#72=ORIENTED_CLOSED_SHELL('',*,#1616,.F.);
#73=TOROIDAL_SURFACE('',#1739,2.,0.5);
#74=SPHERICAL_SURFACE('',#1693,0.33);
#75=SPHERICAL_SURFACE('',#1700,0.33);
#76=SPHERICAL_SURFACE('',#1703,0.33);
#77=SPHERICAL_SURFACE('',#1712,0.33);
#78=SPHERICAL_SURFACE('',#1715,0.33);
#79=SPHERICAL_SURFACE('',#1724,0.33);
#80=SPHERICAL_SURFACE('',#1727,0.33);
#81=SPHERICAL_SURFACE('',#1736,0.33);
#82=(
BOUNDED_CURVE()
B_SPLINE_CURVE(3,(#2682,#2683,#2684,#2685,#2686,#2687,#2688,#2689,#2690,
#2691,#2692,#2693,#2694,#2695,#2696,#2697,#2698,#2699,#2700,#2701,#2702,
#2703,#2704,#2705,#2706,#2707,#2708,#2709),.UNSPECIFIED.,.F.,.F.)
B_SPLINE_CURVE_WITH_KNOTS((4,1,1,1,1,1,1,1,1,1,1,1,1,1,1,1,1,1,1,1,1,1,
1,1,1,4),(0.,0.04076321294696,0.0811278554042,0.121347054148,0.16126164624,
0.201380881461,0.241587387718,0.282111533175,0.322093477746,0.362292440624,
0.402501085022,0.442349900262,0.482182050243,0.522014200225,0.561846350206,
0.601678500187,0.641510650169,0.68134280015,0.721174950131,0.761007100112,
0.800839250094,0.840671400075,0.880503550056,0.920335700037,0.960167850019,
1.),.UNSPECIFIED.)
CURVE()
GEOMETRIC_REPRESENTATION_ITEM()
RATIONAL_B_SPLINE_CURVE((1.,0.999999999987,1.000000000006,0.999999999998,
1.,1.,1.,1.,1.,1.,1.,1.,1.,1.,1.,1.,1.,1.,1.,1.,1.,1.,1.,0.999999999999,
1.000000000004,0.999999999986,1.00000000003,1.))
REPRESENTATION_ITEM('')
);
#83=(
BOUNDED_CURVE()
B_SPLINE_CURVE(3,(#3783,#3784,#3785,#3786),.UNSPECIFIED.,.F.,.F.)
B_SPLINE_CURVE_WITH_KNOTS((4,4),(0.,1.),.PIECEWISE_BEZIER_KNOTS.)
CURVE()
GEOMETRIC_REPRESENTATION_ITEM()
RATIONAL_B_SPLINE_CURVE((0.65119120330586,0.44960293223138,0.44960293223138,
0.65119120330586))
REPRESENTATION_ITEM('')
);
#84=(
BOUNDED_CURVE()
B_SPLINE_CURVE(3,(#3790,#3791,#3792,#3793),.UNSPECIFIED.,.F.,.F.)
B_SPLINE_CURVE_WITH_KNOTS((4,4),(0.,1.),.PIECEWISE_BEZIER_KNOTS.)
CURVE()
GEOMETRIC_REPRESENTATION_ITEM()
RATIONAL_B_SPLINE_CURVE((0.65119120330586,0.44960293223138,0.44960293223138,
0.65119120330586))
REPRESENTATION_ITEM('')
);
#85=(
BOUNDED_SURFACE()
B_SPLINE_SURFACE(1,3,((#2588,#2589,#2590,#2591,#2592,#2593,#2594,#2595,
#2596,#2597,#2598,#2599,#2600,#2601,#2602,#2603,#2604,#2605,#2606,#2607,
#2608,#2609,#2610,#2611,#2612,#2613,#2614,#2615),(#2616,#2617,#2618,#2619,
#2620,#2621,#2622,#2623,#2624,#2625,#2626,#2627,#2628,#2629,#2630,#2631,
#2632,#2633,#2634,#2635,#2636,#2637,#2638,#2639,#2640,#2641,#2642,#2643)),
 .RULED_SURF.,.F.,.F.,.F.)
B_SPLINE_SURFACE_WITH_KNOTS((2,2),(4,1,1,1,1,1,1,1,1,1,1,1,1,1,1,1,1,1,
1,1,1,1,1,1,1,4),(2.,2.515557947997),(0.,0.04076321294696,0.0811278554042,
0.121347054148,0.16126164624,0.201380881461,0.241587387718,0.282111533175,
0.322093477746,0.362292440624,0.402501085022,0.442349900262,0.482182050243,
0.522014200225,0.561846350206,0.601678500187,0.641510650169,0.68134280015,
0.721174950131,0.761007100112,0.800839250094,0.840671400075,0.880503550056,
0.920335700037,0.960167850019,1.),.UNSPECIFIED.)
GEOMETRIC_REPRESENTATION_ITEM()
RATIONAL_B_SPLINE_SURFACE(((1.,0.999999999987,1.000000000006,0.999999999998,
1.,1.,1.,1.,1.,1.,1.,1.,1.,1.,1.,1.,1.,1.,1.,1.,1.,1.,1.,0.999999999999,
1.000000000004,0.999999999986,1.00000000003,1.),(1.,0.999999999987,1.000000000006,
0.999999999998,1.,1.,1.,1.,1.,1.,1.,1.,1.,1.,1.,1.,1.,1.,1.,1.,1.,1.,1.,
0.999999999999,1.000000000004,0.999999999986,1.00000000003,1.)))
REPRESENTATION_ITEM('')
SURFACE()
);
#86=(
BOUNDED_SURFACE()
B_SPLINE_SURFACE(1,3,((#3542,#3543,#3544,#3545,#3546,#3547,#3548,#3549,
#3550,#3551,#3552,#3553,#3554,#3555,#3556,#3557,#3558,#3559,#3560,#3561,
#3562,#3563,#3564,#3565,#3566,#3567,#3568,#3569),(#3570,#3571,#3572,#3573,
#3574,#3575,#3576,#3577,#3578,#3579,#3580,#3581,#3582,#3583,#3584,#3585,
#3586,#3587,#3588,#3589,#3590,#3591,#3592,#3593,#3594,#3595,#3596,#3597)),
 .RULED_SURF.,.F.,.F.,.F.)
B_SPLINE_SURFACE_WITH_KNOTS((2,2),(4,1,1,1,1,1,1,1,1,1,1,1,1,1,1,1,1,1,
1,1,1,1,1,1,1,4),(1.1000194601739,2.),(0.,0.04076321294696,0.0811278554042,
0.121347054148,0.16126164624,0.201380881461,0.241587387718,0.282111533175,
0.322093477746,0.362292440624,0.402501085022,0.442349900262,0.482182050243,
0.522014200225,0.561846350206,0.601678500187,0.641510650169,0.68134280015,
0.721174950131,0.761007100112,0.800839250094,0.840671400075,0.880503550056,
0.920335700037,0.960167850019,1.),.UNSPECIFIED.)
GEOMETRIC_REPRESENTATION_ITEM()
RATIONAL_B_SPLINE_SURFACE(((1.,0.999999999987,1.000000000006,0.999999999998,
1.,1.,1.,1.,1.,1.,1.,1.,1.,1.,1.,1.,1.,1.,1.,1.,1.,1.,1.,0.999999999999,
1.000000000004,0.999999999986,1.00000000003,1.),(1.,0.999999999987,1.000000000006,
0.999999999998,1.,1.,1.,1.,1.,1.,1.,1.,1.,1.,1.,1.,1.,1.,1.,1.,1.,1.,1.,
0.999999999999,1.000000000004,0.999999999986,1.00000000003,1.)))
REPRESENTATION_ITEM('')
SURFACE()
);
#87=B_SPLINE_CURVE_WITH_KNOTS('',3,(#2483,#2484,#2485,#2486),
 .UNSPECIFIED.,.F.,.F.,(4,4),(0.00434055394678459,0.00569881757121485),
 .UNSPECIFIED.);
#88=B_SPLINE_CURVE_WITH_KNOTS('',3,(#2489,#2490,#2491,#2492,#2493,#2494,
#2495,#2496,#2497,#2498,#2499,#2500,#2501,#2502,#2503,#2504,#2505,#2506,
#2507,#2508,#2509,#2510,#2511),.UNSPECIFIED.,.F.,.F.,(4,1,1,1,1,1,1,1,1,
1,1,1,1,1,1,1,1,1,1,1,4),(0.20739403877327,0.212261087739906,0.217128136706541,
0.221995185673177,0.226862234639813,0.231729283606449,0.236596332573084,
0.246330430506356,0.251197479472991,0.256064528439627,0.260931577406263,
0.265798626372898,0.270665675339534,0.27553272430617,0.280399773272806,
0.285266822239441,0.295000920172713,0.304735018105984,0.324203213972527,
0.34367140983907,0.363139605705612),.UNSPECIFIED.);
#89=B_SPLINE_CURVE_WITH_KNOTS('',3,(#2513,#2514,#2515,#2516),
 .UNSPECIFIED.,.F.,.F.,(4,4),(0.0111629313010508,0.0125629313010481),
 .UNSPECIFIED.);
#90=B_SPLINE_CURVE_WITH_KNOTS('',3,(#2518,#2519,#2520,#2521,#2522,#2523,
#2524,#2525,#2526,#2527,#2528,#2529,#2530,#2531,#2532,#2533,#2534,#2535,
#2536,#2537,#2538,#2539,#2540),.UNSPECIFIED.,.F.,.F.,(4,1,1,1,1,1,1,1,1,
1,1,1,1,1,1,1,1,1,1,1,4),(0.404540396969439,0.409416529004203,0.414292661038968,
0.419168793073733,0.424044925108497,0.428921057143262,0.433797189178026,
0.443549453247556,0.44842558528232,0.453301717317085,0.458177849351849,
0.463053981386614,0.467930113421379,0.472806245456143,0.477682377490908,
0.482558509525672,0.492310773595202,0.502063037664731,0.521567565803789,
0.541072093942848,0.560576622081906),.UNSPECIFIED.);
#91=B_SPLINE_CURVE_WITH_KNOTS('',3,(#2542,#2543,#2544,#2545),
 .UNSPECIFIED.,.F.,.F.,(4,4),(0.0100520128230921,0.0124420273847131),
 .UNSPECIFIED.);
#92=B_SPLINE_CURVE_WITH_KNOTS('',3,(#2547,#2548,#2549,#2550),
 .UNSPECIFIED.,.F.,.F.,(4,4),(0.0100444009920003,0.0124344155536216),
 .UNSPECIFIED.);
#93=B_SPLINE_CURVE_WITH_KNOTS('',3,(#2554,#2555,#2556,#2557,#2558,#2559,
#2560,#2561),.UNSPECIFIED.,.F.,.F.,(4,1,1,1,1,4),(0.086170130420668,0.0959703341027808,
0.100870435943837,0.105770537784894,0.115570741467006,0.125370945149119),
 .UNSPECIFIED.);
#94=B_SPLINE_CURVE_WITH_KNOTS('',3,(#2566,#2567,#2568,#2569,#2570,#2571,
#2572,#2573),.UNSPECIFIED.,.F.,.F.,(4,1,1,1,1,4),(0.0682049468691239,0.0732466458988857,
0.0782883449286474,0.0883717429881709,0.0984551410476945,0.108538539107218),
 .UNSPECIFIED.);
#95=B_SPLINE_CURVE_WITH_KNOTS('',3,(#2577,#2578,#2579,#2580),
 .UNSPECIFIED.,.F.,.F.,(4,4),(0.0101165430560919,0.0110415430560919),
 .UNSPECIFIED.);
#96=B_SPLINE_CURVE_WITH_KNOTS('',3,(#2582,#2583,#2584,#2585),
 .UNSPECIFIED.,.F.,.F.,(4,4),(0.00325288041695448,0.00417868622851592),
 .UNSPECIFIED.);
#97=B_SPLINE_CURVE_WITH_KNOTS('',1,(#2644,#2645),.UNSPECIFIED.,.F.,.F.,
(2,2),(2.,3.),.UNSPECIFIED.);
#98=B_SPLINE_CURVE_WITH_KNOTS('',3,(#2648,#2649,#2650,#2651,#2652,#2653,
#2654,#2655,#2656,#2657,#2658,#2659,#2660,#2661,#2662,#2663,#2664,#2665,
#2666,#2667,#2668,#2669,#2670,#2671,#2672,#2673,#2674,#2675,#2676,#2677),
 .UNSPECIFIED.,.F.,.F.,(4,1,1,1,1,1,1,1,1,1,1,1,1,1,1,1,1,1,1,1,1,1,1,1,
1,1,1,4),(0.257744317185374,0.277246148622511,0.296747980059648,0.316249811496785,
0.326000727215353,0.335751642933922,0.340627100793206,0.34550255865249,
0.350378016511775,0.355253474371059,0.360128932230343,0.365004390089627,
0.369879847948911,0.374755305808196,0.37963076366748,0.384506221526764,
0.389381679386048,0.394257137245333,0.399132595104617,0.401570324034259,
0.404008052963901,0.406445781893543,0.407664646358364,0.408883510823185,
0.410102375288006,0.411321239752827,0.412540104217648,0.413758968682469),
 .UNSPECIFIED.);
#99=B_SPLINE_CURVE_WITH_KNOTS('',1,(#2679,#2680),.UNSPECIFIED.,.F.,.F.,
(2,2),(2.,3.),.UNSPECIFIED.);
#100=B_SPLINE_CURVE_WITH_KNOTS('',1,(#2711,#2712),.UNSPECIFIED.,.F.,.F.,
(2,2),(1.,2.),.UNSPECIFIED.);
#101=B_SPLINE_CURVE_WITH_KNOTS('',3,(#2714,#2715,#2716,#2717),
 .UNSPECIFIED.,.F.,.F.,(4,4),(0.0231473593839481,0.0278223593839481),
 .UNSPECIFIED.);
#102=B_SPLINE_CURVE_WITH_KNOTS('',3,(#2721,#2722,#2723,#2724),
 .UNSPECIFIED.,.F.,.F.,(4,4),(0.285256439198974,0.348256440466259),
 .UNSPECIFIED.);
#103=B_SPLINE_CURVE_WITH_KNOTS('',8,(#2728,#2729,#2730,#2731,#2732,#2733,
#2734,#2735,#2736,#2737,#2738,#2739,#2740,#2741,#2742,#2743,#2744,#2745,
#2746,#2747,#2748,#2749,#2750,#2751,#2752,#2753,#2754,#2755,#2756,#2757,
#2758,#2759,#2760,#2761,#2762,#2763,#2764,#2765,#2766,#2767,#2768,#2769,
#2770,#2771,#2772,#2773,#2774,#2775,#2776,#2777,#2778,#2779,#2780,#2781,
#2782,#2783,#2784,#2785,#2786,#2787,#2788,#2789,#2790,#2791,#2792,#2793,
#2794,#2795,#2796,#2797,#2798,#2799,#2800,#2801,#2802,#2803,#2804,#2805,
#2806,#2807,#2808,#2809,#2810,#2811,#2812,#2813,#2814,#2815,#2816,#2817,
#2818,#2819,#2820,#2821,#2822,#2823,#2824,#2825,#2826,#2827,#2828,#2829,
#2830,#2831,#2832,#2833,#2834,#2835,#2836,#2837,#2838,#2839,#2840,#2841,
#2842,#2843,#2844,#2845,#2846,#2847,#2848,#2849,#2850,#2851,#2852,#2853,
#2854,#2855,#2856,#2857,#2858,#2859,#2860,#2861,#2862,#2863,#2864,#2865,
#2866,#2867,#2868,#2869,#2870,#2871,#2872,#2873,#2874,#2875,#2876,#2877,
#2878,#2879,#2880,#2881,#2882,#2883,#2884,#2885,#2886,#2887,#2888,#2889,
#2890,#2891,#2892,#2893,#2894,#2895,#2896,#2897,#2898,#2899,#2900,#2901,
#2902,#2903,#2904,#2905,#2906,#2907,#2908,#2909,#2910,#2911,#2912,#2913,
#2914,#2915,#2916,#2917,#2918,#2919,#2920,#2921,#2922,#2923,#2924,#2925,
#2926,#2927,#2928,#2929,#2930,#2931,#2932,#2933,#2934,#2935,#2936,#2937,
#2938,#2939,#2940,#2941,#2942,#2943,#2944,#2945,#2946,#2947,#2948,#2949,
#2950,#2951,#2952,#2953,#2954,#2955,#2956,#2957,#2958,#2959,#2960,#2961,
#2962,#2963,#2964,#2965,#2966,#2967,#2968,#2969,#2970,#2971,#2972,#2973,
#2974,#2975,#2976,#2977,#2978,#2979,#2980,#2981,#2982,#2983,#2984,#2985,
#2986,#2987,#2988,#2989,#2990,#2991,#2992,#2993,#2994,#2995,#2996,#2997,
#2998,#2999,#3000,#3001,#3002),.UNSPECIFIED.,.F.,.F.,(9,7,7,7,7,7,7,7,7,
7,7,7,7,7,7,7,7,7,7,7,7,7,7,7,7,7,7,7,7,7,7,7,7,7,7,7,7,7,7,9),(0.,0.02377324194729,
0.03277140596461,0.04178449801848,0.07007854992052,0.07604114061088,0.08697568370238,
0.120448375775,0.127438181606,0.145215332124,0.153211368994,0.161202588031,
0.188924881364,0.200877618244,0.213828983345,0.240569742355,0.250475105096,
0.261363231026,0.280949074512,0.293901870286,0.30778247998,0.318787028255,
0.326782490562,0.352016115027,0.360977199059,0.370238937946,0.401021944063,
0.418033538928,0.428372475119,0.440411240229,0.452444974525,0.481379126021,
0.50933853249,0.526378442477,0.542343147874,0.561385980805,0.596928150261,
0.669106974273,0.820988156103,1.),.UNSPECIFIED.);
#104=B_SPLINE_CURVE_WITH_KNOTS('',3,(#3003,#3004,#3005,#3006),
 .UNSPECIFIED.,.F.,.F.,(4,4),(0.303333765196225,0.36633376519526),
 .UNSPECIFIED.);
#105=B_SPLINE_CURVE_WITH_KNOTS('',3,(#3007,#3008,#3009,#3010),
 .UNSPECIFIED.,.F.,.F.,(4,4),(0.28747187178301,0.350471872668619),
 .UNSPECIFIED.);
#106=B_SPLINE_CURVE_WITH_KNOTS('',3,(#3012,#3013,#3014,#3015),
 .UNSPECIFIED.,.F.,.F.,(4,4),(0.00958463599878855,0.01051044181035),
 .UNSPECIFIED.);
#107=B_SPLINE_CURVE_WITH_KNOTS('',4,(#3019,#3020,#3021,#3022,#3023),
 .UNSPECIFIED.,.F.,.F.,(5,5),(0.,1.),.UNSPECIFIED.);
#108=B_SPLINE_CURVE_WITH_KNOTS('',3,(#3025,#3026,#3027,#3028,#3029,#3030,
#3031,#3032),.UNSPECIFIED.,.F.,.F.,(4,1,1,1,1,4),(0.0681072674004208,0.0731482220712079,
0.0781891767419951,0.0882710860835694,0.0983529954251437,0.108434904766718),
 .UNSPECIFIED.);
#109=B_SPLINE_CURVE_WITH_KNOTS('',3,(#3036,#3037,#3038,#3039,#3040,#3041,
#3042,#3043),.UNSPECIFIED.,.F.,.F.,(4,1,1,1,1,4),(6.9928938926747E-18,0.0100100539098589,
0.0150150808647883,0.0200201078197177,0.0300301617295766,0.0400402156394354),
 .UNSPECIFIED.);
#110=B_SPLINE_CURVE_WITH_KNOTS('',3,(#3152,#3153,#3154,#3155),
 .UNSPECIFIED.,.F.,.F.,(4,4),(0.,0.00238773851022813),.UNSPECIFIED.);
#111=B_SPLINE_CURVE_WITH_KNOTS('',3,(#3157,#3158,#3159,#3160,#3161,#3162,
#3163,#3164,#3165,#3166,#3167),.UNSPECIFIED.,.F.,.F.,(4,1,1,1,1,1,1,1,4),
(0.163094332461507,0.169653884069796,0.176213435678086,0.182772987286375,
0.189332538894665,0.195892090502954,0.202451642111244,0.209011193719533,
0.215570745327823),.UNSPECIFIED.);
#112=B_SPLINE_CURVE_WITH_KNOTS('',3,(#3169,#3170,#3171,#3172),
 .UNSPECIFIED.,.F.,.F.,(4,4),(0.00891963072955072,0.00984544002590878),
 .UNSPECIFIED.);
#113=B_SPLINE_CURVE_WITH_KNOTS('',3,(#3176,#3177,#3178,#3179),
 .UNSPECIFIED.,.F.,.F.,(4,4),(0.,0.00238430632640263),.UNSPECIFIED.);
#114=B_SPLINE_CURVE_WITH_KNOTS('',3,(#3288,#3289,#3290,#3291,#3292,#3293,
#3294,#3295,#3296,#3297,#3298,#3299),.UNSPECIFIED.,.F.,.F.,(4,1,1,1,1,1,
1,1,1,4),(0.0484844325205385,0.0550402441045012,0.0615960556884639,0.0681518672724266,
0.0747076788563892,0.0812634904403519,0.0878193020243146,0.0910972078162959,
0.0943751136082773,0.10093092519224),.UNSPECIFIED.);
#115=B_SPLINE_CURVE_WITH_KNOTS('',3,(#3301,#3302,#3303,#3304),
 .UNSPECIFIED.,.F.,.F.,(4,4),(0.00325273774265092,0.00417854700030178),
 .UNSPECIFIED.);
#116=B_SPLINE_CURVE_WITH_KNOTS('',3,(#3306,#3307,#3308,#3309),
 .UNSPECIFIED.,.F.,.F.,(4,4),(0.0102160744807465,0.0111410752951669),
 .UNSPECIFIED.);
#117=B_SPLINE_CURVE_WITH_KNOTS('',3,(#3512,#3513,#3514,#3515),
 .UNSPECIFIED.,.F.,.F.,(4,4),(0.,0.00470812071365424),.UNSPECIFIED.);
#118=B_SPLINE_CURVE_WITH_KNOTS('',3,(#3517,#3518,#3519,#3520,#3521,#3522,
#3523,#3524,#3525,#3526,#3527,#3528,#3529,#3530,#3531,#3532,#3533,#3534,
#3535,#3536),.UNSPECIFIED.,.F.,.F.,(4,1,1,1,1,1,1,1,1,1,1,1,1,1,1,1,1,4),
(0.373193884156202,0.376482485371289,0.379771086586376,0.383059687801464,
0.386348289016551,0.389636890231638,0.392925491446726,0.3995026938769,0.406079896307075,
0.409368497522162,0.41265709873725,0.415945699952337,0.419234301167424,
0.420878601774968,0.422522902382511,0.423345052686283,0.424167202990055,
0.425811503597599),.UNSPECIFIED.);
#119=B_SPLINE_CURVE_WITH_KNOTS('',1,(#3540,#3541),.UNSPECIFIED.,.F.,.F.,
(2,2),(1.,2.),.UNSPECIFIED.);
#120=B_SPLINE_CURVE_WITH_KNOTS('',3,(#3598,#3599,#3600,#3601,#3602,#3603,
#3604,#3605,#3606,#3607,#3608,#3609,#3610,#3611,#3612,#3613),
 .UNSPECIFIED.,.F.,.F.,(4,1,1,1,1,1,1,1,1,1,1,1,1,4),(5.8184394216733E-18,
0.0032555371962056,0.0065110743924112,0.0130221487848224,0.0195332231772336,
0.0260442975696448,0.0292998347658504,0.032555371962056,0.0358109091582616,
0.0390664463544672,0.0423219835506728,0.0455775207468784,0.048833057943084,
0.0520885951392896),.UNSPECIFIED.);
#121=B_SPLINE_CURVE_WITH_KNOTS('',4,(#3615,#3616,#3617,#3618,#3619),
 .UNSPECIFIED.,.F.,.F.,(5,5),(0.,1.),.UNSPECIFIED.);
#122=B_SPLINE_SURFACE_WITH_KNOTS('',3,3,((#2371,#2372,#2373,#2374,#2375,
#2376,#2377,#2378,#2379,#2380,#2381,#2382,#2383,#2384,#2385,#2386,#2387,
#2388,#2389,#2390,#2391,#2392,#2393,#2394,#2395,#2396,#2397,#2398),(#2399,
#2400,#2401,#2402,#2403,#2404,#2405,#2406,#2407,#2408,#2409,#2410,#2411,
#2412,#2413,#2414,#2415,#2416,#2417,#2418,#2419,#2420,#2421,#2422,#2423,
#2424,#2425,#2426),(#2427,#2428,#2429,#2430,#2431,#2432,#2433,#2434,#2435,
#2436,#2437,#2438,#2439,#2440,#2441,#2442,#2443,#2444,#2445,#2446,#2447,
#2448,#2449,#2450,#2451,#2452,#2453,#2454),(#2455,#2456,#2457,#2458,#2459,
#2460,#2461,#2462,#2463,#2464,#2465,#2466,#2467,#2468,#2469,#2470,#2471,
#2472,#2473,#2474,#2475,#2476,#2477,#2478,#2479,#2480,#2481,#2482)),
 .UNSPECIFIED.,.F.,.F.,.F.,(4,4),(4,1,1,1,1,1,1,1,1,1,1,1,1,1,1,1,1,1,1,
1,1,1,1,1,1,4),(2.13338589336484,2.80325175669287),(-0.00742103265518732,
0.0109434132526426,0.0240608746153782,0.039801828250661,0.0607897664310381,
0.0870246891565094,0.118506596427075,0.14998850369764,0.181470410968206,
0.212952318238772,0.244434225509337,0.275916132779903,0.302151055505374,
0.323138993685751,0.338879947321034,0.354620900956317,0.375608839136694,
0.401843761862165,0.433325669132731,0.464807576403296,0.496289483673862,
0.527771390944427,0.569747267305181,0.643205050936501,0.748144741838386,
1.00000000000291),.UNSPECIFIED.);
#123=B_SPLINE_SURFACE_WITH_KNOTS('',3,3,((#3044,#3045,#3046,#3047,#3048,
#3049,#3050,#3051,#3052,#3053,#3054,#3055,#3056,#3057,#3058,#3059,#3060,
#3061,#3062,#3063,#3064,#3065,#3066,#3067,#3068,#3069,#3070),(#3071,#3072,
#3073,#3074,#3075,#3076,#3077,#3078,#3079,#3080,#3081,#3082,#3083,#3084,
#3085,#3086,#3087,#3088,#3089,#3090,#3091,#3092,#3093,#3094,#3095,#3096,
#3097),(#3098,#3099,#3100,#3101,#3102,#3103,#3104,#3105,#3106,#3107,#3108,
#3109,#3110,#3111,#3112,#3113,#3114,#3115,#3116,#3117,#3118,#3119,#3120,
#3121,#3122,#3123,#3124),(#3125,#3126,#3127,#3128,#3129,#3130,#3131,#3132,
#3133,#3134,#3135,#3136,#3137,#3138,#3139,#3140,#3141,#3142,#3143,#3144,
#3145,#3146,#3147,#3148,#3149,#3150,#3151)),.UNSPECIFIED.,.F.,.F.,.F.,(4,
4),(4,1,1,1,1,1,1,1,1,1,1,1,1,1,1,1,1,1,1,1,1,1,1,1,4),(3.53844532936928,
3.90282691251465),(-0.00695614243836954,0.0245112370128345,0.0402449267384365,
0.0612231797059058,0.0874459959152425,0.118913375366446,0.15038075481765,
0.181848134268855,0.213315513720059,0.244782893171263,0.276250272622467,
0.302473088831803,0.323451341799273,0.339185031524875,0.354918721250477,
0.375896974217946,0.402119790427283,0.433587169878487,0.465054549329691,
0.496521928780895,0.527989308232099,0.569945814167037,0.64336969955318,
0.748260964390527,1.00000000000016),.UNSPECIFIED.);
#124=B_SPLINE_SURFACE_WITH_KNOTS('',3,3,((#3180,#3181,#3182,#3183,#3184,
#3185,#3186,#3187,#3188,#3189,#3190,#3191,#3192,#3193,#3194,#3195,#3196,
#3197,#3198,#3199,#3200,#3201,#3202,#3203,#3204,#3205,#3206),(#3207,#3208,
#3209,#3210,#3211,#3212,#3213,#3214,#3215,#3216,#3217,#3218,#3219,#3220,
#3221,#3222,#3223,#3224,#3225,#3226,#3227,#3228,#3229,#3230,#3231,#3232,
#3233),(#3234,#3235,#3236,#3237,#3238,#3239,#3240,#3241,#3242,#3243,#3244,
#3245,#3246,#3247,#3248,#3249,#3250,#3251,#3252,#3253,#3254,#3255,#3256,
#3257,#3258,#3259,#3260),(#3261,#3262,#3263,#3264,#3265,#3266,#3267,#3268,
#3269,#3270,#3271,#3272,#3273,#3274,#3275,#3276,#3277,#3278,#3279,#3280,
#3281,#3282,#3283,#3284,#3285,#3286,#3287)),.UNSPECIFIED.,.F.,.F.,.F.,(4,
4),(4,1,1,1,1,1,1,1,1,1,1,1,1,1,1,1,1,1,1,1,1,1,1,1,4),(1.10098073900113,
1.47887265888149),(0.,0.03125,0.046875,0.0677083333333334,0.09375,0.125,
0.15625,0.1875,0.21875,0.25,0.28125,0.307291666666667,0.328125,0.34375,
0.359375,0.380208333333333,0.40625,0.4375,0.46875,0.5,0.53125,0.572916666666667,
0.645833333333334,0.75,1.),.UNSPECIFIED.);
#125=B_SPLINE_SURFACE_WITH_KNOTS('',3,3,((#3312,#3313,#3314,#3315,#3316,
#3317,#3318,#3319,#3320,#3321,#3322,#3323,#3324,#3325,#3326,#3327,#3328,
#3329,#3330,#3331,#3332,#3333,#3334,#3335,#3336,#3337,#3338,#3339,#3340,
#3341,#3342,#3343,#3344,#3345,#3346,#3347,#3348,#3349,#3350,#3351,#3352,
#3353,#3354,#3355,#3356,#3357,#3358,#3359,#3360,#3361),(#3362,#3363,#3364,
#3365,#3366,#3367,#3368,#3369,#3370,#3371,#3372,#3373,#3374,#3375,#3376,
#3377,#3378,#3379,#3380,#3381,#3382,#3383,#3384,#3385,#3386,#3387,#3388,
#3389,#3390,#3391,#3392,#3393,#3394,#3395,#3396,#3397,#3398,#3399,#3400,
#3401,#3402,#3403,#3404,#3405,#3406,#3407,#3408,#3409,#3410,#3411),(#3412,
#3413,#3414,#3415,#3416,#3417,#3418,#3419,#3420,#3421,#3422,#3423,#3424,
#3425,#3426,#3427,#3428,#3429,#3430,#3431,#3432,#3433,#3434,#3435,#3436,
#3437,#3438,#3439,#3440,#3441,#3442,#3443,#3444,#3445,#3446,#3447,#3448,
#3449,#3450,#3451,#3452,#3453,#3454,#3455,#3456,#3457,#3458,#3459,#3460,
#3461),(#3462,#3463,#3464,#3465,#3466,#3467,#3468,#3469,#3470,#3471,#3472,
#3473,#3474,#3475,#3476,#3477,#3478,#3479,#3480,#3481,#3482,#3483,#3484,
#3485,#3486,#3487,#3488,#3489,#3490,#3491,#3492,#3493,#3494,#3495,#3496,
#3497,#3498,#3499,#3500,#3501,#3502,#3503,#3504,#3505,#3506,#3507,#3508,
#3509,#3510,#3511)),.UNSPECIFIED.,.F.,.F.,.F.,(4,4),(4,1,1,1,1,1,1,1,1,
1,1,1,1,1,1,1,1,1,1,1,1,1,1,1,1,1,1,1,1,1,1,1,1,1,1,1,1,1,1,1,1,1,1,1,1,
1,1,4),(2.99111027740387,3.86884643612152),(-0.0196483641085015,-0.0116823612638581,
-0.00836319341192337,-0.00570785913037556,-0.00371635841921471,-0.00172485770805385,
0.000266643003107003,0.00225814371426786,0.00491347799581566,0.00823264584775042,
0.013543314410846,0.0201816501147155,0.028147652959359,0.0361136558040024,
0.0440796586486458,0.0520456614932892,0.0626669986194805,0.0759436700272195,
0.0918756757165063,0.107807681405793,0.12373968709508,0.139671692784367,
0.155603698473654,0.171535704162941,0.187467709852227,0.203399715541514,
0.219331721230801,0.235263726920088,0.251195732609375,0.264472404017114,
0.275093741143305,0.285715078269496,0.298991749677235,0.314923755366522,
0.330855761055809,0.346787766745096,0.368030440997478,0.389273115249861,
0.410515789502243,0.431758463754625,0.458311806570104,0.490175817948677,
0.522039829327251,0.564525177832016,0.617631863462972,0.681359886220119,
0.766330583229649,1.00000000000586),.UNSPECIFIED.);
#126=B_SPLINE_SURFACE_WITH_KNOTS('',3,1,((#3773,#3774),(#3775,#3776),(#3777,
#3778),(#3779,#3780),(#3781,#3782)),.SURF_OF_LINEAR_EXTRUSION.,.F.,.F.,
 .F.,(4,1,4),(2,2),(0.0215774216838658,0.504078625534633,0.986579829385401),
(0.,1.),.UNSPECIFIED.);
#127=CYLINDRICAL_SURFACE('',#1650,8.15);
#128=CYLINDRICAL_SURFACE('',#1654,17.95);
#129=CYLINDRICAL_SURFACE('',#1660,17.25);
#130=CYLINDRICAL_SURFACE('',#1667,16.325);
#131=CYLINDRICAL_SURFACE('',#1671,17.25);
#132=CYLINDRICAL_SURFACE('',#1681,16.325);
#133=CYLINDRICAL_SURFACE('',#1685,17.85);
#134=CYLINDRICAL_SURFACE('',#1689,5.5);
#135=CYLINDRICAL_SURFACE('',#1690,6.90042187453456);
#136=CYLINDRICAL_SURFACE('',#1691,0.33);
#137=CYLINDRICAL_SURFACE('',#1696,0.33);
#138=CYLINDRICAL_SURFACE('',#1698,0.33);
#139=CYLINDRICAL_SURFACE('',#1706,0.33);
#140=CYLINDRICAL_SURFACE('',#1707,0.33);
#141=CYLINDRICAL_SURFACE('',#1709,0.33);
#142=CYLINDRICAL_SURFACE('',#1711,0.33);
#143=CYLINDRICAL_SURFACE('',#1718,0.33);
#144=CYLINDRICAL_SURFACE('',#1719,0.33);
#145=CYLINDRICAL_SURFACE('',#1721,0.33);
#146=CYLINDRICAL_SURFACE('',#1723,0.33);
#147=CYLINDRICAL_SURFACE('',#1730,0.33);
#148=CYLINDRICAL_SURFACE('',#1731,0.33);
#149=CYLINDRICAL_SURFACE('',#1733,0.33);
#150=CYLINDRICAL_SURFACE('',#1735,0.33);
#151=CYLINDRICAL_SURFACE('',#1738,0.33);
#152=CYLINDRICAL_SURFACE('',#1742,1.5);
#153=CYLINDRICAL_SURFACE('',#1754,1.55);
#154=CYLINDRICAL_SURFACE('',#1763,1.75);
#155=CYLINDRICAL_SURFACE('',#1771,2.);
#156=CYLINDRICAL_SURFACE('',#1783,2.);
#157=CYLINDRICAL_SURFACE('',#1785,2.);
#158=CYLINDRICAL_SURFACE('',#1787,2.);
#159=CYLINDRICAL_SURFACE('',#1789,2.);
#160=CYLINDRICAL_SURFACE('',#1791,2.);
#161=CYLINDRICAL_SURFACE('',#1793,2.);
#162=CYLINDRICAL_SURFACE('',#1799,2.5);
#163=LINE('',#2295,#262);
#164=LINE('',#2300,#263);
#165=LINE('',#2304,#264);
#166=LINE('',#2308,#265);
#167=LINE('',#2312,#266);
#168=LINE('',#2316,#267);
#169=LINE('',#2322,#268);
#170=LINE('',#2327,#269);
#171=LINE('',#2331,#270);
#172=LINE('',#2335,#271);
#173=LINE('',#2339,#272);
#174=LINE('',#2343,#273);
#175=LINE('',#2347,#274);
#176=LINE('',#2351,#275);
#177=LINE('',#3640,#276);
#178=LINE('',#3641,#277);
#179=LINE('',#3650,#278);
#180=LINE('',#3651,#279);
#181=LINE('',#3656,#280);
#182=LINE('',#3657,#281);
#183=LINE('',#3667,#282);
#184=LINE('',#3668,#283);
#185=LINE('',#3673,#284);
#186=LINE('',#3674,#285);
#187=LINE('',#3679,#286);
#188=LINE('',#3680,#287);
#189=LINE('',#3682,#288);
#190=LINE('',#3683,#289);
#191=LINE('',#3693,#290);
#192=LINE('',#3694,#291);
#193=LINE('',#3699,#292);
#194=LINE('',#3700,#293);
#195=LINE('',#3705,#294);
#196=LINE('',#3706,#295);
#197=LINE('',#3708,#296);
#198=LINE('',#3709,#297);
#199=LINE('',#3719,#298);
#200=LINE('',#3720,#299);
#201=LINE('',#3725,#300);
#202=LINE('',#3726,#301);
#203=LINE('',#3730,#302);
#204=LINE('',#3731,#303);
#205=LINE('',#3733,#304);
#206=LINE('',#3734,#305);
#207=LINE('',#3738,#306);
#208=LINE('',#3739,#307);
#209=LINE('',#3765,#308);
#210=LINE('',#3768,#309);
#211=LINE('',#3770,#310);
#212=LINE('',#3772,#311);
#213=LINE('',#3788,#312);
#214=LINE('',#3795,#313);
#215=LINE('',#3797,#314);
#216=LINE('',#3799,#315);
#217=LINE('',#3801,#316);
#218=LINE('',#3804,#317);
#219=LINE('',#3806,#318);
#220=LINE('',#3808,#319);
#221=LINE('',#3810,#320);
#222=LINE('',#3812,#321);
#223=LINE('',#3814,#322);
#224=LINE('',#3816,#323);
#225=LINE('',#3818,#324);
#226=LINE('',#3820,#325);
#227=LINE('',#3824,#326);
#228=LINE('',#3828,#327);
#229=LINE('',#3830,#328);
#230=LINE('',#3832,#329);
#231=LINE('',#3834,#330);
#232=LINE('',#3836,#331);
#233=LINE('',#3838,#332);
#234=LINE('',#3840,#333);
#235=LINE('',#3848,#334);
#236=LINE('',#3850,#335);
#237=LINE('',#3852,#336);
#238=LINE('',#3854,#337);
#239=LINE('',#3856,#338);
#240=LINE('',#3860,#339);
#241=LINE('',#3862,#340);
#242=LINE('',#3864,#341);
#243=LINE('',#3866,#342);
#244=LINE('',#3870,#343);
#245=LINE('',#3874,#344);
#246=LINE('',#3878,#345);
#247=LINE('',#3879,#346);
#248=LINE('',#3883,#347);
#249=LINE('',#3887,#348);
#250=LINE('',#3889,#349);
#251=LINE('',#3890,#350);
#252=LINE('',#3892,#351);
#253=LINE('',#3894,#352);
#254=LINE('',#3896,#353);
#255=LINE('',#3898,#354);
#256=LINE('',#3900,#355);
#257=LINE('',#3902,#356);
#258=LINE('',#3904,#357);
#259=LINE('',#3906,#358);
#260=LINE('',#3908,#359);
#261=LINE('',#3910,#360);
#262=VECTOR('',#1822,1000.);
#263=VECTOR('',#1825,1000.);
#264=VECTOR('',#1828,1000.);
#265=VECTOR('',#1831,1000.);
#266=VECTOR('',#1834,1000.);
#267=VECTOR('',#1837,1000.);
#268=VECTOR('',#1844,1000.);
#269=VECTOR('',#1847,1000.);
#270=VECTOR('',#1850,1000.);
#271=VECTOR('',#1853,1000.);
#272=VECTOR('',#1856,1000.);
#273=VECTOR('',#1859,1000.);
#274=VECTOR('',#1862,1000.);
#275=VECTOR('',#1865,1000.);
#276=VECTOR('',#1960,1000.);
#277=VECTOR('',#1961,1000.);
#278=VECTOR('',#1972,1000.);
#279=VECTOR('',#1973,1000.);
#280=VECTOR('',#1978,1000.);
#281=VECTOR('',#1979,1000.);
#282=VECTOR('',#1994,1000.);
#283=VECTOR('',#1995,1000.);
#284=VECTOR('',#2000,1000.);
#285=VECTOR('',#2001,1000.);
#286=VECTOR('',#2006,1000.);
#287=VECTOR('',#2007,1000.);
#288=VECTOR('',#2010,1000.);
#289=VECTOR('',#2011,1000.);
#290=VECTOR('',#2026,1000.);
#291=VECTOR('',#2027,1000.);
#292=VECTOR('',#2032,1000.);
#293=VECTOR('',#2033,1000.);
#294=VECTOR('',#2038,1000.);
#295=VECTOR('',#2039,1000.);
#296=VECTOR('',#2042,1000.);
#297=VECTOR('',#2043,1000.);
#298=VECTOR('',#2058,1000.);
#299=VECTOR('',#2059,1000.);
#300=VECTOR('',#2064,1000.);
#301=VECTOR('',#2065,1000.);
#302=VECTOR('',#2070,1000.);
#303=VECTOR('',#2071,1000.);
#304=VECTOR('',#2074,1000.);
#305=VECTOR('',#2075,1000.);
#306=VECTOR('',#2082,1000.);
#307=VECTOR('',#2083,1000.);
#308=VECTOR('',#2124,1000.);
#309=VECTOR('',#2125,1000.);
#310=VECTOR('',#2126,1000.);
#311=VECTOR('',#2127,1000.);
#312=VECTOR('',#2128,1000.);
#313=VECTOR('',#2131,1000.);
#314=VECTOR('',#2132,1000.);
#315=VECTOR('',#2133,1000.);
#316=VECTOR('',#2136,1000.);
#317=VECTOR('',#2137,1000.);
#318=VECTOR('',#2138,1000.);
#319=VECTOR('',#2139,1000.);
#320=VECTOR('',#2142,1000.);
#321=VECTOR('',#2143,1000.);
#322=VECTOR('',#2144,1000.);
#323=VECTOR('',#2147,1000.);
#324=VECTOR('',#2148,1000.);
#325=VECTOR('',#2149,1000.);
#326=VECTOR('',#2154,1000.);
#327=VECTOR('',#2159,1000.);
#328=VECTOR('',#2160,1000.);
#329=VECTOR('',#2161,1000.);
#330=VECTOR('',#2164,1000.);
#331=VECTOR('',#2165,1000.);
#332=VECTOR('',#2166,1000.);
#333=VECTOR('',#2169,1000.);
#334=VECTOR('',#2178,1000.);
#335=VECTOR('',#2181,1000.);
#336=VECTOR('',#2182,1000.);
#337=VECTOR('',#2183,1000.);
#338=VECTOR('',#2186,1000.);
#339=VECTOR('',#2189,1000.);
#340=VECTOR('',#2190,1000.);
#341=VECTOR('',#2193,1000.);
#342=VECTOR('',#2194,1000.);
#343=VECTOR('',#2199,1000.);
#344=VECTOR('',#2202,1000.);
#345=VECTOR('',#2205,1000.);
#346=VECTOR('',#2206,1000.);
#347=VECTOR('',#2209,1000.);
#348=VECTOR('',#2212,1000.);
#349=VECTOR('',#2215,1000.);
#350=VECTOR('',#2216,1000.);
#351=VECTOR('',#2219,1000.);
#352=VECTOR('',#2222,1000.);
#353=VECTOR('',#2225,1000.);
#354=VECTOR('',#2228,1000.);
#355=VECTOR('',#2231,1000.);
#356=VECTOR('',#2234,1000.);
#357=VECTOR('',#2237,1000.);
#358=VECTOR('',#2240,1000.);
#359=VECTOR('',#2243,1000.);
#360=VECTOR('',#2246,1000.);
#361=ORIENTED_EDGE('',*,*,#795,.F.);
#362=ORIENTED_EDGE('',*,*,#796,.F.);
#363=ORIENTED_EDGE('',*,*,#797,.F.);
#364=ORIENTED_EDGE('',*,*,#798,.F.);
#365=ORIENTED_EDGE('',*,*,#799,.F.);
#366=ORIENTED_EDGE('',*,*,#800,.F.);
#367=ORIENTED_EDGE('',*,*,#801,.F.);
#368=ORIENTED_EDGE('',*,*,#802,.F.);
#369=ORIENTED_EDGE('',*,*,#803,.F.);
#370=ORIENTED_EDGE('',*,*,#804,.F.);
#371=ORIENTED_EDGE('',*,*,#805,.F.);
#372=ORIENTED_EDGE('',*,*,#806,.F.);
#373=ORIENTED_EDGE('',*,*,#807,.F.);
#374=ORIENTED_EDGE('',*,*,#808,.F.);
#375=ORIENTED_EDGE('',*,*,#809,.F.);
#376=ORIENTED_EDGE('',*,*,#810,.T.);
#377=ORIENTED_EDGE('',*,*,#811,.F.);
#378=ORIENTED_EDGE('',*,*,#812,.T.);
#379=ORIENTED_EDGE('',*,*,#813,.F.);
#380=ORIENTED_EDGE('',*,*,#814,.T.);
#381=ORIENTED_EDGE('',*,*,#815,.F.);
#382=ORIENTED_EDGE('',*,*,#816,.T.);
#383=ORIENTED_EDGE('',*,*,#817,.F.);
#384=ORIENTED_EDGE('',*,*,#818,.T.);
#385=ORIENTED_EDGE('',*,*,#819,.F.);
#386=ORIENTED_EDGE('',*,*,#820,.T.);
#387=ORIENTED_EDGE('',*,*,#821,.F.);
#388=ORIENTED_EDGE('',*,*,#822,.T.);
#389=ORIENTED_EDGE('',*,*,#823,.F.);
#390=ORIENTED_EDGE('',*,*,#824,.T.);
#391=ORIENTED_EDGE('',*,*,#825,.F.);
#392=ORIENTED_EDGE('',*,*,#826,.T.);
#393=ORIENTED_EDGE('',*,*,#826,.F.);
#394=ORIENTED_EDGE('',*,*,#827,.T.);
#395=ORIENTED_EDGE('',*,*,#827,.F.);
#396=ORIENTED_EDGE('',*,*,#828,.T.);
#397=ORIENTED_EDGE('',*,*,#828,.F.);
#398=ORIENTED_EDGE('',*,*,#829,.T.);
#399=ORIENTED_EDGE('',*,*,#829,.F.);
#400=ORIENTED_EDGE('',*,*,#830,.T.);
#401=ORIENTED_EDGE('',*,*,#831,.T.);
#402=ORIENTED_EDGE('',*,*,#832,.T.);
#403=ORIENTED_EDGE('',*,*,#833,.F.);
#404=ORIENTED_EDGE('',*,*,#834,.F.);
#405=ORIENTED_EDGE('',*,*,#835,.T.);
#406=ORIENTED_EDGE('',*,*,#833,.T.);
#407=ORIENTED_EDGE('',*,*,#836,.T.);
#408=ORIENTED_EDGE('',*,*,#837,.F.);
#409=ORIENTED_EDGE('',*,*,#838,.F.);
#410=ORIENTED_EDGE('',*,*,#839,.T.);
#411=ORIENTED_EDGE('',*,*,#840,.T.);
#412=ORIENTED_EDGE('',*,*,#841,.F.);
#413=ORIENTED_EDGE('',*,*,#842,.T.);
#414=ORIENTED_EDGE('',*,*,#841,.T.);
#415=ORIENTED_EDGE('',*,*,#843,.T.);
#416=ORIENTED_EDGE('',*,*,#844,.F.);
#417=ORIENTED_EDGE('',*,*,#845,.T.);
#418=ORIENTED_EDGE('',*,*,#846,.T.);
#419=ORIENTED_EDGE('',*,*,#847,.F.);
#420=ORIENTED_EDGE('',*,*,#848,.F.);
#421=ORIENTED_EDGE('',*,*,#849,.T.);
#422=ORIENTED_EDGE('',*,*,#847,.T.);
#423=ORIENTED_EDGE('',*,*,#850,.T.);
#424=ORIENTED_EDGE('',*,*,#851,.F.);
#425=ORIENTED_EDGE('',*,*,#830,.F.);
#426=ORIENTED_EDGE('',*,*,#852,.F.);
#427=ORIENTED_EDGE('',*,*,#853,.T.);
#428=ORIENTED_EDGE('',*,*,#854,.T.);
#429=ORIENTED_EDGE('',*,*,#851,.T.);
#430=ORIENTED_EDGE('',*,*,#855,.F.);
#431=ORIENTED_EDGE('',*,*,#844,.T.);
#432=ORIENTED_EDGE('',*,*,#856,.T.);
#433=ORIENTED_EDGE('',*,*,#837,.T.);
#434=ORIENTED_EDGE('',*,*,#857,.T.);
#435=ORIENTED_EDGE('',*,*,#858,.F.);
#436=ORIENTED_EDGE('',*,*,#859,.T.);
#437=ORIENTED_EDGE('',*,*,#853,.F.);
#438=ORIENTED_EDGE('',*,*,#858,.T.);
#439=ORIENTED_EDGE('',*,*,#860,.F.);
#440=ORIENTED_EDGE('',*,*,#861,.F.);
#441=ORIENTED_EDGE('',*,*,#862,.T.);
#442=ORIENTED_EDGE('',*,*,#832,.F.);
#443=ORIENTED_EDGE('',*,*,#863,.T.);
#444=ORIENTED_EDGE('',*,*,#864,.T.);
#445=ORIENTED_EDGE('',*,*,#865,.T.);
#446=ORIENTED_EDGE('',*,*,#860,.T.);
#447=ORIENTED_EDGE('',*,*,#857,.F.);
#448=ORIENTED_EDGE('',*,*,#852,.T.);
#449=ORIENTED_EDGE('',*,*,#836,.F.);
#450=ORIENTED_EDGE('',*,*,#866,.T.);
#451=ORIENTED_EDGE('',*,*,#863,.F.);
#452=ORIENTED_EDGE('',*,*,#831,.F.);
#453=ORIENTED_EDGE('',*,*,#867,.F.);
#454=ORIENTED_EDGE('',*,*,#868,.F.);
#455=ORIENTED_EDGE('',*,*,#867,.T.);
#456=ORIENTED_EDGE('',*,*,#834,.T.);
#457=ORIENTED_EDGE('',*,*,#835,.F.);
#458=ORIENTED_EDGE('',*,*,#856,.F.);
#459=ORIENTED_EDGE('',*,*,#843,.F.);
#460=ORIENTED_EDGE('',*,*,#840,.F.);
#461=ORIENTED_EDGE('',*,*,#869,.T.);
#462=ORIENTED_EDGE('',*,*,#839,.F.);
#463=ORIENTED_EDGE('',*,*,#870,.F.);
#464=ORIENTED_EDGE('',*,*,#871,.T.);
#465=ORIENTED_EDGE('',*,*,#869,.F.);
#466=ORIENTED_EDGE('',*,*,#846,.F.);
#467=ORIENTED_EDGE('',*,*,#872,.T.);
#468=ORIENTED_EDGE('',*,*,#873,.T.);
#469=ORIENTED_EDGE('',*,*,#870,.T.);
#470=ORIENTED_EDGE('',*,*,#838,.T.);
#471=ORIENTED_EDGE('',*,*,#842,.F.);
#472=ORIENTED_EDGE('',*,*,#855,.T.);
#473=ORIENTED_EDGE('',*,*,#850,.F.);
#474=ORIENTED_EDGE('',*,*,#874,.T.);
#475=ORIENTED_EDGE('',*,*,#872,.F.);
#476=ORIENTED_EDGE('',*,*,#845,.F.);
#477=ORIENTED_EDGE('',*,*,#875,.F.);
#478=ORIENTED_EDGE('',*,*,#876,.F.);
#479=ORIENTED_EDGE('',*,*,#875,.T.);
#480=ORIENTED_EDGE('',*,*,#848,.T.);
#481=ORIENTED_EDGE('',*,*,#849,.F.);
#482=ORIENTED_EDGE('',*,*,#854,.F.);
#483=ORIENTED_EDGE('',*,*,#859,.F.);
#484=ORIENTED_EDGE('',*,*,#862,.F.);
#485=ORIENTED_EDGE('',*,*,#877,.T.);
#486=ORIENTED_EDGE('',*,*,#861,.T.);
#487=ORIENTED_EDGE('',*,*,#865,.F.);
#488=ORIENTED_EDGE('',*,*,#878,.T.);
#489=ORIENTED_EDGE('',*,*,#877,.F.);
#490=ORIENTED_EDGE('',*,*,#876,.T.);
#491=ORIENTED_EDGE('',*,*,#878,.F.);
#492=ORIENTED_EDGE('',*,*,#864,.F.);
#493=ORIENTED_EDGE('',*,*,#866,.F.);
#494=ORIENTED_EDGE('',*,*,#868,.T.);
#495=ORIENTED_EDGE('',*,*,#871,.F.);
#496=ORIENTED_EDGE('',*,*,#873,.F.);
#497=ORIENTED_EDGE('',*,*,#874,.F.);
#498=ORIENTED_EDGE('',*,*,#879,.T.);
#499=ORIENTED_EDGE('',*,*,#879,.F.);
#500=ORIENTED_EDGE('',*,*,#880,.T.);
#501=ORIENTED_EDGE('',*,*,#880,.F.);
#502=ORIENTED_EDGE('',*,*,#881,.T.);
#503=ORIENTED_EDGE('',*,*,#881,.F.);
#504=ORIENTED_EDGE('',*,*,#882,.T.);
#505=ORIENTED_EDGE('',*,*,#882,.F.);
#506=ORIENTED_EDGE('',*,*,#808,.T.);
#507=ORIENTED_EDGE('',*,*,#795,.T.);
#508=ORIENTED_EDGE('',*,*,#825,.T.);
#509=ORIENTED_EDGE('',*,*,#883,.T.);
#510=ORIENTED_EDGE('',*,*,#884,.F.);
#511=ORIENTED_EDGE('',*,*,#810,.F.);
#512=ORIENTED_EDGE('',*,*,#885,.F.);
#513=ORIENTED_EDGE('',*,*,#886,.T.);
#514=ORIENTED_EDGE('',*,*,#887,.T.);
#515=ORIENTED_EDGE('',*,*,#883,.F.);
#516=ORIENTED_EDGE('',*,*,#888,.T.);
#517=ORIENTED_EDGE('',*,*,#889,.F.);
#518=ORIENTED_EDGE('',*,*,#886,.F.);
#519=ORIENTED_EDGE('',*,*,#890,.F.);
#520=ORIENTED_EDGE('',*,*,#891,.T.);
#521=ORIENTED_EDGE('',*,*,#892,.F.);
#522=ORIENTED_EDGE('',*,*,#887,.F.);
#523=ORIENTED_EDGE('',*,*,#893,.F.);
#524=ORIENTED_EDGE('',*,*,#894,.T.);
#525=ORIENTED_EDGE('',*,*,#895,.T.);
#526=ORIENTED_EDGE('',*,*,#888,.F.);
#527=ORIENTED_EDGE('',*,*,#896,.T.);
#528=ORIENTED_EDGE('',*,*,#897,.T.);
#529=ORIENTED_EDGE('',*,*,#891,.F.);
#530=ORIENTED_EDGE('',*,*,#824,.F.);
#531=ORIENTED_EDGE('',*,*,#898,.F.);
#532=ORIENTED_EDGE('',*,*,#894,.F.);
#533=ORIENTED_EDGE('',*,*,#899,.F.);
#534=ORIENTED_EDGE('',*,*,#900,.T.);
#535=ORIENTED_EDGE('',*,*,#901,.F.);
#536=ORIENTED_EDGE('',*,*,#895,.F.);
#537=ORIENTED_EDGE('',*,*,#902,.F.);
#538=ORIENTED_EDGE('',*,*,#903,.T.);
#539=ORIENTED_EDGE('',*,*,#904,.F.);
#540=ORIENTED_EDGE('',*,*,#896,.F.);
#541=ORIENTED_EDGE('',*,*,#905,.F.);
#542=ORIENTED_EDGE('',*,*,#812,.F.);
#543=ORIENTED_EDGE('',*,*,#906,.F.);
#544=ORIENTED_EDGE('',*,*,#897,.F.);
#545=ORIENTED_EDGE('',*,*,#907,.F.);
#546=ORIENTED_EDGE('',*,*,#908,.T.);
#547=ORIENTED_EDGE('',*,*,#909,.T.);
#548=ORIENTED_EDGE('',*,*,#900,.F.);
#549=ORIENTED_EDGE('',*,*,#910,.T.);
#550=ORIENTED_EDGE('',*,*,#911,.T.);
#551=ORIENTED_EDGE('',*,*,#903,.F.);
#552=ORIENTED_EDGE('',*,*,#822,.F.);
#553=ORIENTED_EDGE('',*,*,#912,.F.);
#554=ORIENTED_EDGE('',*,*,#908,.F.);
#555=ORIENTED_EDGE('',*,*,#913,.F.);
#556=ORIENTED_EDGE('',*,*,#914,.T.);
#557=ORIENTED_EDGE('',*,*,#915,.F.);
#558=ORIENTED_EDGE('',*,*,#909,.F.);
#559=ORIENTED_EDGE('',*,*,#916,.F.);
#560=ORIENTED_EDGE('',*,*,#917,.T.);
#561=ORIENTED_EDGE('',*,*,#918,.F.);
#562=ORIENTED_EDGE('',*,*,#910,.F.);
#563=ORIENTED_EDGE('',*,*,#919,.F.);
#564=ORIENTED_EDGE('',*,*,#814,.F.);
#565=ORIENTED_EDGE('',*,*,#920,.F.);
#566=ORIENTED_EDGE('',*,*,#911,.F.);
#567=ORIENTED_EDGE('',*,*,#921,.F.);
#568=ORIENTED_EDGE('',*,*,#922,.T.);
#569=ORIENTED_EDGE('',*,*,#923,.T.);
#570=ORIENTED_EDGE('',*,*,#914,.F.);
#571=ORIENTED_EDGE('',*,*,#924,.T.);
#572=ORIENTED_EDGE('',*,*,#925,.T.);
#573=ORIENTED_EDGE('',*,*,#917,.F.);
#574=ORIENTED_EDGE('',*,*,#820,.F.);
#575=ORIENTED_EDGE('',*,*,#926,.F.);
#576=ORIENTED_EDGE('',*,*,#922,.F.);
#577=ORIENTED_EDGE('',*,*,#927,.F.);
#578=ORIENTED_EDGE('',*,*,#928,.T.);
#579=ORIENTED_EDGE('',*,*,#929,.F.);
#580=ORIENTED_EDGE('',*,*,#923,.F.);
#581=ORIENTED_EDGE('',*,*,#930,.F.);
#582=ORIENTED_EDGE('',*,*,#931,.T.);
#583=ORIENTED_EDGE('',*,*,#932,.F.);
#584=ORIENTED_EDGE('',*,*,#924,.F.);
#585=ORIENTED_EDGE('',*,*,#933,.F.);
#586=ORIENTED_EDGE('',*,*,#816,.F.);
#587=ORIENTED_EDGE('',*,*,#934,.F.);
#588=ORIENTED_EDGE('',*,*,#925,.F.);
#589=ORIENTED_EDGE('',*,*,#935,.F.);
#590=ORIENTED_EDGE('',*,*,#928,.F.);
#591=ORIENTED_EDGE('',*,*,#936,.T.);
#592=ORIENTED_EDGE('',*,*,#931,.F.);
#593=ORIENTED_EDGE('',*,*,#936,.F.);
#594=ORIENTED_EDGE('',*,*,#937,.F.);
#595=ORIENTED_EDGE('',*,*,#818,.F.);
#596=ORIENTED_EDGE('',*,*,#938,.F.);
#597=ORIENTED_EDGE('',*,*,#939,.F.);
#598=ORIENTED_EDGE('',*,*,#940,.F.);
#599=ORIENTED_EDGE('',*,*,#939,.T.);
#600=ORIENTED_EDGE('',*,*,#941,.F.);
#601=ORIENTED_EDGE('',*,*,#941,.T.);
#602=ORIENTED_EDGE('',*,*,#893,.T.);
#603=ORIENTED_EDGE('',*,*,#889,.T.);
#604=ORIENTED_EDGE('',*,*,#901,.T.);
#605=ORIENTED_EDGE('',*,*,#915,.T.);
#606=ORIENTED_EDGE('',*,*,#929,.T.);
#607=ORIENTED_EDGE('',*,*,#933,.T.);
#608=ORIENTED_EDGE('',*,*,#919,.T.);
#609=ORIENTED_EDGE('',*,*,#905,.T.);
#610=ORIENTED_EDGE('',*,*,#940,.T.);
#611=ORIENTED_EDGE('',*,*,#811,.T.);
#612=ORIENTED_EDGE('',*,*,#884,.T.);
#613=ORIENTED_EDGE('',*,*,#892,.T.);
#614=ORIENTED_EDGE('',*,*,#906,.T.);
#615=ORIENTED_EDGE('',*,*,#813,.T.);
#616=ORIENTED_EDGE('',*,*,#907,.T.);
#617=ORIENTED_EDGE('',*,*,#904,.T.);
#618=ORIENTED_EDGE('',*,*,#920,.T.);
#619=ORIENTED_EDGE('',*,*,#815,.T.);
#620=ORIENTED_EDGE('',*,*,#921,.T.);
#621=ORIENTED_EDGE('',*,*,#918,.T.);
#622=ORIENTED_EDGE('',*,*,#934,.T.);
#623=ORIENTED_EDGE('',*,*,#932,.T.);
#624=ORIENTED_EDGE('',*,*,#938,.T.);
#625=ORIENTED_EDGE('',*,*,#817,.T.);
#626=ORIENTED_EDGE('',*,*,#935,.T.);
#627=ORIENTED_EDGE('',*,*,#819,.T.);
#628=ORIENTED_EDGE('',*,*,#937,.T.);
#629=ORIENTED_EDGE('',*,*,#930,.T.);
#630=ORIENTED_EDGE('',*,*,#926,.T.);
#631=ORIENTED_EDGE('',*,*,#821,.T.);
#632=ORIENTED_EDGE('',*,*,#927,.T.);
#633=ORIENTED_EDGE('',*,*,#916,.T.);
#634=ORIENTED_EDGE('',*,*,#912,.T.);
#635=ORIENTED_EDGE('',*,*,#902,.T.);
#636=ORIENTED_EDGE('',*,*,#898,.T.);
#637=ORIENTED_EDGE('',*,*,#823,.T.);
#638=ORIENTED_EDGE('',*,*,#913,.T.);
#639=ORIENTED_EDGE('',*,*,#890,.T.);
#640=ORIENTED_EDGE('',*,*,#885,.T.);
#641=ORIENTED_EDGE('',*,*,#809,.T.);
#642=ORIENTED_EDGE('',*,*,#899,.T.);
#643=ORIENTED_EDGE('',*,*,#942,.T.);
#644=ORIENTED_EDGE('',*,*,#943,.F.);
#645=ORIENTED_EDGE('',*,*,#942,.F.);
#646=ORIENTED_EDGE('',*,*,#944,.T.);
#647=ORIENTED_EDGE('',*,*,#945,.F.);
#648=ORIENTED_EDGE('',*,*,#946,.F.);
#649=ORIENTED_EDGE('',*,*,#947,.T.);
#650=ORIENTED_EDGE('',*,*,#948,.T.);
#651=ORIENTED_EDGE('',*,*,#949,.F.);
#652=ORIENTED_EDGE('',*,*,#950,.F.);
#653=ORIENTED_EDGE('',*,*,#945,.T.);
#654=ORIENTED_EDGE('',*,*,#951,.T.);
#655=ORIENTED_EDGE('',*,*,#952,.F.);
#656=ORIENTED_EDGE('',*,*,#953,.F.);
#657=ORIENTED_EDGE('',*,*,#949,.T.);
#658=ORIENTED_EDGE('',*,*,#954,.T.);
#659=ORIENTED_EDGE('',*,*,#955,.F.);
#660=ORIENTED_EDGE('',*,*,#956,.F.);
#661=ORIENTED_EDGE('',*,*,#957,.T.);
#662=ORIENTED_EDGE('',*,*,#958,.T.);
#663=ORIENTED_EDGE('',*,*,#959,.F.);
#664=ORIENTED_EDGE('',*,*,#960,.F.);
#665=ORIENTED_EDGE('',*,*,#955,.T.);
#666=ORIENTED_EDGE('',*,*,#961,.T.);
#667=ORIENTED_EDGE('',*,*,#962,.F.);
#668=ORIENTED_EDGE('',*,*,#963,.F.);
#669=ORIENTED_EDGE('',*,*,#959,.T.);
#670=ORIENTED_EDGE('',*,*,#964,.T.);
#671=ORIENTED_EDGE('',*,*,#965,.F.);
#672=ORIENTED_EDGE('',*,*,#966,.F.);
#673=ORIENTED_EDGE('',*,*,#962,.T.);
#674=ORIENTED_EDGE('',*,*,#967,.T.);
#675=ORIENTED_EDGE('',*,*,#968,.F.);
#676=ORIENTED_EDGE('',*,*,#969,.F.);
#677=ORIENTED_EDGE('',*,*,#965,.T.);
#678=ORIENTED_EDGE('',*,*,#970,.T.);
#679=ORIENTED_EDGE('',*,*,#971,.F.);
#680=ORIENTED_EDGE('',*,*,#972,.F.);
#681=ORIENTED_EDGE('',*,*,#968,.T.);
#682=ORIENTED_EDGE('',*,*,#973,.T.);
#683=ORIENTED_EDGE('',*,*,#974,.T.);
#684=ORIENTED_EDGE('',*,*,#975,.T.);
#685=ORIENTED_EDGE('',*,*,#956,.T.);
#686=ORIENTED_EDGE('',*,*,#960,.T.);
#687=ORIENTED_EDGE('',*,*,#963,.T.);
#688=ORIENTED_EDGE('',*,*,#966,.T.);
#689=ORIENTED_EDGE('',*,*,#969,.T.);
#690=ORIENTED_EDGE('',*,*,#972,.T.);
#691=ORIENTED_EDGE('',*,*,#976,.T.);
#692=ORIENTED_EDGE('',*,*,#957,.F.);
#693=ORIENTED_EDGE('',*,*,#975,.F.);
#694=ORIENTED_EDGE('',*,*,#977,.T.);
#695=ORIENTED_EDGE('',*,*,#978,.T.);
#696=ORIENTED_EDGE('',*,*,#979,.F.);
#697=ORIENTED_EDGE('',*,*,#980,.F.);
#698=ORIENTED_EDGE('',*,*,#952,.T.);
#699=ORIENTED_EDGE('',*,*,#946,.T.);
#700=ORIENTED_EDGE('',*,*,#950,.T.);
#701=ORIENTED_EDGE('',*,*,#953,.T.);
#702=ORIENTED_EDGE('',*,*,#980,.T.);
#703=ORIENTED_EDGE('',*,*,#981,.T.);
#704=ORIENTED_EDGE('',*,*,#982,.T.);
#705=ORIENTED_EDGE('',*,*,#983,.T.);
#706=ORIENTED_EDGE('',*,*,#984,.T.);
#707=ORIENTED_EDGE('',*,*,#985,.T.);
#708=ORIENTED_EDGE('',*,*,#947,.F.);
#709=ORIENTED_EDGE('',*,*,#984,.F.);
#710=ORIENTED_EDGE('',*,*,#986,.T.);
#711=ORIENTED_EDGE('',*,*,#943,.T.);
#712=ORIENTED_EDGE('',*,*,#970,.F.);
#713=ORIENTED_EDGE('',*,*,#967,.F.);
#714=ORIENTED_EDGE('',*,*,#964,.F.);
#715=ORIENTED_EDGE('',*,*,#961,.F.);
#716=ORIENTED_EDGE('',*,*,#958,.F.);
#717=ORIENTED_EDGE('',*,*,#954,.F.);
#718=ORIENTED_EDGE('',*,*,#976,.F.);
#719=ORIENTED_EDGE('',*,*,#987,.T.);
#720=ORIENTED_EDGE('',*,*,#988,.T.);
#721=ORIENTED_EDGE('',*,*,#989,.T.);
#722=ORIENTED_EDGE('',*,*,#990,.T.);
#723=ORIENTED_EDGE('',*,*,#991,.T.);
#724=ORIENTED_EDGE('',*,*,#992,.T.);
#725=ORIENTED_EDGE('',*,*,#978,.F.);
#726=ORIENTED_EDGE('',*,*,#951,.F.);
#727=ORIENTED_EDGE('',*,*,#948,.F.);
#728=ORIENTED_EDGE('',*,*,#944,.F.);
#729=ORIENTED_EDGE('',*,*,#985,.F.);
#730=ORIENTED_EDGE('',*,*,#993,.T.);
#731=ORIENTED_EDGE('',*,*,#994,.T.);
#732=ORIENTED_EDGE('',*,*,#995,.T.);
#733=ORIENTED_EDGE('',*,*,#996,.T.);
#734=ORIENTED_EDGE('',*,*,#997,.T.);
#735=ORIENTED_EDGE('',*,*,#797,.T.);
#736=ORIENTED_EDGE('',*,*,#998,.F.);
#737=ORIENTED_EDGE('',*,*,#996,.F.);
#738=ORIENTED_EDGE('',*,*,#999,.T.);
#739=ORIENTED_EDGE('',*,*,#798,.T.);
#740=ORIENTED_EDGE('',*,*,#999,.F.);
#741=ORIENTED_EDGE('',*,*,#995,.F.);
#742=ORIENTED_EDGE('',*,*,#1000,.T.);
#743=ORIENTED_EDGE('',*,*,#799,.T.);
#744=ORIENTED_EDGE('',*,*,#1000,.F.);
#745=ORIENTED_EDGE('',*,*,#994,.F.);
#746=ORIENTED_EDGE('',*,*,#1001,.T.);
#747=ORIENTED_EDGE('',*,*,#800,.T.);
#748=ORIENTED_EDGE('',*,*,#1001,.F.);
#749=ORIENTED_EDGE('',*,*,#993,.F.);
#750=ORIENTED_EDGE('',*,*,#986,.F.);
#751=ORIENTED_EDGE('',*,*,#983,.F.);
#752=ORIENTED_EDGE('',*,*,#1002,.T.);
#753=ORIENTED_EDGE('',*,*,#801,.T.);
#754=ORIENTED_EDGE('',*,*,#1002,.F.);
#755=ORIENTED_EDGE('',*,*,#982,.F.);
#756=ORIENTED_EDGE('',*,*,#1003,.T.);
#757=ORIENTED_EDGE('',*,*,#802,.T.);
#758=ORIENTED_EDGE('',*,*,#1003,.F.);
#759=ORIENTED_EDGE('',*,*,#981,.F.);
#760=ORIENTED_EDGE('',*,*,#979,.T.);
#761=ORIENTED_EDGE('',*,*,#992,.F.);
#762=ORIENTED_EDGE('',*,*,#1004,.T.);
#763=ORIENTED_EDGE('',*,*,#803,.T.);
#764=ORIENTED_EDGE('',*,*,#1004,.F.);
#765=ORIENTED_EDGE('',*,*,#991,.F.);
#766=ORIENTED_EDGE('',*,*,#1005,.T.);
#767=ORIENTED_EDGE('',*,*,#804,.T.);
#768=ORIENTED_EDGE('',*,*,#1005,.F.);
#769=ORIENTED_EDGE('',*,*,#990,.F.);
#770=ORIENTED_EDGE('',*,*,#1006,.T.);
#771=ORIENTED_EDGE('',*,*,#805,.T.);
#772=ORIENTED_EDGE('',*,*,#1006,.F.);
#773=ORIENTED_EDGE('',*,*,#989,.F.);
#774=ORIENTED_EDGE('',*,*,#1007,.T.);
#775=ORIENTED_EDGE('',*,*,#806,.T.);
#776=ORIENTED_EDGE('',*,*,#1007,.F.);
#777=ORIENTED_EDGE('',*,*,#988,.F.);
#778=ORIENTED_EDGE('',*,*,#1008,.T.);
#779=ORIENTED_EDGE('',*,*,#807,.T.);
#780=ORIENTED_EDGE('',*,*,#1008,.F.);
#781=ORIENTED_EDGE('',*,*,#987,.F.);
#782=ORIENTED_EDGE('',*,*,#977,.F.);
#783=ORIENTED_EDGE('',*,*,#974,.F.);
#784=ORIENTED_EDGE('',*,*,#1009,.T.);
#785=ORIENTED_EDGE('',*,*,#796,.T.);
#786=ORIENTED_EDGE('',*,*,#1009,.F.);
#787=ORIENTED_EDGE('',*,*,#973,.F.);
#788=ORIENTED_EDGE('',*,*,#971,.T.);
#789=ORIENTED_EDGE('',*,*,#997,.F.);
#790=ORIENTED_EDGE('',*,*,#998,.T.);
#791=ORIENTED_EDGE('',*,*,#1010,.T.);
#792=ORIENTED_EDGE('',*,*,#1011,.F.);
#793=ORIENTED_EDGE('',*,*,#1011,.T.);
#794=ORIENTED_EDGE('',*,*,#1010,.F.);
#795=EDGE_CURVE('',#1012,#1012,#1155,.F.);
#796=EDGE_CURVE('',#1013,#1014,#163,.T.);
#797=EDGE_CURVE('',#1015,#1013,#1156,.T.);
#798=EDGE_CURVE('',#1016,#1015,#164,.T.);
#799=EDGE_CURVE('',#1017,#1016,#1157,.T.);
#800=EDGE_CURVE('',#1018,#1017,#165,.T.);
#801=EDGE_CURVE('',#1019,#1018,#1158,.T.);
#802=EDGE_CURVE('',#1020,#1019,#166,.T.);
#803=EDGE_CURVE('',#1021,#1020,#1159,.T.);
#804=EDGE_CURVE('',#1022,#1021,#167,.T.);
#805=EDGE_CURVE('',#1023,#1022,#1160,.T.);
#806=EDGE_CURVE('',#1024,#1023,#168,.T.);
#807=EDGE_CURVE('',#1014,#1024,#1161,.T.);
#808=EDGE_CURVE('',#1025,#1025,#1162,.T.);
#809=EDGE_CURVE('',#1026,#1027,#169,.T.);
#810=EDGE_CURVE('',#1026,#1028,#1163,.F.);
#811=EDGE_CURVE('',#1029,#1028,#170,.T.);
#812=EDGE_CURVE('',#1029,#1030,#1164,.F.);
#813=EDGE_CURVE('',#1031,#1030,#171,.T.);
#814=EDGE_CURVE('',#1031,#1032,#1165,.F.);
#815=EDGE_CURVE('',#1033,#1032,#172,.T.);
#816=EDGE_CURVE('',#1033,#1034,#1166,.F.);
#817=EDGE_CURVE('',#1035,#1034,#173,.T.);
#818=EDGE_CURVE('',#1035,#1036,#1167,.F.);
#819=EDGE_CURVE('',#1037,#1036,#174,.T.);
#820=EDGE_CURVE('',#1037,#1038,#1168,.F.);
#821=EDGE_CURVE('',#1039,#1038,#175,.T.);
#822=EDGE_CURVE('',#1039,#1040,#1169,.F.);
#823=EDGE_CURVE('',#1041,#1040,#176,.T.);
#824=EDGE_CURVE('',#1041,#1027,#1170,.F.);
#825=EDGE_CURVE('',#1042,#1042,#1171,.T.);
#826=EDGE_CURVE('',#1043,#1043,#1172,.T.);
#827=EDGE_CURVE('',#1044,#1044,#1173,.T.);
#828=EDGE_CURVE('',#1045,#1045,#1174,.T.);
#829=EDGE_CURVE('',#1046,#1046,#1175,.T.);
#830=EDGE_CURVE('',#1047,#1047,#1176,.T.);
#831=EDGE_CURVE('',#1048,#1049,#87,.T.);
#832=EDGE_CURVE('',#1049,#1050,#88,.T.);
#833=EDGE_CURVE('',#1051,#1050,#89,.T.);
#834=EDGE_CURVE('',#1048,#1051,#90,.T.);
#835=EDGE_CURVE('',#1052,#1051,#91,.T.);
#836=EDGE_CURVE('',#1050,#1053,#92,.F.);
#837=EDGE_CURVE('',#1052,#1053,#1177,.T.);
#838=EDGE_CURVE('',#1054,#1055,#93,.T.);
#839=EDGE_CURVE('',#1054,#1056,#1178,.T.);
#840=EDGE_CURVE('',#1056,#1057,#94,.T.);
#841=EDGE_CURVE('',#1055,#1057,#1179,.T.);
#842=EDGE_CURVE('',#1058,#1055,#95,.T.);
#843=EDGE_CURVE('',#1057,#1059,#96,.T.);
#844=EDGE_CURVE('',#1058,#1059,#1180,.T.);
#845=EDGE_CURVE('',#1060,#1061,#97,.T.);
#846=EDGE_CURVE('',#1061,#1062,#98,.F.);
#847=EDGE_CURVE('',#1063,#1062,#99,.T.);
#848=EDGE_CURVE('',#1060,#1063,#82,.T.);
#849=EDGE_CURVE('',#1064,#1063,#100,.T.);
#850=EDGE_CURVE('',#1062,#1065,#101,.T.);
#851=EDGE_CURVE('',#1064,#1065,#1181,.T.);
#852=EDGE_CURVE('',#1066,#1053,#102,.F.);
#853=EDGE_CURVE('',#1066,#1067,#1182,.T.);
#854=EDGE_CURVE('',#1067,#1064,#103,.T.);
#855=EDGE_CURVE('',#1058,#1065,#104,.F.);
#856=EDGE_CURVE('',#1059,#1052,#105,.F.);
#857=EDGE_CURVE('',#1066,#1068,#106,.T.);
#858=EDGE_CURVE('',#1069,#1068,#1183,.F.);
#859=EDGE_CURVE('',#1069,#1067,#107,.T.);
#860=EDGE_CURVE('',#1070,#1068,#108,.T.);
#861=EDGE_CURVE('',#1071,#1070,#1184,.F.);
#862=EDGE_CURVE('',#1071,#1069,#109,.T.);
#863=EDGE_CURVE('',#1049,#1072,#110,.T.);
#864=EDGE_CURVE('',#1072,#1073,#111,.T.);
#865=EDGE_CURVE('',#1073,#1070,#112,.T.);
#866=EDGE_CURVE('',#1074,#1072,#1185,.T.);
#867=EDGE_CURVE('',#1074,#1048,#113,.T.);
#868=EDGE_CURVE('',#1074,#1075,#114,.T.);
#869=EDGE_CURVE('',#1056,#1075,#115,.T.);
#870=EDGE_CURVE('',#1076,#1054,#116,.T.);
#871=EDGE_CURVE('',#1076,#1075,#1186,.T.);
#872=EDGE_CURVE('',#1061,#1077,#117,.T.);
#873=EDGE_CURVE('',#1077,#1076,#118,.F.);
#874=EDGE_CURVE('',#1078,#1077,#1187,.T.);
#875=EDGE_CURVE('',#1078,#1060,#119,.T.);
#876=EDGE_CURVE('',#1078,#1079,#120,.T.);
#877=EDGE_CURVE('',#1071,#1079,#121,.T.);
#878=EDGE_CURVE('',#1073,#1079,#1188,.T.);
#879=EDGE_CURVE('',#1080,#1080,#1189,.T.);
#880=EDGE_CURVE('',#1081,#1081,#1190,.T.);
#881=EDGE_CURVE('',#1082,#1082,#1191,.T.);
#882=EDGE_CURVE('',#1083,#1083,#1192,.T.);
#883=EDGE_CURVE('',#1084,#1085,#1193,.F.);
#884=EDGE_CURVE('',#1028,#1085,#177,.F.);
#885=EDGE_CURVE('',#1084,#1026,#178,.T.);
#886=EDGE_CURVE('',#1084,#1086,#1194,.T.);
#887=EDGE_CURVE('',#1086,#1085,#1195,.T.);
#888=EDGE_CURVE('',#1087,#1088,#1196,.T.);
#889=EDGE_CURVE('',#1086,#1088,#179,.T.);
#890=EDGE_CURVE('',#1087,#1084,#180,.F.);
#891=EDGE_CURVE('',#1089,#1090,#1197,.F.);
#892=EDGE_CURVE('',#1085,#1090,#181,.F.);
#893=EDGE_CURVE('',#1089,#1086,#182,.T.);
#894=EDGE_CURVE('',#1087,#1091,#1198,.F.);
#895=EDGE_CURVE('',#1091,#1088,#1199,.T.);
#896=EDGE_CURVE('',#1089,#1092,#1200,.T.);
#897=EDGE_CURVE('',#1092,#1090,#1201,.T.);
#898=EDGE_CURVE('',#1091,#1041,#183,.T.);
#899=EDGE_CURVE('',#1027,#1087,#184,.F.);
#900=EDGE_CURVE('',#1093,#1094,#1202,.T.);
#901=EDGE_CURVE('',#1088,#1094,#185,.T.);
#902=EDGE_CURVE('',#1093,#1091,#186,.F.);
#903=EDGE_CURVE('',#1095,#1096,#1203,.F.);
#904=EDGE_CURVE('',#1092,#1096,#187,.F.);
#905=EDGE_CURVE('',#1095,#1089,#188,.T.);
#906=EDGE_CURVE('',#1090,#1029,#189,.T.);
#907=EDGE_CURVE('',#1030,#1092,#190,.F.);
#908=EDGE_CURVE('',#1093,#1097,#1204,.F.);
#909=EDGE_CURVE('',#1097,#1094,#1205,.T.);
#910=EDGE_CURVE('',#1095,#1098,#1206,.F.);
#911=EDGE_CURVE('',#1098,#1096,#1207,.F.);
#912=EDGE_CURVE('',#1097,#1039,#191,.T.);
#913=EDGE_CURVE('',#1040,#1093,#192,.F.);
#914=EDGE_CURVE('',#1099,#1100,#1208,.F.);
#915=EDGE_CURVE('',#1094,#1100,#193,.T.);
#916=EDGE_CURVE('',#1099,#1097,#194,.F.);
#917=EDGE_CURVE('',#1101,#1102,#1209,.F.);
#918=EDGE_CURVE('',#1098,#1102,#195,.F.);
#919=EDGE_CURVE('',#1101,#1095,#196,.T.);
#920=EDGE_CURVE('',#1096,#1031,#197,.T.);
#921=EDGE_CURVE('',#1032,#1098,#198,.F.);
#922=EDGE_CURVE('',#1099,#1103,#1210,.T.);
#923=EDGE_CURVE('',#1103,#1100,#1211,.T.);
#924=EDGE_CURVE('',#1101,#1104,#1212,.F.);
#925=EDGE_CURVE('',#1104,#1102,#1213,.F.);
#926=EDGE_CURVE('',#1103,#1037,#199,.T.);
#927=EDGE_CURVE('',#1038,#1099,#200,.F.);
#928=EDGE_CURVE('',#1105,#1106,#1214,.F.);
#929=EDGE_CURVE('',#1100,#1106,#201,.T.);
#930=EDGE_CURVE('',#1105,#1103,#202,.F.);
#931=EDGE_CURVE('',#1106,#1107,#1215,.F.);
#932=EDGE_CURVE('',#1104,#1107,#203,.F.);
#933=EDGE_CURVE('',#1106,#1101,#204,.T.);
#934=EDGE_CURVE('',#1102,#1033,#205,.T.);
#935=EDGE_CURVE('',#1034,#1104,#206,.F.);
#936=EDGE_CURVE('',#1105,#1107,#1216,.T.);
#937=EDGE_CURVE('',#1036,#1105,#207,.F.);
#938=EDGE_CURVE('',#1107,#1035,#208,.T.);
#939=EDGE_CURVE('',#1108,#1108,#1217,.T.);
#940=EDGE_CURVE('',#1109,#1109,#1218,.F.);
#941=EDGE_CURVE('',#1110,#1110,#1219,.F.);
#942=EDGE_CURVE('',#1111,#1111,#1220,.F.);
#943=EDGE_CURVE('',#1112,#1112,#1221,.T.);
#944=EDGE_CURVE('',#1113,#1114,#209,.T.);
#945=EDGE_CURVE('',#1115,#1114,#210,.T.);
#946=EDGE_CURVE('',#1116,#1115,#211,.T.);
#947=EDGE_CURVE('',#1116,#1113,#212,.T.);
#948=EDGE_CURVE('',#1114,#1117,#83,.T.);
#949=EDGE_CURVE('',#1118,#1117,#213,.T.);
#950=EDGE_CURVE('',#1115,#1118,#84,.T.);
#951=EDGE_CURVE('',#1117,#1119,#214,.T.);
#952=EDGE_CURVE('',#1120,#1119,#215,.T.);
#953=EDGE_CURVE('',#1118,#1120,#216,.T.);
#954=EDGE_CURVE('',#1121,#1122,#217,.T.);
#955=EDGE_CURVE('',#1123,#1122,#218,.T.);
#956=EDGE_CURVE('',#1124,#1123,#219,.T.);
#957=EDGE_CURVE('',#1124,#1121,#220,.T.);
#958=EDGE_CURVE('',#1122,#1125,#221,.T.);
#959=EDGE_CURVE('',#1126,#1125,#222,.T.);
#960=EDGE_CURVE('',#1123,#1126,#223,.T.);
#961=EDGE_CURVE('',#1125,#1127,#224,.T.);
#962=EDGE_CURVE('',#1128,#1127,#225,.T.);
#963=EDGE_CURVE('',#1126,#1128,#226,.T.);
#964=EDGE_CURVE('',#1127,#1129,#1222,.T.);
#965=EDGE_CURVE('',#1130,#1129,#227,.T.);
#966=EDGE_CURVE('',#1128,#1130,#1223,.T.);
#967=EDGE_CURVE('',#1129,#1131,#228,.T.);
#968=EDGE_CURVE('',#1132,#1131,#229,.T.);
#969=EDGE_CURVE('',#1130,#1132,#230,.T.);
#970=EDGE_CURVE('',#1131,#1133,#231,.T.);
#971=EDGE_CURVE('',#1134,#1133,#232,.T.);
#972=EDGE_CURVE('',#1132,#1134,#233,.T.);
#973=EDGE_CURVE('',#1134,#1135,#234,.T.);
#974=EDGE_CURVE('',#1135,#1136,#1224,.T.);
#975=EDGE_CURVE('',#1136,#1124,#1225,.T.);
#976=EDGE_CURVE('',#1137,#1121,#1226,.T.);
#977=EDGE_CURVE('',#1136,#1137,#235,.T.);
#978=EDGE_CURVE('',#1119,#1138,#236,.T.);
#979=EDGE_CURVE('',#1139,#1138,#237,.T.);
#980=EDGE_CURVE('',#1120,#1139,#238,.T.);
#981=EDGE_CURVE('',#1139,#1140,#239,.T.);
#982=EDGE_CURVE('',#1140,#1141,#1227,.T.);
#983=EDGE_CURVE('',#1141,#1142,#240,.T.);
#984=EDGE_CURVE('',#1142,#1116,#241,.T.);
#985=EDGE_CURVE('',#1143,#1113,#242,.T.);
#986=EDGE_CURVE('',#1142,#1143,#243,.T.);
#987=EDGE_CURVE('',#1137,#1144,#1228,.T.);
#988=EDGE_CURVE('',#1144,#1145,#244,.T.);
#989=EDGE_CURVE('',#1145,#1146,#1229,.T.);
#990=EDGE_CURVE('',#1146,#1147,#245,.T.);
#991=EDGE_CURVE('',#1147,#1148,#1230,.T.);
#992=EDGE_CURVE('',#1148,#1138,#246,.T.);
#993=EDGE_CURVE('',#1143,#1149,#247,.T.);
#994=EDGE_CURVE('',#1149,#1150,#1231,.T.);
#995=EDGE_CURVE('',#1150,#1151,#248,.T.);
#996=EDGE_CURVE('',#1151,#1152,#1232,.T.);
#997=EDGE_CURVE('',#1152,#1133,#249,.T.);
#998=EDGE_CURVE('',#1152,#1013,#250,.T.);
#999=EDGE_CURVE('',#1151,#1015,#251,.T.);
#1000=EDGE_CURVE('',#1150,#1016,#252,.T.);
#1001=EDGE_CURVE('',#1149,#1017,#253,.T.);
#1002=EDGE_CURVE('',#1141,#1018,#254,.T.);
#1003=EDGE_CURVE('',#1140,#1019,#255,.T.);
#1004=EDGE_CURVE('',#1148,#1020,#256,.T.);
#1005=EDGE_CURVE('',#1147,#1021,#257,.T.);
#1006=EDGE_CURVE('',#1146,#1022,#258,.T.);
#1007=EDGE_CURVE('',#1145,#1023,#259,.T.);
#1008=EDGE_CURVE('',#1144,#1024,#260,.T.);
#1009=EDGE_CURVE('',#1135,#1014,#261,.T.);
#1010=EDGE_CURVE('',#1153,#1153,#1233,.T.);
#1011=EDGE_CURVE('',#1154,#1154,#1234,.T.);
#1012=VERTEX_POINT('',#2294);
#1013=VERTEX_POINT('',#2296);
#1014=VERTEX_POINT('',#2297);
#1015=VERTEX_POINT('',#2299);
#1016=VERTEX_POINT('',#2301);
#1017=VERTEX_POINT('',#2303);
#1018=VERTEX_POINT('',#2305);
#1019=VERTEX_POINT('',#2307);
#1020=VERTEX_POINT('',#2309);
#1021=VERTEX_POINT('',#2311);
#1022=VERTEX_POINT('',#2313);
#1023=VERTEX_POINT('',#2315);
#1024=VERTEX_POINT('',#2317);
#1025=VERTEX_POINT('',#2321);
#1026=VERTEX_POINT('',#2323);
#1027=VERTEX_POINT('',#2324);
#1028=VERTEX_POINT('',#2326);
#1029=VERTEX_POINT('',#2328);
#1030=VERTEX_POINT('',#2330);
#1031=VERTEX_POINT('',#2332);
#1032=VERTEX_POINT('',#2334);
#1033=VERTEX_POINT('',#2336);
#1034=VERTEX_POINT('',#2338);
#1035=VERTEX_POINT('',#2340);
#1036=VERTEX_POINT('',#2342);
#1037=VERTEX_POINT('',#2344);
#1038=VERTEX_POINT('',#2346);
#1039=VERTEX_POINT('',#2348);
#1040=VERTEX_POINT('',#2350);
#1041=VERTEX_POINT('',#2352);
#1042=VERTEX_POINT('',#2356);
#1043=VERTEX_POINT('',#2358);
#1044=VERTEX_POINT('',#2361);
#1045=VERTEX_POINT('',#2364);
#1046=VERTEX_POINT('',#2367);
#1047=VERTEX_POINT('',#2370);
#1048=VERTEX_POINT('',#2487);
#1049=VERTEX_POINT('',#2488);
#1050=VERTEX_POINT('',#2512);
#1051=VERTEX_POINT('',#2517);
#1052=VERTEX_POINT('',#2546);
#1053=VERTEX_POINT('',#2551);
#1054=VERTEX_POINT('',#2562);
#1055=VERTEX_POINT('',#2563);
#1056=VERTEX_POINT('',#2565);
#1057=VERTEX_POINT('',#2574);
#1058=VERTEX_POINT('',#2581);
#1059=VERTEX_POINT('',#2586);
#1060=VERTEX_POINT('',#2646);
#1061=VERTEX_POINT('',#2647);
#1062=VERTEX_POINT('',#2678);
#1063=VERTEX_POINT('',#2681);
#1064=VERTEX_POINT('',#2713);
#1065=VERTEX_POINT('',#2718);
#1066=VERTEX_POINT('',#2725);
#1067=VERTEX_POINT('',#2727);
#1068=VERTEX_POINT('',#3016);
#1069=VERTEX_POINT('',#3018);
#1070=VERTEX_POINT('',#3033);
#1071=VERTEX_POINT('',#3035);
#1072=VERTEX_POINT('',#3156);
#1073=VERTEX_POINT('',#3168);
#1074=VERTEX_POINT('',#3175);
#1075=VERTEX_POINT('',#3300);
#1076=VERTEX_POINT('',#3310);
#1077=VERTEX_POINT('',#3516);
#1078=VERTEX_POINT('',#3539);
#1079=VERTEX_POINT('',#3614);
#1080=VERTEX_POINT('',#3624);
#1081=VERTEX_POINT('',#3627);
#1082=VERTEX_POINT('',#3630);
#1083=VERTEX_POINT('',#3633);
#1084=VERTEX_POINT('',#3638);
#1085=VERTEX_POINT('',#3639);
#1086=VERTEX_POINT('',#3644);
#1087=VERTEX_POINT('',#3648);
#1088=VERTEX_POINT('',#3649);
#1089=VERTEX_POINT('',#3654);
#1090=VERTEX_POINT('',#3655);
#1091=VERTEX_POINT('',#3660);
#1092=VERTEX_POINT('',#3664);
#1093=VERTEX_POINT('',#3671);
#1094=VERTEX_POINT('',#3672);
#1095=VERTEX_POINT('',#3677);
#1096=VERTEX_POINT('',#3678);
#1097=VERTEX_POINT('',#3686);
#1098=VERTEX_POINT('',#3690);
#1099=VERTEX_POINT('',#3697);
#1100=VERTEX_POINT('',#3698);
#1101=VERTEX_POINT('',#3703);
#1102=VERTEX_POINT('',#3704);
#1103=VERTEX_POINT('',#3712);
#1104=VERTEX_POINT('',#3716);
#1105=VERTEX_POINT('',#3723);
#1106=VERTEX_POINT('',#3724);
#1107=VERTEX_POINT('',#3729);
#1108=VERTEX_POINT('',#3742);
#1109=VERTEX_POINT('',#3744);
#1110=VERTEX_POINT('',#3747);
#1111=VERTEX_POINT('',#3760);
#1112=VERTEX_POINT('',#3762);
#1113=VERTEX_POINT('',#3766);
#1114=VERTEX_POINT('',#3767);
#1115=VERTEX_POINT('',#3769);
#1116=VERTEX_POINT('',#3771);
#1117=VERTEX_POINT('',#3787);
#1118=VERTEX_POINT('',#3789);
#1119=VERTEX_POINT('',#3796);
#1120=VERTEX_POINT('',#3798);
#1121=VERTEX_POINT('',#3802);
#1122=VERTEX_POINT('',#3803);
#1123=VERTEX_POINT('',#3805);
#1124=VERTEX_POINT('',#3807);
#1125=VERTEX_POINT('',#3811);
#1126=VERTEX_POINT('',#3813);
#1127=VERTEX_POINT('',#3817);
#1128=VERTEX_POINT('',#3819);
#1129=VERTEX_POINT('',#3823);
#1130=VERTEX_POINT('',#3825);
#1131=VERTEX_POINT('',#3829);
#1132=VERTEX_POINT('',#3831);
#1133=VERTEX_POINT('',#3835);
#1134=VERTEX_POINT('',#3837);
#1135=VERTEX_POINT('',#3841);
#1136=VERTEX_POINT('',#3843);
#1137=VERTEX_POINT('',#3847);
#1138=VERTEX_POINT('',#3851);
#1139=VERTEX_POINT('',#3853);
#1140=VERTEX_POINT('',#3857);
#1141=VERTEX_POINT('',#3859);
#1142=VERTEX_POINT('',#3861);
#1143=VERTEX_POINT('',#3865);
#1144=VERTEX_POINT('',#3869);
#1145=VERTEX_POINT('',#3871);
#1146=VERTEX_POINT('',#3873);
#1147=VERTEX_POINT('',#3875);
#1148=VERTEX_POINT('',#3877);
#1149=VERTEX_POINT('',#3880);
#1150=VERTEX_POINT('',#3882);
#1151=VERTEX_POINT('',#3884);
#1152=VERTEX_POINT('',#3886);
#1153=VERTEX_POINT('',#3914);
#1154=VERTEX_POINT('',#3917);
#1155=CIRCLE('',#1630,6.90042187453456);
#1156=CIRCLE('',#1631,2.);
#1157=CIRCLE('',#1632,2.);
#1158=CIRCLE('',#1633,2.);
#1159=CIRCLE('',#1634,2.);
#1160=CIRCLE('',#1635,2.);
#1161=CIRCLE('',#1636,2.);
#1162=CIRCLE('',#1638,5.5);
#1163=CIRCLE('',#1639,0.33);
#1164=CIRCLE('',#1640,0.33);
#1165=CIRCLE('',#1641,0.33);
#1166=CIRCLE('',#1642,0.33);
#1167=CIRCLE('',#1643,0.33);
#1168=CIRCLE('',#1644,0.33);
#1169=CIRCLE('',#1645,0.33);
#1170=CIRCLE('',#1646,0.33);
#1171=CIRCLE('',#1648,6.90042187453456);
#1172=CIRCLE('',#1649,8.15);
#1173=CIRCLE('',#1651,8.15);
#1174=CIRCLE('',#1653,17.95);
#1175=CIRCLE('',#1655,17.95);
#1176=CIRCLE('',#1657,16.325);
#1177=CIRCLE('',#1659,16.325);
#1178=CIRCLE('',#1661,17.25);
#1179=CIRCLE('',#1662,17.25);
#1180=CIRCLE('',#1664,16.325);
#1181=CIRCLE('',#1666,16.325);
#1182=CIRCLE('',#1668,16.325);
#1183=CIRCLE('',#1670,17.25);
#1184=CIRCLE('',#1672,17.25);
#1185=CIRCLE('',#1674,16.325);
#1186=CIRCLE('',#1676,16.325);
#1187=CIRCLE('',#1678,16.325);
#1188=CIRCLE('',#1680,16.325);
#1189=CIRCLE('',#1682,16.325);
#1190=CIRCLE('',#1684,17.85);
#1191=CIRCLE('',#1686,17.85);
#1192=CIRCLE('',#1688,5.5);
#1193=CIRCLE('',#1692,0.33);
#1194=CIRCLE('',#1694,0.33);
#1195=CIRCLE('',#1695,0.33);
#1196=CIRCLE('',#1697,0.33);
#1197=CIRCLE('',#1699,0.33);
#1198=CIRCLE('',#1701,0.33);
#1199=CIRCLE('',#1702,0.33);
#1200=CIRCLE('',#1704,0.33);
#1201=CIRCLE('',#1705,0.33);
#1202=CIRCLE('',#1708,0.33);
#1203=CIRCLE('',#1710,0.33);
#1204=CIRCLE('',#1713,0.33);
#1205=CIRCLE('',#1714,0.33);
#1206=CIRCLE('',#1716,0.33);
#1207=CIRCLE('',#1717,0.33);
#1208=CIRCLE('',#1720,0.33);
#1209=CIRCLE('',#1722,0.33);
#1210=CIRCLE('',#1725,0.33);
#1211=CIRCLE('',#1726,0.33);
#1212=CIRCLE('',#1728,0.33);
#1213=CIRCLE('',#1729,0.33);
#1214=CIRCLE('',#1732,0.33);
#1215=CIRCLE('',#1734,0.33);
#1216=CIRCLE('',#1737,0.33);
#1217=CIRCLE('',#1740,1.5);
#1218=CIRCLE('',#1741,2.);
#1219=CIRCLE('',#1743,1.5);
#1220=CIRCLE('',#1755,1.55);
#1221=CIRCLE('',#1756,1.55);
#1222=CIRCLE('',#1764,1.75);
#1223=CIRCLE('',#1765,1.75);
#1224=CIRCLE('',#1769,2.);
#1225=CIRCLE('',#1770,2.);
#1226=CIRCLE('',#1772,2.);
#1227=CIRCLE('',#1775,2.);
#1228=CIRCLE('',#1778,2.);
#1229=CIRCLE('',#1779,2.);
#1230=CIRCLE('',#1780,2.);
#1231=CIRCLE('',#1781,2.);
#1232=CIRCLE('',#1782,2.);
#1233=CIRCLE('',#1796,2.5);
#1234=CIRCLE('',#1798,2.5);
#1235=EDGE_LOOP('',(#361));
#1236=EDGE_LOOP('',(#362,#363,#364,#365,#366,#367,#368,#369,#370,#371,#372,
#373));
#1237=EDGE_LOOP('',(#374));
#1238=EDGE_LOOP('',(#375,#376,#377,#378,#379,#380,#381,#382,#383,#384,#385,
#386,#387,#388,#389,#390));
#1239=EDGE_LOOP('',(#391));
#1240=EDGE_LOOP('',(#392));
#1241=EDGE_LOOP('',(#393));
#1242=EDGE_LOOP('',(#394));
#1243=EDGE_LOOP('',(#395));
#1244=EDGE_LOOP('',(#396));
#1245=EDGE_LOOP('',(#397));
#1246=EDGE_LOOP('',(#398));
#1247=EDGE_LOOP('',(#399));
#1248=EDGE_LOOP('',(#400));
#1249=EDGE_LOOP('',(#401,#402,#403,#404));
#1250=EDGE_LOOP('',(#405,#406,#407,#408));
#1251=EDGE_LOOP('',(#409,#410,#411,#412));
#1252=EDGE_LOOP('',(#413,#414,#415,#416));
#1253=EDGE_LOOP('',(#417,#418,#419,#420));
#1254=EDGE_LOOP('',(#421,#422,#423,#424));
#1255=EDGE_LOOP('',(#425));
#1256=EDGE_LOOP('',(#426,#427,#428,#429,#430,#431,#432,#433));
#1257=EDGE_LOOP('',(#434,#435,#436,#437));
#1258=EDGE_LOOP('',(#438,#439,#440,#441));
#1259=EDGE_LOOP('',(#442,#443,#444,#445,#446,#447,#448,#449));
#1260=EDGE_LOOP('',(#450,#451,#452,#453));
#1261=EDGE_LOOP('',(#454,#455,#456,#457,#458,#459,#460,#461));
#1262=EDGE_LOOP('',(#462,#463,#464,#465));
#1263=EDGE_LOOP('',(#466,#467,#468,#469,#470,#471,#472,#473));
#1264=EDGE_LOOP('',(#474,#475,#476,#477));
#1265=EDGE_LOOP('',(#478,#479,#480,#481,#482,#483,#484,#485));
#1266=EDGE_LOOP('',(#486,#487,#488,#489));
#1267=EDGE_LOOP('',(#490,#491,#492,#493,#494,#495,#496,#497));
#1268=EDGE_LOOP('',(#498));
#1269=EDGE_LOOP('',(#499));
#1270=EDGE_LOOP('',(#500));
#1271=EDGE_LOOP('',(#501));
#1272=EDGE_LOOP('',(#502));
#1273=EDGE_LOOP('',(#503));
#1274=EDGE_LOOP('',(#504));
#1275=EDGE_LOOP('',(#505));
#1276=EDGE_LOOP('',(#506));
#1277=EDGE_LOOP('',(#507));
#1278=EDGE_LOOP('',(#508));
#1279=EDGE_LOOP('',(#509,#510,#511,#512));
#1280=EDGE_LOOP('',(#513,#514,#515));
#1281=EDGE_LOOP('',(#516,#517,#518,#519));
#1282=EDGE_LOOP('',(#520,#521,#522,#523));
#1283=EDGE_LOOP('',(#524,#525,#526));
#1284=EDGE_LOOP('',(#527,#528,#529));
#1285=EDGE_LOOP('',(#530,#531,#532,#533));
#1286=EDGE_LOOP('',(#534,#535,#536,#537));
#1287=EDGE_LOOP('',(#538,#539,#540,#541));
#1288=EDGE_LOOP('',(#542,#543,#544,#545));
#1289=EDGE_LOOP('',(#546,#547,#548));
#1290=EDGE_LOOP('',(#549,#550,#551));
#1291=EDGE_LOOP('',(#552,#553,#554,#555));
#1292=EDGE_LOOP('',(#556,#557,#558,#559));
#1293=EDGE_LOOP('',(#560,#561,#562,#563));
#1294=EDGE_LOOP('',(#564,#565,#566,#567));
#1295=EDGE_LOOP('',(#568,#569,#570));
#1296=EDGE_LOOP('',(#571,#572,#573));
#1297=EDGE_LOOP('',(#574,#575,#576,#577));
#1298=EDGE_LOOP('',(#578,#579,#580,#581));
#1299=EDGE_LOOP('',(#582,#583,#584,#585));
#1300=EDGE_LOOP('',(#586,#587,#588,#589));
#1301=EDGE_LOOP('',(#590,#591,#592));
#1302=EDGE_LOOP('',(#593,#594,#595,#596));
#1303=EDGE_LOOP('',(#597));
#1304=EDGE_LOOP('',(#598));
#1305=EDGE_LOOP('',(#599));
#1306=EDGE_LOOP('',(#600));
#1307=EDGE_LOOP('',(#601));
#1308=EDGE_LOOP('',(#602,#603,#604,#605,#606,#607,#608,#609));
#1309=EDGE_LOOP('',(#610));
#1310=EDGE_LOOP('',(#611,#612,#613,#614));
#1311=EDGE_LOOP('',(#615,#616,#617,#618));
#1312=EDGE_LOOP('',(#619,#620,#621,#622));
#1313=EDGE_LOOP('',(#623,#624,#625,#626));
#1314=EDGE_LOOP('',(#627,#628,#629,#630));
#1315=EDGE_LOOP('',(#631,#632,#633,#634));
#1316=EDGE_LOOP('',(#635,#636,#637,#638));
#1317=EDGE_LOOP('',(#639,#640,#641,#642));
#1318=EDGE_LOOP('',(#643));
#1319=EDGE_LOOP('',(#644));
#1320=EDGE_LOOP('',(#645));
#1321=EDGE_LOOP('',(#646,#647,#648,#649));
#1322=EDGE_LOOP('',(#650,#651,#652,#653));
#1323=EDGE_LOOP('',(#654,#655,#656,#657));
#1324=EDGE_LOOP('',(#658,#659,#660,#661));
#1325=EDGE_LOOP('',(#662,#663,#664,#665));
#1326=EDGE_LOOP('',(#666,#667,#668,#669));
#1327=EDGE_LOOP('',(#670,#671,#672,#673));
#1328=EDGE_LOOP('',(#674,#675,#676,#677));
#1329=EDGE_LOOP('',(#678,#679,#680,#681));
#1330=EDGE_LOOP('',(#682,#683,#684,#685,#686,#687,#688,#689,#690));
#1331=EDGE_LOOP('',(#691,#692,#693,#694));
#1332=EDGE_LOOP('',(#695,#696,#697,#698));
#1333=EDGE_LOOP('',(#699,#700,#701,#702,#703,#704,#705,#706));
#1334=EDGE_LOOP('',(#707,#708,#709,#710));
#1335=EDGE_LOOP('',(#711));
#1336=EDGE_LOOP('',(#712,#713,#714,#715,#716,#717,#718,#719,#720,#721,#722,
#723,#724,#725,#726,#727,#728,#729,#730,#731,#732,#733,#734));
#1337=EDGE_LOOP('',(#735,#736,#737,#738));
#1338=EDGE_LOOP('',(#739,#740,#741,#742));
#1339=EDGE_LOOP('',(#743,#744,#745,#746));
#1340=EDGE_LOOP('',(#747,#748,#749,#750,#751,#752));
#1341=EDGE_LOOP('',(#753,#754,#755,#756));
#1342=EDGE_LOOP('',(#757,#758,#759,#760,#761,#762));
#1343=EDGE_LOOP('',(#763,#764,#765,#766));
#1344=EDGE_LOOP('',(#767,#768,#769,#770));
#1345=EDGE_LOOP('',(#771,#772,#773,#774));
#1346=EDGE_LOOP('',(#775,#776,#777,#778));
#1347=EDGE_LOOP('',(#779,#780,#781,#782,#783,#784));
#1348=EDGE_LOOP('',(#785,#786,#787,#788,#789,#790));
#1349=EDGE_LOOP('',(#791));
#1350=EDGE_LOOP('',(#792));
#1351=EDGE_LOOP('',(#793));
#1352=EDGE_LOOP('',(#794));
#1353=FACE_BOUND('',#1235,.T.);
#1354=FACE_BOUND('',#1236,.T.);
#1355=FACE_BOUND('',#1237,.T.);
#1356=FACE_BOUND('',#1238,.T.);
#1357=FACE_BOUND('',#1239,.T.);
#1358=FACE_BOUND('',#1240,.T.);
#1359=FACE_BOUND('',#1241,.T.);
#1360=FACE_BOUND('',#1242,.T.);
#1361=FACE_BOUND('',#1243,.T.);
#1362=FACE_BOUND('',#1244,.T.);
#1363=FACE_BOUND('',#1245,.T.);
#1364=FACE_BOUND('',#1246,.T.);
#1365=FACE_BOUND('',#1247,.T.);
#1366=FACE_BOUND('',#1248,.T.);
#1367=FACE_BOUND('',#1249,.T.);
#1368=FACE_BOUND('',#1250,.T.);
#1369=FACE_BOUND('',#1251,.T.);
#1370=FACE_BOUND('',#1252,.T.);
#1371=FACE_BOUND('',#1253,.T.);
#1372=FACE_BOUND('',#1254,.T.);
#1373=FACE_BOUND('',#1255,.T.);
#1374=FACE_BOUND('',#1256,.T.);
#1375=FACE_BOUND('',#1257,.T.);
#1376=FACE_BOUND('',#1258,.T.);
#1377=FACE_BOUND('',#1259,.T.);
#1378=FACE_BOUND('',#1260,.T.);
#1379=FACE_BOUND('',#1261,.T.);
#1380=FACE_BOUND('',#1262,.T.);
#1381=FACE_BOUND('',#1263,.T.);
#1382=FACE_BOUND('',#1264,.T.);
#1383=FACE_BOUND('',#1265,.T.);
#1384=FACE_BOUND('',#1266,.T.);
#1385=FACE_BOUND('',#1267,.T.);
#1386=FACE_BOUND('',#1268,.T.);
#1387=FACE_BOUND('',#1269,.T.);
#1388=FACE_BOUND('',#1270,.T.);
#1389=FACE_BOUND('',#1271,.T.);
#1390=FACE_BOUND('',#1272,.T.);
#1391=FACE_BOUND('',#1273,.T.);
#1392=FACE_BOUND('',#1274,.T.);
#1393=FACE_BOUND('',#1275,.T.);
#1394=FACE_BOUND('',#1276,.T.);
#1395=FACE_BOUND('',#1277,.T.);
#1396=FACE_BOUND('',#1278,.T.);
#1397=FACE_BOUND('',#1279,.T.);
#1398=FACE_BOUND('',#1280,.T.);
#1399=FACE_BOUND('',#1281,.T.);
#1400=FACE_BOUND('',#1282,.T.);
#1401=FACE_BOUND('',#1283,.T.);
#1402=FACE_BOUND('',#1284,.T.);
#1403=FACE_BOUND('',#1285,.T.);
#1404=FACE_BOUND('',#1286,.T.);
#1405=FACE_BOUND('',#1287,.T.);
#1406=FACE_BOUND('',#1288,.T.);
#1407=FACE_BOUND('',#1289,.T.);
#1408=FACE_BOUND('',#1290,.T.);
#1409=FACE_BOUND('',#1291,.T.);
#1410=FACE_BOUND('',#1292,.T.);
#1411=FACE_BOUND('',#1293,.T.);
#1412=FACE_BOUND('',#1294,.T.);
#1413=FACE_BOUND('',#1295,.T.);
#1414=FACE_BOUND('',#1296,.T.);
#1415=FACE_BOUND('',#1297,.T.);
#1416=FACE_BOUND('',#1298,.T.);
#1417=FACE_BOUND('',#1299,.T.);
#1418=FACE_BOUND('',#1300,.T.);
#1419=FACE_BOUND('',#1301,.T.);
#1420=FACE_BOUND('',#1302,.T.);
#1421=FACE_BOUND('',#1303,.T.);
#1422=FACE_BOUND('',#1304,.T.);
#1423=FACE_BOUND('',#1305,.T.);
#1424=FACE_BOUND('',#1306,.T.);
#1425=FACE_BOUND('',#1307,.T.);
#1426=FACE_BOUND('',#1308,.T.);
#1427=FACE_BOUND('',#1309,.T.);
#1428=FACE_BOUND('',#1310,.T.);
#1429=FACE_BOUND('',#1311,.T.);
#1430=FACE_BOUND('',#1312,.T.);
#1431=FACE_BOUND('',#1313,.T.);
#1432=FACE_BOUND('',#1314,.T.);
#1433=FACE_BOUND('',#1315,.T.);
#1434=FACE_BOUND('',#1316,.T.);
#1435=FACE_BOUND('',#1317,.T.);
#1436=FACE_BOUND('',#1318,.T.);
#1437=FACE_BOUND('',#1319,.T.);
#1438=FACE_BOUND('',#1320,.T.);
#1439=FACE_BOUND('',#1321,.T.);
#1440=FACE_BOUND('',#1322,.T.);
#1441=FACE_BOUND('',#1323,.T.);
#1442=FACE_BOUND('',#1324,.T.);
#1443=FACE_BOUND('',#1325,.T.);
#1444=FACE_BOUND('',#1326,.T.);
#1445=FACE_BOUND('',#1327,.T.);
#1446=FACE_BOUND('',#1328,.T.);
#1447=FACE_BOUND('',#1329,.T.);
#1448=FACE_BOUND('',#1330,.T.);
#1449=FACE_BOUND('',#1331,.T.);
#1450=FACE_BOUND('',#1332,.T.);
#1451=FACE_BOUND('',#1333,.T.);
#1452=FACE_BOUND('',#1334,.T.);
#1453=FACE_BOUND('',#1335,.T.);
#1454=FACE_BOUND('',#1336,.T.);
#1455=FACE_BOUND('',#1337,.T.);
#1456=FACE_BOUND('',#1338,.T.);
#1457=FACE_BOUND('',#1339,.T.);
#1458=FACE_BOUND('',#1340,.T.);
#1459=FACE_BOUND('',#1341,.T.);
#1460=FACE_BOUND('',#1342,.T.);
#1461=FACE_BOUND('',#1343,.T.);
#1462=FACE_BOUND('',#1344,.T.);
#1463=FACE_BOUND('',#1345,.T.);
#1464=FACE_BOUND('',#1346,.T.);
#1465=FACE_BOUND('',#1347,.T.);
#1466=FACE_BOUND('',#1348,.T.);
#1467=FACE_BOUND('',#1349,.T.);
#1468=FACE_BOUND('',#1350,.T.);
#1469=FACE_BOUND('',#1351,.T.);
#1470=FACE_BOUND('',#1352,.T.);
#1471=PLANE('',#1629);
#1472=PLANE('',#1637);
#1473=PLANE('',#1647);
#1474=PLANE('',#1652);
#1475=PLANE('',#1656);
#1476=PLANE('',#1658);
#1477=PLANE('',#1663);
#1478=PLANE('',#1665);
#1479=PLANE('',#1669);
#1480=PLANE('',#1673);
#1481=PLANE('',#1675);
#1482=PLANE('',#1677);
#1483=PLANE('',#1679);
#1484=PLANE('',#1683);
#1485=PLANE('',#1687);
#1486=PLANE('',#1744);
#1487=PLANE('',#1745);
#1488=PLANE('',#1746);
#1489=PLANE('',#1747);
#1490=PLANE('',#1748);
#1491=PLANE('',#1749);
#1492=PLANE('',#1750);
#1493=PLANE('',#1751);
#1494=PLANE('',#1752);
#1495=PLANE('',#1753);
#1496=PLANE('',#1757);
#1497=PLANE('',#1758);
#1498=PLANE('',#1759);
#1499=PLANE('',#1760);
#1500=PLANE('',#1761);
#1501=PLANE('',#1762);
#1502=PLANE('',#1766);
#1503=PLANE('',#1767);
#1504=PLANE('',#1768);
#1505=PLANE('',#1773);
#1506=PLANE('',#1774);
#1507=PLANE('',#1776);
#1508=PLANE('',#1777);
#1509=PLANE('',#1784);
#1510=PLANE('',#1786);
#1511=PLANE('',#1788);
#1512=PLANE('',#1790);
#1513=PLANE('',#1792);
#1514=PLANE('',#1794);
#1515=PLANE('',#1795);
#1516=PLANE('',#1797);
#1517=ADVANCED_FACE('',(#1353,#1354),#1471,.T.);
#1518=ADVANCED_FACE('',(#1355,#1356),#1472,.F.);
#1519=ADVANCED_FACE('',(#1357,#1358),#1473,.T.);
#1520=ADVANCED_FACE('',(#1359,#1360),#127,.T.);
#1521=ADVANCED_FACE('',(#1361,#1362),#1474,.T.);
#1522=ADVANCED_FACE('',(#1363,#1364),#128,.T.);
#1523=ADVANCED_FACE('',(#1365,#1366),#1475,.F.);
#1524=ADVANCED_FACE('',(#1367),#122,.T.);
#1525=ADVANCED_FACE('',(#1368),#1476,.F.);
#1526=ADVANCED_FACE('',(#1369),#129,.T.);
#1527=ADVANCED_FACE('',(#1370),#1477,.T.);
#1528=ADVANCED_FACE('',(#1371),#85,.T.);
#1529=ADVANCED_FACE('',(#1372),#1478,.F.);
#1530=ADVANCED_FACE('',(#1373,#1374),#130,.T.);
#1531=ADVANCED_FACE('',(#1375),#1479,.T.);
#1532=ADVANCED_FACE('',(#1376),#131,.T.);
#1533=ADVANCED_FACE('',(#1377),#123,.T.);
#1534=ADVANCED_FACE('',(#1378),#1480,.T.);
#1535=ADVANCED_FACE('',(#1379),#124,.T.);
#1536=ADVANCED_FACE('',(#1380),#1481,.F.);
#1537=ADVANCED_FACE('',(#1381),#125,.T.);
#1538=ADVANCED_FACE('',(#1382),#1482,.T.);
#1539=ADVANCED_FACE('',(#1383),#86,.T.);
#1540=ADVANCED_FACE('',(#1384),#1483,.F.);
#1541=ADVANCED_FACE('',(#1385,#1386),#132,.T.);
#1542=ADVANCED_FACE('',(#1387,#1388),#1484,.T.);
#1543=ADVANCED_FACE('',(#1389,#1390),#133,.T.);
#1544=ADVANCED_FACE('',(#1391,#1392),#1485,.F.);
#1545=ADVANCED_FACE('',(#1393,#1394),#134,.T.);
#1546=ADVANCED_FACE('',(#1395,#1396),#135,.F.);
#1547=ADVANCED_FACE('',(#1397),#136,.T.);
#1548=ADVANCED_FACE('',(#1398),#74,.T.);
#1549=ADVANCED_FACE('',(#1399),#137,.T.);
#1550=ADVANCED_FACE('',(#1400),#138,.T.);
#1551=ADVANCED_FACE('',(#1401),#75,.T.);
#1552=ADVANCED_FACE('',(#1402),#76,.T.);
#1553=ADVANCED_FACE('',(#1403),#139,.T.);
#1554=ADVANCED_FACE('',(#1404),#140,.T.);
#1555=ADVANCED_FACE('',(#1405),#141,.T.);
#1556=ADVANCED_FACE('',(#1406),#142,.T.);
#1557=ADVANCED_FACE('',(#1407),#77,.T.);
#1558=ADVANCED_FACE('',(#1408),#78,.T.);
#1559=ADVANCED_FACE('',(#1409),#143,.T.);
#1560=ADVANCED_FACE('',(#1410),#144,.T.);
#1561=ADVANCED_FACE('',(#1411),#145,.T.);
#1562=ADVANCED_FACE('',(#1412),#146,.T.);
#1563=ADVANCED_FACE('',(#1413),#79,.T.);
#1564=ADVANCED_FACE('',(#1414),#80,.T.);
#1565=ADVANCED_FACE('',(#1415),#147,.T.);
#1566=ADVANCED_FACE('',(#1416),#148,.T.);
#1567=ADVANCED_FACE('',(#1417),#149,.T.);
#1568=ADVANCED_FACE('',(#1418),#150,.T.);
#1569=ADVANCED_FACE('',(#1419),#81,.T.);
#1570=ADVANCED_FACE('',(#1420),#151,.T.);
#1571=ADVANCED_FACE('',(#1421,#1422),#73,.T.);
#1572=ADVANCED_FACE('',(#1423,#1424),#152,.F.);
#1573=ADVANCED_FACE('',(#1425),#1486,.F.);
#1574=ADVANCED_FACE('',(#1426,#1427),#1487,.T.);
#1575=ADVANCED_FACE('',(#1428),#1488,.F.);
#1576=ADVANCED_FACE('',(#1429),#1489,.F.);
#1577=ADVANCED_FACE('',(#1430),#1490,.F.);
#1578=ADVANCED_FACE('',(#1431),#1491,.F.);
#1579=ADVANCED_FACE('',(#1432),#1492,.F.);
#1580=ADVANCED_FACE('',(#1433),#1493,.F.);
#1581=ADVANCED_FACE('',(#1434),#1494,.F.);
#1582=ADVANCED_FACE('',(#1435),#1495,.F.);
#1583=ADVANCED_FACE('',(#1436,#1437),#153,.T.);
#1584=ADVANCED_FACE('',(#1438),#1496,.T.);
#1585=ADVANCED_FACE('',(#1439),#1497,.F.);
#1586=ADVANCED_FACE('',(#1440),#126,.F.);
#1587=ADVANCED_FACE('',(#1441),#1498,.F.);
#1588=ADVANCED_FACE('',(#1442),#1499,.F.);
#1589=ADVANCED_FACE('',(#1443),#1500,.F.);
#1590=ADVANCED_FACE('',(#1444),#1501,.F.);
#1591=ADVANCED_FACE('',(#1445),#154,.F.);
#1592=ADVANCED_FACE('',(#1446),#1502,.F.);
#1593=ADVANCED_FACE('',(#1447),#1503,.F.);
#1594=ADVANCED_FACE('',(#1448),#1504,.T.);
#1595=ADVANCED_FACE('',(#1449),#155,.T.);
#1596=ADVANCED_FACE('',(#1450),#1505,.F.);
#1597=ADVANCED_FACE('',(#1451),#1506,.F.);
#1598=ADVANCED_FACE('',(#1452),#1507,.F.);
#1599=ADVANCED_FACE('',(#1453,#1454),#1508,.T.);
#1600=ADVANCED_FACE('',(#1455),#156,.T.);
#1601=ADVANCED_FACE('',(#1456),#1509,.F.);
#1602=ADVANCED_FACE('',(#1457),#157,.T.);
#1603=ADVANCED_FACE('',(#1458),#1510,.F.);
#1604=ADVANCED_FACE('',(#1459),#158,.T.);
#1605=ADVANCED_FACE('',(#1460),#1511,.F.);
#1606=ADVANCED_FACE('',(#1461),#159,.T.);
#1607=ADVANCED_FACE('',(#1462),#1512,.F.);
#1608=ADVANCED_FACE('',(#1463),#160,.T.);
#1609=ADVANCED_FACE('',(#1464),#1513,.F.);
#1610=ADVANCED_FACE('',(#1465),#161,.T.);
#1611=ADVANCED_FACE('',(#1466),#1514,.F.);
#1612=ADVANCED_FACE('',(#1467),#1515,.F.);
#1613=ADVANCED_FACE('',(#1468),#1516,.F.);
#1614=ADVANCED_FACE('',(#1469,#1470),#162,.F.);
#1615=CLOSED_SHELL('',(#1517,#1518,#1519,#1520,#1521,#1522,#1523,#1524,
#1525,#1526,#1527,#1528,#1529,#1530,#1531,#1532,#1533,#1534,#1535,#1536,
#1537,#1538,#1539,#1540,#1541,#1542,#1543,#1544,#1545,#1546,#1547,#1548,
#1549,#1550,#1551,#1552,#1553,#1554,#1555,#1556,#1557,#1558,#1559,#1560,
#1561,#1562,#1563,#1564,#1565,#1566,#1567,#1568,#1569,#1570,#1571,#1572,
#1573,#1574,#1575,#1576,#1577,#1578,#1579,#1580,#1581,#1582,#1583,#1584,
#1585,#1586,#1587,#1588,#1589,#1590,#1591,#1592,#1593,#1594,#1595,#1596,
#1597,#1598,#1599,#1600,#1601,#1602,#1603,#1604,#1605,#1606,#1607,#1608,
#1609,#1610,#1611));
#1616=CLOSED_SHELL('',(#1612,#1613,#1614));
#1617=STYLED_ITEM('',(#1618),#1625);
#1618=PRESENTATION_STYLE_ASSIGNMENT((#1619));
#1619=SURFACE_STYLE_USAGE(.BOTH.,#1620);
#1620=SURFACE_SIDE_STYLE('',(#1621));
#1621=SURFACE_STYLE_FILL_AREA(#1622);
#1622=FILL_AREA_STYLE('',(#1623));
#1623=FILL_AREA_STYLE_COLOUR('',#1624);
#1624=COLOUR_RGB('',0.611764705882353,0.658823529411765,0.670588235294118);
#1625=BREP_WITH_VOIDS('Body (0)',#1615,(#72));
#1626=SHAPE_DEFINITION_REPRESENTATION(#3949,#1627);
#1627=SHAPE_REPRESENTATION('OOM-B01-exported',(#1628),#3944);
#1628=AXIS2_PLACEMENT_3D('',#2291,#1816,#1817);
#1629=AXIS2_PLACEMENT_3D('',#2292,#1818,#1819);
#1630=AXIS2_PLACEMENT_3D('',#2293,#1820,#1821);
#1631=AXIS2_PLACEMENT_3D('',#2298,#1823,#1824);
#1632=AXIS2_PLACEMENT_3D('',#2302,#1826,#1827);
#1633=AXIS2_PLACEMENT_3D('',#2306,#1829,#1830);
#1634=AXIS2_PLACEMENT_3D('',#2310,#1832,#1833);
#1635=AXIS2_PLACEMENT_3D('',#2314,#1835,#1836);
#1636=AXIS2_PLACEMENT_3D('',#2318,#1838,#1839);
#1637=AXIS2_PLACEMENT_3D('',#2319,#1840,#1841);
#1638=AXIS2_PLACEMENT_3D('',#2320,#1842,#1843);
#1639=AXIS2_PLACEMENT_3D('',#2325,#1845,#1846);
#1640=AXIS2_PLACEMENT_3D('',#2329,#1848,#1849);
#1641=AXIS2_PLACEMENT_3D('',#2333,#1851,#1852);
#1642=AXIS2_PLACEMENT_3D('',#2337,#1854,#1855);
#1643=AXIS2_PLACEMENT_3D('',#2341,#1857,#1858);
#1644=AXIS2_PLACEMENT_3D('',#2345,#1860,#1861);
#1645=AXIS2_PLACEMENT_3D('',#2349,#1863,#1864);
#1646=AXIS2_PLACEMENT_3D('',#2353,#1866,#1867);
#1647=AXIS2_PLACEMENT_3D('',#2354,#1868,#1869);
#1648=AXIS2_PLACEMENT_3D('',#2355,#1870,#1871);
#1649=AXIS2_PLACEMENT_3D('',#2357,#1872,#1873);
#1650=AXIS2_PLACEMENT_3D('',#2359,#1874,#1875);
#1651=AXIS2_PLACEMENT_3D('',#2360,#1876,#1877);
#1652=AXIS2_PLACEMENT_3D('',#2362,#1878,#1879);
#1653=AXIS2_PLACEMENT_3D('',#2363,#1880,#1881);
#1654=AXIS2_PLACEMENT_3D('',#2365,#1882,#1883);
#1655=AXIS2_PLACEMENT_3D('',#2366,#1884,#1885);
#1656=AXIS2_PLACEMENT_3D('',#2368,#1886,#1887);
#1657=AXIS2_PLACEMENT_3D('',#2369,#1888,#1889);
#1658=AXIS2_PLACEMENT_3D('',#2541,#1890,#1891);
#1659=AXIS2_PLACEMENT_3D('',#2552,#1892,#1893);
#1660=AXIS2_PLACEMENT_3D('',#2553,#1894,#1895);
#1661=AXIS2_PLACEMENT_3D('',#2564,#1896,#1897);
#1662=AXIS2_PLACEMENT_3D('',#2575,#1898,#1899);
#1663=AXIS2_PLACEMENT_3D('',#2576,#1900,#1901);
#1664=AXIS2_PLACEMENT_3D('',#2587,#1902,#1903);
#1665=AXIS2_PLACEMENT_3D('',#2710,#1904,#1905);
#1666=AXIS2_PLACEMENT_3D('',#2719,#1906,#1907);
#1667=AXIS2_PLACEMENT_3D('',#2720,#1908,#1909);
#1668=AXIS2_PLACEMENT_3D('',#2726,#1910,#1911);
#1669=AXIS2_PLACEMENT_3D('',#3011,#1912,#1913);
#1670=AXIS2_PLACEMENT_3D('',#3017,#1914,#1915);
#1671=AXIS2_PLACEMENT_3D('',#3024,#1916,#1917);
#1672=AXIS2_PLACEMENT_3D('',#3034,#1918,#1919);
#1673=AXIS2_PLACEMENT_3D('',#3173,#1920,#1921);
#1674=AXIS2_PLACEMENT_3D('',#3174,#1922,#1923);
#1675=AXIS2_PLACEMENT_3D('',#3305,#1924,#1925);
#1676=AXIS2_PLACEMENT_3D('',#3311,#1926,#1927);
#1677=AXIS2_PLACEMENT_3D('',#3537,#1928,#1929);
#1678=AXIS2_PLACEMENT_3D('',#3538,#1930,#1931);
#1679=AXIS2_PLACEMENT_3D('',#3620,#1932,#1933);
#1680=AXIS2_PLACEMENT_3D('',#3621,#1934,#1935);
#1681=AXIS2_PLACEMENT_3D('',#3622,#1936,#1937);
#1682=AXIS2_PLACEMENT_3D('',#3623,#1938,#1939);
#1683=AXIS2_PLACEMENT_3D('',#3625,#1940,#1941);
#1684=AXIS2_PLACEMENT_3D('',#3626,#1942,#1943);
#1685=AXIS2_PLACEMENT_3D('',#3628,#1944,#1945);
#1686=AXIS2_PLACEMENT_3D('',#3629,#1946,#1947);
#1687=AXIS2_PLACEMENT_3D('',#3631,#1948,#1949);
#1688=AXIS2_PLACEMENT_3D('',#3632,#1950,#1951);
#1689=AXIS2_PLACEMENT_3D('',#3634,#1952,#1953);
#1690=AXIS2_PLACEMENT_3D('',#3635,#1954,#1955);
#1691=AXIS2_PLACEMENT_3D('',#3636,#1956,#1957);
#1692=AXIS2_PLACEMENT_3D('',#3637,#1958,#1959);
#1693=AXIS2_PLACEMENT_3D('',#3642,#1962,#1963);
#1694=AXIS2_PLACEMENT_3D('',#3643,#1964,#1965);
#1695=AXIS2_PLACEMENT_3D('',#3645,#1966,#1967);
#1696=AXIS2_PLACEMENT_3D('',#3646,#1968,#1969);
#1697=AXIS2_PLACEMENT_3D('',#3647,#1970,#1971);
#1698=AXIS2_PLACEMENT_3D('',#3652,#1974,#1975);
#1699=AXIS2_PLACEMENT_3D('',#3653,#1976,#1977);
#1700=AXIS2_PLACEMENT_3D('',#3658,#1980,#1981);
#1701=AXIS2_PLACEMENT_3D('',#3659,#1982,#1983);
#1702=AXIS2_PLACEMENT_3D('',#3661,#1984,#1985);
#1703=AXIS2_PLACEMENT_3D('',#3662,#1986,#1987);
#1704=AXIS2_PLACEMENT_3D('',#3663,#1988,#1989);
#1705=AXIS2_PLACEMENT_3D('',#3665,#1990,#1991);
#1706=AXIS2_PLACEMENT_3D('',#3666,#1992,#1993);
#1707=AXIS2_PLACEMENT_3D('',#3669,#1996,#1997);
#1708=AXIS2_PLACEMENT_3D('',#3670,#1998,#1999);
#1709=AXIS2_PLACEMENT_3D('',#3675,#2002,#2003);
#1710=AXIS2_PLACEMENT_3D('',#3676,#2004,#2005);
#1711=AXIS2_PLACEMENT_3D('',#3681,#2008,#2009);
#1712=AXIS2_PLACEMENT_3D('',#3684,#2012,#2013);
#1713=AXIS2_PLACEMENT_3D('',#3685,#2014,#2015);
#1714=AXIS2_PLACEMENT_3D('',#3687,#2016,#2017);
#1715=AXIS2_PLACEMENT_3D('',#3688,#2018,#2019);
#1716=AXIS2_PLACEMENT_3D('',#3689,#2020,#2021);
#1717=AXIS2_PLACEMENT_3D('',#3691,#2022,#2023);
#1718=AXIS2_PLACEMENT_3D('',#3692,#2024,#2025);
#1719=AXIS2_PLACEMENT_3D('',#3695,#2028,#2029);
#1720=AXIS2_PLACEMENT_3D('',#3696,#2030,#2031);
#1721=AXIS2_PLACEMENT_3D('',#3701,#2034,#2035);
#1722=AXIS2_PLACEMENT_3D('',#3702,#2036,#2037);
#1723=AXIS2_PLACEMENT_3D('',#3707,#2040,#2041);
#1724=AXIS2_PLACEMENT_3D('',#3710,#2044,#2045);
#1725=AXIS2_PLACEMENT_3D('',#3711,#2046,#2047);
#1726=AXIS2_PLACEMENT_3D('',#3713,#2048,#2049);
#1727=AXIS2_PLACEMENT_3D('',#3714,#2050,#2051);
#1728=AXIS2_PLACEMENT_3D('',#3715,#2052,#2053);
#1729=AXIS2_PLACEMENT_3D('',#3717,#2054,#2055);
#1730=AXIS2_PLACEMENT_3D('',#3718,#2056,#2057);
#1731=AXIS2_PLACEMENT_3D('',#3721,#2060,#2061);
#1732=AXIS2_PLACEMENT_3D('',#3722,#2062,#2063);
#1733=AXIS2_PLACEMENT_3D('',#3727,#2066,#2067);
#1734=AXIS2_PLACEMENT_3D('',#3728,#2068,#2069);
#1735=AXIS2_PLACEMENT_3D('',#3732,#2072,#2073);
#1736=AXIS2_PLACEMENT_3D('',#3735,#2076,#2077);
#1737=AXIS2_PLACEMENT_3D('',#3736,#2078,#2079);
#1738=AXIS2_PLACEMENT_3D('',#3737,#2080,#2081);
#1739=AXIS2_PLACEMENT_3D('',#3740,#2084,#2085);
#1740=AXIS2_PLACEMENT_3D('',#3741,#2086,#2087);
#1741=AXIS2_PLACEMENT_3D('',#3743,#2088,#2089);
#1742=AXIS2_PLACEMENT_3D('',#3745,#2090,#2091);
#1743=AXIS2_PLACEMENT_3D('',#3746,#2092,#2093);
#1744=AXIS2_PLACEMENT_3D('',#3748,#2094,#2095);
#1745=AXIS2_PLACEMENT_3D('',#3749,#2096,#2097);
#1746=AXIS2_PLACEMENT_3D('',#3750,#2098,#2099);
#1747=AXIS2_PLACEMENT_3D('',#3751,#2100,#2101);
#1748=AXIS2_PLACEMENT_3D('',#3752,#2102,#2103);
#1749=AXIS2_PLACEMENT_3D('',#3753,#2104,#2105);
#1750=AXIS2_PLACEMENT_3D('',#3754,#2106,#2107);
#1751=AXIS2_PLACEMENT_3D('',#3755,#2108,#2109);
#1752=AXIS2_PLACEMENT_3D('',#3756,#2110,#2111);
#1753=AXIS2_PLACEMENT_3D('',#3757,#2112,#2113);
#1754=AXIS2_PLACEMENT_3D('',#3758,#2114,#2115);
#1755=AXIS2_PLACEMENT_3D('',#3759,#2116,#2117);
#1756=AXIS2_PLACEMENT_3D('',#3761,#2118,#2119);
#1757=AXIS2_PLACEMENT_3D('',#3763,#2120,#2121);
#1758=AXIS2_PLACEMENT_3D('',#3764,#2122,#2123);
#1759=AXIS2_PLACEMENT_3D('',#3794,#2129,#2130);
#1760=AXIS2_PLACEMENT_3D('',#3800,#2134,#2135);
#1761=AXIS2_PLACEMENT_3D('',#3809,#2140,#2141);
#1762=AXIS2_PLACEMENT_3D('',#3815,#2145,#2146);
#1763=AXIS2_PLACEMENT_3D('',#3821,#2150,#2151);
#1764=AXIS2_PLACEMENT_3D('',#3822,#2152,#2153);
#1765=AXIS2_PLACEMENT_3D('',#3826,#2155,#2156);
#1766=AXIS2_PLACEMENT_3D('',#3827,#2157,#2158);
#1767=AXIS2_PLACEMENT_3D('',#3833,#2162,#2163);
#1768=AXIS2_PLACEMENT_3D('',#3839,#2167,#2168);
#1769=AXIS2_PLACEMENT_3D('',#3842,#2170,#2171);
#1770=AXIS2_PLACEMENT_3D('',#3844,#2172,#2173);
#1771=AXIS2_PLACEMENT_3D('',#3845,#2174,#2175);
#1772=AXIS2_PLACEMENT_3D('',#3846,#2176,#2177);
#1773=AXIS2_PLACEMENT_3D('',#3849,#2179,#2180);
#1774=AXIS2_PLACEMENT_3D('',#3855,#2184,#2185);
#1775=AXIS2_PLACEMENT_3D('',#3858,#2187,#2188);
#1776=AXIS2_PLACEMENT_3D('',#3863,#2191,#2192);
#1777=AXIS2_PLACEMENT_3D('',#3867,#2195,#2196);
#1778=AXIS2_PLACEMENT_3D('',#3868,#2197,#2198);
#1779=AXIS2_PLACEMENT_3D('',#3872,#2200,#2201);
#1780=AXIS2_PLACEMENT_3D('',#3876,#2203,#2204);
#1781=AXIS2_PLACEMENT_3D('',#3881,#2207,#2208);
#1782=AXIS2_PLACEMENT_3D('',#3885,#2210,#2211);
#1783=AXIS2_PLACEMENT_3D('',#3888,#2213,#2214);
#1784=AXIS2_PLACEMENT_3D('',#3891,#2217,#2218);
#1785=AXIS2_PLACEMENT_3D('',#3893,#2220,#2221);
#1786=AXIS2_PLACEMENT_3D('',#3895,#2223,#2224);
#1787=AXIS2_PLACEMENT_3D('',#3897,#2226,#2227);
#1788=AXIS2_PLACEMENT_3D('',#3899,#2229,#2230);
#1789=AXIS2_PLACEMENT_3D('',#3901,#2232,#2233);
#1790=AXIS2_PLACEMENT_3D('',#3903,#2235,#2236);
#1791=AXIS2_PLACEMENT_3D('',#3905,#2238,#2239);
#1792=AXIS2_PLACEMENT_3D('',#3907,#2241,#2242);
#1793=AXIS2_PLACEMENT_3D('',#3909,#2244,#2245);
#1794=AXIS2_PLACEMENT_3D('',#3911,#2247,#2248);
#1795=AXIS2_PLACEMENT_3D('',#3912,#2249,#2250);
#1796=AXIS2_PLACEMENT_3D('',#3913,#2251,#2252);
#1797=AXIS2_PLACEMENT_3D('',#3915,#2253,#2254);
#1798=AXIS2_PLACEMENT_3D('',#3916,#2255,#2256);
#1799=AXIS2_PLACEMENT_3D('',#3918,#2257,#2258);
#1800=AXIS2_PLACEMENT_3D('',#3919,#2259,#2260);
#1801=AXIS2_PLACEMENT_3D('',#3921,#2261,#2262);
#1802=AXIS2_PLACEMENT_3D('',#3922,#2263,#2264);
#1803=AXIS2_PLACEMENT_3D('',#3924,#2265,#2266);
#1804=AXIS2_PLACEMENT_3D('',#3925,#2267,#2268);
#1805=AXIS2_PLACEMENT_3D('',#3927,#2269,#2270);
#1806=AXIS2_PLACEMENT_3D('',#3928,#2271,#2272);
#1807=AXIS2_PLACEMENT_3D('',#3930,#2273,#2274);
#1808=AXIS2_PLACEMENT_3D('',#3931,#2275,#2276);
#1809=AXIS2_PLACEMENT_3D('',#3933,#2277,#2278);
#1810=AXIS2_PLACEMENT_3D('',#3934,#2279,#2280);
#1811=AXIS2_PLACEMENT_3D('',#3936,#2281,#2282);
#1812=AXIS2_PLACEMENT_3D('',#3937,#2283,#2284);
#1813=AXIS2_PLACEMENT_3D('',#3939,#2285,#2286);
#1814=AXIS2_PLACEMENT_3D('',#3940,#2287,#2288);
#1815=AXIS2_PLACEMENT_3D('',#3942,#2289,#2290);
#1816=DIRECTION('',(0.,0.,1.));
#1817=DIRECTION('',(1.,0.,0.));
#1818=DIRECTION('',(1.0953775027551E-18,-8.95784527436595E-15,1.));
#1819=DIRECTION('',(0.,-1.,-8.95784527436596E-15));
#1820=DIRECTION('',(1.0953775027551E-18,-8.95784527436595E-15,1.));
#1821=DIRECTION('',(0.,-1.,-8.95784527436596E-15));
#1822=DIRECTION('',(0.127815158290783,-0.991798006305267,-8.88451308975612E-15));
#1823=DIRECTION('',(1.0953775027551E-18,-8.95784527436595E-15,1.));
#1824=DIRECTION('',(0.,-1.,-8.95784527436596E-15));
#1825=DIRECTION('',(-0.85264757967154,-0.522486463824916,-4.67941892991765E-15));
#1826=DIRECTION('',(1.0953775027551E-18,-8.95784527436595E-15,1.));
#1827=DIRECTION('',(0.,-1.,-8.95784527436596E-15));
#1828=DIRECTION('',(-0.922281050208172,0.386519940529477,3.4633960686338E-15));
#1829=DIRECTION('',(1.0953775027551E-18,-8.95784527436595E-15,1.));
#1830=DIRECTION('',(0.,-1.,-8.95784527436596E-15));
#1831=DIRECTION('',(-0.127815158290783,0.991798006305267,8.88451308975611E-15));
#1832=DIRECTION('',(1.0953775027551E-18,-8.95784527436595E-15,1.));
#1833=DIRECTION('',(0.,-1.,-8.95784527436596E-15));
#1834=DIRECTION('',(0.85264757967154,0.522486463824916,4.67941892991765E-15));
#1835=DIRECTION('',(1.0953775027551E-18,-8.95784527436595E-15,1.));
#1836=DIRECTION('',(0.,-1.,-8.95784527436596E-15));
#1837=DIRECTION('',(0.922281050208173,-0.386519940529477,-3.4633960686338E-15));
#1838=DIRECTION('',(1.0953775027551E-18,-8.95784527436595E-15,1.));
#1839=DIRECTION('',(0.,-1.,-8.95784527436596E-15));
#1840=DIRECTION('',(0.,0.,1.));
#1841=DIRECTION('',(0.90630778703665,-0.422618261740699,0.));
#1842=DIRECTION('',(0.,0.,1.));
#1843=DIRECTION('',(1.,0.,0.));
#1844=DIRECTION('',(0.,1.,0.));
#1845=DIRECTION('',(0.,0.,-1.));
#1846=DIRECTION('',(-1.,0.,0.));
#1847=DIRECTION('',(-0.707106781186547,0.707106781186548,0.));
#1848=DIRECTION('',(0.,0.,-1.));
#1849=DIRECTION('',(-1.,0.,0.));
#1850=DIRECTION('',(-1.,0.,0.));
#1851=DIRECTION('',(0.,0.,-1.));
#1852=DIRECTION('',(-1.,0.,0.));
#1853=DIRECTION('',(-0.707106781186548,-0.707106781186548,0.));
#1854=DIRECTION('',(0.,0.,-1.));
#1855=DIRECTION('',(-1.,0.,0.));
#1856=DIRECTION('',(0.,-1.,0.));
#1857=DIRECTION('',(0.,0.,-1.));
#1858=DIRECTION('',(-1.,0.,0.));
#1859=DIRECTION('',(0.707106781186547,-0.707106781186548,0.));
#1860=DIRECTION('',(0.,0.,-1.));
#1861=DIRECTION('',(-1.,0.,0.));
#1862=DIRECTION('',(1.,0.,0.));
#1863=DIRECTION('',(0.,0.,-1.));
#1864=DIRECTION('',(-1.,0.,0.));
#1865=DIRECTION('',(0.707106781186547,0.707106781186548,0.));
#1866=DIRECTION('',(0.,0.,-1.));
#1867=DIRECTION('',(-1.,0.,0.));
#1868=DIRECTION('',(0.,0.,1.));
#1869=DIRECTION('',(0.90630778703665,-0.422618261740699,0.));
#1870=DIRECTION('',(0.,0.,1.));
#1871=DIRECTION('',(1.,0.,0.));
#1872=DIRECTION('',(0.,0.,1.));
#1873=DIRECTION('',(1.,0.,0.));
#1874=DIRECTION('',(0.,0.,1.));
#1875=DIRECTION('',(0.90630778703665,-0.422618261740699,0.));
#1876=DIRECTION('',(0.,0.,1.));
#1877=DIRECTION('',(1.,0.,0.));
#1878=DIRECTION('',(0.,0.,1.));
#1879=DIRECTION('',(0.90630778703665,-0.422618261740699,0.));
#1880=DIRECTION('',(0.,0.,1.));
#1881=DIRECTION('',(1.,0.,0.));
#1882=DIRECTION('',(0.,0.,1.));
#1883=DIRECTION('',(0.90630778703665,-0.422618261740699,0.));
#1884=DIRECTION('',(0.,0.,1.));
#1885=DIRECTION('',(1.,0.,0.));
#1886=DIRECTION('',(0.,0.,1.));
#1887=DIRECTION('',(0.90630778703665,-0.422618261740699,0.));
#1888=DIRECTION('',(0.,0.,1.));
#1889=DIRECTION('',(0.90630778703665,-0.422618261740699,0.));
#1890=DIRECTION('',(0.,0.,-1.));
#1891=DIRECTION('',(0.907418534912478,-0.420228036305638,0.));
#1892=DIRECTION('',(0.,0.,1.));
#1893=DIRECTION('',(-0.90630778703665,0.422618261740699,0.));
#1894=DIRECTION('',(0.,0.,1.));
#1895=DIRECTION('',(0.90630778703665,-0.422618261740699,0.));
#1896=DIRECTION('',(0.,0.,1.));
#1897=DIRECTION('',(0.90630778703665,-0.422618261740699,0.));
#1898=DIRECTION('',(0.,0.,1.));
#1899=DIRECTION('',(0.90630778703665,-0.422618261740699,0.));
#1900=DIRECTION('',(0.,0.,1.));
#1901=DIRECTION('',(0.90630778703665,-0.422618261740699,0.));
#1902=DIRECTION('',(0.,0.,1.));
#1903=DIRECTION('',(0.90630778703665,-0.422618261740699,0.));
#1904=DIRECTION('',(0.,0.,-1.));
#1905=DIRECTION('',(0.907418534912478,-0.420228036305638,0.));
#1906=DIRECTION('',(0.,0.,1.));
#1907=DIRECTION('',(0.90630778703665,-0.422618261740699,0.));
#1908=DIRECTION('',(0.,0.,1.));
#1909=DIRECTION('',(0.90630778703665,-0.422618261740699,0.));
#1910=DIRECTION('',(0.,0.,1.));
#1911=DIRECTION('',(0.90630778703665,-0.422618261740699,0.));
#1912=DIRECTION('',(0.,0.,1.));
#1913=DIRECTION('',(0.90630778703665,-0.422618261740699,0.));
#1914=DIRECTION('',(0.,0.,1.));
#1915=DIRECTION('',(0.90630778703665,-0.422618261740699,0.));
#1916=DIRECTION('',(0.,0.,1.));
#1917=DIRECTION('',(0.90630778703665,-0.422618261740699,0.));
#1918=DIRECTION('',(0.,0.,1.));
#1919=DIRECTION('',(0.90630778703665,-0.422618261740699,0.));
#1920=DIRECTION('',(0.,0.,-1.));
#1921=DIRECTION('',(0.606801034208172,-0.794853763206726,0.));
#1922=DIRECTION('',(0.,0.,1.));
#1923=DIRECTION('',(-0.90630778703665,0.422618261740699,0.));
#1924=DIRECTION('',(0.,0.,1.));
#1925=DIRECTION('',(0.90630778703665,-0.422618261740699,0.));
#1926=DIRECTION('',(0.,0.,1.));
#1927=DIRECTION('',(0.90630778703665,-0.422618261740699,0.));
#1928=DIRECTION('',(0.,0.,-1.));
#1929=DIRECTION('',(0.606801034208172,-0.794853763206726,0.));
#1930=DIRECTION('',(0.,0.,1.));
#1931=DIRECTION('',(0.90630778703665,-0.422618261740699,0.));
#1932=DIRECTION('',(0.,0.,1.));
#1933=DIRECTION('',(0.90630778703665,-0.422618261740699,0.));
#1934=DIRECTION('',(0.,0.,1.));
#1935=DIRECTION('',(0.90630778703665,-0.422618261740699,0.));
#1936=DIRECTION('',(0.,0.,1.));
#1937=DIRECTION('',(0.90630778703665,-0.422618261740699,0.));
#1938=DIRECTION('',(0.,0.,1.));
#1939=DIRECTION('',(0.90630778703665,-0.422618261740699,0.));
#1940=DIRECTION('',(0.,0.,1.));
#1941=DIRECTION('',(0.90630778703665,-0.422618261740699,0.));
#1942=DIRECTION('',(0.,0.,1.));
#1943=DIRECTION('',(0.90630778703665,-0.422618261740699,0.));
#1944=DIRECTION('',(0.,0.,1.));
#1945=DIRECTION('',(0.90630778703665,-0.422618261740699,0.));
#1946=DIRECTION('',(0.,0.,1.));
#1947=DIRECTION('',(0.90630778703665,-0.422618261740699,0.));
#1948=DIRECTION('',(0.,0.,1.));
#1949=DIRECTION('',(0.90630778703665,-0.422618261740699,0.));
#1950=DIRECTION('',(0.,0.,1.));
#1951=DIRECTION('',(0.90630778703665,-0.422618261740699,0.));
#1952=DIRECTION('',(0.,0.,1.));
#1953=DIRECTION('',(0.90630778703665,-0.422618261740699,0.));
#1954=DIRECTION('',(1.0953775027552E-18,-8.95784527436596E-15,1.));
#1955=DIRECTION('',(0.,-1.,-8.95784527436596E-15));
#1956=DIRECTION('',(0.,0.,1.));
#1957=DIRECTION('',(1.,0.,0.));
#1958=DIRECTION('',(0.,0.,-1.));
#1959=DIRECTION('',(-1.,0.,0.));
#1960=DIRECTION('',(0.,0.,1.));
#1961=DIRECTION('',(0.,0.,1.));
#1962=DIRECTION('',(0.,-2.62836890299516E-15,-1.));
#1963=DIRECTION('',(0.,1.,-2.62836890299516E-15));
#1964=DIRECTION('',(0.,-1.,2.62836890299516E-15));
#1965=DIRECTION('',(0.,-2.62836890299516E-15,-1.));
#1966=DIRECTION('',(-0.707106781186546,0.707106781186549,0.));
#1967=DIRECTION('',(-0.707106781186549,-0.707106781186546,0.));
#1968=DIRECTION('',(0.,-1.,0.));
#1969=DIRECTION('',(0.,0.,-1.));
#1970=DIRECTION('',(0.,-1.,0.));
#1971=DIRECTION('',(0.,0.,-1.));
#1972=DIRECTION('',(0.,1.,0.));
#1973=DIRECTION('',(0.,1.,0.));
#1974=DIRECTION('',(0.707106781186547,-0.707106781186548,0.));
#1975=DIRECTION('',(0.707106781186548,0.707106781186547,0.));
#1976=DIRECTION('',(0.707106781186548,-0.707106781186548,-2.78780621215159E-15));
#1977=DIRECTION('',(0.707106781186548,0.707106781186548,0.));
#1978=DIRECTION('',(-0.707106781186547,0.707106781186548,0.));
#1979=DIRECTION('',(-0.707106781186547,0.707106781186548,0.));
#1980=DIRECTION('',(0.,0.,1.));
#1981=DIRECTION('',(1.,0.,0.));
#1982=DIRECTION('',(0.,0.,1.));
#1983=DIRECTION('',(1.,0.,0.));
#1984=DIRECTION('',(-0.707106781186547,-0.707106781186548,0.));
#1985=DIRECTION('',(0.707106781186548,-0.707106781186547,0.));
#1986=DIRECTION('',(-3.94255335449274E-15,0.,-1.));
#1987=DIRECTION('',(-1.,0.,3.94255335449274E-15));
#1988=DIRECTION('',(-1.,-3.94255335449274E-15,0.));
#1989=DIRECTION('',(3.94255335449274E-15,-1.,0.));
#1990=DIRECTION('',(0.,0.,-1.));
#1991=DIRECTION('',(-1.,0.,0.));
#1992=DIRECTION('',(0.,0.,1.));
#1993=DIRECTION('',(1.,0.,0.));
#1994=DIRECTION('',(0.,0.,1.));
#1995=DIRECTION('',(0.,0.,1.));
#1996=DIRECTION('',(-0.707106781186547,-0.707106781186548,0.));
#1997=DIRECTION('',(0.707106781186548,-0.707106781186547,0.));
#1998=DIRECTION('',(-0.707106781186547,-0.707106781186548,0.));
#1999=DIRECTION('',(0.707106781186548,-0.707106781186547,0.));
#2000=DIRECTION('',(0.707106781186547,0.707106781186548,0.));
#2001=DIRECTION('',(0.707106781186547,0.707106781186548,0.));
#2002=DIRECTION('',(1.,0.,0.));
#2003=DIRECTION('',(0.,0.,-1.));
#2004=DIRECTION('',(1.,0.,0.));
#2005=DIRECTION('',(0.,0.,-1.));
#2006=DIRECTION('',(-1.,0.,0.));
#2007=DIRECTION('',(-1.,0.,0.));
#2008=DIRECTION('',(0.,0.,1.));
#2009=DIRECTION('',(1.,0.,0.));
#2010=DIRECTION('',(0.,0.,1.));
#2011=DIRECTION('',(0.,0.,1.));
#2012=DIRECTION('',(0.,0.,1.));
#2013=DIRECTION('',(1.,0.,0.));
#2014=DIRECTION('',(0.,0.,1.));
#2015=DIRECTION('',(1.,0.,0.));
#2016=DIRECTION('',(-1.,0.,0.));
#2017=DIRECTION('',(0.,0.,1.));
#2018=DIRECTION('',(0.,0.,1.));
#2019=DIRECTION('',(1.,0.,0.));
#2020=DIRECTION('',(0.707106781186548,0.707106781186548,0.));
#2021=DIRECTION('',(-0.707106781186548,0.707106781186548,0.));
#2022=DIRECTION('',(0.,0.,1.));
#2023=DIRECTION('',(1.,0.,0.));
#2024=DIRECTION('',(0.,0.,1.));
#2025=DIRECTION('',(1.,0.,0.));
#2026=DIRECTION('',(0.,0.,1.));
#2027=DIRECTION('',(0.,0.,1.));
#2028=DIRECTION('',(-1.,0.,0.));
#2029=DIRECTION('',(0.,0.,1.));
#2030=DIRECTION('',(1.,1.31418445149758E-15,0.));
#2031=DIRECTION('',(-1.31418445149758E-15,1.,0.));
#2032=DIRECTION('',(1.,0.,0.));
#2033=DIRECTION('',(1.,0.,0.));
#2034=DIRECTION('',(0.707106781186548,0.707106781186548,0.));
#2035=DIRECTION('',(-0.707106781186548,0.707106781186548,0.));
#2036=DIRECTION('',(0.707106781186548,0.707106781186548,0.));
#2037=DIRECTION('',(-0.707106781186548,0.707106781186548,0.));
#2038=DIRECTION('',(-0.707106781186548,-0.707106781186548,0.));
#2039=DIRECTION('',(-0.707106781186548,-0.707106781186548,0.));
#2040=DIRECTION('',(0.,0.,1.));
#2041=DIRECTION('',(1.,0.,0.));
#2042=DIRECTION('',(0.,0.,1.));
#2043=DIRECTION('',(0.,0.,1.));
#2044=DIRECTION('',(1.31418445149758E-15,0.,-1.));
#2045=DIRECTION('',(-1.,0.,-1.31418445149758E-15));
#2046=DIRECTION('',(0.,0.,-1.));
#2047=DIRECTION('',(-1.,0.,0.));
#2048=DIRECTION('',(-0.707106781186547,0.707106781186547,-9.29268737383862E-16));
#2049=DIRECTION('',(-0.707106781186548,-0.707106781186548,0.));
#2050=DIRECTION('',(0.,0.,1.));
#2051=DIRECTION('',(1.,0.,0.));
#2052=DIRECTION('',(0.,1.,0.));
#2053=DIRECTION('',(0.,0.,1.));
#2054=DIRECTION('',(0.,0.,1.));
#2055=DIRECTION('',(1.,0.,0.));
#2056=DIRECTION('',(0.,0.,1.));
#2057=DIRECTION('',(1.,0.,0.));
#2058=DIRECTION('',(0.,0.,1.));
#2059=DIRECTION('',(0.,0.,1.));
#2060=DIRECTION('',(-0.707106781186547,0.707106781186548,0.));
#2061=DIRECTION('',(-0.707106781186548,-0.707106781186547,0.));
#2062=DIRECTION('',(0.707106781186547,-0.707106781186548,0.));
#2063=DIRECTION('',(0.707106781186548,0.707106781186547,0.));
#2064=DIRECTION('',(0.707106781186547,-0.707106781186548,0.));
#2065=DIRECTION('',(0.707106781186547,-0.707106781186548,0.));
#2066=DIRECTION('',(0.,1.,0.));
#2067=DIRECTION('',(0.,0.,1.));
#2068=DIRECTION('',(0.,1.,1.31418445149758E-15));
#2069=DIRECTION('',(0.,-1.31418445149758E-15,1.));
#2070=DIRECTION('',(0.,-1.,0.));
#2071=DIRECTION('',(0.,-1.,0.));
#2072=DIRECTION('',(0.,0.,1.));
#2073=DIRECTION('',(1.,0.,0.));
#2074=DIRECTION('',(0.,0.,1.));
#2075=DIRECTION('',(0.,0.,1.));
#2076=DIRECTION('',(0.,1.31418445149758E-15,-1.));
#2077=DIRECTION('',(0.,1.,1.31418445149758E-15));
#2078=DIRECTION('',(0.,0.,-1.));
#2079=DIRECTION('',(-1.,0.,0.));
#2080=DIRECTION('',(0.,0.,1.));
#2081=DIRECTION('',(1.,0.,0.));
#2082=DIRECTION('',(0.,0.,1.));
#2083=DIRECTION('',(0.,0.,1.));
#2084=DIRECTION('',(0.,0.,-1.));
#2085=DIRECTION('',(-1.,0.,0.));
#2086=DIRECTION('',(0.,0.,-1.));
#2087=DIRECTION('',(-1.,0.,0.));
#2088=DIRECTION('',(0.,0.,-1.));
#2089=DIRECTION('',(-1.,0.,0.));
#2090=DIRECTION('',(0.,0.,1.));
#2091=DIRECTION('',(1.,0.,0.));
#2092=DIRECTION('',(0.,0.,1.));
#2093=DIRECTION('',(1.,0.,0.));
#2094=DIRECTION('',(0.,0.,1.));
#2095=DIRECTION('',(1.,0.,0.));
#2096=DIRECTION('',(0.,0.,-1.));
#2097=DIRECTION('',(-1.,0.,0.));
#2098=DIRECTION('',(0.707106781186548,0.707106781186547,0.));
#2099=DIRECTION('',(-0.707106781186547,0.707106781186548,0.));
#2100=DIRECTION('',(0.,1.,0.));
#2101=DIRECTION('',(0.,0.,1.));
#2102=DIRECTION('',(-0.707106781186548,0.707106781186548,0.));
#2103=DIRECTION('',(-0.707106781186548,-0.707106781186548,0.));
#2104=DIRECTION('',(-1.,0.,0.));
#2105=DIRECTION('',(0.,0.,1.));
#2106=DIRECTION('',(-0.707106781186548,-0.707106781186547,0.));
#2107=DIRECTION('',(0.707106781186547,-0.707106781186548,0.));
#2108=DIRECTION('',(0.,-1.,0.));
#2109=DIRECTION('',(0.,0.,-1.));
#2110=DIRECTION('',(0.707106781186548,-0.707106781186547,0.));
#2111=DIRECTION('',(0.707106781186547,0.707106781186548,0.));
#2112=DIRECTION('',(1.,0.,0.));
#2113=DIRECTION('',(0.,0.,-1.));
#2114=DIRECTION('',(0.,0.,-1.));
#2115=DIRECTION('',(-1.,0.,0.));
#2116=DIRECTION('',(0.,0.,1.));
#2117=DIRECTION('',(1.,0.,0.));
#2118=DIRECTION('',(0.,0.,-1.));
#2119=DIRECTION('',(-1.,0.,0.));
#2120=DIRECTION('',(0.,0.,1.));
#2121=DIRECTION('',(1.,0.,0.));
#2122=DIRECTION('',(0.999998702031951,-0.0016111903715142,0.));
#2123=DIRECTION('',(0.0016111903715142,0.999998702031951,0.));
#2124=DIRECTION('',(-0.0016111903715142,-0.999998702031951,0.));
#2125=DIRECTION('',(0.,0.,-1.));
#2126=DIRECTION('',(-0.0016111903715142,-0.999998702031951,0.));
#2127=DIRECTION('',(0.,0.,-1.));
#2128=DIRECTION('',(0.,0.,-1.));
#2129=DIRECTION('',(0.353521238526874,0.935426498400823,0.));
#2130=DIRECTION('',(-0.935426498400823,0.353521238526874,0.));
#2131=DIRECTION('',(0.935426498400823,-0.353521238526874,0.));
#2132=DIRECTION('',(0.,0.,-1.));
#2133=DIRECTION('',(0.935426498400823,-0.353521238526873,0.));
#2134=DIRECTION('',(0.386519940529335,0.922281050208232,0.));
#2135=DIRECTION('',(-0.922281050208232,0.386519940529335,0.));
#2136=DIRECTION('',(0.922281050208232,-0.386519940529335,0.));
#2137=DIRECTION('',(0.,0.,-1.));
#2138=DIRECTION('',(0.922281050208232,-0.386519940529335,0.));
#2139=DIRECTION('',(0.,0.,-1.));
#2140=DIRECTION('',(-0.567878539022614,0.823112364697276,0.));
#2141=DIRECTION('',(-0.823112364697276,-0.567878539022614,0.));
#2142=DIRECTION('',(0.823112364697276,0.567878539022614,0.));
#2143=DIRECTION('',(0.,0.,-1.));
#2144=DIRECTION('',(0.823112364697276,0.567878539022614,0.));
#2145=DIRECTION('',(-0.964333093864813,-0.264691677385441,0.));
#2146=DIRECTION('',(0.264691677385441,-0.964333093864813,0.));
#2147=DIRECTION('',(-0.264691677385441,0.964333093864813,0.));
#2148=DIRECTION('',(0.,0.,-1.));
#2149=DIRECTION('',(-0.264691677385441,0.964333093864813,0.));
#2150=DIRECTION('',(0.,0.,-1.));
#2151=DIRECTION('',(-1.,0.,0.));
#2152=DIRECTION('',(0.,0.,-1.));
#2153=DIRECTION('',(0.922281050208172,-0.386519940529477,0.));
#2154=DIRECTION('',(0.,0.,-1.));
#2155=DIRECTION('',(0.,0.,-1.));
#2156=DIRECTION('',(0.922281050208172,-0.386519940529477,0.));
#2157=DIRECTION('',(-0.589813703805746,-0.807539345668648,0.));
#2158=DIRECTION('',(0.807539345668648,-0.589813703805746,0.));
#2159=DIRECTION('',(-0.807539345668648,0.589813703805746,0.));
#2160=DIRECTION('',(0.,0.,-1.));
#2161=DIRECTION('',(-0.807539345668648,0.589813703805746,0.));
#2162=DIRECTION('',(0.567878539022614,-0.823112364697276,0.));
#2163=DIRECTION('',(0.823112364697276,0.567878539022614,0.));
#2164=DIRECTION('',(-0.823112364697276,-0.567878539022614,0.));
#2165=DIRECTION('',(0.,0.,-1.));
#2166=DIRECTION('',(-0.823112364697276,-0.567878539022614,0.));
#2167=DIRECTION('',(0.,0.,1.));
#2168=DIRECTION('',(1.,0.,0.));
#2169=DIRECTION('',(0.127815158290783,-0.991798006305267,0.));
#2170=DIRECTION('',(0.,0.,1.));
#2171=DIRECTION('',(1.,0.,0.));
#2172=DIRECTION('',(0.,0.,1.));
#2173=DIRECTION('',(0.922281050208172,-0.386519940529477,0.));
#2174=DIRECTION('',(0.,0.,-1.));
#2175=DIRECTION('',(-1.,0.,0.));
#2176=DIRECTION('',(0.,0.,1.));
#2177=DIRECTION('',(0.922281050208172,-0.386519940529477,0.));
#2178=DIRECTION('',(0.,0.,-1.));
#2179=DIRECTION('',(-0.567878539022614,0.823112364697276,0.));
#2180=DIRECTION('',(-0.823112364697276,-0.567878539022614,0.));
#2181=DIRECTION('',(0.823112364697276,0.567878539022614,0.));
#2182=DIRECTION('',(0.,0.,-1.));
#2183=DIRECTION('',(0.823112364697276,0.567878539022614,0.));
#2184=DIRECTION('',(0.,0.,-1.));
#2185=DIRECTION('',(-1.,0.,0.));
#2186=DIRECTION('',(-0.127815158290784,0.991798006305267,0.));
#2187=DIRECTION('',(0.,0.,1.));
#2188=DIRECTION('',(0.922281050208172,-0.386519940529477,0.));
#2189=DIRECTION('',(-0.922281050208173,0.386519940529477,0.));
#2190=DIRECTION('',(-0.823112364697276,-0.567878539022614,0.));
#2191=DIRECTION('',(0.567878539022614,-0.823112364697276,0.));
#2192=DIRECTION('',(0.823112364697276,0.567878539022614,0.));
#2193=DIRECTION('',(-0.823112364697276,-0.567878539022614,0.));
#2194=DIRECTION('',(0.,0.,-1.));
#2195=DIRECTION('',(0.,0.,1.));
#2196=DIRECTION('',(1.,0.,0.));
#2197=DIRECTION('',(0.,0.,1.));
#2198=DIRECTION('',(1.,0.,0.));
#2199=DIRECTION('',(0.922281050208172,-0.386519940529477,0.));
#2200=DIRECTION('',(0.,0.,1.));
#2201=DIRECTION('',(1.,0.,0.));
#2202=DIRECTION('',(0.85264757967154,0.522486463824915,0.));
#2203=DIRECTION('',(0.,0.,1.));
#2204=DIRECTION('',(1.,0.,0.));
#2205=DIRECTION('',(-0.127815158290783,0.991798006305267,0.));
#2206=DIRECTION('',(-0.922281050208172,0.386519940529477,0.));
#2207=DIRECTION('',(0.,0.,1.));
#2208=DIRECTION('',(1.,0.,0.));
#2209=DIRECTION('',(-0.85264757967154,-0.522486463824916,0.));
#2210=DIRECTION('',(0.,0.,1.));
#2211=DIRECTION('',(1.,0.,0.));
#2212=DIRECTION('',(0.127815158290783,-0.991798006305267,0.));
#2213=DIRECTION('',(0.,0.,-1.));
#2214=DIRECTION('',(-1.,0.,0.));
#2215=DIRECTION('',(0.,0.,-1.));
#2216=DIRECTION('',(0.,0.,-1.));
#2217=DIRECTION('',(0.522486463824916,-0.85264757967154,0.));
#2218=DIRECTION('',(0.85264757967154,0.522486463824916,0.));
#2219=DIRECTION('',(0.,0.,-1.));
#2220=DIRECTION('',(0.,0.,-1.));
#2221=DIRECTION('',(-1.,0.,0.));
#2222=DIRECTION('',(0.,0.,-1.));
#2223=DIRECTION('',(-0.386519940529477,-0.922281050208172,0.));
#2224=DIRECTION('',(0.922281050208172,-0.386519940529477,0.));
#2225=DIRECTION('',(0.,0.,-1.));
#2226=DIRECTION('',(0.,0.,-1.));
#2227=DIRECTION('',(-1.,0.,0.));
#2228=DIRECTION('',(0.,0.,-1.));
#2229=DIRECTION('',(-0.991798006305267,-0.127815158290783,0.));
#2230=DIRECTION('',(0.127815158290783,-0.991798006305267,0.));
#2231=DIRECTION('',(0.,0.,-1.));
#2232=DIRECTION('',(0.,0.,-1.));
#2233=DIRECTION('',(-1.,0.,0.));
#2234=DIRECTION('',(0.,0.,-1.));
#2235=DIRECTION('',(-0.522486463824916,0.85264757967154,0.));
#2236=DIRECTION('',(-0.85264757967154,-0.522486463824916,0.));
#2237=DIRECTION('',(0.,0.,-1.));
#2238=DIRECTION('',(0.,0.,-1.));
#2239=DIRECTION('',(-1.,0.,0.));
#2240=DIRECTION('',(0.,0.,-1.));
#2241=DIRECTION('',(0.386519940529477,0.922281050208172,0.));
#2242=DIRECTION('',(-0.922281050208172,0.386519940529477,0.));
#2243=DIRECTION('',(0.,0.,-1.));
#2244=DIRECTION('',(0.,0.,-1.));
#2245=DIRECTION('',(-1.,0.,0.));
#2246=DIRECTION('',(0.,0.,-1.));
#2247=DIRECTION('',(0.991798006305267,0.127815158290783,0.));
#2248=DIRECTION('',(-0.127815158290783,0.991798006305267,0.));
#2249=DIRECTION('',(0.,0.,-1.));
#2250=DIRECTION('',(-1.,0.,0.));
#2251=DIRECTION('',(0.,0.,1.));
#2252=DIRECTION('',(1.,0.,0.));
#2253=DIRECTION('',(0.,0.,1.));
#2254=DIRECTION('',(0.90630778703665,-0.422618261740699,0.));
#2255=DIRECTION('',(0.,0.,1.));
#2256=DIRECTION('',(0.90630778703665,-0.422618261740699,0.));
#2257=DIRECTION('',(0.,0.,-1.));
#2258=DIRECTION('',(0.90630778703665,-0.422618261740699,0.));
#2259=DIRECTION('',(0.,0.,-1.));
#2260=DIRECTION('',(-1.,0.,0.));
#2261=DIRECTION('',(0.,0.,1.));
#2262=DIRECTION('',(1.,0.,0.));
#2263=DIRECTION('',(0.,1.,0.));
#2264=DIRECTION('',(-1.,0.,0.));
#2265=DIRECTION('',(0.,0.,1.));
#2266=DIRECTION('',(1.,0.,0.));
#2267=DIRECTION('',(-1.,0.,0.));
#2268=DIRECTION('',(0.,-1.,0.));
#2269=DIRECTION('',(0.,0.,1.));
#2270=DIRECTION('',(1.,0.,0.));
#2271=DIRECTION('',(0.,-1.,0.));
#2272=DIRECTION('',(1.,0.,0.));
#2273=DIRECTION('',(0.,0.,1.));
#2274=DIRECTION('',(1.,0.,0.));
#2275=DIRECTION('',(0.,0.,1.));
#2276=DIRECTION('',(-1.,0.,0.));
#2277=DIRECTION('',(0.,0.,1.));
#2278=DIRECTION('',(1.,0.,0.));
#2279=DIRECTION('',(1.,0.,0.));
#2280=DIRECTION('',(0.,1.,0.));
#2281=DIRECTION('',(0.,0.,1.));
#2282=DIRECTION('',(1.,0.,0.));
#2283=DIRECTION('',(-0.577350269189626,0.577350269189626,-0.577350269189626));
#2284=DIRECTION('',(-0.707106781186548,-0.707106781186547,1.66533453693773E-16));
#2285=DIRECTION('',(0.,0.,1.));
#2286=DIRECTION('',(1.,0.,0.));
#2287=DIRECTION('',(-0.718873086818576,0.585048618558824,-0.375419230954334));
#2288=DIRECTION('',(-0.631219056084542,-0.775604604960375,-3.02960699860577E-8));
#2289=DIRECTION('',(0.,0.,1.));
#2290=DIRECTION('',(1.,0.,0.));
#2291=CARTESIAN_POINT('',(0.,0.,0.));
#2292=CARTESIAN_POINT('',(6.11714197647907E-5,-0.00111763240134375,168.1));
#2293=CARTESIAN_POINT('',(6.11714197647907E-5,-0.00111763240134375,168.1));
#2294=CARTESIAN_POINT('',(6.11714197647907E-5,-6.90153950693591,168.1));
#2295=CARTESIAN_POINT('',(-5.21848759177687,1.41024518262297,168.1));
#2296=CARTESIAN_POINT('',(-5.21848759177685,1.41024518262286,168.1));
#2297=CARTESIAN_POINT('',(-4.72307321771555,-2.43398577604896,168.1));
#2298=CARTESIAN_POINT('',(-3.23489157916632,1.66587549920442,168.1));
#2299=CARTESIAN_POINT('',(-4.27986450681615,3.3711706585475,168.1));
#2300=CARTESIAN_POINT('',(-1.28932497303131,5.20371726184376,168.1));
#2301=CARTESIAN_POINT('',(-1.28932497303136,5.20371726184372,168.1));
#2302=CARTESIAN_POINT('',(-0.244352045381532,3.49842210250064,168.1));
#2303=CARTESIAN_POINT('',(0.528687835677423,5.34298420291699,168.1));
#2304=CARTESIAN_POINT('',(3.72593786962892,4.0030446121579,168.1));
#2305=CARTESIAN_POINT('',(3.72593786962896,4.00304461215788,168.1));
#2306=CARTESIAN_POINT('',(2.95289798857001,2.15848251174154,168.1));
#2307=CARTESIAN_POINT('',(4.93649400118054,2.41411282832311,168.1));
#2308=CARTESIAN_POINT('',(5.4109469471403,-1.26746525819779,168.1));
#2309=CARTESIAN_POINT('',(5.41094694714031,-1.2674652581979,168.1));
#2310=CARTESIAN_POINT('',(3.42735093452978,-1.52309557477946,168.1));
#2311=CARTESIAN_POINT('',(4.47232386217961,-3.22839073412254,168.1));
#2312=CARTESIAN_POINT('',(1.33266889557594,-5.15231248120944,168.1));
#2313=CARTESIAN_POINT('',(1.33266889557589,-5.15231248120947,168.1));
#2314=CARTESIAN_POINT('',(0.287695967926055,-3.44701732186639,168.1));
#2315=CARTESIAN_POINT('',(-0.485343913132899,-5.29157942228274,168.1));
#2316=CARTESIAN_POINT('',(-3.51251708616402,-4.02291755988373,168.1));
#2317=CARTESIAN_POINT('',(-3.51251708616398,-4.02291755988374,168.1));
#2318=CARTESIAN_POINT('',(-2.73947720510502,-2.1783554594674,168.1));
#2319=CARTESIAN_POINT('',(0.,0.,-11.5));
#2320=CARTESIAN_POINT('',(0.,0.,-11.5));
#2321=CARTESIAN_POINT('',(5.5,0.,-11.5));
#2322=CARTESIAN_POINT('',(-4.1,-2.6,-11.5));
#2323=CARTESIAN_POINT('',(-4.1,-2.46330952441688,-11.5));
#2324=CARTESIAN_POINT('',(-4.1,2.52773017502855,-11.5));
#2325=CARTESIAN_POINT('',(-3.77,-2.46330952441688,-11.5));
#2326=CARTESIAN_POINT('',(-4.00334523779156,-2.69665476220844,-11.5));
#2327=CARTESIAN_POINT('',(-2.6,-4.1,-11.5));
#2328=CARTESIAN_POINT('',(-2.69665476220844,-4.00334523779156,-11.5));
#2329=CARTESIAN_POINT('',(-2.46330952441688,-3.77,-11.5));
#2330=CARTESIAN_POINT('',(-2.46330952441688,-4.1,-11.5));
#2331=CARTESIAN_POINT('',(2.7874369599895,-4.1,-11.5));
#2332=CARTESIAN_POINT('',(2.50932512816907,-4.1,-11.5));
#2333=CARTESIAN_POINT('',(2.50932512816907,-3.77,-11.5));
#2334=CARTESIAN_POINT('',(2.74267036596063,-4.00334523779156,-11.5));
#2335=CARTESIAN_POINT('',(4.21672628187084,-2.52928932188135,-11.5));
#2336=CARTESIAN_POINT('',(4.19078219778106,-2.55523340597113,-11.5));
#2337=CARTESIAN_POINT('',(3.9574369599895,-2.32188816817957,-11.5));
#2338=CARTESIAN_POINT('',(4.2874369599895,-2.32188816817957,-11.5));
#2339=CARTESIAN_POINT('',(4.2874369599895,2.80584200684898,-11.5));
#2340=CARTESIAN_POINT('',(4.2874369599895,2.66915153126586,-11.5));
#2341=CARTESIAN_POINT('',(3.9574369599895,2.66915153126586,-11.5));
#2342=CARTESIAN_POINT('',(4.19078219778106,2.90249676905742,-11.5));
#2343=CARTESIAN_POINT('',(2.7874369599895,4.30584200684898,-11.5));
#2344=CARTESIAN_POINT('',(2.88409172219794,4.20918724464054,-11.5));
#2345=CARTESIAN_POINT('',(2.65074648440638,3.97584200684898,-11.5));
#2346=CARTESIAN_POINT('',(2.65074648440638,4.30584200684898,-11.5));
#2347=CARTESIAN_POINT('',(-2.6,4.30584200684898,-11.5));
#2348=CARTESIAN_POINT('',(-2.32188816817957,4.30584200684898,-11.5));
#2349=CARTESIAN_POINT('',(-2.32188816817957,3.97584200684898,-11.5));
#2350=CARTESIAN_POINT('',(-2.55523340597113,4.20918724464054,-11.5));
#2351=CARTESIAN_POINT('',(-4.02928932188135,2.73513132873033,-11.5));
#2352=CARTESIAN_POINT('',(-4.00334523779156,2.76107541282011,-11.5));
#2353=CARTESIAN_POINT('',(-3.77,2.52773017502855,-11.5));
#2354=CARTESIAN_POINT('',(0.,0.,176.7));
#2355=CARTESIAN_POINT('',(6.11714197648001E-5,-0.00111763240142079,176.7));
#2356=CARTESIAN_POINT('',(6.90048304595433,-0.00111763240142079,176.7));
#2357=CARTESIAN_POINT('',(0.,0.,176.7));
#2358=CARTESIAN_POINT('',(8.15,0.,176.7));
#2359=CARTESIAN_POINT('',(0.,0.,169.7));
#2360=CARTESIAN_POINT('',(0.,0.,168.1));
#2361=CARTESIAN_POINT('',(8.15,0.,168.1));
#2362=CARTESIAN_POINT('',(0.,0.,168.1));
#2363=CARTESIAN_POINT('',(0.,0.,168.1));
#2364=CARTESIAN_POINT('',(17.95,0.,168.1));
#2365=CARTESIAN_POINT('',(0.,0.,164.2));
#2366=CARTESIAN_POINT('',(0.,0.,164.2));
#2367=CARTESIAN_POINT('',(17.95,0.,164.2));
#2368=CARTESIAN_POINT('',(0.,0.,164.2));
#2369=CARTESIAN_POINT('',(0.,0.,164.2));
#2370=CARTESIAN_POINT('',(14.7954746233733,-6.89924312291691,164.2));
#2371=CARTESIAN_POINT('',(-18.5119063073818,-2.47927016344022,7.19577767113397));
#2372=CARTESIAN_POINT('',(-18.5303008367066,-2.73262597048657,8.03446503685228));
#2373=CARTESIAN_POINT('',(-18.4952129703064,-3.20111701608167,9.42963726883371));
#2374=CARTESIAN_POINT('',(-18.3420041430647,-3.91045695014211,11.708894502189));
#2375=CARTESIAN_POINT('',(-18.1462529184962,-4.59208970409814,14.2219639415933));
#2376=CARTESIAN_POINT('',(-17.980678442405,-5.19601051693654,17.4783900921572));
#2377=CARTESIAN_POINT('',(-17.8231123128327,-5.75186204491841,21.4957322846005));
#2378=CARTESIAN_POINT('',(-17.5824018601164,-6.44816699478342,26.0698141614046));
#2379=CARTESIAN_POINT('',(-17.2681195433152,-7.23730771642183,30.9100149722997));
#2380=CARTESIAN_POINT('',(-17.0172545889408,-7.81507233595465,35.7557545670918));
#2381=CARTESIAN_POINT('',(-16.8058571361402,-8.24946600649523,40.6367564423316));
#2382=CARTESIAN_POINT('',(-16.5587114783909,-8.73774018393448,45.5186987837751));
#2383=CARTESIAN_POINT('',(-16.3330177575724,-9.16337868031166,50.1172645908275));
#2384=CARTESIAN_POINT('',(-15.9855892564656,-9.73925500394732,54.1666084545504));
#2385=CARTESIAN_POINT('',(-15.7205917685284,-10.166446738885,57.3971543093271));
#2386=CARTESIAN_POINT('',(-15.5897767359298,-10.3719031203922,60.0932357518848));
#2387=CARTESIAN_POINT('',(-15.4792907620921,-10.5336286306764,62.8039163833746));
#2388=CARTESIAN_POINT('',(-15.2734849278235,-10.8207222147245,66.0712691588073));
#2389=CARTESIAN_POINT('',(-14.939527799326,-11.28695417613,70.124214918704));
#2390=CARTESIAN_POINT('',(-14.8292018561155,-11.4274522017674,74.7230753639005));
#2391=CARTESIAN_POINT('',(-14.8300748200197,-11.4236610391022,79.6370835290888));
#2392=CARTESIAN_POINT('',(-14.8410448777569,-11.4115736730057,84.5370165342901));
#2393=CARTESIAN_POINT('',(-14.8346347653903,-11.418853162684,89.9872307918885));
#2394=CARTESIAN_POINT('',(-14.8386443795446,-11.414283102082,97.6146432754496));
#2395=CARTESIAN_POINT('',(-14.8348249401568,-11.4186350963782,109.057800634751));
#2396=CARTESIAN_POINT('',(-14.8384613519278,-11.4144898950576,131.396914784654));
#2397=CARTESIAN_POINT('',(-14.835774385511,-11.4175529996251,149.923200827711));
#2398=CARTESIAN_POINT('',(-14.836724746045,-11.4164695423879,162.999999999773));
#2399=CARTESIAN_POINT('',(-18.4138556559438,-3.00482810622298,7.16402987950575));
#2400=CARTESIAN_POINT('',(-18.4253883841495,-3.25826097346658,8.00149140419829));
#2401=CARTESIAN_POINT('',(-18.3781992645429,-3.72529002318627,9.39374873723935));
#2402=CARTESIAN_POINT('',(-18.2055577342543,-4.42952093343192,11.6744378982171));
#2403=CARTESIAN_POINT('',(-17.9904376739863,-5.10479814137037,14.1942037321384));
#2404=CARTESIAN_POINT('',(-17.8076526530885,-5.70310170862326,17.4617971179984));
#2405=CARTESIAN_POINT('',(-17.6345760973579,-6.25370120688188,21.4781764297589));
#2406=CARTESIAN_POINT('',(-17.3742421355034,-6.94218816711174,26.050407464708));
#2407=CARTESIAN_POINT('',(-17.037792122175,-7.72127358912314,30.8908529126871));
#2408=CARTESIAN_POINT('',(-16.770863293414,-8.29111493431235,35.7446789252568));
#2409=CARTESIAN_POINT('',(-16.5473074698266,-8.71889519753711,40.6239828315985));
#2410=CARTESIAN_POINT('',(-16.2865161199853,-9.19942201134647,45.5069041818053));
#2411=CARTESIAN_POINT('',(-16.0489903246991,-9.618033835637,50.1029744475414));
#2412=CARTESIAN_POINT('',(-15.68543647476,-10.1831655929872,54.1454222619076));
#2413=CARTESIAN_POINT('',(-15.4086562435229,-10.6022202371636,57.383254474146));
#2414=CARTESIAN_POINT('',(-15.2722150341112,-10.8036897199294,60.0847997568903));
#2415=CARTESIAN_POINT('',(-15.1572604436778,-10.9620543565333,62.7948953703236));
#2416=CARTESIAN_POINT('',(-14.9434412664609,-11.2428561828592,66.0539977739713));
#2417=CARTESIAN_POINT('',(-14.5966423298781,-11.6989014109677,70.1134888751054));
#2418=CARTESIAN_POINT('',(-14.482510741288,-11.8361126796136,74.7226620876915));
#2419=CARTESIAN_POINT('',(-14.4834664206964,-11.832343946105,79.6375601302769));
#2420=CARTESIAN_POINT('',(-14.4947769516163,-11.8205852897614,84.5369346569298));
#2421=CARTESIAN_POINT('',(-14.4881636336077,-11.8276729948838,89.9871884067854));
#2422=CARTESIAN_POINT('',(-14.4923006828157,-11.823222876128,97.6147328634754));
#2423=CARTESIAN_POINT('',(-14.488359878301,-11.8274606156201,109.05771580902));
#2424=CARTESIAN_POINT('',(-14.4921118738877,-11.8234241916929,131.39699210181));
#2425=CARTESIAN_POINT('',(-14.4893394981433,-11.8264069201566,149.923158717895));
#2426=CARTESIAN_POINT('',(-14.4903200685094,-11.8253518913415,162.999999999951));
#2427=CARTESIAN_POINT('',(-18.3161741215378,-3.53045327473762,7.13219983488224));
#2428=CARTESIAN_POINT('',(-18.3208734394354,-3.78397308699152,7.9684449282561));
#2429=CARTESIAN_POINT('',(-18.2616574548532,-4.24956726236451,9.35783226155116));
#2430=CARTESIAN_POINT('',(-18.0695410602884,-4.94869911731723,11.639981879305));
#2431=CARTESIAN_POINT('',(-17.8348874607188,-5.61758974057383,14.1664400360187));
#2432=CARTESIAN_POINT('',(-17.6347123501347,-6.21022324284459,17.4451988917026));
#2433=CARTESIAN_POINT('',(-17.4461520414313,-6.75558159805905,21.4606186230682));
#2434=CARTESIAN_POINT('',(-17.1662124459196,-7.43626394955079,26.030997717293));
#2435=CARTESIAN_POINT('',(-16.8075850388352,-8.20529758483758,30.8716875356539));
#2436=CARTESIAN_POINT('',(-16.5245090537196,-8.76717724115212,35.7336028983454));
#2437=CARTESIAN_POINT('',(-16.2888121028773,-9.1883539701374,40.6112083927255));
#2438=CARTESIAN_POINT('',(-16.0143659454526,-9.66113090854462,45.4951084259578));
#2439=CARTESIAN_POINT('',(-15.765024892804,-10.072726056031,50.088683659028));
#2440=CARTESIAN_POINT('',(-15.3854193705228,-10.627168684956,54.1242319763822));
#2441=CARTESIAN_POINT('',(-15.0967743011716,-11.0380326615217,57.3693531955796));
#2442=CARTESIAN_POINT('',(-14.9546747068981,-11.2354920893922,60.0763634960593));
#2443=CARTESIAN_POINT('',(-14.8352526691257,-11.3904967930921,62.7858742456698));
#2444=CARTESIAN_POINT('',(-14.613479448425,-11.6650535896448,66.0367248651162));
#2445=CARTESIAN_POINT('',(-14.2537822734857,-12.1108709550731,70.1027621737934));
#2446=CARTESIAN_POINT('',(-14.1358143274631,-12.2447684399947,74.7222489986691));
#2447=CARTESIAN_POINT('',(-14.1368594661374,-12.2410281382407,79.6380366813264));
#2448=CARTESIAN_POINT('',(-14.1485086403575,-12.2295965639521,84.5368527929333));
#2449=CARTESIAN_POINT('',(-14.1416926515176,-12.2364929602064,89.9871460165123));
#2450=CARTESIAN_POINT('',(-14.145956841688,-12.232162521747,97.6148224564984));
#2451=CARTESIAN_POINT('',(-14.1418949551446,-12.2362862582204,109.057630978489));
#2452=CARTESIAN_POINT('',(-14.1457622693651,-12.2323583758356,131.397069423344));
#2453=CARTESIAN_POINT('',(-14.1429046797662,-12.2352609020477,149.923116605691));
#2454=CARTESIAN_POINT('',(-14.1439153909739,-12.2342342402951,163.000000000128));
#2455=CARTESIAN_POINT('',(-18.2188665482391,-4.05614655121501,7.10031442870525));
#2456=CARTESIAN_POINT('',(-18.2167603239104,-4.30976318007161,7.9353556009011));
#2457=CARTESIAN_POINT('',(-18.1455882450718,-4.773948946633,9.32192690363392));
#2458=CARTESIAN_POINT('',(-17.9339527631558,-5.46799114509339,11.6055606438652));
#2459=CARTESIAN_POINT('',(-17.6796021272821,-6.13046443662561,14.1386887730915));
#2460=CARTESIAN_POINT('',(-17.4618576859466,-6.71737517992933,17.4285977483612));
#2461=CARTESIAN_POINT('',(-17.2578401236204,-7.25750320936541,21.4430639065986));
#2462=CARTESIAN_POINT('',(-16.9583127910496,-7.93039434170023,26.0115910403587));
#2463=CARTESIAN_POINT('',(-16.5774983146441,-8.68937971367117,30.8525243239113));
#2464=CARTESIAN_POINT('',(-16.2781918680789,-9.24325925586266,35.7225272579943));
#2465=CARTESIAN_POINT('',(-16.0303710335731,-9.65784232309247,40.5984349430728));
#2466=CARTESIAN_POINT('',(-15.7422609661004,-10.1228668824172,45.4833129597874));
#2467=CARTESIAN_POINT('',(-15.4811214494447,-10.5274553334945,50.0743942487842));
#2468=CARTESIAN_POINT('',(-15.0855379611188,-11.0712642914046,54.1030449967546));
#2469=CARTESIAN_POINT('',(-14.7849459550873,-11.4738840218402,57.3554521778414));
#2470=CARTESIAN_POINT('',(-14.6371557534306,-11.6673102281743,60.0679274948908));
#2471=CARTESIAN_POINT('',(-14.5132674373298,-11.8189559395423,62.7768534412138));
#2472=CARTESIAN_POINT('',(-14.2835994667535,-12.0873144296441,66.0194539810168));
#2473=CARTESIAN_POINT('',(-13.9109476389673,-12.5228628155986,70.0920352737713));
#2474=CARTESIAN_POINT('',(-13.7891126120851,-12.6534194808376,74.721835977021));
#2475=CARTESIAN_POINT('',(-13.7902539570274,-12.6497136160647,79.6385132143115));
#2476=CARTESIAN_POINT('',(-13.8022399437982,-12.6386074954295,84.5367709337515));
#2477=CARTESIAN_POINT('',(-13.7952218191907,-12.6453130587091,89.9871036243765));
#2478=CARTESIAN_POINT('',(-13.7996128560934,-12.6411020388834,97.6149120513217));
#2479=CARTESIAN_POINT('',(-13.7954301707534,-12.6451120242324,109.057546146228));
#2480=CARTESIAN_POINT('',(-13.7994125383003,-12.6412924474371,131.397146746455));
#2481=CARTESIAN_POINT('',(-13.796469930412,-12.644114945325,149.923074492628));
#2482=CARTESIAN_POINT('',(-13.7975107134383,-12.6431165892486,163.000000000306));
#2483=CARTESIAN_POINT('',(-18.4668464961784,-2.98972086335776,8.00000000000006));
#2484=CARTESIAN_POINT('',(-18.3797456423932,-3.43401845306271,8.00000000000006));
#2485=CARTESIAN_POINT('',(-18.2923357508143,-3.87825552392346,8.00000000000002));
#2486=CARTESIAN_POINT('',(-18.2046112038886,-4.32243047640051,8.00000000000002));
#2487=CARTESIAN_POINT('',(-18.4668464961784,-2.98972086335775,8.));
#2488=CARTESIAN_POINT('',(-18.2046112038886,-4.32243047640052,8.));
#2489=CARTESIAN_POINT('',(-18.2046112038886,-4.32243047640052,8.));
#2490=CARTESIAN_POINT('',(-18.1614622242313,-4.77746822881766,9.55687904209748));
#2491=CARTESIAN_POINT('',(-17.8223642797341,-5.76000176170797,12.6508390651494));
#2492=CARTESIAN_POINT('',(-17.4639086710807,-6.70741343566614,17.4125078147932));
#2493=CARTESIAN_POINT('',(-17.2289999839629,-7.32683273935346,22.2234991696925));
#2494=CARTESIAN_POINT('',(-16.8985288186961,-8.04979260408233,27.0147878783464));
#2495=CARTESIAN_POINT('',(-16.5227927926295,-8.79155605090969,31.7996140663917));
#2496=CARTESIAN_POINT('',(-16.161517983782,-9.44892961006015,38.2389141253194));
#2497=CARTESIAN_POINT('',(-15.8128774171534,-10.0140302398149,44.6908092223919));
#2498=CARTESIAN_POINT('',(-15.4256153801211,-10.6061241226794,51.1363897210113));
#2499=CARTESIAN_POINT('',(-14.8973139151061,-11.322566164651,55.9269865785924));
#2500=CARTESIAN_POINT('',(-14.6226482477775,-11.6901170053137,60.7691667398077));
#2501=CARTESIAN_POINT('',(-14.3545919015684,-12.001137773962,65.6158445815764));
#2502=CARTESIAN_POINT('',(-13.8986497943737,-12.5367974613353,70.4444351858085));
#2503=CARTESIAN_POINT('',(-13.8062961572981,-12.63166589762,75.3075821211038));
#2504=CARTESIAN_POINT('',(-13.8102355372179,-12.6268988394076,80.1789519446184));
#2505=CARTESIAN_POINT('',(-13.8213945676003,-12.6161739727243,86.6749304295989));
#2506=CARTESIAN_POINT('',(-13.8135311809826,-12.6237940026102,94.7945184817567));
#2507=CARTESIAN_POINT('',(-13.8165637094206,-12.6208562852184,107.786076344369));
#2508=CARTESIAN_POINT('',(-13.815115791617,-12.6222587309845,124.025449270181));
#2509=CARTESIAN_POINT('',(-13.815587209101,-12.621801490598,143.51272883218));
#2510=CARTESIAN_POINT('',(-13.8154835472608,-12.6219021679516,156.504242435482));
#2511=CARTESIAN_POINT('',(-13.8154835476791,-12.6219021682021,163.000000000145));
#2512=CARTESIAN_POINT('',(-13.8154835476791,-12.6219021682021,162.999999999994));
#2513=CARTESIAN_POINT('',(-14.7204530630317,-11.5537120276958,162.999999999749));
#2514=CARTESIAN_POINT('',(-14.4187965579142,-11.9097754078646,162.999999999749));
#2515=CARTESIAN_POINT('',(-14.1171400527967,-12.2658387880333,163.000000000444));
#2516=CARTESIAN_POINT('',(-13.8154835476791,-12.6219021682021,163.000000000444));
#2517=CARTESIAN_POINT('',(-14.7204530630317,-11.5537120276958,163.000000000059));
#2518=CARTESIAN_POINT('',(-18.4668464961784,-2.98972086335777,7.99999999999999));
#2519=CARTESIAN_POINT('',(-18.4590150983117,-3.45209729957831,9.55818690336367));
#2520=CARTESIAN_POINT('',(-18.194464079932,-4.45260541900076,12.6509023786754));
#2521=CARTESIAN_POINT('',(-17.9138720857507,-5.38854154634102,17.405257174747));
#2522=CARTESIAN_POINT('',(-17.7249059268083,-6.02985992287574,22.2208331462719));
#2523=CARTESIAN_POINT('',(-17.4477552185238,-6.77757075502417,27.0123641382584));
#2524=CARTESIAN_POINT('',(-17.1291605762629,-7.54199576014328,31.7991527783071));
#2525=CARTESIAN_POINT('',(-16.8207638323866,-8.21809600921916,38.2531588476185));
#2526=CARTESIAN_POINT('',(-16.5144132820016,-8.80946010450457,44.7240375287319));
#2527=CARTESIAN_POINT('',(-16.1667056257477,-9.43835934544741,51.1850656236222));
#2528=CARTESIAN_POINT('',(-15.6881264495844,-10.1985228761297,55.9878467413456));
#2529=CARTESIAN_POINT('',(-15.4553698817077,-10.5646958914939,60.8444711378264));
#2530=CARTESIAN_POINT('',(-15.1970829165049,-10.9146079392043,65.6991210100058));
#2531=CARTESIAN_POINT('',(-14.7914138202627,-11.4698316754963,70.5315543557101));
#2532=CARTESIAN_POINT('',(-14.7120886689699,-11.5638973851596,75.4036980712628));
#2533=CARTESIAN_POINT('',(-14.7158176187755,-11.5588738718794,80.2684734923959));
#2534=CARTESIAN_POINT('',(-14.7257728353912,-11.5476999855383,86.758024311377));
#2535=CARTESIAN_POINT('',(-14.7187088184073,-11.5556829081172,94.8684956119311));
#2536=CARTESIAN_POINT('',(-14.7214174753967,-11.5526230221582,107.846066617231));
#2537=CARTESIAN_POINT('',(-14.7201243504472,-11.5540832889756,124.067749984574));
#2538=CARTESIAN_POINT('',(-14.7205469392759,-11.5536059272571,143.533890809307));
#2539=CARTESIAN_POINT('',(-14.7204530627433,-11.5537120284565,156.511295019141));
#2540=CARTESIAN_POINT('',(-14.7204530630317,-11.5537120276958,162.999999999946));
#2541=CARTESIAN_POINT('',(12.2192345997221,9.88918251408909,163.));
#2542=CARTESIAN_POINT('',(-12.8968887841794,-10.0087903708944,163.000000000067));
#2543=CARTESIAN_POINT('',(-13.5047435437968,-10.5237642564949,163.000000000067));
#2544=CARTESIAN_POINT('',(-14.1125983034143,-11.0387381420953,163.000000000089));
#2545=CARTESIAN_POINT('',(-14.7204530630317,-11.5537120276958,163.000000000089));
#2546=CARTESIAN_POINT('',(-12.8968887841794,-10.0087903708944,163.000000000045));
#2547=CARTESIAN_POINT('',(-11.9919192688257,-11.0769805114014,162.999999999963));
#2548=CARTESIAN_POINT('',(-12.5997740284435,-11.5919543970016,162.999999999963));
#2549=CARTESIAN_POINT('',(-13.2076287880613,-12.1069282826019,162.999999999991));
#2550=CARTESIAN_POINT('',(-13.8154835476791,-12.6219021682021,162.999999999991));
#2551=CARTESIAN_POINT('',(-11.9919192688257,-11.0769805114014,162.999999999975));
#2552=CARTESIAN_POINT('',(0.,0.,163.));
#2553=CARTESIAN_POINT('',(0.,0.,60.));
#2554=CARTESIAN_POINT('',(16.1079160030516,6.17232063640853,60.));
#2555=CARTESIAN_POINT('',(15.9657851871082,6.54323967634902,63.3090475165065));
#2556=CARTESIAN_POINT('',(15.5481077474203,7.48495899996814,68.2227289592506));
#2557=CARTESIAN_POINT('',(15.479284419185,7.61048570122014,74.9163598331375));
#2558=CARTESIAN_POINT('',(15.4933657161144,7.58541672615906,81.6043816268688));
#2559=CARTESIAN_POINT('',(15.4866630149706,7.59726198385097,89.9664068491751));
#2560=CARTESIAN_POINT('',(15.4884886081791,7.59402532485681,96.655418215463));
#2561=CARTESIAN_POINT('',(15.488481503822,7.59403981460215,100.));
#2562=CARTESIAN_POINT('',(16.1079160030516,6.17232063640853,60.));
#2563=CARTESIAN_POINT('',(15.488481503822,7.59403981460215,100.));
#2564=CARTESIAN_POINT('',(0.,0.,60.));
#2565=CARTESIAN_POINT('',(-14.3064981790527,-9.63776996264109,60.));
#2566=CARTESIAN_POINT('',(-14.3064981790521,-9.63776996264063,60.));
#2567=CARTESIAN_POINT('',(-14.2363243122688,-9.74193745172199,61.6656421315364));
#2568=CARTESIAN_POINT('',(-14.0998911741606,-9.94409621037313,64.9971776225282));
#2569=CARTESIAN_POINT('',(-13.5628588813044,-10.6698076886194,71.6112675494451));
#2570=CARTESIAN_POINT('',(-13.6105635053081,-10.5942153657294,79.973060854231));
#2571=CARTESIAN_POINT('',(-13.6006013171147,-10.6117116095179,89.9834226427592));
#2572=CARTESIAN_POINT('',(-13.6034120924281,-10.6070580028473,96.6615175791143));
#2573=CARTESIAN_POINT('',(-13.6033017727581,-10.6071994833356,100.));
#2574=CARTESIAN_POINT('',(-13.6033017727581,-10.6071994833356,100.));
#2575=CARTESIAN_POINT('',(0.,0.,100.));
#2576=CARTESIAN_POINT('',(0.,0.,100.));
#2577=CARTESIAN_POINT('',(14.6579397353136,7.18682320054661,100.));
#2578=CARTESIAN_POINT('',(14.9347869914831,7.32256207189849,100.));
#2579=CARTESIAN_POINT('',(15.2116342476525,7.45830094325034,100.));
#2580=CARTESIAN_POINT('',(15.488481503822,7.59403981460215,99.9999999999999));
#2581=CARTESIAN_POINT('',(14.6579397353136,7.18682320054661,100.));
#2582=CARTESIAN_POINT('',(-13.6033017727581,-10.6071994833356,100.));
#2583=CARTESIAN_POINT('',(-13.3678401116017,-10.4077177504349,100.));
#2584=CARTESIAN_POINT('',(-13.1323784504448,-10.2082360175346,100.));
#2585=CARTESIAN_POINT('',(-12.8969167892874,-10.0087542846349,100.));
#2586=CARTESIAN_POINT('',(-12.8969167892874,-10.0087542846349,100.));
#2587=CARTESIAN_POINT('',(0.,0.,100.));
#2588=CARTESIAN_POINT('',(20.8888204887173,-4.11183396918612,8.));
#2589=CARTESIAN_POINT('',(21.0119182745443,-2.48590329989899,9.965419400115));
#2590=CARTESIAN_POINT('',(21.1542759728914,-2.95026510654958,14.207967032187));
#2591=CARTESIAN_POINT('',(21.2571113696027,-1.26036297548964,20.383071308161));
#2592=CARTESIAN_POINT('',(21.2925145180534,-0.201638212097751,26.571771550966));
#2593=CARTESIAN_POINT('',(21.2935118523007,-0.0270200407991184,32.82283436003));
#2594=CARTESIAN_POINT('',(21.269228340052,1.04364814818474,38.999566657011));
#2595=CARTESIAN_POINT('',(21.2276127368636,1.8326095244295,45.23726316295));
#2596=CARTESIAN_POINT('',(20.9964548130863,3.59399213396545,51.342072963997));
#2597=CARTESIAN_POINT('',(20.9442251939732,3.81997483417221,57.627017145499));
#2598=CARTESIAN_POINT('',(20.7291597923913,4.91903976425848,63.800624057825));
#2599=CARTESIAN_POINT('',(20.4034475194233,6.09163846861054,69.966640611609));
#2600=CARTESIAN_POINT('',(20.394470070373,6.10518599735756,76.202362586562));
#2601=CARTESIAN_POINT('',(20.3968673806231,6.10156830714934,82.399135412976));
#2602=CARTESIAN_POINT('',(20.3962251128496,6.10253752914832,88.600231665394));
#2603=CARTESIAN_POINT('',(20.396397207981,6.10227782689634,94.799937925448));
#2604=CARTESIAN_POINT('',(20.396351095229,6.1023474139053,101.00001663281));
#2605=CARTESIAN_POINT('',(20.3963634511038,6.10232876812228,107.19999554329));
#2606=CARTESIAN_POINT('',(20.3963601403573,6.10233376424498,113.400001194));
#2607=CARTESIAN_POINT('',(20.3963610274688,6.10233242553807,119.59999968069));
#2608=CARTESIAN_POINT('',(20.3963607897686,6.10233278424343,125.80000008321));
#2609=CARTESIAN_POINT('',(20.3963608534607,6.10233268812989,131.99999998643));
#2610=CARTESIAN_POINT('',(20.3963608363924,6.1023327138787,138.19999997103));
#2611=CARTESIAN_POINT('',(20.3963608409724,6.10233270699517,144.40000012944));
#2612=CARTESIAN_POINT('',(20.3963608397216,6.10233270878004,150.59999951116));
#2613=CARTESIAN_POINT('',(20.3963608401451,6.10233270852408,156.80000182596));
#2614=CARTESIAN_POINT('',(20.396360839848,6.10233270801714,160.93332939852));
#2615=CARTESIAN_POINT('',(20.3963608400002,6.10233270844049,163.));
#2616=CARTESIAN_POINT('',(20.9942223630255,-0.504467847720883,8.));
#2617=CARTESIAN_POINT('',(20.8420210720473,1.09673432269248,9.965419400115));
#2618=CARTESIAN_POINT('',(21.0580565477794,0.669116693259669,14.207967032187));
#2619=CARTESIAN_POINT('',(20.8754610008409,2.32911953573234,20.383071308161));
#2620=CARTESIAN_POINT('',(20.7328503020887,3.36425944944992,26.571771550966));
#2621=CARTESIAN_POINT('',(20.7046222903814,3.53417812428834,32.82283436003));
#2622=CARTESIAN_POINT('',(20.5019912424993,4.57094853808485,38.999566657011));
#2623=CARTESIAN_POINT('',(20.3296147423302,5.33096467983814,45.23726316295));
#2624=CARTESIAN_POINT('',(19.810381493255,7.0046096335423,51.342072963997));
#2625=CARTESIAN_POINT('',(19.7218212974958,7.21556143922341,57.627017145499));
#2626=CARTESIAN_POINT('',(19.3289769076277,8.24803697888646,63.800624057825));
#2627=CARTESIAN_POINT('',(18.8162737189867,9.33349601359694,69.966640611609));
#2628=CARTESIAN_POINT('',(18.8052811985031,9.34516489870149,76.202362586562));
#2629=CARTESIAN_POINT('',(18.8082166072012,9.34204887568574,82.399135412976));
#2630=CARTESIAN_POINT('',(18.8074301764885,9.34288369510999,88.600231665394));
#2631=CARTESIAN_POINT('',(18.807640899963,9.34266000591946,94.799937925448));
#2632=CARTESIAN_POINT('',(18.8075844367779,9.34271994325779,101.00001663281));
#2633=CARTESIAN_POINT('',(18.8075995660429,9.34270388309609,107.19999554329));
#2634=CARTESIAN_POINT('',(18.8075955121688,9.34270818640369,113.400001194));
#2635=CARTESIAN_POINT('',(18.8075965984006,9.34270703333591,119.59999968069));
#2636=CARTESIAN_POINT('',(18.8075963073458,9.34270734229958,125.80000008321));
#2637=CARTESIAN_POINT('',(18.8075963853354,9.34270725951317,131.99999998643));
#2638=CARTESIAN_POINT('',(18.8075963644322,9.34270728169445,138.19999997103));
#2639=CARTESIAN_POINT('',(18.8075963700548,9.34270727575602,144.40000012944));
#2640=CARTESIAN_POINT('',(18.8075963684677,9.34270727732735,150.59999951116));
#2641=CARTESIAN_POINT('',(18.8075963691924,9.34270727698043,156.80000182596));
#2642=CARTESIAN_POINT('',(18.8075963683169,9.3427072768581,160.93332939852));
#2643=CARTESIAN_POINT('',(18.807596368853,9.342707277008,163.));
#2644=CARTESIAN_POINT('',(20.8888204887173,-4.11183396918612,8.));
#2645=CARTESIAN_POINT('',(21.0932628306843,2.88517991738139,8.));
#2646=CARTESIAN_POINT('',(20.8888204887173,-4.11183396918612,8.));
#2647=CARTESIAN_POINT('',(20.9585993495154,-1.7236610824159,7.99999999999999));
#2648=CARTESIAN_POINT('',(18.8555403780913,9.2449227714552,162.999999998753));
#2649=CARTESIAN_POINT('',(18.8555403758849,9.24492277209306,156.499389519707));
#2650=CARTESIAN_POINT('',(18.8555407444954,9.24493626365556,143.498172619246));
#2651=CARTESIAN_POINT('',(18.8555390951537,9.24487555360884,123.996322925268));
#2652=CARTESIAN_POINT('',(18.8555381638622,9.2450734200387,107.744852511755));
#2653=CARTESIAN_POINT('',(18.8555359907615,9.244670034763,94.743517957065));
#2654=CARTESIAN_POINT('',(18.8555531373447,9.24568517543243,86.6180427447894));
#2655=CARTESIAN_POINT('',(18.8560424636829,9.24305509218644,80.1168473447417));
#2656=CARTESIAN_POINT('',(18.8504987604595,9.25530659400577,75.2431253278693));
#2657=CARTESIAN_POINT('',(18.8815610559229,9.19653359931595,70.3612947841689));
#2658=CARTESIAN_POINT('',(19.2502427665713,8.41245002526125,65.5197656332169));
#2659=CARTESIAN_POINT('',(19.6029036397027,7.53628274647538,60.7100311598631));
#2660=CARTESIAN_POINT('',(19.7768058519236,7.07460828663549,55.8271848825306));
#2661=CARTESIAN_POINT('',(19.9158370432016,6.68260837661549,50.9337864753797));
#2662=CARTESIAN_POINT('',(20.3016670987728,5.39049159945297,46.1730006533777));
#2663=CARTESIAN_POINT('',(20.473142670193,4.72306774602392,41.3187514324934));
#2664=CARTESIAN_POINT('',(20.6184313135264,3.97303625181318,36.4751401469316));
#2665=CARTESIAN_POINT('',(20.7283632869885,3.39262884669084,31.6067194662166));
#2666=CARTESIAN_POINT('',(20.7563070151267,3.20663466547767,26.6816442489426));
#2667=CARTESIAN_POINT('',(20.8436340417795,2.55012390813935,22.6469884102264));
#2668=CARTESIAN_POINT('',(20.9265732762659,1.81460038910922,19.4534436860456));
#2669=CARTESIAN_POINT('',(20.9784144600376,1.28536220275684,17.0540341337679));
#2670=CARTESIAN_POINT('',(20.992159103381,0.981409389688586,15.0320667156674));
#2671=CARTESIAN_POINT('',(20.9678295783075,0.885603554834908,13.3840833269589));
#2672=CARTESIAN_POINT('',(20.9400183030178,0.819277431522754,12.1587079810909));
#2673=CARTESIAN_POINT('',(20.9189954807828,0.671336501094898,10.8981949298358));
#2674=CARTESIAN_POINT('',(20.9300465681764,-0.0715227736610254,9.88083876685494));
#2675=CARTESIAN_POINT('',(20.9406807762457,-0.91565774720947,8.95666795786889));
#2676=CARTESIAN_POINT('',(20.949337470645,-1.45315313947797,8.31772243316812));
#2677=CARTESIAN_POINT('',(20.9585993495154,-1.72366108241586,8.00000000000003));
#2678=CARTESIAN_POINT('',(18.8555403780913,9.2449227714552,162.999999999169));
#2679=CARTESIAN_POINT('',(20.3963608400002,6.10233270844049,163.));
#2680=CARTESIAN_POINT('',(17.3147199161822,12.3875128344705,163.));
#2681=CARTESIAN_POINT('',(20.3963608400002,6.10233270844049,163.));
#2682=CARTESIAN_POINT('',(20.8888204887173,-4.11183396918612,8.));
#2683=CARTESIAN_POINT('',(21.0119182745443,-2.48590329989899,9.965419400115));
#2684=CARTESIAN_POINT('',(21.1542759728914,-2.95026510654958,14.207967032187));
#2685=CARTESIAN_POINT('',(21.2571113696027,-1.26036297548964,20.383071308161));
#2686=CARTESIAN_POINT('',(21.2925145180534,-0.201638212097751,26.571771550966));
#2687=CARTESIAN_POINT('',(21.2935118523007,-0.0270200407991184,32.82283436003));
#2688=CARTESIAN_POINT('',(21.269228340052,1.04364814818474,38.999566657011));
#2689=CARTESIAN_POINT('',(21.2276127368636,1.8326095244295,45.23726316295));
#2690=CARTESIAN_POINT('',(20.9964548130863,3.59399213396545,51.342072963997));
#2691=CARTESIAN_POINT('',(20.9442251939732,3.81997483417221,57.627017145499));
#2692=CARTESIAN_POINT('',(20.7291597923913,4.91903976425848,63.800624057825));
#2693=CARTESIAN_POINT('',(20.4034475194233,6.09163846861054,69.966640611609));
#2694=CARTESIAN_POINT('',(20.394470070373,6.10518599735756,76.202362586562));
#2695=CARTESIAN_POINT('',(20.3968673806231,6.10156830714934,82.399135412976));
#2696=CARTESIAN_POINT('',(20.3962251128496,6.10253752914832,88.600231665394));
#2697=CARTESIAN_POINT('',(20.396397207981,6.10227782689634,94.799937925448));
#2698=CARTESIAN_POINT('',(20.396351095229,6.1023474139053,101.00001663281));
#2699=CARTESIAN_POINT('',(20.3963634511038,6.10232876812228,107.19999554329));
#2700=CARTESIAN_POINT('',(20.3963601403573,6.10233376424498,113.400001194));
#2701=CARTESIAN_POINT('',(20.3963610274688,6.10233242553807,119.59999968069));
#2702=CARTESIAN_POINT('',(20.3963607897686,6.10233278424343,125.80000008321));
#2703=CARTESIAN_POINT('',(20.3963608534607,6.10233268812989,131.99999998643));
#2704=CARTESIAN_POINT('',(20.3963608363924,6.1023327138787,138.19999997103));
#2705=CARTESIAN_POINT('',(20.3963608409724,6.10233270699517,144.40000012944));
#2706=CARTESIAN_POINT('',(20.3963608397216,6.10233270878004,150.59999951116));
#2707=CARTESIAN_POINT('',(20.3963608401451,6.10233270852408,156.80000182596));
#2708=CARTESIAN_POINT('',(20.396360839848,6.10233270801714,160.93332939852));
#2709=CARTESIAN_POINT('',(20.3963608400002,6.10233270844049,163.));
#2710=CARTESIAN_POINT('',(12.2192345997221,9.88918251408909,163.));
#2711=CARTESIAN_POINT('',(15.3008755235401,3.60400238805913,163.));
#2712=CARTESIAN_POINT('',(20.3963608400002,6.10233270844049,163.));
#2713=CARTESIAN_POINT('',(15.8579176626087,3.87712166509178,163.));
#2714=CARTESIAN_POINT('',(18.8555403780913,9.2449227714552,162.999999998753));
#2715=CARTESIAN_POINT('',(17.4563395643203,8.55889080389082,162.999999998753));
#2716=CARTESIAN_POINT('',(16.0571387505492,7.87285883632644,163.000000001328));
#2717=CARTESIAN_POINT('',(14.6579379367781,7.18682686876206,163.000000001328));
#2718=CARTESIAN_POINT('',(14.6579379367781,7.18682686876206,162.999999999059));
#2719=CARTESIAN_POINT('',(0.,0.,163.));
#2720=CARTESIAN_POINT('',(0.,0.,5.));
#2721=CARTESIAN_POINT('',(-11.9919192688257,-11.0769805114014,162.999999999975));
#2722=CARTESIAN_POINT('',(-11.9919192681216,-11.0769805121636,141.999999577547));
#2723=CARTESIAN_POINT('',(-11.9912297989011,-11.0777269345646,120.999978750519));
#2724=CARTESIAN_POINT('',(-11.9919500700793,-11.0769471659264,100.));
#2725=CARTESIAN_POINT('',(-11.9919500700793,-11.0769471659264,100.));
#2726=CARTESIAN_POINT('',(0.,0.,100.));
#2727=CARTESIAN_POINT('',(15.85791876945,3.8771171379682,100.));
#2728=CARTESIAN_POINT('',(15.8363718239464,-3.96420893164224,8.));
#2729=CARTESIAN_POINT('',(15.9017534000845,-3.70302013760612,8.415355628677));
#2730=CARTESIAN_POINT('',(15.951522009135,-3.4833039452981,8.844870727892));
#2731=CARTESIAN_POINT('',(15.9883672396592,-3.30626707095426,9.285068369117));
#2732=CARTESIAN_POINT('',(16.0153460799381,-3.16914757670839,9.732668998568));
#2733=CARTESIAN_POINT('',(16.0348301695514,-3.06647340164995,10.184792888379));
#2734=CARTESIAN_POINT('',(16.0486509873679,-2.99191326220274,10.639254082367));
#2735=CARTESIAN_POINT('',(16.0583086771954,-2.93901398842688,11.094676924008));
#2736=CARTESIAN_POINT('',(16.067656733942,-2.8872548624014,11.723113410771));
#2737=CARTESIAN_POINT('',(16.0698167564083,-2.87521339943808,11.896083791307));
#2738=CARTESIAN_POINT('',(16.0716366217632,-2.86501609237493,12.069442539624));
#2739=CARTESIAN_POINT('',(16.0731801094534,-2.85633494560021,12.243156051998));
#2740=CARTESIAN_POINT('',(16.0745089289091,-2.84884001247744,12.41718703698));
#2741=CARTESIAN_POINT('',(16.0756834204067,-2.84219936750018,12.591494508381));
#2742=CARTESIAN_POINT('',(16.0767632559402,-2.83607907843589,12.766033778242));
#2743=CARTESIAN_POINT('',(16.0788547577017,-2.82419743078911,13.115768987897));
#2744=CARTESIAN_POINT('',(16.0798696648022,-2.81841703630912,13.290781547917));
#2745=CARTESIAN_POINT('',(16.0809012606631,-2.8125285389556,13.465794478567));
#2746=CARTESIAN_POINT('',(16.0820117184362,-2.8061765587315,13.640801813077));
#2747=CARTESIAN_POINT('',(16.0832678793916,-2.79897384831131,13.815793196972));
#2748=CARTESIAN_POINT('',(16.0847321471523,-2.79055134963324,13.990755815826));
#2749=CARTESIAN_POINT('',(16.0864533819342,-2.78060825049483,14.165676323025));
#2750=CARTESIAN_POINT('',(16.0947500817185,-2.73240206264025,14.889486484826));
#2751=CARTESIAN_POINT('',(16.1036539741718,-2.68009960187283,15.437837490615));
#2752=CARTESIAN_POINT('',(16.1146212705888,-2.61438628599039,15.985476119237));
#2753=CARTESIAN_POINT('',(16.1270394031301,-2.53765240139176,16.532369018567));
#2754=CARTESIAN_POINT('',(16.1403069867951,-2.4523169811281,17.078566074755));
#2755=CARTESIAN_POINT('',(16.1538855033094,-2.36080588398096,17.624198238225));
#2756=CARTESIAN_POINT('',(16.1673271197852,-2.26553786520303,18.169476250914));
#2757=CARTESIAN_POINT('',(16.1830080012041,-2.14855743718768,18.82958679344));
#2758=CARTESIAN_POINT('',(16.185715699809,-2.12813544557287,18.944484894525));
#2759=CARTESIAN_POINT('',(16.1883984089897,-2.10767532364574,19.059386504937));
#2760=CARTESIAN_POINT('',(16.1910529838182,-2.08719974408682,19.174293520135));
#2761=CARTESIAN_POINT('',(16.1936764634243,-2.06673139270613,19.28920780411));
#2762=CARTESIAN_POINT('',(16.1962660709846,-2.04629296844204,19.404131189388));
#2763=CARTESIAN_POINT('',(16.1988192137311,-2.02590718336244,19.519065477033));
#2764=CARTESIAN_POINT('',(16.2059442950049,-1.96835034045053,19.844808808281));
#2765=CARTESIAN_POINT('',(16.2104211584933,-1.93138486662621,20.055631828156));
#2766=CARTESIAN_POINT('',(16.2147641327733,-1.89471308124229,20.266482958981));
#2767=CARTESIAN_POINT('',(16.2189324956991,-1.85870962245627,20.477392582818));
#2768=CARTESIAN_POINT('',(16.2229260521688,-1.82343670080332,20.688366482606));
#2769=CARTESIAN_POINT('',(16.226764675047,-1.78878532365097,20.89939483736));
#2770=CARTESIAN_POINT('',(16.2304484278758,-1.75479082022346,21.110476813654));
#2771=CARTESIAN_POINT('',(16.2447933189393,-1.61951507392567,21.96794395463));
#2772=CARTESIAN_POINT('',(16.2541908333031,-1.52391459074192,22.614789373964));
#2773=CARTESIAN_POINT('',(16.2622981431544,-1.43504392216406,23.262139695555));
#2774=CARTESIAN_POINT('',(16.2692407981157,-1.35325846767431,23.909976160037));
#2775=CARTESIAN_POINT('',(16.2751403598967,-1.27890559029543,24.558271697567));
#2776=CARTESIAN_POINT('',(16.2801098461024,-1.21232513479441,25.206990978283));
#2777=CARTESIAN_POINT('',(16.2842491740335,-1.15384994589167,25.856090462762));
#2778=CARTESIAN_POINT('',(16.2883488068829,-1.09335623316117,26.641132747842));
#2779=CARTESIAN_POINT('',(16.2890239531323,-1.0832803699751,26.776789188708));
#2780=CARTESIAN_POINT('',(16.2896682915115,-1.07355967515792,26.912485581649));
#2781=CARTESIAN_POINT('',(16.2902840155913,-1.06417415262537,27.04821965414));
#2782=CARTESIAN_POINT('',(16.2908732642539,-1.05510293194837,27.183989054562));
#2783=CARTESIAN_POINT('',(16.2914381216849,-1.04632426835951,27.319791352206));
#2784=CARTESIAN_POINT('',(16.291980617381,-1.03781554274749,27.455624037269));
#2785=CARTESIAN_POINT('',(16.2938306036686,-1.00853982894983,27.937018048486));
#2786=CARTESIAN_POINT('',(16.2950257696635,-0.98913620770737,28.282599110652));
#2787=CARTESIAN_POINT('',(16.2961191330651,-0.970979771316599,28.628214812906));
#2788=CARTESIAN_POINT('',(16.297138164333,-0.953710286608715,28.973853474855));
#2789=CARTESIAN_POINT('',(16.2981072672932,-0.936969239844511,29.319504613038));
#2790=CARTESIAN_POINT('',(16.299048150986,-0.920399162686346,29.665158923795));
#2791=CARTESIAN_POINT('',(16.2999802015114,-0.903642958174684,30.010808266144));
#2792=CARTESIAN_POINT('',(16.3013439526783,-0.878561929556699,30.511910898734));
#2793=CARTESIAN_POINT('',(16.3017687388445,-0.87067110335932,30.667365094368));
#2794=CARTESIAN_POINT('',(16.3021967827506,-0.862638387112583,30.822804725784));
#2795=CARTESIAN_POINT('',(16.3026295324261,-0.854431438561804,30.978226297195));
#2796=CARTESIAN_POINT('',(16.3030683135629,-0.846017934198577,31.133626322789));
#2797=CARTESIAN_POINT('',(16.3035143295115,-0.837365569262225,31.289001326735));
#2798=CARTESIAN_POINT('',(16.3039686612815,-0.828442057737983,31.444347843181));
#2799=CARTESIAN_POINT('',(16.3048955944694,-0.809993766459321,31.754883408008));
#2800=CARTESIAN_POINT('',(16.3053681999604,-0.800468416685906,31.910095308815));
#2801=CARTESIAN_POINT('',(16.3058510957965,-0.790606005907817,32.065296811908));
#2802=CARTESIAN_POINT('',(16.3063450914651,-0.780373730176658,32.220486447278));
#2803=CARTESIAN_POINT('',(16.3068507941595,-0.769739058732595,32.375662581674));
#2804=CARTESIAN_POINT('',(16.3073686087761,-0.758669733999545,32.530823418601));
#2805=CARTESIAN_POINT('',(16.3078987379198,-0.747133771587694,32.685966998321));
#2806=CARTESIAN_POINT('',(16.3103229712803,-0.693351298188125,33.379231692136));
#2807=CARTESIAN_POINT('',(16.3123476305692,-0.645718241474726,33.917135441053));
#2808=CARTESIAN_POINT('',(16.3144143710622,-0.593098377172018,34.454810177481));
#2809=CARTESIAN_POINT('',(16.3164247343487,-0.536400937192565,34.992275498127));
#2810=CARTESIAN_POINT('',(16.3182923674922,-0.476540734687082,35.529562540293));
#2811=CARTESIAN_POINT('',(16.3199496798425,-0.414433374509357,36.066713708558));
#2812=CARTESIAN_POINT('',(16.3213513814751,-0.350991237772828,36.603782451411));
#2813=CARTESIAN_POINT('',(16.3229593206208,-0.259581637750401,37.372387702383));
#2814=CARTESIAN_POINT('',(16.3233920082835,-0.231963303074107,37.603938951234));
#2815=CARTESIAN_POINT('',(16.3237711915291,-0.204337477843417,37.835495350696));
#2816=CARTESIAN_POINT('',(16.324095858464,-0.176776196567217,38.067065447817));
#2817=CARTESIAN_POINT('',(16.3243657600145,-0.149351286923521,38.298657820352));
#2818=CARTESIAN_POINT('',(16.3245814099301,-0.122134369762069,38.530281076762));
#2819=CARTESIAN_POINT('',(16.3247440847809,-0.0951968591012368,38.76194385622));
#2820=CARTESIAN_POINT('',(16.3249768987337,-0.039801780952209,39.244724807937));
#2821=CARTESIAN_POINT('',(16.325038142995,-0.0114125327698965,39.495818730537));
#2822=CARTESIAN_POINT('',(16.3250428686626,0.0166587959878122,39.746930640213));
#2823=CARTESIAN_POINT('',(16.3249932759399,0.0445130519153968,39.998054689364));
#2824=CARTESIAN_POINT('',(16.3248904533197,0.0722509146366297,40.249185138982));
#2825=CARTESIAN_POINT('',(16.3247343775797,0.0999728968013192,40.500316358646));
#2826=CARTESIAN_POINT('',(16.3245239137851,0.12777934408718,40.751442826525));
#2827=CARTESIAN_POINT('',(16.323705335468,0.213563804154208,41.521040423444));
#2828=CARTESIAN_POINT('',(16.32291249743,0.272143604334507,42.039470198036));
#2829=CARTESIAN_POINT('',(16.3218586748725,0.332393641689905,42.557808870871));
#2830=CARTESIAN_POINT('',(16.3205040675562,0.395195014189913,43.076004390885));
#2831=CARTESIAN_POINT('',(16.3187874359047,0.461429461547887,43.593992026945));
#2832=CARTESIAN_POINT('',(16.3166221668832,0.531980305264195,44.111694308851));
#2833=CARTESIAN_POINT('',(16.313889671151,0.607730978992842,44.629021120641));
#2834=CARTESIAN_POINT('',(16.309148614816,0.71987283630539,45.337322069811));
#2835=CARTESIAN_POINT('',(16.3077665709679,0.751037604167605,45.528705779924));
#2836=CARTESIAN_POINT('',(16.3062806464485,0.782981977736487,45.720024968231));
#2837=CARTESIAN_POINT('',(16.3046892629097,0.815610092983736,45.911285797504));
#2838=CARTESIAN_POINT('',(16.3029918364303,0.848825117017258,46.102495093045));
#2839=CARTESIAN_POINT('',(16.3011885120654,0.882538153301893,46.293659672236));
#2840=CARTESIAN_POINT('',(16.2992803936676,0.916664632013527,46.484786612138));
#2841=CARTESIAN_POINT('',(16.2950607091896,0.98896906533572,46.885942121341));
#2842=CARTESIAN_POINT('',(16.2927281799099,1.02720884920535,47.095930745596));
#2843=CARTESIAN_POINT('',(16.2902760541081,1.06570779800618,47.305866907926));
#2844=CARTESIAN_POINT('',(16.2877094571624,1.1043467008179,47.515767582936));
#2845=CARTESIAN_POINT('',(16.2850352668353,1.14300687493399,47.72565013986));
#2846=CARTESIAN_POINT('',(16.2822621132759,1.18157016586087,47.935532342554));
#2847=CARTESIAN_POINT('',(16.2794003790184,1.21991894731966,48.145432349505));
#2848=CARTESIAN_POINT('',(16.2711769244794,1.32632240031226,48.733007694143));
#2849=CARTESIAN_POINT('',(16.2656446040367,1.39363106497391,49.110737866548));
#2850=CARTESIAN_POINT('',(16.2599361493415,1.45917440468605,49.488627947733));
#2851=CARTESIAN_POINT('',(16.2541404108597,1.52226928426956,49.866734860146));
#2852=CARTESIAN_POINT('',(16.2483624581323,1.58223982019399,50.245103498762));
#2853=CARTESIAN_POINT('',(16.2427202455093,1.63841995428682,50.623766492053));
#2854=CARTESIAN_POINT('',(16.2373396633177,1.69015592487613,51.002743957134));
#2855=CARTESIAN_POINT('',(16.2290467979653,1.76766168652113,51.632886990891));
#2856=CARTESIAN_POINT('',(16.2259176230039,1.7962736242842,51.883869266136));
#2857=CARTESIAN_POINT('',(16.2229572722543,1.82283493073137,52.134967890085));
#2858=CARTESIAN_POINT('',(16.2201554403217,1.84756342700008,52.386160880729));
#2859=CARTESIAN_POINT('',(16.2175030354118,1.87063394943466,52.637432745471));
#2860=CARTESIAN_POINT('',(16.2149843690682,1.89225756028669,52.888767187494));
#2861=CARTESIAN_POINT('',(16.2125844916781,1.91261770397512,53.140153384506));
#2862=CARTESIAN_POINT('',(16.2078219845895,1.9525790374496,53.661020502439));
#2863=CARTESIAN_POINT('',(16.2054744448081,1.97202082203518,53.930505940661));
#2864=CARTESIAN_POINT('',(16.2032212231509,1.99046721408674,54.200027250038));
#2865=CARTESIAN_POINT('',(16.2010386770244,2.00815012611992,54.469574436608));
#2866=CARTESIAN_POINT('',(16.1989014156421,2.02529955266968,54.739138539031));
#2867=CARTESIAN_POINT('',(16.1967824626111,2.04214409738071,55.008711612225));
#2868=CARTESIAN_POINT('',(16.1946534185119,2.05891150011379,55.278286710994));
#2869=CARTESIAN_POINT('',(16.1907652026425,2.08924148910225,55.761573909108));
#2870=CARTESIAN_POINT('',(16.1890207250896,2.10274802708762,55.975284380455));
#2871=CARTESIAN_POINT('',(16.1872365784717,2.11646129903687,56.18897300134));
#2872=CARTESIAN_POINT('',(16.1853974653216,2.13049355262508,56.40262335033));
#2873=CARTESIAN_POINT('',(16.1834874030556,2.1449567621618,56.61621887093));
#2874=CARTESIAN_POINT('',(16.1814897239819,2.15996262859169,56.829742871582));
#2875=CARTESIAN_POINT('',(16.1793870752883,2.17562257949017,57.043178525666));
#2876=CARTESIAN_POINT('',(16.1755443467235,2.20398165138833,57.411506123193));
#2877=CARTESIAN_POINT('',(16.1738598822141,2.21633805418005,57.566486509576));
#2878=CARTESIAN_POINT('',(16.1721023341465,2.22914801173124,57.72144813378));
#2879=CARTESIAN_POINT('',(16.1702678653253,2.24242878538297,57.876389597794));
#2880=CARTESIAN_POINT('',(16.1683544927386,2.25618386352417,58.031310002463));
#2881=CARTESIAN_POINT('',(16.1663620875597,2.27040296159077,58.186208947484));
#2882=CARTESIAN_POINT('',(16.1642923751445,2.28506202206918,58.34108653141));
#2883=CARTESIAN_POINT('',(16.1553842526666,2.34765623498491,58.984670419367));
#2884=CARTESIAN_POINT('',(16.1478652186182,2.39934580795295,59.473187372656));
#2885=CARTESIAN_POINT('',(16.1396051023095,2.45474200010339,59.961497553255));
#2886=CARTESIAN_POINT('',(16.1306211644322,2.51339052818027,60.449610185497));
#2887=CARTESIAN_POINT('',(16.1209365102552,2.57483529863504,60.937540237637));
#2888=CARTESIAN_POINT('',(16.1105819429333,2.63862094729052,61.42530828317));
#2889=CARTESIAN_POINT('',(16.0995978168172,2.7042953790126,61.912940362164));
#2890=CARTESIAN_POINT('',(16.083929964918,2.79524718831504,62.573600906586));
#2891=CARTESIAN_POINT('',(16.07975130496,2.81926309072055,62.746714312871));
#2892=CARTESIAN_POINT('',(16.0755021651312,2.84344022342843,62.919811228737));
#2893=CARTESIAN_POINT('',(16.0711849709694,2.8677588861471,63.092894767187));
#2894=CARTESIAN_POINT('',(16.0668023193109,2.89219946945619,63.265967986926));
#2895=CARTESIAN_POINT('',(16.0623569782894,2.91674245480783,63.43903389236));
#2896=CARTESIAN_POINT('',(16.0578518873367,2.94136841452003,63.612095433597));
#2897=CARTESIAN_POINT('',(16.0485753756453,2.99157597392857,63.964021947257));
#2898=CARTESIAN_POINT('',(16.0438000247186,3.01716227999313,64.142882656448));
#2899=CARTESIAN_POINT('',(16.0389704931302,3.04277962876803,64.321740415617));
#2900=CARTESIAN_POINT('',(16.0340935363068,3.06839083858253,64.500597987606));
#2901=CARTESIAN_POINT('',(16.029176276379,3.09395884730058,64.67945811651));
#2902=CARTESIAN_POINT('',(16.0242262021724,3.11944671232512,64.858323527669));
#2903=CARTESIAN_POINT('',(16.0192511692172,3.14481761059337,65.037196927672));
#2904=CARTESIAN_POINT('',(15.9976683824194,3.25384869824308,65.810633462992));
#2905=CARTESIAN_POINT('',(15.980892808955,3.33596317285724,66.405289615286));
#2906=CARTESIAN_POINT('',(15.9642333850434,3.41503468369952,67.000166282861));
#2907=CARTESIAN_POINT('',(15.9480343509523,3.48973286875849,67.595352728718));
#2908=CARTESIAN_POINT('',(15.9326784677497,3.55874342773324,68.190910424009));
#2909=CARTESIAN_POINT('',(15.9185758023734,3.62076982304211,68.786872795607));
#2910=CARTESIAN_POINT('',(15.9061463115778,3.67453383683891,69.383244954489));
#2911=CARTESIAN_POINT('',(15.89007646222,3.74322394362215,70.309789682232));
#2912=CARTESIAN_POINT('',(15.8849957863269,3.76474738236384,70.639689548883));
#2913=CARTESIAN_POINT('',(15.8805247410404,3.78355214879743,70.969680339782));
#2914=CARTESIAN_POINT('',(15.8766235814742,3.79986616170905,71.299741196209));
#2915=CARTESIAN_POINT('',(15.8732566766538,3.81388186717503,71.629856493885));
#2916=CARTESIAN_POINT('',(15.8703785099616,3.82582030555352,71.960011856844));
#2917=CARTESIAN_POINT('',(15.8679465285429,3.83587961443859,72.290197633192));
#2918=CARTESIAN_POINT('',(15.8646798165163,3.84936187162216,72.821093867455));
#2919=CARTESIAN_POINT('',(15.8635928071197,3.85384012552082,73.02178937441));
#2920=CARTESIAN_POINT('',(15.862643367915,3.85774571272303,73.222491449682));
#2921=CARTESIAN_POINT('',(15.8618211026132,3.86112403908336,73.423198624078));
#2922=CARTESIAN_POINT('',(15.8611155082041,3.86402032902947,73.62390966882));
#2923=CARTESIAN_POINT('',(15.8605159749527,3.86647962557139,73.824623595549));
#2924=CARTESIAN_POINT('',(15.8600117864032,3.86854679029312,74.025339656325));
#2925=CARTESIAN_POINT('',(15.8591034547153,3.87226895517931,74.459775111685));
#2926=CARTESIAN_POINT('',(15.8587294224087,3.87380056885417,74.693516764634));
#2927=CARTESIAN_POINT('',(15.858453014029,3.8749317385866,74.927273626309));
#2928=CARTESIAN_POINT('',(15.8582571753797,3.87573283762043,75.1610370039));
#2929=CARTESIAN_POINT('',(15.8581248064966,3.87627421823782,75.394798187946));
#2930=CARTESIAN_POINT('',(15.8580387616439,3.87662621176105,75.628548452339));
#2931=CARTESIAN_POINT('',(15.8579818493189,3.87685912854813,75.862279054321));
#2932=CARTESIAN_POINT('',(15.8578918339925,3.87722731050301,76.329585754133));
#2933=CARTESIAN_POINT('',(15.8578575380679,3.87736757793299,76.563190296308));
#2934=CARTESIAN_POINT('',(15.8578199785413,3.87752118960204,76.796794825272));
#2935=CARTESIAN_POINT('',(15.8578004234106,3.87760115737168,77.030399385992));
#2936=CARTESIAN_POINT('',(15.8577746572451,3.8777065310565,77.264003925183));
#2937=CARTESIAN_POINT('',(15.8577603870734,3.87776488559663,77.497608482788));
#2938=CARTESIAN_POINT('',(15.857748053879,3.87781532061977,77.731213035212));
#2939=CARTESIAN_POINT('',(15.8577208875824,3.87792641215121,78.5265010605));
#2940=CARTESIAN_POINT('',(15.8577245946958,3.87791125693462,79.088184529435));
#2941=CARTESIAN_POINT('',(15.8577457066564,3.87782492556661,79.649867994132));
#2942=CARTESIAN_POINT('',(15.8577787369572,3.87768984997632,80.211551452689));
#2943=CARTESIAN_POINT('',(15.8578182014406,3.87752845497847,80.773234905541));
#2944=CARTESIAN_POINT('',(15.8578586182945,3.87736315827718,81.334918355463));
#2945=CARTESIAN_POINT('',(15.857894508051,3.87721637046467,81.89660180757));
#2946=CARTESIAN_POINT('',(15.8579454070851,3.87700818634665,83.001046518643));
#2947=CARTESIAN_POINT('',(15.8579615638292,3.87694210068131,83.543807772268));
#2948=CARTESIAN_POINT('',(15.8579701930886,3.87690680320283,84.086569028392));
#2949=CARTESIAN_POINT('',(15.8579726230984,3.87689686256714,84.62933028567));
#2950=CARTESIAN_POINT('',(15.8579701810661,3.87690685090064,85.172091543202));
#2951=CARTESIAN_POINT('',(15.8579641931665,3.87693134380806,85.714852800535));
#2952=CARTESIAN_POINT('',(15.857955984544,3.87696492036585,86.257614057661));
#2953=CARTESIAN_POINT('',(15.8579413301151,3.87702486079014,87.131162128394));
#2954=CARTESIAN_POINT('',(15.8579354845965,3.87704877033192,87.461948941769));
#2955=CARTESIAN_POINT('',(15.8579295252996,3.87707314503775,87.792735755146));
#2956=CARTESIAN_POINT('',(15.8579238224548,3.87709647059959,88.123522568534));
#2957=CARTESIAN_POINT('',(15.8579187861024,3.87711706994981,88.454309381941));
#2958=CARTESIAN_POINT('',(15.8579147182061,3.87713370809246,88.785096195368));
#2959=CARTESIAN_POINT('',(15.8579116647715,3.87714619693611,89.115883008799));
#2960=CARTESIAN_POINT('',(15.8579070223751,3.87716518474325,89.756584254203));
#2961=CARTESIAN_POINT('',(15.8579054237478,3.87717172325058,90.066498686182));
#2962=CARTESIAN_POINT('',(15.8579044059788,3.87717588598846,90.376413118125));
#2963=CARTESIAN_POINT('',(15.8579039029678,3.87717794332779,90.686327550025));
#2964=CARTESIAN_POINT('',(15.8579038486069,3.87717816566386,90.996241981879));
#2965=CARTESIAN_POINT('',(15.8579041767785,3.87717682342302,91.306156413689));
#2966=CARTESIAN_POINT('',(15.8579048213576,3.87717418705825,91.61607084546));
#2967=CARTESIAN_POINT('',(15.857906783596,3.87716616136119,92.295653780302));
#2968=CARTESIAN_POINT('',(15.8579082078999,3.87716033585034,92.665322283357));
#2969=CARTESIAN_POINT('',(15.8579098757352,3.87715351426418,93.034990786377));
#2970=CARTESIAN_POINT('',(15.8579116743088,3.877146157931,93.404659289379));
#2971=CARTESIAN_POINT('',(15.8579134914214,3.87713872574947,93.774327792378));
#2972=CARTESIAN_POINT('',(15.8579152154688,3.87713167420032,94.143996295389));
#2973=CARTESIAN_POINT('',(15.8579167354385,3.87712545733777,94.51366479843));
#2974=CARTESIAN_POINT('',(15.85792019085,3.87711132426267,95.573294749302));
#2975=CARTESIAN_POINT('',(15.8579214192347,3.87710629999952,96.26325619722));
#2976=CARTESIAN_POINT('',(15.8579218216126,3.87710465420738,96.953217645236));
#2977=CARTESIAN_POINT('',(15.8579215935203,3.87710558712773,97.643179093317));
#2978=CARTESIAN_POINT('',(15.8579209304837,3.87710829903796,98.333140541438));
#2979=CARTESIAN_POINT('',(15.8579200280179,3.87711199025145,99.023101989579));
#2980=CARTESIAN_POINT('',(15.8579190816285,3.87711586111796,99.713063437722));
#2981=CARTESIAN_POINT('',(15.8579166727008,3.87712571394382,101.80419444591));
#2982=CARTESIAN_POINT('',(15.8579159320832,3.87712874315376,103.20536400589));
#2983=CARTESIAN_POINT('',(15.8579165506217,3.87712621325421,104.60653356572));
#2984=CARTESIAN_POINT('',(15.8579175514038,3.87712211993752,106.00770312551));
#2985=CARTESIAN_POINT('',(15.8579180668309,3.87712001177409,107.40887268535));
#2986=CARTESIAN_POINT('',(15.857918022577,3.87712019277276,108.81004224526));
#2987=CARTESIAN_POINT('',(15.8579179335963,3.87712055671851,110.21121180516));
#2988=CARTESIAN_POINT('',(15.8579175567236,3.87712209817643,114.5607708909));
#2989=CARTESIAN_POINT('',(15.8579172440219,3.87712337716294,117.50916041672));
#2990=CARTESIAN_POINT('',(15.8579180725032,3.87711998857313,120.45754994246));
#2991=CARTESIAN_POINT('',(15.8579178163955,3.8771210360824,123.40593946826));
#2992=CARTESIAN_POINT('',(15.8579173178462,3.87712307521311,126.3543289941));
#2993=CARTESIAN_POINT('',(15.8579177919158,3.87712113620794,129.30271851988));
#2994=CARTESIAN_POINT('',(15.8579176645841,3.87712165701193,132.25110804567));
#2995=CARTESIAN_POINT('',(15.8579176629365,3.87712166375278,138.67456037504));
#2996=CARTESIAN_POINT('',(15.8579176625211,3.87712166545042,142.14962317865));
#2997=CARTESIAN_POINT('',(15.8579176624037,3.87712166592994,145.62468598225));
#2998=CARTESIAN_POINT('',(15.8579176624425,3.87712166577173,149.09974878579));
#2999=CARTESIAN_POINT('',(15.8579176625321,3.87712166540554,152.57481158928));
#3000=CARTESIAN_POINT('',(15.8579176626042,3.87712166511045,156.04987439276));
#3001=CARTESIAN_POINT('',(15.8579176626283,3.87712166501313,159.52493719629));
#3002=CARTESIAN_POINT('',(15.8579176626087,3.87712166509178,163.));
#3003=CARTESIAN_POINT('',(14.6579379367781,7.18682686876206,162.999999999059));
#3004=CARTESIAN_POINT('',(14.6579379342936,7.1868268738294,141.999999999381));
#3005=CARTESIAN_POINT('',(14.6578976772333,7.1869089804231,121.000000001461));
#3006=CARTESIAN_POINT('',(14.6579397353136,7.1868232005466,100.));
#3007=CARTESIAN_POINT('',(-12.8968887841794,-10.0087903708944,163.000000000045));
#3008=CARTESIAN_POINT('',(-12.8968887830262,-10.0087903723803,141.999999704842));
#3009=CARTESIAN_POINT('',(-12.8962618893026,-10.009598164939,120.999981337591));
#3010=CARTESIAN_POINT('',(-12.8969167892874,-10.0087542846349,100.));
#3011=CARTESIAN_POINT('',(0.,0.,100.));
#3012=CARTESIAN_POINT('',(-11.9919500700793,-11.0769471659264,100.));
#3013=CARTESIAN_POINT('',(-12.2274117312682,-11.2764288987889,100.));
#3014=CARTESIAN_POINT('',(-12.4628733924576,-11.4759106316508,100.));
#3015=CARTESIAN_POINT('',(-12.6983350536475,-11.6753923645121,100.));
#3016=CARTESIAN_POINT('',(-12.6983350536475,-11.6753923645121,100.));
#3017=CARTESIAN_POINT('',(0.,0.,100.));
#3018=CARTESIAN_POINT('',(16.7071372510811,4.29349098910626,100.));
#3019=CARTESIAN_POINT('',(20.3963641293423,6.10232774461901,100.));
#3020=CARTESIAN_POINT('',(19.2589242508837,5.54463825377626,100.));
#3021=CARTESIAN_POINT('',(18.1214843724261,4.98694876293309,100.));
#3022=CARTESIAN_POINT('',(16.9840444939675,4.42925927209034,100.));
#3023=CARTESIAN_POINT('',(15.8466046155089,3.87156978124759,100.));
#3024=CARTESIAN_POINT('',(0.,0.,60.));
#3025=CARTESIAN_POINT('',(-13.4794187683615,-10.7641892247928,60.));
#3026=CARTESIAN_POINT('',(-13.4005019891523,-10.8630124889139,61.6652123116102));
#3027=CARTESIAN_POINT('',(-13.2529801831269,-11.0476370106069,64.9969558023957));
#3028=CARTESIAN_POINT('',(-12.6537142130529,-11.7339417868196,71.6096997788292));
#3029=CARTESIAN_POINT('',(-12.7064068280021,-11.6631892602401,79.9720187404055));
#3030=CARTESIAN_POINT('',(-12.6953443510402,-11.6796233962853,89.9828847358225));
#3031=CARTESIAN_POINT('',(-12.6984557722223,-11.6752610691464,96.6613403192315));
#3032=CARTESIAN_POINT('',(-12.6983350536475,-11.6753923645121,100.));
#3033=CARTESIAN_POINT('',(-13.4794187683615,-10.7641892247928,60.));
#3034=CARTESIAN_POINT('',(0.,0.,60.));
#3035=CARTESIAN_POINT('',(17.0208964591472,2.8020677591721,60.));
#3036=CARTESIAN_POINT('',(17.0208964591471,2.80206775917259,59.9999999999999));
#3037=CARTESIAN_POINT('',(16.9533943949652,3.21210268479408,63.3107575973236));
#3038=CARTESIAN_POINT('',(16.7384233525927,4.19205969461066,68.2332302112158));
#3039=CARTESIAN_POINT('',(16.7024057228919,4.30815465563895,74.932365557321));
#3040=CARTESIAN_POINT('',(16.7095956626935,4.28609444612179,81.614219205187));
#3041=CARTESIAN_POINT('',(16.7062160759852,4.29628651118089,89.9725362894634));
#3042=CARTESIAN_POINT('',(16.7071417975104,4.29347329771764,96.6573596848709));
#3043=CARTESIAN_POINT('',(16.7071372510812,4.2934909891059,100.));
#3044=CARTESIAN_POINT('',(-18.2528997305604,-4.07183778704826,7.11194740427104));
#3045=CARTESIAN_POINT('',(-18.2387470806355,-4.5093769738575,8.66258280500698));
#3046=CARTESIAN_POINT('',(-18.0407183778061,-5.24602246601177,11.0048773160045));
#3047=CARTESIAN_POINT('',(-17.7061942024184,-6.14009344561256,14.3970219955862));
#3048=CARTESIAN_POINT('',(-17.4950504024638,-6.71426184877631,17.562592561353));
#3049=CARTESIAN_POINT('',(-17.2880150337317,-7.25625024176825,21.6104047380822));
#3050=CARTESIAN_POINT('',(-16.988406714108,-7.932042135357,26.1885944979539));
#3051=CARTESIAN_POINT('',(-16.6084562627093,-8.69171110939185,31.017489866846));
#3052=CARTESIAN_POINT('',(-16.3123853966916,-9.23845387964343,35.8441928380379));
#3053=CARTESIAN_POINT('',(-16.0646374725703,-9.65566611400219,40.7313495308377));
#3054=CARTESIAN_POINT('',(-15.7770716772368,-10.1206304592594,45.5973079751237));
#3055=CARTESIAN_POINT('',(-15.5141533974826,-10.5274589636426,50.2142361118299));
#3056=CARTESIAN_POINT('',(-15.1158612876072,-11.0789667085809,54.2748951387035));
#3057=CARTESIAN_POINT('',(-14.819300837498,-11.4754492038973,57.4726474745382));
#3058=CARTESIAN_POINT('',(-14.6734152439275,-11.6655501673188,60.1614783996689));
#3059=CARTESIAN_POINT('',(-14.5495290892249,-11.8178803015625,62.8822179932889));
#3060=CARTESIAN_POINT('',(-14.3166063204653,-12.092886566929,66.1668832688929));
#3061=CARTESIAN_POINT('',(-13.9471985865774,-12.5241069435764,70.1850109009361));
#3062=CARTESIAN_POINT('',(-13.829124249218,-12.650622576678,74.7717509367536));
#3063=CARTESIAN_POINT('',(-13.8305334144334,-12.647312429076,79.6717229536855));
#3064=CARTESIAN_POINT('',(-13.8422374637056,-12.6360554611957,84.5740623474626));
#3065=CARTESIAN_POINT('',(-13.8353143905555,-12.6428658634699,90.0209273234846));
#3066=CARTESIAN_POINT('',(-13.8396784732643,-12.6385607083935,97.6445944494213));
#3067=CARTESIAN_POINT('',(-13.8355121953795,-12.6426700026227,109.082900386335));
#3068=CARTESIAN_POINT('',(-13.839474657499,-12.6387606150402,131.411310534278));
#3069=CARTESIAN_POINT('',(-13.8365513302094,-12.6416448322796,149.929337354678));
#3070=CARTESIAN_POINT('',(-13.8375841696622,-12.6406257909043,162.999999999994));
#3071=CARTESIAN_POINT('',(-17.3740293408389,-3.90912475651803,7.10597947482359));
#3072=CARTESIAN_POINT('',(-17.359798106783,-4.32573315184192,8.65622692764789));
#3073=CARTESIAN_POINT('',(-17.1699820912985,-5.02675519682506,10.9981798282199));
#3074=CARTESIAN_POINT('',(-16.8497631628772,-5.87787264305747,14.3917033663839));
#3075=CARTESIAN_POINT('',(-16.64755995806,-6.42459841402021,17.5592020218558));
#3076=CARTESIAN_POINT('',(-16.449465662861,-6.94029223924163,21.6068663982231));
#3077=CARTESIAN_POINT('',(-16.1629940673215,-7.58322887095788,26.18470048292));
#3078=CARTESIAN_POINT('',(-15.799842190671,-8.30595802562428,31.0136512547359));
#3079=CARTESIAN_POINT('',(-15.5168407365599,-8.82624678347766,35.8419092328374));
#3080=CARTESIAN_POINT('',(-15.2802075912252,-9.22304668939124,40.7287250655771));
#3081=CARTESIAN_POINT('',(-15.0055381125622,-9.66531428442988,45.5948906286069));
#3082=CARTESIAN_POINT('',(-14.7544766654318,-10.0522037520308,50.2112878830671));
#3083=CARTESIAN_POINT('',(-14.3743557441233,-10.5764967201892,54.2706644684008));
#3084=CARTESIAN_POINT('',(-14.0911207853171,-10.9536980278931,57.469827350594));
#3085=CARTESIAN_POINT('',(-13.951805558688,-11.1345340460402,60.1597360432149));
#3086=CARTESIAN_POINT('',(-13.8335690239664,-11.2793617362585,62.8803295899281));
#3087=CARTESIAN_POINT('',(-13.611398359439,-11.5406780500898,66.1633618368053));
#3088=CARTESIAN_POINT('',(-13.2587573938592,-11.9507788912197,70.1828181044112));
#3089=CARTESIAN_POINT('',(-13.1460310627118,-12.0711100607097,74.7716641099029));
#3090=CARTESIAN_POINT('',(-13.1473947179823,-12.0679437203613,79.6718249851457));
#3091=CARTESIAN_POINT('',(-13.158554979212,-12.0572505832247,84.5740435196414));
#3092=CARTESIAN_POINT('',(-13.1519519976056,-12.0637215946224,90.0209195301653));
#3093=CARTESIAN_POINT('',(-13.1561144284647,-12.0596308504153,97.6446120362848));
#3094=CARTESIAN_POINT('',(-13.152140669322,-12.0635354809024,109.082883763869));
#3095=CARTESIAN_POINT('',(-13.1559200423897,-12.0598207882168,131.411325671286));
#3096=CARTESIAN_POINT('',(-13.153131789557,-12.062561366537,149.929329107995));
#3097=CARTESIAN_POINT('',(-13.1541169061083,-12.0615930749077,162.999999999987));
#3098=CARTESIAN_POINT('',(-16.4951421405589,-3.74650349503508,7.0999169966417));
#3099=CARTESIAN_POINT('',(-16.4808287282202,-4.14219021150121,8.64975394287432));
#3100=CARTESIAN_POINT('',(-16.2992180563898,-4.80759723280479,10.9913489445773));
#3101=CARTESIAN_POINT('',(-15.9933093135948,-5.61572500774498,14.3863285725101));
#3102=CARTESIAN_POINT('',(-15.8000591917354,-6.13496409232775,17.555801224414));
#3103=CARTESIAN_POINT('',(-15.6109034832829,-6.62436894635854,21.6033090087812));
#3104=CARTESIAN_POINT('',(-15.337564558697,-7.23445570512847,26.1807830437773));
#3105=CARTESIAN_POINT('',(-14.9912101151435,-7.92024219235942,31.0097919025701));
#3106=CARTESIAN_POINT('',(-14.7212893329316,-8.41405241516914,35.8396224460513));
#3107=CARTESIAN_POINT('',(-14.4957679100247,-8.7904452069537,40.7260934052937));
#3108=CARTESIAN_POINT('',(-14.2339956575001,-9.21001298387451,45.592467675498));
#3109=CARTESIAN_POINT('',(-13.9947873334245,-9.57696946457315,50.2083312847321));
#3110=CARTESIAN_POINT('',(-13.632821949683,-10.0740681436841,54.2664057942762));
#3111=CARTESIAN_POINT('',(-13.3629279965839,-10.4319643975643,57.4670006772137));
#3112=CARTESIAN_POINT('',(-13.2301905420174,-10.6035251467496,60.157991586806));
#3113=CARTESIAN_POINT('',(-13.1176030700852,-10.7408511052949,62.8784393661906));
#3114=CARTESIAN_POINT('',(-12.9061697303998,-10.9884961688522,66.1598263701164));
#3115=CARTESIAN_POINT('',(-12.5703087652706,-11.3774593243979,70.1806236362334));
#3116=CARTESIAN_POINT('',(-12.4629394451488,-11.4915957781759,74.7715777170708));
#3117=CARTESIAN_POINT('',(-12.464255593364,-11.4885754941691,79.6719269004321));
#3118=CARTESIAN_POINT('',(-12.4748726088607,-11.4784455766203,84.5740247227851));
#3119=CARTESIAN_POINT('',(-12.4685895603016,-11.4845773757706,90.0209117248665));
#3120=CARTESIAN_POINT('',(-12.4725504264525,-11.4807009442121,97.6446296347273));
#3121=CARTESIAN_POINT('',(-12.4687691021659,-11.4844010055037,109.082867130281));
#3122=CARTESIAN_POINT('',(-12.472365464759,-11.480880919152,131.411340818437));
#3123=CARTESIAN_POINT('',(-12.4697122284617,-11.4834779238352,149.929320855779));
#3124=CARTESIAN_POINT('',(-12.4706496425543,-11.4825603589112,162.99999999998));
#3125=CARTESIAN_POINT('',(-15.6162363868094,-3.58398351717203,7.09376925979806));
#3126=CARTESIAN_POINT('',(-15.6018364590202,-3.95876082412544,8.64317449912201));
#3127=CARTESIAN_POINT('',(-15.4284224783718,-4.58856308271189,10.9843968505302));
#3128=CARTESIAN_POINT('',(-15.1368312386134,-5.35365484204414,14.3809044222123));
#3129=CARTESIAN_POINT('',(-14.9525480119735,-5.84535916705925,17.5523915983749));
#3130=CARTESIAN_POINT('',(-14.7723280745813,-6.30848150927185,21.5997350284885));
#3131=CARTESIAN_POINT('',(-14.5121175934586,-6.88572405017141,26.1768451591128));
#3132=CARTESIAN_POINT('',(-14.1825594821446,-7.53456474408229,31.0059145027238));
#3133=CARTESIAN_POINT('',(-13.9257311594078,-8.00187081289331,35.8373329478702));
#3134=CARTESIAN_POINT('',(-13.7113182747347,-8.35786195586291,40.7234555273186));
#3135=CARTESIAN_POINT('',(-13.4624441839192,-8.75472676080301,45.5900398789946));
#3136=CARTESIAN_POINT('',(-13.235085242551,-9.1017563978354,50.2053674803663));
#3137=CARTESIAN_POINT('',(-12.891258859113,-9.57168250160146,54.2621226855563));
#3138=CARTESIAN_POINT('',(-12.6347223408745,-9.91024848514483,57.4641683788961));
#3139=CARTESIAN_POINT('',(-12.5085701501585,-10.0725235297422,60.1562453188898));
#3140=CARTESIAN_POINT('',(-12.4016312150484,-10.2023484273171,62.8765475891675));
#3141=CARTESIAN_POINT('',(-12.2009199956105,-10.4363414892287,66.1562787515263));
#3142=CARTESIAN_POINT('',(-11.8818527002685,-10.8041482314645,70.1784277492159));
#3143=CARTESIAN_POINT('',(-11.7798493964653,-10.9120797326939,74.7714916922502));
#3144=CARTESIAN_POINT('',(-11.7811160405954,-10.9092077495303,79.6720287172136));
#3145=CARTESIAN_POINT('',(-11.7911903526471,-10.8996404416406,84.574005952184));
#3146=CARTESIAN_POINT('',(-11.7852270786451,-10.9054332068147,90.02090390941));
#3147=CARTESIAN_POINT('',(-11.7889864672257,-10.9017709898804,97.644647242988));
#3148=CARTESIAN_POINT('',(-11.785397493913,-10.905266576334,109.082850487262));
#3149=CARTESIAN_POINT('',(-11.7888109246051,-10.9019410079302,131.411355974188));
#3150=CARTESIAN_POINT('',(-11.7862926469245,-10.9043945041281,149.929312598873));
#3151=CARTESIAN_POINT('',(-11.7871823790004,-10.9035276429146,162.999999999973));
#3152=CARTESIAN_POINT('',(-18.2046112038886,-4.32243047640052,8.));
#3153=CARTESIAN_POINT('',(-17.4237275468614,-4.16848903235839,8.));
#3154=CARTESIAN_POINT('',(-16.6428633463168,-4.01444895964754,8.));
#3155=CARTESIAN_POINT('',(-15.8620191996122,-3.86030723014803,8.));
#3156=CARTESIAN_POINT('',(-15.8620191996122,-3.86030723014803,8.));
#3157=CARTESIAN_POINT('',(-15.8620191996122,-3.86030723014804,8.00000000000001));
#3158=CARTESIAN_POINT('',(-15.7340728898829,-4.38603917334574,10.1176515736604));
#3159=CARTESIAN_POINT('',(-15.3658648997546,-5.56895767013843,14.3225072095952));
#3160=CARTESIAN_POINT('',(-15.0662047602672,-6.296225754816,20.8401980861843));
#3161=CARTESIAN_POINT('',(-14.6872278799169,-7.1523037741903,27.3290935485887));
#3162=CARTESIAN_POINT('',(-14.2448843782338,-7.98556967607692,33.8210621171257));
#3163=CARTESIAN_POINT('',(-13.9637378223019,-8.46190413604854,40.3812402185816));
#3164=CARTESIAN_POINT('',(-13.6452602205626,-8.96997721183251,46.9279492954448));
#3165=CARTESIAN_POINT('',(-13.2075436910064,-9.60964930387193,53.4644251361081));
#3166=CARTESIAN_POINT('',(-12.8312358666287,-10.0940383916213,57.8174489570265));
#3167=CARTESIAN_POINT('',(-12.7330813380331,-10.2163723815762,59.9999999999999));
#3168=CARTESIAN_POINT('',(-12.7330813380331,-10.2163723815762,60.));
#3169=CARTESIAN_POINT('',(-12.7330813380331,-10.2163723815762,60.));
#3170=CARTESIAN_POINT('',(-12.9818596669275,-10.3989791056967,60.));
#3171=CARTESIAN_POINT('',(-13.2306388104795,-10.5815847199769,60.));
#3172=CARTESIAN_POINT('',(-13.4794187683615,-10.7641892247928,60.));
#3173=CARTESIAN_POINT('',(15.4206837155037,3.05092424461858,8.));
#3174=CARTESIAN_POINT('',(0.,0.,8.));
#3175=CARTESIAN_POINT('',(-16.129540728019,-2.51863870040454,8.));
#3176=CARTESIAN_POINT('',(-16.129540728019,-2.51863870040454,8.));
#3177=CARTESIAN_POINT('',(-16.9086635918362,-2.67556218739532,8.));
#3178=CARTESIAN_POINT('',(-17.6877653291491,-2.832590494955,8.));
#3179=CARTESIAN_POINT('',(-18.4668464961784,-2.98972086335776,8.));
#3180=CARTESIAN_POINT('',(-15.899253784573,-2.44151237535382,7.87925550283565));
#3181=CARTESIAN_POINT('',(-15.8830323043416,-2.82401885817841,9.40800922732247));
#3182=CARTESIAN_POINT('',(-15.7315602978149,-3.46831430997162,11.7351312721464));
#3183=CARTESIAN_POINT('',(-15.5246414416436,-4.18974953664344,15.2042594716795));
#3184=CARTESIAN_POINT('',(-15.401281915351,-4.64170563257709,18.4276726488854));
#3185=CARTESIAN_POINT('',(-15.2538770777361,-5.12222592312018,22.4360662362535));
#3186=CARTESIAN_POINT('',(-15.0368192388246,-5.72570705485757,26.9651838399537));
#3187=CARTESIAN_POINT('',(-14.7651996151674,-6.38868782950609,31.7724248611467));
#3188=CARTESIAN_POINT('',(-14.5656879443003,-6.83263393017167,36.6333846449563));
#3189=CARTESIAN_POINT('',(-14.3769115212318,-7.21446060599299,41.4676564862813));
#3190=CARTESIAN_POINT('',(-14.1677045282788,-7.62184759565472,46.3128689953829));
#3191=CARTESIAN_POINT('',(-13.9597795475571,-8.00092867139357,50.8650759293917));
#3192=CARTESIAN_POINT('',(-13.6431781048348,-8.51815423480792,54.8470291882063));
#3193=CARTESIAN_POINT('',(-13.4387453574987,-8.84205547606914,58.0957761442563));
#3194=CARTESIAN_POINT('',(-13.3377355934965,-8.99599829206297,60.8039608108535));
#3195=CARTESIAN_POINT('',(-13.2374645758912,-9.13956022781152,63.4929930687408));
#3196=CARTESIAN_POINT('',(-13.038931654547,-9.41618266774394,66.6890477270864));
#3197=CARTESIAN_POINT('',(-12.7744067095402,-9.77954807656909,70.7480829315843));
#3198=CARTESIAN_POINT('',(-12.705596029512,-9.86344390927873,75.379816965896));
#3199=CARTESIAN_POINT('',(-12.7096354474166,-9.85801447887775,80.2511437036001));
#3200=CARTESIAN_POINT('',(-12.7168225827649,-9.84968864088419,85.1148902206216));
#3201=CARTESIAN_POINT('',(-12.711809655786,-9.85556655930776,90.5249746650096));
#3202=CARTESIAN_POINT('',(-12.7153092636082,-9.85145547278267,98.0965119649671));
#3203=CARTESIAN_POINT('',(-12.7118704211559,-9.85549570787302,109.454958581895));
#3204=CARTESIAN_POINT('',(-12.7151354604543,-9.85165932838508,131.629897051031));
#3205=CARTESIAN_POINT('',(-12.7127281339991,-9.85448791067887,150.019431924986));
#3206=CARTESIAN_POINT('',(-12.713577827627,-9.85348952957452,163.000000000043));
#3207=CARTESIAN_POINT('',(-16.8106244581717,-2.62156250522415,7.87262967151896));
#3208=CARTESIAN_POINT('',(-16.7925179135075,-3.02607382972111,9.40105761050993));
#3209=CARTESIAN_POINT('',(-16.6307401389288,-3.70714478852756,11.7280672414003));
#3210=CARTESIAN_POINT('',(-16.4099930924841,-4.47013229341816,15.1994560940233));
#3211=CARTESIAN_POINT('',(-16.2783321240254,-4.9480381442678,18.4242131181635));
#3212=CARTESIAN_POINT('',(-16.1212305019218,-5.45588225330885,22.432262365255));
#3213=CARTESIAN_POINT('',(-15.8901650757265,-6.0935815054632,26.960986662794));
#3214=CARTESIAN_POINT('',(-15.6011918214095,-6.79420909768836,31.7686908053193));
#3215=CARTESIAN_POINT('',(-15.3889910304975,-7.26341260726991,36.6310917368602));
#3216=CARTESIAN_POINT('',(-15.1883911982984,-7.66674382903586,41.464848715111));
#3217=CARTESIAN_POINT('',(-14.9660713511882,-8.09715314346297,46.3104430419244));
#3218=CARTESIAN_POINT('',(-14.7452490760996,-8.49749093157739,50.861631032021));
#3219=CARTESIAN_POINT('',(-14.4091563635809,-9.0436668457144,54.8426268328614));
#3220=CARTESIAN_POINT('',(-14.1919886478202,-9.38594455916795,58.0933344447503));
#3221=CARTESIAN_POINT('',(-14.0847410591754,-9.54854947576099,60.8022064185028));
#3222=CARTESIAN_POINT('',(-13.9783424046206,-9.70011632121656,63.4907152105891));
#3223=CARTESIAN_POINT('',(-13.7677523876521,-9.99207495946244,66.6853108779862));
#3224=CARTESIAN_POINT('',(-13.4869258997877,-10.3759197227886,70.7463292736291));
#3225=CARTESIAN_POINT('',(-13.4139157067748,-10.4645031924568,75.3797603151717));
#3226=CARTESIAN_POINT('',(-13.4182065101961,-10.4587659415142,80.2512694013322));
#3227=CARTESIAN_POINT('',(-13.425827282367,-10.4499798383293,85.1148505060694));
#3228=CARTESIAN_POINT('',(-13.4205111495841,-10.4561834557038,90.5249802266119));
#3229=CARTESIAN_POINT('',(-13.4242225109744,-10.4518444910141,98.0965149724426));
#3230=CARTESIAN_POINT('',(-13.4205755857582,-10.4561086830224,109.454956163472));
#3231=CARTESIAN_POINT('',(-13.424038194708,-10.4520596430433,131.629899239838));
#3232=CARTESIAN_POINT('',(-13.4214851993169,-10.4550450210555,150.019430733268));
#3233=CARTESIAN_POINT('',(-13.4223863084787,-10.4539912970699,163.000000000049));
#3234=CARTESIAN_POINT('',(-17.7220184030587,-2.80149593117718,7.86610540557825));
#3235=CARTESIAN_POINT('',(-17.7020313468398,-3.22800254156525,9.39423155930669));
#3236=CARTESIAN_POINT('',(-17.5299549724493,-3.94584868318863,11.7211179696843));
#3237=CARTESIAN_POINT('',(-17.2953646885072,-4.75045410614092,15.194682571526));
#3238=CARTESIAN_POINT('',(-17.1553937818207,-5.25433796118674,18.4207681549311));
#3239=CARTESIAN_POINT('',(-16.9885989446778,-5.78949917193495,22.4284754803495));
#3240=CARTESIAN_POINT('',(-16.7435312266375,-6.46140891140649,26.9568139623781));
#3241=CARTESIAN_POINT('',(-16.4372015814898,-7.19969493923015,31.7649718575462));
#3242=CARTESIAN_POINT('',(-16.2123009940005,-7.6941782647312,36.62880178069));
#3243=CARTESIAN_POINT('',(-15.9998822876188,-8.11900651401377,41.4620481719548));
#3244=CARTESIAN_POINT('',(-15.7644468439292,-8.57244422512396,46.3080209495951));
#3245=CARTESIAN_POINT('',(-15.5307367431512,-8.99402371430691,50.8581990868613));
#3246=CARTESIAN_POINT('',(-15.1751649440128,-9.56913587036611,54.8382477737458));
#3247=CARTESIAN_POINT('',(-14.9452413893381,-9.92982076084975,58.0908956775208));
#3248=CARTESIAN_POINT('',(-14.831752140081,-10.1010930648063,60.8004540446737));
#3249=CARTESIAN_POINT('',(-14.7192288593601,-10.2606608781261,63.4884402053886));
#3250=CARTESIAN_POINT('',(-14.4965972818949,-10.5679365208741,66.6815885881256));
#3251=CARTESIAN_POINT('',(-14.1994483406609,-10.9722880023427,70.7445742776012));
#3252=CARTESIAN_POINT('',(-14.1222347789959,-11.0655630538794,75.3797040678118));
#3253=CARTESIAN_POINT('',(-14.1267777493206,-11.0595172324176,80.2513949908678));
#3254=CARTESIAN_POINT('',(-14.1348319350378,-11.0502710814634,85.1148108203553));
#3255=CARTESIAN_POINT('',(-14.1292126616117,-11.0568003343377,90.5249857770576));
#3256=CARTESIAN_POINT('',(-14.1331357407811,-11.0522335263422,98.0965179907012));
#3257=CARTESIAN_POINT('',(-14.1292807672268,-11.0567216417502,109.45495373469));
#3258=CARTESIAN_POINT('',(-14.132940913581,-11.0524599726768,131.62990143809));
#3259=CARTESIAN_POINT('',(-14.1302422730239,-11.0556021232638,150.019429536398));
#3260=CARTESIAN_POINT('',(-14.1311947893304,-11.0544930645653,163.000000000054));
#3261=CARTESIAN_POINT('',(-18.6334331932199,-2.98132481950806,7.85969406957285));
#3262=CARTESIAN_POINT('',(-18.6115690935325,-3.42982092755199,9.38754341291999));
#3263=CARTESIAN_POINT('',(-18.4292009843623,-4.18443938349375,11.71429630018));
#3264=CARTESIAN_POINT('',(-18.1807555028782,-5.03071701855582,15.1899437389272));
#3265=CARTESIAN_POINT('',(-18.0324665271382,-5.56060622713645,18.4173397582184));
#3266=CARTESIAN_POINT('',(-17.8559819887299,-6.1230777439766,22.4247083095411));
#3267=CARTESIAN_POINT('',(-17.596916905113,-6.82919110504052,26.95266935927));
#3268=CARTESIAN_POINT('',(-17.2732284451139,-7.60514623763482,31.7612704152645));
#3269=CARTESIAN_POINT('',(-17.035617795446,-8.12493097779921,36.6265152855061));
#3270=CARTESIAN_POINT('',(-16.8113845933211,-8.57124901385953,41.4592560285085));
#3271=CARTESIAN_POINT('',(-16.5628309316052,-9.04772096205433,46.305603377864));
#3272=CARTESIAN_POINT('',(-16.3162421076495,-9.49052775333517,50.8547821303705));
#3273=CARTESIAN_POINT('',(-15.9412028608782,-10.0945627169006,54.8338955961514));
#3274=CARTESIAN_POINT('',(-15.6985035507818,-10.4736841175525,58.0884603708434));
#3275=CARTESIAN_POINT('',(-15.578768780138,-10.653629135865,60.7987040192463));
#3276=CARTESIAN_POINT('',(-15.4601238921435,-10.8211939651845,63.486168545811));
#3277=CARTESIAN_POINT('',(-15.2254657622405,-11.1437680864905,66.6778831693532));
#3278=CARTESIAN_POINT('',(-14.9119741436235,-11.5686527662386,70.7428177682985));
#3279=CARTESIAN_POINT('',(-14.830553213974,-11.6666235365789,75.3796482773724));
#3280=CARTESIAN_POINT('',(-14.8353491734153,-11.6602683400623,80.2515204578357));
#3281=CARTESIAN_POINT('',(-14.8438365384786,-11.6505623733587,85.1147711673108));
#3282=CARTESIAN_POINT('',(-14.8379141927582,-11.6574171940209,90.5249913148651));
#3283=CARTESIAN_POINT('',(-14.8420489521688,-11.652622579916,98.0965210211764));
#3284=CARTESIAN_POINT('',(-14.8379859663874,-11.6573345829527,109.454951294175));
#3285=CARTESIAN_POINT('',(-14.8418436163205,-11.6528603182918,131.629903647044));
#3286=CARTESIAN_POINT('',(-14.8389993555312,-11.6561592167549,150.019428333692));
#3287=CARTESIAN_POINT('',(-14.8400032701822,-11.6549948320607,163.00000000006));
#3288=CARTESIAN_POINT('',(-16.129540728019,-2.51863870040454,7.99999999999999));
#3289=CARTESIAN_POINT('',(-16.0465564589673,-3.0500758403326,10.1138764527641));
#3290=CARTESIAN_POINT('',(-15.7810581647705,-4.25034411924274,14.3122599049729));
#3291=CARTESIAN_POINT('',(-15.5491663755658,-4.98568086748368,20.8321796375345));
#3292=CARTESIAN_POINT('',(-15.2419014490932,-5.87858007450614,27.3181064475379));
#3293=CARTESIAN_POINT('',(-14.8741702219881,-6.74057414690615,33.8124634685504));
#3294=CARTESIAN_POINT('',(-14.6394676070397,-7.23114210648816,40.3754218985961));
#3295=CARTESIAN_POINT('',(-14.396263997425,-7.70245320979262,45.8311876244818));
#3296=CARTESIAN_POINT('',(-14.1900891612084,-8.07442519243464,50.1951092452217));
#3297=CARTESIAN_POINT('',(-13.8796602431073,-8.60488957850778,54.5492162316639));
#3298=CARTESIAN_POINT('',(-13.6471013473452,-8.96027521643124,57.8167194347894));
#3299=CARTESIAN_POINT('',(-13.5603371714147,-9.08971291062307,60.));
#3300=CARTESIAN_POINT('',(-13.560337171415,-9.08971291062324,60.));
#3301=CARTESIAN_POINT('',(-14.3064981790527,-9.63776996264109,60.));
#3302=CARTESIAN_POINT('',(-14.0577786427553,-9.45508319004241,60.));
#3303=CARTESIAN_POINT('',(-13.8090583072323,-9.27239750553125,60.));
#3304=CARTESIAN_POINT('',(-13.560337171415,-9.08971291062324,60.));
#3305=CARTESIAN_POINT('',(0.,0.,60.));
#3306=CARTESIAN_POINT('',(15.2437081911533,5.84251534725979,60.));
#3307=CARTESIAN_POINT('',(15.5317693486885,5.95247169527157,60.));
#3308=CARTESIAN_POINT('',(15.8198386486723,6.06240672667164,60.));
#3309=CARTESIAN_POINT('',(16.1079160030516,6.17232063640853,60.));
#3310=CARTESIAN_POINT('',(15.2437081911533,5.84251534725979,60.));
#3311=CARTESIAN_POINT('',(0.,0.,60.));
#3312=CARTESIAN_POINT('',(21.414357823372,-2.260665010525,7.44340244990919));
#3313=CARTESIAN_POINT('',(21.3667402600158,-1.91825797016947,7.83408792514924));
#3314=CARTESIAN_POINT('',(21.2994549443835,-1.43481053484836,8.38408048713497));
#3315=CARTESIAN_POINT('',(21.2169245809322,-0.831700430045266,9.06704783619461));
#3316=CARTESIAN_POINT('',(21.1695899947485,-0.490924102426655,9.45212205389801));
#3317=CARTESIAN_POINT('',(21.1306820061764,-0.197850943725686,9.78251418941245));
#3318=CARTESIAN_POINT('',(21.094121002596,0.0389385964682276,10.0494736376609));
#3319=CARTESIAN_POINT('',(21.0582001098905,0.17056126617104,10.2072134291853));
#3320=CARTESIAN_POINT('',(21.0263233236082,0.273390036462977,10.3457914871147));
#3321=CARTESIAN_POINT('',(20.9982947517463,0.381010551703115,10.5127115746963));
#3322=CARTESIAN_POINT('',(20.9736155511899,0.498576172318035,10.7371549003482));
#3323=CARTESIAN_POINT('',(20.9619701512001,0.62437511866953,11.0622272632425));
#3324=CARTESIAN_POINT('',(20.9690457393136,0.751183974874728,11.5994612883656));
#3325=CARTESIAN_POINT('',(20.9918295494626,0.843828881629912,12.4496844562304));
#3326=CARTESIAN_POINT('',(21.0199900148652,0.894590234800103,13.6233885653896));
#3327=CARTESIAN_POINT('',(21.035569912576,1.00510940709932,15.1182608605668));
#3328=CARTESIAN_POINT('',(21.0307441744039,1.23761429190884,16.6892985813935));
#3329=CARTESIAN_POINT('',(21.0041419394719,1.5928675331985,18.4750607039154));
#3330=CARTESIAN_POINT('',(20.9509424276654,2.07970434879237,20.5483930581877));
#3331=CARTESIAN_POINT('',(20.8938943916224,2.54041080284255,22.7024834390422));
#3332=CARTESIAN_POINT('',(20.8440336433819,2.92609789209867,25.0119542685543));
#3333=CARTESIAN_POINT('',(20.8086045013061,3.18821065687985,27.2646946895314));
#3334=CARTESIAN_POINT('',(20.7866051941252,3.3423206069501,29.6375866946889));
#3335=CARTESIAN_POINT('',(20.7608036997311,3.49067158716213,32.1831367536947));
#3336=CARTESIAN_POINT('',(20.7084337465422,3.77141794320817,34.8639982382028));
#3337=CARTESIAN_POINT('',(20.6358395330276,4.14661366447089,37.4021754870726));
#3338=CARTESIAN_POINT('',(20.5622063469686,4.51429326086641,39.8116360156161));
#3339=CARTESIAN_POINT('',(20.4903206800656,4.84887482002445,42.2667604945055));
#3340=CARTESIAN_POINT('',(20.3944260891706,5.23544790528645,44.8409263148048));
#3341=CARTESIAN_POINT('',(20.2472020202848,5.75336100534892,47.3582183741683));
#3342=CARTESIAN_POINT('',(20.1043407843856,6.22327377368446,49.3695318247769));
#3343=CARTESIAN_POINT('',(19.9961190762616,6.57117885078426,51.0201420759178));
#3344=CARTESIAN_POINT('',(19.9176592099025,6.82008031112811,52.5400820783046));
#3345=CARTESIAN_POINT('',(19.8559926381928,7.00499971703333,54.423414622852));
#3346=CARTESIAN_POINT('',(19.7968266149552,7.16183840315987,56.7563236538454));
#3347=CARTESIAN_POINT('',(19.6942413628895,7.43109296577037,59.4455605631366));
#3348=CARTESIAN_POINT('',(19.5298496021649,7.85863503849115,62.3017595536505));
#3349=CARTESIAN_POINT('',(19.3103026786054,8.39101328397975,65.3536613520893));
#3350=CARTESIAN_POINT('',(19.0650581214403,8.92413347975443,68.5256846402995));
#3351=CARTESIAN_POINT('',(18.9281427226998,9.21437825970227,71.4270978991385));
#3352=CARTESIAN_POINT('',(18.8960489863621,9.2783230448314,74.8083117274092));
#3353=CARTESIAN_POINT('',(18.9014234185895,9.26430285453572,78.9683175687364));
#3354=CARTESIAN_POINT('',(18.9008992046758,9.26770487751662,83.6409455646862));
#3355=CARTESIAN_POINT('',(18.9008198170056,9.26690387623219,89.1567408624966));
#3356=CARTESIAN_POINT('',(18.9008168741364,9.26732821402738,95.7667682282528));
#3357=CARTESIAN_POINT('',(18.9008397677298,9.26706817653542,104.034735781318));
#3358=CARTESIAN_POINT('',(18.9008370001652,9.26715889051533,114.504633897194));
#3359=CARTESIAN_POINT('',(18.9008335457421,9.26709725020793,134.344054654014));
#3360=CARTESIAN_POINT('',(18.9008414703186,9.26715670158499,150.875993011141));
#3361=CARTESIAN_POINT('',(18.9008378290475,9.267132234957,162.99999999917));
#3362=CARTESIAN_POINT('',(19.7223098147031,-2.10228726954566,7.3351570891822));
#3363=CARTESIAN_POINT('',(19.6786601530576,-1.78760178650195,7.72635965608964));
#3364=CARTESIAN_POINT('',(19.6170540043326,-1.34320932606959,8.27700024234271));
#3365=CARTESIAN_POINT('',(19.5415920795053,-0.788412056712626,8.96088674678632));
#3366=CARTESIAN_POINT('',(19.4983274165129,-0.474969119699284,9.34634309895418));
#3367=CARTESIAN_POINT('',(19.4627933547991,-0.205099721686171,9.67732575982466));
#3368=CARTESIAN_POINT('',(19.4293603594641,0.0122480073148811,9.94395515117859));
#3369=CARTESIAN_POINT('',(19.3964890068996,0.131341154683902,10.0994130478496));
#3370=CARTESIAN_POINT('',(19.3674218151798,0.225453964073848,10.2373313001756));
#3371=CARTESIAN_POINT('',(19.3419405282168,0.326216151688608,10.4068547427202));
#3372=CARTESIAN_POINT('',(19.3195269819568,0.439734655257874,10.6410363366815));
#3373=CARTESIAN_POINT('',(19.3088642250372,0.564613361457122,10.988913652053));
#3374=CARTESIAN_POINT('',(19.3151999283709,0.688880124054377,11.5599280621433));
#3375=CARTESIAN_POINT('',(19.3361049979696,0.776383801861019,12.434660489119));
#3376=CARTESIAN_POINT('',(19.3620196053964,0.823766844666419,13.6130867582968));
#3377=CARTESIAN_POINT('',(19.3764208139563,0.924432814428966,15.0870796542781));
#3378=CARTESIAN_POINT('',(19.3721160364146,1.1362312257923,16.6423977351101));
#3379=CARTESIAN_POINT('',(19.3478319276773,1.46116133085352,18.4171433436329));
#3380=CARTESIAN_POINT('',(19.2990635846864,1.90880471986972,20.487833958205));
#3381=CARTESIAN_POINT('',(19.2464193375217,2.33547380007563,22.652585772753));
#3382=CARTESIAN_POINT('',(19.2003185668546,2.69257116754283,24.9726448570585));
#3383=CARTESIAN_POINT('',(19.1674276267755,2.93590508964543,27.2415519052816));
#3384=CARTESIAN_POINT('',(19.14709550287,3.07829540780706,29.6225383784473));
#3385=CARTESIAN_POINT('',(19.1233673360133,3.21471361389889,32.1626715037968));
#3386=CARTESIAN_POINT('',(19.0754428266027,3.4715859336856,34.8273126333834));
#3387=CARTESIAN_POINT('',(19.0088135176554,3.81624764339913,37.3598754870836));
#3388=CARTESIAN_POINT('',(18.9409148969055,4.15556607359555,39.7730610041056));
#3389=CARTESIAN_POINT('',(18.8747107430634,4.46388366138078,42.2287638043271));
#3390=CARTESIAN_POINT('',(18.7867195240346,4.81873431738133,44.7940932230116));
#3391=CARTESIAN_POINT('',(18.6520787396202,5.29268557795948,47.2967382433806));
#3392=CARTESIAN_POINT('',(18.5206200864783,5.72574405150312,49.3092228003228));
#3393=CARTESIAN_POINT('',(18.4205057051844,6.04795942856479,50.9671274567875));
#3394=CARTESIAN_POINT('',(18.3472765248291,6.28026725923263,52.5050206180497));
#3395=CARTESIAN_POINT('',(18.2900863234936,6.45172206773969,54.4018267068543));
#3396=CARTESIAN_POINT('',(18.2355634279149,6.59626616621822,56.7351942471066));
#3397=CARTESIAN_POINT('',(18.1417037190885,6.84260131108923,59.4077648903234));
#3398=CARTESIAN_POINT('',(17.9909068978628,7.23498278867341,62.2548330084492));
#3399=CARTESIAN_POINT('',(17.7891048311197,7.72468350991193,65.3026626241907));
#3400=CARTESIAN_POINT('',(17.5626619204001,8.21731207482654,68.4812543616954));
#3401=CARTESIAN_POINT('',(17.4351572236439,8.48759775687813,71.4122342515236));
#3402=CARTESIAN_POINT('',(17.4056129919003,8.54643899008308,74.8096930426529));
#3403=CARTESIAN_POINT('',(17.4105434925907,8.53357731832904,78.9678267475048));
#3404=CARTESIAN_POINT('',(17.4100641215362,8.53669986104496,83.6411370773803));
#3405=CARTESIAN_POINT('',(17.4099905267826,8.53596423788643,89.1566338195314));
#3406=CARTESIAN_POINT('',(17.409988142595,8.53635384746381,95.7668563691628));
#3407=CARTESIAN_POINT('',(17.4100089934022,8.53611513609534,104.034704515658));
#3408=CARTESIAN_POINT('',(17.410006517697,8.53619842142904,114.504646592983));
#3409=CARTESIAN_POINT('',(17.4100032950856,8.53614181769658,134.344035289601));
#3410=CARTESIAN_POINT('',(17.4100106257877,8.53619642099746,150.876006881521));
#3411=CARTESIAN_POINT('',(17.4100072595569,8.53617394875052,162.999999999131));
#3412=CARTESIAN_POINT('',(18.029782896356,-1.94713500192117,7.21002733742868));
#3413=CARTESIAN_POINT('',(17.9901347149698,-1.66029960648045,7.60174061027201));
#3414=CARTESIAN_POINT('',(17.9342678124234,-1.25508886792823,8.15305706612439));
#3415=CARTESIAN_POINT('',(17.8659593248952,-0.748817048801581,8.83786944747287));
#3416=CARTESIAN_POINT('',(17.8268216194837,-0.462745000014538,9.22376170765169));
#3417=CARTESIAN_POINT('',(17.7947028620468,-0.216262643317078,9.5552918004309));
#3418=CARTESIAN_POINT('',(17.7644637677622,-0.0180331041452117,9.8218367460325));
#3419=CARTESIAN_POINT('',(17.7347377726347,0.0903839971453421,9.97650847097544));
#3420=CARTESIAN_POINT('',(17.7085316740798,0.177792700431137,10.1161743365388));
#3421=CARTESIAN_POINT('',(17.6855991140415,0.273289404070033,10.2913401287567));
#3422=CARTESIAN_POINT('',(17.6654113056496,0.383704013662294,10.5394480536447));
#3423=CARTESIAN_POINT('',(17.6557010095581,0.50686823353453,10.91400854397));
#3424=CARTESIAN_POINT('',(17.6613338782374,0.627086350459553,11.520292808747));
#3425=CARTESIAN_POINT('',(17.6803773160306,0.709017674335456,12.4196140780915));
#3426=CARTESIAN_POINT('',(17.7040480621558,0.752970854393481,13.6027903955831));
#3427=CARTESIAN_POINT('',(17.7172561104125,0.844110411982908,15.0558064849));
#3428=CARTESIAN_POINT('',(17.7134401199205,1.03573473632658,16.5950303917791));
#3429=CARTESIAN_POINT('',(17.6914296881754,1.33077307767853,18.3582501518948));
#3430=CARTESIAN_POINT('',(17.6470478098101,1.73933506619945,20.426124982427));
#3431=CARTESIAN_POINT('',(17.5988226911507,2.13152939332048,22.6021079301783));
#3432=CARTESIAN_POINT('',(17.5565164959402,2.45965618626057,24.9330765504381));
#3433=CARTESIAN_POINT('',(17.5262194471086,2.6837979621436,27.2183750215871));
#3434=CARTESIAN_POINT('',(17.5075695657748,2.81437124514766,29.6074671222022));
#3435=CARTESIAN_POINT('',(17.4859060814622,2.93890856799972,32.1421861705097));
#3436=CARTESIAN_POINT('',(17.4423577325911,3.17228614354479,34.7904183007691));
#3437=CARTESIAN_POINT('',(17.3816430221818,3.48660841486044,37.3172005498512));
#3438=CARTESIAN_POINT('',(17.3194916201023,3.79744096213209,39.7342105155324));
#3439=CARTESIAN_POINT('',(17.2589639183344,4.07947668972048,42.1904949622012));
#3440=CARTESIAN_POINT('',(17.1788007226909,4.40287303486346,44.7468125513837));
#3441=CARTESIAN_POINT('',(17.0565624495161,4.83342663002416,47.2340743346795));
#3442=CARTESIAN_POINT('',(16.936481678422,5.22958069417038,49.2477595843229));
#3443=CARTESIAN_POINT('',(16.8445451238411,5.52580021830777,50.9134087240479));
#3444=CARTESIAN_POINT('',(16.7767389767514,5.74089986992409,52.4698290276014));
#3445=CARTESIAN_POINT('',(16.7241147010106,5.89862963907302,54.3801811185592));
#3446=CARTESIAN_POINT('',(16.6742416287637,6.03085804807927,56.7140379282622));
#3447=CARTESIAN_POINT('',(16.5889681889676,6.25464241541486,59.3697455616649));
#3448=CARTESIAN_POINT('',(16.4516331635357,6.61216555704779,62.2074028192071));
#3449=CARTESIAN_POINT('',(16.2674881764194,7.05932541542873,65.2509821848261));
#3450=CARTESIAN_POINT('',(16.059950864938,7.51115336270466,68.4365286530801));
#3451=CARTESIAN_POINT('',(15.9421680724978,7.7608214140004,71.3974133026168));
#3452=CARTESIAN_POINT('',(15.9151734858075,7.8145641145827,74.8110478319939));
#3453=CARTESIAN_POINT('',(15.9196648230739,7.80284849774391,78.9673454172684));
#3454=CARTESIAN_POINT('',(15.9192286778431,7.80569578693399,83.6413258680072));
#3455=CARTESIAN_POINT('',(15.9191613764313,7.80502423390816,89.1565278333092));
#3456=CARTESIAN_POINT('',(15.9191593124679,7.80537973860185,95.766943765349));
#3457=CARTESIAN_POINT('',(15.919178254194,7.80516200385377,104.034673515294));
#3458=CARTESIAN_POINT('',(15.9191760206283,7.80523799050847,114.504659178479));
#3459=CARTESIAN_POINT('',(15.9191730667589,7.80518632681589,134.344016093868));
#3460=CARTESIAN_POINT('',(15.9191797652598,7.80523618222587,150.876020631061));
#3461=CARTESIAN_POINT('',(15.9191766900663,7.80521566254408,162.999999999092));
#3462=CARTESIAN_POINT('',(16.3374905130947,-1.79040313232801,7.06387522205726));
#3463=CARTESIAN_POINT('',(16.3017968185231,-1.53157057450657,7.45600054646486));
#3464=CARTESIAN_POINT('',(16.2516153492009,-1.1657074127777,8.00793932123885));
#3465=CARTESIAN_POINT('',(16.1904066218323,-0.708233791337928,8.69353160381429));
#3466=CARTESIAN_POINT('',(16.1553745277982,-0.449604444797579,9.07990104194239));
#3467=CARTESIAN_POINT('',(16.1266476478563,-0.22672779061881,9.41178799671812));
#3468=CARTESIAN_POINT('',(16.0996108647857,-0.0473094751975967,9.67879974181476));
#3469=CARTESIAN_POINT('',(16.0730652006313,0.0520631085593218,9.8357802261066));
#3470=CARTESIAN_POINT('',(16.0497085814008,0.134093188985247,9.98120370290193));
#3471=CARTESIAN_POINT('',(16.0292758101315,0.224886082311328,10.1662035401436));
#3472=CARTESIAN_POINT('',(16.0112487547326,0.331725022583322,10.4330439692455));
#3473=CARTESIAN_POINT('',(16.0024737045076,0.451324352908651,10.8378466081495));
#3474=CARTESIAN_POINT('',(16.0074477463593,0.565804962222132,11.4805769916831));
#3475=CARTESIAN_POINT('',(16.0246463710585,0.641732061808705,12.4045504921553));
#3476=CARTESIAN_POINT('',(16.0460754185229,0.682201779004814,13.5924979589901));
#3477=CARTESIAN_POINT('',(16.0580756686174,0.764145664778977,15.0244625080364));
#3478=CARTESIAN_POINT('',(16.05471412417,0.936170057479885,16.5472977816407));
#3479=CARTESIAN_POINT('',(16.0349265442571,1.20183183458665,18.2985757964516));
#3480=CARTESIAN_POINT('',(15.9948794113335,1.5714574430374,20.3634879338231));
#3481=CARTESIAN_POINT('',(15.9510964537734,1.92863883317993,22.5511739178372));
#3482=CARTESIAN_POINT('',(15.912624490253,2.22737360927949,24.8933069370137));
#3483=CARTESIAN_POINT('',(15.8849798769315,2.43188952473448,27.1951723463199));
#3484=CARTESIAN_POINT('',(15.8680271637035,2.55054954324769,29.5923781155306));
#3485=CARTESIAN_POINT('',(15.8484199890115,2.66325616920386,32.1216857397362));
#3486=CARTESIAN_POINT('',(15.8091758417629,2.87353386335618,34.7533624361734));
#3487=CARTESIAN_POINT('',(15.7543209083353,3.15773193482469,37.2742316894215));
#3488=CARTESIAN_POINT('',(15.6979313932038,3.43994129494991,39.6951452468931));
#3489=CARTESIAN_POINT('',(15.6430744291518,3.69567812823255,42.1520130763275));
#3490=CARTESIAN_POINT('',(15.5706601764626,3.98790426191545,44.6991836526037));
#3491=CARTESIAN_POINT('',(15.4606087039181,4.37574576730222,47.1704548913798));
#3492=CARTESIAN_POINT('',(15.3518773868638,4.73494020708714,49.18536354984));
#3493=CARTESIAN_POINT('',(15.2682118461435,5.00477821722226,50.8591323756132));
#3494=CARTESIAN_POINT('',(15.2060453907355,5.20198092742914,52.4345395423461));
#3495=CARTESIAN_POINT('',(15.1580761796848,5.34572716313781,54.3584902338986));
#3496=CARTESIAN_POINT('',(15.1128612668171,5.46561386673482,56.6928614738437));
#3497=CARTESIAN_POINT('',(15.0360289942249,5.66723206320373,59.3315530717922));
#3498=CARTESIAN_POINT('',(14.9120089798283,5.99023291077457,62.1595760971991));
#3499=CARTESIAN_POINT('',(14.7454203884469,6.39501382668521,65.1987603356092));
#3500=CARTESIAN_POINT('',(14.5569154831663,6.80567671644236,68.3915745169546));
#3501=CARTESIAN_POINT('',(14.4491772558991,7.03404518292765,71.3826256323666));
#3502=CARTESIAN_POINT('',(14.4247292495461,7.08270090101673,74.8123819528481));
#3503=CARTESIAN_POINT('',(14.428787846033,7.07211550447252,78.9668714822364));
#3504=CARTESIAN_POINT('',(14.4283927485508,7.07469290995498,83.6415125376496));
#3505=CARTESIAN_POINT('',(14.4283324144957,7.07408376539181,89.1564226704799));
#3506=CARTESIAN_POINT('',(14.428330349544,7.07440595714362,95.7670305812598));
#3507=CARTESIAN_POINT('',(14.4283475622922,7.07420875498045,104.034642721642));
#3508=CARTESIAN_POINT('',(14.4283455038922,7.07427760807645,114.504671678035));
#3509=CARTESIAN_POINT('',(14.4283428685106,7.07423076177819,134.343997029567));
#3510=CARTESIAN_POINT('',(14.4283488831837,7.07427599658029,150.876034286441));
#3511=CARTESIAN_POINT('',(14.4283461205756,7.0742573763376,162.999999999053));
#3512=CARTESIAN_POINT('',(20.9585993495154,-1.7236610824159,7.99999999999999));
#3513=CARTESIAN_POINT('',(19.4012457717601,-1.52974874742851,7.99999999999999));
#3514=CARTESIAN_POINT('',(17.842715854527,-1.34536903892366,8.));
#3515=CARTESIAN_POINT('',(16.2827562859223,-1.17365784334992,8.));
#3516=CARTESIAN_POINT('',(16.2827562859223,-1.17365784334991,8.00000000000001));
#3517=CARTESIAN_POINT('',(15.2437081911533,5.84251534725979,60.));
#3518=CARTESIAN_POINT('',(15.2882592644455,5.72627713126821,58.906846372085));
#3519=CARTESIAN_POINT('',(15.3556008750178,5.54278858226834,56.7145585419961));
#3520=CARTESIAN_POINT('',(15.4080778073303,5.39558764739087,53.4107482781537));
#3521=CARTESIAN_POINT('',(15.5427527839066,5.00395286854817,50.1359818375375));
#3522=CARTESIAN_POINT('',(15.7305944221078,4.3796312451459,46.8881032522848));
#3523=CARTESIAN_POINT('',(15.8521485943665,3.90579052875234,43.6218753377991));
#3524=CARTESIAN_POINT('',(15.9578682643848,3.46094778900396,39.2448641457946));
#3525=CARTESIAN_POINT('',(16.1000223399208,2.72261269791384,33.7938821053692));
#3526=CARTESIAN_POINT('',(16.1196474561124,2.58686808858848,28.2730563034561));
#3527=CARTESIAN_POINT('',(16.1832205780692,2.16054969205274,23.8941993723062));
#3528=CARTESIAN_POINT('',(16.2446156323041,1.65484494069003,20.6318827956144));
#3529=CARTESIAN_POINT('',(16.2946969011952,1.04129733427041,17.383051678018));
#3530=CARTESIAN_POINT('',(16.3091385376056,0.723379707062849,14.6496729895338));
#3531=CARTESIAN_POINT('',(16.3115206702582,0.659486497160309,12.4470506194497));
#3532=CARTESIAN_POINT('',(16.3163081499122,0.556296116302851,11.0642797945276));
#3533=CARTESIAN_POINT('',(16.3255219998211,0.18778170948199,10.0128510790955));
#3534=CARTESIAN_POINT('',(16.3246223050912,-0.437654377686169,9.13269985967729));
#3535=CARTESIAN_POINT('',(16.3039814618882,-0.879190107854623,8.45240712827132));
#3536=CARTESIAN_POINT('',(16.2827562859223,-1.17365784335001,7.99999999999986));
#3537=CARTESIAN_POINT('',(15.4206837155037,3.05092424461858,8.));
#3538=CARTESIAN_POINT('',(0.,0.,8.));
#3539=CARTESIAN_POINT('',(15.8363718239465,-3.96420893164218,8.));
#3540=CARTESIAN_POINT('',(15.2162413735362,-3.94608964194761,8.));
#3541=CARTESIAN_POINT('',(20.8888204887173,-4.11183396918612,8.));
#3542=CARTESIAN_POINT('',(15.7836096744304,-3.96266730008489,8.));
#3543=CARTESIAN_POINT('',(15.9417036860949,-2.72634494228262,9.965419400115));
#3544=CARTESIAN_POINT('',(16.0320603498958,-3.08643660490964,14.207967032187));
#3545=CARTESIAN_POINT('',(16.1772097690992,-1.80048158951544,20.383071308161));
#3546=CARTESIAN_POINT('',(16.2459906301565,-0.993685293410186,26.571771550966));
#3547=CARTESIAN_POINT('',(16.2536387781359,-0.86042736866509,32.82283436003));
#3548=CARTESIAN_POINT('',(16.2773280201462,-0.0421598889431164,38.999566657011));
#3549=CARTESIAN_POINT('',(16.2766762446292,0.561746263387213,45.23726316295));
#3550=CARTESIAN_POINT('',(16.1696862634145,1.91543937966956,51.342072963997));
#3551=CARTESIAN_POINT('',(16.138728642402,2.09000638029386,57.627017145499));
#3552=CARTESIAN_POINT('',(16.0179017696123,2.93747521977262,63.800624057825));
#3553=CARTESIAN_POINT('',(15.8155111581643,3.84544094462577,69.966640611609));
#3554=CARTESIAN_POINT('',(15.8091924001136,3.85613670725678,76.202362586562));
#3555=CARTESIAN_POINT('',(15.8108797417356,3.85328054385834,82.399135412976));
#3556=CARTESIAN_POINT('',(15.8104276829553,3.85404574381801,88.600231665394));
#3557=CARTESIAN_POINT('',(15.8105488117405,3.85384070910652,94.799937925448));
#3558=CARTESIAN_POINT('',(15.8105163553804,3.85389564799162,101.00001663281));
#3559=CARTESIAN_POINT('',(15.8105250520361,3.85388092716158,107.19999554329));
#3560=CARTESIAN_POINT('',(15.8105227217744,3.85388487159619,113.400001194));
#3561=CARTESIAN_POINT('',(15.8105233461659,3.8538838146887,119.59999968069));
#3562=CARTESIAN_POINT('',(15.8105231788601,3.85388409788568,125.80000008321));
#3563=CARTESIAN_POINT('',(15.8105232236913,3.85388402200372,131.99999998643));
#3564=CARTESIAN_POINT('',(15.810523211674,3.85388404233379,138.19999997103));
#3565=CARTESIAN_POINT('',(15.8105232149127,3.85388403689692,144.40000012944));
#3566=CARTESIAN_POINT('',(15.8105232139751,3.85388403831429,150.59999951116));
#3567=CARTESIAN_POINT('',(15.8105232144865,3.85388403808087,156.80000182596));
#3568=CARTESIAN_POINT('',(15.8105232137467,3.85388403775952,160.93332939852));
#3569=CARTESIAN_POINT('',(15.8105232142165,3.85388403803975,163.));
#3570=CARTESIAN_POINT('',(20.8888204887173,-4.11183396918612,8.));
#3571=CARTESIAN_POINT('',(21.0119182745443,-2.48590329989899,9.965419400115));
#3572=CARTESIAN_POINT('',(21.1542759728914,-2.95026510654958,14.207967032187));
#3573=CARTESIAN_POINT('',(21.2571113696027,-1.26036297548964,20.383071308161));
#3574=CARTESIAN_POINT('',(21.2925145180534,-0.201638212097751,26.571771550966));
#3575=CARTESIAN_POINT('',(21.2935118523007,-0.0270200407991184,32.82283436003));
#3576=CARTESIAN_POINT('',(21.269228340052,1.04364814818474,38.999566657011));
#3577=CARTESIAN_POINT('',(21.2276127368636,1.8326095244295,45.23726316295));
#3578=CARTESIAN_POINT('',(20.9964548130863,3.59399213396545,51.342072963997));
#3579=CARTESIAN_POINT('',(20.9442251939732,3.81997483417221,57.627017145499));
#3580=CARTESIAN_POINT('',(20.7291597923913,4.91903976425848,63.800624057825));
#3581=CARTESIAN_POINT('',(20.4034475194233,6.09163846861054,69.966640611609));
#3582=CARTESIAN_POINT('',(20.394470070373,6.10518599735756,76.202362586562));
#3583=CARTESIAN_POINT('',(20.3968673806231,6.10156830714934,82.399135412976));
#3584=CARTESIAN_POINT('',(20.3962251128496,6.10253752914832,88.600231665394));
#3585=CARTESIAN_POINT('',(20.396397207981,6.10227782689634,94.799937925448));
#3586=CARTESIAN_POINT('',(20.396351095229,6.1023474139053,101.00001663281));
#3587=CARTESIAN_POINT('',(20.3963634511038,6.10232876812228,107.19999554329));
#3588=CARTESIAN_POINT('',(20.3963601403573,6.10233376424498,113.400001194));
#3589=CARTESIAN_POINT('',(20.3963610274688,6.10233242553807,119.59999968069));
#3590=CARTESIAN_POINT('',(20.3963607897686,6.10233278424343,125.80000008321));
#3591=CARTESIAN_POINT('',(20.3963608534607,6.10233268812989,131.99999998643));
#3592=CARTESIAN_POINT('',(20.3963608363924,6.1023327138787,138.19999997103));
#3593=CARTESIAN_POINT('',(20.3963608409724,6.10233270699517,144.40000012944));
#3594=CARTESIAN_POINT('',(20.3963608397216,6.10233270878004,150.59999951116));
#3595=CARTESIAN_POINT('',(20.3963608401451,6.10233270852408,156.80000182596));
#3596=CARTESIAN_POINT('',(20.396360839848,6.10233270801714,160.93332939852));
#3597=CARTESIAN_POINT('',(20.3963608400002,6.10233270844049,163.));
#3598=CARTESIAN_POINT('',(15.8363718239466,-3.96420893164219,8.));
#3599=CARTESIAN_POINT('',(15.9822107050834,-3.38160625153721,8.92648424430788));
#3600=CARTESIAN_POINT('',(16.082891593008,-2.78959297479333,11.0577128836783));
#3601=CARTESIAN_POINT('',(16.0734443131491,-2.87611876011542,15.4823276886468));
#3602=CARTESIAN_POINT('',(16.2556804254511,-1.67657768393804,20.8481585803091));
#3603=CARTESIAN_POINT('',(16.2961218764977,-0.949978086073838,27.3708567589502));
#3604=CARTESIAN_POINT('',(16.3075451466127,-0.808114959917497,32.8507859530857));
#3605=CARTESIAN_POINT('',(16.324474233581,-0.277184033320033,37.1927635403171));
#3606=CARTESIAN_POINT('',(16.3258244926859,0.0987205125014461,40.4514088740134));
#3607=CARTESIAN_POINT('',(16.3205811413838,0.450260489040745,43.7127246440213));
#3608=CARTESIAN_POINT('',(16.2993588563892,0.985093498366525,46.9547654571702));
#3609=CARTESIAN_POINT('',(16.2475776812561,1.61695083082758,50.1842811847715));
#3610=CARTESIAN_POINT('',(16.2061932655928,1.96831476270513,53.447783895578));
#3611=CARTESIAN_POINT('',(16.1860826026495,2.12872479532663,56.7344576811413));
#3612=CARTESIAN_POINT('',(16.1577051126171,2.33470493268133,58.9134985430807));
#3613=CARTESIAN_POINT('',(16.1382389927001,2.46228901928552,59.9999999997235));
#3614=CARTESIAN_POINT('',(16.1382389887877,2.46228901657837,60.));
#3615=CARTESIAN_POINT('',(20.8540525233819,4.27764009235236,60.));
#3616=CARTESIAN_POINT('',(19.6718997456009,3.82257071785893,60.));
#3617=CARTESIAN_POINT('',(18.4897469678191,3.36750134336592,60.));
#3618=CARTESIAN_POINT('',(17.3075941900382,2.91243196887249,60.));
#3619=CARTESIAN_POINT('',(16.1254414122564,2.45736259437948,60.));
#3620=CARTESIAN_POINT('',(0.,0.,60.));
#3621=CARTESIAN_POINT('',(0.,0.,60.));
#3622=CARTESIAN_POINT('',(0.,0.,5.));
#3623=CARTESIAN_POINT('',(0.,0.,2.05));
#3624=CARTESIAN_POINT('',(14.7954746233733,-6.89924312291691,2.05));
#3625=CARTESIAN_POINT('',(0.,0.,2.05));
#3626=CARTESIAN_POINT('',(0.,0.,2.05));
#3627=CARTESIAN_POINT('',(16.1775939986042,-7.54373597207148,2.05));
#3628=CARTESIAN_POINT('',(0.,0.,0.));
#3629=CARTESIAN_POINT('',(0.,0.,-1.6));
#3630=CARTESIAN_POINT('',(16.1775939986042,-7.54373597207148,-1.6));
#3631=CARTESIAN_POINT('',(0.,0.,-1.6));
#3632=CARTESIAN_POINT('',(0.,0.,-1.6));
#3633=CARTESIAN_POINT('',(4.98469282870158,-2.32440043957385,-1.6));
#3634=CARTESIAN_POINT('',(0.,0.,-9.));
#3635=CARTESIAN_POINT('',(6.11714197647907E-5,-0.00111763240134375,168.1));
#3636=CARTESIAN_POINT('',(-3.77,-2.46330952441688,-16.4));
#3637=CARTESIAN_POINT('',(-3.77,-2.46330952441688,-16.07));
#3638=CARTESIAN_POINT('',(-4.1,-2.46330952441688,-16.07));
#3639=CARTESIAN_POINT('',(-4.00334523779156,-2.69665476220844,-16.07));
#3640=CARTESIAN_POINT('',(-4.00334523779156,-2.69665476220844,-16.4));
#3641=CARTESIAN_POINT('',(-4.1,-2.46330952441688,-16.4));
#3642=CARTESIAN_POINT('',(-3.77,-2.46330952441688,-16.07));
#3643=CARTESIAN_POINT('',(-3.77,-2.46330952441688,-16.07));
#3644=CARTESIAN_POINT('',(-3.77,-2.46330952441688,-16.4));
#3645=CARTESIAN_POINT('',(-3.77,-2.46330952441688,-16.07));
#3646=CARTESIAN_POINT('',(-3.77,0.,-16.07));
#3647=CARTESIAN_POINT('',(-3.77,2.52773017502855,-16.07));
#3648=CARTESIAN_POINT('',(-4.1,2.52773017502855,-16.07));
#3649=CARTESIAN_POINT('',(-3.77,2.52773017502855,-16.4));
#3650=CARTESIAN_POINT('',(-3.77,2.80584200684898,-16.4));
#3651=CARTESIAN_POINT('',(-4.1,-2.6,-16.07));
#3652=CARTESIAN_POINT('',(-3.11665476220844,-3.11665476220844,-16.07));
#3653=CARTESIAN_POINT('',(-2.46330952441688,-3.77,-16.07));
#3654=CARTESIAN_POINT('',(-2.46330952441688,-3.77,-16.4));
#3655=CARTESIAN_POINT('',(-2.69665476220844,-4.00334523779156,-16.07));
#3656=CARTESIAN_POINT('',(-2.6,-4.1,-16.07));
#3657=CARTESIAN_POINT('',(-3.86665476220844,-2.36665476220844,-16.4));
#3658=CARTESIAN_POINT('',(-3.77,2.52773017502855,-16.07));
#3659=CARTESIAN_POINT('',(-3.77,2.52773017502855,-16.07));
#3660=CARTESIAN_POINT('',(-4.00334523779156,2.76107541282011,-16.07));
#3661=CARTESIAN_POINT('',(-3.77,2.52773017502855,-16.07));
#3662=CARTESIAN_POINT('',(-2.46330952441688,-3.77,-16.07));
#3663=CARTESIAN_POINT('',(-2.46330952441688,-3.77,-16.07));
#3664=CARTESIAN_POINT('',(-2.46330952441688,-4.1,-16.07));
#3665=CARTESIAN_POINT('',(-2.46330952441688,-3.77,-16.07));
#3666=CARTESIAN_POINT('',(-3.77,2.52773017502855,-16.4));
#3667=CARTESIAN_POINT('',(-4.00334523779156,2.76107541282011,-16.4));
#3668=CARTESIAN_POINT('',(-4.1,2.52773017502855,-16.4));
#3669=CARTESIAN_POINT('',(-3.14886508751428,3.14886508751427,-16.07));
#3670=CARTESIAN_POINT('',(-2.32188816817957,3.97584200684898,-16.07));
#3671=CARTESIAN_POINT('',(-2.55523340597113,4.20918724464054,-16.07));
#3672=CARTESIAN_POINT('',(-2.32188816817957,3.97584200684898,-16.4));
#3673=CARTESIAN_POINT('',(-2.29594408408978,4.00178609093877,-16.4));
#3674=CARTESIAN_POINT('',(-4.02928932188135,2.73513132873033,-16.07));
#3675=CARTESIAN_POINT('',(0.,-3.77,-16.07));
#3676=CARTESIAN_POINT('',(2.50932512816907,-3.77,-16.07));
#3677=CARTESIAN_POINT('',(2.50932512816907,-3.77,-16.4));
#3678=CARTESIAN_POINT('',(2.50932512816907,-4.1,-16.07));
#3679=CARTESIAN_POINT('',(2.7874369599895,-4.1,-16.07));
#3680=CARTESIAN_POINT('',(-2.6,-3.77,-16.4));
#3681=CARTESIAN_POINT('',(-2.46330952441688,-3.77,-16.4));
#3682=CARTESIAN_POINT('',(-2.69665476220844,-4.00334523779156,-16.4));
#3683=CARTESIAN_POINT('',(-2.46330952441688,-4.1,-16.4));
#3684=CARTESIAN_POINT('',(-2.32188816817957,3.97584200684898,-16.07));
#3685=CARTESIAN_POINT('',(-2.32188816817957,3.97584200684898,-16.07));
#3686=CARTESIAN_POINT('',(-2.32188816817957,4.30584200684898,-16.07));
#3687=CARTESIAN_POINT('',(-2.32188816817957,3.97584200684898,-16.07));
#3688=CARTESIAN_POINT('',(2.50932512816907,-3.77,-16.07));
#3689=CARTESIAN_POINT('',(2.50932512816907,-3.77,-16.07));
#3690=CARTESIAN_POINT('',(2.74267036596063,-4.00334523779156,-16.07));
#3691=CARTESIAN_POINT('',(2.50932512816907,-3.77,-16.07));
#3692=CARTESIAN_POINT('',(-2.32188816817957,3.97584200684898,-16.4));
#3693=CARTESIAN_POINT('',(-2.32188816817957,4.30584200684898,-16.4));
#3694=CARTESIAN_POINT('',(-2.55523340597113,4.20918724464054,-16.4));
#3695=CARTESIAN_POINT('',(0.,3.97584200684898,-16.07));
#3696=CARTESIAN_POINT('',(2.65074648440638,3.97584200684898,-16.07));
#3697=CARTESIAN_POINT('',(2.65074648440638,4.30584200684898,-16.07));
#3698=CARTESIAN_POINT('',(2.65074648440638,3.97584200684898,-16.4));
#3699=CARTESIAN_POINT('',(2.7874369599895,3.97584200684898,-16.4));
#3700=CARTESIAN_POINT('',(-2.6,4.30584200684898,-16.07));
#3701=CARTESIAN_POINT('',(3.13966256408453,-3.13966256408453,-16.07));
#3702=CARTESIAN_POINT('',(3.9574369599895,-2.32188816817957,-16.07));
#3703=CARTESIAN_POINT('',(3.9574369599895,-2.32188816817957,-16.4));
#3704=CARTESIAN_POINT('',(4.19078219778106,-2.55523340597113,-16.07));
#3705=CARTESIAN_POINT('',(4.21672628187084,-2.52928932188135,-16.07));
#3706=CARTESIAN_POINT('',(2.48338104407928,-3.79594408408978,-16.4));
#3707=CARTESIAN_POINT('',(2.50932512816907,-3.77,-16.4));
#3708=CARTESIAN_POINT('',(2.50932512816907,-4.1,-16.4));
#3709=CARTESIAN_POINT('',(2.74267036596063,-4.00334523779156,-16.4));
#3710=CARTESIAN_POINT('',(2.65074648440638,3.97584200684898,-16.07));
#3711=CARTESIAN_POINT('',(2.65074648440638,3.97584200684898,-16.07));
#3712=CARTESIAN_POINT('',(2.88409172219794,4.20918724464054,-16.07));
#3713=CARTESIAN_POINT('',(2.65074648440638,3.97584200684898,-16.07));
#3714=CARTESIAN_POINT('',(3.9574369599895,-2.32188816817957,-16.07));
#3715=CARTESIAN_POINT('',(3.9574369599895,-2.32188816817957,-16.07));
#3716=CARTESIAN_POINT('',(4.2874369599895,-2.32188816817957,-16.07));
#3717=CARTESIAN_POINT('',(3.9574369599895,-2.32188816817957,-16.07));
#3718=CARTESIAN_POINT('',(2.65074648440638,3.97584200684898,-16.4));
#3719=CARTESIAN_POINT('',(2.88409172219794,4.20918724464054,-16.4));
#3720=CARTESIAN_POINT('',(2.65074648440638,4.30584200684898,-16.4));
#3721=CARTESIAN_POINT('',(3.31329424562768,3.31329424562768,-16.07));
#3722=CARTESIAN_POINT('',(3.9574369599895,2.66915153126586,-16.07));
#3723=CARTESIAN_POINT('',(4.19078219778106,2.90249676905742,-16.07));
#3724=CARTESIAN_POINT('',(3.9574369599895,2.66915153126586,-16.4));
#3725=CARTESIAN_POINT('',(4.05409172219794,2.57249676905742,-16.4));
#3726=CARTESIAN_POINT('',(2.7874369599895,4.30584200684898,-16.07));
#3727=CARTESIAN_POINT('',(3.9574369599895,0.,-16.07));
#3728=CARTESIAN_POINT('',(3.9574369599895,2.66915153126586,-16.07));
#3729=CARTESIAN_POINT('',(4.2874369599895,2.66915153126586,-16.07));
#3730=CARTESIAN_POINT('',(4.2874369599895,2.80584200684898,-16.07));
#3731=CARTESIAN_POINT('',(3.9574369599895,-2.6,-16.4));
#3732=CARTESIAN_POINT('',(3.9574369599895,-2.32188816817957,-16.4));
#3733=CARTESIAN_POINT('',(4.19078219778106,-2.55523340597113,-16.4));
#3734=CARTESIAN_POINT('',(4.2874369599895,-2.32188816817957,-16.4));
#3735=CARTESIAN_POINT('',(3.9574369599895,2.66915153126586,-16.07));
#3736=CARTESIAN_POINT('',(3.9574369599895,2.66915153126586,-16.07));
#3737=CARTESIAN_POINT('',(3.9574369599895,2.66915153126586,-16.4));
#3738=CARTESIAN_POINT('',(4.19078219778106,2.90249676905742,-16.4));
#3739=CARTESIAN_POINT('',(4.2874369599895,2.66915153126586,-16.4));
#3740=CARTESIAN_POINT('',(0.0937184799947484,0.10292100342449,-15.9));
#3741=CARTESIAN_POINT('',(0.0937184799947484,0.10292100342449,-15.9));
#3742=CARTESIAN_POINT('',(-1.40628152000525,0.10292100342449,-15.9));
#3743=CARTESIAN_POINT('',(0.0937184799947484,0.10292100342449,-16.4));
#3744=CARTESIAN_POINT('',(-1.90628152000525,0.10292100342449,-16.4));
#3745=CARTESIAN_POINT('',(0.0937184799947484,0.10292100342449,-16.4));
#3746=CARTESIAN_POINT('',(0.0937184799947484,0.10292100342449,-15.8));
#3747=CARTESIAN_POINT('',(1.59371847999475,0.10292100342449,-15.8));
#3748=CARTESIAN_POINT('',(0.0937184799947484,0.10292100342449,-15.8));
#3749=CARTESIAN_POINT('',(0.,0.,-16.4));
#3750=CARTESIAN_POINT('',(-2.6,-4.1,-16.4));
#3751=CARTESIAN_POINT('',(2.7874369599895,-4.1,-16.4));
#3752=CARTESIAN_POINT('',(4.21672628187084,-2.52928932188135,-16.4));
#3753=CARTESIAN_POINT('',(4.2874369599895,2.80584200684898,-16.4));
#3754=CARTESIAN_POINT('',(2.7874369599895,4.30584200684898,-16.4));
#3755=CARTESIAN_POINT('',(-2.6,4.30584200684898,-16.4));
#3756=CARTESIAN_POINT('',(-4.02928932188135,2.73513132873033,-16.4));
#3757=CARTESIAN_POINT('',(-4.1,-2.6,-16.4));
#3758=CARTESIAN_POINT('',(6.11714199999242E-5,-0.00111763240000012,183.3));
#3759=CARTESIAN_POINT('',(6.11714199999242E-5,-0.00111763240000012,183.65));
#3760=CARTESIAN_POINT('',(1.55006117142,-0.00111763240000012,183.65));
#3761=CARTESIAN_POINT('',(6.11714199999242E-5,-0.00111763240000012,181.2));
#3762=CARTESIAN_POINT('',(-1.54993882858,-0.00111763240000012,181.2));
#3763=CARTESIAN_POINT('',(-2.73947720510502,-2.1783554594674,183.65));
#3764=CARTESIAN_POINT('',(-0.00693797218359702,2.63744025008497,184.15));
#3765=CARTESIAN_POINT('',(-0.00693797218359702,2.63744025008497,181.2));
#3766=CARTESIAN_POINT('',(-0.00693797218359626,2.63744025008497,181.2));
#3767=CARTESIAN_POINT('',(-0.00836964669086268,1.74885956197401,181.2));
#3768=CARTESIAN_POINT('',(-0.00836964669086247,1.74885956197401,182.675));
#3769=CARTESIAN_POINT('',(-0.00836964669086268,1.74885956197401,184.15));
#3770=CARTESIAN_POINT('',(-0.00813536934694565,1.89426574362361,184.15));
#3771=CARTESIAN_POINT('',(-0.00693797218359626,2.63744025008497,184.15));
#3772=CARTESIAN_POINT('',(-0.00693797218359626,2.63744025008497,184.15));
#3773=CARTESIAN_POINT('',(-0.00836969187021193,1.74885956175979,184.15));
#3774=CARTESIAN_POINT('',(-0.00836969187021193,1.74885956175979,181.2));
#3775=CARTESIAN_POINT('',(0.476516240705536,1.75115861743973,184.15));
#3776=CARTESIAN_POINT('',(0.476516240705536,1.75115861743973,181.2));
#3777=CARTESIAN_POINT('',(1.75355064904092,1.18896995999979,184.15));
#3778=CARTESIAN_POINT('',(1.75355064904092,1.18896995999979,181.2));
#3779=CARTESIAN_POINT('',(1.80836399033214,-0.199980273259785,184.15));
#3780=CARTESIAN_POINT('',(1.80836399033214,-0.199980273259785,181.2));
#3781=CARTESIAN_POINT('',(1.6325498036667,-0.648583917771992,184.15));
#3782=CARTESIAN_POINT('',(1.6325498036667,-0.648583917771992,181.2));
#3783=CARTESIAN_POINT('',(-0.072762160396762,1.74736650031102,181.2));
#3784=CARTESIAN_POINT('',(1.3529096454783,1.80674488930675,181.2));
#3785=CARTESIAN_POINT('',(2.16897394820753,0.632125963851386,181.2));
#3786=CARTESIAN_POINT('',(1.61754739016432,-0.685615289637186,181.2));
#3787=CARTESIAN_POINT('',(1.63877851137471,-0.632457174523029,181.2));
#3788=CARTESIAN_POINT('',(1.63877851137471,-0.632457174523029,182.675));
#3789=CARTESIAN_POINT('',(1.63877851137471,-0.632457174523029,184.15));
#3790=CARTESIAN_POINT('',(-0.072762160396762,1.74736650031102,184.15));
#3791=CARTESIAN_POINT('',(1.3529096454783,1.80674488930675,184.15));
#3792=CARTESIAN_POINT('',(2.16897394820753,0.632125963851386,184.15));
#3793=CARTESIAN_POINT('',(1.61754739016432,-0.685615289637186,184.15));
#3794=CARTESIAN_POINT('',(1.76906111234705,-0.68169425144247,184.15));
#3795=CARTESIAN_POINT('',(1.76906111234705,-0.68169425144247,181.2));
#3796=CARTESIAN_POINT('',(2.51930288678499,-0.96522951770585,181.2));
#3797=CARTESIAN_POINT('',(2.51930288678499,-0.96522951770585,184.15));
#3798=CARTESIAN_POINT('',(2.51930288678499,-0.96522951770585,184.15));
#3799=CARTESIAN_POINT('',(-0.812989377822347,0.294127674474872,184.15));
#3800=CARTESIAN_POINT('',(-3.78588828648324,-3.81278649077903,184.15));
#3801=CARTESIAN_POINT('',(-3.78588828648324,-3.81278649077903,181.2));
#3802=CARTESIAN_POINT('',(-3.78588828648324,-3.81278649077903,181.2));
#3803=CARTESIAN_POINT('',(-2.43107643774714,-4.38057631480684,181.2));
#3804=CARTESIAN_POINT('',(-2.43107643774714,-4.38057631480684,184.15));
#3805=CARTESIAN_POINT('',(-2.43107643774714,-4.38057631480684,184.15));
#3806=CARTESIAN_POINT('',(-3.78588828648324,-3.81278649077903,184.15));
#3807=CARTESIAN_POINT('',(-3.78588828648324,-3.81278649077903,184.15));
#3808=CARTESIAN_POINT('',(-3.78588828648324,-3.81278649077903,184.15));
#3809=CARTESIAN_POINT('',(-2.43107643774714,-4.38057631480684,184.15));
#3810=CARTESIAN_POINT('',(-2.43107643774714,-4.38057631480684,181.2));
#3811=CARTESIAN_POINT('',(0.0352456052625265,-2.67902083026652,181.2));
#3812=CARTESIAN_POINT('',(0.0352456052625265,-2.67902083026652,184.15));
#3813=CARTESIAN_POINT('',(0.0352456052625265,-2.67902083026652,184.15));
#3814=CARTESIAN_POINT('',(-2.43107643774714,-4.38057631480684,184.15));
#3815=CARTESIAN_POINT('',(0.035245605262527,-2.67902083026652,184.15));
#3816=CARTESIAN_POINT('',(0.035245605262527,-2.67902083026652,181.2));
#3817=CARTESIAN_POINT('',(-0.223378117595315,-1.73679470032604,181.2));
#3818=CARTESIAN_POINT('',(-0.223378117595315,-1.73679470032604,182.675));
#3819=CARTESIAN_POINT('',(-0.223378117595315,-1.73679470032604,184.15));
#3820=CARTESIAN_POINT('',(0.035245605262527,-2.67902083026652,184.15));
#3821=CARTESIAN_POINT('',(6.11714199999242E-5,-0.00111763240000001,184.15));
#3822=CARTESIAN_POINT('',(6.11714199999242E-5,-0.00111763240000001,181.2));
#3823=CARTESIAN_POINT('',(-1.70187360710058,0.40621271223701,181.2));
#3824=CARTESIAN_POINT('',(-1.70187360710058,0.40621271223701,182.675));
#3825=CARTESIAN_POINT('',(-1.70187360710058,0.40621271223701,184.15));
#3826=CARTESIAN_POINT('',(6.11714199999242E-5,-0.00111763240000001,184.15));
#3827=CARTESIAN_POINT('',(-1.8750221685546,0.532677626779682,184.15));
#3828=CARTESIAN_POINT('',(-1.8750221685546,0.532677626779682,181.2));
#3829=CARTESIAN_POINT('',(-2.44950719714404,0.952272219056456,181.2));
#3830=CARTESIAN_POINT('',(-2.44950719714404,0.952272219056456,184.15));
#3831=CARTESIAN_POINT('',(-2.44950719714404,0.952272219056456,184.15));
#3832=CARTESIAN_POINT('',(-1.8750221685546,0.532677626779682,184.15));
#3833=CARTESIAN_POINT('',(-2.44950719714404,0.952272219056456,184.15));
#3834=CARTESIAN_POINT('',(-2.44950719714404,0.952272219056456,181.2));
#3835=CARTESIAN_POINT('',(-4.93819584402282,-0.764714347402743,181.2));
#3836=CARTESIAN_POINT('',(-4.93819584402282,-0.764714347402743,184.15));
#3837=CARTESIAN_POINT('',(-4.93819584402282,-0.764714347402743,184.15));
#3838=CARTESIAN_POINT('',(-2.44950719714404,0.952272219056456,184.15));
#3839=CARTESIAN_POINT('',(-2.73947720510502,-2.1783554594674,184.15));
#3840=CARTESIAN_POINT('',(-4.93819584402282,-0.764714347402743,184.15));
#3841=CARTESIAN_POINT('',(-4.72307321771555,-2.43398577604896,184.15));
#3842=CARTESIAN_POINT('',(-2.73947720510502,-2.1783554594674,184.15));
#3843=CARTESIAN_POINT('',(-4.09048457339084,-3.65306868272046,184.15));
#3844=CARTESIAN_POINT('',(-3.01284840542457,-1.96822439036256,184.15));
#3845=CARTESIAN_POINT('',(-3.01284840542457,-1.96822439036256,184.15));
#3846=CARTESIAN_POINT('',(-3.01284840542457,-1.96822439036256,181.2));
#3847=CARTESIAN_POINT('',(-4.09048457339084,-3.65306868272046,181.2));
#3848=CARTESIAN_POINT('',(-4.09048457339084,-3.65306868272046,184.15));
#3849=CARTESIAN_POINT('',(2.51930288678499,-0.965229517705848,184.15));
#3850=CARTESIAN_POINT('',(2.51930288678499,-0.965229517705848,181.2));
#3851=CARTESIAN_POINT('',(5.13907098829736,0.842190885475735,181.2));
#3852=CARTESIAN_POINT('',(5.13907098829737,0.842190885475736,184.15));
#3853=CARTESIAN_POINT('',(5.13907098829737,0.842190885475736,184.15));
#3854=CARTESIAN_POINT('',(2.51930288678499,-0.965229517705848,184.15));
#3855=CARTESIAN_POINT('',(-0.208135109753335,1.89458798169791,184.15));
#3856=CARTESIAN_POINT('',(5.13907098829737,0.842190885475737,184.15));
#3857=CARTESIAN_POINT('',(4.93649400118054,2.41411282832311,184.15));
#3858=CARTESIAN_POINT('',(2.95289798857001,2.15848251174154,184.15));
#3859=CARTESIAN_POINT('',(3.72593786962897,4.00304461215788,184.15));
#3860=CARTESIAN_POINT('',(3.72593786962896,4.00304461215788,184.15));
#3861=CARTESIAN_POINT('',(2.63508218905706,4.46021270932926,184.15));
#3862=CARTESIAN_POINT('',(2.63508218905706,4.46021270932926,184.15));
#3863=CARTESIAN_POINT('',(2.63508218905706,4.46021270932926,184.15));
#3864=CARTESIAN_POINT('',(2.63508218905706,4.46021270932926,181.2));
#3865=CARTESIAN_POINT('',(2.63508218905706,4.46021270932926,181.2));
#3866=CARTESIAN_POINT('',(2.63508218905706,4.46021270932926,184.15));
#3867=CARTESIAN_POINT('',(-2.73947720510502,-2.1783554594674,181.2));
#3868=CARTESIAN_POINT('',(-2.73947720510502,-2.1783554594674,181.2));
#3869=CARTESIAN_POINT('',(-3.51251708616398,-4.02291755988374,181.2));
#3870=CARTESIAN_POINT('',(-3.51251708616397,-4.02291755988374,181.2));
#3871=CARTESIAN_POINT('',(-0.485343913132899,-5.29157942228274,181.2));
#3872=CARTESIAN_POINT('',(0.287695967926055,-3.44701732186639,181.2));
#3873=CARTESIAN_POINT('',(1.33266889557589,-5.15231248120947,181.2));
#3874=CARTESIAN_POINT('',(1.33266889557589,-5.15231248120947,181.2));
#3875=CARTESIAN_POINT('',(4.47232386217961,-3.22839073412254,181.2));
#3876=CARTESIAN_POINT('',(3.42735093452978,-1.52309557477946,181.2));
#3877=CARTESIAN_POINT('',(5.41094694714031,-1.2674652581979,181.2));
#3878=CARTESIAN_POINT('',(5.41094694714031,-1.2674652581979,181.2));
#3879=CARTESIAN_POINT('',(3.72593786962896,4.00304461215788,181.2));
#3880=CARTESIAN_POINT('',(0.528687835677423,5.34298420291699,181.2));
#3881=CARTESIAN_POINT('',(-0.244352045381532,3.49842210250064,181.2));
#3882=CARTESIAN_POINT('',(-1.28932497303136,5.20371726184372,181.2));
#3883=CARTESIAN_POINT('',(-1.28932497303136,5.20371726184373,181.2));
#3884=CARTESIAN_POINT('',(-4.27986450681615,3.3711706585475,181.2));
#3885=CARTESIAN_POINT('',(-3.23489157916632,1.66587549920442,181.2));
#3886=CARTESIAN_POINT('',(-5.21848759177685,1.41024518262286,181.2));
#3887=CARTESIAN_POINT('',(-5.21848759177685,1.41024518262286,181.2));
#3888=CARTESIAN_POINT('',(-3.23489157916632,1.66587549920442,181.2));
#3889=CARTESIAN_POINT('',(-5.21848759177685,1.41024518262286,181.2));
#3890=CARTESIAN_POINT('',(-4.27986450681615,3.3711706585475,181.2));
#3891=CARTESIAN_POINT('',(-1.28932497303136,5.20371726184373,181.2));
#3892=CARTESIAN_POINT('',(-1.28932497303136,5.20371726184372,181.2));
#3893=CARTESIAN_POINT('',(-0.244352045381532,3.49842210250064,181.2));
#3894=CARTESIAN_POINT('',(0.528687835677423,5.34298420291699,181.2));
#3895=CARTESIAN_POINT('',(3.72593786962896,4.00304461215788,181.2));
#3896=CARTESIAN_POINT('',(3.72593786962896,4.00304461215788,181.2));
#3897=CARTESIAN_POINT('',(2.95289798857001,2.15848251174154,181.2));
#3898=CARTESIAN_POINT('',(4.93649400118054,2.41411282832311,181.2));
#3899=CARTESIAN_POINT('',(5.41094694714031,-1.2674652581979,181.2));
#3900=CARTESIAN_POINT('',(5.41094694714031,-1.2674652581979,181.2));
#3901=CARTESIAN_POINT('',(3.42735093452978,-1.52309557477946,181.2));
#3902=CARTESIAN_POINT('',(4.47232386217961,-3.22839073412254,181.2));
#3903=CARTESIAN_POINT('',(1.33266889557589,-5.15231248120947,181.2));
#3904=CARTESIAN_POINT('',(1.33266889557589,-5.15231248120947,181.2));
#3905=CARTESIAN_POINT('',(0.287695967926055,-3.44701732186639,181.2));
#3906=CARTESIAN_POINT('',(-0.485343913132899,-5.29157942228274,181.2));
#3907=CARTESIAN_POINT('',(-3.51251708616397,-4.02291755988374,181.2));
#3908=CARTESIAN_POINT('',(-3.51251708616398,-4.02291755988374,181.2));
#3909=CARTESIAN_POINT('',(-2.73947720510502,-2.1783554594674,181.2));
#3910=CARTESIAN_POINT('',(-4.72307321771555,-2.43398577604896,181.2));
#3911=CARTESIAN_POINT('',(-5.21848759177685,1.41024518262286,181.2));
#3912=CARTESIAN_POINT('',(0.,0.,-11.5));
#3913=CARTESIAN_POINT('',(0.,0.,-11.5));
#3914=CARTESIAN_POINT('',(2.5,0.,-11.5));
#3915=CARTESIAN_POINT('',(-1.09271488649653E-16,8.92304370244417E-17,-8.));
#3916=CARTESIAN_POINT('',(0.,0.,-8.));
#3917=CARTESIAN_POINT('',(2.26576946759163,-1.05654565435175,-8.));
#3918=CARTESIAN_POINT('',(0.,0.,-15.7));
#3919=CARTESIAN_POINT('',(0.471525907516479,0.,57.6716918945313));
#3920=CARTESIAN_POINT('',(0.,0.,0.));
#3921=CARTESIAN_POINT('',(-14.3791677312647,-14.3791677312647,57.6716918945313));
#3922=CARTESIAN_POINT('',(0.471525907516479,-322.17431640625,83.875));
#3923=CARTESIAN_POINT('',(0.,0.,0.));
#3924=CARTESIAN_POINT('',(-80.3270787127767,-80.3270787127767,322.17431640625));
#3925=CARTESIAN_POINT('',(322.17431640625,0.,83.875));
#3926=CARTESIAN_POINT('',(0.,0.,0.));
#3927=CARTESIAN_POINT('',(-80.3270787127767,-80.3270787127767,322.17431640625));
#3928=CARTESIAN_POINT('',(0.471525907516479,322.17431640625,83.875));
#3929=CARTESIAN_POINT('',(0.,0.,0.));
#3930=CARTESIAN_POINT('',(-80.3270787127767,-80.3270787127767,322.17431640625));
#3931=CARTESIAN_POINT('',(0.471525907516479,0.,-57.6716918945313));
#3932=CARTESIAN_POINT('',(0.,0.,0.));
#3933=CARTESIAN_POINT('',(-14.3791677312647,-14.3791677312647,57.6716918945313));
#3934=CARTESIAN_POINT('',(-322.17431640625,0.,83.875));
#3935=CARTESIAN_POINT('',(0.,0.,0.));
#3936=CARTESIAN_POINT('',(-80.3270787127767,-80.3270787127767,322.17431640625));
#3937=CARTESIAN_POINT('',(155.625793457031,-155.154266357422,239.029266357422));
#3938=CARTESIAN_POINT('',(0.,0.,0.));
#3939=CARTESIAN_POINT('',(-79.1448266758697,-79.1448266758697,317.432562468299));
#3940=CARTESIAN_POINT('',(217.887559878164,-176.94215209612,197.41682357155));
#3941=CARTESIAN_POINT('',(0.,0.,0.));
#3942=CARTESIAN_POINT('',(-83.3422071165514,-83.3422071165514,334.267335944986));
#3943=MECHANICAL_DESIGN_GEOMETRIC_PRESENTATION_REPRESENTATION('',(#1617),
#3944);
#3944=(
GEOMETRIC_REPRESENTATION_CONTEXT(3)
GLOBAL_UNCERTAINTY_ASSIGNED_CONTEXT((#3945))
GLOBAL_UNIT_ASSIGNED_CONTEXT((#3948,#3947,#3946))
REPRESENTATION_CONTEXT('OOM-B01-exported','TOP_LEVEL_ASSEMBLY_PART')
);
#3945=UNCERTAINTY_MEASURE_WITH_UNIT(LENGTH_MEASURE(0.005),#3948,
'DISTANCE_ACCURACY_VALUE','Maximum Tolerance applied to model');
#3946=(
NAMED_UNIT(*)
SI_UNIT($,.STERADIAN.)
SOLID_ANGLE_UNIT()
);
#3947=(
NAMED_UNIT(*)
PLANE_ANGLE_UNIT()
SI_UNIT($,.RADIAN.)
);
#3948=(
LENGTH_UNIT()
NAMED_UNIT(*)
SI_UNIT(.MILLI.,.METRE.)
);
#3949=PRODUCT_DEFINITION_SHAPE('','',#3950);
#3950=PRODUCT_DEFINITION('','',#3952,#3951);
#3951=PRODUCT_DEFINITION_CONTEXT('',#3958,'design');
#3952=PRODUCT_DEFINITION_FORMATION_WITH_SPECIFIED_SOURCE('','',#3954,
 .NOT_KNOWN.);
#3953=PRODUCT_RELATED_PRODUCT_CATEGORY('','',(#3954));
#3954=PRODUCT('OOM-B01-exported','OOM-B01-exported','OOM-B01-exported',
(#3956));
#3955=PRODUCT_CATEGORY('','');
#3956=PRODUCT_CONTEXT('',#3958,'mechanical');
#3957=APPLICATION_PROTOCOL_DEFINITION('international standard',
'ap242_managed_model_based_3d_engineering',2020,#3958);
#3958=APPLICATION_CONTEXT('managed model based 3d engineering');
ENDSEC;
END-ISO-10303-21;
