ISO-10303-21;
HEADER;
FILE_DESCRIPTION(('Open CASCADE Model'),'2;1');
FILE_NAME('Open CASCADE Shape Model','2026-09-17T12:04:54',('Author'),(
    'Open CASCADE'),'Open CASCADE STEP processor 7.9','build123d',
  'Unknown');
FILE_SCHEMA(('AUTOMOTIVE_DESIGN { 1 0 10303 214 1 1 1 1 }'));
ENDSEC;
DATA;
#1 = APPLICATION_PROTOCOL_DEFINITION('international standard',
  'automotive_design',2000,#2);
#2 = APPLICATION_CONTEXT(
  'core data for automotive mechanical design processes');
#3 = SHAPE_DEFINITION_REPRESENTATION(#4,#10);
#4 = PRODUCT_DEFINITION_SHAPE('','',#5);
#5 = PRODUCT_DEFINITION('design','',#6,#9);
#6 = PRODUCT_DEFINITION_FORMATION('','',#7);
#7 = PRODUCT('=>[0:1:1:2]','=>[0:1:1:2]','',(#8));
#8 = PRODUCT_CONTEXT('',#2,'mechanical');
#9 = PRODUCT_DEFINITION_CONTEXT('part definition',#2,'design');
#10 = SHAPE_REPRESENTATION('',(#11,#15),#19);
#11 = AXIS2_PLACEMENT_3D('',#12,#13,#14);
#12 = CARTESIAN_POINT('',(0.,0.,0.));
#13 = DIRECTION('',(0.,0.,1.));
#14 = DIRECTION('',(1.,0.,-0.));
#15 = AXIS2_PLACEMENT_3D('',#16,#17,#18);
#16 = CARTESIAN_POINT('',(12.270996542743,-5.845476880573,
    -175.8616920287));
#17 = DIRECTION('',(1.96939799824E-02,6.890617625361E-02,0.997428737317)
  );
#18 = DIRECTION('',(0.785892284133,0.615632848837,-5.804750789239E-02));
#19 = ( GEOMETRIC_REPRESENTATION_CONTEXT(3) 
GLOBAL_UNCERTAINTY_ASSIGNED_CONTEXT((#23)) GLOBAL_UNIT_ASSIGNED_CONTEXT(
(#20,#21,#22)) REPRESENTATION_CONTEXT('Context #1',
  '3D Context with UNIT and UNCERTAINTY') );
#20 = ( LENGTH_UNIT() NAMED_UNIT(*) SI_UNIT(.MILLI.,.METRE.) );
#21 = ( NAMED_UNIT(*) PLANE_ANGLE_UNIT() SI_UNIT($,.RADIAN.) );
#22 = ( NAMED_UNIT(*) SI_UNIT($,.STERADIAN.) SOLID_ANGLE_UNIT() );
#23 = UNCERTAINTY_MEASURE_WITH_UNIT(LENGTH_MEASURE(2.E-05),#20,
  'distance_accuracy_value','confusion accuracy');
#24 = PRODUCT_RELATED_PRODUCT_CATEGORY('part',$,(#7));
#25 = SHAPE_DEFINITION_REPRESENTATION(#26,#32);
#26 = PRODUCT_DEFINITION_SHAPE('','',#27);
#27 = PRODUCT_DEFINITION('design','',#28,#31);
#28 = PRODUCT_DEFINITION_FORMATION('','',#29);
#29 = PRODUCT('SOLID','SOLID','',(#30));
#30 = PRODUCT_CONTEXT('',#2,'mechanical');
#31 = PRODUCT_DEFINITION_CONTEXT('part definition',#2,'design');
#32 = ADVANCED_BREP_SHAPE_REPRESENTATION('',(#11,#33),#4428);
#33 = MANIFOLD_SOLID_BREP('',#34);
#34 = CLOSED_SHELL('',(#35,#504,#586,#653,#717,#771,#828,#895,#959,#1013
    ,#1070,#1112,#1165,#1246,#1486,#1726,#1780,#1834,#2074,#2314,#2368,
    #2422,#2635,#2690,#2781,#2828,#2914,#2962,#2989,#3036,#3122,#3170,
    #3197,#3244,#3330,#3378,#3405,#3491,#3538,#3586,#3613,#3660,#3708,
    #3735,#3770,#3824,#3878,#3933,#3988,#4042,#4096,#4220,#4320,#4367,
    #4394,#4421));
#35 = ADVANCED_FACE('',(#36,#473),#50,.F.);
#36 = FACE_BOUND('',#37,.F.);
#37 = EDGE_LOOP('',(#38,#73,#131,#159,#217,#245,#303,#331,#389,#417));
#38 = ORIENTED_EDGE('',*,*,#39,.T.);
#39 = EDGE_CURVE('',#40,#42,#44,.T.);
#40 = VERTEX_POINT('',#41);
#41 = CARTESIAN_POINT('',(2.553750318731,2.390231855721,-5.12));
#42 = VERTEX_POINT('',#43);
#43 = CARTESIAN_POINT('',(-0.661084372892,3.434794967162,-5.12));
#44 = SURFACE_CURVE('',#45,(#49,#61),.PCURVE_S1.);
#45 = LINE('',#46,#47);
#46 = CARTESIAN_POINT('',(2.493909435086,2.409675337457,-5.12));
#47 = VECTOR('',#48,1.);
#48 = DIRECTION('',(-0.951056516295,0.309016994375,0.));
#49 = PCURVE('',#50,#55);
#50 = PLANE('',#51);
#51 = AXIS2_PLACEMENT_3D('',#52,#53,#54);
#52 = CARTESIAN_POINT('',(-15.,-15.,-5.12));
#53 = DIRECTION('',(0.,0.,1.));
#54 = DIRECTION('',(1.,0.,-0.));
#55 = DEFINITIONAL_REPRESENTATION('',(#56),#60);
#56 = LINE('',#57,#58);
#57 = CARTESIAN_POINT('',(17.493909435086,17.409675337457));
#58 = VECTOR('',#59,1.);
#59 = DIRECTION('',(-0.951056516295,0.309016994375));
#60 = ( GEOMETRIC_REPRESENTATION_CONTEXT(2) 
PARAMETRIC_REPRESENTATION_CONTEXT() REPRESENTATION_CONTEXT('2D SPACE',''
  ) );
#61 = PCURVE('',#62,#67);
#62 = CYLINDRICAL_SURFACE('',#63,0.3);
#63 = AXIS2_PLACEMENT_3D('',#64,#65,#66);
#64 = CARTESIAN_POINT('',(2.493909435086,2.409675337457,-4.82));
#65 = DIRECTION('',(-0.951056516295,0.309016994375,0.));
#66 = DIRECTION('',(-0.,0.,-1.));
#67 = DEFINITIONAL_REPRESENTATION('',(#68),#72);
#68 = LINE('',#69,#70);
#69 = CARTESIAN_POINT('',(-0.,0.));
#70 = VECTOR('',#71,1.);
#71 = DIRECTION('',(-0.,1.));
#72 = ( GEOMETRIC_REPRESENTATION_CONTEXT(2) 
PARAMETRIC_REPRESENTATION_CONTEXT() REPRESENTATION_CONTEXT('2D SPACE',''
  ) );
#73 = ORIENTED_EDGE('',*,*,#74,.T.);
#74 = EDGE_CURVE('',#42,#75,#77,.T.);
#75 = VERTEX_POINT('',#76);
#76 = CARTESIAN_POINT('',(-1.484155029156,3.167298265433,-5.12));
#77 = SURFACE_CURVE('',#78,(#87,#99),.PCURVE_S1.);
#78 = ( BOUNDED_CURVE() B_SPLINE_CURVE(7,(#79,#80,#81,#82,#83,#84,#85,
#86),.UNSPECIFIED.,.F.,.F.) B_SPLINE_CURVE_WITH_KNOTS((8,8),(
25.869029559702,26.999087785193),.PIECEWISE_BEZIER_KNOTS.) CURVE() 
GEOMETRIC_REPRESENTATION_ITEM() RATIONAL_B_SPLINE_CURVE((1.,1.,1.,1.,1.,
1.,1.,1.)) REPRESENTATION_ITEM('') );
#79 = CARTESIAN_POINT('',(-0.660984569159,3.434762561243,-5.12));
#80 = CARTESIAN_POINT('',(-0.7900680994,3.476724060971,-5.12));
#81 = CARTESIAN_POINT('',(-0.923570427589,3.492989559658,-5.12));
#82 = CARTESIAN_POINT('',(-1.058731631139,3.482322471903,-5.12));
#83 = CARTESIAN_POINT('',(-1.190325910637,3.439564898583,-5.12));
#84 = CARTESIAN_POINT('',(-1.305943578157,3.368748991728,-5.12));
#85 = CARTESIAN_POINT('',(-1.404388610201,3.277119227212,-5.12));
#86 = CARTESIAN_POINT('',(-1.484155029156,3.167298265433,-5.12));
#87 = PCURVE('',#50,#88);
#88 = DEFINITIONAL_REPRESENTATION('',(#89),#98);
#89 = B_SPLINE_CURVE_WITH_KNOTS('',7,(#90,#91,#92,#93,#94,#95,#96,#97),
  .UNSPECIFIED.,.F.,.F.,(8,8),(25.869029559702,26.999087785193),
  .PIECEWISE_BEZIER_KNOTS.);
#90 = CARTESIAN_POINT('',(14.339015430841,18.434762561243));
#91 = CARTESIAN_POINT('',(14.2099319006,18.476724060971));
#92 = CARTESIAN_POINT('',(14.076429572411,18.492989559659));
#93 = CARTESIAN_POINT('',(13.941268368861,18.482322471903));
#94 = CARTESIAN_POINT('',(13.809674089363,18.439564898583));
#95 = CARTESIAN_POINT('',(13.694056421843,18.368748991728));
#96 = CARTESIAN_POINT('',(13.595611389799,18.277119227212));
#97 = CARTESIAN_POINT('',(13.515844970844,18.167298265433));
#98 = ( GEOMETRIC_REPRESENTATION_CONTEXT(2) 
PARAMETRIC_REPRESENTATION_CONTEXT() REPRESENTATION_CONTEXT('2D SPACE',''
  ) );
#99 = PCURVE('',#100,#125);
#100 = ( BOUNDED_SURFACE() B_SPLINE_SURFACE(2,7,(
    (#101,#102,#103,#104,#105,#106,#107,#108)
    ,(#109,#110,#111,#112,#113,#114,#115,#116)
    ,(#117,#118,#119,#120,#121,#122,#123,#124
)),.UNSPECIFIED.,.F.,.F.,.F.) B_SPLINE_SURFACE_WITH_KNOTS((3,3),(8,8),(
    0.,1.130058225491),(25.869029559702,26.999087785193),
.PIECEWISE_BEZIER_KNOTS.) GEOMETRIC_REPRESENTATION_ITEM() 
RATIONAL_B_SPLINE_SURFACE((
    (1.,1.,1.,1.,1.,1.,1.,1.)
    ,(0.866025412613,0.879133240608,0.887931570504,0.892399701897
      ,0.892399701897,0.887931570504,0.879133240608,0.866025412613)
,(1.,1.,1.,1.,1.,1.,1.,1.))) REPRESENTATION_ITEM('') SURFACE() );
#101 = CARTESIAN_POINT('',(-0.660984569159,3.434762561243,-5.12));
#102 = CARTESIAN_POINT('',(-0.7900680994,3.476724060971,-5.12));
#103 = CARTESIAN_POINT('',(-0.923570427589,3.492989559658,-5.12));
#104 = CARTESIAN_POINT('',(-1.058731631139,3.482322471903,-5.12));
#105 = CARTESIAN_POINT('',(-1.190325910637,3.439564898583,-5.12));
#106 = CARTESIAN_POINT('',(-1.305943578157,3.368748991728,-5.12));
#107 = CARTESIAN_POINT('',(-1.404388610201,3.277119227212,-5.12));
#108 = CARTESIAN_POINT('',(-1.484155029156,3.167298265433,-5.12));
#109 = CARTESIAN_POINT('',(-0.607527791256,3.599511978387,-5.12));
#110 = CARTESIAN_POINT('',(-0.766880282696,3.640433703948,-5.12));
#111 = CARTESIAN_POINT('',(-0.930052499558,3.652697471268,-5.12));
#112 = CARTESIAN_POINT('',(-1.093437505065,3.635103333861,-5.12));
#113 = CARTESIAN_POINT('',(-1.252050606318,3.583566813183,-5.12));
#114 = CARTESIAN_POINT('',(-1.394573426894,3.501765472664,-5.12));
#115 = CARTESIAN_POINT('',(-1.519374061777,3.395933653831,-5.12));
#116 = CARTESIAN_POINT('',(-1.624239748665,3.26916223803,-5.12));
#117 = CARTESIAN_POINT('',(-0.58079940067,3.681886691999,-4.970000009175
    ));
#118 = CARTESIAN_POINT('',(-0.75647691704,3.730698345581,-4.983622063752
    ));
#119 = CARTESIAN_POINT('',(-0.936326398057,3.744993213804,
    -4.993005736165));
#120 = CARTESIAN_POINT('',(-1.115141634712,3.724884321297,-4.99784750967
    ));
#121 = CARTESIAN_POINT('',(-1.287263536937,3.668958525112,-4.99784750967
    ));
#122 = CARTESIAN_POINT('',(-1.4437478127,3.580122001896,-4.993005736165)
  );
#123 = CARTESIAN_POINT('',(-1.580846786547,3.462844337997,
    -4.983622063752));
#124 = CARTESIAN_POINT('',(-1.694282112704,3.320094227444,
    -4.970000009175));
#125 = DEFINITIONAL_REPRESENTATION('',(#126),#130);
#126 = LINE('',#127,#128);
#127 = CARTESIAN_POINT('',(0.,0.));
#128 = VECTOR('',#129,1.);
#129 = DIRECTION('',(0.,1.));
#130 = ( GEOMETRIC_REPRESENTATION_CONTEXT(2) 
PARAMETRIC_REPRESENTATION_CONTEXT() REPRESENTATION_CONTEXT('2D SPACE',''
  ) );
#131 = ORIENTED_EDGE('',*,*,#132,.T.);
#132 = EDGE_CURVE('',#75,#133,#135,.T.);
#133 = VERTEX_POINT('',#134);
#134 = CARTESIAN_POINT('',(-3.470970441596,0.432681416387,-5.12));
#135 = SURFACE_CURVE('',#136,(#140,#147),.PCURVE_S1.);
#136 = LINE('',#137,#138);
#137 = CARTESIAN_POINT('',(-1.521077033971,3.116479449489,-5.12));
#138 = VECTOR('',#139,1.);
#139 = DIRECTION('',(-0.587785252292,-0.809016994375,0.));
#140 = PCURVE('',#50,#141);
#141 = DEFINITIONAL_REPRESENTATION('',(#142),#146);
#142 = LINE('',#143,#144);
#143 = CARTESIAN_POINT('',(13.478922966029,18.116479449489));
#144 = VECTOR('',#145,1.);
#145 = DIRECTION('',(-0.587785252292,-0.809016994375));
#146 = ( GEOMETRIC_REPRESENTATION_CONTEXT(2) 
PARAMETRIC_REPRESENTATION_CONTEXT() REPRESENTATION_CONTEXT('2D SPACE',''
  ) );
#147 = PCURVE('',#148,#153);
#148 = CYLINDRICAL_SURFACE('',#149,0.3);
#149 = AXIS2_PLACEMENT_3D('',#150,#151,#152);
#150 = CARTESIAN_POINT('',(-1.521077033971,3.116479449489,-4.82));
#151 = DIRECTION('',(-0.587785252292,-0.809016994375,0.));
#152 = DIRECTION('',(-0.,0.,-1.));
#153 = DEFINITIONAL_REPRESENTATION('',(#154),#158);
#154 = LINE('',#155,#156);
#155 = CARTESIAN_POINT('',(-0.,0.));
#156 = VECTOR('',#157,1.);
#157 = DIRECTION('',(-0.,1.));
#158 = ( GEOMETRIC_REPRESENTATION_CONTEXT(2) 
PARAMETRIC_REPRESENTATION_CONTEXT() REPRESENTATION_CONTEXT('2D SPACE',''
  ) );
#159 = ORIENTED_EDGE('',*,*,#160,.T.);
#160 = EDGE_CURVE('',#133,#161,#163,.T.);
#161 = VERTEX_POINT('',#162);
#162 = CARTESIAN_POINT('',(-3.470908780686,-0.432766321398,-5.12));
#163 = SURFACE_CURVE('',#164,(#173,#185),.PCURVE_S1.);
#164 = ( BOUNDED_CURVE() B_SPLINE_CURVE(7,(#165,#166,#167,#168,#169,#170
,#171,#172),.UNSPECIFIED.,.F.,.F.) B_SPLINE_CURVE_WITH_KNOTS((8,8),(
30.37936419304,31.509422418531),.PIECEWISE_BEZIER_KNOTS.) CURVE() 
GEOMETRIC_REPRESENTATION_ITEM() RATIONAL_B_SPLINE_CURVE((1.,1.,1.,1.,1.,
1.,1.,1.)) REPRESENTATION_ITEM('') );
#165 = CARTESIAN_POINT('',(-3.470908780686,0.432766321398,-5.12));
#166 = CARTESIAN_POINT('',(-3.550705542975,0.322967405341,-5.12));
#167 = CARTESIAN_POINT('',(-3.607429439691,0.201025461693,-5.12));
#168 = CARTESIAN_POINT('',(-3.639051545249,6.918320690884E-02,-5.12));
#169 = CARTESIAN_POINT('',(-3.639051545249,-6.918320690886E-02,-5.12));
#170 = CARTESIAN_POINT('',(-3.607429439691,-0.201025461693,-5.12));
#171 = CARTESIAN_POINT('',(-3.550705542975,-0.322967405341,-5.12));
#172 = CARTESIAN_POINT('',(-3.470908780686,-0.432766321398,-5.12));
#173 = PCURVE('',#50,#174);
#174 = DEFINITIONAL_REPRESENTATION('',(#175),#184);
#175 = B_SPLINE_CURVE_WITH_KNOTS('',7,(#176,#177,#178,#179,#180,#181,
    #182,#183),.UNSPECIFIED.,.F.,.F.,(8,8),(30.37936419304,
    31.509422418531),.PIECEWISE_BEZIER_KNOTS.);
#176 = CARTESIAN_POINT('',(11.529091219314,15.432766321398));
#177 = CARTESIAN_POINT('',(11.449294457025,15.322967405341));
#178 = CARTESIAN_POINT('',(11.392570560309,15.201025461692));
#179 = CARTESIAN_POINT('',(11.360948454751,15.069183206909));
#180 = CARTESIAN_POINT('',(11.360948454751,14.930816793091));
#181 = CARTESIAN_POINT('',(11.392570560309,14.798974538308));
#182 = CARTESIAN_POINT('',(11.449294457025,14.677032594659));
#183 = CARTESIAN_POINT('',(11.529091219314,14.567233678602));
#184 = ( GEOMETRIC_REPRESENTATION_CONTEXT(2) 
PARAMETRIC_REPRESENTATION_CONTEXT() REPRESENTATION_CONTEXT('2D SPACE',''
  ) );
#185 = PCURVE('',#186,#211);
#186 = ( BOUNDED_SURFACE() B_SPLINE_SURFACE(2,7,(
    (#187,#188,#189,#190,#191,#192,#193,#194)
    ,(#195,#196,#197,#198,#199,#200,#201,#202)
    ,(#203,#204,#205,#206,#207,#208,#209,#210
)),.UNSPECIFIED.,.F.,.F.,.F.) B_SPLINE_SURFACE_WITH_KNOTS((3,3),(8,8),(
    0.,1.130058225491),(30.37936419304,31.509422418531),
.PIECEWISE_BEZIER_KNOTS.) GEOMETRIC_REPRESENTATION_ITEM() 
RATIONAL_B_SPLINE_SURFACE((
    (1.,1.,1.,1.,1.,1.,1.,1.)
    ,(0.866025412613,0.879133240608,0.887931570504,0.892399701897
      ,0.892399701897,0.887931570504,0.879133240608,0.866025412613)
,(1.,1.,1.,1.,1.,1.,1.,1.))) REPRESENTATION_ITEM('') SURFACE() );
#187 = CARTESIAN_POINT('',(-3.470908780686,0.432766321398,-5.12));
#188 = CARTESIAN_POINT('',(-3.550705542975,0.322967405341,-5.12));
#189 = CARTESIAN_POINT('',(-3.607429439691,0.201025461693,-5.12));
#190 = CARTESIAN_POINT('',(-3.639051545249,6.918320690884E-02,-5.12));
#191 = CARTESIAN_POINT('',(-3.639051545249,-6.918320690886E-02,-5.12));
#192 = CARTESIAN_POINT('',(-3.607429439691,-0.201025461693,-5.12));
#193 = CARTESIAN_POINT('',(-3.550705542975,-0.322967405341,-5.12));
#194 = CARTESIAN_POINT('',(-3.470908780686,-0.432766321398,-5.12));
#195 = CARTESIAN_POINT('',(-3.611075734581,0.534517108074,-5.12));
#196 = CARTESIAN_POINT('',(-3.699237236284,0.395609391339,-5.12));
#197 = CARTESIAN_POINT('',(-3.761323760128,0.244213103731,-5.12));
#198 = CARTESIAN_POINT('',(-3.795079484427,8.338784211861E-02,-5.12));
#199 = CARTESIAN_POINT('',(-3.795079484427,-8.338784211862E-02,-5.12));
#200 = CARTESIAN_POINT('',(-3.761323760128,-0.244213103731,-5.12));
#201 = CARTESIAN_POINT('',(-3.699237236284,-0.395609391339,-5.12));
#202 = CARTESIAN_POINT('',(-3.611075734581,-0.534517108074,-5.12));
#203 = CARTESIAN_POINT('',(-3.681159215815,0.585392504523,
    -4.970000009175));
#204 = CARTESIAN_POINT('',(-3.781869195114,0.433396888293,
    -4.983622063752));
#205 = CARTESIAN_POINT('',(-3.851040968751,0.266767224633,
    -4.993005736165));
#206 = CARTESIAN_POINT('',(-3.887173222477,9.048983907659E-02,
    -4.99784750967));
#207 = CARTESIAN_POINT('',(-3.887173222477,-9.048983907661E-02,
    -4.99784750967));
#208 = CARTESIAN_POINT('',(-3.851040968751,-0.266767224633,
    -4.993005736165));
#209 = CARTESIAN_POINT('',(-3.781869195114,-0.433396888293,
    -4.983622063752));
#210 = CARTESIAN_POINT('',(-3.681159215815,-0.585392504523,
    -4.970000009175));
#211 = DEFINITIONAL_REPRESENTATION('',(#212),#216);
#212 = LINE('',#213,#214);
#213 = CARTESIAN_POINT('',(0.,0.));
#214 = VECTOR('',#215,1.);
#215 = DIRECTION('',(0.,1.));
#216 = ( GEOMETRIC_REPRESENTATION_CONTEXT(2) 
PARAMETRIC_REPRESENTATION_CONTEXT() REPRESENTATION_CONTEXT('2D SPACE',''
  ) );
#217 = ORIENTED_EDGE('',*,*,#218,.T.);
#218 = EDGE_CURVE('',#161,#219,#221,.T.);
#219 = VERTEX_POINT('',#220);
#220 = CARTESIAN_POINT('',(-1.484093333961,-3.167383145534,-5.12));
#221 = SURFACE_CURVE('',#222,(#226,#233),.PCURVE_S1.);
#222 = LINE('',#223,#224);
#223 = CARTESIAN_POINT('',(-3.433986741587,-0.483585112432,-5.12));
#224 = VECTOR('',#225,1.);
#225 = DIRECTION('',(0.587785252292,-0.809016994375,0.));
#226 = PCURVE('',#50,#227);
#227 = DEFINITIONAL_REPRESENTATION('',(#228),#232);
#228 = LINE('',#229,#230);
#229 = CARTESIAN_POINT('',(11.566013258413,14.516414887568));
#230 = VECTOR('',#231,1.);
#231 = DIRECTION('',(0.587785252292,-0.809016994375));
#232 = ( GEOMETRIC_REPRESENTATION_CONTEXT(2) 
PARAMETRIC_REPRESENTATION_CONTEXT() REPRESENTATION_CONTEXT('2D SPACE',''
  ) );
#233 = PCURVE('',#234,#239);
#234 = CYLINDRICAL_SURFACE('',#235,0.3);
#235 = AXIS2_PLACEMENT_3D('',#236,#237,#238);
#236 = CARTESIAN_POINT('',(-3.433986741587,-0.483585112432,-4.82));
#237 = DIRECTION('',(0.587785252292,-0.809016994375,0.));
#238 = DIRECTION('',(0.,-0.,-1.));
#239 = DEFINITIONAL_REPRESENTATION('',(#240),#244);
#240 = LINE('',#241,#242);
#241 = CARTESIAN_POINT('',(-0.,0.));
#242 = VECTOR('',#243,1.);
#243 = DIRECTION('',(-0.,1.));
#244 = ( GEOMETRIC_REPRESENTATION_CONTEXT(2) 
PARAMETRIC_REPRESENTATION_CONTEXT() REPRESENTATION_CONTEXT('2D SPACE',''
  ) );
#245 = ORIENTED_EDGE('',*,*,#246,.T.);
#246 = EDGE_CURVE('',#219,#247,#249,.T.);
#247 = VERTEX_POINT('',#248);
#248 = CARTESIAN_POINT('',(-0.660984569159,-3.434762561243,-5.12));
#249 = SURFACE_CURVE('',#250,(#259,#271),.PCURVE_S1.);
#250 = ( BOUNDED_CURVE() B_SPLINE_CURVE(7,(#251,#252,#253,#254,#255,#256
,#257,#258),.UNSPECIFIED.,.F.,.F.) B_SPLINE_CURVE_WITH_KNOTS((8,8),(
34.889698826379,36.019757051869),.PIECEWISE_BEZIER_KNOTS.) CURVE() 
GEOMETRIC_REPRESENTATION_ITEM() RATIONAL_B_SPLINE_CURVE((1.,1.,1.,1.,1.,
1.,1.,1.)) REPRESENTATION_ITEM('') );
#251 = CARTESIAN_POINT('',(-1.484155029156,-3.167298265433,-5.12));
#252 = CARTESIAN_POINT('',(-1.404388610201,-3.277119227212,-5.12));
#253 = CARTESIAN_POINT('',(-1.305943578157,-3.368748991728,-5.12));
#254 = CARTESIAN_POINT('',(-1.190325910637,-3.439564898583,-5.12));
#255 = CARTESIAN_POINT('',(-1.058731631139,-3.482322471903,-5.12));
#256 = CARTESIAN_POINT('',(-0.923570427589,-3.492989559658,-5.12));
#257 = CARTESIAN_POINT('',(-0.7900680994,-3.476724060971,-5.12));
#258 = CARTESIAN_POINT('',(-0.660984569159,-3.434762561243,-5.12));
#259 = PCURVE('',#50,#260);
#260 = DEFINITIONAL_REPRESENTATION('',(#261),#270);
#261 = B_SPLINE_CURVE_WITH_KNOTS('',7,(#262,#263,#264,#265,#266,#267,
    #268,#269),.UNSPECIFIED.,.F.,.F.,(8,8),(34.889698826379,
    36.019757051869),.PIECEWISE_BEZIER_KNOTS.);
#262 = CARTESIAN_POINT('',(13.515844970844,11.832701734567));
#263 = CARTESIAN_POINT('',(13.595611389799,11.722880772789));
#264 = CARTESIAN_POINT('',(13.694056421843,11.631251008271));
#265 = CARTESIAN_POINT('',(13.809674089363,11.560435101418));
#266 = CARTESIAN_POINT('',(13.94126836886,11.517677528096));
#267 = CARTESIAN_POINT('',(14.076429572411,11.507010440342));
#268 = CARTESIAN_POINT('',(14.2099319006,11.523275939029));
#269 = CARTESIAN_POINT('',(14.339015430841,11.565237438757));
#270 = ( GEOMETRIC_REPRESENTATION_CONTEXT(2) 
PARAMETRIC_REPRESENTATION_CONTEXT() REPRESENTATION_CONTEXT('2D SPACE',''
  ) );
#271 = PCURVE('',#272,#297);
#272 = ( BOUNDED_SURFACE() B_SPLINE_SURFACE(2,7,(
    (#273,#274,#275,#276,#277,#278,#279,#280)
    ,(#281,#282,#283,#284,#285,#286,#287,#288)
    ,(#289,#290,#291,#292,#293,#294,#295,#296
)),.UNSPECIFIED.,.F.,.F.,.F.) B_SPLINE_SURFACE_WITH_KNOTS((3,3),(8,8),(
    0.,1.130058225491),(34.889698826379,36.019757051869),
.PIECEWISE_BEZIER_KNOTS.) GEOMETRIC_REPRESENTATION_ITEM() 
RATIONAL_B_SPLINE_SURFACE((
    (1.,1.,1.,1.,1.,1.,1.,1.)
    ,(0.866025412613,0.879133240608,0.887931570504,0.892399701897
      ,0.892399701897,0.887931570504,0.879133240608,0.866025412613)
,(1.,1.,1.,1.,1.,1.,1.,1.))) REPRESENTATION_ITEM('') SURFACE() );
#273 = CARTESIAN_POINT('',(-1.484155029156,-3.167298265433,-5.12));
#274 = CARTESIAN_POINT('',(-1.404388610201,-3.277119227212,-5.12));
#275 = CARTESIAN_POINT('',(-1.305943578157,-3.368748991728,-5.12));
#276 = CARTESIAN_POINT('',(-1.190325910637,-3.439564898583,-5.12));
#277 = CARTESIAN_POINT('',(-1.058731631139,-3.482322471903,-5.12));
#278 = CARTESIAN_POINT('',(-0.923570427589,-3.492989559658,-5.12));
#279 = CARTESIAN_POINT('',(-0.7900680994,-3.476724060971,-5.12));
#280 = CARTESIAN_POINT('',(-0.660984569159,-3.434762561243,-5.12));
#281 = CARTESIAN_POINT('',(-1.624239748665,-3.26916223803,-5.12));
#282 = CARTESIAN_POINT('',(-1.519374061777,-3.395933653831,-5.12));
#283 = CARTESIAN_POINT('',(-1.394573426894,-3.501765472664,-5.12));
#284 = CARTESIAN_POINT('',(-1.252050606318,-3.583566813183,-5.12));
#285 = CARTESIAN_POINT('',(-1.093437505065,-3.635103333861,-5.12));
#286 = CARTESIAN_POINT('',(-0.930052499558,-3.652697471268,-5.12));
#287 = CARTESIAN_POINT('',(-0.766880282696,-3.640433703948,-5.12));
#288 = CARTESIAN_POINT('',(-0.607527791256,-3.599511978388,-5.12));
#289 = CARTESIAN_POINT('',(-1.694282112704,-3.320094227444,
    -4.970000009175));
#290 = CARTESIAN_POINT('',(-1.580846786547,-3.462844337997,
    -4.983622063752));
#291 = CARTESIAN_POINT('',(-1.4437478127,-3.580122001896,-4.993005736165
    ));
#292 = CARTESIAN_POINT('',(-1.287263536937,-3.668958525112,
    -4.99784750967));
#293 = CARTESIAN_POINT('',(-1.115141634712,-3.724884321297,
    -4.99784750967));
#294 = CARTESIAN_POINT('',(-0.936326398057,-3.744993213804,
    -4.993005736165));
#295 = CARTESIAN_POINT('',(-0.75647691704,-3.730698345581,
    -4.983622063752));
#296 = CARTESIAN_POINT('',(-0.58079940067,-3.681886691999,
    -4.970000009175));
#297 = DEFINITIONAL_REPRESENTATION('',(#298),#302);
#298 = LINE('',#299,#300);
#299 = CARTESIAN_POINT('',(0.,0.));
#300 = VECTOR('',#301,1.);
#301 = DIRECTION('',(0.,1.));
#302 = ( GEOMETRIC_REPRESENTATION_CONTEXT(2) 
PARAMETRIC_REPRESENTATION_CONTEXT() REPRESENTATION_CONTEXT('2D SPACE',''
  ) );
#303 = ORIENTED_EDGE('',*,*,#304,.T.);
#304 = EDGE_CURVE('',#247,#305,#307,.T.);
#305 = VERTEX_POINT('',#306);
#306 = CARTESIAN_POINT('',(2.553750318731,-2.390231855721,-5.12));
#307 = SURFACE_CURVE('',#308,(#312,#319),.PCURVE_S1.);
#308 = LINE('',#309,#310);
#309 = CARTESIAN_POINT('',(-0.601243489246,-3.415351485426,-5.12));
#310 = VECTOR('',#311,1.);
#311 = DIRECTION('',(0.951056516295,0.309016994375,-0.));
#312 = PCURVE('',#50,#313);
#313 = DEFINITIONAL_REPRESENTATION('',(#314),#318);
#314 = LINE('',#315,#316);
#315 = CARTESIAN_POINT('',(14.398756510754,11.584648514574));
#316 = VECTOR('',#317,1.);
#317 = DIRECTION('',(0.951056516295,0.309016994375));
#318 = ( GEOMETRIC_REPRESENTATION_CONTEXT(2) 
PARAMETRIC_REPRESENTATION_CONTEXT() REPRESENTATION_CONTEXT('2D SPACE',''
  ) );
#319 = PCURVE('',#320,#325);
#320 = CYLINDRICAL_SURFACE('',#321,0.3);
#321 = AXIS2_PLACEMENT_3D('',#322,#323,#324);
#322 = CARTESIAN_POINT('',(-0.601243489246,-3.415351485426,-4.82));
#323 = DIRECTION('',(0.951056516295,0.309016994375,-0.));
#324 = DIRECTION('',(0.,-0.,-1.));
#325 = DEFINITIONAL_REPRESENTATION('',(#326),#330);
#326 = LINE('',#327,#328);
#327 = CARTESIAN_POINT('',(-0.,0.));
#328 = VECTOR('',#329,1.);
#329 = DIRECTION('',(-0.,1.));
#330 = ( GEOMETRIC_REPRESENTATION_CONTEXT(2) 
PARAMETRIC_REPRESENTATION_CONTEXT() REPRESENTATION_CONTEXT('2D SPACE',''
  ) );
#331 = ORIENTED_EDGE('',*,*,#332,.T.);
#332 = EDGE_CURVE('',#305,#333,#335,.T.);
#333 = VERTEX_POINT('',#334);
#334 = CARTESIAN_POINT('',(3.062397850907,-1.690033684736,-5.12));
#335 = SURFACE_CURVE('',#336,(#345,#357),.PCURVE_S1.);
#336 = ( BOUNDED_CURVE() B_SPLINE_CURVE(7,(#337,#338,#339,#340,#341,#342
,#343,#344),.UNSPECIFIED.,.F.,.F.) B_SPLINE_CURVE_WITH_KNOTS((8,8),(
39.400033459717,40.530091685207),.PIECEWISE_BEZIER_KNOTS.) CURVE() 
GEOMETRIC_REPRESENTATION_ITEM() RATIONAL_B_SPLINE_CURVE((1.,1.,1.,1.,1.,
1.,1.,1.)) REPRESENTATION_ITEM('') );
#337 = CARTESIAN_POINT('',(2.553650528094,-2.390264301944,-5.12));
#338 = CARTESIAN_POINT('',(2.682745648457,-2.348338472944,-5.12));
#339 = CARTESIAN_POINT('',(2.800311921,-2.283026838148,-5.12));
#340 = CARTESIAN_POINT('',(2.903389674786,-2.194951220744,-5.12));
#341 = CARTESIAN_POINT('',(2.98471941224,-2.083010440515,-5.12));
#342 = CARTESIAN_POINT('',(3.036631524437,-1.957760808525,-5.12));
#343 = CARTESIAN_POINT('',(3.062416604119,-1.825766233843,-5.12));
#344 = CARTESIAN_POINT('',(3.062397850907,-1.690033684736,-5.12));
#345 = PCURVE('',#50,#346);
#346 = DEFINITIONAL_REPRESENTATION('',(#347),#356);
#347 = B_SPLINE_CURVE_WITH_KNOTS('',7,(#348,#349,#350,#351,#352,#353,
    #354,#355),.UNSPECIFIED.,.F.,.F.,(8,8),(39.400033459717,
    40.530091685207),.PIECEWISE_BEZIER_KNOTS.);
#348 = CARTESIAN_POINT('',(17.553650528094,12.609735698056));
#349 = CARTESIAN_POINT('',(17.682745648457,12.651661527056));
#350 = CARTESIAN_POINT('',(17.800311921,12.716973161852));
#351 = CARTESIAN_POINT('',(17.903389674786,12.805048779257));
#352 = CARTESIAN_POINT('',(17.98471941224,12.916989559485));
#353 = CARTESIAN_POINT('',(18.036631524437,13.042239191476));
#354 = CARTESIAN_POINT('',(18.062416604118,13.174233766157));
#355 = CARTESIAN_POINT('',(18.062397850907,13.309966315264));
#356 = ( GEOMETRIC_REPRESENTATION_CONTEXT(2) 
PARAMETRIC_REPRESENTATION_CONTEXT() REPRESENTATION_CONTEXT('2D SPACE',''
  ) );
#357 = PCURVE('',#358,#383);
#358 = ( BOUNDED_SURFACE() B_SPLINE_SURFACE(2,7,(
    (#359,#360,#361,#362,#363,#364,#365,#366)
    ,(#367,#368,#369,#370,#371,#372,#373,#374)
    ,(#375,#376,#377,#378,#379,#380,#381,#382
)),.UNSPECIFIED.,.F.,.F.,.F.) B_SPLINE_SURFACE_WITH_KNOTS((3,3),(8,8),(
    0.,1.130058225491),(39.400033459717,40.530091685207),
.PIECEWISE_BEZIER_KNOTS.) GEOMETRIC_REPRESENTATION_ITEM() 
RATIONAL_B_SPLINE_SURFACE((
    (1.,1.,1.,1.,1.,1.,1.,1.)
    ,(0.866025412613,0.879133240608,0.887931570504,0.892399701897
      ,0.892399701897,0.887931570504,0.879133240608,0.866025412613)
,(1.,1.,1.,1.,1.,1.,1.,1.))) REPRESENTATION_ITEM('') SURFACE() );
#359 = CARTESIAN_POINT('',(2.553650528094,-2.390264301944,-5.12));
#360 = CARTESIAN_POINT('',(2.682745648457,-2.348338472944,-5.12));
#361 = CARTESIAN_POINT('',(2.800311921,-2.283026838148,-5.12));
#362 = CARTESIAN_POINT('',(2.903389674786,-2.194951220744,-5.12));
#363 = CARTESIAN_POINT('',(2.98471941224,-2.083010440515,-5.12));
#364 = CARTESIAN_POINT('',(3.036631524437,-1.957760808525,-5.12));
#365 = CARTESIAN_POINT('',(3.062416604119,-1.825766233843,-5.12));
#366 = CARTESIAN_POINT('',(3.062397850907,-1.690033684736,-5.12));
#367 = CARTESIAN_POINT('',(2.607240364027,-2.554970485914,-5.12));
#368 = CARTESIAN_POINT('',(2.760212424481,-2.494411812947,-5.12));
#369 = CARTESIAN_POINT('',(2.899429982501,-2.408423186468,-5.12));
#370 = CARTESIAN_POINT('',(3.021269654087,-2.298153933622,-5.12));
#371 = CARTESIAN_POINT('',(3.119297941723,-2.163229570826,-5.12));
#372 = CARTESIAN_POINT('',(3.18651970408,-2.013278084133,-5.12));
#373 = CARTESIAN_POINT('',(3.225279156276,-1.854302371491,-5.12));
#374 = CARTESIAN_POINT('',(3.235602910475,-1.690103637482,-5.12));
#375 = CARTESIAN_POINT('',(2.634035283633,-2.637323582936,
    -4.970000009175));
#376 = CARTESIAN_POINT('',(2.804852150022,-2.573552386926,
    -4.983622063752));
#377 = CARTESIAN_POINT('',(2.958755749319,-2.479404305677,
    -4.993005736165));
#378 = CARTESIAN_POINT('',(3.091600604171,-2.358030910909,-4.99784750967
    ));
#379 = CARTESIAN_POINT('',(3.197977789954,-2.211615275647,-4.99784750967
    ));
#380 = CARTESIAN_POINT('',(3.272359430188,-2.047765869135,
    -4.993005736165));
#381 = CARTESIAN_POINT('',(3.314340748679,-1.872301491049,
    -4.983622063752));
#382 = CARTESIAN_POINT('',(3.322205445556,-1.690138613858,
    -4.970000009175));
#383 = DEFINITIONAL_REPRESENTATION('',(#384),#388);
#384 = LINE('',#385,#386);
#385 = CARTESIAN_POINT('',(0.,0.));
#386 = VECTOR('',#387,1.);
#387 = DIRECTION('',(0.,1.));
#388 = ( GEOMETRIC_REPRESENTATION_CONTEXT(2) 
PARAMETRIC_REPRESENTATION_CONTEXT() REPRESENTATION_CONTEXT('2D SPACE',''
  ) );
#389 = ORIENTED_EDGE('',*,*,#390,.T.);
#390 = EDGE_CURVE('',#333,#391,#393,.T.);
#391 = VERTEX_POINT('',#392);
#392 = CARTESIAN_POINT('',(3.062397829718,1.690138617706,-5.12));
#393 = SURFACE_CURVE('',#394,(#398,#405),.PCURVE_S1.);
#394 = LINE('',#395,#396);
#395 = CARTESIAN_POINT('',(3.062397829718,-1.627218189088,-5.12));
#396 = VECTOR('',#397,1.);
#397 = DIRECTION('',(-0.,1.,0.));
#398 = PCURVE('',#50,#399);
#399 = DEFINITIONAL_REPRESENTATION('',(#400),#404);
#400 = LINE('',#401,#402);
#401 = CARTESIAN_POINT('',(18.062397829718,13.372781810912));
#402 = VECTOR('',#403,1.);
#403 = DIRECTION('',(0.,1.));
#404 = ( GEOMETRIC_REPRESENTATION_CONTEXT(2) 
PARAMETRIC_REPRESENTATION_CONTEXT() REPRESENTATION_CONTEXT('2D SPACE',''
  ) );
#405 = PCURVE('',#406,#411);
#406 = CYLINDRICAL_SURFACE('',#407,0.3);
#407 = AXIS2_PLACEMENT_3D('',#408,#409,#410);
#408 = CARTESIAN_POINT('',(3.062397829718,-1.627218189088,-4.82));
#409 = DIRECTION('',(-0.,1.,0.));
#410 = DIRECTION('',(-0.,0.,-1.));
#411 = DEFINITIONAL_REPRESENTATION('',(#412),#416);
#412 = LINE('',#413,#414);
#413 = CARTESIAN_POINT('',(-0.,0.));
#414 = VECTOR('',#415,1.);
#415 = DIRECTION('',(-0.,1.));
#416 = ( GEOMETRIC_REPRESENTATION_CONTEXT(2) 
PARAMETRIC_REPRESENTATION_CONTEXT() REPRESENTATION_CONTEXT('2D SPACE',''
  ) );
#417 = ORIENTED_EDGE('',*,*,#418,.T.);
#418 = EDGE_CURVE('',#391,#40,#419,.T.);
#419 = SURFACE_CURVE('',#420,(#429,#441),.PCURVE_S1.);
#420 = ( BOUNDED_CURVE() B_SPLINE_CURVE(7,(#421,#422,#423,#424,#425,#426
,#427,#428),.UNSPECIFIED.,.F.,.F.) B_SPLINE_CURVE_WITH_KNOTS((8,8),(
43.910368093055,45.040426318545),.PIECEWISE_BEZIER_KNOTS.) CURVE() 
GEOMETRIC_REPRESENTATION_ITEM() RATIONAL_B_SPLINE_CURVE((1.,1.,1.,1.,1.,
1.,1.,1.)) REPRESENTATION_ITEM('') );
#421 = CARTESIAN_POINT('',(3.062397850907,1.690033684736,-5.12));
#422 = CARTESIAN_POINT('',(3.062416604119,1.825766233843,-5.12));
#423 = CARTESIAN_POINT('',(3.036631524437,1.957760808525,-5.12));
#424 = CARTESIAN_POINT('',(2.98471941224,2.083010440515,-5.12));
#425 = CARTESIAN_POINT('',(2.903389674786,2.194951220744,-5.12));
#426 = CARTESIAN_POINT('',(2.800311921,2.283026838148,-5.12));
#427 = CARTESIAN_POINT('',(2.682745648457,2.348338472944,-5.12));
#428 = CARTESIAN_POINT('',(2.553650528094,2.390264301944,-5.12));
#429 = PCURVE('',#50,#430);
#430 = DEFINITIONAL_REPRESENTATION('',(#431),#440);
#431 = B_SPLINE_CURVE_WITH_KNOTS('',7,(#432,#433,#434,#435,#436,#437,
    #438,#439),.UNSPECIFIED.,.F.,.F.,(8,8),(43.910368093055,
    45.040426318545),.PIECEWISE_BEZIER_KNOTS.);
#432 = CARTESIAN_POINT('',(18.062397850907,16.690033684736));
#433 = CARTESIAN_POINT('',(18.062416604119,16.825766233843));
#434 = CARTESIAN_POINT('',(18.036631524437,16.957760808525));
#435 = CARTESIAN_POINT('',(17.98471941224,17.083010440515));
#436 = CARTESIAN_POINT('',(17.903389674785,17.194951220744));
#437 = CARTESIAN_POINT('',(17.800311921001,17.283026838148));
#438 = CARTESIAN_POINT('',(17.682745648457,17.348338472944));
#439 = CARTESIAN_POINT('',(17.553650528094,17.390264301944));
#440 = ( GEOMETRIC_REPRESENTATION_CONTEXT(2) 
PARAMETRIC_REPRESENTATION_CONTEXT() REPRESENTATION_CONTEXT('2D SPACE',''
  ) );
#441 = PCURVE('',#442,#467);
#442 = ( BOUNDED_SURFACE() B_SPLINE_SURFACE(2,7,(
    (#443,#444,#445,#446,#447,#448,#449,#450)
    ,(#451,#452,#453,#454,#455,#456,#457,#458)
    ,(#459,#460,#461,#462,#463,#464,#465,#466
)),.UNSPECIFIED.,.F.,.F.,.F.) B_SPLINE_SURFACE_WITH_KNOTS((3,3),(8,8),(
    0.,1.130058225491),(43.910368093055,45.040426318545),
.PIECEWISE_BEZIER_KNOTS.) GEOMETRIC_REPRESENTATION_ITEM() 
RATIONAL_B_SPLINE_SURFACE((
    (1.,1.,1.,1.,1.,1.,1.,1.)
    ,(0.866025412613,0.879133240608,0.887931570504,0.892399701897
      ,0.892399701897,0.887931570504,0.879133240608,0.866025412613)
,(1.,1.,1.,1.,1.,1.,1.,1.))) REPRESENTATION_ITEM('') SURFACE() );
#443 = CARTESIAN_POINT('',(3.062397850907,1.690033684736,-5.12));
#444 = CARTESIAN_POINT('',(3.062416604119,1.825766233843,-5.12));
#445 = CARTESIAN_POINT('',(3.036631524437,1.957760808525,-5.12));
#446 = CARTESIAN_POINT('',(2.98471941224,2.083010440515,-5.12));
#447 = CARTESIAN_POINT('',(2.903389674786,2.194951220744,-5.12));
#448 = CARTESIAN_POINT('',(2.800311921,2.283026838148,-5.12));
#449 = CARTESIAN_POINT('',(2.682745648457,2.348338472944,-5.12));
#450 = CARTESIAN_POINT('',(2.553650528094,2.390264301944,-5.12));
#451 = CARTESIAN_POINT('',(3.235602910475,1.690103637482,-5.12));
#452 = CARTESIAN_POINT('',(3.225279156276,1.854302371491,-5.12));
#453 = CARTESIAN_POINT('',(3.18651970408,2.013278084133,-5.12));
#454 = CARTESIAN_POINT('',(3.119297941723,2.163229570826,-5.12));
#455 = CARTESIAN_POINT('',(3.021269654087,2.298153933622,-5.12));
#456 = CARTESIAN_POINT('',(2.899429982501,2.408423186468,-5.12));
#457 = CARTESIAN_POINT('',(2.760212424481,2.494411812947,-5.12));
#458 = CARTESIAN_POINT('',(2.607240364027,2.554970485914,-5.12));
#459 = CARTESIAN_POINT('',(3.322205445556,1.690138613858,-4.970000009175
    ));
#460 = CARTESIAN_POINT('',(3.314340748679,1.872301491049,-4.983622063752
    ));
#461 = CARTESIAN_POINT('',(3.272359430188,2.047765869135,-4.993005736165
    ));
#462 = CARTESIAN_POINT('',(3.197977789954,2.211615275647,-4.99784750967)
  );
#463 = CARTESIAN_POINT('',(3.091600604171,2.358030910909,-4.99784750967)
  );
#464 = CARTESIAN_POINT('',(2.958755749319,2.479404305677,-4.993005736165
    ));
#465 = CARTESIAN_POINT('',(2.804852150022,2.573552386926,-4.983622063752
    ));
#466 = CARTESIAN_POINT('',(2.634035283633,2.637323582936,-4.970000009175
    ));
#467 = DEFINITIONAL_REPRESENTATION('',(#468),#472);
#468 = LINE('',#469,#470);
#469 = CARTESIAN_POINT('',(0.,0.));
#470 = VECTOR('',#471,1.);
#471 = DIRECTION('',(0.,1.));
#472 = ( GEOMETRIC_REPRESENTATION_CONTEXT(2) 
PARAMETRIC_REPRESENTATION_CONTEXT() REPRESENTATION_CONTEXT('2D SPACE',''
  ) );
#473 = FACE_BOUND('',#474,.F.);
#474 = EDGE_LOOP('',(#475));
#475 = ORIENTED_EDGE('',*,*,#476,.F.);
#476 = EDGE_CURVE('',#477,#477,#479,.T.);
#477 = VERTEX_POINT('',#478);
#478 = CARTESIAN_POINT('',(2.2,0.,-5.12));
#479 = SURFACE_CURVE('',#480,(#485,#492),.PCURVE_S1.);
#480 = CIRCLE('',#481,2.2);
#481 = AXIS2_PLACEMENT_3D('',#482,#483,#484);
#482 = CARTESIAN_POINT('',(0.,0.,-5.12));
#483 = DIRECTION('',(0.,0.,1.));
#484 = DIRECTION('',(1.,0.,-0.));
#485 = PCURVE('',#50,#486);
#486 = DEFINITIONAL_REPRESENTATION('',(#487),#491);
#487 = CIRCLE('',#488,2.2);
#488 = AXIS2_PLACEMENT_2D('',#489,#490);
#489 = CARTESIAN_POINT('',(15.,15.));
#490 = DIRECTION('',(1.,0.));
#491 = ( GEOMETRIC_REPRESENTATION_CONTEXT(2) 
PARAMETRIC_REPRESENTATION_CONTEXT() REPRESENTATION_CONTEXT('2D SPACE',''
  ) );
#492 = PCURVE('',#493,#498);
#493 = CONICAL_SURFACE('',#494,2.05,0.785398163397);
#494 = AXIS2_PLACEMENT_3D('',#495,#496,#497);
#495 = CARTESIAN_POINT('',(0.,0.,-4.97));
#496 = DIRECTION('',(-0.,-0.,-1.));
#497 = DIRECTION('',(1.,0.,0.));
#498 = DEFINITIONAL_REPRESENTATION('',(#499),#503);
#499 = LINE('',#500,#501);
#500 = CARTESIAN_POINT('',(-0.,0.15));
#501 = VECTOR('',#502,1.);
#502 = DIRECTION('',(-1.,0.));
#503 = ( GEOMETRIC_REPRESENTATION_CONTEXT(2) 
PARAMETRIC_REPRESENTATION_CONTEXT() REPRESENTATION_CONTEXT('2D SPACE',''
  ) );
#504 = ADVANCED_FACE('',(#505),#62,.T.);
#505 = FACE_BOUND('',#506,.F.);
#506 = EDGE_LOOP('',(#507,#533,#561,#585));
#507 = ORIENTED_EDGE('',*,*,#508,.T.);
#508 = EDGE_CURVE('',#40,#509,#511,.T.);
#509 = VERTEX_POINT('',#510);
#510 = CARTESIAN_POINT('',(2.63403528893,2.637323586785,-4.97));
#511 = SURFACE_CURVE('',#512,(#517,#523),.PCURVE_S1.);
#512 = CIRCLE('',#513,0.3);
#513 = AXIS2_PLACEMENT_3D('',#514,#515,#516);
#514 = CARTESIAN_POINT('',(2.553750318731,2.390231855721,-4.82));
#515 = DIRECTION('',(0.951056516295,-0.309016994375,-0.));
#516 = DIRECTION('',(-0.,0.,-1.));
#517 = PCURVE('',#62,#518);
#518 = DEFINITIONAL_REPRESENTATION('',(#519),#522);
#519 = B_SPLINE_CURVE_WITH_KNOTS('',1,(#520,#521),.UNSPECIFIED.,.F.,.F.,
  (2,2),(0.,1.047197551197),.PIECEWISE_BEZIER_KNOTS.);
#520 = CARTESIAN_POINT('',(0.,-6.292042861824E-02));
#521 = CARTESIAN_POINT('',(-1.047197551197,-6.292042861824E-02));
#522 = ( GEOMETRIC_REPRESENTATION_CONTEXT(2) 
PARAMETRIC_REPRESENTATION_CONTEXT() REPRESENTATION_CONTEXT('2D SPACE',''
  ) );
#523 = PCURVE('',#442,#524);
#524 = DEFINITIONAL_REPRESENTATION('',(#525),#532);
#525 = B_SPLINE_CURVE_WITH_KNOTS('',5,(#526,#527,#528,#529,#530,#531),
  .UNSPECIFIED.,.F.,.F.,(6,6),(0.,1.047197551197),
  .PIECEWISE_BEZIER_KNOTS.);
#526 = CARTESIAN_POINT('',(0.,45.040426318545));
#527 = CARTESIAN_POINT('',(0.236678848527,45.040426318545));
#528 = CARTESIAN_POINT('',(0.456767594166,45.040426318546));
#529 = CARTESIAN_POINT('',(0.673290587904,45.040426318545));
#530 = CARTESIAN_POINT('',(0.893379376963,45.040426318546));
#531 = CARTESIAN_POINT('',(1.130058225491,45.040426318545));
#532 = ( GEOMETRIC_REPRESENTATION_CONTEXT(2) 
PARAMETRIC_REPRESENTATION_CONTEXT() REPRESENTATION_CONTEXT('2D SPACE',''
  ) );
#533 = ORIENTED_EDGE('',*,*,#534,.T.);
#534 = EDGE_CURVE('',#509,#535,#537,.T.);
#535 = VERTEX_POINT('',#536);
#536 = CARTESIAN_POINT('',(-0.580799402693,3.681886698226,-4.97));
#537 = SURFACE_CURVE('',#538,(#542,#549),.PCURVE_S1.);
#538 = LINE('',#539,#540);
#539 = CARTESIAN_POINT('',(2.574194405285,2.656767068521,-4.97));
#540 = VECTOR('',#541,1.);
#541 = DIRECTION('',(-0.951056516295,0.309016994375,0.));
#542 = PCURVE('',#62,#543);
#543 = DEFINITIONAL_REPRESENTATION('',(#544),#548);
#544 = LINE('',#545,#546);
#545 = CARTESIAN_POINT('',(-1.047197551197,0.));
#546 = VECTOR('',#547,1.);
#547 = DIRECTION('',(-0.,1.));
#548 = ( GEOMETRIC_REPRESENTATION_CONTEXT(2) 
PARAMETRIC_REPRESENTATION_CONTEXT() REPRESENTATION_CONTEXT('2D SPACE',''
  ) );
#549 = PCURVE('',#550,#555);
#550 = PLANE('',#551);
#551 = AXIS2_PLACEMENT_3D('',#552,#553,#554);
#552 = CARTESIAN_POINT('',(12.948076573001,-8.690937555687,
    -18.11038105676));
#553 = DIRECTION('',(0.26761656733,0.823639103546,-0.5));
#554 = DIRECTION('',(0.154508497187,0.475528258148,0.866025403784));
#555 = DEFINITIONAL_REPRESENTATION('',(#556),#560);
#556 = LINE('',#557,#558);
#557 = CARTESIAN_POINT('',(15.173205080757,-13.37278181091));
#558 = VECTOR('',#559,1.);
#559 = DIRECTION('',(0.,-1.));
#560 = ( GEOMETRIC_REPRESENTATION_CONTEXT(2) 
PARAMETRIC_REPRESENTATION_CONTEXT() REPRESENTATION_CONTEXT('2D SPACE',''
  ) );
#561 = ORIENTED_EDGE('',*,*,#562,.F.);
#562 = EDGE_CURVE('',#42,#535,#563,.T.);
#563 = SURFACE_CURVE('',#564,(#569,#575),.PCURVE_S1.);
#564 = CIRCLE('',#565,0.3);
#565 = AXIS2_PLACEMENT_3D('',#566,#567,#568);
#566 = CARTESIAN_POINT('',(-0.661084372892,3.434794967162,-4.82));
#567 = DIRECTION('',(0.951056516295,-0.309016994375,-0.));
#568 = DIRECTION('',(-0.,0.,-1.));
#569 = PCURVE('',#62,#570);
#570 = DEFINITIONAL_REPRESENTATION('',(#571),#574);
#571 = B_SPLINE_CURVE_WITH_KNOTS('',1,(#572,#573),.UNSPECIFIED.,.F.,.F.,
  (2,2),(0.,1.047197551197),.PIECEWISE_BEZIER_KNOTS.);
#572 = CARTESIAN_POINT('',(0.,3.317356806794));
#573 = CARTESIAN_POINT('',(-1.047197551197,3.317356806794));
#574 = ( GEOMETRIC_REPRESENTATION_CONTEXT(2) 
PARAMETRIC_REPRESENTATION_CONTEXT() REPRESENTATION_CONTEXT('2D SPACE',''
  ) );
#575 = PCURVE('',#100,#576);
#576 = DEFINITIONAL_REPRESENTATION('',(#577),#584);
#577 = B_SPLINE_CURVE_WITH_KNOTS('',5,(#578,#579,#580,#581,#582,#583),
  .UNSPECIFIED.,.F.,.F.,(6,6),(0.,1.047197551197),
  .PIECEWISE_BEZIER_KNOTS.);
#578 = CARTESIAN_POINT('',(0.,25.869029559702));
#579 = CARTESIAN_POINT('',(0.236678848527,25.869029559702));
#580 = CARTESIAN_POINT('',(0.456767594166,25.869029559703));
#581 = CARTESIAN_POINT('',(0.673290587904,25.869029559702));
#582 = CARTESIAN_POINT('',(0.893379376964,25.869029559702));
#583 = CARTESIAN_POINT('',(1.130058225491,25.869029559702));
#584 = ( GEOMETRIC_REPRESENTATION_CONTEXT(2) 
PARAMETRIC_REPRESENTATION_CONTEXT() REPRESENTATION_CONTEXT('2D SPACE',''
  ) );
#585 = ORIENTED_EDGE('',*,*,#39,.F.);
#586 = ADVANCED_FACE('',(#587),#442,.F.);
#587 = FACE_BOUND('',#588,.F.);
#588 = EDGE_LOOP('',(#589,#615,#651,#652));
#589 = ORIENTED_EDGE('',*,*,#590,.T.);
#590 = EDGE_CURVE('',#391,#591,#593,.T.);
#591 = VERTEX_POINT('',#592);
#592 = CARTESIAN_POINT('',(3.322205450853,1.690138617706,-4.97));
#593 = SURFACE_CURVE('',#594,(#599,#609),.PCURVE_S1.);
#594 = CIRCLE('',#595,0.3);
#595 = AXIS2_PLACEMENT_3D('',#596,#597,#598);
#596 = CARTESIAN_POINT('',(3.062397829718,1.690138617706,-4.82));
#597 = DIRECTION('',(0.,-1.,-0.));
#598 = DIRECTION('',(-0.,0.,-1.));
#599 = PCURVE('',#442,#600);
#600 = DEFINITIONAL_REPRESENTATION('',(#601),#608);
#601 = B_SPLINE_CURVE_WITH_KNOTS('',5,(#602,#603,#604,#605,#606,#607),
  .UNSPECIFIED.,.F.,.F.,(6,6),(0.,1.047197551197),
  .PIECEWISE_BEZIER_KNOTS.);
#602 = CARTESIAN_POINT('',(3.330669073875E-16,43.910368093055));
#603 = CARTESIAN_POINT('',(0.236678848527,43.910368093054));
#604 = CARTESIAN_POINT('',(0.456767594166,43.910368093055));
#605 = CARTESIAN_POINT('',(0.673290587904,43.910368093054));
#606 = CARTESIAN_POINT('',(0.893379376964,43.910368093055));
#607 = CARTESIAN_POINT('',(1.130058225491,43.910368093055));
#608 = ( GEOMETRIC_REPRESENTATION_CONTEXT(2) 
PARAMETRIC_REPRESENTATION_CONTEXT() REPRESENTATION_CONTEXT('2D SPACE',''
  ) );
#609 = PCURVE('',#406,#610);
#610 = DEFINITIONAL_REPRESENTATION('',(#611),#614);
#611 = B_SPLINE_CURVE_WITH_KNOTS('',1,(#612,#613),.UNSPECIFIED.,.F.,.F.,
  (2,2),(0.,1.047197551197),.PIECEWISE_BEZIER_KNOTS.);
#612 = CARTESIAN_POINT('',(0.,3.317356806794));
#613 = CARTESIAN_POINT('',(-1.047197551197,3.317356806794));
#614 = ( GEOMETRIC_REPRESENTATION_CONTEXT(2) 
PARAMETRIC_REPRESENTATION_CONTEXT() REPRESENTATION_CONTEXT('2D SPACE',''
  ) );
#615 = ORIENTED_EDGE('',*,*,#616,.T.);
#616 = EDGE_CURVE('',#591,#509,#617,.T.);
#617 = SURFACE_CURVE('',#618,(#627,#634),.PCURVE_S1.);
#618 = ( BOUNDED_CURVE() B_SPLINE_CURVE(7,(#619,#620,#621,#622,#623,#624
,#625,#626),.UNSPECIFIED.,.F.,.F.) B_SPLINE_CURVE_WITH_KNOTS((8,8),(
43.910368093055,45.040426318545),.PIECEWISE_BEZIER_KNOTS.) CURVE() 
GEOMETRIC_REPRESENTATION_ITEM() RATIONAL_B_SPLINE_CURVE((1.,1.,1.,1.,1.,
1.,1.,1.)) REPRESENTATION_ITEM('') );
#619 = CARTESIAN_POINT('',(3.322205445556,1.690138613858,-4.970000009175
    ));
#620 = CARTESIAN_POINT('',(3.314340748679,1.872301491049,-4.983622063752
    ));
#621 = CARTESIAN_POINT('',(3.272359430188,2.047765869135,-4.993005736165
    ));
#622 = CARTESIAN_POINT('',(3.197977789954,2.211615275647,-4.99784750967)
  );
#623 = CARTESIAN_POINT('',(3.091600604171,2.358030910909,-4.99784750967)
  );
#624 = CARTESIAN_POINT('',(2.958755749319,2.479404305677,-4.993005736165
    ));
#625 = CARTESIAN_POINT('',(2.804852150022,2.573552386926,-4.983622063752
    ));
#626 = CARTESIAN_POINT('',(2.634035283633,2.637323582936,-4.970000009175
    ));
#627 = PCURVE('',#442,#628);
#628 = DEFINITIONAL_REPRESENTATION('',(#629),#633);
#629 = LINE('',#630,#631);
#630 = CARTESIAN_POINT('',(1.130058225491,0.));
#631 = VECTOR('',#632,1.);
#632 = DIRECTION('',(0.,1.));
#633 = ( GEOMETRIC_REPRESENTATION_CONTEXT(2) 
PARAMETRIC_REPRESENTATION_CONTEXT() REPRESENTATION_CONTEXT('2D SPACE',''
  ) );
#634 = PCURVE('',#635,#640);
#635 = CYLINDRICAL_SURFACE('',#636,1.15);
#636 = AXIS2_PLACEMENT_3D('',#637,#638,#639);
#637 = CARTESIAN_POINT('',(2.3557803677,1.711574623774,-4.343897345729)
  );
#638 = DIRECTION('',(0.469951793046,0.34143996376,0.813980382663));
#639 = DIRECTION('',(0.26761656733,0.823639103546,-0.5));
#640 = DEFINITIONAL_REPRESENTATION('',(#641),#650);
#641 = B_SPLINE_CURVE_WITH_KNOTS('',7,(#642,#643,#644,#645,#646,#647,
    #648,#649),.UNSPECIFIED.,.F.,.F.,(8,8),(43.910368093055,
    45.040426318545),.PIECEWISE_BEZIER_KNOTS.);
#642 = CARTESIAN_POINT('',(-1.068131150017,-6.278119784465E-02));
#643 = CARTESIAN_POINT('',(-0.914577945531,-1.536762525483E-02));
#644 = CARTESIAN_POINT('',(-0.762517918621,1.717539650182E-02));
#645 = CARTESIAN_POINT('',(-0.610434625969,3.422362208536E-02));
#646 = CARTESIAN_POINT('',(-0.457696524048,3.422362208541E-02));
#647 = CARTESIAN_POINT('',(-0.305613231395,1.717539650179E-02));
#648 = CARTESIAN_POINT('',(-0.153553204485,-1.536762525483E-02));
#649 = CARTESIAN_POINT('',(1.110223024625E-16,-6.278119784464E-02));
#650 = ( GEOMETRIC_REPRESENTATION_CONTEXT(2) 
PARAMETRIC_REPRESENTATION_CONTEXT() REPRESENTATION_CONTEXT('2D SPACE',''
  ) );
#651 = ORIENTED_EDGE('',*,*,#508,.F.);
#652 = ORIENTED_EDGE('',*,*,#418,.F.);
#653 = ADVANCED_FACE('',(#654),#100,.F.);
#654 = FACE_BOUND('',#655,.F.);
#655 = EDGE_LOOP('',(#656,#657,#695,#716));
#656 = ORIENTED_EDGE('',*,*,#562,.T.);
#657 = ORIENTED_EDGE('',*,*,#658,.T.);
#658 = EDGE_CURVE('',#535,#659,#661,.T.);
#659 = VERTEX_POINT('',#660);
#660 = CARTESIAN_POINT('',(-1.694282112704,3.320094227444,
    -4.970000009175));
#661 = SURFACE_CURVE('',#662,(#671,#678),.PCURVE_S1.);
#662 = ( BOUNDED_CURVE() B_SPLINE_CURVE(7,(#663,#664,#665,#666,#667,#668
,#669,#670),.UNSPECIFIED.,.F.,.F.) B_SPLINE_CURVE_WITH_KNOTS((8,8),(
25.869029559702,26.999087785193),.PIECEWISE_BEZIER_KNOTS.) CURVE() 
GEOMETRIC_REPRESENTATION_ITEM() RATIONAL_B_SPLINE_CURVE((1.,1.,1.,1.,1.,
1.,1.,1.)) REPRESENTATION_ITEM('') );
#663 = CARTESIAN_POINT('',(-0.58079940067,3.681886691999,-4.970000009175
    ));
#664 = CARTESIAN_POINT('',(-0.75647691704,3.730698345581,-4.983622063752
    ));
#665 = CARTESIAN_POINT('',(-0.936326398057,3.744993213804,
    -4.993005736165));
#666 = CARTESIAN_POINT('',(-1.115141634712,3.724884321297,-4.99784750967
    ));
#667 = CARTESIAN_POINT('',(-1.287263536937,3.668958525112,-4.99784750967
    ));
#668 = CARTESIAN_POINT('',(-1.4437478127,3.580122001896,-4.993005736165)
  );
#669 = CARTESIAN_POINT('',(-1.580846786547,3.462844337997,
    -4.983622063752));
#670 = CARTESIAN_POINT('',(-1.694282112704,3.320094227444,
    -4.970000009175));
#671 = PCURVE('',#100,#672);
#672 = DEFINITIONAL_REPRESENTATION('',(#673),#677);
#673 = LINE('',#674,#675);
#674 = CARTESIAN_POINT('',(1.130058225491,0.));
#675 = VECTOR('',#676,1.);
#676 = DIRECTION('',(0.,1.));
#677 = ( GEOMETRIC_REPRESENTATION_CONTEXT(2) 
PARAMETRIC_REPRESENTATION_CONTEXT() REPRESENTATION_CONTEXT('2D SPACE',''
  ) );
#678 = PCURVE('',#679,#684);
#679 = CYLINDRICAL_SURFACE('',#680,1.15);
#680 = AXIS2_PLACEMENT_3D('',#681,#682,#683);
#681 = CARTESIAN_POINT('',(-0.899828030432,2.769385915549,
    -4.343897345729));
#682 = DIRECTION('',(-0.17950561187,0.552461466481,0.813980382663));
#683 = DIRECTION('',(0.26761656733,0.823639103546,-0.5));
#684 = DEFINITIONAL_REPRESENTATION('',(#685),#694);
#685 = B_SPLINE_CURVE_WITH_KNOTS('',7,(#686,#687,#688,#689,#690,#691,
    #692,#693),.UNSPECIFIED.,.F.,.F.,(8,8),(25.869029559702,
    26.999087785193),.PIECEWISE_BEZIER_KNOTS.);
#686 = CARTESIAN_POINT('',(4.30166340731E-16,-6.278119784465E-02));
#687 = CARTESIAN_POINT('',(0.153553204485,-1.536762525483E-02));
#688 = CARTESIAN_POINT('',(0.305613231395,1.717539650182E-02));
#689 = CARTESIAN_POINT('',(0.457696524048,3.422362208532E-02));
#690 = CARTESIAN_POINT('',(0.610434625969,3.422362208546E-02));
#691 = CARTESIAN_POINT('',(0.762517918622,1.717539650173E-02));
#692 = CARTESIAN_POINT('',(0.914577945531,-1.536762525481E-02));
#693 = CARTESIAN_POINT('',(1.068131150017,-6.278119784465E-02));
#694 = ( GEOMETRIC_REPRESENTATION_CONTEXT(2) 
PARAMETRIC_REPRESENTATION_CONTEXT() REPRESENTATION_CONTEXT('2D SPACE',''
  ) );
#695 = ORIENTED_EDGE('',*,*,#696,.F.);
#696 = EDGE_CURVE('',#75,#659,#697,.T.);
#697 = SURFACE_CURVE('',#698,(#702,#708),.PCURVE_S1.);
#698 = ( BOUNDED_CURVE() B_SPLINE_CURVE(2,(#699,#700,#701),
.UNSPECIFIED.,.F.,.F.) B_SPLINE_CURVE_WITH_KNOTS((3,3),(0.,
1.130058225491),.PIECEWISE_BEZIER_KNOTS.) CURVE() 
GEOMETRIC_REPRESENTATION_ITEM() RATIONAL_B_SPLINE_CURVE((1.,
0.866025412613,1.)) REPRESENTATION_ITEM('') );
#699 = CARTESIAN_POINT('',(-1.484155029156,3.167298265433,-5.12));
#700 = CARTESIAN_POINT('',(-1.624239748665,3.26916223803,-5.12));
#701 = CARTESIAN_POINT('',(-1.694282112704,3.320094227444,
    -4.970000009175));
#702 = PCURVE('',#100,#703);
#703 = DEFINITIONAL_REPRESENTATION('',(#704),#707);
#704 = B_SPLINE_CURVE_WITH_KNOTS('',1,(#705,#706),.UNSPECIFIED.,.F.,.F.,
  (2,2),(0.,1.130058225491),.PIECEWISE_BEZIER_KNOTS.);
#705 = CARTESIAN_POINT('',(0.,26.999087785193));
#706 = CARTESIAN_POINT('',(1.130058225491,26.999087785193));
#707 = ( GEOMETRIC_REPRESENTATION_CONTEXT(2) 
PARAMETRIC_REPRESENTATION_CONTEXT() REPRESENTATION_CONTEXT('2D SPACE',''
  ) );
#708 = PCURVE('',#148,#709);
#709 = DEFINITIONAL_REPRESENTATION('',(#710),#715);
#710 = B_SPLINE_CURVE_WITH_KNOTS('',3,(#711,#712,#713,#714),
  .UNSPECIFIED.,.F.,.F.,(4,4),(0.,1.130058225491),
  .PIECEWISE_BEZIER_KNOTS.);
#711 = CARTESIAN_POINT('',(1.110223024625E-16,-6.292042861824E-02));
#712 = CARTESIAN_POINT('',(-0.333333323139,-6.292042861824E-02));
#713 = CARTESIAN_POINT('',(-0.713864228058,-6.292042861824E-02));
#714 = CARTESIAN_POINT('',(-1.047197551197,-6.292042861824E-02));
#715 = ( GEOMETRIC_REPRESENTATION_CONTEXT(2) 
PARAMETRIC_REPRESENTATION_CONTEXT() REPRESENTATION_CONTEXT('2D SPACE',''
  ) );
#716 = ORIENTED_EDGE('',*,*,#74,.F.);
#717 = ADVANCED_FACE('',(#718),#406,.T.);
#718 = FACE_BOUND('',#719,.F.);
#719 = EDGE_LOOP('',(#720,#743,#769,#770));
#720 = ORIENTED_EDGE('',*,*,#721,.T.);
#721 = EDGE_CURVE('',#333,#722,#724,.T.);
#722 = VERTEX_POINT('',#723);
#723 = CARTESIAN_POINT('',(3.322205445556,-1.690138613858,
    -4.970000009175));
#724 = SURFACE_CURVE('',#725,(#729,#737),.PCURVE_S1.);
#725 = ( BOUNDED_CURVE() B_SPLINE_CURVE(2,(#726,#727,#728),
.UNSPECIFIED.,.F.,.F.) B_SPLINE_CURVE_WITH_KNOTS((3,3),(0.,
1.130058225491),.PIECEWISE_BEZIER_KNOTS.) CURVE() 
GEOMETRIC_REPRESENTATION_ITEM() RATIONAL_B_SPLINE_CURVE((1.,
0.866025412613,1.)) REPRESENTATION_ITEM('') );
#726 = CARTESIAN_POINT('',(3.062397850907,-1.690033684736,-5.12));
#727 = CARTESIAN_POINT('',(3.235602910475,-1.690103637482,-5.12));
#728 = CARTESIAN_POINT('',(3.322205445556,-1.690138613858,
    -4.970000009175));
#729 = PCURVE('',#406,#730);
#730 = DEFINITIONAL_REPRESENTATION('',(#731),#736);
#731 = B_SPLINE_CURVE_WITH_KNOTS('',3,(#732,#733,#734,#735),
  .UNSPECIFIED.,.F.,.F.,(4,4),(0.,1.130058225491),
  .PIECEWISE_BEZIER_KNOTS.);
#732 = CARTESIAN_POINT('',(0.,-6.292042861824E-02));
#733 = CARTESIAN_POINT('',(-0.333333323139,-6.292042861824E-02));
#734 = CARTESIAN_POINT('',(-0.713864228058,-6.292042861824E-02));
#735 = CARTESIAN_POINT('',(-1.047197551197,-6.292042861824E-02));
#736 = ( GEOMETRIC_REPRESENTATION_CONTEXT(2) 
PARAMETRIC_REPRESENTATION_CONTEXT() REPRESENTATION_CONTEXT('2D SPACE',''
  ) );
#737 = PCURVE('',#358,#738);
#738 = DEFINITIONAL_REPRESENTATION('',(#739),#742);
#739 = B_SPLINE_CURVE_WITH_KNOTS('',1,(#740,#741),.UNSPECIFIED.,.F.,.F.,
  (2,2),(0.,1.130058225491),.PIECEWISE_BEZIER_KNOTS.);
#740 = CARTESIAN_POINT('',(0.,40.530091685207));
#741 = CARTESIAN_POINT('',(1.130058225491,40.530091685207));
#742 = ( GEOMETRIC_REPRESENTATION_CONTEXT(2) 
PARAMETRIC_REPRESENTATION_CONTEXT() REPRESENTATION_CONTEXT('2D SPACE',''
  ) );
#743 = ORIENTED_EDGE('',*,*,#744,.T.);
#744 = EDGE_CURVE('',#722,#591,#745,.T.);
#745 = SURFACE_CURVE('',#746,(#750,#757),.PCURVE_S1.);
#746 = LINE('',#747,#748);
#747 = CARTESIAN_POINT('',(3.322205450853,-1.627218189088,-4.97));
#748 = VECTOR('',#749,1.);
#749 = DIRECTION('',(-0.,1.,0.));
#750 = PCURVE('',#406,#751);
#751 = DEFINITIONAL_REPRESENTATION('',(#752),#756);
#752 = LINE('',#753,#754);
#753 = CARTESIAN_POINT('',(-1.047197551197,0.));
#754 = VECTOR('',#755,1.);
#755 = DIRECTION('',(-0.,1.));
#756 = ( GEOMETRIC_REPRESENTATION_CONTEXT(2) 
PARAMETRIC_REPRESENTATION_CONTEXT() REPRESENTATION_CONTEXT('2D SPACE',''
  ) );
#757 = PCURVE('',#758,#763);
#758 = PLANE('',#759);
#759 = AXIS2_PLACEMENT_3D('',#760,#761,#762);
#760 = CARTESIAN_POINT('',(-4.264397089525,-15.,-18.11038105676));
#761 = DIRECTION('',(0.866025403784,0.,-0.5));
#762 = DIRECTION('',(0.5,0.,0.866025403784));
#763 = DEFINITIONAL_REPRESENTATION('',(#764),#768);
#764 = LINE('',#765,#766);
#765 = CARTESIAN_POINT('',(15.173205080757,-13.37278181091));
#766 = VECTOR('',#767,1.);
#767 = DIRECTION('',(0.,-1.));
#768 = ( GEOMETRIC_REPRESENTATION_CONTEXT(2) 
PARAMETRIC_REPRESENTATION_CONTEXT() REPRESENTATION_CONTEXT('2D SPACE',''
  ) );
#769 = ORIENTED_EDGE('',*,*,#590,.F.);
#770 = ORIENTED_EDGE('',*,*,#390,.F.);
#771 = ADVANCED_FACE('',(#772),#148,.T.);
#772 = FACE_BOUND('',#773,.F.);
#773 = EDGE_LOOP('',(#774,#775,#803,#827));
#774 = ORIENTED_EDGE('',*,*,#696,.T.);
#775 = ORIENTED_EDGE('',*,*,#776,.T.);
#776 = EDGE_CURVE('',#659,#777,#779,.T.);
#777 = VERTEX_POINT('',#778);
#778 = CARTESIAN_POINT('',(-3.681159222363,0.585392504523,-4.97));
#779 = SURFACE_CURVE('',#780,(#784,#791),.PCURVE_S1.);
#780 = LINE('',#781,#782);
#781 = CARTESIAN_POINT('',(-1.731265814737,3.269190537625,-4.97));
#782 = VECTOR('',#783,1.);
#783 = DIRECTION('',(-0.587785252292,-0.809016994375,0.));
#784 = PCURVE('',#148,#785);
#785 = DEFINITIONAL_REPRESENTATION('',(#786),#790);
#786 = LINE('',#787,#788);
#787 = CARTESIAN_POINT('',(-1.047197551197,0.));
#788 = VECTOR('',#789,1.);
#789 = DIRECTION('',(-0.,1.));
#790 = ( GEOMETRIC_REPRESENTATION_CONTEXT(2) 
PARAMETRIC_REPRESENTATION_CONTEXT() REPRESENTATION_CONTEXT('2D SPACE',''
  ) );
#791 = PCURVE('',#792,#797);
#792 = PLANE('',#793);
#793 = AXIS2_PLACEMENT_3D('',#794,#795,#796);
#794 = CARTESIAN_POINT('',(12.266748500576,9.628705196482,
    -18.11038105676));
#795 = DIRECTION('',(-0.700629269222,0.509036960455,-0.5));
#796 = DIRECTION('',(-0.404508497187,0.293892626146,0.866025403784));
#797 = DEFINITIONAL_REPRESENTATION('',(#798),#802);
#798 = LINE('',#799,#800);
#799 = CARTESIAN_POINT('',(15.173205080757,-13.37278181091));
#800 = VECTOR('',#801,1.);
#801 = DIRECTION('',(2.775557561563E-17,-1.));
#802 = ( GEOMETRIC_REPRESENTATION_CONTEXT(2) 
PARAMETRIC_REPRESENTATION_CONTEXT() REPRESENTATION_CONTEXT('2D SPACE',''
  ) );
#803 = ORIENTED_EDGE('',*,*,#804,.F.);
#804 = EDGE_CURVE('',#133,#777,#805,.T.);
#805 = SURFACE_CURVE('',#806,(#811,#817),.PCURVE_S1.);
#806 = CIRCLE('',#807,0.3);
#807 = AXIS2_PLACEMENT_3D('',#808,#809,#810);
#808 = CARTESIAN_POINT('',(-3.470970441596,0.432681416387,-4.82));
#809 = DIRECTION('',(0.587785252292,0.809016994375,0.));
#810 = DIRECTION('',(-0.,0.,-1.));
#811 = PCURVE('',#148,#812);
#812 = DEFINITIONAL_REPRESENTATION('',(#813),#816);
#813 = B_SPLINE_CURVE_WITH_KNOTS('',1,(#814,#815),.UNSPECIFIED.,.F.,.F.,
  (2,2),(0.,1.047197551197),.PIECEWISE_BEZIER_KNOTS.);
#814 = CARTESIAN_POINT('',(0.,3.317356806794));
#815 = CARTESIAN_POINT('',(-1.047197551197,3.317356806794));
#816 = ( GEOMETRIC_REPRESENTATION_CONTEXT(2) 
PARAMETRIC_REPRESENTATION_CONTEXT() REPRESENTATION_CONTEXT('2D SPACE',''
  ) );
#817 = PCURVE('',#186,#818);
#818 = DEFINITIONAL_REPRESENTATION('',(#819),#826);
#819 = B_SPLINE_CURVE_WITH_KNOTS('',5,(#820,#821,#822,#823,#824,#825),
  .UNSPECIFIED.,.F.,.F.,(6,6),(0.,1.047197551197),
  .PIECEWISE_BEZIER_KNOTS.);
#820 = CARTESIAN_POINT('',(0.,30.37936419304));
#821 = CARTESIAN_POINT('',(0.236678848527,30.37936419304));
#822 = CARTESIAN_POINT('',(0.456767594166,30.379364193041));
#823 = CARTESIAN_POINT('',(0.673290587904,30.37936419304));
#824 = CARTESIAN_POINT('',(0.893379376963,30.37936419304));
#825 = CARTESIAN_POINT('',(1.130058225491,30.37936419304));
#826 = ( GEOMETRIC_REPRESENTATION_CONTEXT(2) 
PARAMETRIC_REPRESENTATION_CONTEXT() REPRESENTATION_CONTEXT('2D SPACE',''
  ) );
#827 = ORIENTED_EDGE('',*,*,#132,.F.);
#828 = ADVANCED_FACE('',(#829),#358,.F.);
#829 = FACE_BOUND('',#830,.F.);
#830 = EDGE_LOOP('',(#831,#857,#893,#894));
#831 = ORIENTED_EDGE('',*,*,#832,.T.);
#832 = EDGE_CURVE('',#305,#833,#835,.T.);
#833 = VERTEX_POINT('',#834);
#834 = CARTESIAN_POINT('',(2.63403528893,-2.637323586785,-4.97));
#835 = SURFACE_CURVE('',#836,(#841,#851),.PCURVE_S1.);
#836 = CIRCLE('',#837,0.3);
#837 = AXIS2_PLACEMENT_3D('',#838,#839,#840);
#838 = CARTESIAN_POINT('',(2.553750318731,-2.390231855721,-4.82));
#839 = DIRECTION('',(-0.951056516295,-0.309016994375,0.));
#840 = DIRECTION('',(0.,-0.,-1.));
#841 = PCURVE('',#358,#842);
#842 = DEFINITIONAL_REPRESENTATION('',(#843),#850);
#843 = B_SPLINE_CURVE_WITH_KNOTS('',5,(#844,#845,#846,#847,#848,#849),
  .UNSPECIFIED.,.F.,.F.,(6,6),(0.,1.047197551197),
  .PIECEWISE_BEZIER_KNOTS.);
#844 = CARTESIAN_POINT('',(1.110223024625E-16,39.400033459717));
#845 = CARTESIAN_POINT('',(0.236678848527,39.400033459716));
#846 = CARTESIAN_POINT('',(0.456767594165,39.400033459717));
#847 = CARTESIAN_POINT('',(0.673290587904,39.400033459716));
#848 = CARTESIAN_POINT('',(0.893379376964,39.400033459717));
#849 = CARTESIAN_POINT('',(1.130058225491,39.400033459717));
#850 = ( GEOMETRIC_REPRESENTATION_CONTEXT(2) 
PARAMETRIC_REPRESENTATION_CONTEXT() REPRESENTATION_CONTEXT('2D SPACE',''
  ) );
#851 = PCURVE('',#320,#852);
#852 = DEFINITIONAL_REPRESENTATION('',(#853),#856);
#853 = B_SPLINE_CURVE_WITH_KNOTS('',1,(#854,#855),.UNSPECIFIED.,.F.,.F.,
  (2,2),(0.,1.047197551197),.PIECEWISE_BEZIER_KNOTS.);
#854 = CARTESIAN_POINT('',(0.,3.317356806794));
#855 = CARTESIAN_POINT('',(-1.047197551197,3.317356806794));
#856 = ( GEOMETRIC_REPRESENTATION_CONTEXT(2) 
PARAMETRIC_REPRESENTATION_CONTEXT() REPRESENTATION_CONTEXT('2D SPACE',''
  ) );
#857 = ORIENTED_EDGE('',*,*,#858,.T.);
#858 = EDGE_CURVE('',#833,#722,#859,.T.);
#859 = SURFACE_CURVE('',#860,(#869,#876),.PCURVE_S1.);
#860 = ( BOUNDED_CURVE() B_SPLINE_CURVE(7,(#861,#862,#863,#864,#865,#866
,#867,#868),.UNSPECIFIED.,.F.,.F.) B_SPLINE_CURVE_WITH_KNOTS((8,8),(
39.400033459717,40.530091685207),.PIECEWISE_BEZIER_KNOTS.) CURVE() 
GEOMETRIC_REPRESENTATION_ITEM() RATIONAL_B_SPLINE_CURVE((1.,1.,1.,1.,1.,
1.,1.,1.)) REPRESENTATION_ITEM('') );
#861 = CARTESIAN_POINT('',(2.634035283633,-2.637323582936,
    -4.970000009175));
#862 = CARTESIAN_POINT('',(2.804852150022,-2.573552386926,
    -4.983622063752));
#863 = CARTESIAN_POINT('',(2.958755749319,-2.479404305677,
    -4.993005736165));
#864 = CARTESIAN_POINT('',(3.091600604171,-2.358030910909,-4.99784750967
    ));
#865 = CARTESIAN_POINT('',(3.197977789954,-2.211615275647,-4.99784750967
    ));
#866 = CARTESIAN_POINT('',(3.272359430188,-2.047765869135,
    -4.993005736165));
#867 = CARTESIAN_POINT('',(3.314340748679,-1.872301491049,
    -4.983622063752));
#868 = CARTESIAN_POINT('',(3.322205445556,-1.690138613858,
    -4.970000009175));
#869 = PCURVE('',#358,#870);
#870 = DEFINITIONAL_REPRESENTATION('',(#871),#875);
#871 = LINE('',#872,#873);
#872 = CARTESIAN_POINT('',(1.130058225491,0.));
#873 = VECTOR('',#874,1.);
#874 = DIRECTION('',(0.,1.));
#875 = ( GEOMETRIC_REPRESENTATION_CONTEXT(2) 
PARAMETRIC_REPRESENTATION_CONTEXT() REPRESENTATION_CONTEXT('2D SPACE',''
  ) );
#876 = PCURVE('',#877,#882);
#877 = CYLINDRICAL_SURFACE('',#878,1.15);
#878 = AXIS2_PLACEMENT_3D('',#879,#880,#881);
#879 = CARTESIAN_POINT('',(5.9180315286,-4.299701587605,1.826102654271)
  );
#880 = DIRECTION('',(-0.469951793046,0.34143996376,-0.813980382663));
#881 = DIRECTION('',(0.866025403784,0.,-0.5));
#882 = DEFINITIONAL_REPRESENTATION('',(#883),#892);
#883 = B_SPLINE_CURVE_WITH_KNOTS('',7,(#884,#885,#886,#887,#888,#889,
    #890,#891),.UNSPECIFIED.,.F.,.F.,(8,8),(39.400033459717,
    40.530091685207),.PIECEWISE_BEZIER_KNOTS.);
#884 = CARTESIAN_POINT('',(1.068131150017,7.642816455958));
#885 = CARTESIAN_POINT('',(0.914577945531,7.595402883368));
#886 = CARTESIAN_POINT('',(0.762517918622,7.562859861611));
#887 = CARTESIAN_POINT('',(0.610434625969,7.545811636028));
#888 = CARTESIAN_POINT('',(0.457696524048,7.545811636027));
#889 = CARTESIAN_POINT('',(0.305613231395,7.562859861612));
#890 = CARTESIAN_POINT('',(0.153553204485,7.595402883368));
#891 = CARTESIAN_POINT('',(2.07969990233E-15,7.642816455958));
#892 = ( GEOMETRIC_REPRESENTATION_CONTEXT(2) 
PARAMETRIC_REPRESENTATION_CONTEXT() REPRESENTATION_CONTEXT('2D SPACE',''
  ) );
#893 = ORIENTED_EDGE('',*,*,#721,.F.);
#894 = ORIENTED_EDGE('',*,*,#332,.F.);
#895 = ADVANCED_FACE('',(#896),#186,.F.);
#896 = FACE_BOUND('',#897,.F.);
#897 = EDGE_LOOP('',(#898,#899,#937,#958));
#898 = ORIENTED_EDGE('',*,*,#804,.T.);
#899 = ORIENTED_EDGE('',*,*,#900,.T.);
#900 = EDGE_CURVE('',#777,#901,#903,.T.);
#901 = VERTEX_POINT('',#902);
#902 = CARTESIAN_POINT('',(-3.681159215815,-0.585392504523,
    -4.970000009175));
#903 = SURFACE_CURVE('',#904,(#913,#920),.PCURVE_S1.);
#904 = ( BOUNDED_CURVE() B_SPLINE_CURVE(7,(#905,#906,#907,#908,#909,#910
,#911,#912),.UNSPECIFIED.,.F.,.F.) B_SPLINE_CURVE_WITH_KNOTS((8,8),(
30.37936419304,31.509422418531),.PIECEWISE_BEZIER_KNOTS.) CURVE() 
GEOMETRIC_REPRESENTATION_ITEM() RATIONAL_B_SPLINE_CURVE((1.,1.,1.,1.,1.,
1.,1.,1.)) REPRESENTATION_ITEM('') );
#905 = CARTESIAN_POINT('',(-3.681159215815,0.585392504523,
    -4.970000009175));
#906 = CARTESIAN_POINT('',(-3.781869195114,0.433396888293,
    -4.983622063752));
#907 = CARTESIAN_POINT('',(-3.851040968751,0.266767224633,
    -4.993005736165));
#908 = CARTESIAN_POINT('',(-3.887173222477,9.048983907659E-02,
    -4.99784750967));
#909 = CARTESIAN_POINT('',(-3.887173222477,-9.048983907661E-02,
    -4.99784750967));
#910 = CARTESIAN_POINT('',(-3.851040968751,-0.266767224633,
    -4.993005736165));
#911 = CARTESIAN_POINT('',(-3.781869195114,-0.433396888293,
    -4.983622063752));
#912 = CARTESIAN_POINT('',(-3.681159215815,-0.585392504523,
    -4.970000009175));
#913 = PCURVE('',#186,#914);
#914 = DEFINITIONAL_REPRESENTATION('',(#915),#919);
#915 = LINE('',#916,#917);
#916 = CARTESIAN_POINT('',(1.130058225491,0.));
#917 = VECTOR('',#918,1.);
#918 = DIRECTION('',(0.,1.));
#919 = ( GEOMETRIC_REPRESENTATION_CONTEXT(2) 
PARAMETRIC_REPRESENTATION_CONTEXT() REPRESENTATION_CONTEXT('2D SPACE',''
  ) );
#920 = PCURVE('',#921,#926);
#921 = CYLINDRICAL_SURFACE('',#922,1.15);
#922 = AXIS2_PLACEMENT_3D('',#923,#924,#925);
#923 = CARTESIAN_POINT('',(-2.911904674537,-8.079770480926E-15,
    -4.343897345729));
#924 = DIRECTION('',(-0.580892362352,0.,0.813980382663));
#925 = DIRECTION('',(-0.700629269222,-0.509036960455,-0.5));
#926 = DEFINITIONAL_REPRESENTATION('',(#927),#936);
#927 = B_SPLINE_CURVE_WITH_KNOTS('',7,(#928,#929,#930,#931,#932,#933,
    #934,#935),.UNSPECIFIED.,.F.,.F.,(8,8),(30.37936419304,
    31.509422418531),.PIECEWISE_BEZIER_KNOTS.);
#928 = CARTESIAN_POINT('',(-1.068131150017,-6.278119784465E-02));
#929 = CARTESIAN_POINT('',(-0.914577945531,-1.536762525483E-02));
#930 = CARTESIAN_POINT('',(-0.762517918621,1.71753965018E-02));
#931 = CARTESIAN_POINT('',(-0.610434625969,3.422362208538E-02));
#932 = CARTESIAN_POINT('',(-0.457696524047,3.422362208538E-02));
#933 = CARTESIAN_POINT('',(-0.305613231395,1.71753965018E-02));
#934 = CARTESIAN_POINT('',(-0.153553204485,-1.536762525483E-02));
#935 = CARTESIAN_POINT('',(0.,-6.278119784465E-02));
#936 = ( GEOMETRIC_REPRESENTATION_CONTEXT(2) 
PARAMETRIC_REPRESENTATION_CONTEXT() REPRESENTATION_CONTEXT('2D SPACE',''
  ) );
#937 = ORIENTED_EDGE('',*,*,#938,.F.);
#938 = EDGE_CURVE('',#161,#901,#939,.T.);
#939 = SURFACE_CURVE('',#940,(#944,#950),.PCURVE_S1.);
#940 = ( BOUNDED_CURVE() B_SPLINE_CURVE(2,(#941,#942,#943),
.UNSPECIFIED.,.F.,.F.) B_SPLINE_CURVE_WITH_KNOTS((3,3),(0.,
1.130058225491),.PIECEWISE_BEZIER_KNOTS.) CURVE() 
GEOMETRIC_REPRESENTATION_ITEM() RATIONAL_B_SPLINE_CURVE((1.,
0.866025412613,1.)) REPRESENTATION_ITEM('') );
#941 = CARTESIAN_POINT('',(-3.470908780686,-0.432766321398,-5.12));
#942 = CARTESIAN_POINT('',(-3.611075734581,-0.534517108074,-5.12));
#943 = CARTESIAN_POINT('',(-3.681159215815,-0.585392504523,
    -4.970000009175));
#944 = PCURVE('',#186,#945);
#945 = DEFINITIONAL_REPRESENTATION('',(#946),#949);
#946 = B_SPLINE_CURVE_WITH_KNOTS('',1,(#947,#948),.UNSPECIFIED.,.F.,.F.,
  (2,2),(0.,1.130058225491),.PIECEWISE_BEZIER_KNOTS.);
#947 = CARTESIAN_POINT('',(0.,31.509422418531));
#948 = CARTESIAN_POINT('',(1.130058225491,31.509422418531));
#949 = ( GEOMETRIC_REPRESENTATION_CONTEXT(2) 
PARAMETRIC_REPRESENTATION_CONTEXT() REPRESENTATION_CONTEXT('2D SPACE',''
  ) );
#950 = PCURVE('',#234,#951);
#951 = DEFINITIONAL_REPRESENTATION('',(#952),#957);
#952 = B_SPLINE_CURVE_WITH_KNOTS('',3,(#953,#954,#955,#956),
  .UNSPECIFIED.,.F.,.F.,(4,4),(0.,1.130058225491),
  .PIECEWISE_BEZIER_KNOTS.);
#953 = CARTESIAN_POINT('',(0.,-6.292042861824E-02));
#954 = CARTESIAN_POINT('',(-0.333333323139,-6.292042861824E-02));
#955 = CARTESIAN_POINT('',(-0.713864228058,-6.292042861824E-02));
#956 = CARTESIAN_POINT('',(-1.047197551197,-6.292042861824E-02));
#957 = ( GEOMETRIC_REPRESENTATION_CONTEXT(2) 
PARAMETRIC_REPRESENTATION_CONTEXT() REPRESENTATION_CONTEXT('2D SPACE',''
  ) );
#958 = ORIENTED_EDGE('',*,*,#160,.F.);
#959 = ADVANCED_FACE('',(#960),#320,.T.);
#960 = FACE_BOUND('',#961,.F.);
#961 = EDGE_LOOP('',(#962,#985,#1011,#1012));
#962 = ORIENTED_EDGE('',*,*,#963,.T.);
#963 = EDGE_CURVE('',#247,#964,#966,.T.);
#964 = VERTEX_POINT('',#965);
#965 = CARTESIAN_POINT('',(-0.58079940067,-3.681886691999,
    -4.970000009175));
#966 = SURFACE_CURVE('',#967,(#971,#979),.PCURVE_S1.);
#967 = ( BOUNDED_CURVE() B_SPLINE_CURVE(2,(#968,#969,#970),
.UNSPECIFIED.,.F.,.F.) B_SPLINE_CURVE_WITH_KNOTS((3,3),(0.,
1.130058225491),.PIECEWISE_BEZIER_KNOTS.) CURVE() 
GEOMETRIC_REPRESENTATION_ITEM() RATIONAL_B_SPLINE_CURVE((1.,
0.866025412613,1.)) REPRESENTATION_ITEM('') );
#968 = CARTESIAN_POINT('',(-0.660984569159,-3.434762561243,-5.12));
#969 = CARTESIAN_POINT('',(-0.607527791256,-3.599511978388,-5.12));
#970 = CARTESIAN_POINT('',(-0.58079940067,-3.681886691999,
    -4.970000009175));
#971 = PCURVE('',#320,#972);
#972 = DEFINITIONAL_REPRESENTATION('',(#973),#978);
#973 = B_SPLINE_CURVE_WITH_KNOTS('',3,(#974,#975,#976,#977),
  .UNSPECIFIED.,.F.,.F.,(4,4),(0.,1.130058225491),
  .PIECEWISE_BEZIER_KNOTS.);
#974 = CARTESIAN_POINT('',(0.,-6.292042861824E-02));
#975 = CARTESIAN_POINT('',(-0.333333323139,-6.292042861824E-02));
#976 = CARTESIAN_POINT('',(-0.713864228058,-6.292042861824E-02));
#977 = CARTESIAN_POINT('',(-1.047197551197,-6.292042861824E-02));
#978 = ( GEOMETRIC_REPRESENTATION_CONTEXT(2) 
PARAMETRIC_REPRESENTATION_CONTEXT() REPRESENTATION_CONTEXT('2D SPACE',''
  ) );
#979 = PCURVE('',#272,#980);
#980 = DEFINITIONAL_REPRESENTATION('',(#981),#984);
#981 = B_SPLINE_CURVE_WITH_KNOTS('',1,(#982,#983),.UNSPECIFIED.,.F.,.F.,
  (2,2),(0.,1.130058225491),.PIECEWISE_BEZIER_KNOTS.);
#982 = CARTESIAN_POINT('',(0.,36.019757051869));
#983 = CARTESIAN_POINT('',(1.130058225491,36.019757051869));
#984 = ( GEOMETRIC_REPRESENTATION_CONTEXT(2) 
PARAMETRIC_REPRESENTATION_CONTEXT() REPRESENTATION_CONTEXT('2D SPACE',''
  ) );
#985 = ORIENTED_EDGE('',*,*,#986,.T.);
#986 = EDGE_CURVE('',#964,#833,#987,.T.);
#987 = SURFACE_CURVE('',#988,(#992,#999),.PCURVE_S1.);
#988 = LINE('',#989,#990);
#989 = CARTESIAN_POINT('',(-0.520958519047,-3.662443216489,-4.97));
#990 = VECTOR('',#991,1.);
#991 = DIRECTION('',(0.951056516295,0.309016994375,-0.));
#992 = PCURVE('',#320,#993);
#993 = DEFINITIONAL_REPRESENTATION('',(#994),#998);
#994 = LINE('',#995,#996);
#995 = CARTESIAN_POINT('',(-1.047197551197,0.));
#996 = VECTOR('',#997,1.);
#997 = DIRECTION('',(-0.,1.));
#998 = ( GEOMETRIC_REPRESENTATION_CONTEXT(2) 
PARAMETRIC_REPRESENTATION_CONTEXT() REPRESENTATION_CONTEXT('2D SPACE',''
  ) );
#999 = PCURVE('',#1000,#1005);
#1000 = PLANE('',#1001);
#1001 = AXIS2_PLACEMENT_3D('',#1002,#1003,#1004);
#1002 = CARTESIAN_POINT('',(-15.58361891585,-0.579572275561,
    -18.11038105676));
#1003 = DIRECTION('',(0.26761656733,-0.823639103546,-0.5));
#1004 = DIRECTION('',(0.154508497187,-0.475528258148,0.866025403784));
#1005 = DEFINITIONAL_REPRESENTATION('',(#1006),#1010);
#1006 = LINE('',#1007,#1008);
#1007 = CARTESIAN_POINT('',(15.173205080757,-13.37278181091));
#1008 = VECTOR('',#1009,1.);
#1009 = DIRECTION('',(0.,-1.));
#1010 = ( GEOMETRIC_REPRESENTATION_CONTEXT(2) 
PARAMETRIC_REPRESENTATION_CONTEXT() REPRESENTATION_CONTEXT('2D SPACE',''
  ) );
#1011 = ORIENTED_EDGE('',*,*,#832,.F.);
#1012 = ORIENTED_EDGE('',*,*,#304,.F.);
#1013 = ADVANCED_FACE('',(#1014),#234,.T.);
#1014 = FACE_BOUND('',#1015,.F.);
#1015 = EDGE_LOOP('',(#1016,#1017,#1045,#1069));
#1016 = ORIENTED_EDGE('',*,*,#938,.T.);
#1017 = ORIENTED_EDGE('',*,*,#1018,.T.);
#1018 = EDGE_CURVE('',#901,#1019,#1021,.T.);
#1019 = VERTEX_POINT('',#1020);
#1020 = CARTESIAN_POINT('',(-1.694282114728,-3.320094233671,-4.97));
#1021 = SURFACE_CURVE('',#1022,(#1026,#1033),.PCURVE_S1.);
#1022 = LINE('',#1023,#1024);
#1023 = CARTESIAN_POINT('',(-3.644175522353,-0.636296200569,-4.97));
#1024 = VECTOR('',#1025,1.);
#1025 = DIRECTION('',(0.587785252292,-0.809016994375,0.));
#1026 = PCURVE('',#234,#1027);
#1027 = DEFINITIONAL_REPRESENTATION('',(#1028),#1032);
#1028 = LINE('',#1029,#1030);
#1029 = CARTESIAN_POINT('',(-1.047197551197,0.));
#1030 = VECTOR('',#1031,1.);
#1031 = DIRECTION('',(-0.,1.));
#1032 = ( GEOMETRIC_REPRESENTATION_CONTEXT(2) 
PARAMETRIC_REPRESENTATION_CONTEXT() REPRESENTATION_CONTEXT('2D SPACE',''
  ) );
#1033 = PCURVE('',#1034,#1039);
#1034 = PLANE('',#1035);
#1035 = AXIS2_PLACEMENT_3D('',#1036,#1037,#1038);
#1036 = CARTESIAN_POINT('',(-5.366809068198,14.641804634766,
    -18.11038105676));
#1037 = DIRECTION('',(-0.700629269222,-0.509036960455,-0.5));
#1038 = DIRECTION('',(-0.404508497187,-0.293892626146,0.866025403784));
#1039 = DEFINITIONAL_REPRESENTATION('',(#1040),#1044);
#1040 = LINE('',#1041,#1042);
#1041 = CARTESIAN_POINT('',(15.173205080757,-13.37278181091));
#1042 = VECTOR('',#1043,1.);
#1043 = DIRECTION('',(0.,-1.));
#1044 = ( GEOMETRIC_REPRESENTATION_CONTEXT(2) 
PARAMETRIC_REPRESENTATION_CONTEXT() REPRESENTATION_CONTEXT('2D SPACE',''
  ) );
#1045 = ORIENTED_EDGE('',*,*,#1046,.F.);
#1046 = EDGE_CURVE('',#219,#1019,#1047,.T.);
#1047 = SURFACE_CURVE('',#1048,(#1053,#1059),.PCURVE_S1.);
#1048 = CIRCLE('',#1049,0.3);
#1049 = AXIS2_PLACEMENT_3D('',#1050,#1051,#1052);
#1050 = CARTESIAN_POINT('',(-1.484093333961,-3.167383145534,-4.82));
#1051 = DIRECTION('',(-0.587785252292,0.809016994375,0.));
#1052 = DIRECTION('',(0.,0.,-1.));
#1053 = PCURVE('',#234,#1054);
#1054 = DEFINITIONAL_REPRESENTATION('',(#1055),#1058);
#1055 = B_SPLINE_CURVE_WITH_KNOTS('',1,(#1056,#1057),.UNSPECIFIED.,.F.,
  .F.,(2,2),(0.,1.047197551197),.PIECEWISE_BEZIER_KNOTS.);
#1056 = CARTESIAN_POINT('',(0.,3.317356806794));
#1057 = CARTESIAN_POINT('',(-1.047197551197,3.317356806794));
#1058 = ( GEOMETRIC_REPRESENTATION_CONTEXT(2) 
PARAMETRIC_REPRESENTATION_CONTEXT() REPRESENTATION_CONTEXT('2D SPACE',''
  ) );
#1059 = PCURVE('',#272,#1060);
#1060 = DEFINITIONAL_REPRESENTATION('',(#1061),#1068);
#1061 = B_SPLINE_CURVE_WITH_KNOTS('',5,(#1062,#1063,#1064,#1065,#1066,
    #1067),.UNSPECIFIED.,.F.,.F.,(6,6),(0.,1.047197551197),
  .PIECEWISE_BEZIER_KNOTS.);
#1062 = CARTESIAN_POINT('',(0.,34.889698826379));
#1063 = CARTESIAN_POINT('',(0.236678848527,34.889698826378));
#1064 = CARTESIAN_POINT('',(0.456767594166,34.889698826379));
#1065 = CARTESIAN_POINT('',(0.673290587904,34.889698826378));
#1066 = CARTESIAN_POINT('',(0.893379376964,34.889698826379));
#1067 = CARTESIAN_POINT('',(1.130058225491,34.889698826379));
#1068 = ( GEOMETRIC_REPRESENTATION_CONTEXT(2) 
PARAMETRIC_REPRESENTATION_CONTEXT() REPRESENTATION_CONTEXT('2D SPACE',''
  ) );
#1069 = ORIENTED_EDGE('',*,*,#218,.F.);
#1070 = ADVANCED_FACE('',(#1071),#272,.F.);
#1071 = FACE_BOUND('',#1072,.F.);
#1072 = EDGE_LOOP('',(#1073,#1074,#1110,#1111));
#1073 = ORIENTED_EDGE('',*,*,#1046,.T.);
#1074 = ORIENTED_EDGE('',*,*,#1075,.T.);
#1075 = EDGE_CURVE('',#1019,#964,#1076,.T.);
#1076 = SURFACE_CURVE('',#1077,(#1086,#1093),.PCURVE_S1.);
#1077 = ( BOUNDED_CURVE() B_SPLINE_CURVE(7,(#1078,#1079,#1080,#1081,
    #1082,#1083,#1084,#1085),.UNSPECIFIED.,.F.,.F.) 
B_SPLINE_CURVE_WITH_KNOTS((8,8),(34.889698826379,36.019757051869),
.PIECEWISE_BEZIER_KNOTS.) CURVE() GEOMETRIC_REPRESENTATION_ITEM() 
RATIONAL_B_SPLINE_CURVE((1.,1.,1.,1.,1.,1.,1.,1.)) REPRESENTATION_ITEM(
  '') );
#1078 = CARTESIAN_POINT('',(-1.694282112704,-3.320094227444,
    -4.970000009175));
#1079 = CARTESIAN_POINT('',(-1.580846786547,-3.462844337997,
    -4.983622063752));
#1080 = CARTESIAN_POINT('',(-1.4437478127,-3.580122001896,
    -4.993005736165));
#1081 = CARTESIAN_POINT('',(-1.287263536937,-3.668958525112,
    -4.99784750967));
#1082 = CARTESIAN_POINT('',(-1.115141634712,-3.724884321297,
    -4.99784750967));
#1083 = CARTESIAN_POINT('',(-0.936326398057,-3.744993213804,
    -4.993005736165));
#1084 = CARTESIAN_POINT('',(-0.75647691704,-3.730698345581,
    -4.983622063752));
#1085 = CARTESIAN_POINT('',(-0.58079940067,-3.681886691999,
    -4.970000009175));
#1086 = PCURVE('',#272,#1087);
#1087 = DEFINITIONAL_REPRESENTATION('',(#1088),#1092);
#1088 = LINE('',#1089,#1090);
#1089 = CARTESIAN_POINT('',(1.130058225491,0.));
#1090 = VECTOR('',#1091,1.);
#1091 = DIRECTION('',(0.,1.));
#1092 = ( GEOMETRIC_REPRESENTATION_CONTEXT(2) 
PARAMETRIC_REPRESENTATION_CONTEXT() REPRESENTATION_CONTEXT('2D SPACE',''
  ) );
#1093 = PCURVE('',#1094,#1099);
#1094 = CYLINDRICAL_SURFACE('',#1095,1.15);
#1095 = AXIS2_PLACEMENT_3D('',#1096,#1097,#1098);
#1096 = CARTESIAN_POINT('',(-0.899828030432,-2.769385915549,
    -4.343897345729));
#1097 = DIRECTION('',(-0.17950561187,-0.552461466481,0.813980382663));
#1098 = DIRECTION('',(0.26761656733,-0.823639103546,-0.5));
#1099 = DEFINITIONAL_REPRESENTATION('',(#1100),#1109);
#1100 = B_SPLINE_CURVE_WITH_KNOTS('',7,(#1101,#1102,#1103,#1104,#1105,
    #1106,#1107,#1108),.UNSPECIFIED.,.F.,.F.,(8,8),(34.889698826379,
    36.019757051869),.PIECEWISE_BEZIER_KNOTS.);
#1101 = CARTESIAN_POINT('',(-1.068131150017,-6.278119784464E-02));
#1102 = CARTESIAN_POINT('',(-0.914577945531,-1.536762525481E-02));
#1103 = CARTESIAN_POINT('',(-0.762517918622,1.717539650173E-02));
#1104 = CARTESIAN_POINT('',(-0.610434625969,3.422362208548E-02));
#1105 = CARTESIAN_POINT('',(-0.457696524048,3.422362208531E-02));
#1106 = CARTESIAN_POINT('',(-0.305613231395,1.717539650183E-02));
#1107 = CARTESIAN_POINT('',(-0.153553204485,-1.536762525483E-02));
#1108 = CARTESIAN_POINT('',(-1.968677599868E-15,-6.278119784464E-02));
#1109 = ( GEOMETRIC_REPRESENTATION_CONTEXT(2) 
PARAMETRIC_REPRESENTATION_CONTEXT() REPRESENTATION_CONTEXT('2D SPACE',''
  ) );
#1110 = ORIENTED_EDGE('',*,*,#963,.F.);
#1111 = ORIENTED_EDGE('',*,*,#246,.F.);
#1112 = ADVANCED_FACE('',(#1113),#493,.F.);
#1113 = FACE_BOUND('',#1114,.T.);
#1114 = EDGE_LOOP('',(#1115,#1136,#1163,#1164));
#1115 = ORIENTED_EDGE('',*,*,#1116,.F.);
#1116 = EDGE_CURVE('',#1117,#477,#1119,.T.);
#1117 = VERTEX_POINT('',#1118);
#1118 = CARTESIAN_POINT('',(2.05,0.,-4.97));
#1119 = SEAM_CURVE('',#1120,(#1124,#1130),.PCURVE_S1.);
#1120 = LINE('',#1121,#1122);
#1121 = CARTESIAN_POINT('',(2.05,0.,-4.97));
#1122 = VECTOR('',#1123,1.);
#1123 = DIRECTION('',(0.707106781187,0.,-0.707106781187));
#1124 = PCURVE('',#493,#1125);
#1125 = DEFINITIONAL_REPRESENTATION('',(#1126),#1129);
#1126 = B_SPLINE_CURVE_WITH_KNOTS('',1,(#1127,#1128),.UNSPECIFIED.,.F.,
  .F.,(2,2),(0.,0.212132034356),.PIECEWISE_BEZIER_KNOTS.);
#1127 = CARTESIAN_POINT('',(0.,0.));
#1128 = CARTESIAN_POINT('',(0.,0.15));
#1129 = ( GEOMETRIC_REPRESENTATION_CONTEXT(2) 
PARAMETRIC_REPRESENTATION_CONTEXT() REPRESENTATION_CONTEXT('2D SPACE',''
  ) );
#1130 = PCURVE('',#493,#1131);
#1131 = DEFINITIONAL_REPRESENTATION('',(#1132),#1135);
#1132 = B_SPLINE_CURVE_WITH_KNOTS('',1,(#1133,#1134),.UNSPECIFIED.,.F.,
  .F.,(2,2),(0.,0.212132034356),.PIECEWISE_BEZIER_KNOTS.);
#1133 = CARTESIAN_POINT('',(-6.28318530718,0.));
#1134 = CARTESIAN_POINT('',(-6.28318530718,0.15));
#1135 = ( GEOMETRIC_REPRESENTATION_CONTEXT(2) 
PARAMETRIC_REPRESENTATION_CONTEXT() REPRESENTATION_CONTEXT('2D SPACE',''
  ) );
#1136 = ORIENTED_EDGE('',*,*,#1137,.T.);
#1137 = EDGE_CURVE('',#1117,#1117,#1138,.T.);
#1138 = SURFACE_CURVE('',#1139,(#1144,#1151),.PCURVE_S1.);
#1139 = CIRCLE('',#1140,2.05);
#1140 = AXIS2_PLACEMENT_3D('',#1141,#1142,#1143);
#1141 = CARTESIAN_POINT('',(0.,0.,-4.97));
#1142 = DIRECTION('',(0.,0.,1.));
#1143 = DIRECTION('',(1.,0.,-0.));
#1144 = PCURVE('',#493,#1145);
#1145 = DEFINITIONAL_REPRESENTATION('',(#1146),#1150);
#1146 = LINE('',#1147,#1148);
#1147 = CARTESIAN_POINT('',(-0.,0.));
#1148 = VECTOR('',#1149,1.);
#1149 = DIRECTION('',(-1.,0.));
#1150 = ( GEOMETRIC_REPRESENTATION_CONTEXT(2) 
PARAMETRIC_REPRESENTATION_CONTEXT() REPRESENTATION_CONTEXT('2D SPACE',''
  ) );
#1151 = PCURVE('',#1152,#1157);
#1152 = CYLINDRICAL_SURFACE('',#1153,2.05);
#1153 = AXIS2_PLACEMENT_3D('',#1154,#1155,#1156);
#1154 = CARTESIAN_POINT('',(0.,0.,-5.62));
#1155 = DIRECTION('',(0.,0.,1.));
#1156 = DIRECTION('',(1.,0.,-0.));
#1157 = DEFINITIONAL_REPRESENTATION('',(#1158),#1162);
#1158 = LINE('',#1159,#1160);
#1159 = CARTESIAN_POINT('',(0.,0.65));
#1160 = VECTOR('',#1161,1.);
#1161 = DIRECTION('',(1.,0.));
#1162 = ( GEOMETRIC_REPRESENTATION_CONTEXT(2) 
PARAMETRIC_REPRESENTATION_CONTEXT() REPRESENTATION_CONTEXT('2D SPACE',''
  ) );
#1163 = ORIENTED_EDGE('',*,*,#1116,.T.);
#1164 = ORIENTED_EDGE('',*,*,#476,.F.);
#1165 = ADVANCED_FACE('',(#1166),#550,.T.);
#1166 = FACE_BOUND('',#1167,.T.);
#1167 = EDGE_LOOP('',(#1168,#1191,#1192,#1215));
#1168 = ORIENTED_EDGE('',*,*,#1169,.F.);
#1169 = EDGE_CURVE('',#509,#1170,#1172,.T.);
#1170 = VERTEX_POINT('',#1171);
#1171 = CARTESIAN_POINT('',(3.746849465997,3.445830412191,
    -3.042549305937));
#1172 = SURFACE_CURVE('',#1173,(#1177,#1184),.PCURVE_S1.);
#1173 = LINE('',#1174,#1175);
#1174 = CARTESIAN_POINT('',(2.66353942013,2.658759592853,-4.918897345729
    ));
#1175 = VECTOR('',#1176,1.);
#1176 = DIRECTION('',(0.469951793046,0.34143996376,0.813980382663));
#1177 = PCURVE('',#550,#1178);
#1178 = DEFINITIONAL_REPRESENTATION('',(#1179),#1183);
#1179 = LINE('',#1180,#1181);
#1180 = CARTESIAN_POINT('',(15.232213343156,-13.28842537622));
#1181 = VECTOR('',#1182,1.);
#1182 = DIRECTION('',(0.939903586091,0.34143996376));
#1183 = ( GEOMETRIC_REPRESENTATION_CONTEXT(2) 
PARAMETRIC_REPRESENTATION_CONTEXT() REPRESENTATION_CONTEXT('2D SPACE',''
  ) );
#1184 = PCURVE('',#635,#1185);
#1185 = DEFINITIONAL_REPRESENTATION('',(#1186),#1190);
#1186 = LINE('',#1187,#1188);
#1187 = CARTESIAN_POINT('',(-0.,0.));
#1188 = VECTOR('',#1189,1.);
#1189 = DIRECTION('',(-0.,1.));
#1190 = ( GEOMETRIC_REPRESENTATION_CONTEXT(2) 
PARAMETRIC_REPRESENTATION_CONTEXT() REPRESENTATION_CONTEXT('2D SPACE',''
  ) );
#1191 = ORIENTED_EDGE('',*,*,#534,.T.);
#1192 = ORIENTED_EDGE('',*,*,#1193,.T.);
#1193 = EDGE_CURVE('',#535,#1194,#1196,.T.);
#1194 = VERTEX_POINT('',#1195);
#1195 = CARTESIAN_POINT('',(-1.00585659517,4.99007822187,-3.042549305937
    ));
#1196 = SURFACE_CURVE('',#1197,(#1201,#1208),.PCURVE_S1.);
#1197 = LINE('',#1198,#1199);
#1198 = CARTESIAN_POINT('',(-0.592068978003,3.716570884627,
    -4.918897345729));
#1199 = VECTOR('',#1200,1.);
#1200 = DIRECTION('',(-0.17950561187,0.552461466481,0.813980382663));
#1201 = PCURVE('',#550,#1202);
#1202 = DEFINITIONAL_REPRESENTATION('',(#1203),#1207);
#1203 = LINE('',#1204,#1205);
#1204 = CARTESIAN_POINT('',(15.232213343156,-16.71157462377));
#1205 = VECTOR('',#1206,1.);
#1206 = DIRECTION('',(0.939903586091,-0.34143996376));
#1207 = ( GEOMETRIC_REPRESENTATION_CONTEXT(2) 
PARAMETRIC_REPRESENTATION_CONTEXT() REPRESENTATION_CONTEXT('2D SPACE',''
  ) );
#1208 = PCURVE('',#679,#1209);
#1209 = DEFINITIONAL_REPRESENTATION('',(#1210),#1214);
#1210 = LINE('',#1211,#1212);
#1211 = CARTESIAN_POINT('',(0.,0.));
#1212 = VECTOR('',#1213,1.);
#1213 = DIRECTION('',(0.,1.));
#1214 = ( GEOMETRIC_REPRESENTATION_CONTEXT(2) 
PARAMETRIC_REPRESENTATION_CONTEXT() REPRESENTATION_CONTEXT('2D SPACE',''
  ) );
#1215 = ORIENTED_EDGE('',*,*,#1216,.F.);
#1216 = EDGE_CURVE('',#1170,#1194,#1217,.T.);
#1217 = SURFACE_CURVE('',#1218,(#1223,#1230),.PCURVE_S1.);
#1218 = ELLIPSE('',#1219,33.318878822647,14.);
#1219 = AXIS2_PLACEMENT_3D('',#1220,#1221,#1222);
#1220 = CARTESIAN_POINT('',(6.435891845215,19.807638379058,
    25.34916496838));
#1221 = DIRECTION('',(0.26761656733,0.823639103546,-0.5));
#1222 = DIRECTION('',(0.154508497187,0.475528258148,0.866025403784));
#1223 = PCURVE('',#550,#1224);
#1224 = DEFINITIONAL_REPRESENTATION('',(#1225),#1229);
#1225 = ELLIPSE('',#1226,33.318878822647,14.);
#1226 = AXIS2_PLACEMENT_2D('',#1227,#1228);
#1227 = CARTESIAN_POINT('',(50.182761192954,-15.));
#1228 = DIRECTION('',(1.,0.));
#1229 = ( GEOMETRIC_REPRESENTATION_CONTEXT(2) 
PARAMETRIC_REPRESENTATION_CONTEXT() REPRESENTATION_CONTEXT('2D SPACE',''
  ) );
#1230 = PCURVE('',#1231,#1236);
#1231 = CYLINDRICAL_SURFACE('',#1232,14.);
#1232 = AXIS2_PLACEMENT_3D('',#1233,#1234,#1235);
#1233 = CARTESIAN_POINT('',(5.486961405879,16.887130787991,
    -8.696698898585));
#1234 = DIRECTION('',(2.775943367201E-02,8.543475201366E-02,
    0.995956985512));
#1235 = DIRECTION('',(0.30776763419,0.947211381021,-8.983141437953E-02)
  );
#1236 = DEFINITIONAL_REPRESENTATION('',(#1237),#1245);
#1237 = B_SPLINE_CURVE_WITH_KNOTS('',6,(#1238,#1239,#1240,#1241,#1242,
    #1243,#1244),.UNSPECIFIED.,.F.,.F.,(7,7),(2.921606339641,
    3.361578967539),.PIECEWISE_BEZIER_KNOTS.);
#1238 = CARTESIAN_POINT('',(3.361578967539,4.677842547913));
#1239 = CARTESIAN_POINT('',(3.288250196223,4.194038261217));
#1240 = CARTESIAN_POINT('',(3.214921424906,3.900623811249));
#1241 = CARTESIAN_POINT('',(3.14159265359,3.802281818099));
#1242 = CARTESIAN_POINT('',(3.068263882273,3.900623811249));
#1243 = CARTESIAN_POINT('',(2.994935110957,4.194038261217));
#1244 = CARTESIAN_POINT('',(2.921606339641,4.677842547913));
#1245 = ( GEOMETRIC_REPRESENTATION_CONTEXT(2) 
PARAMETRIC_REPRESENTATION_CONTEXT() REPRESENTATION_CONTEXT('2D SPACE',''
  ) );
#1246 = ADVANCED_FACE('',(#1247),#635,.T.);
#1247 = FACE_BOUND('',#1248,.F.);
#1248 = EDGE_LOOP('',(#1249,#1250,#1251,#1274,#1329,#1362,#1405,#1438));
#1249 = ORIENTED_EDGE('',*,*,#1169,.F.);
#1250 = ORIENTED_EDGE('',*,*,#616,.F.);
#1251 = ORIENTED_EDGE('',*,*,#1252,.T.);
#1252 = EDGE_CURVE('',#591,#1253,#1255,.T.);
#1253 = VERTEX_POINT('',#1254);
#1254 = CARTESIAN_POINT('',(4.43501962792,2.498645443113,-3.042549305937
    ));
#1255 = SURFACE_CURVE('',#1256,(#1260,#1267),.PCURVE_S1.);
#1256 = LINE('',#1257,#1258);
#1257 = CARTESIAN_POINT('',(3.351709582053,1.711574623774,
    -4.918897345729));
#1258 = VECTOR('',#1259,1.);
#1259 = DIRECTION('',(0.469951793046,0.34143996376,0.813980382663));
#1260 = PCURVE('',#635,#1261);
#1261 = DEFINITIONAL_REPRESENTATION('',(#1262),#1266);
#1262 = LINE('',#1263,#1264);
#1263 = CARTESIAN_POINT('',(-1.068131150017,0.));
#1264 = VECTOR('',#1265,1.);
#1265 = DIRECTION('',(-0.,1.));
#1266 = ( GEOMETRIC_REPRESENTATION_CONTEXT(2) 
PARAMETRIC_REPRESENTATION_CONTEXT() REPRESENTATION_CONTEXT('2D SPACE',''
  ) );
#1267 = PCURVE('',#758,#1268);
#1268 = DEFINITIONAL_REPRESENTATION('',(#1269),#1273);
#1269 = LINE('',#1270,#1271);
#1270 = CARTESIAN_POINT('',(15.232213343156,-16.71157462377));
#1271 = VECTOR('',#1272,1.);
#1272 = DIRECTION('',(0.939903586091,-0.34143996376));
#1273 = ( GEOMETRIC_REPRESENTATION_CONTEXT(2) 
PARAMETRIC_REPRESENTATION_CONTEXT() REPRESENTATION_CONTEXT('2D SPACE',''
  ) );
#1274 = ORIENTED_EDGE('',*,*,#1275,.F.);
#1275 = EDGE_CURVE('',#1276,#1253,#1278,.T.);
#1276 = VERTEX_POINT('',#1277);
#1277 = CARTESIAN_POINT('',(4.5,2.767633184149,-2.89556037184));
#1278 = SURFACE_CURVE('',#1279,(#1292,#1308),.PCURVE_S1.);
#1279 = B_SPLINE_CURVE_WITH_KNOTS('',6,(#1280,#1281,#1282,#1283,#1284,
    #1285,#1286,#1287,#1288,#1289,#1290,#1291),.UNSPECIFIED.,.F.,.F.,(7,
    5,7),(0.,0.812341323094,1.),.UNSPECIFIED.);
#1280 = CARTESIAN_POINT('',(4.555735618424,2.965316816904,
    -2.737956911256));
#1281 = CARTESIAN_POINT('',(4.539322791857,2.910191704083,
    -2.786931394281));
#1282 = CARTESIAN_POINT('',(4.523152816853,2.853975181593,
    -2.833685667373));
#1283 = CARTESIAN_POINT('',(4.506867182804,2.795263908216,-2.87903274138
    ));
#1284 = CARTESIAN_POINT('',(4.490362862682,2.733171319192,
    -2.922707324236));
#1285 = CARTESIAN_POINT('',(4.473786361627,2.667377103402,
    -2.963348448528));
#1286 = CARTESIAN_POINT('',(4.453738413728,2.582232450924,
    -3.006605444231));
#1287 = CARTESIAN_POINT('',(4.449980848754,2.566028129991,
    -3.014452913167));
#1288 = CARTESIAN_POINT('',(4.44622753422,2.549578278844,-3.022007571385
    ));
#1289 = CARTESIAN_POINT('',(4.442480120449,2.532869110046,
    -3.029237484142));
#1290 = CARTESIAN_POINT('',(4.438742264051,2.515892390833,
    -3.036101511021));
#1291 = CARTESIAN_POINT('',(4.43501962792,2.498645443113,-3.042549305937
    ));
#1292 = PCURVE('',#635,#1293);
#1293 = DEFINITIONAL_REPRESENTATION('',(#1294),#1307);
#1294 = B_SPLINE_CURVE_WITH_KNOTS('',6,(#1295,#1296,#1297,#1298,#1299,
    #1300,#1301,#1302,#1303,#1304,#1305,#1306),.UNSPECIFIED.,.F.,.F.,(7,
    5,7),(0.,0.812341323094,1.),.UNSPECIFIED.);
#1295 = CARTESIAN_POINT('',(-0.778942544354,2.769154613071));
#1296 = CARTESIAN_POINT('',(-0.810268329941,2.70275519084));
#1297 = CARTESIAN_POINT('',(-0.842807795408,2.637904453589));
#1298 = CARTESIAN_POINT('',(-0.877487303142,2.57329298696));
#1299 = CARTESIAN_POINT('',(-0.915076480985,2.508785607114));
#1300 = CARTESIAN_POINT('',(-0.956194953734,2.445449598163));
#1301 = CARTESIAN_POINT('',(-1.011809506536,2.371745896129));
#1302 = CARTESIAN_POINT('',(-1.022492935108,2.358059533212));
#1303 = CARTESIAN_POINT('',(-1.033446009709,2.34452967615));
#1304 = CARTESIAN_POINT('',(-1.044690189981,2.331178387188));
#1305 = CARTESIAN_POINT('',(-1.056245624347,2.318038061253));
#1306 = CARTESIAN_POINT('',(-1.068131150017,2.305151425951));
#1307 = ( GEOMETRIC_REPRESENTATION_CONTEXT(2) 
PARAMETRIC_REPRESENTATION_CONTEXT() REPRESENTATION_CONTEXT('2D SPACE',''
  ) );
#1308 = PCURVE('',#1309,#1314);
#1309 = CYLINDRICAL_SURFACE('',#1310,14.);
#1310 = AXIS2_PLACEMENT_3D('',#1311,#1312,#1313);
#1311 = CARTESIAN_POINT('',(17.756180099343,0.,-8.696698898585));
#1312 = DIRECTION('',(8.983141437953E-02,0.,0.995956985512));
#1313 = DIRECTION('',(0.995956985512,0.,-8.983141437953E-02));
#1314 = DEFINITIONAL_REPRESENTATION('',(#1315),#1328);
#1315 = B_SPLINE_CURVE_WITH_KNOTS('',6,(#1316,#1317,#1318,#1319,#1320,
    #1321,#1322,#1323,#1324,#1325,#1326,#1327),.UNSPECIFIED.,.F.,.F.,(7,
    5,7),(0.,0.812341323094,1.),.UNSPECIFIED.);
#1316 = CARTESIAN_POINT('',(2.928167737938,4.748836108986));
#1317 = CARTESIAN_POINT('',(2.932196657251,4.698585243081));
#1318 = CARTESIAN_POINT('',(2.936301123437,4.650567426467));
#1319 = CARTESIAN_POINT('',(2.940583517844,4.603940729797));
#1320 = CARTESIAN_POINT('',(2.94510777584,4.558960117492));
#1321 = CARTESIAN_POINT('',(2.949896177166,4.51699421532));
#1322 = CARTESIAN_POINT('',(2.956085458646,4.472111172762));
#1323 = CARTESIAN_POINT('',(2.957263067467,4.46395788388));
#1324 = CARTESIAN_POINT('',(2.958458204838,4.456096603701));
#1325 = CARTESIAN_POINT('',(2.959671857971,4.448559286107));
#1326 = CARTESIAN_POINT('',(2.960904609191,4.441387233661));
#1327 = CARTESIAN_POINT('',(2.962156635937,4.434631097605));
#1328 = ( GEOMETRIC_REPRESENTATION_CONTEXT(2) 
PARAMETRIC_REPRESENTATION_CONTEXT() REPRESENTATION_CONTEXT('2D SPACE',''
  ) );
#1329 = ORIENTED_EDGE('',*,*,#1330,.F.);
#1330 = EDGE_CURVE('',#1331,#1276,#1333,.T.);
#1331 = VERTEX_POINT('',#1332);
#1332 = CARTESIAN_POINT('',(4.5,3.074491827929,-2.751574275001));
#1333 = SURFACE_CURVE('',#1334,(#1339,#1350),.PCURVE_S1.);
#1334 = ELLIPSE('',#1335,2.447059500607,1.15);
#1335 = AXIS2_PLACEMENT_3D('',#1336,#1337,#1338);
#1336 = CARTESIAN_POINT('',(4.5,3.269441376024,-0.63));
#1337 = DIRECTION('',(-1.,1.358303021142E-16,0.));
#1338 = DIRECTION('',(5.254141773746E-17,0.386816615436,0.922156660239)
  );
#1339 = PCURVE('',#635,#1340);
#1340 = DEFINITIONAL_REPRESENTATION('',(#1341),#1349);
#1341 = B_SPLINE_CURVE_WITH_KNOTS('',6,(#1342,#1343,#1344,#1345,#1346,
    #1347,#1348),.UNSPECIFIED.,.F.,.F.,(7,7),(2.112985516011,
    2.946957788075),.PIECEWISE_BEZIER_KNOTS.);
#1342 = CARTESIAN_POINT('',(-0.234158877953,3.448050506496));
#1343 = CARTESIAN_POINT('',(-0.373154256631,3.190879146181));
#1344 = CARTESIAN_POINT('',(-0.512149635308,2.959548406414));
#1345 = CARTESIAN_POINT('',(-0.651145013985,2.762998425364));
#1346 = CARTESIAN_POINT('',(-0.790140392662,2.608686477745));
#1347 = CARTESIAN_POINT('',(-0.92913577134,2.501488699803));
#1348 = CARTESIAN_POINT('',(-1.068131150017,2.443421718865));
#1349 = ( GEOMETRIC_REPRESENTATION_CONTEXT(2) 
PARAMETRIC_REPRESENTATION_CONTEXT() REPRESENTATION_CONTEXT('2D SPACE',''
  ) );
#1350 = PCURVE('',#1351,#1356);
#1351 = PLANE('',#1352);
#1352 = AXIS2_PLACEMENT_3D('',#1353,#1354,#1355);
#1353 = CARTESIAN_POINT('',(4.5,-3.269441376024,-5.12));
#1354 = DIRECTION('',(-1.,1.358303021142E-16,0.));
#1355 = DIRECTION('',(1.358303021142E-16,1.,0.));
#1356 = DEFINITIONAL_REPRESENTATION('',(#1357),#1361);
#1357 = ELLIPSE('',#1358,2.447059500607,1.15);
#1358 = AXIS2_PLACEMENT_2D('',#1359,#1360);
#1359 = CARTESIAN_POINT('',(6.538882752048,-4.49));
#1360 = DIRECTION('',(0.386816615436,-0.922156660239));
#1361 = ( GEOMETRIC_REPRESENTATION_CONTEXT(2) 
PARAMETRIC_REPRESENTATION_CONTEXT() REPRESENTATION_CONTEXT('2D SPACE',''
  ) );
#1362 = ORIENTED_EDGE('',*,*,#1363,.F.);
#1363 = EDGE_CURVE('',#1364,#1331,#1366,.T.);
#1364 = VERTEX_POINT('',#1365);
#1365 = CARTESIAN_POINT('',(4.314591961935,3.329684099431,
    -2.751574275001));
#1366 = SURFACE_CURVE('',#1367,(#1376,#1388),.PCURVE_S1.);
#1367 = B_SPLINE_CURVE_WITH_KNOTS('',4,(#1368,#1369,#1370,#1371,#1372,
    #1373,#1374,#1375),.UNSPECIFIED.,.F.,.F.,(5,3,5),(0.,0.499792916267,
    1.),.UNSPECIFIED.);
#1368 = CARTESIAN_POINT('',(4.314591961935,3.329684099431,
    -2.751574275001));
#1369 = CARTESIAN_POINT('',(4.338187649151,3.299108897893,
    -2.759209541781));
#1370 = CARTESIAN_POINT('',(4.361975053508,3.267688139817,
    -2.764453312254));
#1371 = CARTESIAN_POINT('',(4.385692330792,3.235705357185,
    -2.767079060988));
#1372 = CARTESIAN_POINT('',(4.432534746682,3.171233944165,-2.76708557987
    ));
#1373 = CARTESIAN_POINT('',(4.455643180912,3.138767209977,
    -2.764462001101));
#1374 = CARTESIAN_POINT('',(4.478194684276,3.10640732039,-2.759215863622
    ));
#1375 = CARTESIAN_POINT('',(4.5,3.074491827929,-2.751574275001));
#1376 = PCURVE('',#635,#1377);
#1377 = DEFINITIONAL_REPRESENTATION('',(#1378),#1387);
#1378 = B_SPLINE_CURVE_WITH_KNOTS('',4,(#1379,#1380,#1381,#1382,#1383,
    #1384,#1385,#1386),.UNSPECIFIED.,.F.,.F.,(5,3,5),(0.,0.499792916267,
    1.),.UNSPECIFIED.);
#1379 = CARTESIAN_POINT('',(-0.396486317728,2.769154004113));
#1380 = CARTESIAN_POINT('',(-0.43037615919,2.763588286547));
#1381 = CARTESIAN_POINT('',(-0.464752658499,2.759770591082));
#1382 = CARTESIAN_POINT('',(-0.499373966585,2.757859059965));
#1383 = CARTESIAN_POINT('',(-0.568671140635,2.757854314136));
#1384 = CARTESIAN_POINT('',(-0.603321527871,2.759764265343));
#1385 = CARTESIAN_POINT('',(-0.637726930749,2.76358367825));
#1386 = CARTESIAN_POINT('',(-0.671644832289,2.769154004113));
#1387 = ( GEOMETRIC_REPRESENTATION_CONTEXT(2) 
PARAMETRIC_REPRESENTATION_CONTEXT() REPRESENTATION_CONTEXT('2D SPACE',''
  ) );
#1388 = PCURVE('',#1389,#1394);
#1389 = CYLINDRICAL_SURFACE('',#1390,5.45);
#1390 = AXIS2_PLACEMENT_3D('',#1391,#1392,#1393);
#1391 = CARTESIAN_POINT('',(0.,0.,-5.12));
#1392 = DIRECTION('',(0.,0.,1.));
#1393 = DIRECTION('',(1.,0.,-0.));
#1394 = DEFINITIONAL_REPRESENTATION('',(#1395),#1404);
#1395 = B_SPLINE_CURVE_WITH_KNOTS('',4,(#1396,#1397,#1398,#1399,#1400,
    #1401,#1402,#1403),.UNSPECIFIED.,.F.,.F.,(5,3,5),(0.,0.499792916267,
    1.),.UNSPECIFIED.);
#1396 = CARTESIAN_POINT('',(0.657261561832,2.368425724999));
#1397 = CARTESIAN_POINT('',(0.650175097618,2.360790458219));
#1398 = CARTESIAN_POINT('',(0.64294432569,2.355546687746));
#1399 = CARTESIAN_POINT('',(0.635638778355,2.352920939012));
#1400 = CARTESIAN_POINT('',(0.6210164389,2.35291442013));
#1401 = CARTESIAN_POINT('',(0.613704717908,2.355537998899));
#1402 = CARTESIAN_POINT('',(0.606467831262,2.360784136378));
#1403 = CARTESIAN_POINT('',(0.599375499604,2.368425724999));
#1404 = ( GEOMETRIC_REPRESENTATION_CONTEXT(2) 
PARAMETRIC_REPRESENTATION_CONTEXT() REPRESENTATION_CONTEXT('2D SPACE',''
  ) );
#1405 = ORIENTED_EDGE('',*,*,#1406,.F.);
#1406 = EDGE_CURVE('',#1407,#1364,#1409,.T.);
#1407 = VERTEX_POINT('',#1408);
#1408 = CARTESIAN_POINT('',(4.022752049187,3.42450863523,-2.89556037184)
  );
#1409 = SURFACE_CURVE('',#1410,(#1415,#1426),.PCURVE_S1.);
#1410 = ELLIPSE('',#1411,2.447059500607,1.15);
#1411 = AXIS2_PLACEMENT_3D('',#1412,#1413,#1414);
#1412 = CARTESIAN_POINT('',(4.5,3.269441376024,-0.63));
#1413 = DIRECTION('',(-0.309016994375,-0.951056516295,
    -1.387778780781E-17));
#1414 = DIRECTION('',(0.367884462722,-0.119532907876,0.922156660239));
#1415 = PCURVE('',#635,#1416);
#1416 = DEFINITIONAL_REPRESENTATION('',(#1417),#1425);
#1417 = B_SPLINE_CURVE_WITH_KNOTS('',6,(#1418,#1419,#1420,#1421,#1422,
    #1423,#1424),.UNSPECIFIED.,.F.,.F.,(7,7),(3.336227519105,
    4.170199791168),.PIECEWISE_BEZIER_KNOTS.);
#1418 = CARTESIAN_POINT('',(0.,2.443421718865));
#1419 = CARTESIAN_POINT('',(-0.138995378677,2.501488699803));
#1420 = CARTESIAN_POINT('',(-0.277990757355,2.608686477745));
#1421 = CARTESIAN_POINT('',(-0.416986136032,2.762998425364));
#1422 = CARTESIAN_POINT('',(-0.555981514709,2.959548406415));
#1423 = CARTESIAN_POINT('',(-0.694976893386,3.190879146181));
#1424 = CARTESIAN_POINT('',(-0.833972272064,3.448050506496));
#1425 = ( GEOMETRIC_REPRESENTATION_CONTEXT(2) 
PARAMETRIC_REPRESENTATION_CONTEXT() REPRESENTATION_CONTEXT('2D SPACE',''
  ) );
#1426 = PCURVE('',#1427,#1432);
#1427 = PLANE('',#1428);
#1428 = AXIS2_PLACEMENT_3D('',#1429,#1430,#1431);
#1429 = CARTESIAN_POINT('',(4.5,3.269441376024,-5.12));
#1430 = DIRECTION('',(-0.309016994375,-0.951056516295,0.));
#1431 = DIRECTION('',(-0.951056516295,0.309016994375,0.));
#1432 = DEFINITIONAL_REPRESENTATION('',(#1433),#1437);
#1433 = ELLIPSE('',#1434,2.447059500607,1.15);
#1434 = AXIS2_PLACEMENT_2D('',#1435,#1436);
#1435 = CARTESIAN_POINT('',(1.826646860239E-15,-4.49));
#1436 = DIRECTION('',(-0.386816615436,-0.922156660239));
#1437 = ( GEOMETRIC_REPRESENTATION_CONTEXT(2) 
PARAMETRIC_REPRESENTATION_CONTEXT() REPRESENTATION_CONTEXT('2D SPACE',''
  ) );
#1438 = ORIENTED_EDGE('',*,*,#1439,.F.);
#1439 = EDGE_CURVE('',#1170,#1407,#1440,.T.);
#1440 = SURFACE_CURVE('',#1441,(#1454,#1470),.PCURVE_S1.);
#1441 = B_SPLINE_CURVE_WITH_KNOTS('',6,(#1442,#1443,#1444,#1445,#1446,
    #1447,#1448,#1449,#1450,#1451,#1452,#1453),.UNSPECIFIED.,.F.,.F.,(7,
    5,7),(0.,0.664686278091,1.),.UNSPECIFIED.);
#1442 = CARTESIAN_POINT('',(3.746849465997,3.445830412191,
    -3.042549305937));
#1443 = CARTESIAN_POINT('',(3.808915786573,3.439504108906,
    -3.019750536151));
#1444 = CARTESIAN_POINT('',(3.868417154433,3.434342544286,
    -2.991531111551));
#1445 = CARTESIAN_POINT('',(3.924941274029,3.430151105348,
    -2.960055207839));
#1446 = CARTESIAN_POINT('',(3.978643658565,3.426729448578,
    -2.926614252302));
#1447 = CARTESIAN_POINT('',(4.030200923125,3.423915137182,
    -2.891628350662));
#1448 = CARTESIAN_POINT('',(4.106299231314,3.420433130673,
    -2.836000373566));
#1449 = CARTESIAN_POINT('',(4.131395717743,3.419400711167,
    -2.816966922757));
#1450 = CARTESIAN_POINT('',(4.156084593458,3.418492931565,
    -2.797613402233));
#1451 = CARTESIAN_POINT('',(4.180388631943,3.417700378422,
    -2.777981630268));
#1452 = CARTESIAN_POINT('',(4.204340670364,3.417014730005,
    -2.758094686367));
#1453 = CARTESIAN_POINT('',(4.227983609568,3.416428756291,
    -2.737956911256));
#1454 = PCURVE('',#635,#1455);
#1455 = DEFINITIONAL_REPRESENTATION('',(#1456),#1469);
#1456 = B_SPLINE_CURVE_WITH_KNOTS('',6,(#1457,#1458,#1459,#1460,#1461,
    #1462,#1463,#1464,#1465,#1466,#1467,#1468),.UNSPECIFIED.,.F.,.F.,(7,
    5,7),(0.,0.664686278091,1.),.UNSPECIFIED.);
#1457 = CARTESIAN_POINT('',(0.,2.305151425951));
#1458 = CARTESIAN_POINT('',(-4.202605186106E-02,2.350717303183));
#1459 = CARTESIAN_POINT('',(-8.03236933746E-02,2.399887771296));
#1460 = CARTESIAN_POINT('',(-0.115357471436,2.450641026039));
#1461 = CARTESIAN_POINT('',(-0.147669200349,2.501930549364));
#1462 = CARTESIAN_POINT('',(-0.177930276081,2.553676897512));
#1463 = CARTESIAN_POINT('',(-0.221590172774,2.633530619801));
#1464 = CARTESIAN_POINT('',(-0.235815526917,2.660465104891));
#1465 = CARTESIAN_POINT('',(-0.249655691309,2.687511120109));
#1466 = CARTESIAN_POINT('',(-0.263141976119,2.714642114513));
#1467 = CARTESIAN_POINT('',(-0.276307783113,2.741851892353));
#1468 = CARTESIAN_POINT('',(-0.289188605662,2.769154613071));
#1469 = ( GEOMETRIC_REPRESENTATION_CONTEXT(2) 
PARAMETRIC_REPRESENTATION_CONTEXT() REPRESENTATION_CONTEXT('2D SPACE',''
  ) );
#1470 = PCURVE('',#1231,#1471);
#1471 = DEFINITIONAL_REPRESENTATION('',(#1472),#1485);
#1472 = B_SPLINE_CURVE_WITH_KNOTS('',6,(#1473,#1474,#1475,#1476,#1477,
    #1478,#1479,#1480,#1481,#1482,#1483,#1484),.UNSPECIFIED.,.F.,.F.,(7,
    5,7),(0.,0.664686278091,1.),.UNSPECIFIED.);
#1473 = CARTESIAN_POINT('',(3.321028671243,4.434631097604));
#1474 = CARTESIAN_POINT('',(3.325455714892,4.458520131391));
#1475 = CARTESIAN_POINT('',(3.329683809173,4.487836211729));
#1476 = CARTESIAN_POINT('',(3.333688290494,4.52039584091));
#1477 = CARTESIAN_POINT('',(3.337483655133,4.554900013563));
#1478 = CARTESIAN_POINT('',(3.341119855579,4.590935227165));
#1479 = CARTESIAN_POINT('',(3.346476353305,4.64815326112));
#1480 = CARTESIAN_POINT('',(3.348241060202,4.667718219157));
#1481 = CARTESIAN_POINT('',(3.349975441051,4.687601286401));
#1482 = CARTESIAN_POINT('',(3.351681250062,4.70776064159));
#1483 = CARTESIAN_POINT('',(3.353360921411,4.728173499108));
#1484 = CARTESIAN_POINT('',(3.355017569242,4.748836108986));
#1485 = ( GEOMETRIC_REPRESENTATION_CONTEXT(2) 
PARAMETRIC_REPRESENTATION_CONTEXT() REPRESENTATION_CONTEXT('2D SPACE',''
  ) );
#1486 = ADVANCED_FACE('',(#1487),#679,.T.);
#1487 = FACE_BOUND('',#1488,.T.);
#1488 = EDGE_LOOP('',(#1489,#1490,#1491,#1514,#1569,#1602,#1645,#1678));
#1489 = ORIENTED_EDGE('',*,*,#1193,.F.);
#1490 = ORIENTED_EDGE('',*,*,#658,.T.);
#1491 = ORIENTED_EDGE('',*,*,#1492,.T.);
#1492 = EDGE_CURVE('',#659,#1493,#1495,.T.);
#1493 = VERTEX_POINT('',#1494);
#1494 = CARTESIAN_POINT('',(-2.119339307204,4.628285757315,
    -3.042549305937));
#1495 = SURFACE_CURVE('',#1496,(#1500,#1507),.PCURVE_S1.);
#1496 = LINE('',#1497,#1498);
#1497 = CARTESIAN_POINT('',(-1.705551690037,3.354778420072,
    -4.918897345729));
#1498 = VECTOR('',#1499,1.);
#1499 = DIRECTION('',(-0.17950561187,0.552461466481,0.813980382663));
#1500 = PCURVE('',#679,#1501);
#1501 = DEFINITIONAL_REPRESENTATION('',(#1502),#1506);
#1502 = LINE('',#1503,#1504);
#1503 = CARTESIAN_POINT('',(1.068131150017,0.));
#1504 = VECTOR('',#1505,1.);
#1505 = DIRECTION('',(0.,1.));
#1506 = ( GEOMETRIC_REPRESENTATION_CONTEXT(2) 
PARAMETRIC_REPRESENTATION_CONTEXT() REPRESENTATION_CONTEXT('2D SPACE',''
  ) );
#1507 = PCURVE('',#792,#1508);
#1508 = DEFINITIONAL_REPRESENTATION('',(#1509),#1513);
#1509 = LINE('',#1510,#1511);
#1510 = CARTESIAN_POINT('',(15.232213343156,-13.28842537622));
#1511 = VECTOR('',#1512,1.);
#1512 = DIRECTION('',(0.939903586091,0.34143996376));
#1513 = ( GEOMETRIC_REPRESENTATION_CONTEXT(2) 
PARAMETRIC_REPRESENTATION_CONTEXT() REPRESENTATION_CONTEXT('2D SPACE',''
  ) );
#1514 = ORIENTED_EDGE('',*,*,#1515,.F.);
#1515 = EDGE_CURVE('',#1516,#1493,#1518,.T.);
#1516 = VERTEX_POINT('',#1517);
#1517 = CARTESIAN_POINT('',(-2.013802505289,4.884095915488,
    -2.89556037184));
#1518 = SURFACE_CURVE('',#1519,(#1532,#1548),.PCURVE_S1.);
#1519 = B_SPLINE_CURVE_WITH_KNOTS('',6,(#1520,#1521,#1522,#1523,#1524,
    #1525,#1526,#1527,#1528,#1529,#1530,#1531),.UNSPECIFIED.,.F.,.F.,(7,
    5,7),(0.,0.812341277909,1.),.UNSPECIFIED.);
#1520 = CARTESIAN_POINT('',(-1.942698043833,5.076785908434,
    -2.737956911256));
#1521 = CARTESIAN_POINT('',(-1.961821516562,5.02254153794,
    -2.786931394281));
#1522 = CARTESIAN_POINT('',(-1.98178297484,4.967556943044,
    -2.833685667373));
#1523 = CARTESIAN_POINT('',(-2.003117240765,4.910486069602,
    -2.87903274138));
#1524 = CARTESIAN_POINT('',(-2.026262073411,4.850551113891,
    -2.922707324236));
#1525 = CARTESIAN_POINT('',(-2.051524272077,4.787579052331,
    -2.963348448528));
#1526 = CARTESIAN_POINT('',(-2.085351914444,4.706911688895,
    -3.006605446637));
#1527 = CARTESIAN_POINT('',(-2.091836638867,4.691593482483,
    -3.014452912773));
#1528 = CARTESIAN_POINT('',(-2.098469122158,4.6760791337,-3.022007569211
    ));
#1529 = CARTESIAN_POINT('',(-2.10525880531,4.66035845406,-3.029237483374
    ));
#1530 = CARTESIAN_POINT('',(-2.112213483722,4.644426936887,
    -3.036101512959));
#1531 = CARTESIAN_POINT('',(-2.119339307204,4.628285757315,
    -3.042549305937));
#1532 = PCURVE('',#679,#1533);
#1533 = DEFINITIONAL_REPRESENTATION('',(#1534),#1547);
#1534 = B_SPLINE_CURVE_WITH_KNOTS('',6,(#1535,#1536,#1537,#1538,#1539,
    #1540,#1541,#1542,#1543,#1544,#1545,#1546),.UNSPECIFIED.,.F.,.F.,(7,
    5,7),(0.,0.812341277909,1.),.UNSPECIFIED.);
#1535 = CARTESIAN_POINT('',(0.778942544354,2.769154613071));
#1536 = CARTESIAN_POINT('',(0.810268329941,2.70275519084));
#1537 = CARTESIAN_POINT('',(0.842807795408,2.637904453589));
#1538 = CARTESIAN_POINT('',(0.877487303142,2.57329298696));
#1539 = CARTESIAN_POINT('',(0.915076480986,2.508785607114));
#1540 = CARTESIAN_POINT('',(0.956194953734,2.445449598163));
#1541 = CARTESIAN_POINT('',(1.01180950963,2.37174589203));
#1542 = CARTESIAN_POINT('',(1.022492934025,2.358059534188));
#1543 = CARTESIAN_POINT('',(1.033446006373,2.344529680141));
#1544 = CARTESIAN_POINT('',(1.044690189281,2.331178388345));
#1545 = CARTESIAN_POINT('',(1.056245627919,2.31803805738));
#1546 = CARTESIAN_POINT('',(1.068131150017,2.305151425951));
#1547 = ( GEOMETRIC_REPRESENTATION_CONTEXT(2) 
PARAMETRIC_REPRESENTATION_CONTEXT() REPRESENTATION_CONTEXT('2D SPACE',''
  ) );
#1548 = PCURVE('',#1549,#1554);
#1549 = CYLINDRICAL_SURFACE('',#1550,14.);
#1550 = AXIS2_PLACEMENT_3D('',#1551,#1552,#1553);
#1551 = CARTESIAN_POINT('',(-14.36505145555,10.436820799443,
    -8.696698898585));
#1552 = DIRECTION('',(-7.267514086178E-02,5.280158056486E-02,
    0.995956985512));
#1553 = DIRECTION('',(-0.805746126946,0.585408828002,-8.983141437953E-02
    ));
#1554 = DEFINITIONAL_REPRESENTATION('',(#1555),#1568);
#1555 = B_SPLINE_CURVE_WITH_KNOTS('',6,(#1556,#1557,#1558,#1559,#1560,
    #1561,#1562,#1563,#1564,#1565,#1566,#1567),.UNSPECIFIED.,.F.,.F.,(7,
    5,7),(0.,0.812341277909,1.),.UNSPECIFIED.);
#1556 = CARTESIAN_POINT('',(3.355017569242,4.748836108986));
#1557 = CARTESIAN_POINT('',(3.350988649929,4.698585243081));
#1558 = CARTESIAN_POINT('',(3.346884183743,4.650567426467));
#1559 = CARTESIAN_POINT('',(3.342601789335,4.603940729797));
#1560 = CARTESIAN_POINT('',(3.338077531339,4.558960117492));
#1561 = CARTESIAN_POINT('',(3.333289130014,4.51699421532));
#1562 = CARTESIAN_POINT('',(3.327099848189,4.472111170265));
#1563 = CARTESIAN_POINT('',(3.325922239821,4.463957884299));
#1564 = CARTESIAN_POINT('',(3.324727102703,4.456096605967));
#1565 = CARTESIAN_POINT('',(3.323513449293,4.448559286899));
#1566 = CARTESIAN_POINT('',(3.322280697612,4.441387231631));
#1567 = CARTESIAN_POINT('',(3.321028671243,4.434631097604));
#1568 = ( GEOMETRIC_REPRESENTATION_CONTEXT(2) 
PARAMETRIC_REPRESENTATION_CONTEXT() REPRESENTATION_CONTEXT('2D SPACE',''
  ) );
#1569 = ORIENTED_EDGE('',*,*,#1570,.T.);
#1570 = EDGE_CURVE('',#1516,#1571,#1573,.T.);
#1571 = VERTEX_POINT('',#1572);
#1572 = CARTESIAN_POINT('',(-1.833435519937,5.132349773177,
    -2.751574275001));
#1573 = SURFACE_CURVE('',#1574,(#1579,#1590),.PCURVE_S1.);
#1574 = ELLIPSE('',#1575,2.447059500607,1.15);
#1575 = AXIS2_PLACEMENT_3D('',#1576,#1577,#1578);
#1576 = CARTESIAN_POINT('',(-1.718847050625,5.290067270632,-0.63));
#1577 = DIRECTION('',(0.809016994375,-0.587785252292,2.775557561563E-17)
  );
#1578 = DIRECTION('',(0.227365101895,0.312941215594,0.922156660239));
#1579 = PCURVE('',#679,#1580);
#1580 = DEFINITIONAL_REPRESENTATION('',(#1581),#1589);
#1581 = B_SPLINE_CURVE_WITH_KNOTS('',6,(#1582,#1583,#1584,#1585,#1586,
    #1587,#1588),.UNSPECIFIED.,.F.,.F.,(7,7),(3.336227519105,
    4.170199791168),.PIECEWISE_BEZIER_KNOTS.);
#1582 = CARTESIAN_POINT('',(1.068131150017,2.443421718865));
#1583 = CARTESIAN_POINT('',(0.92913577134,2.501488699803));
#1584 = CARTESIAN_POINT('',(0.790140392662,2.608686477745));
#1585 = CARTESIAN_POINT('',(0.651145013985,2.762998425364));
#1586 = CARTESIAN_POINT('',(0.512149635308,2.959548406414));
#1587 = CARTESIAN_POINT('',(0.37315425663,3.190879146181));
#1588 = CARTESIAN_POINT('',(0.234158877953,3.448050506496));
#1589 = ( GEOMETRIC_REPRESENTATION_CONTEXT(2) 
PARAMETRIC_REPRESENTATION_CONTEXT() REPRESENTATION_CONTEXT('2D SPACE',''
  ) );
#1590 = PCURVE('',#1591,#1596);
#1591 = PLANE('',#1592);
#1592 = AXIS2_PLACEMENT_3D('',#1593,#1594,#1595);
#1593 = CARTESIAN_POINT('',(-1.718847050625,5.290067270632,-5.12));
#1594 = DIRECTION('',(0.809016994375,-0.587785252292,0.));
#1595 = DIRECTION('',(-0.587785252292,-0.809016994375,0.));
#1596 = DEFINITIONAL_REPRESENTATION('',(#1597),#1601);
#1597 = ELLIPSE('',#1598,2.447059500607,1.15);
#1598 = AXIS2_PLACEMENT_2D('',#1599,#1600);
#1599 = CARTESIAN_POINT('',(8.750245999495E-15,-4.49));
#1600 = DIRECTION('',(-0.386816615436,-0.922156660239));
#1601 = ( GEOMETRIC_REPRESENTATION_CONTEXT(2) 
PARAMETRIC_REPRESENTATION_CONTEXT() REPRESENTATION_CONTEXT('2D SPACE',''
  ) );
#1602 = ORIENTED_EDGE('',*,*,#1603,.F.);
#1603 = EDGE_CURVE('',#1604,#1571,#1606,.T.);
#1604 = VERTEX_POINT('',#1605);
#1605 = CARTESIAN_POINT('',(-1.53343901256,5.229824547225,
    -2.751574275001));
#1606 = SURFACE_CURVE('',#1607,(#1616,#1628),.PCURVE_S1.);
#1607 = B_SPLINE_CURVE_WITH_KNOTS('',4,(#1608,#1609,#1610,#1611,#1612,
    #1613,#1614,#1615),.UNSPECIFIED.,.F.,.F.,(5,3,5),(0.,0.499792950541,
    1.),.UNSPECIFIED.);
#1608 = CARTESIAN_POINT('',(-1.53343901256,5.229824547225,
    -2.751574275001));
#1609 = CARTESIAN_POINT('',(-1.570499977062,5.218957886538,
    -2.759209541781));
#1610 = CARTESIAN_POINT('',(-1.608213049652,5.20751984475,
    -2.764453312254));
#1611 = CARTESIAN_POINT('',(-1.646199737994,5.195585895885,
    -2.767079060988));
#1612 = CARTESIAN_POINT('',(-1.721991389076,5.170960710031,
    -2.76708557987));
#1613 = CARTESIAN_POINT('',(-1.759769986892,5.158277362386,
    -2.76446200017));
#1614 = CARTESIAN_POINT('',(-1.797035188191,5.145353107734,
    -2.759215864665));
#1615 = CARTESIAN_POINT('',(-1.833435519937,5.132349773177,
    -2.751574275001));
#1616 = PCURVE('',#679,#1617);
#1617 = DEFINITIONAL_REPRESENTATION('',(#1618),#1627);
#1618 = B_SPLINE_CURVE_WITH_KNOTS('',4,(#1619,#1620,#1621,#1622,#1623,
    #1624,#1625,#1626),.UNSPECIFIED.,.F.,.F.,(5,3,5),(0.,0.499792950541,
    1.),.UNSPECIFIED.);
#1619 = CARTESIAN_POINT('',(0.396486317728,2.769154004113));
#1620 = CARTESIAN_POINT('',(0.43037615919,2.763588286547));
#1621 = CARTESIAN_POINT('',(0.464752658499,2.759770591082));
#1622 = CARTESIAN_POINT('',(0.499373966585,2.757859059965));
#1623 = CARTESIAN_POINT('',(0.568671135883,2.757854314136));
#1624 = CARTESIAN_POINT('',(0.603321536237,2.759764266021));
#1625 = CARTESIAN_POINT('',(0.637726926119,2.76358367749));
#1626 = CARTESIAN_POINT('',(0.671644832289,2.769154004113));
#1627 = ( GEOMETRIC_REPRESENTATION_CONTEXT(2) 
PARAMETRIC_REPRESENTATION_CONTEXT() REPRESENTATION_CONTEXT('2D SPACE',''
  ) );
#1628 = PCURVE('',#1629,#1634);
#1629 = CYLINDRICAL_SURFACE('',#1630,5.45);
#1630 = AXIS2_PLACEMENT_3D('',#1631,#1632,#1633);
#1631 = CARTESIAN_POINT('',(0.,0.,-5.12));
#1632 = DIRECTION('',(0.,0.,1.));
#1633 = DIRECTION('',(1.,0.,-0.));
#1634 = DEFINITIONAL_REPRESENTATION('',(#1635),#1644);
#1635 = B_SPLINE_CURVE_WITH_KNOTS('',4,(#1636,#1637,#1638,#1639,#1640,
    #1641,#1642,#1643),.UNSPECIFIED.,.F.,.F.,(5,3,5),(0.,0.499792950541,
    1.),.UNSPECIFIED.);
#1636 = CARTESIAN_POINT('',(1.856012561039,2.368425724999));
#1637 = CARTESIAN_POINT('',(1.863099025254,2.360790458219));
#1638 = CARTESIAN_POINT('',(1.870329797182,2.355546687746));
#1639 = CARTESIAN_POINT('',(1.877635344516,2.352920939012));
#1640 = CARTESIAN_POINT('',(1.892257682969,2.35291442013));
#1641 = CARTESIAN_POINT('',(1.899569406722,2.35553799983));
#1642 = CARTESIAN_POINT('',(1.906806290642,2.360784135335));
#1643 = CARTESIAN_POINT('',(1.913898623268,2.368425724999));
#1644 = ( GEOMETRIC_REPRESENTATION_CONTEXT(2) 
PARAMETRIC_REPRESENTATION_CONTEXT() REPRESENTATION_CONTEXT('2D SPACE',''
  ) );
#1645 = ORIENTED_EDGE('',*,*,#1646,.T.);
#1646 = EDGE_CURVE('',#1604,#1647,#1649,.T.);
#1647 = VERTEX_POINT('',#1648);
#1648 = CARTESIAN_POINT('',(-1.241599099812,5.135000011426,
    -2.89556037184));
#1649 = SURFACE_CURVE('',#1650,(#1655,#1666),.PCURVE_S1.);
#1650 = ELLIPSE('',#1651,2.447059500607,1.15);
#1651 = AXIS2_PLACEMENT_3D('',#1652,#1653,#1654);
#1652 = CARTESIAN_POINT('',(-1.718847050625,5.290067270632,-0.63));
#1653 = DIRECTION('',(-0.309016994375,-0.951056516295,1.387778780781E-17
    ));
#1654 = DIRECTION('',(-0.367884462722,0.119532907876,0.922156660239));
#1655 = PCURVE('',#679,#1656);
#1656 = DEFINITIONAL_REPRESENTATION('',(#1657),#1665);
#1657 = B_SPLINE_CURVE_WITH_KNOTS('',6,(#1658,#1659,#1660,#1661,#1662,
    #1663,#1664),.UNSPECIFIED.,.F.,.F.,(7,7),(2.112985516011,
    2.946957788075),.PIECEWISE_BEZIER_KNOTS.);
#1658 = CARTESIAN_POINT('',(0.833972272063,3.448050506496));
#1659 = CARTESIAN_POINT('',(0.694976893386,3.190879146181));
#1660 = CARTESIAN_POINT('',(0.555981514709,2.959548406414));
#1661 = CARTESIAN_POINT('',(0.416986136032,2.762998425364));
#1662 = CARTESIAN_POINT('',(0.277990757354,2.608686477745));
#1663 = CARTESIAN_POINT('',(0.138995378677,2.501488699803));
#1664 = CARTESIAN_POINT('',(0.,2.443421718865));
#1665 = ( GEOMETRIC_REPRESENTATION_CONTEXT(2) 
PARAMETRIC_REPRESENTATION_CONTEXT() REPRESENTATION_CONTEXT('2D SPACE',''
  ) );
#1666 = PCURVE('',#1667,#1672);
#1667 = PLANE('',#1668);
#1668 = AXIS2_PLACEMENT_3D('',#1669,#1670,#1671);
#1669 = CARTESIAN_POINT('',(4.5,3.269441376024,-5.12));
#1670 = DIRECTION('',(-0.309016994375,-0.951056516295,0.));
#1671 = DIRECTION('',(-0.951056516295,0.309016994375,0.));
#1672 = DEFINITIONAL_REPRESENTATION('',(#1673),#1677);
#1673 = ELLIPSE('',#1674,2.447059500607,1.15);
#1674 = AXIS2_PLACEMENT_2D('',#1675,#1676);
#1675 = CARTESIAN_POINT('',(6.538882752048,-4.49));
#1676 = DIRECTION('',(0.386816615436,-0.922156660239));
#1677 = ( GEOMETRIC_REPRESENTATION_CONTEXT(2) 
PARAMETRIC_REPRESENTATION_CONTEXT() REPRESENTATION_CONTEXT('2D SPACE',''
  ) );
#1678 = ORIENTED_EDGE('',*,*,#1679,.F.);
#1679 = EDGE_CURVE('',#1194,#1647,#1680,.T.);
#1680 = SURFACE_CURVE('',#1681,(#1694,#1710),.PCURVE_S1.);
#1681 = B_SPLINE_CURVE_WITH_KNOTS('',6,(#1682,#1683,#1684,#1685,#1686,
    #1687,#1688,#1689,#1690,#1691,#1692,#1693),.UNSPECIFIED.,.F.,.F.,(7,
    5,7),(0.,0.664686418672,1.),.UNSPECIFIED.);
#1682 = CARTESIAN_POINT('',(-1.00585659517,4.99007822187,-3.042549305937
    ));
#1683 = CARTESIAN_POINT('',(-1.059787811066,5.021441802899,
    -3.019750536151));
#1684 = CARTESIAN_POINT('',(-1.110959320416,5.052240035923,
    -2.991531111551));
#1685 = CARTESIAN_POINT('',(-1.159151959755,5.082073134489,
    -2.960055207839));
#1686 = CARTESIAN_POINT('',(-1.204609300871,5.110870425656,
    -2.926614252302));
#1687 = CARTESIAN_POINT('',(-1.247974214817,5.138898199667,
    -2.891628350662));
#1688 = CARTESIAN_POINT('',(-1.311585698006,5.180810651639,
    -2.836000385331));
#1689 = CARTESIAN_POINT('',(-1.332496039312,5.194726762274,
    -2.816966919215));
#1690 = CARTESIAN_POINT('',(-1.353003348712,5.208504116708,
    -2.797613390087));
#1691 = CARTESIAN_POINT('',(-1.373131571093,5.222148477036,
    -2.77798162733));
#1692 = CARTESIAN_POINT('',(-1.392912175197,5.235672419912,
    -2.758094698886));
#1693 = CARTESIAN_POINT('',(-1.412384153624,5.249095336549,
    -2.737956911256));
#1694 = PCURVE('',#679,#1695);
#1695 = DEFINITIONAL_REPRESENTATION('',(#1696),#1709);
#1696 = B_SPLINE_CURVE_WITH_KNOTS('',6,(#1697,#1698,#1699,#1700,#1701,
    #1702,#1703,#1704,#1705,#1706,#1707,#1708),.UNSPECIFIED.,.F.,.F.,(7,
    5,7),(0.,0.664686418672,1.),.UNSPECIFIED.);
#1697 = CARTESIAN_POINT('',(-8.881784197001E-16,2.305151425951));
#1698 = CARTESIAN_POINT('',(4.2026051861E-02,2.350717303183));
#1699 = CARTESIAN_POINT('',(8.032369337466E-02,2.399887771296));
#1700 = CARTESIAN_POINT('',(0.115357471436,2.450641026039));
#1701 = CARTESIAN_POINT('',(0.147669200349,2.501930549364));
#1702 = CARTESIAN_POINT('',(0.177930276081,2.553676897512));
#1703 = CARTESIAN_POINT('',(0.22159016354,2.633530602912));
#1704 = CARTESIAN_POINT('',(0.235815528727,2.660465109444));
#1705 = CARTESIAN_POINT('',(0.249655699932,2.687511137046));
#1706 = CARTESIAN_POINT('',(0.263141978909,2.714642118998));
#1707 = CARTESIAN_POINT('',(0.276307775105,2.741851875379));
#1708 = CARTESIAN_POINT('',(0.289188605662,2.769154613071));
#1709 = ( GEOMETRIC_REPRESENTATION_CONTEXT(2) 
PARAMETRIC_REPRESENTATION_CONTEXT() REPRESENTATION_CONTEXT('2D SPACE',''
  ) );
#1710 = PCURVE('',#1231,#1711);
#1711 = DEFINITIONAL_REPRESENTATION('',(#1712),#1725);
#1712 = B_SPLINE_CURVE_WITH_KNOTS('',6,(#1713,#1714,#1715,#1716,#1717,
    #1718,#1719,#1720,#1721,#1722,#1723,#1724),.UNSPECIFIED.,.F.,.F.,(7,
    5,7),(0.,0.664686418672,1.),.UNSPECIFIED.);
#1713 = CARTESIAN_POINT('',(2.962156635937,4.434631097605));
#1714 = CARTESIAN_POINT('',(2.957729592288,4.458520131391));
#1715 = CARTESIAN_POINT('',(2.953501498006,4.487836211729));
#1716 = CARTESIAN_POINT('',(2.949497016685,4.52039584091));
#1717 = CARTESIAN_POINT('',(2.945701652046,4.554900013563));
#1718 = CARTESIAN_POINT('',(2.9420654516,4.590935227165));
#1719 = CARTESIAN_POINT('',(2.936708955008,4.648153249019));
#1720 = CARTESIAN_POINT('',(2.93494424673,4.667718222784));
#1721 = CARTESIAN_POINT('',(2.933209865047,4.687601298878));
#1722 = CARTESIAN_POINT('',(2.931504056788,4.707760644621));
#1723 = CARTESIAN_POINT('',(2.929824386798,4.728173486263));
#1724 = CARTESIAN_POINT('',(2.928167737938,4.748836108986));
#1725 = ( GEOMETRIC_REPRESENTATION_CONTEXT(2) 
PARAMETRIC_REPRESENTATION_CONTEXT() REPRESENTATION_CONTEXT('2D SPACE',''
  ) );
#1726 = ADVANCED_FACE('',(#1727),#758,.T.);
#1727 = FACE_BOUND('',#1728,.T.);
#1728 = EDGE_LOOP('',(#1729,#1730,#1758,#1779));
#1729 = ORIENTED_EDGE('',*,*,#1252,.T.);
#1730 = ORIENTED_EDGE('',*,*,#1731,.F.);
#1731 = EDGE_CURVE('',#1732,#1253,#1734,.T.);
#1732 = VERTEX_POINT('',#1733);
#1733 = CARTESIAN_POINT('',(4.43501962792,-2.498645443113,
    -3.042549305937));
#1734 = SURFACE_CURVE('',#1735,(#1740,#1747),.PCURVE_S1.);
#1735 = ELLIPSE('',#1736,33.318878822647,14.);
#1736 = AXIS2_PLACEMENT_3D('',#1737,#1738,#1739);
#1737 = CARTESIAN_POINT('',(20.826983506952,0.,25.34916496838));
#1738 = DIRECTION('',(0.866025403784,0.,-0.5));
#1739 = DIRECTION('',(0.5,0.,0.866025403784));
#1740 = PCURVE('',#758,#1741);
#1741 = DEFINITIONAL_REPRESENTATION('',(#1742),#1746);
#1742 = ELLIPSE('',#1743,33.318878822647,14.);
#1743 = AXIS2_PLACEMENT_2D('',#1744,#1745);
#1744 = CARTESIAN_POINT('',(50.182761192954,-15.));
#1745 = DIRECTION('',(1.,0.));
#1746 = ( GEOMETRIC_REPRESENTATION_CONTEXT(2) 
PARAMETRIC_REPRESENTATION_CONTEXT() REPRESENTATION_CONTEXT('2D SPACE',''
  ) );
#1747 = PCURVE('',#1309,#1748);
#1748 = DEFINITIONAL_REPRESENTATION('',(#1749),#1757);
#1749 = B_SPLINE_CURVE_WITH_KNOTS('',6,(#1750,#1751,#1752,#1753,#1754,
    #1755,#1756),.UNSPECIFIED.,.F.,.F.,(7,7),(2.921606339641,
    3.361578967539),.PIECEWISE_BEZIER_KNOTS.);
#1750 = CARTESIAN_POINT('',(3.361578967539,4.677842547913));
#1751 = CARTESIAN_POINT('',(3.288250196223,4.194038261217));
#1752 = CARTESIAN_POINT('',(3.214921424906,3.900623811249));
#1753 = CARTESIAN_POINT('',(3.14159265359,3.802281818099));
#1754 = CARTESIAN_POINT('',(3.068263882273,3.900623811249));
#1755 = CARTESIAN_POINT('',(2.994935110957,4.194038261217));
#1756 = CARTESIAN_POINT('',(2.921606339641,4.677842547913));
#1757 = ( GEOMETRIC_REPRESENTATION_CONTEXT(2) 
PARAMETRIC_REPRESENTATION_CONTEXT() REPRESENTATION_CONTEXT('2D SPACE',''
  ) );
#1758 = ORIENTED_EDGE('',*,*,#1759,.T.);
#1759 = EDGE_CURVE('',#1732,#722,#1760,.T.);
#1760 = SURFACE_CURVE('',#1761,(#1765,#1772),.PCURVE_S1.);
#1761 = LINE('',#1762,#1763);
#1762 = CARTESIAN_POINT('',(6.913960742953,-4.299701587605,
    1.251102654271));
#1763 = VECTOR('',#1764,1.);
#1764 = DIRECTION('',(-0.469951793046,0.34143996376,-0.813980382663));
#1765 = PCURVE('',#758,#1766);
#1766 = DEFINITIONAL_REPRESENTATION('',(#1767),#1771);
#1767 = LINE('',#1768,#1769);
#1768 = CARTESIAN_POINT('',(22.356715664956,-10.70029841239));
#1769 = VECTOR('',#1770,1.);
#1770 = DIRECTION('',(-0.939903586091,-0.34143996376));
#1771 = ( GEOMETRIC_REPRESENTATION_CONTEXT(2) 
PARAMETRIC_REPRESENTATION_CONTEXT() REPRESENTATION_CONTEXT('2D SPACE',''
  ) );
#1772 = PCURVE('',#877,#1773);
#1773 = DEFINITIONAL_REPRESENTATION('',(#1774),#1778);
#1774 = LINE('',#1775,#1776);
#1775 = CARTESIAN_POINT('',(0.,0.));
#1776 = VECTOR('',#1777,1.);
#1777 = DIRECTION('',(0.,1.));
#1778 = ( GEOMETRIC_REPRESENTATION_CONTEXT(2) 
PARAMETRIC_REPRESENTATION_CONTEXT() REPRESENTATION_CONTEXT('2D SPACE',''
  ) );
#1779 = ORIENTED_EDGE('',*,*,#744,.T.);
#1780 = ADVANCED_FACE('',(#1781),#792,.T.);
#1781 = FACE_BOUND('',#1782,.T.);
#1782 = EDGE_LOOP('',(#1783,#1784,#1785,#1808));
#1783 = ORIENTED_EDGE('',*,*,#1492,.F.);
#1784 = ORIENTED_EDGE('',*,*,#776,.T.);
#1785 = ORIENTED_EDGE('',*,*,#1786,.T.);
#1786 = EDGE_CURVE('',#777,#1787,#1789,.T.);
#1787 = VERTEX_POINT('',#1788);
#1788 = CARTESIAN_POINT('',(-5.056673191543,0.585392504523,
    -3.042549305937));
#1789 = SURFACE_CURVE('',#1790,(#1794,#1801),.PCURVE_S1.);
#1790 = LINE('',#1791,#1792);
#1791 = CARTESIAN_POINT('',(-3.717628334143,0.585392504523,
    -4.918897345729));
#1792 = VECTOR('',#1793,1.);
#1793 = DIRECTION('',(-0.580892362352,0.,0.813980382663));
#1794 = PCURVE('',#792,#1795);
#1795 = DEFINITIONAL_REPRESENTATION('',(#1796),#1800);
#1796 = LINE('',#1797,#1798);
#1797 = CARTESIAN_POINT('',(15.232213343156,-16.71157462377));
#1798 = VECTOR('',#1799,1.);
#1799 = DIRECTION('',(0.939903586091,-0.34143996376));
#1800 = ( GEOMETRIC_REPRESENTATION_CONTEXT(2) 
PARAMETRIC_REPRESENTATION_CONTEXT() REPRESENTATION_CONTEXT('2D SPACE',''
  ) );
#1801 = PCURVE('',#921,#1802);
#1802 = DEFINITIONAL_REPRESENTATION('',(#1803),#1807);
#1803 = LINE('',#1804,#1805);
#1804 = CARTESIAN_POINT('',(-1.068131150017,0.));
#1805 = VECTOR('',#1806,1.);
#1806 = DIRECTION('',(-0.,1.));
#1807 = ( GEOMETRIC_REPRESENTATION_CONTEXT(2) 
PARAMETRIC_REPRESENTATION_CONTEXT() REPRESENTATION_CONTEXT('2D SPACE',''
  ) );
#1808 = ORIENTED_EDGE('',*,*,#1809,.F.);
#1809 = EDGE_CURVE('',#1493,#1787,#1810,.T.);
#1810 = SURFACE_CURVE('',#1811,(#1816,#1823),.PCURVE_S1.);
#1811 = ELLIPSE('',#1812,33.318878822647,14.);
#1812 = AXIS2_PLACEMENT_3D('',#1813,#1814,#1815);
#1813 = CARTESIAN_POINT('',(-16.84938359869,12.241793755125,
    25.34916496838));
#1814 = DIRECTION('',(-0.700629269222,0.509036960455,-0.5));
#1815 = DIRECTION('',(-0.404508497187,0.293892626146,0.866025403784));
#1816 = PCURVE('',#792,#1817);
#1817 = DEFINITIONAL_REPRESENTATION('',(#1818),#1822);
#1818 = ELLIPSE('',#1819,33.318878822647,14.);
#1819 = AXIS2_PLACEMENT_2D('',#1820,#1821);
#1820 = CARTESIAN_POINT('',(50.182761192954,-15.));
#1821 = DIRECTION('',(1.,-5.551115123126E-17));
#1822 = ( GEOMETRIC_REPRESENTATION_CONTEXT(2) 
PARAMETRIC_REPRESENTATION_CONTEXT() REPRESENTATION_CONTEXT('2D SPACE',''
  ) );
#1823 = PCURVE('',#1549,#1824);
#1824 = DEFINITIONAL_REPRESENTATION('',(#1825),#1833);
#1825 = B_SPLINE_CURVE_WITH_KNOTS('',6,(#1826,#1827,#1828,#1829,#1830,
    #1831,#1832),.UNSPECIFIED.,.F.,.F.,(7,7),(2.921606339641,
    3.361578967539),.PIECEWISE_BEZIER_KNOTS.);
#1826 = CARTESIAN_POINT('',(3.361578967539,4.677842547913));
#1827 = CARTESIAN_POINT('',(3.288250196223,4.194038261217));
#1828 = CARTESIAN_POINT('',(3.214921424906,3.900623811249));
#1829 = CARTESIAN_POINT('',(3.14159265359,3.802281818099));
#1830 = CARTESIAN_POINT('',(3.068263882273,3.900623811249));
#1831 = CARTESIAN_POINT('',(2.994935110957,4.194038261217));
#1832 = CARTESIAN_POINT('',(2.921606339641,4.677842547913));
#1833 = ( GEOMETRIC_REPRESENTATION_CONTEXT(2) 
PARAMETRIC_REPRESENTATION_CONTEXT() REPRESENTATION_CONTEXT('2D SPACE',''
  ) );
#1834 = ADVANCED_FACE('',(#1835),#877,.T.);
#1835 = FACE_BOUND('',#1836,.T.);
#1836 = EDGE_LOOP('',(#1837,#1838,#1888,#1921,#1964,#1997,#2052,#2073));
#1837 = ORIENTED_EDGE('',*,*,#1759,.F.);
#1838 = ORIENTED_EDGE('',*,*,#1839,.T.);
#1839 = EDGE_CURVE('',#1732,#1840,#1842,.T.);
#1840 = VERTEX_POINT('',#1841);
#1841 = CARTESIAN_POINT('',(4.5,-2.767633184149,-2.89556037184));
#1842 = SURFACE_CURVE('',#1843,(#1856,#1872),.PCURVE_S1.);
#1843 = B_SPLINE_CURVE_WITH_KNOTS('',6,(#1844,#1845,#1846,#1847,#1848,
    #1849,#1850,#1851,#1852,#1853,#1854,#1855),.UNSPECIFIED.,.F.,.F.,(7,
    5,7),(0.,0.664686278092,1.),.UNSPECIFIED.);
#1844 = CARTESIAN_POINT('',(4.43501962792,-2.498645443113,
    -3.042549305937));
#1845 = CARTESIAN_POINT('',(4.448182503793,-2.559628956965,
    -3.019750536151));
#1846 = CARTESIAN_POINT('',(4.461660497984,-2.617813131782,
    -2.991531111551));
#1847 = CARTESIAN_POINT('',(4.475141116217,-2.672865989914,
    -2.960055207839));
#1848 = CARTESIAN_POINT('',(4.488481876709,-2.724997342759,
    -2.926614252302));
#1849 = CARTESIAN_POINT('',(4.50173737845,-2.77490088523,-2.891628350662
    ));
#1850 = CARTESIAN_POINT('',(4.521941463943,-2.848350676298,
    -2.836000373566));
#1851 = CARTESIAN_POINT('',(4.52871481545,-2.872537888425,
    -2.816966922757));
#1852 = CARTESIAN_POINT('',(4.535480747912,-2.896298923878,
    -2.797613402233));
#1853 = CARTESIAN_POINT('',(4.542237346005,-2.919658350441,
    -2.777981630268));
#1854 = CARTESIAN_POINT('',(4.548986842532,-2.942649969673,
    -2.758094686367));
#1855 = CARTESIAN_POINT('',(4.555735618424,-2.965316816904,
    -2.737956911256));
#1856 = PCURVE('',#877,#1857);
#1857 = DEFINITIONAL_REPRESENTATION('',(#1858),#1871);
#1858 = B_SPLINE_CURVE_WITH_KNOTS('',6,(#1859,#1860,#1861,#1862,#1863,
    #1864,#1865,#1866,#1867,#1868,#1869,#1870),.UNSPECIFIED.,.F.,.F.,(7,
    5,7),(0.,0.664686278092,1.),.UNSPECIFIED.);
#1859 = CARTESIAN_POINT('',(0.,5.274883832162));
#1860 = CARTESIAN_POINT('',(4.202605186103E-02,5.22931795493));
#1861 = CARTESIAN_POINT('',(8.032369337462E-02,5.180147486818));
#1862 = CARTESIAN_POINT('',(0.115357471436,5.129394232074));
#1863 = CARTESIAN_POINT('',(0.147669200349,5.078104708749));
#1864 = CARTESIAN_POINT('',(0.177930276081,5.026358360601));
#1865 = CARTESIAN_POINT('',(0.221590172774,4.946504638313));
#1866 = CARTESIAN_POINT('',(0.235815526917,4.919570153222));
#1867 = CARTESIAN_POINT('',(0.24965569131,4.892524138004));
#1868 = CARTESIAN_POINT('',(0.263141976119,4.8653931436));
#1869 = CARTESIAN_POINT('',(0.276307783113,4.83818336576));
#1870 = CARTESIAN_POINT('',(0.289188605662,4.810880645042));
#1871 = ( GEOMETRIC_REPRESENTATION_CONTEXT(2) 
PARAMETRIC_REPRESENTATION_CONTEXT() REPRESENTATION_CONTEXT('2D SPACE',''
  ) );
#1872 = PCURVE('',#1309,#1873);
#1873 = DEFINITIONAL_REPRESENTATION('',(#1874),#1887);
#1874 = B_SPLINE_CURVE_WITH_KNOTS('',6,(#1875,#1876,#1877,#1878,#1879,
    #1880,#1881,#1882,#1883,#1884,#1885,#1886),.UNSPECIFIED.,.F.,.F.,(7,
    5,7),(0.,0.664686278092,1.),.UNSPECIFIED.);
#1875 = CARTESIAN_POINT('',(3.321028671243,4.434631097604));
#1876 = CARTESIAN_POINT('',(3.325455714892,4.458520131391));
#1877 = CARTESIAN_POINT('',(3.329683809173,4.487836211729));
#1878 = CARTESIAN_POINT('',(3.333688290494,4.52039584091));
#1879 = CARTESIAN_POINT('',(3.337483655133,4.554900013563));
#1880 = CARTESIAN_POINT('',(3.341119855579,4.590935227165));
#1881 = CARTESIAN_POINT('',(3.346476353305,4.64815326112));
#1882 = CARTESIAN_POINT('',(3.348241060202,4.667718219158));
#1883 = CARTESIAN_POINT('',(3.349975441051,4.687601286401));
#1884 = CARTESIAN_POINT('',(3.351681250062,4.70776064159));
#1885 = CARTESIAN_POINT('',(3.353360921411,4.728173499108));
#1886 = CARTESIAN_POINT('',(3.355017569242,4.748836108986));
#1887 = ( GEOMETRIC_REPRESENTATION_CONTEXT(2) 
PARAMETRIC_REPRESENTATION_CONTEXT() REPRESENTATION_CONTEXT('2D SPACE',''
  ) );
#1888 = ORIENTED_EDGE('',*,*,#1889,.T.);
#1889 = EDGE_CURVE('',#1840,#1890,#1892,.T.);
#1890 = VERTEX_POINT('',#1891);
#1891 = CARTESIAN_POINT('',(4.5,-3.074491827929,-2.751574275001));
#1892 = SURFACE_CURVE('',#1893,(#1898,#1909),.PCURVE_S1.);
#1893 = ELLIPSE('',#1894,2.447059500607,1.15);
#1894 = AXIS2_PLACEMENT_3D('',#1895,#1896,#1897);
#1895 = CARTESIAN_POINT('',(4.5,-3.269441376024,-0.63));
#1896 = DIRECTION('',(-1.,1.358303021142E-16,0.));
#1897 = DIRECTION('',(5.254141773746E-17,0.386816615436,-0.922156660239)
  );
#1898 = PCURVE('',#877,#1899);
#1899 = DEFINITIONAL_REPRESENTATION('',(#1900),#1908);
#1900 = B_SPLINE_CURVE_WITH_KNOTS('',6,(#1901,#1902,#1903,#1904,#1905,
    #1906,#1907),.UNSPECIFIED.,.F.,.F.,(7,7),(0.194634865515,
    1.028607137578),.PIECEWISE_BEZIER_KNOTS.);
#1901 = CARTESIAN_POINT('',(-8.881784197001E-16,5.136613539248));
#1902 = CARTESIAN_POINT('',(0.138995378677,5.07854655831));
#1903 = CARTESIAN_POINT('',(0.277990757354,4.971348780368));
#1904 = CARTESIAN_POINT('',(0.416986136032,4.817036832749));
#1905 = CARTESIAN_POINT('',(0.555981514709,4.620486851699));
#1906 = CARTESIAN_POINT('',(0.694976893386,4.389156111932));
#1907 = CARTESIAN_POINT('',(0.833972272063,4.131984751617));
#1908 = ( GEOMETRIC_REPRESENTATION_CONTEXT(2) 
PARAMETRIC_REPRESENTATION_CONTEXT() REPRESENTATION_CONTEXT('2D SPACE',''
  ) );
#1909 = PCURVE('',#1910,#1915);
#1910 = PLANE('',#1911);
#1911 = AXIS2_PLACEMENT_3D('',#1912,#1913,#1914);
#1912 = CARTESIAN_POINT('',(4.5,-3.269441376024,-5.12));
#1913 = DIRECTION('',(-1.,1.358303021142E-16,0.));
#1914 = DIRECTION('',(1.358303021142E-16,1.,0.));
#1915 = DEFINITIONAL_REPRESENTATION('',(#1916),#1920);
#1916 = ELLIPSE('',#1917,2.447059500607,1.15);
#1917 = AXIS2_PLACEMENT_2D('',#1918,#1919);
#1918 = CARTESIAN_POINT('',(-1.33226762955E-15,-4.49));
#1919 = DIRECTION('',(0.386816615436,0.922156660239));
#1920 = ( GEOMETRIC_REPRESENTATION_CONTEXT(2) 
PARAMETRIC_REPRESENTATION_CONTEXT() REPRESENTATION_CONTEXT('2D SPACE',''
  ) );
#1921 = ORIENTED_EDGE('',*,*,#1922,.T.);
#1922 = EDGE_CURVE('',#1890,#1923,#1925,.T.);
#1923 = VERTEX_POINT('',#1924);
#1924 = CARTESIAN_POINT('',(4.314591961935,-3.329684099431,
    -2.751574275001));
#1925 = SURFACE_CURVE('',#1926,(#1935,#1947),.PCURVE_S1.);
#1926 = B_SPLINE_CURVE_WITH_KNOTS('',4,(#1927,#1928,#1929,#1930,#1931,
    #1932,#1933,#1934),.UNSPECIFIED.,.F.,.F.,(5,3,5),(0.,0.499792916168,
    1.),.UNSPECIFIED.);
#1927 = CARTESIAN_POINT('',(4.5,-3.074491827929,-2.751574275001));
#1928 = CARTESIAN_POINT('',(4.478212723684,-3.106380916894,
    -2.759209541781));
#1929 = CARTESIAN_POINT('',(4.455680519167,-3.138713631035,
    -2.764453312254));
#1930 = CARTESIAN_POINT('',(4.432592127077,-3.171153325505,
    -2.767079060988));
#1931 = CARTESIAN_POINT('',(4.385751272168,-3.235625872664,
    -2.76708557987));
#1932 = CARTESIAN_POINT('',(4.362014471971,-3.267636072201,
    -2.764462001103));
#1933 = CARTESIAN_POINT('',(4.338207185876,-3.29908358228,
    -2.759215863619));
#1934 = CARTESIAN_POINT('',(4.314591961935,-3.329684099431,
    -2.751574275001));
#1935 = PCURVE('',#877,#1936);
#1936 = DEFINITIONAL_REPRESENTATION('',(#1937),#1946);
#1937 = B_SPLINE_CURVE_WITH_KNOTS('',4,(#1938,#1939,#1940,#1941,#1942,
    #1943,#1944,#1945),.UNSPECIFIED.,.F.,.F.,(5,3,5),(0.,0.499792916168,
    1.),.UNSPECIFIED.);
#1938 = CARTESIAN_POINT('',(0.396486317728,4.810881254001));
#1939 = CARTESIAN_POINT('',(0.43037615919,4.816446971566));
#1940 = CARTESIAN_POINT('',(0.464752658499,4.820264667032));
#1941 = CARTESIAN_POINT('',(0.499373966585,4.822176198148));
#1942 = CARTESIAN_POINT('',(0.568671140649,4.822180943977));
#1943 = CARTESIAN_POINT('',(0.603321527847,4.820270992772));
#1944 = CARTESIAN_POINT('',(0.637726930762,4.816451579861));
#1945 = CARTESIAN_POINT('',(0.671644832289,4.810881254001));
#1946 = ( GEOMETRIC_REPRESENTATION_CONTEXT(2) 
PARAMETRIC_REPRESENTATION_CONTEXT() REPRESENTATION_CONTEXT('2D SPACE',''
  ) );
#1947 = PCURVE('',#1948,#1953);
#1948 = CYLINDRICAL_SURFACE('',#1949,5.45);
#1949 = AXIS2_PLACEMENT_3D('',#1950,#1951,#1952);
#1950 = CARTESIAN_POINT('',(0.,0.,-5.12));
#1951 = DIRECTION('',(0.,0.,1.));
#1952 = DIRECTION('',(1.,0.,-0.));
#1953 = DEFINITIONAL_REPRESENTATION('',(#1954),#1963);
#1954 = B_SPLINE_CURVE_WITH_KNOTS('',4,(#1955,#1956,#1957,#1958,#1959,
    #1960,#1961,#1962),.UNSPECIFIED.,.F.,.F.,(5,3,5),(0.,0.499792916168,
    1.),.UNSPECIFIED.);
#1955 = CARTESIAN_POINT('',(5.683809807576,2.368425724999));
#1956 = CARTESIAN_POINT('',(5.676723343362,2.360790458219));
#1957 = CARTESIAN_POINT('',(5.669492571434,2.355546687746));
#1958 = CARTESIAN_POINT('',(5.662187024099,2.352920939012));
#1959 = CARTESIAN_POINT('',(5.647564684641,2.35291442013));
#1960 = CARTESIAN_POINT('',(5.640252963657,2.355537998897));
#1961 = CARTESIAN_POINT('',(5.633016077003,2.360784136381));
#1962 = CARTESIAN_POINT('',(5.625923745347,2.368425724999));
#1963 = ( GEOMETRIC_REPRESENTATION_CONTEXT(2) 
PARAMETRIC_REPRESENTATION_CONTEXT() REPRESENTATION_CONTEXT('2D SPACE',''
  ) );
#1964 = ORIENTED_EDGE('',*,*,#1965,.T.);
#1965 = EDGE_CURVE('',#1923,#1966,#1968,.T.);
#1966 = VERTEX_POINT('',#1967);
#1967 = CARTESIAN_POINT('',(4.022752049187,-3.42450863523,-2.89556037184
    ));
#1968 = SURFACE_CURVE('',#1969,(#1974,#1985),.PCURVE_S1.);
#1969 = ELLIPSE('',#1970,2.447059500607,1.15);
#1970 = AXIS2_PLACEMENT_3D('',#1971,#1972,#1973);
#1971 = CARTESIAN_POINT('',(4.5,-3.269441376024,-0.63));
#1972 = DIRECTION('',(-0.309016994375,0.951056516295,1.387778780781E-17)
  );
#1973 = DIRECTION('',(-0.367884462722,-0.119532907876,-0.922156660239));
#1974 = PCURVE('',#877,#1975);
#1975 = DEFINITIONAL_REPRESENTATION('',(#1976),#1984);
#1976 = B_SPLINE_CURVE_WITH_KNOTS('',6,(#1977,#1978,#1979,#1980,#1981,
    #1982,#1983),.UNSPECIFIED.,.F.,.F.,(7,7),(5.254578169601,
    6.088550441665),.PIECEWISE_BEZIER_KNOTS.);
#1977 = CARTESIAN_POINT('',(0.234158877953,4.131984751617));
#1978 = CARTESIAN_POINT('',(0.37315425663,4.389156111932));
#1979 = CARTESIAN_POINT('',(0.512149635308,4.620486851699));
#1980 = CARTESIAN_POINT('',(0.651145013985,4.817036832749));
#1981 = CARTESIAN_POINT('',(0.790140392662,4.971348780368));
#1982 = CARTESIAN_POINT('',(0.92913577134,5.07854655831));
#1983 = CARTESIAN_POINT('',(1.068131150017,5.136613539248));
#1984 = ( GEOMETRIC_REPRESENTATION_CONTEXT(2) 
PARAMETRIC_REPRESENTATION_CONTEXT() REPRESENTATION_CONTEXT('2D SPACE',''
  ) );
#1985 = PCURVE('',#1986,#1991);
#1986 = PLANE('',#1987);
#1987 = AXIS2_PLACEMENT_3D('',#1988,#1989,#1990);
#1988 = CARTESIAN_POINT('',(-1.718847050625,-5.290067270632,-5.12));
#1989 = DIRECTION('',(-0.309016994375,0.951056516295,0.));
#1990 = DIRECTION('',(0.951056516295,0.309016994375,0.));
#1991 = DEFINITIONAL_REPRESENTATION('',(#1992),#1996);
#1992 = ELLIPSE('',#1993,2.447059500607,1.15);
#1993 = AXIS2_PLACEMENT_2D('',#1994,#1995);
#1994 = CARTESIAN_POINT('',(6.538882752048,-4.49));
#1995 = DIRECTION('',(-0.386816615436,0.922156660239));
#1996 = ( GEOMETRIC_REPRESENTATION_CONTEXT(2) 
PARAMETRIC_REPRESENTATION_CONTEXT() REPRESENTATION_CONTEXT('2D SPACE',''
  ) );
#1997 = ORIENTED_EDGE('',*,*,#1998,.T.);
#1998 = EDGE_CURVE('',#1966,#1999,#2001,.T.);
#1999 = VERTEX_POINT('',#2000);
#2000 = CARTESIAN_POINT('',(3.746849465997,-3.445830412191,
    -3.042549305937));
#2001 = SURFACE_CURVE('',#2002,(#2015,#2031),.PCURVE_S1.);
#2002 = B_SPLINE_CURVE_WITH_KNOTS('',6,(#2003,#2004,#2005,#2006,#2007,
    #2008,#2009,#2010,#2011,#2012,#2013,#2014),.UNSPECIFIED.,.F.,.F.,(7,
    5,7),(0.,0.812341323094,1.),.UNSPECIFIED.);
#2003 = CARTESIAN_POINT('',(4.227983609568,-3.416428756291,
    -2.737956911256));
#2004 = CARTESIAN_POINT('',(4.170484669473,-3.417853827312,
    -2.786931394281));
#2005 = CARTESIAN_POINT('',(4.112022782361,-3.419847128031,
    -2.833685667373));
#2006 = CARTESIAN_POINT('',(4.05115250555,-3.422501350881,-2.87903274138
    ));
#2007 = CARTESIAN_POINT('',(3.986998828747,-3.425992474915,
    -2.922707324236));
#2008 = CARTESIAN_POINT('',(3.919302390553,-3.43055881638,
    -2.963348448528));
#2009 = CARTESIAN_POINT('',(3.832129857383,-3.437803229488,
    -3.006605444231));
#2010 = CARTESIAN_POINT('',(3.815557480932,-3.439236983385,
    -3.014452913167));
#2011 = CARTESIAN_POINT('',(3.798752904831,-3.440750652699,
    -3.022007571385));
#2012 = CARTESIAN_POINT('',(3.781703526424,-3.442350067533,
    -3.029237484142));
#2013 = CARTESIAN_POINT('',(3.764402645841,-3.444041249594,
    -3.036101511021));
#2014 = CARTESIAN_POINT('',(3.746849465997,-3.445830412191,
    -3.042549305937));
#2015 = PCURVE('',#877,#2016);
#2016 = DEFINITIONAL_REPRESENTATION('',(#2017),#2030);
#2017 = B_SPLINE_CURVE_WITH_KNOTS('',6,(#2018,#2019,#2020,#2021,#2022,
    #2023,#2024,#2025,#2026,#2027,#2028,#2029),.UNSPECIFIED.,.F.,.F.,(7,
    5,7),(0.,0.812341323094,1.),.UNSPECIFIED.);
#2018 = CARTESIAN_POINT('',(0.778942544354,4.810880645042));
#2019 = CARTESIAN_POINT('',(0.810268329941,4.877280067273));
#2020 = CARTESIAN_POINT('',(0.842807795408,4.942130804524));
#2021 = CARTESIAN_POINT('',(0.877487303142,5.006742271153));
#2022 = CARTESIAN_POINT('',(0.915076480985,5.071249650999));
#2023 = CARTESIAN_POINT('',(0.956194953734,5.13458565995));
#2024 = CARTESIAN_POINT('',(1.011809506536,5.208289361984));
#2025 = CARTESIAN_POINT('',(1.022492935108,5.221975724901));
#2026 = CARTESIAN_POINT('',(1.033446009709,5.235505581963));
#2027 = CARTESIAN_POINT('',(1.044690189981,5.248856870925));
#2028 = CARTESIAN_POINT('',(1.056245624347,5.26199719686));
#2029 = CARTESIAN_POINT('',(1.068131150017,5.274883832162));
#2030 = ( GEOMETRIC_REPRESENTATION_CONTEXT(2) 
PARAMETRIC_REPRESENTATION_CONTEXT() REPRESENTATION_CONTEXT('2D SPACE',''
  ) );
#2031 = PCURVE('',#2032,#2037);
#2032 = CYLINDRICAL_SURFACE('',#2033,14.);
#2033 = AXIS2_PLACEMENT_3D('',#2034,#2035,#2036);
#2034 = CARTESIAN_POINT('',(5.486961405879,-16.88713078799,
    -8.696698898585));
#2035 = DIRECTION('',(2.775943367201E-02,-8.543475201366E-02,
    0.995956985512));
#2036 = DIRECTION('',(0.30776763419,-0.947211381021,-8.983141437953E-02)
  );
#2037 = DEFINITIONAL_REPRESENTATION('',(#2038),#2051);
#2038 = B_SPLINE_CURVE_WITH_KNOTS('',6,(#2039,#2040,#2041,#2042,#2043,
    #2044,#2045,#2046,#2047,#2048,#2049,#2050),.UNSPECIFIED.,.F.,.F.,(7,
    5,7),(0.,0.812341323094,1.),.UNSPECIFIED.);
#2039 = CARTESIAN_POINT('',(2.928167737938,4.748836108986));
#2040 = CARTESIAN_POINT('',(2.932196657251,4.698585243081));
#2041 = CARTESIAN_POINT('',(2.936301123437,4.650567426467));
#2042 = CARTESIAN_POINT('',(2.940583517844,4.603940729797));
#2043 = CARTESIAN_POINT('',(2.94510777584,4.558960117492));
#2044 = CARTESIAN_POINT('',(2.949896177166,4.51699421532));
#2045 = CARTESIAN_POINT('',(2.956085458646,4.472111172762));
#2046 = CARTESIAN_POINT('',(2.957263067467,4.46395788388));
#2047 = CARTESIAN_POINT('',(2.958458204838,4.456096603701));
#2048 = CARTESIAN_POINT('',(2.959671857971,4.448559286107));
#2049 = CARTESIAN_POINT('',(2.960904609191,4.441387233661));
#2050 = CARTESIAN_POINT('',(2.962156635937,4.434631097604));
#2051 = ( GEOMETRIC_REPRESENTATION_CONTEXT(2) 
PARAMETRIC_REPRESENTATION_CONTEXT() REPRESENTATION_CONTEXT('2D SPACE',''
  ) );
#2052 = ORIENTED_EDGE('',*,*,#2053,.T.);
#2053 = EDGE_CURVE('',#1999,#833,#2054,.T.);
#2054 = SURFACE_CURVE('',#2055,(#2059,#2066),.PCURVE_S1.);
#2055 = LINE('',#2056,#2057);
#2056 = CARTESIAN_POINT('',(6.22579058103,-5.246886556683,1.251102654271
    ));
#2057 = VECTOR('',#2058,1.);
#2058 = DIRECTION('',(-0.469951793046,0.34143996376,-0.813980382663));
#2059 = PCURVE('',#877,#2060);
#2060 = DEFINITIONAL_REPRESENTATION('',(#2061),#2065);
#2061 = LINE('',#2062,#2063);
#2062 = CARTESIAN_POINT('',(1.068131150017,0.));
#2063 = VECTOR('',#2064,1.);
#2064 = DIRECTION('',(0.,1.));
#2065 = ( GEOMETRIC_REPRESENTATION_CONTEXT(2) 
PARAMETRIC_REPRESENTATION_CONTEXT() REPRESENTATION_CONTEXT('2D SPACE',''
  ) );
#2066 = PCURVE('',#1000,#2067);
#2067 = DEFINITIONAL_REPRESENTATION('',(#2068),#2072);
#2068 = LINE('',#2069,#2070);
#2069 = CARTESIAN_POINT('',(22.356715664956,-19.2997015876));
#2070 = VECTOR('',#2071,1.);
#2071 = DIRECTION('',(-0.939903586091,0.34143996376));
#2072 = ( GEOMETRIC_REPRESENTATION_CONTEXT(2) 
PARAMETRIC_REPRESENTATION_CONTEXT() REPRESENTATION_CONTEXT('2D SPACE',''
  ) );
#2073 = ORIENTED_EDGE('',*,*,#858,.T.);
#2074 = ADVANCED_FACE('',(#2075),#921,.T.);
#2075 = FACE_BOUND('',#2076,.F.);
#2076 = EDGE_LOOP('',(#2077,#2100,#2101,#2102,#2152,#2185,#2228,#2261));
#2077 = ORIENTED_EDGE('',*,*,#2078,.F.);
#2078 = EDGE_CURVE('',#901,#2079,#2081,.T.);
#2079 = VERTEX_POINT('',#2080);
#2080 = CARTESIAN_POINT('',(-5.056673191543,-0.585392504523,
    -3.042549305937));
#2081 = SURFACE_CURVE('',#2082,(#2086,#2093),.PCURVE_S1.);
#2082 = LINE('',#2083,#2084);
#2083 = CARTESIAN_POINT('',(-3.717628334143,-0.585392504523,
    -4.918897345729));
#2084 = VECTOR('',#2085,1.);
#2085 = DIRECTION('',(-0.580892362352,0.,0.813980382663));
#2086 = PCURVE('',#921,#2087);
#2087 = DEFINITIONAL_REPRESENTATION('',(#2088),#2092);
#2088 = LINE('',#2089,#2090);
#2089 = CARTESIAN_POINT('',(-0.,0.));
#2090 = VECTOR('',#2091,1.);
#2091 = DIRECTION('',(-0.,1.));
#2092 = ( GEOMETRIC_REPRESENTATION_CONTEXT(2) 
PARAMETRIC_REPRESENTATION_CONTEXT() REPRESENTATION_CONTEXT('2D SPACE',''
  ) );
#2093 = PCURVE('',#1034,#2094);
#2094 = DEFINITIONAL_REPRESENTATION('',(#2095),#2099);
#2095 = LINE('',#2096,#2097);
#2096 = CARTESIAN_POINT('',(15.232213343156,-13.28842537622));
#2097 = VECTOR('',#2098,1.);
#2098 = DIRECTION('',(0.939903586091,0.34143996376));
#2099 = ( GEOMETRIC_REPRESENTATION_CONTEXT(2) 
PARAMETRIC_REPRESENTATION_CONTEXT() REPRESENTATION_CONTEXT('2D SPACE',''
  ) );
#2100 = ORIENTED_EDGE('',*,*,#900,.F.);
#2101 = ORIENTED_EDGE('',*,*,#1786,.T.);
#2102 = ORIENTED_EDGE('',*,*,#2103,.F.);
#2103 = EDGE_CURVE('',#2104,#1787,#2106,.T.);
#2104 = VERTEX_POINT('',#2105);
#2105 = CARTESIAN_POINT('',(-5.267350444085,0.405971355144,
    -2.89556037184));
#2106 = SURFACE_CURVE('',#2107,(#2120,#2136),.PCURVE_S1.);
#2107 = B_SPLINE_CURVE_WITH_KNOTS('',6,(#2108,#2109,#2110,#2111,#2112,
    #2113,#2114,#2115,#2116,#2117,#2118,#2119),.UNSPECIFIED.,.F.,.F.,(7,
    5,7),(0.,0.812341323093,1.),.UNSPECIFIED.);
#2108 = CARTESIAN_POINT('',(-5.428637030535,0.278802511272,
    -2.737956911256));
#2109 = CARTESIAN_POINT('',(-5.382957046569,0.313752446957,
    -2.786931394281));
#2110 = CARTESIAN_POINT('',(-5.336832019138,0.349728096179,
    -2.833685667373));
#2111 = CARTESIAN_POINT('',(-5.289147043794,0.387654058584,
    -2.87903274138));
#2112 = CARTESIAN_POINT('',(-5.23929766023,0.428187022362,
    -2.922707324236));
#2113 = CARTESIAN_POINT('',(-5.187214119442,0.471672238213,
    -2.963348448528));
#2114 = CARTESIAN_POINT('',(-5.120948217851,0.528771820934,
    -3.006605444231));
#2115 = CARTESIAN_POINT('',(-5.108383623061,0.539672750675,
    -3.014452913167));
#2116 = CARTESIAN_POINT('',(-5.095678147911,0.550774816878,
    -3.022007571385));
#2117 = CARTESIAN_POINT('',(-5.082825023488,0.562090143848,
    -3.029237484142));
#2118 = CARTESIAN_POINT('',(-5.069822368954,0.573627541334,
    -3.036101511021));
#2119 = CARTESIAN_POINT('',(-5.056673191543,0.585392504523,
    -3.042549305937));
#2120 = PCURVE('',#921,#2121);
#2121 = DEFINITIONAL_REPRESENTATION('',(#2122),#2135);
#2122 = B_SPLINE_CURVE_WITH_KNOTS('',6,(#2123,#2124,#2125,#2126,#2127,
    #2128,#2129,#2130,#2131,#2132,#2133,#2134),.UNSPECIFIED.,.F.,.F.,(7,
    5,7),(0.,0.812341323093,1.),.UNSPECIFIED.);
#2123 = CARTESIAN_POINT('',(-0.778942544355,2.769154613071));
#2124 = CARTESIAN_POINT('',(-0.810268329941,2.70275519084));
#2125 = CARTESIAN_POINT('',(-0.842807795408,2.637904453589));
#2126 = CARTESIAN_POINT('',(-0.877487303142,2.57329298696));
#2127 = CARTESIAN_POINT('',(-0.915076480986,2.508785607114));
#2128 = CARTESIAN_POINT('',(-0.956194953734,2.445449598163));
#2129 = CARTESIAN_POINT('',(-1.011809506536,2.371745896129));
#2130 = CARTESIAN_POINT('',(-1.022492935108,2.358059533212));
#2131 = CARTESIAN_POINT('',(-1.033446009709,2.34452967615));
#2132 = CARTESIAN_POINT('',(-1.044690189981,2.331178387188));
#2133 = CARTESIAN_POINT('',(-1.056245624347,2.318038061253));
#2134 = CARTESIAN_POINT('',(-1.068131150017,2.305151425951));
#2135 = ( GEOMETRIC_REPRESENTATION_CONTEXT(2) 
PARAMETRIC_REPRESENTATION_CONTEXT() REPRESENTATION_CONTEXT('2D SPACE',''
  ) );
#2136 = PCURVE('',#1549,#2137);
#2137 = DEFINITIONAL_REPRESENTATION('',(#2138),#2151);
#2138 = B_SPLINE_CURVE_WITH_KNOTS('',6,(#2139,#2140,#2141,#2142,#2143,
    #2144,#2145,#2146,#2147,#2148,#2149,#2150),.UNSPECIFIED.,.F.,.F.,(7,
    5,7),(0.,0.812341323093,1.),.UNSPECIFIED.);
#2139 = CARTESIAN_POINT('',(2.928167737938,4.748836108986));
#2140 = CARTESIAN_POINT('',(2.932196657251,4.698585243081));
#2141 = CARTESIAN_POINT('',(2.936301123437,4.650567426467));
#2142 = CARTESIAN_POINT('',(2.940583517844,4.603940729797));
#2143 = CARTESIAN_POINT('',(2.94510777584,4.558960117492));
#2144 = CARTESIAN_POINT('',(2.949896177166,4.51699421532));
#2145 = CARTESIAN_POINT('',(2.956085458646,4.472111172762));
#2146 = CARTESIAN_POINT('',(2.957263067467,4.46395788388));
#2147 = CARTESIAN_POINT('',(2.958458204838,4.456096603701));
#2148 = CARTESIAN_POINT('',(2.959671857971,4.448559286107));
#2149 = CARTESIAN_POINT('',(2.960904609191,4.441387233661));
#2150 = CARTESIAN_POINT('',(2.962156635937,4.434631097605));
#2151 = ( GEOMETRIC_REPRESENTATION_CONTEXT(2) 
PARAMETRIC_REPRESENTATION_CONTEXT() REPRESENTATION_CONTEXT('2D SPACE',''
  ) );
#2152 = ORIENTED_EDGE('',*,*,#2153,.F.);
#2153 = EDGE_CURVE('',#2154,#2104,#2156,.T.);
#2154 = VERTEX_POINT('',#2155);
#2155 = CARTESIAN_POINT('',(-5.447717429437,0.157717497455,
    -2.751574275001));
#2156 = SURFACE_CURVE('',#2157,(#2162,#2173),.PCURVE_S1.);
#2157 = ELLIPSE('',#2158,2.447059500607,1.15);
#2158 = AXIS2_PLACEMENT_3D('',#2159,#2160,#2161);
#2159 = CARTESIAN_POINT('',(-5.562305898749,-8.079770480926E-15,-0.63));
#2160 = DIRECTION('',(0.809016994375,-0.587785252292,-2.775557561563E-17
    ));
#2161 = DIRECTION('',(-0.227365101895,-0.312941215594,0.922156660239));
#2162 = PCURVE('',#921,#2163);
#2163 = DEFINITIONAL_REPRESENTATION('',(#2164),#2172);
#2164 = B_SPLINE_CURVE_WITH_KNOTS('',6,(#2165,#2166,#2167,#2168,#2169,
    #2170,#2171),.UNSPECIFIED.,.F.,.F.,(7,7),(2.112985516012,
    2.946957788075),.PIECEWISE_BEZIER_KNOTS.);
#2165 = CARTESIAN_POINT('',(-0.234158877953,3.448050506496));
#2166 = CARTESIAN_POINT('',(-0.373154256631,3.190879146181));
#2167 = CARTESIAN_POINT('',(-0.512149635308,2.959548406414));
#2168 = CARTESIAN_POINT('',(-0.651145013985,2.762998425364));
#2169 = CARTESIAN_POINT('',(-0.790140392662,2.608686477745));
#2170 = CARTESIAN_POINT('',(-0.92913577134,2.501488699803));
#2171 = CARTESIAN_POINT('',(-1.068131150017,2.443421718865));
#2172 = ( GEOMETRIC_REPRESENTATION_CONTEXT(2) 
PARAMETRIC_REPRESENTATION_CONTEXT() REPRESENTATION_CONTEXT('2D SPACE',''
  ) );
#2173 = PCURVE('',#2174,#2179);
#2174 = PLANE('',#2175);
#2175 = AXIS2_PLACEMENT_3D('',#2176,#2177,#2178);
#2176 = CARTESIAN_POINT('',(-1.718847050625,5.290067270632,-5.12));
#2177 = DIRECTION('',(0.809016994375,-0.587785252292,0.));
#2178 = DIRECTION('',(-0.587785252292,-0.809016994375,0.));
#2179 = DEFINITIONAL_REPRESENTATION('',(#2180),#2184);
#2180 = ELLIPSE('',#2181,2.447059500607,1.15);
#2181 = AXIS2_PLACEMENT_2D('',#2182,#2183);
#2182 = CARTESIAN_POINT('',(6.538882752048,-4.49));
#2183 = DIRECTION('',(0.386816615436,-0.922156660239));
#2184 = ( GEOMETRIC_REPRESENTATION_CONTEXT(2) 
PARAMETRIC_REPRESENTATION_CONTEXT() REPRESENTATION_CONTEXT('2D SPACE',''
  ) );
#2185 = ORIENTED_EDGE('',*,*,#2186,.F.);
#2186 = EDGE_CURVE('',#2187,#2154,#2189,.T.);
#2187 = VERTEX_POINT('',#2188);
#2188 = CARTESIAN_POINT('',(-5.447717429437,-0.157717497455,
    -2.751574275001));
#2189 = SURFACE_CURVE('',#2190,(#2199,#2211),.PCURVE_S1.);
#2190 = B_SPLINE_CURVE_WITH_KNOTS('',4,(#2191,#2192,#2193,#2194,#2195,
    #2196,#2197,#2198),.UNSPECIFIED.,.F.,.F.,(5,3,5),(0.,0.499999970999,
    1.),.UNSPECIFIED.);
#2191 = CARTESIAN_POINT('',(-5.447717429437,-0.157717497455,
    -2.751574275001));
#2192 = CARTESIAN_POINT('',(-5.448835551523,-0.119096461303,
    -2.759212702593));
#2193 = CARTESIAN_POINT('',(-5.449611487896,-7.9677986355E-02,
    -2.764457657224));
#2194 = CARTESIAN_POINT('',(-5.45,-3.984586970062E-02,-2.767082321778));
#2195 = CARTESIAN_POINT('',(-5.45,3.984587432287E-02,-2.767082321778));
#2196 = CARTESIAN_POINT('',(-5.449611487807,7.967798637328E-02,
    -2.764457656617));
#2197 = CARTESIAN_POINT('',(-5.448835551655,0.119096456739,
    -2.759212703495));
#2198 = CARTESIAN_POINT('',(-5.447717429437,0.157717497455,
    -2.751574275001));
#2199 = PCURVE('',#921,#2200);
#2200 = DEFINITIONAL_REPRESENTATION('',(#2201),#2210);
#2201 = B_SPLINE_CURVE_WITH_KNOTS('',4,(#2202,#2203,#2204,#2205,#2206,
    #2207,#2208,#2209),.UNSPECIFIED.,.F.,.F.,(5,3,5),(0.,0.499999970999,
    1.),.UNSPECIFIED.);
#2202 = CARTESIAN_POINT('',(-0.396486317728,2.769154004113));
#2203 = CARTESIAN_POINT('',(-0.430390188747,2.763585982478));
#2204 = CARTESIAN_POINT('',(-0.464781137909,2.759767427813));
#2205 = CARTESIAN_POINT('',(-0.49941699266,2.757856686069));
#2206 = CARTESIAN_POINT('',(-0.568714161376,2.757856686069));
#2207 = CARTESIAN_POINT('',(-0.603350012148,2.759767428256));
#2208 = CARTESIAN_POINT('',(-0.637740957264,2.76358598182));
#2209 = CARTESIAN_POINT('',(-0.671644832289,2.769154004113));
#2210 = ( GEOMETRIC_REPRESENTATION_CONTEXT(2) 
PARAMETRIC_REPRESENTATION_CONTEXT() REPRESENTATION_CONTEXT('2D SPACE',''
  ) );
#2211 = PCURVE('',#2212,#2217);
#2212 = CYLINDRICAL_SURFACE('',#2213,5.45);
#2213 = AXIS2_PLACEMENT_3D('',#2214,#2215,#2216);
#2214 = CARTESIAN_POINT('',(0.,0.,-5.12));
#2215 = DIRECTION('',(0.,0.,1.));
#2216 = DIRECTION('',(1.,0.,-0.));
#2217 = DEFINITIONAL_REPRESENTATION('',(#2218),#2227);
#2218 = B_SPLINE_CURVE_WITH_KNOTS('',4,(#2219,#2220,#2221,#2222,#2223,
    #2224,#2225,#2226),.UNSPECIFIED.,.F.,.F.,(5,3,5),(0.,0.499999970999,
    1.),.UNSPECIFIED.);
#2219 = CARTESIAN_POINT('',(3.170535684704,2.368425724999));
#2220 = CARTESIAN_POINT('',(3.163446286869,2.360787297407));
#2221 = CARTESIAN_POINT('',(3.156212457998,2.355542342776));
#2222 = CARTESIAN_POINT('',(3.148903822342,2.352917678222));
#2223 = CARTESIAN_POINT('',(3.134281483989,2.352917678222));
#2224 = CARTESIAN_POINT('',(3.126972849178,2.355542343383));
#2225 = CARTESIAN_POINT('',(3.119739021149,2.360787296505));
#2226 = CARTESIAN_POINT('',(3.112649622475,2.368425724999));
#2227 = ( GEOMETRIC_REPRESENTATION_CONTEXT(2) 
PARAMETRIC_REPRESENTATION_CONTEXT() REPRESENTATION_CONTEXT('2D SPACE',''
  ) );
#2228 = ORIENTED_EDGE('',*,*,#2229,.F.);
#2229 = EDGE_CURVE('',#2230,#2187,#2232,.T.);
#2230 = VERTEX_POINT('',#2231);
#2231 = CARTESIAN_POINT('',(-5.267350444085,-0.405971355144,
    -2.89556037184));
#2232 = SURFACE_CURVE('',#2233,(#2238,#2249),.PCURVE_S1.);
#2233 = ELLIPSE('',#2234,2.447059500607,1.15);
#2234 = AXIS2_PLACEMENT_3D('',#2235,#2236,#2237);
#2235 = CARTESIAN_POINT('',(-5.562305898749,-8.079770480926E-15,-0.63));
#2236 = DIRECTION('',(0.809016994375,0.587785252292,0.));
#2237 = DIRECTION('',(-0.227365101895,0.312941215594,0.922156660239));
#2238 = PCURVE('',#921,#2239);
#2239 = DEFINITIONAL_REPRESENTATION('',(#2240),#2248);
#2240 = B_SPLINE_CURVE_WITH_KNOTS('',6,(#2241,#2242,#2243,#2244,#2245,
    #2246,#2247),.UNSPECIFIED.,.F.,.F.,(7,7),(3.336227519105,
    4.170199791168),.PIECEWISE_BEZIER_KNOTS.);
#2241 = CARTESIAN_POINT('',(8.881784197001E-16,2.443421718865));
#2242 = CARTESIAN_POINT('',(-0.138995378677,2.501488699803));
#2243 = CARTESIAN_POINT('',(-0.277990757354,2.608686477745));
#2244 = CARTESIAN_POINT('',(-0.416986136032,2.762998425364));
#2245 = CARTESIAN_POINT('',(-0.555981514709,2.959548406414));
#2246 = CARTESIAN_POINT('',(-0.694976893386,3.190879146181));
#2247 = CARTESIAN_POINT('',(-0.833972272063,3.448050506496));
#2248 = ( GEOMETRIC_REPRESENTATION_CONTEXT(2) 
PARAMETRIC_REPRESENTATION_CONTEXT() REPRESENTATION_CONTEXT('2D SPACE',''
  ) );
#2249 = PCURVE('',#2250,#2255);
#2250 = PLANE('',#2251);
#2251 = AXIS2_PLACEMENT_3D('',#2252,#2253,#2254);
#2252 = CARTESIAN_POINT('',(-5.562305898749,6.811860114781E-16,-5.12));
#2253 = DIRECTION('',(0.809016994375,0.587785252292,-0.));
#2254 = DIRECTION('',(0.587785252292,-0.809016994375,0.));
#2255 = DEFINITIONAL_REPRESENTATION('',(#2256),#2260);
#2256 = ELLIPSE('',#2257,2.447059500607,1.15);
#2257 = AXIS2_PLACEMENT_2D('',#2258,#2259);
#2258 = CARTESIAN_POINT('',(1.074216992486E-14,-4.49));
#2259 = DIRECTION('',(-0.386816615436,-0.922156660239));
#2260 = ( GEOMETRIC_REPRESENTATION_CONTEXT(2) 
PARAMETRIC_REPRESENTATION_CONTEXT() REPRESENTATION_CONTEXT('2D SPACE',''
  ) );
#2261 = ORIENTED_EDGE('',*,*,#2262,.F.);
#2262 = EDGE_CURVE('',#2079,#2230,#2263,.T.);
#2263 = SURFACE_CURVE('',#2264,(#2277,#2293),.PCURVE_S1.);
#2264 = B_SPLINE_CURVE_WITH_KNOTS('',6,(#2265,#2266,#2267,#2268,#2269,
    #2270,#2271,#2272,#2273,#2274,#2275,#2276),.UNSPECIFIED.,.F.,.F.,(7,
    5,7),(0.,0.664686278092,1.),.UNSPECIFIED.);
#2265 = CARTESIAN_POINT('',(-5.056673191543,-0.585392504523,
    -3.042549305937));
#2266 = CARTESIAN_POINT('',(-5.103167391895,-0.543792749756,
    -3.019750536151));
#2267 = CARTESIAN_POINT('',(-5.14827111812,-0.504642929741,
    -2.991531111551));
#2268 = CARTESIAN_POINT('',(-5.191536425471,-0.468027940512,
    -2.960055207839));
#2269 = CARTESIAN_POINT('',(-5.232971367812,-0.433694292393,
    -2.926614252302));
#2270 = CARTESIAN_POINT('',(-5.273027860291,-0.401112866889,
    -2.891628350662));
#2271 = CARTESIAN_POINT('',(-5.332546012783,-0.353566401171,
    -2.836000373566));
#2272 = CARTESIAN_POINT('',(-5.352242655845,-0.337979811638,
    -2.816966922757));
#2273 = CARTESIAN_POINT('',(-5.371682796407,-0.322733645472,
    -2.797613402233));
#2274 = CARTESIAN_POINT('',(-5.390879325524,-0.307806901118,
    -2.777981630268));
#2275 = CARTESIAN_POINT('',(-5.409853917629,-0.293173544951,
    -2.758094686367));
#2276 = CARTESIAN_POINT('',(-5.428637030535,-0.278802511272,
    -2.737956911256));
#2277 = PCURVE('',#921,#2278);
#2278 = DEFINITIONAL_REPRESENTATION('',(#2279),#2292);
#2279 = B_SPLINE_CURVE_WITH_KNOTS('',6,(#2280,#2281,#2282,#2283,#2284,
    #2285,#2286,#2287,#2288,#2289,#2290,#2291),.UNSPECIFIED.,.F.,.F.,(7,
    5,7),(0.,0.664686278092,1.),.UNSPECIFIED.);
#2280 = CARTESIAN_POINT('',(1.7763568394E-15,2.305151425951));
#2281 = CARTESIAN_POINT('',(-4.202605186103E-02,2.350717303183));
#2282 = CARTESIAN_POINT('',(-8.032369337462E-02,2.399887771296));
#2283 = CARTESIAN_POINT('',(-0.115357471436,2.450641026039));
#2284 = CARTESIAN_POINT('',(-0.147669200349,2.501930549364));
#2285 = CARTESIAN_POINT('',(-0.177930276081,2.553676897512));
#2286 = CARTESIAN_POINT('',(-0.221590172774,2.6335306198));
#2287 = CARTESIAN_POINT('',(-0.235815526917,2.660465104891));
#2288 = CARTESIAN_POINT('',(-0.24965569131,2.687511120109));
#2289 = CARTESIAN_POINT('',(-0.263141976119,2.714642114513));
#2290 = CARTESIAN_POINT('',(-0.276307783113,2.741851892353));
#2291 = CARTESIAN_POINT('',(-0.289188605662,2.769154613071));
#2292 = ( GEOMETRIC_REPRESENTATION_CONTEXT(2) 
PARAMETRIC_REPRESENTATION_CONTEXT() REPRESENTATION_CONTEXT('2D SPACE',''
  ) );
#2293 = PCURVE('',#2294,#2299);
#2294 = CYLINDRICAL_SURFACE('',#2295,14.);
#2295 = AXIS2_PLACEMENT_3D('',#2296,#2297,#2298);
#2296 = CARTESIAN_POINT('',(-14.36505145555,-10.43682079944,
    -8.696698898585));
#2297 = DIRECTION('',(-7.267514086178E-02,-5.280158056486E-02,
    0.995956985512));
#2298 = DIRECTION('',(-0.805746126946,-0.585408828002,
    -8.983141437953E-02));
#2299 = DEFINITIONAL_REPRESENTATION('',(#2300),#2313);
#2300 = B_SPLINE_CURVE_WITH_KNOTS('',6,(#2301,#2302,#2303,#2304,#2305,
    #2306,#2307,#2308,#2309,#2310,#2311,#2312),.UNSPECIFIED.,.F.,.F.,(7,
    5,7),(0.,0.664686278092,1.),.UNSPECIFIED.);
#2301 = CARTESIAN_POINT('',(3.321028671243,4.434631097604));
#2302 = CARTESIAN_POINT('',(3.325455714892,4.458520131391));
#2303 = CARTESIAN_POINT('',(3.329683809173,4.487836211729));
#2304 = CARTESIAN_POINT('',(3.333688290494,4.52039584091));
#2305 = CARTESIAN_POINT('',(3.337483655133,4.554900013562));
#2306 = CARTESIAN_POINT('',(3.341119855579,4.590935227165));
#2307 = CARTESIAN_POINT('',(3.346476353305,4.64815326112));
#2308 = CARTESIAN_POINT('',(3.348241060202,4.667718219157));
#2309 = CARTESIAN_POINT('',(3.349975441051,4.687601286401));
#2310 = CARTESIAN_POINT('',(3.351681250062,4.70776064159));
#2311 = CARTESIAN_POINT('',(3.353360921411,4.728173499108));
#2312 = CARTESIAN_POINT('',(3.355017569242,4.748836108986));
#2313 = ( GEOMETRIC_REPRESENTATION_CONTEXT(2) 
PARAMETRIC_REPRESENTATION_CONTEXT() REPRESENTATION_CONTEXT('2D SPACE',''
  ) );
#2314 = ADVANCED_FACE('',(#2315),#1000,.T.);
#2315 = FACE_BOUND('',#2316,.T.);
#2316 = EDGE_LOOP('',(#2317,#2318,#2346,#2367));
#2317 = ORIENTED_EDGE('',*,*,#2053,.F.);
#2318 = ORIENTED_EDGE('',*,*,#2319,.F.);
#2319 = EDGE_CURVE('',#2320,#1999,#2322,.T.);
#2320 = VERTEX_POINT('',#2321);
#2321 = CARTESIAN_POINT('',(-1.00585659517,-4.99007822187,
    -3.042549305937));
#2322 = SURFACE_CURVE('',#2323,(#2328,#2335),.PCURVE_S1.);
#2323 = ELLIPSE('',#2324,33.318878822647,14.);
#2324 = AXIS2_PLACEMENT_3D('',#2325,#2326,#2327);
#2325 = CARTESIAN_POINT('',(6.435891845215,-19.80763837905,
    25.34916496838));
#2326 = DIRECTION('',(0.26761656733,-0.823639103546,-0.5));
#2327 = DIRECTION('',(0.154508497187,-0.475528258148,0.866025403784));
#2328 = PCURVE('',#1000,#2329);
#2329 = DEFINITIONAL_REPRESENTATION('',(#2330),#2334);
#2330 = ELLIPSE('',#2331,33.318878822647,14.);
#2331 = AXIS2_PLACEMENT_2D('',#2332,#2333);
#2332 = CARTESIAN_POINT('',(50.182761192954,-15.));
#2333 = DIRECTION('',(1.,2.775557561563E-17));
#2334 = ( GEOMETRIC_REPRESENTATION_CONTEXT(2) 
PARAMETRIC_REPRESENTATION_CONTEXT() REPRESENTATION_CONTEXT('2D SPACE',''
  ) );
#2335 = PCURVE('',#2032,#2336);
#2336 = DEFINITIONAL_REPRESENTATION('',(#2337),#2345);
#2337 = B_SPLINE_CURVE_WITH_KNOTS('',6,(#2338,#2339,#2340,#2341,#2342,
    #2343,#2344),.UNSPECIFIED.,.F.,.F.,(7,7),(2.921606339641,
    3.361578967539),.PIECEWISE_BEZIER_KNOTS.);
#2338 = CARTESIAN_POINT('',(3.361578967539,4.677842547913));
#2339 = CARTESIAN_POINT('',(3.288250196223,4.194038261217));
#2340 = CARTESIAN_POINT('',(3.214921424906,3.900623811249));
#2341 = CARTESIAN_POINT('',(3.14159265359,3.802281818099));
#2342 = CARTESIAN_POINT('',(3.068263882273,3.900623811249));
#2343 = CARTESIAN_POINT('',(2.994935110957,4.194038261217));
#2344 = CARTESIAN_POINT('',(2.921606339641,4.677842547913));
#2345 = ( GEOMETRIC_REPRESENTATION_CONTEXT(2) 
PARAMETRIC_REPRESENTATION_CONTEXT() REPRESENTATION_CONTEXT('2D SPACE',''
  ) );
#2346 = ORIENTED_EDGE('',*,*,#2347,.F.);
#2347 = EDGE_CURVE('',#964,#2320,#2348,.T.);
#2348 = SURFACE_CURVE('',#2349,(#2353,#2360),.PCURVE_S1.);
#2349 = LINE('',#2350,#2351);
#2350 = CARTESIAN_POINT('',(-0.592068978003,-3.716570884627,
    -4.918897345729));
#2351 = VECTOR('',#2352,1.);
#2352 = DIRECTION('',(-0.17950561187,-0.552461466481,0.813980382663));
#2353 = PCURVE('',#1000,#2354);
#2354 = DEFINITIONAL_REPRESENTATION('',(#2355),#2359);
#2355 = LINE('',#2356,#2357);
#2356 = CARTESIAN_POINT('',(15.232213343156,-13.28842537622));
#2357 = VECTOR('',#2358,1.);
#2358 = DIRECTION('',(0.939903586091,0.34143996376));
#2359 = ( GEOMETRIC_REPRESENTATION_CONTEXT(2) 
PARAMETRIC_REPRESENTATION_CONTEXT() REPRESENTATION_CONTEXT('2D SPACE',''
  ) );
#2360 = PCURVE('',#1094,#2361);
#2361 = DEFINITIONAL_REPRESENTATION('',(#2362),#2366);
#2362 = LINE('',#2363,#2364);
#2363 = CARTESIAN_POINT('',(-0.,0.));
#2364 = VECTOR('',#2365,1.);
#2365 = DIRECTION('',(-0.,1.));
#2366 = ( GEOMETRIC_REPRESENTATION_CONTEXT(2) 
PARAMETRIC_REPRESENTATION_CONTEXT() REPRESENTATION_CONTEXT('2D SPACE',''
  ) );
#2367 = ORIENTED_EDGE('',*,*,#986,.T.);
#2368 = ADVANCED_FACE('',(#2369),#1034,.T.);
#2369 = FACE_BOUND('',#2370,.T.);
#2370 = EDGE_LOOP('',(#2371,#2372,#2373,#2396));
#2371 = ORIENTED_EDGE('',*,*,#2078,.F.);
#2372 = ORIENTED_EDGE('',*,*,#1018,.T.);
#2373 = ORIENTED_EDGE('',*,*,#2374,.T.);
#2374 = EDGE_CURVE('',#1019,#2375,#2377,.T.);
#2375 = VERTEX_POINT('',#2376);
#2376 = CARTESIAN_POINT('',(-2.119339307204,-4.628285757315,
    -3.042549305937));
#2377 = SURFACE_CURVE('',#2378,(#2382,#2389),.PCURVE_S1.);
#2378 = LINE('',#2379,#2380);
#2379 = CARTESIAN_POINT('',(-1.705551690037,-3.354778420072,
    -4.918897345729));
#2380 = VECTOR('',#2381,1.);
#2381 = DIRECTION('',(-0.17950561187,-0.552461466481,0.813980382663));
#2382 = PCURVE('',#1034,#2383);
#2383 = DEFINITIONAL_REPRESENTATION('',(#2384),#2388);
#2384 = LINE('',#2385,#2386);
#2385 = CARTESIAN_POINT('',(15.232213343156,-16.71157462377));
#2386 = VECTOR('',#2387,1.);
#2387 = DIRECTION('',(0.939903586091,-0.34143996376));
#2388 = ( GEOMETRIC_REPRESENTATION_CONTEXT(2) 
PARAMETRIC_REPRESENTATION_CONTEXT() REPRESENTATION_CONTEXT('2D SPACE',''
  ) );
#2389 = PCURVE('',#1094,#2390);
#2390 = DEFINITIONAL_REPRESENTATION('',(#2391),#2395);
#2391 = LINE('',#2392,#2393);
#2392 = CARTESIAN_POINT('',(-1.068131150017,0.));
#2393 = VECTOR('',#2394,1.);
#2394 = DIRECTION('',(-0.,1.));
#2395 = ( GEOMETRIC_REPRESENTATION_CONTEXT(2) 
PARAMETRIC_REPRESENTATION_CONTEXT() REPRESENTATION_CONTEXT('2D SPACE',''
  ) );
#2396 = ORIENTED_EDGE('',*,*,#2397,.F.);
#2397 = EDGE_CURVE('',#2079,#2375,#2398,.T.);
#2398 = SURFACE_CURVE('',#2399,(#2404,#2411),.PCURVE_S1.);
#2399 = ELLIPSE('',#2400,33.318878822647,14.);
#2400 = AXIS2_PLACEMENT_3D('',#2401,#2402,#2403);
#2401 = CARTESIAN_POINT('',(-16.84938359869,-12.24179375512,
    25.34916496838));
#2402 = DIRECTION('',(-0.700629269222,-0.509036960455,-0.5));
#2403 = DIRECTION('',(-0.404508497187,-0.293892626146,0.866025403784));
#2404 = PCURVE('',#1034,#2405);
#2405 = DEFINITIONAL_REPRESENTATION('',(#2406),#2410);
#2406 = ELLIPSE('',#2407,33.318878822647,14.);
#2407 = AXIS2_PLACEMENT_2D('',#2408,#2409);
#2408 = CARTESIAN_POINT('',(50.182761192954,-15.));
#2409 = DIRECTION('',(1.,0.));
#2410 = ( GEOMETRIC_REPRESENTATION_CONTEXT(2) 
PARAMETRIC_REPRESENTATION_CONTEXT() REPRESENTATION_CONTEXT('2D SPACE',''
  ) );
#2411 = PCURVE('',#2294,#2412);
#2412 = DEFINITIONAL_REPRESENTATION('',(#2413),#2421);
#2413 = B_SPLINE_CURVE_WITH_KNOTS('',6,(#2414,#2415,#2416,#2417,#2418,
    #2419,#2420),.UNSPECIFIED.,.F.,.F.,(7,7),(2.921606339641,
    3.361578967539),.PIECEWISE_BEZIER_KNOTS.);
#2414 = CARTESIAN_POINT('',(3.361578967539,4.677842547913));
#2415 = CARTESIAN_POINT('',(3.288250196223,4.194038261217));
#2416 = CARTESIAN_POINT('',(3.214921424906,3.900623811249));
#2417 = CARTESIAN_POINT('',(3.14159265359,3.802281818099));
#2418 = CARTESIAN_POINT('',(3.068263882273,3.900623811249));
#2419 = CARTESIAN_POINT('',(2.994935110957,4.194038261217));
#2420 = CARTESIAN_POINT('',(2.921606339641,4.677842547913));
#2421 = ( GEOMETRIC_REPRESENTATION_CONTEXT(2) 
PARAMETRIC_REPRESENTATION_CONTEXT() REPRESENTATION_CONTEXT('2D SPACE',''
  ) );
#2422 = ADVANCED_FACE('',(#2423),#1094,.T.);
#2423 = FACE_BOUND('',#2424,.F.);
#2424 = EDGE_LOOP('',(#2425,#2426,#2427,#2428,#2478,#2511,#2554,#2587));
#2425 = ORIENTED_EDGE('',*,*,#2347,.F.);
#2426 = ORIENTED_EDGE('',*,*,#1075,.F.);
#2427 = ORIENTED_EDGE('',*,*,#2374,.T.);
#2428 = ORIENTED_EDGE('',*,*,#2429,.F.);
#2429 = EDGE_CURVE('',#2430,#2375,#2432,.T.);
#2430 = VERTEX_POINT('',#2431);
#2431 = CARTESIAN_POINT('',(-2.013802505289,-4.884095915488,
    -2.89556037184));
#2432 = SURFACE_CURVE('',#2433,(#2446,#2462),.PCURVE_S1.);
#2433 = B_SPLINE_CURVE_WITH_KNOTS('',6,(#2434,#2435,#2436,#2437,#2438,
    #2439,#2440,#2441,#2442,#2443,#2444,#2445),.UNSPECIFIED.,.F.,.F.,(7,
    5,7),(0.,0.812341323093,1.),.UNSPECIFIED.);
#2434 = CARTESIAN_POINT('',(-1.942698043833,-5.076785908434,
    -2.737956911256));
#2435 = CARTESIAN_POINT('',(-1.961821516562,-5.02254153794,
    -2.786931394281));
#2436 = CARTESIAN_POINT('',(-1.98178297484,-4.967556943044,
    -2.833685667373));
#2437 = CARTESIAN_POINT('',(-2.003117240765,-4.910486069602,
    -2.87903274138));
#2438 = CARTESIAN_POINT('',(-2.02626207341,-4.850551113891,
    -2.922707324236));
#2439 = CARTESIAN_POINT('',(-2.051524272077,-4.787579052331,
    -2.963348448528));
#2440 = CARTESIAN_POINT('',(-2.085351912562,-4.706911693382,
    -3.006605444231));
#2441 = CARTESIAN_POINT('',(-2.091836639509,-4.691593481088,
    -3.014452913167));
#2442 = CARTESIAN_POINT('',(-2.098469124172,-4.676079129025,
    -3.022007571385));
#2443 = CARTESIAN_POINT('',(-2.105258805744,-4.660358452957,
    -3.029237484142));
#2444 = CARTESIAN_POINT('',(-2.112213481581,-4.644426941739,
    -3.036101511021));
#2445 = CARTESIAN_POINT('',(-2.119339307204,-4.628285757315,
    -3.042549305937));
#2446 = PCURVE('',#1094,#2447);
#2447 = DEFINITIONAL_REPRESENTATION('',(#2448),#2461);
#2448 = B_SPLINE_CURVE_WITH_KNOTS('',6,(#2449,#2450,#2451,#2452,#2453,
    #2454,#2455,#2456,#2457,#2458,#2459,#2460),.UNSPECIFIED.,.F.,.F.,(7,
    5,7),(0.,0.812341323093,1.),.UNSPECIFIED.);
#2449 = CARTESIAN_POINT('',(-0.778942544354,2.769154613071));
#2450 = CARTESIAN_POINT('',(-0.810268329941,2.70275519084));
#2451 = CARTESIAN_POINT('',(-0.842807795408,2.637904453589));
#2452 = CARTESIAN_POINT('',(-0.877487303142,2.57329298696));
#2453 = CARTESIAN_POINT('',(-0.915076480986,2.508785607114));
#2454 = CARTESIAN_POINT('',(-0.956194953734,2.445449598163));
#2455 = CARTESIAN_POINT('',(-1.011809506536,2.371745896129));
#2456 = CARTESIAN_POINT('',(-1.022492935108,2.358059533212));
#2457 = CARTESIAN_POINT('',(-1.033446009709,2.34452967615));
#2458 = CARTESIAN_POINT('',(-1.044690189981,2.331178387188));
#2459 = CARTESIAN_POINT('',(-1.056245624347,2.318038061253));
#2460 = CARTESIAN_POINT('',(-1.068131150017,2.305151425951));
#2461 = ( GEOMETRIC_REPRESENTATION_CONTEXT(2) 
PARAMETRIC_REPRESENTATION_CONTEXT() REPRESENTATION_CONTEXT('2D SPACE',''
  ) );
#2462 = PCURVE('',#2294,#2463);
#2463 = DEFINITIONAL_REPRESENTATION('',(#2464),#2477);
#2464 = B_SPLINE_CURVE_WITH_KNOTS('',6,(#2465,#2466,#2467,#2468,#2469,
    #2470,#2471,#2472,#2473,#2474,#2475,#2476),.UNSPECIFIED.,.F.,.F.,(7,
    5,7),(0.,0.812341323093,1.),.UNSPECIFIED.);
#2465 = CARTESIAN_POINT('',(2.928167737938,4.748836108986));
#2466 = CARTESIAN_POINT('',(2.932196657251,4.698585243081));
#2467 = CARTESIAN_POINT('',(2.936301123437,4.650567426467));
#2468 = CARTESIAN_POINT('',(2.940583517844,4.603940729797));
#2469 = CARTESIAN_POINT('',(2.94510777584,4.558960117492));
#2470 = CARTESIAN_POINT('',(2.949896177166,4.51699421532));
#2471 = CARTESIAN_POINT('',(2.956085458646,4.472111172762));
#2472 = CARTESIAN_POINT('',(2.957263067467,4.46395788388));
#2473 = CARTESIAN_POINT('',(2.958458204838,4.456096603701));
#2474 = CARTESIAN_POINT('',(2.959671857971,4.448559286107));
#2475 = CARTESIAN_POINT('',(2.960904609191,4.441387233661));
#2476 = CARTESIAN_POINT('',(2.962156635937,4.434631097605));
#2477 = ( GEOMETRIC_REPRESENTATION_CONTEXT(2) 
PARAMETRIC_REPRESENTATION_CONTEXT() REPRESENTATION_CONTEXT('2D SPACE',''
  ) );
#2478 = ORIENTED_EDGE('',*,*,#2479,.F.);
#2479 = EDGE_CURVE('',#2480,#2430,#2482,.T.);
#2480 = VERTEX_POINT('',#2481);
#2481 = CARTESIAN_POINT('',(-1.833435519937,-5.132349773177,
    -2.751574275001));
#2482 = SURFACE_CURVE('',#2483,(#2488,#2499),.PCURVE_S1.);
#2483 = ELLIPSE('',#2484,2.447059500607,1.15);
#2484 = AXIS2_PLACEMENT_3D('',#2485,#2486,#2487);
#2485 = CARTESIAN_POINT('',(-1.718847050625,-5.290067270632,-0.63));
#2486 = DIRECTION('',(0.809016994375,0.587785252292,0.));
#2487 = DIRECTION('',(0.227365101895,-0.312941215594,0.922156660239));
#2488 = PCURVE('',#1094,#2489);
#2489 = DEFINITIONAL_REPRESENTATION('',(#2490),#2498);
#2490 = B_SPLINE_CURVE_WITH_KNOTS('',6,(#2491,#2492,#2493,#2494,#2495,
    #2496,#2497),.UNSPECIFIED.,.F.,.F.,(7,7),(2.112985516011,
    2.946957788075),.PIECEWISE_BEZIER_KNOTS.);
#2491 = CARTESIAN_POINT('',(-0.234158877953,3.448050506496));
#2492 = CARTESIAN_POINT('',(-0.37315425663,3.190879146181));
#2493 = CARTESIAN_POINT('',(-0.512149635308,2.959548406415));
#2494 = CARTESIAN_POINT('',(-0.651145013985,2.762998425364));
#2495 = CARTESIAN_POINT('',(-0.790140392662,2.608686477745));
#2496 = CARTESIAN_POINT('',(-0.92913577134,2.501488699803));
#2497 = CARTESIAN_POINT('',(-1.068131150017,2.443421718865));
#2498 = ( GEOMETRIC_REPRESENTATION_CONTEXT(2) 
PARAMETRIC_REPRESENTATION_CONTEXT() REPRESENTATION_CONTEXT('2D SPACE',''
  ) );
#2499 = PCURVE('',#2500,#2505);
#2500 = PLANE('',#2501);
#2501 = AXIS2_PLACEMENT_3D('',#2502,#2503,#2504);
#2502 = CARTESIAN_POINT('',(-5.562305898749,6.811860114781E-16,-5.12));
#2503 = DIRECTION('',(0.809016994375,0.587785252292,-0.));
#2504 = DIRECTION('',(0.587785252292,-0.809016994375,0.));
#2505 = DEFINITIONAL_REPRESENTATION('',(#2506),#2510);
#2506 = ELLIPSE('',#2507,2.447059500607,1.15);
#2507 = AXIS2_PLACEMENT_2D('',#2508,#2509);
#2508 = CARTESIAN_POINT('',(6.538882752048,-4.49));
#2509 = DIRECTION('',(0.386816615436,-0.922156660239));
#2510 = ( GEOMETRIC_REPRESENTATION_CONTEXT(2) 
PARAMETRIC_REPRESENTATION_CONTEXT() REPRESENTATION_CONTEXT('2D SPACE',''
  ) );
#2511 = ORIENTED_EDGE('',*,*,#2512,.F.);
#2512 = EDGE_CURVE('',#2513,#2480,#2515,.T.);
#2513 = VERTEX_POINT('',#2514);
#2514 = CARTESIAN_POINT('',(-1.53343901256,-5.229824547225,
    -2.751574275001));
#2515 = SURFACE_CURVE('',#2516,(#2525,#2537),.PCURVE_S1.);
#2516 = B_SPLINE_CURVE_WITH_KNOTS('',4,(#2517,#2518,#2519,#2520,#2521,
    #2522,#2523,#2524),.UNSPECIFIED.,.F.,.F.,(5,3,5),(0.,0.499792950541,
    1.),.UNSPECIFIED.);
#2517 = CARTESIAN_POINT('',(-1.53343901256,-5.229824547225,
    -2.751574275001));
#2518 = CARTESIAN_POINT('',(-1.570499977062,-5.218957886538,
    -2.759209541781));
#2519 = CARTESIAN_POINT('',(-1.608213049652,-5.20751984475,
    -2.764453312254));
#2520 = CARTESIAN_POINT('',(-1.646199737994,-5.195585895885,
    -2.767079060988));
#2521 = CARTESIAN_POINT('',(-1.721991389076,-5.170960710031,
    -2.76708557987));
#2522 = CARTESIAN_POINT('',(-1.759769986892,-5.158277362386,
    -2.76446200017));
#2523 = CARTESIAN_POINT('',(-1.797035188191,-5.145353107734,
    -2.759215864665));
#2524 = CARTESIAN_POINT('',(-1.833435519937,-5.132349773177,
    -2.751574275001));
#2525 = PCURVE('',#1094,#2526);
#2526 = DEFINITIONAL_REPRESENTATION('',(#2527),#2536);
#2527 = B_SPLINE_CURVE_WITH_KNOTS('',4,(#2528,#2529,#2530,#2531,#2532,
    #2533,#2534,#2535),.UNSPECIFIED.,.F.,.F.,(5,3,5),(0.,0.499792950541,
    1.),.UNSPECIFIED.);
#2528 = CARTESIAN_POINT('',(-0.396486317728,2.769154004113));
#2529 = CARTESIAN_POINT('',(-0.43037615919,2.763588286547));
#2530 = CARTESIAN_POINT('',(-0.464752658499,2.759770591082));
#2531 = CARTESIAN_POINT('',(-0.499373966585,2.757859059965));
#2532 = CARTESIAN_POINT('',(-0.568671135883,2.757854314136));
#2533 = CARTESIAN_POINT('',(-0.603321536237,2.759764266021));
#2534 = CARTESIAN_POINT('',(-0.637726926119,2.76358367749));
#2535 = CARTESIAN_POINT('',(-0.671644832289,2.769154004113));
#2536 = ( GEOMETRIC_REPRESENTATION_CONTEXT(2) 
PARAMETRIC_REPRESENTATION_CONTEXT() REPRESENTATION_CONTEXT('2D SPACE',''
  ) );
#2537 = PCURVE('',#2538,#2543);
#2538 = CYLINDRICAL_SURFACE('',#2539,5.45);
#2539 = AXIS2_PLACEMENT_3D('',#2540,#2541,#2542);
#2540 = CARTESIAN_POINT('',(0.,0.,-5.12));
#2541 = DIRECTION('',(0.,0.,1.));
#2542 = DIRECTION('',(1.,0.,-0.));
#2543 = DEFINITIONAL_REPRESENTATION('',(#2544),#2553);
#2544 = B_SPLINE_CURVE_WITH_KNOTS('',4,(#2545,#2546,#2547,#2548,#2549,
    #2550,#2551,#2552),.UNSPECIFIED.,.F.,.F.,(5,3,5),(0.,0.499792950541,
    1.),.UNSPECIFIED.);
#2545 = CARTESIAN_POINT('',(4.42717274614,2.368425724999));
#2546 = CARTESIAN_POINT('',(4.420086281926,2.360790458219));
#2547 = CARTESIAN_POINT('',(4.412855509998,2.355546687746));
#2548 = CARTESIAN_POINT('',(4.405549962663,2.352920939012));
#2549 = CARTESIAN_POINT('',(4.39092762421,2.35291442013));
#2550 = CARTESIAN_POINT('',(4.383615900458,2.35553799983));
#2551 = CARTESIAN_POINT('',(4.376379016538,2.360784135335));
#2552 = CARTESIAN_POINT('',(4.369286683911,2.368425724999));
#2553 = ( GEOMETRIC_REPRESENTATION_CONTEXT(2) 
PARAMETRIC_REPRESENTATION_CONTEXT() REPRESENTATION_CONTEXT('2D SPACE',''
  ) );
#2554 = ORIENTED_EDGE('',*,*,#2555,.F.);
#2555 = EDGE_CURVE('',#2556,#2513,#2558,.T.);
#2556 = VERTEX_POINT('',#2557);
#2557 = CARTESIAN_POINT('',(-1.241599099812,-5.135000011426,
    -2.89556037184));
#2558 = SURFACE_CURVE('',#2559,(#2564,#2575),.PCURVE_S1.);
#2559 = ELLIPSE('',#2560,2.447059500607,1.15);
#2560 = AXIS2_PLACEMENT_3D('',#2561,#2562,#2563);
#2561 = CARTESIAN_POINT('',(-1.718847050625,-5.290067270632,-0.63));
#2562 = DIRECTION('',(-0.309016994375,0.951056516295,0.));
#2563 = DIRECTION('',(-0.367884462722,-0.119532907876,0.922156660239));
#2564 = PCURVE('',#1094,#2565);
#2565 = DEFINITIONAL_REPRESENTATION('',(#2566),#2574);
#2566 = B_SPLINE_CURVE_WITH_KNOTS('',6,(#2567,#2568,#2569,#2570,#2571,
    #2572,#2573),.UNSPECIFIED.,.F.,.F.,(7,7),(3.336227519105,
    4.170199791168),.PIECEWISE_BEZIER_KNOTS.);
#2567 = CARTESIAN_POINT('',(8.881784197001E-16,2.443421718865));
#2568 = CARTESIAN_POINT('',(-0.138995378677,2.501488699803));
#2569 = CARTESIAN_POINT('',(-0.277990757354,2.608686477745));
#2570 = CARTESIAN_POINT('',(-0.416986136032,2.762998425364));
#2571 = CARTESIAN_POINT('',(-0.555981514709,2.959548406414));
#2572 = CARTESIAN_POINT('',(-0.694976893386,3.190879146181));
#2573 = CARTESIAN_POINT('',(-0.833972272063,3.448050506496));
#2574 = ( GEOMETRIC_REPRESENTATION_CONTEXT(2) 
PARAMETRIC_REPRESENTATION_CONTEXT() REPRESENTATION_CONTEXT('2D SPACE',''
  ) );
#2575 = PCURVE('',#2576,#2581);
#2576 = PLANE('',#2577);
#2577 = AXIS2_PLACEMENT_3D('',#2578,#2579,#2580);
#2578 = CARTESIAN_POINT('',(-1.718847050625,-5.290067270632,-5.12));
#2579 = DIRECTION('',(-0.309016994375,0.951056516295,0.));
#2580 = DIRECTION('',(0.951056516295,0.309016994375,0.));
#2581 = DEFINITIONAL_REPRESENTATION('',(#2582),#2586);
#2582 = ELLIPSE('',#2583,2.447059500607,1.15);
#2583 = AXIS2_PLACEMENT_2D('',#2584,#2585);
#2584 = CARTESIAN_POINT('',(7.158695729837E-15,-4.49));
#2585 = DIRECTION('',(-0.386816615436,-0.922156660239));
#2586 = ( GEOMETRIC_REPRESENTATION_CONTEXT(2) 
PARAMETRIC_REPRESENTATION_CONTEXT() REPRESENTATION_CONTEXT('2D SPACE',''
  ) );
#2587 = ORIENTED_EDGE('',*,*,#2588,.F.);
#2588 = EDGE_CURVE('',#2320,#2556,#2589,.T.);
#2589 = SURFACE_CURVE('',#2590,(#2603,#2619),.PCURVE_S1.);
#2590 = B_SPLINE_CURVE_WITH_KNOTS('',6,(#2591,#2592,#2593,#2594,#2595,
    #2596,#2597,#2598,#2599,#2600,#2601,#2602),.UNSPECIFIED.,.F.,.F.,(7,
    5,7),(0.,0.664686278092,1.),.UNSPECIFIED.);
#2591 = CARTESIAN_POINT('',(-1.00585659517,-4.99007822187,
    -3.042549305937));
#2592 = CARTESIAN_POINT('',(-1.059787811066,-5.021441802899,
    -3.019750536151));
#2593 = CARTESIAN_POINT('',(-1.110959320416,-5.052240035923,
    -2.991531111551));
#2594 = CARTESIAN_POINT('',(-1.159151959755,-5.082073134488,
    -2.960055207839));
#2595 = CARTESIAN_POINT('',(-1.204609300871,-5.110870425656,
    -2.926614252302));
#2596 = CARTESIAN_POINT('',(-1.247974214817,-5.138898199667,
    -2.891628350662));
#2597 = CARTESIAN_POINT('',(-1.31158571146,-5.180810660503,
    -2.836000373566));
#2598 = CARTESIAN_POINT('',(-1.33249603644,-5.194726760186,
    -2.816966922757));
#2599 = CARTESIAN_POINT('',(-1.353003335928,-5.208504108101,
    -2.797613402233));
#2600 = CARTESIAN_POINT('',(-1.373131567142,-5.222148474532,
    -2.777981630268));
#2601 = CARTESIAN_POINT('',(-1.392912187302,-5.235672428257,
    -2.758094686367));
#2602 = CARTESIAN_POINT('',(-1.412384153624,-5.249095336549,
    -2.737956911256));
#2603 = PCURVE('',#1094,#2604);
#2604 = DEFINITIONAL_REPRESENTATION('',(#2605),#2618);
#2605 = B_SPLINE_CURVE_WITH_KNOTS('',6,(#2606,#2607,#2608,#2609,#2610,
    #2611,#2612,#2613,#2614,#2615,#2616,#2617),.UNSPECIFIED.,.F.,.F.,(7,
    5,7),(0.,0.664686278092,1.),.UNSPECIFIED.);
#2606 = CARTESIAN_POINT('',(1.7763568394E-15,2.305151425951));
#2607 = CARTESIAN_POINT('',(-4.202605186099E-02,2.350717303183));
#2608 = CARTESIAN_POINT('',(-8.032369337467E-02,2.399887771296));
#2609 = CARTESIAN_POINT('',(-0.115357471436,2.450641026039));
#2610 = CARTESIAN_POINT('',(-0.147669200349,2.501930549364));
#2611 = CARTESIAN_POINT('',(-0.177930276081,2.553676897512));
#2612 = CARTESIAN_POINT('',(-0.221590172774,2.6335306198));
#2613 = CARTESIAN_POINT('',(-0.235815526917,2.660465104891));
#2614 = CARTESIAN_POINT('',(-0.24965569131,2.687511120109));
#2615 = CARTESIAN_POINT('',(-0.263141976119,2.714642114513));
#2616 = CARTESIAN_POINT('',(-0.276307783113,2.741851892353));
#2617 = CARTESIAN_POINT('',(-0.289188605662,2.769154613071));
#2618 = ( GEOMETRIC_REPRESENTATION_CONTEXT(2) 
PARAMETRIC_REPRESENTATION_CONTEXT() REPRESENTATION_CONTEXT('2D SPACE',''
  ) );
#2619 = PCURVE('',#2032,#2620);
#2620 = DEFINITIONAL_REPRESENTATION('',(#2621),#2634);
#2621 = B_SPLINE_CURVE_WITH_KNOTS('',6,(#2622,#2623,#2624,#2625,#2626,
    #2627,#2628,#2629,#2630,#2631,#2632,#2633),.UNSPECIFIED.,.F.,.F.,(7,
    5,7),(0.,0.664686278092,1.),.UNSPECIFIED.);
#2622 = CARTESIAN_POINT('',(3.321028671243,4.434631097604));
#2623 = CARTESIAN_POINT('',(3.325455714892,4.458520131391));
#2624 = CARTESIAN_POINT('',(3.329683809173,4.487836211729));
#2625 = CARTESIAN_POINT('',(3.333688290494,4.52039584091));
#2626 = CARTESIAN_POINT('',(3.337483655133,4.554900013562));
#2627 = CARTESIAN_POINT('',(3.341119855579,4.590935227165));
#2628 = CARTESIAN_POINT('',(3.346476353305,4.64815326112));
#2629 = CARTESIAN_POINT('',(3.348241060202,4.667718219157));
#2630 = CARTESIAN_POINT('',(3.349975441051,4.687601286401));
#2631 = CARTESIAN_POINT('',(3.351681250062,4.70776064159));
#2632 = CARTESIAN_POINT('',(3.353360921411,4.728173499108));
#2633 = CARTESIAN_POINT('',(3.355017569242,4.748836108986));
#2634 = ( GEOMETRIC_REPRESENTATION_CONTEXT(2) 
PARAMETRIC_REPRESENTATION_CONTEXT() REPRESENTATION_CONTEXT('2D SPACE',''
  ) );
#2635 = ADVANCED_FACE('',(#2636),#1152,.F.);
#2636 = FACE_BOUND('',#2637,.F.);
#2637 = EDGE_LOOP('',(#2638,#2661,#2688,#2689));
#2638 = ORIENTED_EDGE('',*,*,#2639,.T.);
#2639 = EDGE_CURVE('',#1117,#2640,#2642,.T.);
#2640 = VERTEX_POINT('',#2641);
#2641 = CARTESIAN_POINT('',(2.05,-5.021051876504E-16,-4.05));
#2642 = SEAM_CURVE('',#2643,(#2647,#2654),.PCURVE_S1.);
#2643 = LINE('',#2644,#2645);
#2644 = CARTESIAN_POINT('',(2.05,-5.021051876504E-16,-5.62));
#2645 = VECTOR('',#2646,1.);
#2646 = DIRECTION('',(0.,0.,1.));
#2647 = PCURVE('',#1152,#2648);
#2648 = DEFINITIONAL_REPRESENTATION('',(#2649),#2653);
#2649 = LINE('',#2650,#2651);
#2650 = CARTESIAN_POINT('',(6.28318530718,-0.));
#2651 = VECTOR('',#2652,1.);
#2652 = DIRECTION('',(0.,1.));
#2653 = ( GEOMETRIC_REPRESENTATION_CONTEXT(2) 
PARAMETRIC_REPRESENTATION_CONTEXT() REPRESENTATION_CONTEXT('2D SPACE',''
  ) );
#2654 = PCURVE('',#1152,#2655);
#2655 = DEFINITIONAL_REPRESENTATION('',(#2656),#2660);
#2656 = LINE('',#2657,#2658);
#2657 = CARTESIAN_POINT('',(0.,-0.));
#2658 = VECTOR('',#2659,1.);
#2659 = DIRECTION('',(0.,1.));
#2660 = ( GEOMETRIC_REPRESENTATION_CONTEXT(2) 
PARAMETRIC_REPRESENTATION_CONTEXT() REPRESENTATION_CONTEXT('2D SPACE',''
  ) );
#2661 = ORIENTED_EDGE('',*,*,#2662,.F.);
#2662 = EDGE_CURVE('',#2640,#2640,#2663,.T.);
#2663 = SURFACE_CURVE('',#2664,(#2669,#2676),.PCURVE_S1.);
#2664 = CIRCLE('',#2665,2.05);
#2665 = AXIS2_PLACEMENT_3D('',#2666,#2667,#2668);
#2666 = CARTESIAN_POINT('',(0.,0.,-4.05));
#2667 = DIRECTION('',(0.,0.,1.));
#2668 = DIRECTION('',(1.,0.,-0.));
#2669 = PCURVE('',#1152,#2670);
#2670 = DEFINITIONAL_REPRESENTATION('',(#2671),#2675);
#2671 = LINE('',#2672,#2673);
#2672 = CARTESIAN_POINT('',(0.,1.57));
#2673 = VECTOR('',#2674,1.);
#2674 = DIRECTION('',(1.,0.));
#2675 = ( GEOMETRIC_REPRESENTATION_CONTEXT(2) 
PARAMETRIC_REPRESENTATION_CONTEXT() REPRESENTATION_CONTEXT('2D SPACE',''
  ) );
#2676 = PCURVE('',#2677,#2682);
#2677 = PLANE('',#2678);
#2678 = AXIS2_PLACEMENT_3D('',#2679,#2680,#2681);
#2679 = CARTESIAN_POINT('',(0.,0.,-4.05));
#2680 = DIRECTION('',(0.,0.,1.));
#2681 = DIRECTION('',(1.,0.,-0.));
#2682 = DEFINITIONAL_REPRESENTATION('',(#2683),#2687);
#2683 = CIRCLE('',#2684,2.05);
#2684 = AXIS2_PLACEMENT_2D('',#2685,#2686);
#2685 = CARTESIAN_POINT('',(0.,0.));
#2686 = DIRECTION('',(1.,0.));
#2687 = ( GEOMETRIC_REPRESENTATION_CONTEXT(2) 
PARAMETRIC_REPRESENTATION_CONTEXT() REPRESENTATION_CONTEXT('2D SPACE',''
  ) );
#2688 = ORIENTED_EDGE('',*,*,#2639,.F.);
#2689 = ORIENTED_EDGE('',*,*,#1137,.T.);
#2690 = ADVANCED_FACE('',(#2691),#1231,.F.);
#2691 = FACE_BOUND('',#2692,.F.);
#2692 = EDGE_LOOP('',(#2693,#2728,#2753,#2754,#2755,#2756));
#2693 = ORIENTED_EDGE('',*,*,#2694,.F.);
#2694 = EDGE_CURVE('',#2695,#2697,#2699,.T.);
#2695 = VERTEX_POINT('',#2696);
#2696 = CARTESIAN_POINT('',(0.194489946496,4.668386394736,-0.45));
#2697 = VERTEX_POINT('',#2698);
#2698 = CARTESIAN_POINT('',(2.586663002879,3.89112225192,-0.45));
#2699 = SURFACE_CURVE('',#2700,(#2705,#2716),.PCURVE_S1.);
#2700 = ELLIPSE('',#2701,14.056831975329,14.);
#2701 = AXIS2_PLACEMENT_3D('',#2702,#2703,#2704);
#2702 = CARTESIAN_POINT('',(5.716814395937,17.59454555146,-0.45));
#2703 = DIRECTION('',(0.,0.,1.));
#2704 = DIRECTION('',(0.309016994375,0.951056516295,-0.));
#2705 = PCURVE('',#1231,#2706);
#2706 = DEFINITIONAL_REPRESENTATION('',(#2707),#2715);
#2707 = B_SPLINE_CURVE_WITH_KNOTS('',6,(#2708,#2709,#2710,#2711,#2712,
    #2713,#2714),.UNSPECIFIED.,.F.,.F.,(7,7),(2.82032664949,
    3.441106094712),.PIECEWISE_BEZIER_KNOTS.);
#2708 = CARTESIAN_POINT('',(2.82032664949,7.082037237385));
#2709 = CARTESIAN_POINT('',(2.92378989036,7.04078286861));
#2710 = CARTESIAN_POINT('',(3.027253131231,7.014919275008));
#2711 = CARTESIAN_POINT('',(3.130716372101,7.005241341469));
#2712 = CARTESIAN_POINT('',(3.234179612972,7.01204981165));
#2713 = CARTESIAN_POINT('',(3.337642853842,7.035099573627));
#2714 = CARTESIAN_POINT('',(3.441106094712,7.073647875795));
#2715 = ( GEOMETRIC_REPRESENTATION_CONTEXT(2) 
PARAMETRIC_REPRESENTATION_CONTEXT() REPRESENTATION_CONTEXT('2D SPACE',''
  ) );
#2716 = PCURVE('',#2717,#2722);
#2717 = PLANE('',#2718);
#2718 = AXIS2_PLACEMENT_3D('',#2719,#2720,#2721);
#2719 = CARTESIAN_POINT('',(2.173284833827E-16,-4.346569667655E-16,-0.45
    ));
#2720 = DIRECTION('',(0.,0.,1.));
#2721 = DIRECTION('',(1.,0.,-0.));
#2722 = DEFINITIONAL_REPRESENTATION('',(#2723),#2727);
#2723 = ELLIPSE('',#2724,14.056831975329,14.);
#2724 = AXIS2_PLACEMENT_2D('',#2725,#2726);
#2725 = CARTESIAN_POINT('',(5.716814395937,17.59454555146));
#2726 = DIRECTION('',(0.309016994375,0.951056516295));
#2727 = ( GEOMETRIC_REPRESENTATION_CONTEXT(2) 
PARAMETRIC_REPRESENTATION_CONTEXT() REPRESENTATION_CONTEXT('2D SPACE',''
  ) );
#2728 = ORIENTED_EDGE('',*,*,#2729,.T.);
#2729 = EDGE_CURVE('',#2695,#1647,#2730,.T.);
#2730 = SURFACE_CURVE('',#2731,(#2736,#2746),.PCURVE_S1.);
#2731 = ELLIPSE('',#2732,155.84748494386,14.);
#2732 = AXIS2_PLACEMENT_3D('',#2733,#2734,#2735);
#2733 = CARTESIAN_POINT('',(1.390576474687,4.279754323328,
    -155.6673913043));
#2734 = DIRECTION('',(-0.309016994375,-0.951056516295,
    -3.851859888774E-34));
#2735 = DIRECTION('',(-9.93910433762E-18,3.229410762207E-18,1.));
#2736 = PCURVE('',#1231,#2737);
#2737 = DEFINITIONAL_REPRESENTATION('',(#2738),#2745);
#2738 = B_SPLINE_CURVE_WITH_KNOTS('',5,(#2739,#2740,#2741,#2742,#2743,
    #2744),.UNSPECIFIED.,.F.,.F.,(6,6),(7.003881239294E-02,
    0.207966997566),.PIECEWISE_BEZIER_KNOTS.);
#2739 = CARTESIAN_POINT('',(3.071553841197,7.269533300275));
#2740 = CARTESIAN_POINT('',(3.043968204162,6.969888293058));
#2741 = CARTESIAN_POINT('',(3.016382567128,6.522961086932));
#2742 = CARTESIAN_POINT('',(2.988796930093,5.929226512084));
#2743 = CARTESIAN_POINT('',(2.961211293058,5.189627334397));
#2744 = CARTESIAN_POINT('',(2.933625656024,4.305565311391));
#2745 = ( GEOMETRIC_REPRESENTATION_CONTEXT(2) 
PARAMETRIC_REPRESENTATION_CONTEXT() REPRESENTATION_CONTEXT('2D SPACE',''
  ) );
#2746 = PCURVE('',#1667,#2747);
#2747 = DEFINITIONAL_REPRESENTATION('',(#2748),#2752);
#2748 = ELLIPSE('',#2749,155.84748494386,14.);
#2749 = AXIS2_PLACEMENT_2D('',#2750,#2751);
#2750 = CARTESIAN_POINT('',(3.269441376024,150.54739130434));
#2751 = DIRECTION('',(1.045059275377E-17,-1.));
#2752 = ( GEOMETRIC_REPRESENTATION_CONTEXT(2) 
PARAMETRIC_REPRESENTATION_CONTEXT() REPRESENTATION_CONTEXT('2D SPACE',''
  ) );
#2753 = ORIENTED_EDGE('',*,*,#1679,.F.);
#2754 = ORIENTED_EDGE('',*,*,#1216,.F.);
#2755 = ORIENTED_EDGE('',*,*,#1439,.T.);
#2756 = ORIENTED_EDGE('',*,*,#2757,.T.);
#2757 = EDGE_CURVE('',#1407,#2697,#2758,.T.);
#2758 = SURFACE_CURVE('',#2759,(#2764,#2774),.PCURVE_S1.);
#2759 = ELLIPSE('',#2760,155.84748494386,14.);
#2760 = AXIS2_PLACEMENT_3D('',#2761,#2762,#2763);
#2761 = CARTESIAN_POINT('',(1.390576474687,4.279754323328,
    -155.6673913043));
#2762 = DIRECTION('',(-0.309016994375,-0.951056516295,
    -3.851859888774E-34));
#2763 = DIRECTION('',(-9.93910433762E-18,3.229410762207E-18,1.));
#2764 = PCURVE('',#1231,#2765);
#2765 = DEFINITIONAL_REPRESENTATION('',(#2766),#2773);
#2766 = B_SPLINE_CURVE_WITH_KNOTS('',5,(#2767,#2768,#2769,#2770,#2771,
    #2772),.UNSPECIFIED.,.F.,.F.,(6,6),(6.075218309613,6.213146494787),
  .PIECEWISE_BEZIER_KNOTS.);
#2767 = CARTESIAN_POINT('',(3.349559651156,4.305565311391));
#2768 = CARTESIAN_POINT('',(3.321974014121,5.189627334397));
#2769 = CARTESIAN_POINT('',(3.294388377087,5.929226512084));
#2770 = CARTESIAN_POINT('',(3.266802740052,6.522961086933));
#2771 = CARTESIAN_POINT('',(3.239217103017,6.969888293058));
#2772 = CARTESIAN_POINT('',(3.211631465983,7.269533300275));
#2773 = ( GEOMETRIC_REPRESENTATION_CONTEXT(2) 
PARAMETRIC_REPRESENTATION_CONTEXT() REPRESENTATION_CONTEXT('2D SPACE',''
  ) );
#2774 = PCURVE('',#1427,#2775);
#2775 = DEFINITIONAL_REPRESENTATION('',(#2776),#2780);
#2776 = ELLIPSE('',#2777,155.84748494386,14.);
#2777 = AXIS2_PLACEMENT_2D('',#2778,#2779);
#2778 = CARTESIAN_POINT('',(3.269441376024,150.54739130434));
#2779 = DIRECTION('',(1.045059275377E-17,-1.));
#2780 = ( GEOMETRIC_REPRESENTATION_CONTEXT(2) 
PARAMETRIC_REPRESENTATION_CONTEXT() REPRESENTATION_CONTEXT('2D SPACE',''
  ) );
#2781 = ADVANCED_FACE('',(#2782),#1427,.F.);
#2782 = FACE_BOUND('',#2783,.F.);
#2783 = EDGE_LOOP('',(#2784,#2785,#2786,#2807));
#2784 = ORIENTED_EDGE('',*,*,#2757,.F.);
#2785 = ORIENTED_EDGE('',*,*,#1406,.T.);
#2786 = ORIENTED_EDGE('',*,*,#2787,.T.);
#2787 = EDGE_CURVE('',#1364,#2788,#2790,.T.);
#2788 = VERTEX_POINT('',#2789);
#2789 = CARTESIAN_POINT('',(4.314591961935,3.329684099431,-0.45));
#2790 = SURFACE_CURVE('',#2791,(#2795,#2801),.PCURVE_S1.);
#2791 = LINE('',#2792,#2793);
#2792 = CARTESIAN_POINT('',(4.314591961935,3.329684099431,-5.12));
#2793 = VECTOR('',#2794,1.);
#2794 = DIRECTION('',(0.,0.,1.));
#2795 = PCURVE('',#1427,#2796);
#2796 = DEFINITIONAL_REPRESENTATION('',(#2797),#2800);
#2797 = B_SPLINE_CURVE_WITH_KNOTS('',1,(#2798,#2799),.UNSPECIFIED.,.F.,
  .F.,(2,2),(-5.999999999062E-07,5.137),.PIECEWISE_BEZIER_KNOTS.);
#2798 = CARTESIAN_POINT('',(0.194949548095,5.999999999062E-07));
#2799 = CARTESIAN_POINT('',(0.194949548095,-5.137));
#2800 = ( GEOMETRIC_REPRESENTATION_CONTEXT(2) 
PARAMETRIC_REPRESENTATION_CONTEXT() REPRESENTATION_CONTEXT('2D SPACE',''
  ) );
#2801 = PCURVE('',#1389,#2802);
#2802 = DEFINITIONAL_REPRESENTATION('',(#2803),#2806);
#2803 = B_SPLINE_CURVE_WITH_KNOTS('',1,(#2804,#2805),.UNSPECIFIED.,.F.,
  .F.,(2,2),(-5.999999999062E-07,5.137),.PIECEWISE_BEZIER_KNOTS.);
#2804 = CARTESIAN_POINT('',(0.657261561832,-5.999999999062E-07));
#2805 = CARTESIAN_POINT('',(0.657261561832,5.137));
#2806 = ( GEOMETRIC_REPRESENTATION_CONTEXT(2) 
PARAMETRIC_REPRESENTATION_CONTEXT() REPRESENTATION_CONTEXT('2D SPACE',''
  ) );
#2807 = ORIENTED_EDGE('',*,*,#2808,.T.);
#2808 = EDGE_CURVE('',#2788,#2697,#2809,.T.);
#2809 = SURFACE_CURVE('',#2810,(#2814,#2821),.PCURVE_S1.);
#2810 = LINE('',#2811,#2812);
#2811 = CARTESIAN_POINT('',(4.5,3.269441376024,-0.45));
#2812 = VECTOR('',#2813,1.);
#2813 = DIRECTION('',(-0.951056516295,0.309016994375,0.));
#2814 = PCURVE('',#1427,#2815);
#2815 = DEFINITIONAL_REPRESENTATION('',(#2816),#2820);
#2816 = LINE('',#2817,#2818);
#2817 = CARTESIAN_POINT('',(0.,-4.67));
#2818 = VECTOR('',#2819,1.);
#2819 = DIRECTION('',(1.,0.));
#2820 = ( GEOMETRIC_REPRESENTATION_CONTEXT(2) 
PARAMETRIC_REPRESENTATION_CONTEXT() REPRESENTATION_CONTEXT('2D SPACE',''
  ) );
#2821 = PCURVE('',#2717,#2822);
#2822 = DEFINITIONAL_REPRESENTATION('',(#2823),#2827);
#2823 = LINE('',#2824,#2825);
#2824 = CARTESIAN_POINT('',(4.5,3.269441376024));
#2825 = VECTOR('',#2826,1.);
#2826 = DIRECTION('',(-0.951056516295,0.309016994375));
#2827 = ( GEOMETRIC_REPRESENTATION_CONTEXT(2) 
PARAMETRIC_REPRESENTATION_CONTEXT() REPRESENTATION_CONTEXT('2D SPACE',''
  ) );
#2828 = ADVANCED_FACE('',(#2829),#1309,.F.);
#2829 = FACE_BOUND('',#2830,.F.);
#2830 = EDGE_LOOP('',(#2831,#2861,#2886,#2887,#2888,#2889));
#2831 = ORIENTED_EDGE('',*,*,#2832,.F.);
#2832 = EDGE_CURVE('',#2833,#2835,#2837,.T.);
#2833 = VERTEX_POINT('',#2834);
#2834 = CARTESIAN_POINT('',(4.5,1.257639801313,-0.45));
#2835 = VERTEX_POINT('',#2836);
#2836 = CARTESIAN_POINT('',(4.5,-1.257639801313,-0.45));
#2837 = SURFACE_CURVE('',#2838,(#2843,#2854),.PCURVE_S1.);
#2838 = ELLIPSE('',#2839,14.056831975329,14.);
#2839 = AXIS2_PLACEMENT_3D('',#2840,#2841,#2842);
#2840 = CARTESIAN_POINT('',(18.5,0.,-0.45));
#2841 = DIRECTION('',(0.,0.,1.));
#2842 = DIRECTION('',(1.,0.,-0.));
#2843 = PCURVE('',#1309,#2844);
#2844 = DEFINITIONAL_REPRESENTATION('',(#2845),#2853);
#2845 = B_SPLINE_CURVE_WITH_KNOTS('',6,(#2846,#2847,#2848,#2849,#2850,
    #2851,#2852),.UNSPECIFIED.,.F.,.F.,(7,7),(2.752287211874,
    3.530898095305),.PIECEWISE_BEZIER_KNOTS.);
#2846 = CARTESIAN_POINT('',(2.752287211874,7.111918225176));
#2847 = CARTESIAN_POINT('',(2.882055692446,7.049724117903));
#2848 = CARTESIAN_POINT('',(3.011824173018,7.011137969644));
#2849 = CARTESIAN_POINT('',(3.14159265359,6.998044901368));
#2850 = CARTESIAN_POINT('',(3.271361134162,7.011137969644));
#2851 = CARTESIAN_POINT('',(3.401129614734,7.049724117903));
#2852 = CARTESIAN_POINT('',(3.530898095305,7.111918225176));
#2853 = ( GEOMETRIC_REPRESENTATION_CONTEXT(2) 
PARAMETRIC_REPRESENTATION_CONTEXT() REPRESENTATION_CONTEXT('2D SPACE',''
  ) );
#2854 = PCURVE('',#2717,#2855);
#2855 = DEFINITIONAL_REPRESENTATION('',(#2856),#2860);
#2856 = ELLIPSE('',#2857,14.056831975329,14.);
#2857 = AXIS2_PLACEMENT_2D('',#2858,#2859);
#2858 = CARTESIAN_POINT('',(18.5,4.346569667655E-16));
#2859 = DIRECTION('',(1.,0.));
#2860 = ( GEOMETRIC_REPRESENTATION_CONTEXT(2) 
PARAMETRIC_REPRESENTATION_CONTEXT() REPRESENTATION_CONTEXT('2D SPACE',''
  ) );
#2861 = ORIENTED_EDGE('',*,*,#2862,.T.);
#2862 = EDGE_CURVE('',#2833,#1276,#2863,.T.);
#2863 = SURFACE_CURVE('',#2864,(#2869,#2879),.PCURVE_S1.);
#2864 = ELLIPSE('',#2865,155.84748494386,14.);
#2865 = AXIS2_PLACEMENT_3D('',#2866,#2867,#2868);
#2866 = CARTESIAN_POINT('',(4.5,0.,-155.6673913043));
#2867 = DIRECTION('',(-1.,1.358303021142E-16,0.));
#2868 = DIRECTION('',(1.664106009279E-33,1.225136058285E-17,1.));
#2869 = PCURVE('',#1309,#2870);
#2870 = DEFINITIONAL_REPRESENTATION('',(#2871),#2878);
#2871 = B_SPLINE_CURVE_WITH_KNOTS('',5,(#2872,#2873,#2874,#2875,#2876,
    #2877),.UNSPECIFIED.,.F.,.F.,(6,6),(7.003881239294E-02,
    0.207966997566),.PIECEWISE_BEZIER_KNOTS.);
#2872 = CARTESIAN_POINT('',(3.071553841197,7.269533300275));
#2873 = CARTESIAN_POINT('',(3.043968204162,6.969888293058));
#2874 = CARTESIAN_POINT('',(3.016382567128,6.522961086933));
#2875 = CARTESIAN_POINT('',(2.988796930093,5.929226512084));
#2876 = CARTESIAN_POINT('',(2.961211293058,5.189627334397));
#2877 = CARTESIAN_POINT('',(2.933625656024,4.305565311391));
#2878 = ( GEOMETRIC_REPRESENTATION_CONTEXT(2) 
PARAMETRIC_REPRESENTATION_CONTEXT() REPRESENTATION_CONTEXT('2D SPACE',''
  ) );
#2879 = PCURVE('',#1351,#2880);
#2880 = DEFINITIONAL_REPRESENTATION('',(#2881),#2885);
#2881 = ELLIPSE('',#2882,155.84748494386,14.);
#2882 = AXIS2_PLACEMENT_2D('',#2883,#2884);
#2883 = CARTESIAN_POINT('',(3.269441376024,150.54739130434));
#2884 = DIRECTION('',(1.225136058285E-17,-1.));
#2885 = ( GEOMETRIC_REPRESENTATION_CONTEXT(2) 
PARAMETRIC_REPRESENTATION_CONTEXT() REPRESENTATION_CONTEXT('2D SPACE',''
  ) );
#2886 = ORIENTED_EDGE('',*,*,#1275,.T.);
#2887 = ORIENTED_EDGE('',*,*,#1731,.F.);
#2888 = ORIENTED_EDGE('',*,*,#1839,.T.);
#2889 = ORIENTED_EDGE('',*,*,#2890,.T.);
#2890 = EDGE_CURVE('',#1840,#2835,#2891,.T.);
#2891 = SURFACE_CURVE('',#2892,(#2897,#2907),.PCURVE_S1.);
#2892 = ELLIPSE('',#2893,155.84748494386,14.);
#2893 = AXIS2_PLACEMENT_3D('',#2894,#2895,#2896);
#2894 = CARTESIAN_POINT('',(4.5,0.,-155.6673913043));
#2895 = DIRECTION('',(-1.,1.358303021142E-16,0.));
#2896 = DIRECTION('',(1.664106009279E-33,1.225136058285E-17,1.));
#2897 = PCURVE('',#1309,#2898);
#2898 = DEFINITIONAL_REPRESENTATION('',(#2899),#2906);
#2899 = B_SPLINE_CURVE_WITH_KNOTS('',5,(#2900,#2901,#2902,#2903,#2904,
    #2905),.UNSPECIFIED.,.F.,.F.,(6,6),(6.075218309613,6.213146494787),
  .PIECEWISE_BEZIER_KNOTS.);
#2900 = CARTESIAN_POINT('',(3.349559651156,4.305565311391));
#2901 = CARTESIAN_POINT('',(3.321974014121,5.189627334397));
#2902 = CARTESIAN_POINT('',(3.294388377087,5.929226512084));
#2903 = CARTESIAN_POINT('',(3.266802740052,6.522961086933));
#2904 = CARTESIAN_POINT('',(3.239217103017,6.969888293058));
#2905 = CARTESIAN_POINT('',(3.211631465983,7.269533300275));
#2906 = ( GEOMETRIC_REPRESENTATION_CONTEXT(2) 
PARAMETRIC_REPRESENTATION_CONTEXT() REPRESENTATION_CONTEXT('2D SPACE',''
  ) );
#2907 = PCURVE('',#1910,#2908);
#2908 = DEFINITIONAL_REPRESENTATION('',(#2909),#2913);
#2909 = ELLIPSE('',#2910,155.84748494386,14.);
#2910 = AXIS2_PLACEMENT_2D('',#2911,#2912);
#2911 = CARTESIAN_POINT('',(3.269441376024,150.54739130434));
#2912 = DIRECTION('',(1.225136058285E-17,-1.));
#2913 = ( GEOMETRIC_REPRESENTATION_CONTEXT(2) 
PARAMETRIC_REPRESENTATION_CONTEXT() REPRESENTATION_CONTEXT('2D SPACE',''
  ) );
#2914 = ADVANCED_FACE('',(#2915),#1389,.T.);
#2915 = FACE_BOUND('',#2916,.T.);
#2916 = EDGE_LOOP('',(#2917,#2938,#2939,#2940));
#2917 = ORIENTED_EDGE('',*,*,#2918,.F.);
#2918 = EDGE_CURVE('',#1331,#2919,#2921,.T.);
#2919 = VERTEX_POINT('',#2920);
#2920 = CARTESIAN_POINT('',(4.5,3.074491827929,-0.45));
#2921 = SURFACE_CURVE('',#2922,(#2926,#2932),.PCURVE_S1.);
#2922 = LINE('',#2923,#2924);
#2923 = CARTESIAN_POINT('',(4.5,3.074491827929,-5.12));
#2924 = VECTOR('',#2925,1.);
#2925 = DIRECTION('',(0.,0.,1.));
#2926 = PCURVE('',#1389,#2927);
#2927 = DEFINITIONAL_REPRESENTATION('',(#2928),#2931);
#2928 = B_SPLINE_CURVE_WITH_KNOTS('',1,(#2929,#2930),.UNSPECIFIED.,.F.,
  .F.,(2,2),(-5.999999999062E-07,5.137),.PIECEWISE_BEZIER_KNOTS.);
#2929 = CARTESIAN_POINT('',(0.599375499604,-5.999999999062E-07));
#2930 = CARTESIAN_POINT('',(0.599375499604,5.137));
#2931 = ( GEOMETRIC_REPRESENTATION_CONTEXT(2) 
PARAMETRIC_REPRESENTATION_CONTEXT() REPRESENTATION_CONTEXT('2D SPACE',''
  ) );
#2932 = PCURVE('',#1351,#2933);
#2933 = DEFINITIONAL_REPRESENTATION('',(#2934),#2937);
#2934 = B_SPLINE_CURVE_WITH_KNOTS('',1,(#2935,#2936),.UNSPECIFIED.,.F.,
  .F.,(2,2),(-5.999999999062E-07,5.137),.PIECEWISE_BEZIER_KNOTS.);
#2935 = CARTESIAN_POINT('',(6.343933203953,5.999999999062E-07));
#2936 = CARTESIAN_POINT('',(6.343933203953,-5.137));
#2937 = ( GEOMETRIC_REPRESENTATION_CONTEXT(2) 
PARAMETRIC_REPRESENTATION_CONTEXT() REPRESENTATION_CONTEXT('2D SPACE',''
  ) );
#2938 = ORIENTED_EDGE('',*,*,#1363,.F.);
#2939 = ORIENTED_EDGE('',*,*,#2787,.T.);
#2940 = ORIENTED_EDGE('',*,*,#2941,.F.);
#2941 = EDGE_CURVE('',#2919,#2788,#2942,.T.);
#2942 = SURFACE_CURVE('',#2943,(#2948,#2955),.PCURVE_S1.);
#2943 = CIRCLE('',#2944,5.45);
#2944 = AXIS2_PLACEMENT_3D('',#2945,#2946,#2947);
#2945 = CARTESIAN_POINT('',(0.,0.,-0.45));
#2946 = DIRECTION('',(0.,0.,1.));
#2947 = DIRECTION('',(1.,0.,-0.));
#2948 = PCURVE('',#1389,#2949);
#2949 = DEFINITIONAL_REPRESENTATION('',(#2950),#2954);
#2950 = LINE('',#2951,#2952);
#2951 = CARTESIAN_POINT('',(0.,4.67));
#2952 = VECTOR('',#2953,1.);
#2953 = DIRECTION('',(1.,0.));
#2954 = ( GEOMETRIC_REPRESENTATION_CONTEXT(2) 
PARAMETRIC_REPRESENTATION_CONTEXT() REPRESENTATION_CONTEXT('2D SPACE',''
  ) );
#2955 = PCURVE('',#2717,#2956);
#2956 = DEFINITIONAL_REPRESENTATION('',(#2957),#2961);
#2957 = CIRCLE('',#2958,5.45);
#2958 = AXIS2_PLACEMENT_2D('',#2959,#2960);
#2959 = CARTESIAN_POINT('',(-2.173284833827E-16,4.346569667655E-16));
#2960 = DIRECTION('',(1.,0.));
#2961 = ( GEOMETRIC_REPRESENTATION_CONTEXT(2) 
PARAMETRIC_REPRESENTATION_CONTEXT() REPRESENTATION_CONTEXT('2D SPACE',''
  ) );
#2962 = ADVANCED_FACE('',(#2963),#1351,.F.);
#2963 = FACE_BOUND('',#2964,.F.);
#2964 = EDGE_LOOP('',(#2965,#2966,#2967,#2988));
#2965 = ORIENTED_EDGE('',*,*,#1330,.T.);
#2966 = ORIENTED_EDGE('',*,*,#2862,.F.);
#2967 = ORIENTED_EDGE('',*,*,#2968,.T.);
#2968 = EDGE_CURVE('',#2833,#2919,#2969,.T.);
#2969 = SURFACE_CURVE('',#2970,(#2974,#2981),.PCURVE_S1.);
#2970 = LINE('',#2971,#2972);
#2971 = CARTESIAN_POINT('',(4.5,-3.269441376024,-0.45));
#2972 = VECTOR('',#2973,1.);
#2973 = DIRECTION('',(1.358303021142E-16,1.,0.));
#2974 = PCURVE('',#1351,#2975);
#2975 = DEFINITIONAL_REPRESENTATION('',(#2976),#2980);
#2976 = LINE('',#2977,#2978);
#2977 = CARTESIAN_POINT('',(0.,-4.67));
#2978 = VECTOR('',#2979,1.);
#2979 = DIRECTION('',(1.,0.));
#2980 = ( GEOMETRIC_REPRESENTATION_CONTEXT(2) 
PARAMETRIC_REPRESENTATION_CONTEXT() REPRESENTATION_CONTEXT('2D SPACE',''
  ) );
#2981 = PCURVE('',#2717,#2982);
#2982 = DEFINITIONAL_REPRESENTATION('',(#2983),#2987);
#2983 = LINE('',#2984,#2985);
#2984 = CARTESIAN_POINT('',(4.5,-3.269441376024));
#2985 = VECTOR('',#2986,1.);
#2986 = DIRECTION('',(1.358303021142E-16,1.));
#2987 = ( GEOMETRIC_REPRESENTATION_CONTEXT(2) 
PARAMETRIC_REPRESENTATION_CONTEXT() REPRESENTATION_CONTEXT('2D SPACE',''
  ) );
#2988 = ORIENTED_EDGE('',*,*,#2918,.F.);
#2989 = ADVANCED_FACE('',(#2990),#1667,.F.);
#2990 = FACE_BOUND('',#2991,.F.);
#2991 = EDGE_LOOP('',(#2992,#2993,#2994,#3017));
#2992 = ORIENTED_EDGE('',*,*,#1646,.T.);
#2993 = ORIENTED_EDGE('',*,*,#2729,.F.);
#2994 = ORIENTED_EDGE('',*,*,#2995,.T.);
#2995 = EDGE_CURVE('',#2695,#2996,#2998,.T.);
#2996 = VERTEX_POINT('',#2997);
#2997 = CARTESIAN_POINT('',(-1.53343901256,5.229824547225,-0.45));
#2998 = SURFACE_CURVE('',#2999,(#3003,#3010),.PCURVE_S1.);
#2999 = LINE('',#3000,#3001);
#3000 = CARTESIAN_POINT('',(4.5,3.269441376024,-0.45));
#3001 = VECTOR('',#3002,1.);
#3002 = DIRECTION('',(-0.951056516295,0.309016994375,0.));
#3003 = PCURVE('',#1667,#3004);
#3004 = DEFINITIONAL_REPRESENTATION('',(#3005),#3009);
#3005 = LINE('',#3006,#3007);
#3006 = CARTESIAN_POINT('',(0.,-4.67));
#3007 = VECTOR('',#3008,1.);
#3008 = DIRECTION('',(1.,0.));
#3009 = ( GEOMETRIC_REPRESENTATION_CONTEXT(2) 
PARAMETRIC_REPRESENTATION_CONTEXT() REPRESENTATION_CONTEXT('2D SPACE',''
  ) );
#3010 = PCURVE('',#2717,#3011);
#3011 = DEFINITIONAL_REPRESENTATION('',(#3012),#3016);
#3012 = LINE('',#3013,#3014);
#3013 = CARTESIAN_POINT('',(4.5,3.269441376024));
#3014 = VECTOR('',#3015,1.);
#3015 = DIRECTION('',(-0.951056516295,0.309016994375));
#3016 = ( GEOMETRIC_REPRESENTATION_CONTEXT(2) 
PARAMETRIC_REPRESENTATION_CONTEXT() REPRESENTATION_CONTEXT('2D SPACE',''
  ) );
#3017 = ORIENTED_EDGE('',*,*,#3018,.F.);
#3018 = EDGE_CURVE('',#1604,#2996,#3019,.T.);
#3019 = SURFACE_CURVE('',#3020,(#3024,#3030),.PCURVE_S1.);
#3020 = LINE('',#3021,#3022);
#3021 = CARTESIAN_POINT('',(-1.53343901256,5.229824547225,-5.12));
#3022 = VECTOR('',#3023,1.);
#3023 = DIRECTION('',(0.,0.,1.));
#3024 = PCURVE('',#1667,#3025);
#3025 = DEFINITIONAL_REPRESENTATION('',(#3026),#3029);
#3026 = B_SPLINE_CURVE_WITH_KNOTS('',1,(#3027,#3028),.UNSPECIFIED.,.F.,
  .F.,(2,2),(-5.999999999062E-07,5.137),.PIECEWISE_BEZIER_KNOTS.);
#3027 = CARTESIAN_POINT('',(6.343933203953,5.999999999062E-07));
#3028 = CARTESIAN_POINT('',(6.343933203953,-5.137));
#3029 = ( GEOMETRIC_REPRESENTATION_CONTEXT(2) 
PARAMETRIC_REPRESENTATION_CONTEXT() REPRESENTATION_CONTEXT('2D SPACE',''
  ) );
#3030 = PCURVE('',#1629,#3031);
#3031 = DEFINITIONAL_REPRESENTATION('',(#3032),#3035);
#3032 = B_SPLINE_CURVE_WITH_KNOTS('',1,(#3033,#3034),.UNSPECIFIED.,.F.,
  .F.,(2,2),(-5.999999999062E-07,5.137),.PIECEWISE_BEZIER_KNOTS.);
#3033 = CARTESIAN_POINT('',(1.856012561039,-5.999999999062E-07));
#3034 = CARTESIAN_POINT('',(1.856012561039,5.137));
#3035 = ( GEOMETRIC_REPRESENTATION_CONTEXT(2) 
PARAMETRIC_REPRESENTATION_CONTEXT() REPRESENTATION_CONTEXT('2D SPACE',''
  ) );
#3036 = ADVANCED_FACE('',(#3037),#1549,.F.);
#3037 = FACE_BOUND('',#3038,.F.);
#3038 = EDGE_LOOP('',(#3039,#3069,#3094,#3095,#3096,#3097));
#3039 = ORIENTED_EDGE('',*,*,#3040,.F.);
#3040 = EDGE_CURVE('',#3041,#3043,#3045,.T.);
#3041 = VERTEX_POINT('',#3042);
#3042 = CARTESIAN_POINT('',(-4.379798602595,1.627581663251,-0.45));
#3043 = VERTEX_POINT('',#3044);
#3044 = CARTESIAN_POINT('',(-2.901354346779,3.662485607381,-0.45));
#3045 = SURFACE_CURVE('',#3046,(#3051,#3062),.PCURVE_S1.);
#3046 = ELLIPSE('',#3047,14.056831975329,14.);
#3047 = AXIS2_PLACEMENT_3D('',#3048,#3049,#3050);
#3048 = CARTESIAN_POINT('',(-14.96681439593,10.874027167411,-0.45));
#3049 = DIRECTION('',(0.,0.,1.));
#3050 = DIRECTION('',(-0.809016994375,0.587785252292,0.));
#3051 = PCURVE('',#1549,#3052);
#3052 = DEFINITIONAL_REPRESENTATION('',(#3053),#3061);
#3053 = B_SPLINE_CURVE_WITH_KNOTS('',6,(#3054,#3055,#3056,#3057,#3058,
    #3059,#3060),.UNSPECIFIED.,.F.,.F.,(7,7),(2.849579096332,
    3.437669119066),.PIECEWISE_BEZIER_KNOTS.);
#3054 = CARTESIAN_POINT('',(2.849579096332,7.070887529976));
#3055 = CARTESIAN_POINT('',(2.947594100121,7.035257069053));
#3056 = CARTESIAN_POINT('',(3.04560910391,7.013567681873));
#3057 = CARTESIAN_POINT('',(3.143624107699,7.006435498817));
#3058 = CARTESIAN_POINT('',(3.241639111488,7.014074918339));
#3059 = CARTESIAN_POINT('',(3.339654115277,7.036262721734));
#3060 = CARTESIAN_POINT('',(3.437669119066,7.072374457227));
#3061 = ( GEOMETRIC_REPRESENTATION_CONTEXT(2) 
PARAMETRIC_REPRESENTATION_CONTEXT() REPRESENTATION_CONTEXT('2D SPACE',''
  ) );
#3062 = PCURVE('',#2717,#3063);
#3063 = DEFINITIONAL_REPRESENTATION('',(#3064),#3068);
#3064 = ELLIPSE('',#3065,14.056831975329,14.);
#3065 = AXIS2_PLACEMENT_2D('',#3066,#3067);
#3066 = CARTESIAN_POINT('',(-14.96681439593,10.874027167411));
#3067 = DIRECTION('',(-0.809016994375,0.587785252292));
#3068 = ( GEOMETRIC_REPRESENTATION_CONTEXT(2) 
PARAMETRIC_REPRESENTATION_CONTEXT() REPRESENTATION_CONTEXT('2D SPACE',''
  ) );
#3069 = ORIENTED_EDGE('',*,*,#3070,.T.);
#3070 = EDGE_CURVE('',#3041,#2104,#3071,.T.);
#3071 = SURFACE_CURVE('',#3072,(#3077,#3087),.PCURVE_S1.);
#3072 = ELLIPSE('',#3073,155.84748494386,14.);
#3073 = AXIS2_PLACEMENT_3D('',#3074,#3075,#3076);
#3074 = CARTESIAN_POINT('',(-3.640576474687,2.645033635316,
    -155.6673913043));
#3075 = DIRECTION('',(0.809016994375,-0.587785252292,1.54074395551E-33)
  );
#3076 = DIRECTION('',(-8.190272397841E-18,-1.127294285212E-17,1.));
#3077 = PCURVE('',#1549,#3078);
#3078 = DEFINITIONAL_REPRESENTATION('',(#3079),#3086);
#3079 = B_SPLINE_CURVE_WITH_KNOTS('',5,(#3080,#3081,#3082,#3083,#3084,
    #3085),.UNSPECIFIED.,.F.,.F.,(6,6),(7.003881239294E-02,
    0.207966997566),.PIECEWISE_BEZIER_KNOTS.);
#3080 = CARTESIAN_POINT('',(3.071553841197,7.269533300275));
#3081 = CARTESIAN_POINT('',(3.043968204162,6.969888293058));
#3082 = CARTESIAN_POINT('',(3.016382567128,6.522961086932));
#3083 = CARTESIAN_POINT('',(2.988796930093,5.929226512084));
#3084 = CARTESIAN_POINT('',(2.961211293058,5.189627334397));
#3085 = CARTESIAN_POINT('',(2.933625656024,4.305565311391));
#3086 = ( GEOMETRIC_REPRESENTATION_CONTEXT(2) 
PARAMETRIC_REPRESENTATION_CONTEXT() REPRESENTATION_CONTEXT('2D SPACE',''
  ) );
#3087 = PCURVE('',#2174,#3088);
#3088 = DEFINITIONAL_REPRESENTATION('',(#3089),#3093);
#3089 = ELLIPSE('',#3090,155.84748494386,14.);
#3090 = AXIS2_PLACEMENT_2D('',#3091,#3092);
#3091 = CARTESIAN_POINT('',(3.269441376024,150.54739130434));
#3092 = DIRECTION('',(1.393412367169E-17,-1.));
#3093 = ( GEOMETRIC_REPRESENTATION_CONTEXT(2) 
PARAMETRIC_REPRESENTATION_CONTEXT() REPRESENTATION_CONTEXT('2D SPACE',''
  ) );
#3094 = ORIENTED_EDGE('',*,*,#2103,.T.);
#3095 = ORIENTED_EDGE('',*,*,#1809,.F.);
#3096 = ORIENTED_EDGE('',*,*,#1515,.F.);
#3097 = ORIENTED_EDGE('',*,*,#3098,.T.);
#3098 = EDGE_CURVE('',#1516,#3043,#3099,.T.);
#3099 = SURFACE_CURVE('',#3100,(#3105,#3115),.PCURVE_S1.);
#3100 = ELLIPSE('',#3101,155.84748494386,14.);
#3101 = AXIS2_PLACEMENT_3D('',#3102,#3103,#3104);
#3102 = CARTESIAN_POINT('',(-3.640576474687,2.645033635316,
    -155.6673913043));
#3103 = DIRECTION('',(0.809016994375,-0.587785252292,1.54074395551E-33)
  );
#3104 = DIRECTION('',(-8.190272397841E-18,-1.127294285212E-17,1.));
#3105 = PCURVE('',#1549,#3106);
#3106 = DEFINITIONAL_REPRESENTATION('',(#3107),#3114);
#3107 = B_SPLINE_CURVE_WITH_KNOTS('',5,(#3108,#3109,#3110,#3111,#3112,
    #3113),.UNSPECIFIED.,.F.,.F.,(6,6),(6.075218309613,6.213146494787),
  .PIECEWISE_BEZIER_KNOTS.);
#3108 = CARTESIAN_POINT('',(3.349559651156,4.305565311391));
#3109 = CARTESIAN_POINT('',(3.321974014121,5.189627334397));
#3110 = CARTESIAN_POINT('',(3.294388377087,5.929226512084));
#3111 = CARTESIAN_POINT('',(3.266802740052,6.522961086932));
#3112 = CARTESIAN_POINT('',(3.239217103017,6.969888293058));
#3113 = CARTESIAN_POINT('',(3.211631465983,7.269533300275));
#3114 = ( GEOMETRIC_REPRESENTATION_CONTEXT(2) 
PARAMETRIC_REPRESENTATION_CONTEXT() REPRESENTATION_CONTEXT('2D SPACE',''
  ) );
#3115 = PCURVE('',#1591,#3116);
#3116 = DEFINITIONAL_REPRESENTATION('',(#3117),#3121);
#3117 = ELLIPSE('',#3118,155.84748494386,14.);
#3118 = AXIS2_PLACEMENT_2D('',#3119,#3120);
#3119 = CARTESIAN_POINT('',(3.269441376024,150.54739130434));
#3120 = DIRECTION('',(1.393412367169E-17,-1.));
#3121 = ( GEOMETRIC_REPRESENTATION_CONTEXT(2) 
PARAMETRIC_REPRESENTATION_CONTEXT() REPRESENTATION_CONTEXT('2D SPACE',''
  ) );
#3122 = ADVANCED_FACE('',(#3123),#1629,.T.);
#3123 = FACE_BOUND('',#3124,.T.);
#3124 = EDGE_LOOP('',(#3125,#3126,#3127,#3148));
#3125 = ORIENTED_EDGE('',*,*,#3018,.F.);
#3126 = ORIENTED_EDGE('',*,*,#1603,.T.);
#3127 = ORIENTED_EDGE('',*,*,#3128,.T.);
#3128 = EDGE_CURVE('',#1571,#3129,#3131,.T.);
#3129 = VERTEX_POINT('',#3130);
#3130 = CARTESIAN_POINT('',(-1.833435519937,5.132349773177,-0.45));
#3131 = SURFACE_CURVE('',#3132,(#3136,#3142),.PCURVE_S1.);
#3132 = LINE('',#3133,#3134);
#3133 = CARTESIAN_POINT('',(-1.833435519937,5.132349773177,-5.12));
#3134 = VECTOR('',#3135,1.);
#3135 = DIRECTION('',(0.,0.,1.));
#3136 = PCURVE('',#1629,#3137);
#3137 = DEFINITIONAL_REPRESENTATION('',(#3138),#3141);
#3138 = B_SPLINE_CURVE_WITH_KNOTS('',1,(#3139,#3140),.UNSPECIFIED.,.F.,
  .F.,(2,2),(-5.999999999062E-07,5.137),.PIECEWISE_BEZIER_KNOTS.);
#3139 = CARTESIAN_POINT('',(1.913898623268,-5.999999999062E-07));
#3140 = CARTESIAN_POINT('',(1.913898623268,5.137));
#3141 = ( GEOMETRIC_REPRESENTATION_CONTEXT(2) 
PARAMETRIC_REPRESENTATION_CONTEXT() REPRESENTATION_CONTEXT('2D SPACE',''
  ) );
#3142 = PCURVE('',#1591,#3143);
#3143 = DEFINITIONAL_REPRESENTATION('',(#3144),#3147);
#3144 = B_SPLINE_CURVE_WITH_KNOTS('',1,(#3145,#3146),.UNSPECIFIED.,.F.,
  .F.,(2,2),(-5.999999999062E-07,5.137),.PIECEWISE_BEZIER_KNOTS.);
#3145 = CARTESIAN_POINT('',(0.194949548095,5.999999999062E-07));
#3146 = CARTESIAN_POINT('',(0.194949548095,-5.137));
#3147 = ( GEOMETRIC_REPRESENTATION_CONTEXT(2) 
PARAMETRIC_REPRESENTATION_CONTEXT() REPRESENTATION_CONTEXT('2D SPACE',''
  ) );
#3148 = ORIENTED_EDGE('',*,*,#3149,.F.);
#3149 = EDGE_CURVE('',#2996,#3129,#3150,.T.);
#3150 = SURFACE_CURVE('',#3151,(#3156,#3163),.PCURVE_S1.);
#3151 = CIRCLE('',#3152,5.45);
#3152 = AXIS2_PLACEMENT_3D('',#3153,#3154,#3155);
#3153 = CARTESIAN_POINT('',(0.,0.,-0.45));
#3154 = DIRECTION('',(0.,0.,1.));
#3155 = DIRECTION('',(1.,0.,-0.));
#3156 = PCURVE('',#1629,#3157);
#3157 = DEFINITIONAL_REPRESENTATION('',(#3158),#3162);
#3158 = LINE('',#3159,#3160);
#3159 = CARTESIAN_POINT('',(0.,4.67));
#3160 = VECTOR('',#3161,1.);
#3161 = DIRECTION('',(1.,0.));
#3162 = ( GEOMETRIC_REPRESENTATION_CONTEXT(2) 
PARAMETRIC_REPRESENTATION_CONTEXT() REPRESENTATION_CONTEXT('2D SPACE',''
  ) );
#3163 = PCURVE('',#2717,#3164);
#3164 = DEFINITIONAL_REPRESENTATION('',(#3165),#3169);
#3165 = CIRCLE('',#3166,5.45);
#3166 = AXIS2_PLACEMENT_2D('',#3167,#3168);
#3167 = CARTESIAN_POINT('',(-2.173284833827E-16,4.346569667655E-16));
#3168 = DIRECTION('',(1.,0.));
#3169 = ( GEOMETRIC_REPRESENTATION_CONTEXT(2) 
PARAMETRIC_REPRESENTATION_CONTEXT() REPRESENTATION_CONTEXT('2D SPACE',''
  ) );
#3170 = ADVANCED_FACE('',(#3171),#1591,.F.);
#3171 = FACE_BOUND('',#3172,.F.);
#3172 = EDGE_LOOP('',(#3173,#3174,#3175,#3176));
#3173 = ORIENTED_EDGE('',*,*,#3098,.F.);
#3174 = ORIENTED_EDGE('',*,*,#1570,.T.);
#3175 = ORIENTED_EDGE('',*,*,#3128,.T.);
#3176 = ORIENTED_EDGE('',*,*,#3177,.T.);
#3177 = EDGE_CURVE('',#3129,#3043,#3178,.T.);
#3178 = SURFACE_CURVE('',#3179,(#3183,#3190),.PCURVE_S1.);
#3179 = LINE('',#3180,#3181);
#3180 = CARTESIAN_POINT('',(-1.718847050625,5.290067270632,-0.45));
#3181 = VECTOR('',#3182,1.);
#3182 = DIRECTION('',(-0.587785252292,-0.809016994375,0.));
#3183 = PCURVE('',#1591,#3184);
#3184 = DEFINITIONAL_REPRESENTATION('',(#3185),#3189);
#3185 = LINE('',#3186,#3187);
#3186 = CARTESIAN_POINT('',(0.,-4.67));
#3187 = VECTOR('',#3188,1.);
#3188 = DIRECTION('',(1.,0.));
#3189 = ( GEOMETRIC_REPRESENTATION_CONTEXT(2) 
PARAMETRIC_REPRESENTATION_CONTEXT() REPRESENTATION_CONTEXT('2D SPACE',''
  ) );
#3190 = PCURVE('',#2717,#3191);
#3191 = DEFINITIONAL_REPRESENTATION('',(#3192),#3196);
#3192 = LINE('',#3193,#3194);
#3193 = CARTESIAN_POINT('',(-1.718847050625,5.290067270632));
#3194 = VECTOR('',#3195,1.);
#3195 = DIRECTION('',(-0.587785252292,-0.809016994375));
#3196 = ( GEOMETRIC_REPRESENTATION_CONTEXT(2) 
PARAMETRIC_REPRESENTATION_CONTEXT() REPRESENTATION_CONTEXT('2D SPACE',''
  ) );
#3197 = ADVANCED_FACE('',(#3198),#1910,.F.);
#3198 = FACE_BOUND('',#3199,.F.);
#3199 = EDGE_LOOP('',(#3200,#3201,#3202,#3223));
#3200 = ORIENTED_EDGE('',*,*,#2890,.F.);
#3201 = ORIENTED_EDGE('',*,*,#1889,.T.);
#3202 = ORIENTED_EDGE('',*,*,#3203,.T.);
#3203 = EDGE_CURVE('',#1890,#3204,#3206,.T.);
#3204 = VERTEX_POINT('',#3205);
#3205 = CARTESIAN_POINT('',(4.5,-3.074491827929,-0.45));
#3206 = SURFACE_CURVE('',#3207,(#3211,#3217),.PCURVE_S1.);
#3207 = LINE('',#3208,#3209);
#3208 = CARTESIAN_POINT('',(4.5,-3.074491827929,-5.12));
#3209 = VECTOR('',#3210,1.);
#3210 = DIRECTION('',(0.,0.,1.));
#3211 = PCURVE('',#1910,#3212);
#3212 = DEFINITIONAL_REPRESENTATION('',(#3213),#3216);
#3213 = B_SPLINE_CURVE_WITH_KNOTS('',1,(#3214,#3215),.UNSPECIFIED.,.F.,
  .F.,(2,2),(-5.999999999062E-07,5.137),.PIECEWISE_BEZIER_KNOTS.);
#3214 = CARTESIAN_POINT('',(0.194949548095,5.999999999062E-07));
#3215 = CARTESIAN_POINT('',(0.194949548095,-5.137));
#3216 = ( GEOMETRIC_REPRESENTATION_CONTEXT(2) 
PARAMETRIC_REPRESENTATION_CONTEXT() REPRESENTATION_CONTEXT('2D SPACE',''
  ) );
#3217 = PCURVE('',#1948,#3218);
#3218 = DEFINITIONAL_REPRESENTATION('',(#3219),#3222);
#3219 = B_SPLINE_CURVE_WITH_KNOTS('',1,(#3220,#3221),.UNSPECIFIED.,.F.,
  .F.,(2,2),(-5.999999999062E-07,5.137),.PIECEWISE_BEZIER_KNOTS.);
#3220 = CARTESIAN_POINT('',(5.683809807576,-5.999999999062E-07));
#3221 = CARTESIAN_POINT('',(5.683809807576,5.137));
#3222 = ( GEOMETRIC_REPRESENTATION_CONTEXT(2) 
PARAMETRIC_REPRESENTATION_CONTEXT() REPRESENTATION_CONTEXT('2D SPACE',''
  ) );
#3223 = ORIENTED_EDGE('',*,*,#3224,.T.);
#3224 = EDGE_CURVE('',#3204,#2835,#3225,.T.);
#3225 = SURFACE_CURVE('',#3226,(#3230,#3237),.PCURVE_S1.);
#3226 = LINE('',#3227,#3228);
#3227 = CARTESIAN_POINT('',(4.5,-3.269441376024,-0.45));
#3228 = VECTOR('',#3229,1.);
#3229 = DIRECTION('',(1.358303021142E-16,1.,0.));
#3230 = PCURVE('',#1910,#3231);
#3231 = DEFINITIONAL_REPRESENTATION('',(#3232),#3236);
#3232 = LINE('',#3233,#3234);
#3233 = CARTESIAN_POINT('',(0.,-4.67));
#3234 = VECTOR('',#3235,1.);
#3235 = DIRECTION('',(1.,0.));
#3236 = ( GEOMETRIC_REPRESENTATION_CONTEXT(2) 
PARAMETRIC_REPRESENTATION_CONTEXT() REPRESENTATION_CONTEXT('2D SPACE',''
  ) );
#3237 = PCURVE('',#2717,#3238);
#3238 = DEFINITIONAL_REPRESENTATION('',(#3239),#3243);
#3239 = LINE('',#3240,#3241);
#3240 = CARTESIAN_POINT('',(4.5,-3.269441376024));
#3241 = VECTOR('',#3242,1.);
#3242 = DIRECTION('',(1.358303021142E-16,1.));
#3243 = ( GEOMETRIC_REPRESENTATION_CONTEXT(2) 
PARAMETRIC_REPRESENTATION_CONTEXT() REPRESENTATION_CONTEXT('2D SPACE',''
  ) );
#3244 = ADVANCED_FACE('',(#3245),#2032,.F.);
#3245 = FACE_BOUND('',#3246,.F.);
#3246 = EDGE_LOOP('',(#3247,#3277,#3302,#3303,#3304,#3305));
#3247 = ORIENTED_EDGE('',*,*,#3248,.F.);
#3248 = EDGE_CURVE('',#3249,#3251,#3253,.T.);
#3249 = VERTEX_POINT('',#3250);
#3250 = CARTESIAN_POINT('',(2.586663002879,-3.89112225192,-0.45));
#3251 = VERTEX_POINT('',#3252);
#3252 = CARTESIAN_POINT('',(0.194489946496,-4.668386394736,-0.45));
#3253 = SURFACE_CURVE('',#3254,(#3259,#3270),.PCURVE_S1.);
#3254 = ELLIPSE('',#3255,14.056831975329,14.);
#3255 = AXIS2_PLACEMENT_3D('',#3256,#3257,#3258);
#3256 = CARTESIAN_POINT('',(5.716814395937,-17.59454555146,-0.45));
#3257 = DIRECTION('',(0.,0.,1.));
#3258 = DIRECTION('',(0.309016994375,-0.951056516295,0.));
#3259 = PCURVE('',#2032,#3260);
#3260 = DEFINITIONAL_REPRESENTATION('',(#3261),#3269);
#3261 = B_SPLINE_CURVE_WITH_KNOTS('',6,(#3262,#3263,#3264,#3265,#3266,
    #3267,#3268),.UNSPECIFIED.,.F.,.F.,(7,7),(2.842079212468,
    3.462858657689),.PIECEWISE_BEZIER_KNOTS.);
#3262 = CARTESIAN_POINT('',(2.842079212468,7.073647875795));
#3263 = CARTESIAN_POINT('',(2.945542453338,7.035099573627));
#3264 = CARTESIAN_POINT('',(3.049005694208,7.01204981165));
#3265 = CARTESIAN_POINT('',(3.152468935079,7.005241341469));
#3266 = CARTESIAN_POINT('',(3.255932175949,7.014919275008));
#3267 = CARTESIAN_POINT('',(3.359395416819,7.04078286861));
#3268 = CARTESIAN_POINT('',(3.462858657689,7.082037237385));
#3269 = ( GEOMETRIC_REPRESENTATION_CONTEXT(2) 
PARAMETRIC_REPRESENTATION_CONTEXT() REPRESENTATION_CONTEXT('2D SPACE',''
  ) );
#3270 = PCURVE('',#2717,#3271);
#3271 = DEFINITIONAL_REPRESENTATION('',(#3272),#3276);
#3272 = ELLIPSE('',#3273,14.056831975329,14.);
#3273 = AXIS2_PLACEMENT_2D('',#3274,#3275);
#3274 = CARTESIAN_POINT('',(5.716814395937,-17.59454555146));
#3275 = DIRECTION('',(0.309016994375,-0.951056516295));
#3276 = ( GEOMETRIC_REPRESENTATION_CONTEXT(2) 
PARAMETRIC_REPRESENTATION_CONTEXT() REPRESENTATION_CONTEXT('2D SPACE',''
  ) );
#3277 = ORIENTED_EDGE('',*,*,#3278,.T.);
#3278 = EDGE_CURVE('',#3249,#1966,#3279,.T.);
#3279 = SURFACE_CURVE('',#3280,(#3285,#3295),.PCURVE_S1.);
#3280 = ELLIPSE('',#3281,155.84748494386,14.);
#3281 = AXIS2_PLACEMENT_3D('',#3282,#3283,#3284);
#3282 = CARTESIAN_POINT('',(1.390576474687,-4.279754323328,
    -155.6673913043));
#3283 = DIRECTION('',(-0.309016994375,0.951056516295,3.851859888774E-34)
  );
#3284 = DIRECTION('',(-6.626069558413E-18,-2.152940508138E-18,1.));
#3285 = PCURVE('',#2032,#3286);
#3286 = DEFINITIONAL_REPRESENTATION('',(#3287),#3294);
#3287 = B_SPLINE_CURVE_WITH_KNOTS('',5,(#3288,#3289,#3290,#3291,#3292,
    #3293),.UNSPECIFIED.,.F.,.F.,(6,6),(7.003881239294E-02,
    0.207966997566),.PIECEWISE_BEZIER_KNOTS.);
#3288 = CARTESIAN_POINT('',(3.071553841197,7.269533300275));
#3289 = CARTESIAN_POINT('',(3.043968204162,6.969888293058));
#3290 = CARTESIAN_POINT('',(3.016382567128,6.522961086932));
#3291 = CARTESIAN_POINT('',(2.988796930093,5.929226512084));
#3292 = CARTESIAN_POINT('',(2.961211293058,5.189627334397));
#3293 = CARTESIAN_POINT('',(2.933625656024,4.305565311391));
#3294 = ( GEOMETRIC_REPRESENTATION_CONTEXT(2) 
PARAMETRIC_REPRESENTATION_CONTEXT() REPRESENTATION_CONTEXT('2D SPACE',''
  ) );
#3295 = PCURVE('',#1986,#3296);
#3296 = DEFINITIONAL_REPRESENTATION('',(#3297),#3301);
#3297 = ELLIPSE('',#3298,155.84748494386,14.);
#3298 = AXIS2_PLACEMENT_2D('',#3299,#3300);
#3299 = CARTESIAN_POINT('',(3.269441376024,150.54739130434));
#3300 = DIRECTION('',(-6.967061835847E-18,-1.));
#3301 = ( GEOMETRIC_REPRESENTATION_CONTEXT(2) 
PARAMETRIC_REPRESENTATION_CONTEXT() REPRESENTATION_CONTEXT('2D SPACE',''
  ) );
#3302 = ORIENTED_EDGE('',*,*,#1998,.T.);
#3303 = ORIENTED_EDGE('',*,*,#2319,.F.);
#3304 = ORIENTED_EDGE('',*,*,#2588,.T.);
#3305 = ORIENTED_EDGE('',*,*,#3306,.T.);
#3306 = EDGE_CURVE('',#2556,#3251,#3307,.T.);
#3307 = SURFACE_CURVE('',#3308,(#3313,#3323),.PCURVE_S1.);
#3308 = ELLIPSE('',#3309,155.84748494386,14.);
#3309 = AXIS2_PLACEMENT_3D('',#3310,#3311,#3312);
#3310 = CARTESIAN_POINT('',(1.390576474687,-4.279754323328,
    -155.6673913043));
#3311 = DIRECTION('',(-0.309016994375,0.951056516295,3.851859888774E-34)
  );
#3312 = DIRECTION('',(-6.626069558413E-18,-2.152940508138E-18,1.));
#3313 = PCURVE('',#2032,#3314);
#3314 = DEFINITIONAL_REPRESENTATION('',(#3315),#3322);
#3315 = B_SPLINE_CURVE_WITH_KNOTS('',5,(#3316,#3317,#3318,#3319,#3320,
    #3321),.UNSPECIFIED.,.F.,.F.,(6,6),(6.075218309613,6.213146494787),
  .PIECEWISE_BEZIER_KNOTS.);
#3316 = CARTESIAN_POINT('',(3.349559651156,4.305565311391));
#3317 = CARTESIAN_POINT('',(3.321974014121,5.189627334397));
#3318 = CARTESIAN_POINT('',(3.294388377087,5.929226512084));
#3319 = CARTESIAN_POINT('',(3.266802740052,6.522961086932));
#3320 = CARTESIAN_POINT('',(3.239217103017,6.969888293058));
#3321 = CARTESIAN_POINT('',(3.211631465983,7.269533300275));
#3322 = ( GEOMETRIC_REPRESENTATION_CONTEXT(2) 
PARAMETRIC_REPRESENTATION_CONTEXT() REPRESENTATION_CONTEXT('2D SPACE',''
  ) );
#3323 = PCURVE('',#2576,#3324);
#3324 = DEFINITIONAL_REPRESENTATION('',(#3325),#3329);
#3325 = ELLIPSE('',#3326,155.84748494386,14.);
#3326 = AXIS2_PLACEMENT_2D('',#3327,#3328);
#3327 = CARTESIAN_POINT('',(3.269441376024,150.54739130434));
#3328 = DIRECTION('',(-6.967061835847E-18,-1.));
#3329 = ( GEOMETRIC_REPRESENTATION_CONTEXT(2) 
PARAMETRIC_REPRESENTATION_CONTEXT() REPRESENTATION_CONTEXT('2D SPACE',''
  ) );
#3330 = ADVANCED_FACE('',(#3331),#1948,.T.);
#3331 = FACE_BOUND('',#3332,.T.);
#3332 = EDGE_LOOP('',(#3333,#3354,#3355,#3356));
#3333 = ORIENTED_EDGE('',*,*,#3334,.F.);
#3334 = EDGE_CURVE('',#1923,#3335,#3337,.T.);
#3335 = VERTEX_POINT('',#3336);
#3336 = CARTESIAN_POINT('',(4.314591961935,-3.329684099431,-0.45));
#3337 = SURFACE_CURVE('',#3338,(#3342,#3348),.PCURVE_S1.);
#3338 = LINE('',#3339,#3340);
#3339 = CARTESIAN_POINT('',(4.314591961935,-3.329684099431,-5.12));
#3340 = VECTOR('',#3341,1.);
#3341 = DIRECTION('',(0.,0.,1.));
#3342 = PCURVE('',#1948,#3343);
#3343 = DEFINITIONAL_REPRESENTATION('',(#3344),#3347);
#3344 = B_SPLINE_CURVE_WITH_KNOTS('',1,(#3345,#3346),.UNSPECIFIED.,.F.,
  .F.,(2,2),(-5.999999999062E-07,5.137),.PIECEWISE_BEZIER_KNOTS.);
#3345 = CARTESIAN_POINT('',(5.625923745347,-5.999999999062E-07));
#3346 = CARTESIAN_POINT('',(5.625923745347,5.137));
#3347 = ( GEOMETRIC_REPRESENTATION_CONTEXT(2) 
PARAMETRIC_REPRESENTATION_CONTEXT() REPRESENTATION_CONTEXT('2D SPACE',''
  ) );
#3348 = PCURVE('',#1986,#3349);
#3349 = DEFINITIONAL_REPRESENTATION('',(#3350),#3353);
#3350 = B_SPLINE_CURVE_WITH_KNOTS('',1,(#3351,#3352),.UNSPECIFIED.,.F.,
  .F.,(2,2),(-5.999999999062E-07,5.137),.PIECEWISE_BEZIER_KNOTS.);
#3351 = CARTESIAN_POINT('',(6.343933203953,5.999999999062E-07));
#3352 = CARTESIAN_POINT('',(6.343933203953,-5.137));
#3353 = ( GEOMETRIC_REPRESENTATION_CONTEXT(2) 
PARAMETRIC_REPRESENTATION_CONTEXT() REPRESENTATION_CONTEXT('2D SPACE',''
  ) );
#3354 = ORIENTED_EDGE('',*,*,#1922,.F.);
#3355 = ORIENTED_EDGE('',*,*,#3203,.T.);
#3356 = ORIENTED_EDGE('',*,*,#3357,.F.);
#3357 = EDGE_CURVE('',#3335,#3204,#3358,.T.);
#3358 = SURFACE_CURVE('',#3359,(#3364,#3371),.PCURVE_S1.);
#3359 = CIRCLE('',#3360,5.45);
#3360 = AXIS2_PLACEMENT_3D('',#3361,#3362,#3363);
#3361 = CARTESIAN_POINT('',(0.,0.,-0.45));
#3362 = DIRECTION('',(0.,0.,1.));
#3363 = DIRECTION('',(1.,0.,-0.));
#3364 = PCURVE('',#1948,#3365);
#3365 = DEFINITIONAL_REPRESENTATION('',(#3366),#3370);
#3366 = LINE('',#3367,#3368);
#3367 = CARTESIAN_POINT('',(0.,4.67));
#3368 = VECTOR('',#3369,1.);
#3369 = DIRECTION('',(1.,0.));
#3370 = ( GEOMETRIC_REPRESENTATION_CONTEXT(2) 
PARAMETRIC_REPRESENTATION_CONTEXT() REPRESENTATION_CONTEXT('2D SPACE',''
  ) );
#3371 = PCURVE('',#2717,#3372);
#3372 = DEFINITIONAL_REPRESENTATION('',(#3373),#3377);
#3373 = CIRCLE('',#3374,5.45);
#3374 = AXIS2_PLACEMENT_2D('',#3375,#3376);
#3375 = CARTESIAN_POINT('',(-2.173284833827E-16,4.346569667655E-16));
#3376 = DIRECTION('',(1.,0.));
#3377 = ( GEOMETRIC_REPRESENTATION_CONTEXT(2) 
PARAMETRIC_REPRESENTATION_CONTEXT() REPRESENTATION_CONTEXT('2D SPACE',''
  ) );
#3378 = ADVANCED_FACE('',(#3379),#1986,.F.);
#3379 = FACE_BOUND('',#3380,.F.);
#3380 = EDGE_LOOP('',(#3381,#3382,#3383,#3404));
#3381 = ORIENTED_EDGE('',*,*,#1965,.T.);
#3382 = ORIENTED_EDGE('',*,*,#3278,.F.);
#3383 = ORIENTED_EDGE('',*,*,#3384,.T.);
#3384 = EDGE_CURVE('',#3249,#3335,#3385,.T.);
#3385 = SURFACE_CURVE('',#3386,(#3390,#3397),.PCURVE_S1.);
#3386 = LINE('',#3387,#3388);
#3387 = CARTESIAN_POINT('',(-1.718847050625,-5.290067270632,-0.45));
#3388 = VECTOR('',#3389,1.);
#3389 = DIRECTION('',(0.951056516295,0.309016994375,0.));
#3390 = PCURVE('',#1986,#3391);
#3391 = DEFINITIONAL_REPRESENTATION('',(#3392),#3396);
#3392 = LINE('',#3393,#3394);
#3393 = CARTESIAN_POINT('',(0.,-4.67));
#3394 = VECTOR('',#3395,1.);
#3395 = DIRECTION('',(1.,0.));
#3396 = ( GEOMETRIC_REPRESENTATION_CONTEXT(2) 
PARAMETRIC_REPRESENTATION_CONTEXT() REPRESENTATION_CONTEXT('2D SPACE',''
  ) );
#3397 = PCURVE('',#2717,#3398);
#3398 = DEFINITIONAL_REPRESENTATION('',(#3399),#3403);
#3399 = LINE('',#3400,#3401);
#3400 = CARTESIAN_POINT('',(-1.718847050625,-5.290067270632));
#3401 = VECTOR('',#3402,1.);
#3402 = DIRECTION('',(0.951056516295,0.309016994375));
#3403 = ( GEOMETRIC_REPRESENTATION_CONTEXT(2) 
PARAMETRIC_REPRESENTATION_CONTEXT() REPRESENTATION_CONTEXT('2D SPACE',''
  ) );
#3404 = ORIENTED_EDGE('',*,*,#3334,.F.);
#3405 = ADVANCED_FACE('',(#3406),#2294,.F.);
#3406 = FACE_BOUND('',#3407,.F.);
#3407 = EDGE_LOOP('',(#3408,#3438,#3463,#3464,#3465,#3466));
#3408 = ORIENTED_EDGE('',*,*,#3409,.F.);
#3409 = EDGE_CURVE('',#3410,#3412,#3414,.T.);
#3410 = VERTEX_POINT('',#3411);
#3411 = CARTESIAN_POINT('',(-2.901354346779,-3.662485607381,-0.45));
#3412 = VERTEX_POINT('',#3413);
#3413 = CARTESIAN_POINT('',(-4.379798602595,-1.627581663251,-0.45));
#3414 = SURFACE_CURVE('',#3415,(#3420,#3431),.PCURVE_S1.);
#3415 = ELLIPSE('',#3416,14.056831975329,14.);
#3416 = AXIS2_PLACEMENT_3D('',#3417,#3418,#3419);
#3417 = CARTESIAN_POINT('',(-14.96681439593,-10.87402716741,-0.45));
#3418 = DIRECTION('',(0.,0.,1.));
#3419 = DIRECTION('',(-0.809016994375,-0.587785252292,0.));
#3420 = PCURVE('',#2294,#3421);
#3421 = DEFINITIONAL_REPRESENTATION('',(#3422),#3430);
#3422 = B_SPLINE_CURVE_WITH_KNOTS('',6,(#3423,#3424,#3425,#3426,#3427,
    #3428,#3429),.UNSPECIFIED.,.F.,.F.,(7,7),(2.845516188114,
    3.433606210847),.PIECEWISE_BEZIER_KNOTS.);
#3423 = CARTESIAN_POINT('',(2.845516188114,7.072374457227));
#3424 = CARTESIAN_POINT('',(2.943531191903,7.036262721734));
#3425 = CARTESIAN_POINT('',(3.041546195692,7.014074918339));
#3426 = CARTESIAN_POINT('',(3.13956119948,7.006435498817));
#3427 = CARTESIAN_POINT('',(3.237576203269,7.013567681873));
#3428 = CARTESIAN_POINT('',(3.335591207058,7.035257069053));
#3429 = CARTESIAN_POINT('',(3.433606210847,7.070887529976));
#3430 = ( GEOMETRIC_REPRESENTATION_CONTEXT(2) 
PARAMETRIC_REPRESENTATION_CONTEXT() REPRESENTATION_CONTEXT('2D SPACE',''
  ) );
#3431 = PCURVE('',#2717,#3432);
#3432 = DEFINITIONAL_REPRESENTATION('',(#3433),#3437);
#3433 = ELLIPSE('',#3434,14.056831975329,14.);
#3434 = AXIS2_PLACEMENT_2D('',#3435,#3436);
#3435 = CARTESIAN_POINT('',(-14.96681439593,-10.87402716741));
#3436 = DIRECTION('',(-0.809016994375,-0.587785252292));
#3437 = ( GEOMETRIC_REPRESENTATION_CONTEXT(2) 
PARAMETRIC_REPRESENTATION_CONTEXT() REPRESENTATION_CONTEXT('2D SPACE',''
  ) );
#3438 = ORIENTED_EDGE('',*,*,#3439,.T.);
#3439 = EDGE_CURVE('',#3410,#2430,#3440,.T.);
#3440 = SURFACE_CURVE('',#3441,(#3446,#3456),.PCURVE_S1.);
#3441 = ELLIPSE('',#3442,155.84748494386,14.);
#3442 = AXIS2_PLACEMENT_3D('',#3443,#3444,#3445);
#3443 = CARTESIAN_POINT('',(-3.640576474687,-2.645033635316,
    -155.6673913043));
#3444 = DIRECTION('',(0.809016994375,0.587785252292,2.311115933265E-33)
  );
#3445 = DIRECTION('',(-8.190272397841E-18,1.127294285212E-17,1.));
#3446 = PCURVE('',#2294,#3447);
#3447 = DEFINITIONAL_REPRESENTATION('',(#3448),#3455);
#3448 = B_SPLINE_CURVE_WITH_KNOTS('',5,(#3449,#3450,#3451,#3452,#3453,
    #3454),.UNSPECIFIED.,.F.,.F.,(6,6),(7.003881239294E-02,
    0.207966997566),.PIECEWISE_BEZIER_KNOTS.);
#3449 = CARTESIAN_POINT('',(3.071553841197,7.269533300275));
#3450 = CARTESIAN_POINT('',(3.043968204162,6.969888293058));
#3451 = CARTESIAN_POINT('',(3.016382567128,6.522961086932));
#3452 = CARTESIAN_POINT('',(2.988796930093,5.929226512084));
#3453 = CARTESIAN_POINT('',(2.961211293058,5.189627334397));
#3454 = CARTESIAN_POINT('',(2.933625656024,4.305565311391));
#3455 = ( GEOMETRIC_REPRESENTATION_CONTEXT(2) 
PARAMETRIC_REPRESENTATION_CONTEXT() REPRESENTATION_CONTEXT('2D SPACE',''
  ) );
#3456 = PCURVE('',#2500,#3457);
#3457 = DEFINITIONAL_REPRESENTATION('',(#3458),#3462);
#3458 = ELLIPSE('',#3459,155.84748494386,14.);
#3459 = AXIS2_PLACEMENT_2D('',#3460,#3461);
#3460 = CARTESIAN_POINT('',(3.269441376024,150.54739130434));
#3461 = DIRECTION('',(-1.393412367169E-17,-1.));
#3462 = ( GEOMETRIC_REPRESENTATION_CONTEXT(2) 
PARAMETRIC_REPRESENTATION_CONTEXT() REPRESENTATION_CONTEXT('2D SPACE',''
  ) );
#3463 = ORIENTED_EDGE('',*,*,#2429,.T.);
#3464 = ORIENTED_EDGE('',*,*,#2397,.F.);
#3465 = ORIENTED_EDGE('',*,*,#2262,.T.);
#3466 = ORIENTED_EDGE('',*,*,#3467,.T.);
#3467 = EDGE_CURVE('',#2230,#3412,#3468,.T.);
#3468 = SURFACE_CURVE('',#3469,(#3474,#3484),.PCURVE_S1.);
#3469 = ELLIPSE('',#3470,155.84748494386,14.);
#3470 = AXIS2_PLACEMENT_3D('',#3471,#3472,#3473);
#3471 = CARTESIAN_POINT('',(-3.640576474687,-2.645033635316,
    -155.6673913043));
#3472 = DIRECTION('',(0.809016994375,0.587785252292,2.311115933265E-33)
  );
#3473 = DIRECTION('',(-8.190272397841E-18,1.127294285212E-17,1.));
#3474 = PCURVE('',#2294,#3475);
#3475 = DEFINITIONAL_REPRESENTATION('',(#3476),#3483);
#3476 = B_SPLINE_CURVE_WITH_KNOTS('',5,(#3477,#3478,#3479,#3480,#3481,
    #3482),.UNSPECIFIED.,.F.,.F.,(6,6),(6.075218309613,6.213146494787),
  .PIECEWISE_BEZIER_KNOTS.);
#3477 = CARTESIAN_POINT('',(3.349559651156,4.305565311391));
#3478 = CARTESIAN_POINT('',(3.321974014121,5.189627334397));
#3479 = CARTESIAN_POINT('',(3.294388377087,5.929226512084));
#3480 = CARTESIAN_POINT('',(3.266802740052,6.522961086932));
#3481 = CARTESIAN_POINT('',(3.239217103017,6.969888293058));
#3482 = CARTESIAN_POINT('',(3.211631465983,7.269533300275));
#3483 = ( GEOMETRIC_REPRESENTATION_CONTEXT(2) 
PARAMETRIC_REPRESENTATION_CONTEXT() REPRESENTATION_CONTEXT('2D SPACE',''
  ) );
#3484 = PCURVE('',#2250,#3485);
#3485 = DEFINITIONAL_REPRESENTATION('',(#3486),#3490);
#3486 = ELLIPSE('',#3487,155.84748494386,14.);
#3487 = AXIS2_PLACEMENT_2D('',#3488,#3489);
#3488 = CARTESIAN_POINT('',(3.269441376024,150.54739130434));
#3489 = DIRECTION('',(-1.393412367169E-17,-1.));
#3490 = ( GEOMETRIC_REPRESENTATION_CONTEXT(2) 
PARAMETRIC_REPRESENTATION_CONTEXT() REPRESENTATION_CONTEXT('2D SPACE',''
  ) );
#3491 = ADVANCED_FACE('',(#3492),#2250,.F.);
#3492 = FACE_BOUND('',#3493,.F.);
#3493 = EDGE_LOOP('',(#3494,#3495,#3496,#3517));
#3494 = ORIENTED_EDGE('',*,*,#3467,.F.);
#3495 = ORIENTED_EDGE('',*,*,#2229,.T.);
#3496 = ORIENTED_EDGE('',*,*,#3497,.T.);
#3497 = EDGE_CURVE('',#2187,#3498,#3500,.T.);
#3498 = VERTEX_POINT('',#3499);
#3499 = CARTESIAN_POINT('',(-5.447717429437,-0.157717497455,-0.45));
#3500 = SURFACE_CURVE('',#3501,(#3505,#3511),.PCURVE_S1.);
#3501 = LINE('',#3502,#3503);
#3502 = CARTESIAN_POINT('',(-5.447717429437,-0.157717497455,-5.12));
#3503 = VECTOR('',#3504,1.);
#3504 = DIRECTION('',(0.,0.,1.));
#3505 = PCURVE('',#2250,#3506);
#3506 = DEFINITIONAL_REPRESENTATION('',(#3507),#3510);
#3507 = B_SPLINE_CURVE_WITH_KNOTS('',1,(#3508,#3509),.UNSPECIFIED.,.F.,
  .F.,(2,2),(-5.999999999062E-07,5.137),.PIECEWISE_BEZIER_KNOTS.);
#3508 = CARTESIAN_POINT('',(0.194949548095,5.999999999062E-07));
#3509 = CARTESIAN_POINT('',(0.194949548095,-5.137));
#3510 = ( GEOMETRIC_REPRESENTATION_CONTEXT(2) 
PARAMETRIC_REPRESENTATION_CONTEXT() REPRESENTATION_CONTEXT('2D SPACE',''
  ) );
#3511 = PCURVE('',#2212,#3512);
#3512 = DEFINITIONAL_REPRESENTATION('',(#3513),#3516);
#3513 = B_SPLINE_CURVE_WITH_KNOTS('',1,(#3514,#3515),.UNSPECIFIED.,.F.,
  .F.,(2,2),(-5.999999999062E-07,5.137),.PIECEWISE_BEZIER_KNOTS.);
#3514 = CARTESIAN_POINT('',(3.170535684704,-5.999999999062E-07));
#3515 = CARTESIAN_POINT('',(3.170535684704,5.137));
#3516 = ( GEOMETRIC_REPRESENTATION_CONTEXT(2) 
PARAMETRIC_REPRESENTATION_CONTEXT() REPRESENTATION_CONTEXT('2D SPACE',''
  ) );
#3517 = ORIENTED_EDGE('',*,*,#3518,.T.);
#3518 = EDGE_CURVE('',#3498,#3412,#3519,.T.);
#3519 = SURFACE_CURVE('',#3520,(#3524,#3531),.PCURVE_S1.);
#3520 = LINE('',#3521,#3522);
#3521 = CARTESIAN_POINT('',(-5.562305898749,6.811860114781E-16,-0.45));
#3522 = VECTOR('',#3523,1.);
#3523 = DIRECTION('',(0.587785252292,-0.809016994375,0.));
#3524 = PCURVE('',#2250,#3525);
#3525 = DEFINITIONAL_REPRESENTATION('',(#3526),#3530);
#3526 = LINE('',#3527,#3528);
#3527 = CARTESIAN_POINT('',(0.,-4.67));
#3528 = VECTOR('',#3529,1.);
#3529 = DIRECTION('',(1.,0.));
#3530 = ( GEOMETRIC_REPRESENTATION_CONTEXT(2) 
PARAMETRIC_REPRESENTATION_CONTEXT() REPRESENTATION_CONTEXT('2D SPACE',''
  ) );
#3531 = PCURVE('',#2717,#3532);
#3532 = DEFINITIONAL_REPRESENTATION('',(#3533),#3537);
#3533 = LINE('',#3534,#3535);
#3534 = CARTESIAN_POINT('',(-5.562305898749,1.115842978244E-15));
#3535 = VECTOR('',#3536,1.);
#3536 = DIRECTION('',(0.587785252292,-0.809016994375));
#3537 = ( GEOMETRIC_REPRESENTATION_CONTEXT(2) 
PARAMETRIC_REPRESENTATION_CONTEXT() REPRESENTATION_CONTEXT('2D SPACE',''
  ) );
#3538 = ADVANCED_FACE('',(#3539),#2212,.T.);
#3539 = FACE_BOUND('',#3540,.T.);
#3540 = EDGE_LOOP('',(#3541,#3562,#3563,#3564));
#3541 = ORIENTED_EDGE('',*,*,#3542,.F.);
#3542 = EDGE_CURVE('',#2154,#3543,#3545,.T.);
#3543 = VERTEX_POINT('',#3544);
#3544 = CARTESIAN_POINT('',(-5.447717429437,0.157717497455,-0.45));
#3545 = SURFACE_CURVE('',#3546,(#3550,#3556),.PCURVE_S1.);
#3546 = LINE('',#3547,#3548);
#3547 = CARTESIAN_POINT('',(-5.447717429437,0.157717497455,-5.12));
#3548 = VECTOR('',#3549,1.);
#3549 = DIRECTION('',(0.,0.,1.));
#3550 = PCURVE('',#2212,#3551);
#3551 = DEFINITIONAL_REPRESENTATION('',(#3552),#3555);
#3552 = B_SPLINE_CURVE_WITH_KNOTS('',1,(#3553,#3554),.UNSPECIFIED.,.F.,
  .F.,(2,2),(-5.999999999062E-07,5.137),.PIECEWISE_BEZIER_KNOTS.);
#3553 = CARTESIAN_POINT('',(3.112649622475,-5.999999999062E-07));
#3554 = CARTESIAN_POINT('',(3.112649622475,5.137));
#3555 = ( GEOMETRIC_REPRESENTATION_CONTEXT(2) 
PARAMETRIC_REPRESENTATION_CONTEXT() REPRESENTATION_CONTEXT('2D SPACE',''
  ) );
#3556 = PCURVE('',#2174,#3557);
#3557 = DEFINITIONAL_REPRESENTATION('',(#3558),#3561);
#3558 = B_SPLINE_CURVE_WITH_KNOTS('',1,(#3559,#3560),.UNSPECIFIED.,.F.,
  .F.,(2,2),(-5.999999999062E-07,5.137),.PIECEWISE_BEZIER_KNOTS.);
#3559 = CARTESIAN_POINT('',(6.343933203953,5.999999999062E-07));
#3560 = CARTESIAN_POINT('',(6.343933203953,-5.137));
#3561 = ( GEOMETRIC_REPRESENTATION_CONTEXT(2) 
PARAMETRIC_REPRESENTATION_CONTEXT() REPRESENTATION_CONTEXT('2D SPACE',''
  ) );
#3562 = ORIENTED_EDGE('',*,*,#2186,.F.);
#3563 = ORIENTED_EDGE('',*,*,#3497,.T.);
#3564 = ORIENTED_EDGE('',*,*,#3565,.F.);
#3565 = EDGE_CURVE('',#3543,#3498,#3566,.T.);
#3566 = SURFACE_CURVE('',#3567,(#3572,#3579),.PCURVE_S1.);
#3567 = CIRCLE('',#3568,5.45);
#3568 = AXIS2_PLACEMENT_3D('',#3569,#3570,#3571);
#3569 = CARTESIAN_POINT('',(0.,0.,-0.45));
#3570 = DIRECTION('',(0.,0.,1.));
#3571 = DIRECTION('',(1.,0.,-0.));
#3572 = PCURVE('',#2212,#3573);
#3573 = DEFINITIONAL_REPRESENTATION('',(#3574),#3578);
#3574 = LINE('',#3575,#3576);
#3575 = CARTESIAN_POINT('',(0.,4.67));
#3576 = VECTOR('',#3577,1.);
#3577 = DIRECTION('',(1.,0.));
#3578 = ( GEOMETRIC_REPRESENTATION_CONTEXT(2) 
PARAMETRIC_REPRESENTATION_CONTEXT() REPRESENTATION_CONTEXT('2D SPACE',''
  ) );
#3579 = PCURVE('',#2717,#3580);
#3580 = DEFINITIONAL_REPRESENTATION('',(#3581),#3585);
#3581 = CIRCLE('',#3582,5.45);
#3582 = AXIS2_PLACEMENT_2D('',#3583,#3584);
#3583 = CARTESIAN_POINT('',(-2.173284833827E-16,4.346569667655E-16));
#3584 = DIRECTION('',(1.,0.));
#3585 = ( GEOMETRIC_REPRESENTATION_CONTEXT(2) 
PARAMETRIC_REPRESENTATION_CONTEXT() REPRESENTATION_CONTEXT('2D SPACE',''
  ) );
#3586 = ADVANCED_FACE('',(#3587),#2174,.F.);
#3587 = FACE_BOUND('',#3588,.F.);
#3588 = EDGE_LOOP('',(#3589,#3590,#3591,#3612));
#3589 = ORIENTED_EDGE('',*,*,#2153,.T.);
#3590 = ORIENTED_EDGE('',*,*,#3070,.F.);
#3591 = ORIENTED_EDGE('',*,*,#3592,.T.);
#3592 = EDGE_CURVE('',#3041,#3543,#3593,.T.);
#3593 = SURFACE_CURVE('',#3594,(#3598,#3605),.PCURVE_S1.);
#3594 = LINE('',#3595,#3596);
#3595 = CARTESIAN_POINT('',(-1.718847050625,5.290067270632,-0.45));
#3596 = VECTOR('',#3597,1.);
#3597 = DIRECTION('',(-0.587785252292,-0.809016994375,0.));
#3598 = PCURVE('',#2174,#3599);
#3599 = DEFINITIONAL_REPRESENTATION('',(#3600),#3604);
#3600 = LINE('',#3601,#3602);
#3601 = CARTESIAN_POINT('',(0.,-4.67));
#3602 = VECTOR('',#3603,1.);
#3603 = DIRECTION('',(1.,0.));
#3604 = ( GEOMETRIC_REPRESENTATION_CONTEXT(2) 
PARAMETRIC_REPRESENTATION_CONTEXT() REPRESENTATION_CONTEXT('2D SPACE',''
  ) );
#3605 = PCURVE('',#2717,#3606);
#3606 = DEFINITIONAL_REPRESENTATION('',(#3607),#3611);
#3607 = LINE('',#3608,#3609);
#3608 = CARTESIAN_POINT('',(-1.718847050625,5.290067270632));
#3609 = VECTOR('',#3610,1.);
#3610 = DIRECTION('',(-0.587785252292,-0.809016994375));
#3611 = ( GEOMETRIC_REPRESENTATION_CONTEXT(2) 
PARAMETRIC_REPRESENTATION_CONTEXT() REPRESENTATION_CONTEXT('2D SPACE',''
  ) );
#3612 = ORIENTED_EDGE('',*,*,#3542,.F.);
#3613 = ADVANCED_FACE('',(#3614),#2576,.F.);
#3614 = FACE_BOUND('',#3615,.F.);
#3615 = EDGE_LOOP('',(#3616,#3617,#3618,#3639));
#3616 = ORIENTED_EDGE('',*,*,#3306,.F.);
#3617 = ORIENTED_EDGE('',*,*,#2555,.T.);
#3618 = ORIENTED_EDGE('',*,*,#3619,.T.);
#3619 = EDGE_CURVE('',#2513,#3620,#3622,.T.);
#3620 = VERTEX_POINT('',#3621);
#3621 = CARTESIAN_POINT('',(-1.53343901256,-5.229824547225,-0.45));
#3622 = SURFACE_CURVE('',#3623,(#3627,#3633),.PCURVE_S1.);
#3623 = LINE('',#3624,#3625);
#3624 = CARTESIAN_POINT('',(-1.53343901256,-5.229824547225,-5.12));
#3625 = VECTOR('',#3626,1.);
#3626 = DIRECTION('',(0.,0.,1.));
#3627 = PCURVE('',#2576,#3628);
#3628 = DEFINITIONAL_REPRESENTATION('',(#3629),#3632);
#3629 = B_SPLINE_CURVE_WITH_KNOTS('',1,(#3630,#3631),.UNSPECIFIED.,.F.,
  .F.,(2,2),(-5.999999999062E-07,5.137),.PIECEWISE_BEZIER_KNOTS.);
#3630 = CARTESIAN_POINT('',(0.194949548095,5.999999999062E-07));
#3631 = CARTESIAN_POINT('',(0.194949548095,-5.137));
#3632 = ( GEOMETRIC_REPRESENTATION_CONTEXT(2) 
PARAMETRIC_REPRESENTATION_CONTEXT() REPRESENTATION_CONTEXT('2D SPACE',''
  ) );
#3633 = PCURVE('',#2538,#3634);
#3634 = DEFINITIONAL_REPRESENTATION('',(#3635),#3638);
#3635 = B_SPLINE_CURVE_WITH_KNOTS('',1,(#3636,#3637),.UNSPECIFIED.,.F.,
  .F.,(2,2),(-5.999999999062E-07,5.137),.PIECEWISE_BEZIER_KNOTS.);
#3636 = CARTESIAN_POINT('',(4.42717274614,-5.999999999062E-07));
#3637 = CARTESIAN_POINT('',(4.42717274614,5.137));
#3638 = ( GEOMETRIC_REPRESENTATION_CONTEXT(2) 
PARAMETRIC_REPRESENTATION_CONTEXT() REPRESENTATION_CONTEXT('2D SPACE',''
  ) );
#3639 = ORIENTED_EDGE('',*,*,#3640,.T.);
#3640 = EDGE_CURVE('',#3620,#3251,#3641,.T.);
#3641 = SURFACE_CURVE('',#3642,(#3646,#3653),.PCURVE_S1.);
#3642 = LINE('',#3643,#3644);
#3643 = CARTESIAN_POINT('',(-1.718847050625,-5.290067270632,-0.45));
#3644 = VECTOR('',#3645,1.);
#3645 = DIRECTION('',(0.951056516295,0.309016994375,0.));
#3646 = PCURVE('',#2576,#3647);
#3647 = DEFINITIONAL_REPRESENTATION('',(#3648),#3652);
#3648 = LINE('',#3649,#3650);
#3649 = CARTESIAN_POINT('',(0.,-4.67));
#3650 = VECTOR('',#3651,1.);
#3651 = DIRECTION('',(1.,0.));
#3652 = ( GEOMETRIC_REPRESENTATION_CONTEXT(2) 
PARAMETRIC_REPRESENTATION_CONTEXT() REPRESENTATION_CONTEXT('2D SPACE',''
  ) );
#3653 = PCURVE('',#2717,#3654);
#3654 = DEFINITIONAL_REPRESENTATION('',(#3655),#3659);
#3655 = LINE('',#3656,#3657);
#3656 = CARTESIAN_POINT('',(-1.718847050625,-5.290067270632));
#3657 = VECTOR('',#3658,1.);
#3658 = DIRECTION('',(0.951056516295,0.309016994375));
#3659 = ( GEOMETRIC_REPRESENTATION_CONTEXT(2) 
PARAMETRIC_REPRESENTATION_CONTEXT() REPRESENTATION_CONTEXT('2D SPACE',''
  ) );
#3660 = ADVANCED_FACE('',(#3661),#2538,.T.);
#3661 = FACE_BOUND('',#3662,.T.);
#3662 = EDGE_LOOP('',(#3663,#3684,#3685,#3686));
#3663 = ORIENTED_EDGE('',*,*,#3664,.F.);
#3664 = EDGE_CURVE('',#2480,#3665,#3667,.T.);
#3665 = VERTEX_POINT('',#3666);
#3666 = CARTESIAN_POINT('',(-1.833435519937,-5.132349773177,-0.45));
#3667 = SURFACE_CURVE('',#3668,(#3672,#3678),.PCURVE_S1.);
#3668 = LINE('',#3669,#3670);
#3669 = CARTESIAN_POINT('',(-1.833435519937,-5.132349773177,-5.12));
#3670 = VECTOR('',#3671,1.);
#3671 = DIRECTION('',(0.,0.,1.));
#3672 = PCURVE('',#2538,#3673);
#3673 = DEFINITIONAL_REPRESENTATION('',(#3674),#3677);
#3674 = B_SPLINE_CURVE_WITH_KNOTS('',1,(#3675,#3676),.UNSPECIFIED.,.F.,
  .F.,(2,2),(-5.999999999062E-07,5.137),.PIECEWISE_BEZIER_KNOTS.);
#3675 = CARTESIAN_POINT('',(4.369286683911,-5.999999999062E-07));
#3676 = CARTESIAN_POINT('',(4.369286683911,5.137));
#3677 = ( GEOMETRIC_REPRESENTATION_CONTEXT(2) 
PARAMETRIC_REPRESENTATION_CONTEXT() REPRESENTATION_CONTEXT('2D SPACE',''
  ) );
#3678 = PCURVE('',#2500,#3679);
#3679 = DEFINITIONAL_REPRESENTATION('',(#3680),#3683);
#3680 = B_SPLINE_CURVE_WITH_KNOTS('',1,(#3681,#3682),.UNSPECIFIED.,.F.,
  .F.,(2,2),(-5.999999999062E-07,5.137),.PIECEWISE_BEZIER_KNOTS.);
#3681 = CARTESIAN_POINT('',(6.343933203953,5.999999999062E-07));
#3682 = CARTESIAN_POINT('',(6.343933203953,-5.137));
#3683 = ( GEOMETRIC_REPRESENTATION_CONTEXT(2) 
PARAMETRIC_REPRESENTATION_CONTEXT() REPRESENTATION_CONTEXT('2D SPACE',''
  ) );
#3684 = ORIENTED_EDGE('',*,*,#2512,.F.);
#3685 = ORIENTED_EDGE('',*,*,#3619,.T.);
#3686 = ORIENTED_EDGE('',*,*,#3687,.F.);
#3687 = EDGE_CURVE('',#3665,#3620,#3688,.T.);
#3688 = SURFACE_CURVE('',#3689,(#3694,#3701),.PCURVE_S1.);
#3689 = CIRCLE('',#3690,5.45);
#3690 = AXIS2_PLACEMENT_3D('',#3691,#3692,#3693);
#3691 = CARTESIAN_POINT('',(0.,0.,-0.45));
#3692 = DIRECTION('',(0.,0.,1.));
#3693 = DIRECTION('',(1.,0.,-0.));
#3694 = PCURVE('',#2538,#3695);
#3695 = DEFINITIONAL_REPRESENTATION('',(#3696),#3700);
#3696 = LINE('',#3697,#3698);
#3697 = CARTESIAN_POINT('',(0.,4.67));
#3698 = VECTOR('',#3699,1.);
#3699 = DIRECTION('',(1.,0.));
#3700 = ( GEOMETRIC_REPRESENTATION_CONTEXT(2) 
PARAMETRIC_REPRESENTATION_CONTEXT() REPRESENTATION_CONTEXT('2D SPACE',''
  ) );
#3701 = PCURVE('',#2717,#3702);
#3702 = DEFINITIONAL_REPRESENTATION('',(#3703),#3707);
#3703 = CIRCLE('',#3704,5.45);
#3704 = AXIS2_PLACEMENT_2D('',#3705,#3706);
#3705 = CARTESIAN_POINT('',(-2.173284833827E-16,4.346569667655E-16));
#3706 = DIRECTION('',(1.,0.));
#3707 = ( GEOMETRIC_REPRESENTATION_CONTEXT(2) 
PARAMETRIC_REPRESENTATION_CONTEXT() REPRESENTATION_CONTEXT('2D SPACE',''
  ) );
#3708 = ADVANCED_FACE('',(#3709),#2500,.F.);
#3709 = FACE_BOUND('',#3710,.F.);
#3710 = EDGE_LOOP('',(#3711,#3712,#3713,#3734));
#3711 = ORIENTED_EDGE('',*,*,#2479,.T.);
#3712 = ORIENTED_EDGE('',*,*,#3439,.F.);
#3713 = ORIENTED_EDGE('',*,*,#3714,.T.);
#3714 = EDGE_CURVE('',#3410,#3665,#3715,.T.);
#3715 = SURFACE_CURVE('',#3716,(#3720,#3727),.PCURVE_S1.);
#3716 = LINE('',#3717,#3718);
#3717 = CARTESIAN_POINT('',(-5.562305898749,6.811860114781E-16,-0.45));
#3718 = VECTOR('',#3719,1.);
#3719 = DIRECTION('',(0.587785252292,-0.809016994375,0.));
#3720 = PCURVE('',#2500,#3721);
#3721 = DEFINITIONAL_REPRESENTATION('',(#3722),#3726);
#3722 = LINE('',#3723,#3724);
#3723 = CARTESIAN_POINT('',(0.,-4.67));
#3724 = VECTOR('',#3725,1.);
#3725 = DIRECTION('',(1.,0.));
#3726 = ( GEOMETRIC_REPRESENTATION_CONTEXT(2) 
PARAMETRIC_REPRESENTATION_CONTEXT() REPRESENTATION_CONTEXT('2D SPACE',''
  ) );
#3727 = PCURVE('',#2717,#3728);
#3728 = DEFINITIONAL_REPRESENTATION('',(#3729),#3733);
#3729 = LINE('',#3730,#3731);
#3730 = CARTESIAN_POINT('',(-5.562305898749,1.115842978244E-15));
#3731 = VECTOR('',#3732,1.);
#3732 = DIRECTION('',(0.587785252292,-0.809016994375));
#3733 = ( GEOMETRIC_REPRESENTATION_CONTEXT(2) 
PARAMETRIC_REPRESENTATION_CONTEXT() REPRESENTATION_CONTEXT('2D SPACE',''
  ) );
#3734 = ORIENTED_EDGE('',*,*,#3664,.F.);
#3735 = ADVANCED_FACE('',(#3736,#3767),#2677,.F.);
#3736 = FACE_BOUND('',#3737,.F.);
#3737 = EDGE_LOOP('',(#3738));
#3738 = ORIENTED_EDGE('',*,*,#3739,.F.);
#3739 = EDGE_CURVE('',#3740,#3740,#3742,.T.);
#3740 = VERTEX_POINT('',#3741);
#3741 = CARTESIAN_POINT('',(1.64,0.,-4.05));
#3742 = SURFACE_CURVE('',#3743,(#3748,#3755),.PCURVE_S1.);
#3743 = CIRCLE('',#3744,1.64);
#3744 = AXIS2_PLACEMENT_3D('',#3745,#3746,#3747);
#3745 = CARTESIAN_POINT('',(0.,0.,-4.05));
#3746 = DIRECTION('',(0.,0.,1.));
#3747 = DIRECTION('',(1.,0.,-0.));
#3748 = PCURVE('',#2677,#3749);
#3749 = DEFINITIONAL_REPRESENTATION('',(#3750),#3754);
#3750 = CIRCLE('',#3751,1.64);
#3751 = AXIS2_PLACEMENT_2D('',#3752,#3753);
#3752 = CARTESIAN_POINT('',(0.,0.));
#3753 = DIRECTION('',(1.,0.));
#3754 = ( GEOMETRIC_REPRESENTATION_CONTEXT(2) 
PARAMETRIC_REPRESENTATION_CONTEXT() REPRESENTATION_CONTEXT('2D SPACE',''
  ) );
#3755 = PCURVE('',#3756,#3761);
#3756 = TOROIDAL_SURFACE('',#3757,1.64,0.6);
#3757 = AXIS2_PLACEMENT_3D('',#3758,#3759,#3760);
#3758 = CARTESIAN_POINT('',(0.,0.,-3.45));
#3759 = DIRECTION('',(0.,0.,1.));
#3760 = DIRECTION('',(1.,0.,-0.));
#3761 = DEFINITIONAL_REPRESENTATION('',(#3762),#3766);
#3762 = LINE('',#3763,#3764);
#3763 = CARTESIAN_POINT('',(0.,4.712388980385));
#3764 = VECTOR('',#3765,1.);
#3765 = DIRECTION('',(1.,0.));
#3766 = ( GEOMETRIC_REPRESENTATION_CONTEXT(2) 
PARAMETRIC_REPRESENTATION_CONTEXT() REPRESENTATION_CONTEXT('2D SPACE',''
  ) );
#3767 = FACE_BOUND('',#3768,.F.);
#3768 = EDGE_LOOP('',(#3769));
#3769 = ORIENTED_EDGE('',*,*,#2662,.T.);
#3770 = ADVANCED_FACE('',(#3771,#3793),#2717,.T.);
#3771 = FACE_BOUND('',#3772,.T.);
#3772 = EDGE_LOOP('',(#3773,#3774,#3775,#3776,#3777,#3778,#3779,#3780,
    #3781,#3782,#3783,#3784,#3785,#3786,#3787,#3788,#3789,#3790,#3791,
    #3792));
#3773 = ORIENTED_EDGE('',*,*,#2832,.F.);
#3774 = ORIENTED_EDGE('',*,*,#2968,.T.);
#3775 = ORIENTED_EDGE('',*,*,#2941,.T.);
#3776 = ORIENTED_EDGE('',*,*,#2808,.T.);
#3777 = ORIENTED_EDGE('',*,*,#2694,.F.);
#3778 = ORIENTED_EDGE('',*,*,#2995,.T.);
#3779 = ORIENTED_EDGE('',*,*,#3149,.T.);
#3780 = ORIENTED_EDGE('',*,*,#3177,.T.);
#3781 = ORIENTED_EDGE('',*,*,#3040,.F.);
#3782 = ORIENTED_EDGE('',*,*,#3592,.T.);
#3783 = ORIENTED_EDGE('',*,*,#3565,.T.);
#3784 = ORIENTED_EDGE('',*,*,#3518,.T.);
#3785 = ORIENTED_EDGE('',*,*,#3409,.F.);
#3786 = ORIENTED_EDGE('',*,*,#3714,.T.);
#3787 = ORIENTED_EDGE('',*,*,#3687,.T.);
#3788 = ORIENTED_EDGE('',*,*,#3640,.T.);
#3789 = ORIENTED_EDGE('',*,*,#3248,.F.);
#3790 = ORIENTED_EDGE('',*,*,#3384,.T.);
#3791 = ORIENTED_EDGE('',*,*,#3357,.T.);
#3792 = ORIENTED_EDGE('',*,*,#3224,.T.);
#3793 = FACE_BOUND('',#3794,.T.);
#3794 = EDGE_LOOP('',(#3795));
#3795 = ORIENTED_EDGE('',*,*,#3796,.F.);
#3796 = EDGE_CURVE('',#3797,#3797,#3799,.T.);
#3797 = VERTEX_POINT('',#3798);
#3798 = CARTESIAN_POINT('',(4.38,0.,-0.45));
#3799 = SURFACE_CURVE('',#3800,(#3805,#3812),.PCURVE_S1.);
#3800 = CIRCLE('',#3801,4.38);
#3801 = AXIS2_PLACEMENT_3D('',#3802,#3803,#3804);
#3802 = CARTESIAN_POINT('',(0.,0.,-0.45));
#3803 = DIRECTION('',(0.,0.,1.));
#3804 = DIRECTION('',(1.,0.,-0.));
#3805 = PCURVE('',#2717,#3806);
#3806 = DEFINITIONAL_REPRESENTATION('',(#3807),#3811);
#3807 = CIRCLE('',#3808,4.38);
#3808 = AXIS2_PLACEMENT_2D('',#3809,#3810);
#3809 = CARTESIAN_POINT('',(-2.173284833827E-16,4.346569667655E-16));
#3810 = DIRECTION('',(1.,0.));
#3811 = ( GEOMETRIC_REPRESENTATION_CONTEXT(2) 
PARAMETRIC_REPRESENTATION_CONTEXT() REPRESENTATION_CONTEXT('2D SPACE',''
  ) );
#3812 = PCURVE('',#3813,#3818);
#3813 = CONICAL_SURFACE('',#3814,4.38,0.762674802556);
#3814 = AXIS2_PLACEMENT_3D('',#3815,#3816,#3817);
#3815 = CARTESIAN_POINT('',(0.,0.,-0.45));
#3816 = DIRECTION('',(-0.,-0.,-1.));
#3817 = DIRECTION('',(1.,0.,-0.));
#3818 = DEFINITIONAL_REPRESENTATION('',(#3819),#3823);
#3819 = LINE('',#3820,#3821);
#3820 = CARTESIAN_POINT('',(-0.,-0.));
#3821 = VECTOR('',#3822,1.);
#3822 = DIRECTION('',(-1.,-0.));
#3823 = ( GEOMETRIC_REPRESENTATION_CONTEXT(2) 
PARAMETRIC_REPRESENTATION_CONTEXT() REPRESENTATION_CONTEXT('2D SPACE',''
  ) );
#3824 = ADVANCED_FACE('',(#3825),#3756,.T.);
#3825 = FACE_BOUND('',#3826,.T.);
#3826 = EDGE_LOOP('',(#3827,#3849,#3876,#3877));
#3827 = ORIENTED_EDGE('',*,*,#3828,.F.);
#3828 = EDGE_CURVE('',#3829,#3740,#3831,.T.);
#3829 = VERTEX_POINT('',#3830);
#3830 = CARTESIAN_POINT('',(1.04,0.,-3.45));
#3831 = SEAM_CURVE('',#3832,(#3837,#3843),.PCURVE_S1.);
#3832 = CIRCLE('',#3833,0.6);
#3833 = AXIS2_PLACEMENT_3D('',#3834,#3835,#3836);
#3834 = CARTESIAN_POINT('',(1.64,0.,-3.45));
#3835 = DIRECTION('',(0.,-1.,0.));
#3836 = DIRECTION('',(1.,0.,0.));
#3837 = PCURVE('',#3756,#3838);
#3838 = DEFINITIONAL_REPRESENTATION('',(#3839),#3842);
#3839 = B_SPLINE_CURVE_WITH_KNOTS('',1,(#3840,#3841),.UNSPECIFIED.,.F.,
  .F.,(2,2),(3.14159265359,4.712388980385),.PIECEWISE_BEZIER_KNOTS.);
#3840 = CARTESIAN_POINT('',(0.,3.14159265359));
#3841 = CARTESIAN_POINT('',(0.,4.712388980385));
#3842 = ( GEOMETRIC_REPRESENTATION_CONTEXT(2) 
PARAMETRIC_REPRESENTATION_CONTEXT() REPRESENTATION_CONTEXT('2D SPACE',''
  ) );
#3843 = PCURVE('',#3756,#3844);
#3844 = DEFINITIONAL_REPRESENTATION('',(#3845),#3848);
#3845 = B_SPLINE_CURVE_WITH_KNOTS('',1,(#3846,#3847),.UNSPECIFIED.,.F.,
  .F.,(2,2),(3.14159265359,4.712388980385),.PIECEWISE_BEZIER_KNOTS.);
#3846 = CARTESIAN_POINT('',(6.28318530718,3.14159265359));
#3847 = CARTESIAN_POINT('',(6.28318530718,4.712388980385));
#3848 = ( GEOMETRIC_REPRESENTATION_CONTEXT(2) 
PARAMETRIC_REPRESENTATION_CONTEXT() REPRESENTATION_CONTEXT('2D SPACE',''
  ) );
#3849 = ORIENTED_EDGE('',*,*,#3850,.T.);
#3850 = EDGE_CURVE('',#3829,#3829,#3851,.T.);
#3851 = SURFACE_CURVE('',#3852,(#3857,#3864),.PCURVE_S1.);
#3852 = CIRCLE('',#3853,1.04);
#3853 = AXIS2_PLACEMENT_3D('',#3854,#3855,#3856);
#3854 = CARTESIAN_POINT('',(0.,0.,-3.45));
#3855 = DIRECTION('',(0.,0.,1.));
#3856 = DIRECTION('',(1.,0.,-0.));
#3857 = PCURVE('',#3756,#3858);
#3858 = DEFINITIONAL_REPRESENTATION('',(#3859),#3863);
#3859 = LINE('',#3860,#3861);
#3860 = CARTESIAN_POINT('',(0.,3.14159265359));
#3861 = VECTOR('',#3862,1.);
#3862 = DIRECTION('',(1.,0.));
#3863 = ( GEOMETRIC_REPRESENTATION_CONTEXT(2) 
PARAMETRIC_REPRESENTATION_CONTEXT() REPRESENTATION_CONTEXT('2D SPACE',''
  ) );
#3864 = PCURVE('',#3865,#3870);
#3865 = CYLINDRICAL_SURFACE('',#3866,1.04);
#3866 = AXIS2_PLACEMENT_3D('',#3867,#3868,#3869);
#3867 = CARTESIAN_POINT('',(0.,0.,-10.));
#3868 = DIRECTION('',(0.,0.,1.));
#3869 = DIRECTION('',(1.,0.,-0.));
#3870 = DEFINITIONAL_REPRESENTATION('',(#3871),#3875);
#3871 = LINE('',#3872,#3873);
#3872 = CARTESIAN_POINT('',(0.,6.55));
#3873 = VECTOR('',#3874,1.);
#3874 = DIRECTION('',(1.,0.));
#3875 = ( GEOMETRIC_REPRESENTATION_CONTEXT(2) 
PARAMETRIC_REPRESENTATION_CONTEXT() REPRESENTATION_CONTEXT('2D SPACE',''
  ) );
#3876 = ORIENTED_EDGE('',*,*,#3828,.T.);
#3877 = ORIENTED_EDGE('',*,*,#3739,.F.);
#3878 = ADVANCED_FACE('',(#3879),#3813,.T.);
#3879 = FACE_BOUND('',#3880,.T.);
#3880 = EDGE_LOOP('',(#3881,#3904,#3905,#3906));
#3881 = ORIENTED_EDGE('',*,*,#3882,.F.);
#3882 = EDGE_CURVE('',#3797,#3883,#3885,.T.);
#3883 = VERTEX_POINT('',#3884);
#3884 = CARTESIAN_POINT('',(4.023850643464,-2.463897905383E-16,
    -7.728555711342E-02));
#3885 = SEAM_CURVE('',#3886,(#3890,#3897),.PCURVE_S1.);
#3886 = LINE('',#3887,#3888);
#3887 = CARTESIAN_POINT('',(4.38,0.,-0.45));
#3888 = VECTOR('',#3889,1.);
#3889 = DIRECTION('',(-0.690857771546,0.,0.722990691153));
#3890 = PCURVE('',#3813,#3891);
#3891 = DEFINITIONAL_REPRESENTATION('',(#3892),#3896);
#3892 = LINE('',#3893,#3894);
#3893 = CARTESIAN_POINT('',(-0.,-0.));
#3894 = VECTOR('',#3895,1.);
#3895 = DIRECTION('',(-0.,-1.));
#3896 = ( GEOMETRIC_REPRESENTATION_CONTEXT(2) 
PARAMETRIC_REPRESENTATION_CONTEXT() REPRESENTATION_CONTEXT('2D SPACE',''
  ) );
#3897 = PCURVE('',#3813,#3898);
#3898 = DEFINITIONAL_REPRESENTATION('',(#3899),#3903);
#3899 = LINE('',#3900,#3901);
#3900 = CARTESIAN_POINT('',(-6.28318530718,-0.));
#3901 = VECTOR('',#3902,1.);
#3902 = DIRECTION('',(-0.,-1.));
#3903 = ( GEOMETRIC_REPRESENTATION_CONTEXT(2) 
PARAMETRIC_REPRESENTATION_CONTEXT() REPRESENTATION_CONTEXT('2D SPACE',''
  ) );
#3904 = ORIENTED_EDGE('',*,*,#3796,.T.);
#3905 = ORIENTED_EDGE('',*,*,#3882,.T.);
#3906 = ORIENTED_EDGE('',*,*,#3907,.F.);
#3907 = EDGE_CURVE('',#3883,#3883,#3908,.T.);
#3908 = SURFACE_CURVE('',#3909,(#3914,#3921),.PCURVE_S1.);
#3909 = CIRCLE('',#3910,4.023850643464);
#3910 = AXIS2_PLACEMENT_3D('',#3911,#3912,#3913);
#3911 = CARTESIAN_POINT('',(0.,0.,-7.728555711342E-02));
#3912 = DIRECTION('',(0.,0.,1.));
#3913 = DIRECTION('',(1.,-6.123233995737E-17,0.));
#3914 = PCURVE('',#3813,#3915);
#3915 = DEFINITIONAL_REPRESENTATION('',(#3916),#3920);
#3916 = LINE('',#3917,#3918);
#3917 = CARTESIAN_POINT('',(-0.,-0.372714442887));
#3918 = VECTOR('',#3919,1.);
#3919 = DIRECTION('',(-1.,-0.));
#3920 = ( GEOMETRIC_REPRESENTATION_CONTEXT(2) 
PARAMETRIC_REPRESENTATION_CONTEXT() REPRESENTATION_CONTEXT('2D SPACE',''
  ) );
#3921 = PCURVE('',#3922,#3927);
#3922 = TOROIDAL_SURFACE('',#3923,3.843102970676,0.25);
#3923 = AXIS2_PLACEMENT_3D('',#3924,#3925,#3926);
#3924 = CARTESIAN_POINT('',(0.,0.,-0.25));
#3925 = DIRECTION('',(0.,0.,1.));
#3926 = DIRECTION('',(1.,-6.123233995737E-17,0.));
#3927 = DEFINITIONAL_REPRESENTATION('',(#3928),#3932);
#3928 = LINE('',#3929,#3930);
#3929 = CARTESIAN_POINT('',(0.,0.762674802556));
#3930 = VECTOR('',#3931,1.);
#3931 = DIRECTION('',(1.,0.));
#3932 = ( GEOMETRIC_REPRESENTATION_CONTEXT(2) 
PARAMETRIC_REPRESENTATION_CONTEXT() REPRESENTATION_CONTEXT('2D SPACE',''
  ) );
#3933 = ADVANCED_FACE('',(#3934),#3865,.F.);
#3934 = FACE_BOUND('',#3935,.F.);
#3935 = EDGE_LOOP('',(#3936,#3959,#3986,#3987));
#3936 = ORIENTED_EDGE('',*,*,#3937,.T.);
#3937 = EDGE_CURVE('',#3829,#3938,#3940,.T.);
#3938 = VERTEX_POINT('',#3939);
#3939 = CARTESIAN_POINT('',(1.04,0.,-3.15));
#3940 = SEAM_CURVE('',#3941,(#3945,#3952),.PCURVE_S1.);
#3941 = LINE('',#3942,#3943);
#3942 = CARTESIAN_POINT('',(1.04,-2.547265342226E-16,-10.));
#3943 = VECTOR('',#3944,1.);
#3944 = DIRECTION('',(0.,0.,1.));
#3945 = PCURVE('',#3865,#3946);
#3946 = DEFINITIONAL_REPRESENTATION('',(#3947),#3951);
#3947 = LINE('',#3948,#3949);
#3948 = CARTESIAN_POINT('',(6.28318530718,-0.));
#3949 = VECTOR('',#3950,1.);
#3950 = DIRECTION('',(0.,1.));
#3951 = ( GEOMETRIC_REPRESENTATION_CONTEXT(2) 
PARAMETRIC_REPRESENTATION_CONTEXT() REPRESENTATION_CONTEXT('2D SPACE',''
  ) );
#3952 = PCURVE('',#3865,#3953);
#3953 = DEFINITIONAL_REPRESENTATION('',(#3954),#3958);
#3954 = LINE('',#3955,#3956);
#3955 = CARTESIAN_POINT('',(0.,-0.));
#3956 = VECTOR('',#3957,1.);
#3957 = DIRECTION('',(0.,1.));
#3958 = ( GEOMETRIC_REPRESENTATION_CONTEXT(2) 
PARAMETRIC_REPRESENTATION_CONTEXT() REPRESENTATION_CONTEXT('2D SPACE',''
  ) );
#3959 = ORIENTED_EDGE('',*,*,#3960,.F.);
#3960 = EDGE_CURVE('',#3938,#3938,#3961,.T.);
#3961 = SURFACE_CURVE('',#3962,(#3967,#3974),.PCURVE_S1.);
#3962 = CIRCLE('',#3963,1.04);
#3963 = AXIS2_PLACEMENT_3D('',#3964,#3965,#3966);
#3964 = CARTESIAN_POINT('',(0.,0.,-3.15));
#3965 = DIRECTION('',(0.,0.,1.));
#3966 = DIRECTION('',(1.,0.,-0.));
#3967 = PCURVE('',#3865,#3968);
#3968 = DEFINITIONAL_REPRESENTATION('',(#3969),#3973);
#3969 = LINE('',#3970,#3971);
#3970 = CARTESIAN_POINT('',(0.,6.85));
#3971 = VECTOR('',#3972,1.);
#3972 = DIRECTION('',(1.,0.));
#3973 = ( GEOMETRIC_REPRESENTATION_CONTEXT(2) 
PARAMETRIC_REPRESENTATION_CONTEXT() REPRESENTATION_CONTEXT('2D SPACE',''
  ) );
#3974 = PCURVE('',#3975,#3980);
#3975 = TOROIDAL_SURFACE('',#3976,1.59,0.55);
#3976 = AXIS2_PLACEMENT_3D('',#3977,#3978,#3979);
#3977 = CARTESIAN_POINT('',(0.,0.,-3.15));
#3978 = DIRECTION('',(0.,0.,1.));
#3979 = DIRECTION('',(1.,0.,-0.));
#3980 = DEFINITIONAL_REPRESENTATION('',(#3981),#3985);
#3981 = LINE('',#3982,#3983);
#3982 = CARTESIAN_POINT('',(0.,3.14159265359));
#3983 = VECTOR('',#3984,1.);
#3984 = DIRECTION('',(1.,0.));
#3985 = ( GEOMETRIC_REPRESENTATION_CONTEXT(2) 
PARAMETRIC_REPRESENTATION_CONTEXT() REPRESENTATION_CONTEXT('2D SPACE',''
  ) );
#3986 = ORIENTED_EDGE('',*,*,#3937,.F.);
#3987 = ORIENTED_EDGE('',*,*,#3850,.T.);
#3988 = ADVANCED_FACE('',(#3989),#3922,.T.);
#3989 = FACE_BOUND('',#3990,.T.);
#3990 = EDGE_LOOP('',(#3991,#4013,#4014,#4015));
#3991 = ORIENTED_EDGE('',*,*,#3992,.F.);
#3992 = EDGE_CURVE('',#3883,#3993,#3995,.T.);
#3993 = VERTEX_POINT('',#3994);
#3994 = CARTESIAN_POINT('',(3.843102970676,-2.353221875916E-16,0.));
#3995 = SEAM_CURVE('',#3996,(#4001,#4007),.PCURVE_S1.);
#3996 = CIRCLE('',#3997,0.25);
#3997 = AXIS2_PLACEMENT_3D('',#3998,#3999,#4000);
#3998 = CARTESIAN_POINT('',(3.843102970676,-2.353221875916E-16,-0.25));
#3999 = DIRECTION('',(-6.123233995737E-17,-1.,0.));
#4000 = DIRECTION('',(1.,-6.123233995737E-17,0.));
#4001 = PCURVE('',#3922,#4002);
#4002 = DEFINITIONAL_REPRESENTATION('',(#4003),#4006);
#4003 = B_SPLINE_CURVE_WITH_KNOTS('',1,(#4004,#4005),.UNSPECIFIED.,.F.,
  .F.,(2,2),(0.762674802556,1.570796326795),.PIECEWISE_BEZIER_KNOTS.);
#4004 = CARTESIAN_POINT('',(0.,0.762674802556));
#4005 = CARTESIAN_POINT('',(0.,1.570796326795));
#4006 = ( GEOMETRIC_REPRESENTATION_CONTEXT(2) 
PARAMETRIC_REPRESENTATION_CONTEXT() REPRESENTATION_CONTEXT('2D SPACE',''
  ) );
#4007 = PCURVE('',#3922,#4008);
#4008 = DEFINITIONAL_REPRESENTATION('',(#4009),#4012);
#4009 = B_SPLINE_CURVE_WITH_KNOTS('',1,(#4010,#4011),.UNSPECIFIED.,.F.,
  .F.,(2,2),(0.762674802556,1.570796326795),.PIECEWISE_BEZIER_KNOTS.);
#4010 = CARTESIAN_POINT('',(6.28318530718,0.762674802556));
#4011 = CARTESIAN_POINT('',(6.28318530718,1.570796326795));
#4012 = ( GEOMETRIC_REPRESENTATION_CONTEXT(2) 
PARAMETRIC_REPRESENTATION_CONTEXT() REPRESENTATION_CONTEXT('2D SPACE',''
  ) );
#4013 = ORIENTED_EDGE('',*,*,#3907,.T.);
#4014 = ORIENTED_EDGE('',*,*,#3992,.T.);
#4015 = ORIENTED_EDGE('',*,*,#4016,.F.);
#4016 = EDGE_CURVE('',#3993,#3993,#4017,.T.);
#4017 = SURFACE_CURVE('',#4018,(#4023,#4030),.PCURVE_S1.);
#4018 = CIRCLE('',#4019,3.843102970676);
#4019 = AXIS2_PLACEMENT_3D('',#4020,#4021,#4022);
#4020 = CARTESIAN_POINT('',(0.,0.,0.));
#4021 = DIRECTION('',(0.,0.,1.));
#4022 = DIRECTION('',(1.,-6.123233995737E-17,0.));
#4023 = PCURVE('',#3922,#4024);
#4024 = DEFINITIONAL_REPRESENTATION('',(#4025),#4029);
#4025 = LINE('',#4026,#4027);
#4026 = CARTESIAN_POINT('',(0.,1.570796326795));
#4027 = VECTOR('',#4028,1.);
#4028 = DIRECTION('',(1.,0.));
#4029 = ( GEOMETRIC_REPRESENTATION_CONTEXT(2) 
PARAMETRIC_REPRESENTATION_CONTEXT() REPRESENTATION_CONTEXT('2D SPACE',''
  ) );
#4030 = PCURVE('',#4031,#4036);
#4031 = PLANE('',#4032);
#4032 = AXIS2_PLACEMENT_3D('',#4033,#4034,#4035);
#4033 = CARTESIAN_POINT('',(0.,0.,0.));
#4034 = DIRECTION('',(0.,0.,1.));
#4035 = DIRECTION('',(1.,0.,-0.));
#4036 = DEFINITIONAL_REPRESENTATION('',(#4037),#4041);
#4037 = CIRCLE('',#4038,3.843102970676);
#4038 = AXIS2_PLACEMENT_2D('',#4039,#4040);
#4039 = CARTESIAN_POINT('',(0.,0.));
#4040 = DIRECTION('',(1.,-6.123233995737E-17));
#4041 = ( GEOMETRIC_REPRESENTATION_CONTEXT(2) 
PARAMETRIC_REPRESENTATION_CONTEXT() REPRESENTATION_CONTEXT('2D SPACE',''
  ) );
#4042 = ADVANCED_FACE('',(#4043),#3975,.T.);
#4043 = FACE_BOUND('',#4044,.T.);
#4044 = EDGE_LOOP('',(#4045,#4067,#4094,#4095));
#4045 = ORIENTED_EDGE('',*,*,#4046,.F.);
#4046 = EDGE_CURVE('',#4047,#3938,#4049,.T.);
#4047 = VERTEX_POINT('',#4048);
#4048 = CARTESIAN_POINT('',(1.59,0.,-2.6));
#4049 = SEAM_CURVE('',#4050,(#4055,#4061),.PCURVE_S1.);
#4050 = CIRCLE('',#4051,0.55);
#4051 = AXIS2_PLACEMENT_3D('',#4052,#4053,#4054);
#4052 = CARTESIAN_POINT('',(1.59,0.,-3.15));
#4053 = DIRECTION('',(0.,-1.,0.));
#4054 = DIRECTION('',(1.,0.,0.));
#4055 = PCURVE('',#3975,#4056);
#4056 = DEFINITIONAL_REPRESENTATION('',(#4057),#4060);
#4057 = B_SPLINE_CURVE_WITH_KNOTS('',1,(#4058,#4059),.UNSPECIFIED.,.F.,
  .F.,(2,2),(1.570796326795,3.14159265359),.PIECEWISE_BEZIER_KNOTS.);
#4058 = CARTESIAN_POINT('',(0.,1.570796326795));
#4059 = CARTESIAN_POINT('',(0.,3.14159265359));
#4060 = ( GEOMETRIC_REPRESENTATION_CONTEXT(2) 
PARAMETRIC_REPRESENTATION_CONTEXT() REPRESENTATION_CONTEXT('2D SPACE',''
  ) );
#4061 = PCURVE('',#3975,#4062);
#4062 = DEFINITIONAL_REPRESENTATION('',(#4063),#4066);
#4063 = B_SPLINE_CURVE_WITH_KNOTS('',1,(#4064,#4065),.UNSPECIFIED.,.F.,
  .F.,(2,2),(1.570796326795,3.14159265359),.PIECEWISE_BEZIER_KNOTS.);
#4064 = CARTESIAN_POINT('',(6.28318530718,1.570796326795));
#4065 = CARTESIAN_POINT('',(6.28318530718,3.14159265359));
#4066 = ( GEOMETRIC_REPRESENTATION_CONTEXT(2) 
PARAMETRIC_REPRESENTATION_CONTEXT() REPRESENTATION_CONTEXT('2D SPACE',''
  ) );
#4067 = ORIENTED_EDGE('',*,*,#4068,.T.);
#4068 = EDGE_CURVE('',#4047,#4047,#4069,.T.);
#4069 = SURFACE_CURVE('',#4070,(#4075,#4082),.PCURVE_S1.);
#4070 = CIRCLE('',#4071,1.59);
#4071 = AXIS2_PLACEMENT_3D('',#4072,#4073,#4074);
#4072 = CARTESIAN_POINT('',(0.,0.,-2.6));
#4073 = DIRECTION('',(0.,0.,1.));
#4074 = DIRECTION('',(1.,0.,-0.));
#4075 = PCURVE('',#3975,#4076);
#4076 = DEFINITIONAL_REPRESENTATION('',(#4077),#4081);
#4077 = LINE('',#4078,#4079);
#4078 = CARTESIAN_POINT('',(0.,1.570796326795));
#4079 = VECTOR('',#4080,1.);
#4080 = DIRECTION('',(1.,0.));
#4081 = ( GEOMETRIC_REPRESENTATION_CONTEXT(2) 
PARAMETRIC_REPRESENTATION_CONTEXT() REPRESENTATION_CONTEXT('2D SPACE',''
  ) );
#4082 = PCURVE('',#4083,#4088);
#4083 = PLANE('',#4084);
#4084 = AXIS2_PLACEMENT_3D('',#4085,#4086,#4087);
#4085 = CARTESIAN_POINT('',(-1.753128375051E-16,-7.960204194458E-17,-2.6
    ));
#4086 = DIRECTION('',(0.,0.,1.));
#4087 = DIRECTION('',(1.,0.,-0.));
#4088 = DEFINITIONAL_REPRESENTATION('',(#4089),#4093);
#4089 = CIRCLE('',#4090,1.59);
#4090 = AXIS2_PLACEMENT_2D('',#4091,#4092);
#4091 = CARTESIAN_POINT('',(1.753128375051E-16,7.960204194458E-17));
#4092 = DIRECTION('',(1.,0.));
#4093 = ( GEOMETRIC_REPRESENTATION_CONTEXT(2) 
PARAMETRIC_REPRESENTATION_CONTEXT() REPRESENTATION_CONTEXT('2D SPACE',''
  ) );
#4094 = ORIENTED_EDGE('',*,*,#4046,.T.);
#4095 = ORIENTED_EDGE('',*,*,#3960,.F.);
#4096 = ADVANCED_FACE('',(#4097,#4100),#4031,.T.);
#4097 = FACE_BOUND('',#4098,.T.);
#4098 = EDGE_LOOP('',(#4099));
#4099 = ORIENTED_EDGE('',*,*,#4016,.T.);
#4100 = FACE_BOUND('',#4101,.T.);
#4101 = EDGE_LOOP('',(#4102,#4130,#4163,#4189));
#4102 = ORIENTED_EDGE('',*,*,#4103,.F.);
#4103 = EDGE_CURVE('',#4104,#4106,#4108,.T.);
#4104 = VERTEX_POINT('',#4105);
#4105 = CARTESIAN_POINT('',(1.05494075663,1.64,0.));
#4106 = VERTEX_POINT('',#4107);
#4107 = CARTESIAN_POINT('',(-1.05494075663,1.64,0.));
#4108 = SURFACE_CURVE('',#4109,(#4113,#4119),.PCURVE_S1.);
#4109 = LINE('',#4110,#4111);
#4110 = CARTESIAN_POINT('',(-0.527470378315,1.64,0.));
#4111 = VECTOR('',#4112,1.);
#4112 = DIRECTION('',(-1.,-0.,0.));
#4113 = PCURVE('',#4031,#4114);
#4114 = DEFINITIONAL_REPRESENTATION('',(#4115),#4118);
#4115 = B_SPLINE_CURVE_WITH_KNOTS('',1,(#4116,#4117),.UNSPECIFIED.,.F.,
  .F.,(2,2),(-1.582411134946,0.527470378315),.PIECEWISE_BEZIER_KNOTS.);
#4116 = CARTESIAN_POINT('',(1.05494075663,1.64));
#4117 = CARTESIAN_POINT('',(-1.05494075663,1.64));
#4118 = ( GEOMETRIC_REPRESENTATION_CONTEXT(2) 
PARAMETRIC_REPRESENTATION_CONTEXT() REPRESENTATION_CONTEXT('2D SPACE',''
  ) );
#4119 = PCURVE('',#4120,#4125);
#4120 = PLANE('',#4121);
#4121 = AXIS2_PLACEMENT_3D('',#4122,#4123,#4124);
#4122 = CARTESIAN_POINT('',(-1.05494075663,1.64,-2.6));
#4123 = DIRECTION('',(-0.,1.,0.));
#4124 = DIRECTION('',(1.,0.,-0.));
#4125 = DEFINITIONAL_REPRESENTATION('',(#4126),#4129);
#4126 = B_SPLINE_CURVE_WITH_KNOTS('',1,(#4127,#4128),.UNSPECIFIED.,.F.,
  .F.,(2,2),(-1.582411134946,0.527470378315),.PIECEWISE_BEZIER_KNOTS.);
#4127 = CARTESIAN_POINT('',(2.109881513261,-2.6));
#4128 = CARTESIAN_POINT('',(0.,-2.6));
#4129 = ( GEOMETRIC_REPRESENTATION_CONTEXT(2) 
PARAMETRIC_REPRESENTATION_CONTEXT() REPRESENTATION_CONTEXT('2D SPACE',''
  ) );
#4130 = ORIENTED_EDGE('',*,*,#4131,.T.);
#4131 = EDGE_CURVE('',#4104,#4132,#4134,.T.);
#4132 = VERTEX_POINT('',#4133);
#4133 = CARTESIAN_POINT('',(1.05494075663,-1.64,0.));
#4134 = SURFACE_CURVE('',#4135,(#4140,#4151),.PCURVE_S1.);
#4135 = CIRCLE('',#4136,1.95);
#4136 = AXIS2_PLACEMENT_3D('',#4137,#4138,#4139);
#4137 = CARTESIAN_POINT('',(0.,0.,0.));
#4138 = DIRECTION('',(0.,-0.,-1.));
#4139 = DIRECTION('',(0.54099525981,-0.841025641026,0.));
#4140 = PCURVE('',#4031,#4141);
#4141 = DEFINITIONAL_REPRESENTATION('',(#4142),#4150);
#4142 = ( BOUNDED_CURVE() B_SPLINE_CURVE(2,(#4143,#4144,#4145,#4146,
#4147,#4148,#4149),.UNSPECIFIED.,.T.,.F.) B_SPLINE_CURVE_WITH_KNOTS((1,2
    ,2,2,2,1),(-2.094395102393,0.,2.094395102393,4.188790204786,
6.28318530718,8.377580409573),.UNSPECIFIED.) CURVE() 
GEOMETRIC_REPRESENTATION_ITEM() RATIONAL_B_SPLINE_CURVE((1.,0.5,1.,0.5,
1.,0.5,1.)) REPRESENTATION_ITEM('') );
#4143 = CARTESIAN_POINT('',(1.05494075663,-1.64));
#4144 = CARTESIAN_POINT('',(-1.785622567783,-3.467210989459));
#4145 = CARTESIAN_POINT('',(-1.947752040522,-9.360549472941E-02));
#4146 = CARTESIAN_POINT('',(-2.109881513261,3.28));
#4147 = CARTESIAN_POINT('',(0.892811283891,1.733605494729));
#4148 = CARTESIAN_POINT('',(3.895504081043,0.187210989459));
#4149 = CARTESIAN_POINT('',(1.05494075663,-1.64));
#4150 = ( GEOMETRIC_REPRESENTATION_CONTEXT(2) 
PARAMETRIC_REPRESENTATION_CONTEXT() REPRESENTATION_CONTEXT('2D SPACE',''
  ) );
#4151 = PCURVE('',#4152,#4157);
#4152 = CYLINDRICAL_SURFACE('',#4153,1.95);
#4153 = AXIS2_PLACEMENT_3D('',#4154,#4155,#4156);
#4154 = CARTESIAN_POINT('',(0.,0.,-2.6));
#4155 = DIRECTION('',(-0.,-0.,-1.));
#4156 = DIRECTION('',(0.54099525981,-0.841025641026,0.));
#4157 = DEFINITIONAL_REPRESENTATION('',(#4158),#4162);
#4158 = LINE('',#4159,#4160);
#4159 = CARTESIAN_POINT('',(-6.28318530718,-2.6));
#4160 = VECTOR('',#4161,1.);
#4161 = DIRECTION('',(1.,-0.));
#4162 = ( GEOMETRIC_REPRESENTATION_CONTEXT(2) 
PARAMETRIC_REPRESENTATION_CONTEXT() REPRESENTATION_CONTEXT('2D SPACE',''
  ) );
#4163 = ORIENTED_EDGE('',*,*,#4164,.T.);
#4164 = EDGE_CURVE('',#4132,#4165,#4167,.T.);
#4165 = VERTEX_POINT('',#4166);
#4166 = CARTESIAN_POINT('',(-1.05494075663,-1.64,0.));
#4167 = SURFACE_CURVE('',#4168,(#4172,#4178),.PCURVE_S1.);
#4168 = LINE('',#4169,#4170);
#4169 = CARTESIAN_POINT('',(-0.527470378315,-1.64,0.));
#4170 = VECTOR('',#4171,1.);
#4171 = DIRECTION('',(-1.,-0.,0.));
#4172 = PCURVE('',#4031,#4173);
#4173 = DEFINITIONAL_REPRESENTATION('',(#4174),#4177);
#4174 = B_SPLINE_CURVE_WITH_KNOTS('',1,(#4175,#4176),.UNSPECIFIED.,.F.,
  .F.,(2,2),(-1.582411134946,0.527470378315),.PIECEWISE_BEZIER_KNOTS.);
#4175 = CARTESIAN_POINT('',(1.05494075663,-1.64));
#4176 = CARTESIAN_POINT('',(-1.05494075663,-1.64));
#4177 = ( GEOMETRIC_REPRESENTATION_CONTEXT(2) 
PARAMETRIC_REPRESENTATION_CONTEXT() REPRESENTATION_CONTEXT('2D SPACE',''
  ) );
#4178 = PCURVE('',#4179,#4184);
#4179 = PLANE('',#4180);
#4180 = AXIS2_PLACEMENT_3D('',#4181,#4182,#4183);
#4181 = CARTESIAN_POINT('',(-1.05494075663,-1.64,-2.6));
#4182 = DIRECTION('',(-0.,1.,0.));
#4183 = DIRECTION('',(1.,0.,-0.));
#4184 = DEFINITIONAL_REPRESENTATION('',(#4185),#4188);
#4185 = B_SPLINE_CURVE_WITH_KNOTS('',1,(#4186,#4187),.UNSPECIFIED.,.F.,
  .F.,(2,2),(-1.582411134946,0.527470378315),.PIECEWISE_BEZIER_KNOTS.);
#4186 = CARTESIAN_POINT('',(2.109881513261,-2.6));
#4187 = CARTESIAN_POINT('',(0.,-2.6));
#4188 = ( GEOMETRIC_REPRESENTATION_CONTEXT(2) 
PARAMETRIC_REPRESENTATION_CONTEXT() REPRESENTATION_CONTEXT('2D SPACE',''
  ) );
#4189 = ORIENTED_EDGE('',*,*,#4190,.T.);
#4190 = EDGE_CURVE('',#4165,#4106,#4191,.T.);
#4191 = SURFACE_CURVE('',#4192,(#4197,#4208),.PCURVE_S1.);
#4192 = CIRCLE('',#4193,1.95);
#4193 = AXIS2_PLACEMENT_3D('',#4194,#4195,#4196);
#4194 = CARTESIAN_POINT('',(0.,0.,0.));
#4195 = DIRECTION('',(0.,-0.,-1.));
#4196 = DIRECTION('',(1.,0.,-0.));
#4197 = PCURVE('',#4031,#4198);
#4198 = DEFINITIONAL_REPRESENTATION('',(#4199),#4207);
#4199 = ( BOUNDED_CURVE() B_SPLINE_CURVE(2,(#4200,#4201,#4202,#4203,
#4204,#4205,#4206),.UNSPECIFIED.,.T.,.F.) B_SPLINE_CURVE_WITH_KNOTS((1,2
    ,2,2,2,1),(-2.094395102393,0.,2.094395102393,4.188790204786,
6.28318530718,8.377580409573),.UNSPECIFIED.) CURVE() 
GEOMETRIC_REPRESENTATION_ITEM() RATIONAL_B_SPLINE_CURVE((1.,0.5,1.,0.5,
1.,0.5,1.)) REPRESENTATION_ITEM('') );
#4200 = CARTESIAN_POINT('',(1.95,0.));
#4201 = CARTESIAN_POINT('',(1.95,-3.377499074759));
#4202 = CARTESIAN_POINT('',(-0.975,-1.68874953738));
#4203 = CARTESIAN_POINT('',(-3.9,-4.776122516675E-16));
#4204 = CARTESIAN_POINT('',(-0.975,1.68874953738));
#4205 = CARTESIAN_POINT('',(1.95,3.377499074759));
#4206 = CARTESIAN_POINT('',(1.95,0.));
#4207 = ( GEOMETRIC_REPRESENTATION_CONTEXT(2) 
PARAMETRIC_REPRESENTATION_CONTEXT() REPRESENTATION_CONTEXT('2D SPACE',''
  ) );
#4208 = PCURVE('',#4209,#4214);
#4209 = CYLINDRICAL_SURFACE('',#4210,1.95);
#4210 = AXIS2_PLACEMENT_3D('',#4211,#4212,#4213);
#4211 = CARTESIAN_POINT('',(0.,0.,-2.6));
#4212 = DIRECTION('',(-0.,-0.,-1.));
#4213 = DIRECTION('',(1.,0.,-0.));
#4214 = DEFINITIONAL_REPRESENTATION('',(#4215),#4219);
#4215 = LINE('',#4216,#4217);
#4216 = CARTESIAN_POINT('',(-6.28318530718,-2.6));
#4217 = VECTOR('',#4218,1.);
#4218 = DIRECTION('',(1.,-0.));
#4219 = ( GEOMETRIC_REPRESENTATION_CONTEXT(2) 
PARAMETRIC_REPRESENTATION_CONTEXT() REPRESENTATION_CONTEXT('2D SPACE',''
  ) );
#4220 = ADVANCED_FACE('',(#4221,#4224),#4083,.T.);
#4221 = FACE_BOUND('',#4222,.T.);
#4222 = EDGE_LOOP('',(#4223));
#4223 = ORIENTED_EDGE('',*,*,#4068,.F.);
#4224 = FACE_BOUND('',#4225,.T.);
#4225 = EDGE_LOOP('',(#4226,#4252,#4275,#4299));
#4226 = ORIENTED_EDGE('',*,*,#4227,.T.);
#4227 = EDGE_CURVE('',#4228,#4230,#4232,.T.);
#4228 = VERTEX_POINT('',#4229);
#4229 = CARTESIAN_POINT('',(1.05494075663,-1.64,-2.6));
#4230 = VERTEX_POINT('',#4231);
#4231 = CARTESIAN_POINT('',(1.05494075663,1.64,-2.6));
#4232 = SURFACE_CURVE('',#4233,(#4238,#4245),.PCURVE_S1.);
#4233 = CIRCLE('',#4234,1.95);
#4234 = AXIS2_PLACEMENT_3D('',#4235,#4236,#4237);
#4235 = CARTESIAN_POINT('',(0.,0.,-2.6));
#4236 = DIRECTION('',(0.,0.,1.));
#4237 = DIRECTION('',(0.54099525981,-0.841025641026,0.));
#4238 = PCURVE('',#4083,#4239);
#4239 = DEFINITIONAL_REPRESENTATION('',(#4240),#4244);
#4240 = CIRCLE('',#4241,1.95);
#4241 = AXIS2_PLACEMENT_2D('',#4242,#4243);
#4242 = CARTESIAN_POINT('',(1.753128375051E-16,7.960204194458E-17));
#4243 = DIRECTION('',(0.54099525981,-0.841025641026));
#4244 = ( GEOMETRIC_REPRESENTATION_CONTEXT(2) 
PARAMETRIC_REPRESENTATION_CONTEXT() REPRESENTATION_CONTEXT('2D SPACE',''
  ) );
#4245 = PCURVE('',#4152,#4246);
#4246 = DEFINITIONAL_REPRESENTATION('',(#4247),#4251);
#4247 = LINE('',#4248,#4249);
#4248 = CARTESIAN_POINT('',(-0.,0.));
#4249 = VECTOR('',#4250,1.);
#4250 = DIRECTION('',(-1.,0.));
#4251 = ( GEOMETRIC_REPRESENTATION_CONTEXT(2) 
PARAMETRIC_REPRESENTATION_CONTEXT() REPRESENTATION_CONTEXT('2D SPACE',''
  ) );
#4252 = ORIENTED_EDGE('',*,*,#4253,.F.);
#4253 = EDGE_CURVE('',#4254,#4230,#4256,.T.);
#4254 = VERTEX_POINT('',#4255);
#4255 = CARTESIAN_POINT('',(-1.05494075663,1.64,-2.6));
#4256 = SURFACE_CURVE('',#4257,(#4261,#4268),.PCURVE_S1.);
#4257 = LINE('',#4258,#4259);
#4258 = CARTESIAN_POINT('',(0.,1.64,-2.6));
#4259 = VECTOR('',#4260,1.);
#4260 = DIRECTION('',(1.,0.,-0.));
#4261 = PCURVE('',#4083,#4262);
#4262 = DEFINITIONAL_REPRESENTATION('',(#4263),#4267);
#4263 = LINE('',#4264,#4265);
#4264 = CARTESIAN_POINT('',(1.753128375051E-16,1.64));
#4265 = VECTOR('',#4266,1.);
#4266 = DIRECTION('',(1.,0.));
#4267 = ( GEOMETRIC_REPRESENTATION_CONTEXT(2) 
PARAMETRIC_REPRESENTATION_CONTEXT() REPRESENTATION_CONTEXT('2D SPACE',''
  ) );
#4268 = PCURVE('',#4120,#4269);
#4269 = DEFINITIONAL_REPRESENTATION('',(#4270),#4274);
#4270 = LINE('',#4271,#4272);
#4271 = CARTESIAN_POINT('',(1.05494075663,0.));
#4272 = VECTOR('',#4273,1.);
#4273 = DIRECTION('',(1.,0.));
#4274 = ( GEOMETRIC_REPRESENTATION_CONTEXT(2) 
PARAMETRIC_REPRESENTATION_CONTEXT() REPRESENTATION_CONTEXT('2D SPACE',''
  ) );
#4275 = ORIENTED_EDGE('',*,*,#4276,.T.);
#4276 = EDGE_CURVE('',#4254,#4277,#4279,.T.);
#4277 = VERTEX_POINT('',#4278);
#4278 = CARTESIAN_POINT('',(-1.05494075663,-1.64,-2.6));
#4279 = SURFACE_CURVE('',#4280,(#4285,#4292),.PCURVE_S1.);
#4280 = CIRCLE('',#4281,1.95);
#4281 = AXIS2_PLACEMENT_3D('',#4282,#4283,#4284);
#4282 = CARTESIAN_POINT('',(0.,0.,-2.6));
#4283 = DIRECTION('',(0.,0.,1.));
#4284 = DIRECTION('',(1.,0.,-0.));
#4285 = PCURVE('',#4083,#4286);
#4286 = DEFINITIONAL_REPRESENTATION('',(#4287),#4291);
#4287 = CIRCLE('',#4288,1.95);
#4288 = AXIS2_PLACEMENT_2D('',#4289,#4290);
#4289 = CARTESIAN_POINT('',(1.753128375051E-16,7.960204194458E-17));
#4290 = DIRECTION('',(1.,0.));
#4291 = ( GEOMETRIC_REPRESENTATION_CONTEXT(2) 
PARAMETRIC_REPRESENTATION_CONTEXT() REPRESENTATION_CONTEXT('2D SPACE',''
  ) );
#4292 = PCURVE('',#4209,#4293);
#4293 = DEFINITIONAL_REPRESENTATION('',(#4294),#4298);
#4294 = LINE('',#4295,#4296);
#4295 = CARTESIAN_POINT('',(-0.,0.));
#4296 = VECTOR('',#4297,1.);
#4297 = DIRECTION('',(-1.,0.));
#4298 = ( GEOMETRIC_REPRESENTATION_CONTEXT(2) 
PARAMETRIC_REPRESENTATION_CONTEXT() REPRESENTATION_CONTEXT('2D SPACE',''
  ) );
#4299 = ORIENTED_EDGE('',*,*,#4300,.T.);
#4300 = EDGE_CURVE('',#4277,#4228,#4301,.T.);
#4301 = SURFACE_CURVE('',#4302,(#4306,#4313),.PCURVE_S1.);
#4302 = LINE('',#4303,#4304);
#4303 = CARTESIAN_POINT('',(0.,-1.64,-2.6));
#4304 = VECTOR('',#4305,1.);
#4305 = DIRECTION('',(1.,0.,-0.));
#4306 = PCURVE('',#4083,#4307);
#4307 = DEFINITIONAL_REPRESENTATION('',(#4308),#4312);
#4308 = LINE('',#4309,#4310);
#4309 = CARTESIAN_POINT('',(1.753128375051E-16,-1.64));
#4310 = VECTOR('',#4311,1.);
#4311 = DIRECTION('',(1.,0.));
#4312 = ( GEOMETRIC_REPRESENTATION_CONTEXT(2) 
PARAMETRIC_REPRESENTATION_CONTEXT() REPRESENTATION_CONTEXT('2D SPACE',''
  ) );
#4313 = PCURVE('',#4179,#4314);
#4314 = DEFINITIONAL_REPRESENTATION('',(#4315),#4319);
#4315 = LINE('',#4316,#4317);
#4316 = CARTESIAN_POINT('',(1.05494075663,0.));
#4317 = VECTOR('',#4318,1.);
#4318 = DIRECTION('',(1.,0.));
#4319 = ( GEOMETRIC_REPRESENTATION_CONTEXT(2) 
PARAMETRIC_REPRESENTATION_CONTEXT() REPRESENTATION_CONTEXT('2D SPACE',''
  ) );
#4320 = ADVANCED_FACE('',(#4321),#4120,.F.);
#4321 = FACE_BOUND('',#4322,.F.);
#4322 = EDGE_LOOP('',(#4323,#4324,#4345,#4346));
#4323 = ORIENTED_EDGE('',*,*,#4253,.F.);
#4324 = ORIENTED_EDGE('',*,*,#4325,.T.);
#4325 = EDGE_CURVE('',#4254,#4106,#4326,.T.);
#4326 = SURFACE_CURVE('',#4327,(#4331,#4338),.PCURVE_S1.);
#4327 = LINE('',#4328,#4329);
#4328 = CARTESIAN_POINT('',(-1.05494075663,1.64,-2.6));
#4329 = VECTOR('',#4330,1.);
#4330 = DIRECTION('',(0.,0.,1.));
#4331 = PCURVE('',#4120,#4332);
#4332 = DEFINITIONAL_REPRESENTATION('',(#4333),#4337);
#4333 = LINE('',#4334,#4335);
#4334 = CARTESIAN_POINT('',(0.,0.));
#4335 = VECTOR('',#4336,1.);
#4336 = DIRECTION('',(0.,-1.));
#4337 = ( GEOMETRIC_REPRESENTATION_CONTEXT(2) 
PARAMETRIC_REPRESENTATION_CONTEXT() REPRESENTATION_CONTEXT('2D SPACE',''
  ) );
#4338 = PCURVE('',#4209,#4339);
#4339 = DEFINITIONAL_REPRESENTATION('',(#4340),#4344);
#4340 = LINE('',#4341,#4342);
#4341 = CARTESIAN_POINT('',(-2.142416374592,0.));
#4342 = VECTOR('',#4343,1.);
#4343 = DIRECTION('',(-0.,-1.));
#4344 = ( GEOMETRIC_REPRESENTATION_CONTEXT(2) 
PARAMETRIC_REPRESENTATION_CONTEXT() REPRESENTATION_CONTEXT('2D SPACE',''
  ) );
#4345 = ORIENTED_EDGE('',*,*,#4103,.F.);
#4346 = ORIENTED_EDGE('',*,*,#4347,.F.);
#4347 = EDGE_CURVE('',#4230,#4104,#4348,.T.);
#4348 = SURFACE_CURVE('',#4349,(#4353,#4360),.PCURVE_S1.);
#4349 = LINE('',#4350,#4351);
#4350 = CARTESIAN_POINT('',(1.05494075663,1.64,-2.6));
#4351 = VECTOR('',#4352,1.);
#4352 = DIRECTION('',(0.,0.,1.));
#4353 = PCURVE('',#4120,#4354);
#4354 = DEFINITIONAL_REPRESENTATION('',(#4355),#4359);
#4355 = LINE('',#4356,#4357);
#4356 = CARTESIAN_POINT('',(2.109881513261,0.));
#4357 = VECTOR('',#4358,1.);
#4358 = DIRECTION('',(0.,-1.));
#4359 = ( GEOMETRIC_REPRESENTATION_CONTEXT(2) 
PARAMETRIC_REPRESENTATION_CONTEXT() REPRESENTATION_CONTEXT('2D SPACE',''
  ) );
#4360 = PCURVE('',#4152,#4361);
#4361 = DEFINITIONAL_REPRESENTATION('',(#4362),#4366);
#4362 = LINE('',#4363,#4364);
#4363 = CARTESIAN_POINT('',(-1.998352557996,0.));
#4364 = VECTOR('',#4365,1.);
#4365 = DIRECTION('',(-0.,-1.));
#4366 = ( GEOMETRIC_REPRESENTATION_CONTEXT(2) 
PARAMETRIC_REPRESENTATION_CONTEXT() REPRESENTATION_CONTEXT('2D SPACE',''
  ) );
#4367 = ADVANCED_FACE('',(#4368),#4209,.F.);
#4368 = FACE_BOUND('',#4369,.T.);
#4369 = EDGE_LOOP('',(#4370,#4371,#4372,#4373));
#4370 = ORIENTED_EDGE('',*,*,#4276,.F.);
#4371 = ORIENTED_EDGE('',*,*,#4325,.T.);
#4372 = ORIENTED_EDGE('',*,*,#4190,.F.);
#4373 = ORIENTED_EDGE('',*,*,#4374,.F.);
#4374 = EDGE_CURVE('',#4277,#4165,#4375,.T.);
#4375 = SURFACE_CURVE('',#4376,(#4380,#4387),.PCURVE_S1.);
#4376 = LINE('',#4377,#4378);
#4377 = CARTESIAN_POINT('',(-1.05494075663,-1.64,-2.6));
#4378 = VECTOR('',#4379,1.);
#4379 = DIRECTION('',(0.,0.,1.));
#4380 = PCURVE('',#4209,#4381);
#4381 = DEFINITIONAL_REPRESENTATION('',(#4382),#4386);
#4382 = LINE('',#4383,#4384);
#4383 = CARTESIAN_POINT('',(-4.140768932588,0.));
#4384 = VECTOR('',#4385,1.);
#4385 = DIRECTION('',(-0.,-1.));
#4386 = ( GEOMETRIC_REPRESENTATION_CONTEXT(2) 
PARAMETRIC_REPRESENTATION_CONTEXT() REPRESENTATION_CONTEXT('2D SPACE',''
  ) );
#4387 = PCURVE('',#4179,#4388);
#4388 = DEFINITIONAL_REPRESENTATION('',(#4389),#4393);
#4389 = LINE('',#4390,#4391);
#4390 = CARTESIAN_POINT('',(0.,0.));
#4391 = VECTOR('',#4392,1.);
#4392 = DIRECTION('',(0.,-1.));
#4393 = ( GEOMETRIC_REPRESENTATION_CONTEXT(2) 
PARAMETRIC_REPRESENTATION_CONTEXT() REPRESENTATION_CONTEXT('2D SPACE',''
  ) );
#4394 = ADVANCED_FACE('',(#4395),#4179,.T.);
#4395 = FACE_BOUND('',#4396,.T.);
#4396 = EDGE_LOOP('',(#4397,#4398,#4399,#4400));
#4397 = ORIENTED_EDGE('',*,*,#4300,.F.);
#4398 = ORIENTED_EDGE('',*,*,#4374,.T.);
#4399 = ORIENTED_EDGE('',*,*,#4164,.F.);
#4400 = ORIENTED_EDGE('',*,*,#4401,.F.);
#4401 = EDGE_CURVE('',#4228,#4132,#4402,.T.);
#4402 = SURFACE_CURVE('',#4403,(#4407,#4414),.PCURVE_S1.);
#4403 = LINE('',#4404,#4405);
#4404 = CARTESIAN_POINT('',(1.05494075663,-1.64,-2.6));
#4405 = VECTOR('',#4406,1.);
#4406 = DIRECTION('',(0.,0.,1.));
#4407 = PCURVE('',#4179,#4408);
#4408 = DEFINITIONAL_REPRESENTATION('',(#4409),#4413);
#4409 = LINE('',#4410,#4411);
#4410 = CARTESIAN_POINT('',(2.109881513261,0.));
#4411 = VECTOR('',#4412,1.);
#4412 = DIRECTION('',(0.,-1.));
#4413 = ( GEOMETRIC_REPRESENTATION_CONTEXT(2) 
PARAMETRIC_REPRESENTATION_CONTEXT() REPRESENTATION_CONTEXT('2D SPACE',''
  ) );
#4414 = PCURVE('',#4152,#4415);
#4415 = DEFINITIONAL_REPRESENTATION('',(#4416),#4420);
#4416 = LINE('',#4417,#4418);
#4417 = CARTESIAN_POINT('',(-0.,0.));
#4418 = VECTOR('',#4419,1.);
#4419 = DIRECTION('',(-0.,-1.));
#4420 = ( GEOMETRIC_REPRESENTATION_CONTEXT(2) 
PARAMETRIC_REPRESENTATION_CONTEXT() REPRESENTATION_CONTEXT('2D SPACE',''
  ) );
#4421 = ADVANCED_FACE('',(#4422),#4152,.F.);
#4422 = FACE_BOUND('',#4423,.T.);
#4423 = EDGE_LOOP('',(#4424,#4425,#4426,#4427));
#4424 = ORIENTED_EDGE('',*,*,#4227,.F.);
#4425 = ORIENTED_EDGE('',*,*,#4401,.T.);
#4426 = ORIENTED_EDGE('',*,*,#4131,.F.);
#4427 = ORIENTED_EDGE('',*,*,#4347,.F.);
#4428 = ( GEOMETRIC_REPRESENTATION_CONTEXT(3) 
GLOBAL_UNCERTAINTY_ASSIGNED_CONTEXT((#4432)) 
GLOBAL_UNIT_ASSIGNED_CONTEXT((#4429,#4430,#4431)) REPRESENTATION_CONTEXT
('Context #1','3D Context with UNIT and UNCERTAINTY') );
#4429 = ( LENGTH_UNIT() NAMED_UNIT(*) SI_UNIT(.MILLI.,.METRE.) );
#4430 = ( NAMED_UNIT(*) PLANE_ANGLE_UNIT() SI_UNIT($,.RADIAN.) );
#4431 = ( NAMED_UNIT(*) SI_UNIT($,.STERADIAN.) SOLID_ANGLE_UNIT() );
#4432 = UNCERTAINTY_MEASURE_WITH_UNIT(LENGTH_MEASURE(2.E-05),#4429,
  'distance_accuracy_value','confusion accuracy');
#4433 = CONTEXT_DEPENDENT_SHAPE_REPRESENTATION(#4434,#4436);
#4434 = ( REPRESENTATION_RELATIONSHIP('','',#32,#10) 
REPRESENTATION_RELATIONSHIP_WITH_TRANSFORMATION(#4435) 
SHAPE_REPRESENTATION_RELATIONSHIP() );
#4435 = ITEM_DEFINED_TRANSFORMATION('','',#11,#15);
#4436 = PRODUCT_DEFINITION_SHAPE('Placement','Placement of an item',
  #4437);
#4437 = NEXT_ASSEMBLY_USAGE_OCCURRENCE('1','=>[0:1:1:2]','',#5,#27,$);
#4438 = PRODUCT_RELATED_PRODUCT_CATEGORY('part',$,(#29));
ENDSEC;
END-ISO-10303-21;
